scenario_type,delay_min,missing_rate,noise,seed,tau_policy,mode,distance_m,truth_exposure,max_truth_risk,p95_truth_risk,high_risk_length_ratio,computation_ms,planning_ms,edge_ids
simulated_extreme,0,0.0,0.0,20260920,source_specific,risk,10361.510411375662,0.6304806802456153,0.8280776466145003,0.8219173776639992,0.381591638638449,95.91219999128953,15.904799976851791,"9706921350,9706921684,0;9706921684,9706921682,0;9706921682,9713848047,0;9713848047,9713848018,0;9713848018,9713848023,0;9713848023,12984979400,0;12984979400,9713848118,0;9713848118,9713848006,0;9713848006,9713847968,0;9713847968,9706921713,0;9706921713,9706921712,0;9706921712,9706921786,0;9706921786,9778914467,0;9778914467,9706887247,0;9706887247,9706857800,0;9706857800,9706857774,0;9706857774,9706857801,0;9706857801,9706857775,0;9706857775,9706857832,0;9706857832,9706857843,0;9706857843,7161807983,0;7161807983,7161812592,0;7161812592,499478563,0;499478563,499478564,0;499478564,7973114513,0;7973114513,7973099569,0;7973099569,7975273881,0;7975273881,7973099508,0;7973099508,7973099507,0;7973099507,7973114859,0;7973114859,8298792534,0;8298792534,8298792550,0;8298792550,7973114851,0;7973114851,7975286501,0;7975286501,8298792599,0;8298792599,1116501292,0;1116501292,7975286500,0;7975286500,1116501304,0;1116501304,7975286429,0;7975286429,7975286583,0;7975286583,7977056082,0;7977056082,7977056084,0;7977056084,7977050965,0;7977050965,7977056079,0;7977056079,7977056078,0;7977056078,7979256736,0;7979256736,7977056077,0;7977056077,7979256760,0;7979256760,8407048466,0;8407048466,2530277169,0;2530277169,13161326472,0;13161326472,7979256723,0;7979256723,7979924894,0;7979924894,7979918290,0;7979918290,7967831812,0;7967831812,279077946,0;279077946,564083084,0;564083084,5374860944,0;5374860944,5374860978,0;5374860978,5374861143,0;5374861143,9053077286,0;9053077286,13527622504,0;13527622504,13167173350,0;13167173350,13527622497,0;13527622497,564083093,0;564083093,6317320202,0;6317320202,564083165,0;564083165,13167173329,0;13167173329,6317320222,0;6317320222,6028645652,0;6028645652,2369336843,0;2369336843,2369336701,0;2369336701,12333484744,0;12333484744,2368579077,0;2368579077,2369336820,0;2369336820,2368578991,0;2368578991,8887740818,0;8887740818,9570709534,0;9570709534,2369336807,0;2369336807,2368578970,0;2368578970,6043430915,0;6043430915,4899192485,0;4899192485,564639012,0;564639012,564638925,0;564638925,504640818,0;504640818,504637096,0;504637096,2787061089,0;2787061089,2787061351,0;2787061351,2787061330,0;2787061330,11155489650,0;11155489650,2787061341,0;2787061341,2787061167,0"
simulated_extreme,0,0.0,0.0,20260920,source_specific,risk_uncertainty,10361.510411375662,0.6304806802456153,0.8280776466145003,0.8219173776639992,0.381591638638449,96.2316999793984,16.224299964960665,"9706921350,9706921684,0;9706921684,9706921682,0;9706921682,9713848047,0;9713848047,9713848018,0;9713848018,9713848023,0;9713848023,12984979400,0;12984979400,9713848118,0;9713848118,9713848006,0;9713848006,9713847968,0;9713847968,9706921713,0;9706921713,9706921712,0;9706921712,9706921786,0;9706921786,9778914467,0;9778914467,9706887247,0;9706887247,9706857800,0;9706857800,9706857774,0;9706857774,9706857801,0;9706857801,9706857775,0;9706857775,9706857832,0;9706857832,9706857843,0;9706857843,7161807983,0;7161807983,7161812592,0;7161812592,499478563,0;499478563,499478564,0;499478564,7973114513,0;7973114513,7973099569,0;7973099569,7975273881,0;7975273881,7973099508,0;7973099508,7973099507,0;7973099507,7973114859,0;7973114859,8298792534,0;8298792534,8298792550,0;8298792550,7973114851,0;7973114851,7975286501,0;7975286501,8298792599,0;8298792599,1116501292,0;1116501292,7975286500,0;7975286500,1116501304,0;1116501304,7975286429,0;7975286429,7975286583,0;7975286583,7977056082,0;7977056082,7977056084,0;7977056084,7977050965,0;7977050965,7977056079,0;7977056079,7977056078,0;7977056078,7979256736,0;7979256736,7977056077,0;7977056077,7979256760,0;7979256760,8407048466,0;8407048466,2530277169,0;2530277169,13161326472,0;13161326472,7979256723,0;7979256723,7979924894,0;7979924894,7979918290,0;7979918290,7967831812,0;7967831812,279077946,0;279077946,564083084,0;564083084,5374860944,0;5374860944,5374860978,0;5374860978,5374861143,0;5374861143,9053077286,0;9053077286,13527622504,0;13527622504,13167173350,0;13167173350,13527622497,0;13527622497,564083093,0;564083093,6317320202,0;6317320202,564083165,0;564083165,13167173329,0;13167173329,6317320222,0;6317320222,6028645652,0;6028645652,2369336843,0;2369336843,2369336701,0;2369336701,12333484744,0;12333484744,2368579077,0;2368579077,2369336820,0;2369336820,2368578991,0;2368578991,8887740818,0;8887740818,9570709534,0;9570709534,2369336807,0;2369336807,2368578970,0;2368578970,6043430915,0;6043430915,4899192485,0;4899192485,564639012,0;564639012,564638925,0;564638925,504640818,0;504640818,504637096,0;504637096,2787061089,0;2787061089,2787061351,0;2787061351,2787061330,0;2787061330,11155489650,0;11155489650,2787061341,0;2787061341,2787061167,0"
simulated_extreme,0,0.0,0.0,20260920,source_specific,shortest,10279.902722198703,0.6421914589263749,0.8280776466145003,0.8190917470674244,0.42948322884636647,94.79720005765557,14.789800043217838,"9706921350,9706921684,0;9706921684,9706921682,0;9706921682,9713848047,0;9713848047,9713848018,0;9713848018,9713848023,0;9713848023,12984979400,0;12984979400,9713848118,0;9713848118,9713848006,0;9713848006,9713847968,0;9713847968,9706921713,0;9706921713,9706921712,0;9706921712,9706921786,0;9706921786,9778914467,0;9778914467,9706887247,0;9706887247,9706857800,0;9706857800,9706857774,0;9706857774,9706857801,0;9706857801,9706857775,0;9706857775,9706857832,0;9706857832,9706857843,0;9706857843,7161807983,0;7161807983,7161812592,0;7161812592,499478563,0;499478563,499478564,0;499478564,7973114513,0;7973114513,7973099569,0;7973099569,7975273881,0;7975273881,7973099508,0;7973099508,7973099507,0;7973099507,7973114859,0;7973114859,8298792534,0;8298792534,8298792550,0;8298792550,7973114851,0;7973114851,7975286501,0;7975286501,8298792599,0;8298792599,1116501292,0;1116501292,7975286500,0;7975286500,1116501304,0;1116501304,1116501296,0;1116501296,7977050964,0;7977050964,7977056084,0;7977056084,7977050965,0;7977050965,7977056079,0;7977056079,7979256640,0;7979256640,7979256626,0;7979256626,7979256668,0;7979256668,7977056101,0;7977056101,7967831807,0;7967831807,7967774259,0;7967774259,503464976,0;503464976,7961771680,0;7961771680,1116492807,0;1116492807,7967774262,0;7967774262,503464985,0;503464985,2530277199,0;2530277199,564083084,0;564083084,5374860944,0;5374860944,5374860978,0;5374860978,5374861143,0;5374861143,9053077286,0;9053077286,13527622504,0;13527622504,13167173350,0;13167173350,13527622497,0;13527622497,564083093,0;564083093,6317320202,0;6317320202,564083165,0;564083165,13167173329,0;13167173329,6317320222,0;6317320222,6028645652,0;6028645652,2369336843,0;2369336843,2369336701,0;2369336701,12333484744,0;12333484744,2368579077,0;2368579077,2369336820,0;2369336820,2368578991,0;2368578991,8887740818,0;8887740818,8887717116,0;8887717116,6043430915,0;6043430915,4899192485,0;4899192485,564639012,0;564639012,564638925,0;564638925,504640818,0;504640818,504637096,0;504637096,2787061089,0;2787061089,564641522,0;564641522,11155489649,0;11155489649,11155489650,0;11155489650,2787061341,0;2787061341,2787061167,0"
simulated_extreme,0,0.0,0.0,20260920,source_specific,trusted,10361.510411375662,0.6304806802456153,0.8280776466145003,0.8219173776639992,0.381591638638449,95.29450006084517,15.287100046407431,"9706921350,9706921684,0;9706921684,9706921682,0;9706921682,9713848047,0;9713848047,9713848018,0;9713848018,9713848023,0;9713848023,12984979400,0;12984979400,9713848118,0;9713848118,9713848006,0;9713848006,9713847968,0;9713847968,9706921713,0;9706921713,9706921712,0;9706921712,9706921786,0;9706921786,9778914467,0;9778914467,9706887247,0;9706887247,9706857800,0;9706857800,9706857774,0;9706857774,9706857801,0;9706857801,9706857775,0;9706857775,9706857832,0;9706857832,9706857843,0;9706857843,7161807983,0;7161807983,7161812592,0;7161812592,499478563,0;499478563,499478564,0;499478564,7973114513,0;7973114513,7973099569,0;7973099569,7975273881,0;7975273881,7973099508,0;7973099508,7973099507,0;7973099507,7973114859,0;7973114859,8298792534,0;8298792534,8298792550,0;8298792550,7973114851,0;7973114851,7975286501,0;7975286501,8298792599,0;8298792599,1116501292,0;1116501292,7975286500,0;7975286500,1116501304,0;1116501304,7975286429,0;7975286429,7975286583,0;7975286583,7977056082,0;7977056082,7977056084,0;7977056084,7977050965,0;7977050965,7977056079,0;7977056079,7977056078,0;7977056078,7979256736,0;7979256736,7977056077,0;7977056077,7979256760,0;7979256760,8407048466,0;8407048466,2530277169,0;2530277169,13161326472,0;13161326472,7979256723,0;7979256723,7979924894,0;7979924894,7979918290,0;7979918290,7967831812,0;7967831812,279077946,0;279077946,564083084,0;564083084,5374860944,0;5374860944,5374860978,0;5374860978,5374861143,0;5374861143,9053077286,0;9053077286,13527622504,0;13527622504,13167173350,0;13167173350,13527622497,0;13527622497,564083093,0;564083093,6317320202,0;6317320202,564083165,0;564083165,13167173329,0;13167173329,6317320222,0;6317320222,6028645652,0;6028645652,2369336843,0;2369336843,2369336701,0;2369336701,12333484744,0;12333484744,2368579077,0;2368579077,2369336820,0;2369336820,2368578991,0;2368578991,8887740818,0;8887740818,9570709534,0;9570709534,2369336807,0;2369336807,2368578970,0;2368578970,6043430915,0;6043430915,4899192485,0;4899192485,564639012,0;564639012,564638925,0;564638925,504640818,0;504640818,504637096,0;504637096,2787061089,0;2787061089,2787061351,0;2787061351,2787061330,0;2787061330,11155489650,0;11155489650,2787061341,0;2787061341,2787061167,0"
simulated_extreme,0,0.0,0.0,20260920,universal,risk,10361.510411375662,0.6304806802456153,0.8280776466145003,0.8219173776639992,0.381591638638449,94.44729995448142,15.497799962759018,"9706921350,9706921684,0;9706921684,9706921682,0;9706921682,9713848047,0;9713848047,9713848018,0;9713848018,9713848023,0;9713848023,12984979400,0;12984979400,9713848118,0;9713848118,9713848006,0;9713848006,9713847968,0;9713847968,9706921713,0;9706921713,9706921712,0;9706921712,9706921786,0;9706921786,9778914467,0;9778914467,9706887247,0;9706887247,9706857800,0;9706857800,9706857774,0;9706857774,9706857801,0;9706857801,9706857775,0;9706857775,9706857832,0;9706857832,9706857843,0;9706857843,7161807983,0;7161807983,7161812592,0;7161812592,499478563,0;499478563,499478564,0;499478564,7973114513,0;7973114513,7973099569,0;7973099569,7975273881,0;7975273881,7973099508,0;7973099508,7973099507,0;7973099507,7973114859,0;7973114859,8298792534,0;8298792534,8298792550,0;8298792550,7973114851,0;7973114851,7975286501,0;7975286501,8298792599,0;8298792599,1116501292,0;1116501292,7975286500,0;7975286500,1116501304,0;1116501304,7975286429,0;7975286429,7975286583,0;7975286583,7977056082,0;7977056082,7977056084,0;7977056084,7977050965,0;7977050965,7977056079,0;7977056079,7977056078,0;7977056078,7979256736,0;7979256736,7977056077,0;7977056077,7979256760,0;7979256760,8407048466,0;8407048466,2530277169,0;2530277169,13161326472,0;13161326472,7979256723,0;7979256723,7979924894,0;7979924894,7979918290,0;7979918290,7967831812,0;7967831812,279077946,0;279077946,564083084,0;564083084,5374860944,0;5374860944,5374860978,0;5374860978,5374861143,0;5374861143,9053077286,0;9053077286,13527622504,0;13527622504,13167173350,0;13167173350,13527622497,0;13527622497,564083093,0;564083093,6317320202,0;6317320202,564083165,0;564083165,13167173329,0;13167173329,6317320222,0;6317320222,6028645652,0;6028645652,2369336843,0;2369336843,2369336701,0;2369336701,12333484744,0;12333484744,2368579077,0;2368579077,2369336820,0;2369336820,2368578991,0;2368578991,8887740818,0;8887740818,9570709534,0;9570709534,2369336807,0;2369336807,2368578970,0;2368578970,6043430915,0;6043430915,4899192485,0;4899192485,564639012,0;564639012,564638925,0;564638925,504640818,0;504640818,504637096,0;504637096,2787061089,0;2787061089,2787061351,0;2787061351,2787061330,0;2787061330,11155489650,0;11155489650,2787061341,0;2787061341,2787061167,0"
simulated_extreme,0,0.0,0.0,20260920,universal,risk_uncertainty,10361.510411375662,0.6304806802456153,0.8280776466145003,0.8219173776639992,0.381591638638449,95.38130002329126,16.431800031568855,"9706921350,9706921684,0;9706921684,9706921682,0;9706921682,9713848047,0;9713848047,9713848018,0;9713848018,9713848023,0;9713848023,12984979400,0;12984979400,9713848118,0;9713848118,9713848006,0;9713848006,9713847968,0;9713847968,9706921713,0;9706921713,9706921712,0;9706921712,9706921786,0;9706921786,9778914467,0;9778914467,9706887247,0;9706887247,9706857800,0;9706857800,9706857774,0;9706857774,9706857801,0;9706857801,9706857775,0;9706857775,9706857832,0;9706857832,9706857843,0;9706857843,7161807983,0;7161807983,7161812592,0;7161812592,499478563,0;499478563,499478564,0;499478564,7973114513,0;7973114513,7973099569,0;7973099569,7975273881,0;7975273881,7973099508,0;7973099508,7973099507,0;7973099507,7973114859,0;7973114859,8298792534,0;8298792534,8298792550,0;8298792550,7973114851,0;7973114851,7975286501,0;7975286501,8298792599,0;8298792599,1116501292,0;1116501292,7975286500,0;7975286500,1116501304,0;1116501304,7975286429,0;7975286429,7975286583,0;7975286583,7977056082,0;7977056082,7977056084,0;7977056084,7977050965,0;7977050965,7977056079,0;7977056079,7977056078,0;7977056078,7979256736,0;7979256736,7977056077,0;7977056077,7979256760,0;7979256760,8407048466,0;8407048466,2530277169,0;2530277169,13161326472,0;13161326472,7979256723,0;7979256723,7979924894,0;7979924894,7979918290,0;7979918290,7967831812,0;7967831812,279077946,0;279077946,564083084,0;564083084,5374860944,0;5374860944,5374860978,0;5374860978,5374861143,0;5374861143,9053077286,0;9053077286,13527622504,0;13527622504,13167173350,0;13167173350,13527622497,0;13527622497,564083093,0;564083093,6317320202,0;6317320202,564083165,0;564083165,13167173329,0;13167173329,6317320222,0;6317320222,6028645652,0;6028645652,2369336843,0;2369336843,2369336701,0;2369336701,12333484744,0;12333484744,2368579077,0;2368579077,2369336820,0;2369336820,2368578991,0;2368578991,8887740818,0;8887740818,9570709534,0;9570709534,2369336807,0;2369336807,2368578970,0;2368578970,6043430915,0;6043430915,4899192485,0;4899192485,564639012,0;564639012,564638925,0;564638925,504640818,0;504640818,504637096,0;504637096,2787061089,0;2787061089,2787061351,0;2787061351,2787061330,0;2787061330,11155489650,0;11155489650,2787061341,0;2787061341,2787061167,0"
simulated_extreme,0,0.0,0.0,20260920,universal,shortest,10279.902722198703,0.6421914589263749,0.8280776466145003,0.8190917470674244,0.42948322884636647,94.17759999632835,15.228100004605949,"9706921350,9706921684,0;9706921684,9706921682,0;9706921682,9713848047,0;9713848047,9713848018,0;9713848018,9713848023,0;9713848023,12984979400,0;12984979400,9713848118,0;9713848118,9713848006,0;9713848006,9713847968,0;9713847968,9706921713,0;9706921713,9706921712,0;9706921712,9706921786,0;9706921786,9778914467,0;9778914467,9706887247,0;9706887247,9706857800,0;9706857800,9706857774,0;9706857774,9706857801,0;9706857801,9706857775,0;9706857775,9706857832,0;9706857832,9706857843,0;9706857843,7161807983,0;7161807983,7161812592,0;7161812592,499478563,0;499478563,499478564,0;499478564,7973114513,0;7973114513,7973099569,0;7973099569,7975273881,0;7975273881,7973099508,0;7973099508,7973099507,0;7973099507,7973114859,0;7973114859,8298792534,0;8298792534,8298792550,0;8298792550,7973114851,0;7973114851,7975286501,0;7975286501,8298792599,0;8298792599,1116501292,0;1116501292,7975286500,0;7975286500,1116501304,0;1116501304,1116501296,0;1116501296,7977050964,0;7977050964,7977056084,0;7977056084,7977050965,0;7977050965,7977056079,0;7977056079,7979256640,0;7979256640,7979256626,0;7979256626,7979256668,0;7979256668,7977056101,0;7977056101,7967831807,0;7967831807,7967774259,0;7967774259,503464976,0;503464976,7961771680,0;7961771680,1116492807,0;1116492807,7967774262,0;7967774262,503464985,0;503464985,2530277199,0;2530277199,564083084,0;564083084,5374860944,0;5374860944,5374860978,0;5374860978,5374861143,0;5374861143,9053077286,0;9053077286,13527622504,0;13527622504,13167173350,0;13167173350,13527622497,0;13527622497,564083093,0;564083093,6317320202,0;6317320202,564083165,0;564083165,13167173329,0;13167173329,6317320222,0;6317320222,6028645652,0;6028645652,2369336843,0;2369336843,2369336701,0;2369336701,12333484744,0;12333484744,2368579077,0;2368579077,2369336820,0;2369336820,2368578991,0;2368578991,8887740818,0;8887740818,8887717116,0;8887717116,6043430915,0;6043430915,4899192485,0;4899192485,564639012,0;564639012,564638925,0;564638925,504640818,0;504640818,504637096,0;504637096,2787061089,0;2787061089,564641522,0;564641522,11155489649,0;11155489649,11155489650,0;11155489650,2787061341,0;2787061341,2787061167,0"
simulated_extreme,0,0.0,0.0,20260920,universal,trusted,10361.510411375662,0.6304806802456153,0.8280776466145003,0.8219173776639992,0.381591638638449,94.84119998523965,15.89169999351725,"9706921350,9706921684,0;9706921684,9706921682,0;9706921682,9713848047,0;9713848047,9713848018,0;9713848018,9713848023,0;9713848023,12984979400,0;12984979400,9713848118,0;9713848118,9713848006,0;9713848006,9713847968,0;9713847968,9706921713,0;9706921713,9706921712,0;9706921712,9706921786,0;9706921786,9778914467,0;9778914467,9706887247,0;9706887247,9706857800,0;9706857800,9706857774,0;9706857774,9706857801,0;9706857801,9706857775,0;9706857775,9706857832,0;9706857832,9706857843,0;9706857843,7161807983,0;7161807983,7161812592,0;7161812592,499478563,0;499478563,499478564,0;499478564,7973114513,0;7973114513,7973099569,0;7973099569,7975273881,0;7975273881,7973099508,0;7973099508,7973099507,0;7973099507,7973114859,0;7973114859,8298792534,0;8298792534,8298792550,0;8298792550,7973114851,0;7973114851,7975286501,0;7975286501,8298792599,0;8298792599,1116501292,0;1116501292,7975286500,0;7975286500,1116501304,0;1116501304,7975286429,0;7975286429,7975286583,0;7975286583,7977056082,0;7977056082,7977056084,0;7977056084,7977050965,0;7977050965,7977056079,0;7977056079,7977056078,0;7977056078,7979256736,0;7979256736,7977056077,0;7977056077,7979256760,0;7979256760,8407048466,0;8407048466,2530277169,0;2530277169,13161326472,0;13161326472,7979256723,0;7979256723,7979924894,0;7979924894,7979918290,0;7979918290,7967831812,0;7967831812,279077946,0;279077946,564083084,0;564083084,5374860944,0;5374860944,5374860978,0;5374860978,5374861143,0;5374861143,9053077286,0;9053077286,13527622504,0;13527622504,13167173350,0;13167173350,13527622497,0;13527622497,564083093,0;564083093,6317320202,0;6317320202,564083165,0;564083165,13167173329,0;13167173329,6317320222,0;6317320222,6028645652,0;6028645652,2369336843,0;2369336843,2369336701,0;2369336701,12333484744,0;12333484744,2368579077,0;2368579077,2369336820,0;2369336820,2368578991,0;2368578991,8887740818,0;8887740818,9570709534,0;9570709534,2369336807,0;2369336807,2368578970,0;2368578970,6043430915,0;6043430915,4899192485,0;4899192485,564639012,0;564639012,564638925,0;564638925,504640818,0;504640818,504637096,0;504637096,2787061089,0;2787061089,2787061351,0;2787061351,2787061330,0;2787061330,11155489650,0;11155489650,2787061341,0;2787061341,2787061167,0"
simulated_extreme,0,0.0,0.1,20260930,source_specific,risk,10297.182344079098,0.6370087923684875,0.8280776466145003,0.8219173776639992,0.4311778653622655,94.81239994056523,14.431099989451468,"9706921350,9706921684,0;9706921684,9706921682,0;9706921682,9713848047,0;9713848047,9713848018,0;9713848018,9713848023,0;9713848023,12984979400,0;12984979400,9713848118,0;9713848118,9713848006,0;9713848006,9713847968,0;9713847968,9706921713,0;9706921713,9706921712,0;9706921712,9706921786,0;9706921786,9778914467,0;9778914467,9706887247,0;9706887247,9706857800,0;9706857800,9706857774,0;9706857774,9706857801,0;9706857801,9706857775,0;9706857775,9706857832,0;9706857832,9706857843,0;9706857843,7161807983,0;7161807983,7161812592,0;7161812592,499478563,0;499478563,499478564,0;499478564,7973114513,0;7973114513,7973099569,0;7973099569,7975273881,0;7975273881,7973099508,0;7973099508,7973099507,0;7973099507,7973114859,0;7973114859,8298792534,0;8298792534,8298792550,0;8298792550,7973114851,0;7973114851,7975286501,0;7975286501,8298792599,0;8298792599,1116501292,0;1116501292,7975286500,0;7975286500,1116501304,0;1116501304,7975286429,0;7975286429,7975286583,0;7975286583,7977056082,0;7977056082,7977056084,0;7977056084,7977050965,0;7977050965,7977056079,0;7977056079,7979256640,0;7979256640,7979256626,0;7979256626,7979256668,0;7979256668,7977056101,0;7977056101,7967831807,0;7967831807,7967774259,0;7967774259,503464976,0;503464976,7961771680,0;7961771680,1116492807,0;1116492807,7967774262,0;7967774262,503464985,0;503464985,2530277199,0;2530277199,564083084,0;564083084,5374860944,0;5374860944,5374860978,0;5374860978,5374861143,0;5374861143,9053077286,0;9053077286,13527622504,0;13527622504,13167173350,0;13167173350,13527622497,0;13527622497,564083093,0;564083093,6317320202,0;6317320202,564083165,0;564083165,13167173329,0;13167173329,6317320222,0;6317320222,6028645652,0;6028645652,2369336843,0;2369336843,2369336701,0;2369336701,12333484744,0;12333484744,2368579077,0;2368579077,2369336820,0;2369336820,2368578991,0;2368578991,8887740818,0;8887740818,9570709534,0;9570709534,2369336807,0;2369336807,2368578970,0;2368578970,6043430915,0;6043430915,4899192485,0;4899192485,564639012,0;564639012,564638925,0;564638925,504640818,0;504640818,504637096,0;504637096,2787061089,0;2787061089,2787061351,0;2787061351,2787061330,0;2787061330,11155489650,0;11155489650,2787061341,0;2787061341,2787061167,0"
simulated_extreme,0,0.0,0.1,20260930,source_specific,risk_uncertainty,10297.182344079098,0.6370087923684875,0.8280776466145003,0.8219173776639992,0.4311778653622655,95.43609997490421,15.054800023790449,"9706921350,9706921684,0;9706921684,9706921682,0;9706921682,9713848047,0;9713848047,9713848018,0;9713848018,9713848023,0;9713848023,12984979400,0;12984979400,9713848118,0;9713848118,9713848006,0;9713848006,9713847968,0;9713847968,9706921713,0;9706921713,9706921712,0;9706921712,9706921786,0;9706921786,9778914467,0;9778914467,9706887247,0;9706887247,9706857800,0;9706857800,9706857774,0;9706857774,9706857801,0;9706857801,9706857775,0;9706857775,9706857832,0;9706857832,9706857843,0;9706857843,7161807983,0;7161807983,7161812592,0;7161812592,499478563,0;499478563,499478564,0;499478564,7973114513,0;7973114513,7973099569,0;7973099569,7975273881,0;7975273881,7973099508,0;7973099508,7973099507,0;7973099507,7973114859,0;7973114859,8298792534,0;8298792534,8298792550,0;8298792550,7973114851,0;7973114851,7975286501,0;7975286501,8298792599,0;8298792599,1116501292,0;1116501292,7975286500,0;7975286500,1116501304,0;1116501304,7975286429,0;7975286429,7975286583,0;7975286583,7977056082,0;7977056082,7977056084,0;7977056084,7977050965,0;7977050965,7977056079,0;7977056079,7979256640,0;7979256640,7979256626,0;7979256626,7979256668,0;7979256668,7977056101,0;7977056101,7967831807,0;7967831807,7967774259,0;7967774259,503464976,0;503464976,7961771680,0;7961771680,1116492807,0;1116492807,7967774262,0;7967774262,503464985,0;503464985,2530277199,0;2530277199,564083084,0;564083084,5374860944,0;5374860944,5374860978,0;5374860978,5374861143,0;5374861143,9053077286,0;9053077286,13527622504,0;13527622504,13167173350,0;13167173350,13527622497,0;13527622497,564083093,0;564083093,6317320202,0;6317320202,564083165,0;564083165,13167173329,0;13167173329,6317320222,0;6317320222,6028645652,0;6028645652,2369336843,0;2369336843,2369336701,0;2369336701,12333484744,0;12333484744,2368579077,0;2368579077,2369336820,0;2369336820,2368578991,0;2368578991,8887740818,0;8887740818,9570709534,0;9570709534,2369336807,0;2369336807,2368578970,0;2368578970,6043430915,0;6043430915,4899192485,0;4899192485,564639012,0;564639012,564638925,0;564638925,504640818,0;504640818,504637096,0;504637096,2787061089,0;2787061089,2787061351,0;2787061351,2787061330,0;2787061330,11155489650,0;11155489650,2787061341,0;2787061341,2787061167,0"
simulated_extreme,0,0.0,0.1,20260930,source_specific,shortest,10279.902722198703,0.6421914589263749,0.8280776466145003,0.8190917470674244,0.42948322884636647,95.78599996166304,15.404700010549277,"9706921350,9706921684,0;9706921684,9706921682,0;9706921682,9713848047,0;9713848047,9713848018,0;9713848018,9713848023,0;9713848023,12984979400,0;12984979400,9713848118,0;9713848118,9713848006,0;9713848006,9713847968,0;9713847968,9706921713,0;9706921713,9706921712,0;9706921712,9706921786,0;9706921786,9778914467,0;9778914467,9706887247,0;9706887247,9706857800,0;9706857800,9706857774,0;9706857774,9706857801,0;9706857801,9706857775,0;9706857775,9706857832,0;9706857832,9706857843,0;9706857843,7161807983,0;7161807983,7161812592,0;7161812592,499478563,0;499478563,499478564,0;499478564,7973114513,0;7973114513,7973099569,0;7973099569,7975273881,0;7975273881,7973099508,0;7973099508,7973099507,0;7973099507,7973114859,0;7973114859,8298792534,0;8298792534,8298792550,0;8298792550,7973114851,0;7973114851,7975286501,0;7975286501,8298792599,0;8298792599,1116501292,0;1116501292,7975286500,0;7975286500,1116501304,0;1116501304,1116501296,0;1116501296,7977050964,0;7977050964,7977056084,0;7977056084,7977050965,0;7977050965,7977056079,0;7977056079,7979256640,0;7979256640,7979256626,0;7979256626,7979256668,0;7979256668,7977056101,0;7977056101,7967831807,0;7967831807,7967774259,0;7967774259,503464976,0;503464976,7961771680,0;7961771680,1116492807,0;1116492807,7967774262,0;7967774262,503464985,0;503464985,2530277199,0;2530277199,564083084,0;564083084,5374860944,0;5374860944,5374860978,0;5374860978,5374861143,0;5374861143,9053077286,0;9053077286,13527622504,0;13527622504,13167173350,0;13167173350,13527622497,0;13527622497,564083093,0;564083093,6317320202,0;6317320202,564083165,0;564083165,13167173329,0;13167173329,6317320222,0;6317320222,6028645652,0;6028645652,2369336843,0;2369336843,2369336701,0;2369336701,12333484744,0;12333484744,2368579077,0;2368579077,2369336820,0;2369336820,2368578991,0;2368578991,8887740818,0;8887740818,8887717116,0;8887717116,6043430915,0;6043430915,4899192485,0;4899192485,564639012,0;564639012,564638925,0;564638925,504640818,0;504640818,504637096,0;504637096,2787061089,0;2787061089,564641522,0;564641522,11155489649,0;11155489649,11155489650,0;11155489650,2787061341,0;2787061341,2787061167,0"
simulated_extreme,0,0.0,0.1,20260930,source_specific,trusted,10297.182344079098,0.6370087923684875,0.8280776466145003,0.8219173776639992,0.4311778653622655,95.6907999352552,15.30949998414144,"9706921350,9706921684,0;9706921684,9706921682,0;9706921682,9713848047,0;9713848047,9713848018,0;9713848018,9713848023,0;9713848023,12984979400,0;12984979400,9713848118,0;9713848118,9713848006,0;9713848006,9713847968,0;9713847968,9706921713,0;9706921713,9706921712,0;9706921712,9706921786,0;9706921786,9778914467,0;9778914467,9706887247,0;9706887247,9706857800,0;9706857800,9706857774,0;9706857774,9706857801,0;9706857801,9706857775,0;9706857775,9706857832,0;9706857832,9706857843,0;9706857843,7161807983,0;7161807983,7161812592,0;7161812592,499478563,0;499478563,499478564,0;499478564,7973114513,0;7973114513,7973099569,0;7973099569,7975273881,0;7975273881,7973099508,0;7973099508,7973099507,0;7973099507,7973114859,0;7973114859,8298792534,0;8298792534,8298792550,0;8298792550,7973114851,0;7973114851,7975286501,0;7975286501,8298792599,0;8298792599,1116501292,0;1116501292,7975286500,0;7975286500,1116501304,0;1116501304,7975286429,0;7975286429,7975286583,0;7975286583,7977056082,0;7977056082,7977056084,0;7977056084,7977050965,0;7977050965,7977056079,0;7977056079,7979256640,0;7979256640,7979256626,0;7979256626,7979256668,0;7979256668,7977056101,0;7977056101,7967831807,0;7967831807,7967774259,0;7967774259,503464976,0;503464976,7961771680,0;7961771680,1116492807,0;1116492807,7967774262,0;7967774262,503464985,0;503464985,2530277199,0;2530277199,564083084,0;564083084,5374860944,0;5374860944,5374860978,0;5374860978,5374861143,0;5374861143,9053077286,0;9053077286,13527622504,0;13527622504,13167173350,0;13167173350,13527622497,0;13527622497,564083093,0;564083093,6317320202,0;6317320202,564083165,0;564083165,13167173329,0;13167173329,6317320222,0;6317320222,6028645652,0;6028645652,2369336843,0;2369336843,2369336701,0;2369336701,12333484744,0;12333484744,2368579077,0;2368579077,2369336820,0;2369336820,2368578991,0;2368578991,8887740818,0;8887740818,9570709534,0;9570709534,2369336807,0;2369336807,2368578970,0;2368578970,6043430915,0;6043430915,4899192485,0;4899192485,564639012,0;564639012,564638925,0;564638925,504640818,0;504640818,504637096,0;504637096,2787061089,0;2787061089,2787061351,0;2787061351,2787061330,0;2787061330,11155489650,0;11155489650,2787061341,0;2787061341,2787061167,0"
simulated_extreme,0,0.0,0.1,20260930,universal,risk,10297.182344079098,0.6370087923684875,0.8280776466145003,0.8219173776639992,0.4311778653622655,94.03969993581995,14.455500000622123,"9706921350,9706921684,0;9706921684,9706921682,0;9706921682,9713848047,0;9713848047,9713848018,0;9713848018,9713848023,0;9713848023,12984979400,0;12984979400,9713848118,0;9713848118,9713848006,0;9713848006,9713847968,0;9713847968,9706921713,0;9706921713,9706921712,0;9706921712,9706921786,0;9706921786,9778914467,0;9778914467,9706887247,0;9706887247,9706857800,0;9706857800,9706857774,0;9706857774,9706857801,0;9706857801,9706857775,0;9706857775,9706857832,0;9706857832,9706857843,0;9706857843,7161807983,0;7161807983,7161812592,0;7161812592,499478563,0;499478563,499478564,0;499478564,7973114513,0;7973114513,7973099569,0;7973099569,7975273881,0;7975273881,7973099508,0;7973099508,7973099507,0;7973099507,7973114859,0;7973114859,8298792534,0;8298792534,8298792550,0;8298792550,7973114851,0;7973114851,7975286501,0;7975286501,8298792599,0;8298792599,1116501292,0;1116501292,7975286500,0;7975286500,1116501304,0;1116501304,7975286429,0;7975286429,7975286583,0;7975286583,7977056082,0;7977056082,7977056084,0;7977056084,7977050965,0;7977050965,7977056079,0;7977056079,7979256640,0;7979256640,7979256626,0;7979256626,7979256668,0;7979256668,7977056101,0;7977056101,7967831807,0;7967831807,7967774259,0;7967774259,503464976,0;503464976,7961771680,0;7961771680,1116492807,0;1116492807,7967774262,0;7967774262,503464985,0;503464985,2530277199,0;2530277199,564083084,0;564083084,5374860944,0;5374860944,5374860978,0;5374860978,5374861143,0;5374861143,9053077286,0;9053077286,13527622504,0;13527622504,13167173350,0;13167173350,13527622497,0;13527622497,564083093,0;564083093,6317320202,0;6317320202,564083165,0;564083165,13167173329,0;13167173329,6317320222,0;6317320222,6028645652,0;6028645652,2369336843,0;2369336843,2369336701,0;2369336701,12333484744,0;12333484744,2368579077,0;2368579077,2369336820,0;2369336820,2368578991,0;2368578991,8887740818,0;8887740818,9570709534,0;9570709534,2369336807,0;2369336807,2368578970,0;2368578970,6043430915,0;6043430915,4899192485,0;4899192485,564639012,0;564639012,564638925,0;564638925,504640818,0;504640818,504637096,0;504637096,2787061089,0;2787061089,2787061351,0;2787061351,2787061330,0;2787061330,11155489650,0;11155489650,2787061341,0;2787061341,2787061167,0"
simulated_extreme,0,0.0,0.1,20260930,universal,risk_uncertainty,10297.182344079098,0.6370087923684875,0.8280776466145003,0.8219173776639992,0.4311778653622655,94.04819994233549,14.464000007137656,"9706921350,9706921684,0;9706921684,9706921682,0;9706921682,9713848047,0;9713848047,9713848018,0;9713848018,9713848023,0;9713848023,12984979400,0;12984979400,9713848118,0;9713848118,9713848006,0;9713848006,9713847968,0;9713847968,9706921713,0;9706921713,9706921712,0;9706921712,9706921786,0;9706921786,9778914467,0;9778914467,9706887247,0;9706887247,9706857800,0;9706857800,9706857774,0;9706857774,9706857801,0;9706857801,9706857775,0;9706857775,9706857832,0;9706857832,9706857843,0;9706857843,7161807983,0;7161807983,7161812592,0;7161812592,499478563,0;499478563,499478564,0;499478564,7973114513,0;7973114513,7973099569,0;7973099569,7975273881,0;7975273881,7973099508,0;7973099508,7973099507,0;7973099507,7973114859,0;7973114859,8298792534,0;8298792534,8298792550,0;8298792550,7973114851,0;7973114851,7975286501,0;7975286501,8298792599,0;8298792599,1116501292,0;1116501292,7975286500,0;7975286500,1116501304,0;1116501304,7975286429,0;7975286429,7975286583,0;7975286583,7977056082,0;7977056082,7977056084,0;7977056084,7977050965,0;7977050965,7977056079,0;7977056079,7979256640,0;7979256640,7979256626,0;7979256626,7979256668,0;7979256668,7977056101,0;7977056101,7967831807,0;7967831807,7967774259,0;7967774259,503464976,0;503464976,7961771680,0;7961771680,1116492807,0;1116492807,7967774262,0;7967774262,503464985,0;503464985,2530277199,0;2530277199,564083084,0;564083084,5374860944,0;5374860944,5374860978,0;5374860978,5374861143,0;5374861143,9053077286,0;9053077286,13527622504,0;13527622504,13167173350,0;13167173350,13527622497,0;13527622497,564083093,0;564083093,6317320202,0;6317320202,564083165,0;564083165,13167173329,0;13167173329,6317320222,0;6317320222,6028645652,0;6028645652,2369336843,0;2369336843,2369336701,0;2369336701,12333484744,0;12333484744,2368579077,0;2368579077,2369336820,0;2369336820,2368578991,0;2368578991,8887740818,0;8887740818,9570709534,0;9570709534,2369336807,0;2369336807,2368578970,0;2368578970,6043430915,0;6043430915,4899192485,0;4899192485,564639012,0;564639012,564638925,0;564638925,504640818,0;504640818,504637096,0;504637096,2787061089,0;2787061089,2787061351,0;2787061351,2787061330,0;2787061330,11155489650,0;11155489650,2787061341,0;2787061341,2787061167,0"
simulated_extreme,0,0.0,0.1,20260930,universal,shortest,10279.902722198703,0.6421914589263749,0.8280776466145003,0.8190917470674244,0.42948322884636647,95.28489992953837,15.700699994340539,"9706921350,9706921684,0;9706921684,9706921682,0;9706921682,9713848047,0;9713848047,9713848018,0;9713848018,9713848023,0;9713848023,12984979400,0;12984979400,9713848118,0;9713848118,9713848006,0;9713848006,9713847968,0;9713847968,9706921713,0;9706921713,9706921712,0;9706921712,9706921786,0;9706921786,9778914467,0;9778914467,9706887247,0;9706887247,9706857800,0;9706857800,9706857774,0;9706857774,9706857801,0;9706857801,9706857775,0;9706857775,9706857832,0;9706857832,9706857843,0;9706857843,7161807983,0;7161807983,7161812592,0;7161812592,499478563,0;499478563,499478564,0;499478564,7973114513,0;7973114513,7973099569,0;7973099569,7975273881,0;7975273881,7973099508,0;7973099508,7973099507,0;7973099507,7973114859,0;7973114859,8298792534,0;8298792534,8298792550,0;8298792550,7973114851,0;7973114851,7975286501,0;7975286501,8298792599,0;8298792599,1116501292,0;1116501292,7975286500,0;7975286500,1116501304,0;1116501304,1116501296,0;1116501296,7977050964,0;7977050964,7977056084,0;7977056084,7977050965,0;7977050965,7977056079,0;7977056079,7979256640,0;7979256640,7979256626,0;7979256626,7979256668,0;7979256668,7977056101,0;7977056101,7967831807,0;7967831807,7967774259,0;7967774259,503464976,0;503464976,7961771680,0;7961771680,1116492807,0;1116492807,7967774262,0;7967774262,503464985,0;503464985,2530277199,0;2530277199,564083084,0;564083084,5374860944,0;5374860944,5374860978,0;5374860978,5374861143,0;5374861143,9053077286,0;9053077286,13527622504,0;13527622504,13167173350,0;13167173350,13527622497,0;13527622497,564083093,0;564083093,6317320202,0;6317320202,564083165,0;564083165,13167173329,0;13167173329,6317320222,0;6317320222,6028645652,0;6028645652,2369336843,0;2369336843,2369336701,0;2369336701,12333484744,0;12333484744,2368579077,0;2368579077,2369336820,0;2369336820,2368578991,0;2368578991,8887740818,0;8887740818,8887717116,0;8887717116,6043430915,0;6043430915,4899192485,0;4899192485,564639012,0;564639012,564638925,0;564638925,504640818,0;504640818,504637096,0;504637096,2787061089,0;2787061089,564641522,0;564641522,11155489649,0;11155489649,11155489650,0;11155489650,2787061341,0;2787061341,2787061167,0"
simulated_extreme,0,0.0,0.1,20260930,universal,trusted,10297.182344079098,0.6370087923684875,0.8280776466145003,0.8219173776639992,0.4311778653622655,95.3486998914741,15.764499956276268,"9706921350,9706921684,0;9706921684,9706921682,0;9706921682,9713848047,0;9713848047,9713848018,0;9713848018,9713848023,0;9713848023,12984979400,0;12984979400,9713848118,0;9713848118,9713848006,0;9713848006,9713847968,0;9713847968,9706921713,0;9706921713,9706921712,0;9706921712,9706921786,0;9706921786,9778914467,0;9778914467,9706887247,0;9706887247,9706857800,0;9706857800,9706857774,0;9706857774,9706857801,0;9706857801,9706857775,0;9706857775,9706857832,0;9706857832,9706857843,0;9706857843,7161807983,0;7161807983,7161812592,0;7161812592,499478563,0;499478563,499478564,0;499478564,7973114513,0;7973114513,7973099569,0;7973099569,7975273881,0;7975273881,7973099508,0;7973099508,7973099507,0;7973099507,7973114859,0;7973114859,8298792534,0;8298792534,8298792550,0;8298792550,7973114851,0;7973114851,7975286501,0;7975286501,8298792599,0;8298792599,1116501292,0;1116501292,7975286500,0;7975286500,1116501304,0;1116501304,7975286429,0;7975286429,7975286583,0;7975286583,7977056082,0;7977056082,7977056084,0;7977056084,7977050965,0;7977050965,7977056079,0;7977056079,7979256640,0;7979256640,7979256626,0;7979256626,7979256668,0;7979256668,7977056101,0;7977056101,7967831807,0;7967831807,7967774259,0;7967774259,503464976,0;503464976,7961771680,0;7961771680,1116492807,0;1116492807,7967774262,0;7967774262,503464985,0;503464985,2530277199,0;2530277199,564083084,0;564083084,5374860944,0;5374860944,5374860978,0;5374860978,5374861143,0;5374861143,9053077286,0;9053077286,13527622504,0;13527622504,13167173350,0;13167173350,13527622497,0;13527622497,564083093,0;564083093,6317320202,0;6317320202,564083165,0;564083165,13167173329,0;13167173329,6317320222,0;6317320222,6028645652,0;6028645652,2369336843,0;2369336843,2369336701,0;2369336701,12333484744,0;12333484744,2368579077,0;2368579077,2369336820,0;2369336820,2368578991,0;2368578991,8887740818,0;8887740818,9570709534,0;9570709534,2369336807,0;2369336807,2368578970,0;2368578970,6043430915,0;6043430915,4899192485,0;4899192485,564639012,0;564639012,564638925,0;564638925,504640818,0;504640818,504637096,0;504637096,2787061089,0;2787061089,2787061351,0;2787061351,2787061330,0;2787061330,11155489650,0;11155489650,2787061341,0;2787061341,2787061167,0"
simulated_extreme,0,0.0,0.2,20260940,source_specific,risk,10297.182344079098,0.6370087923684875,0.8280776466145003,0.8219173776639992,0.4311778653622655,101.30010003922507,16.74669998465106,"9706921350,9706921684,0;9706921684,9706921682,0;9706921682,9713848047,0;9713848047,9713848018,0;9713848018,9713848023,0;9713848023,12984979400,0;12984979400,9713848118,0;9713848118,9713848006,0;9713848006,9713847968,0;9713847968,9706921713,0;9706921713,9706921712,0;9706921712,9706921786,0;9706921786,9778914467,0;9778914467,9706887247,0;9706887247,9706857800,0;9706857800,9706857774,0;9706857774,9706857801,0;9706857801,9706857775,0;9706857775,9706857832,0;9706857832,9706857843,0;9706857843,7161807983,0;7161807983,7161812592,0;7161812592,499478563,0;499478563,499478564,0;499478564,7973114513,0;7973114513,7973099569,0;7973099569,7975273881,0;7975273881,7973099508,0;7973099508,7973099507,0;7973099507,7973114859,0;7973114859,8298792534,0;8298792534,8298792550,0;8298792550,7973114851,0;7973114851,7975286501,0;7975286501,8298792599,0;8298792599,1116501292,0;1116501292,7975286500,0;7975286500,1116501304,0;1116501304,7975286429,0;7975286429,7975286583,0;7975286583,7977056082,0;7977056082,7977056084,0;7977056084,7977050965,0;7977050965,7977056079,0;7977056079,7979256640,0;7979256640,7979256626,0;7979256626,7979256668,0;7979256668,7977056101,0;7977056101,7967831807,0;7967831807,7967774259,0;7967774259,503464976,0;503464976,7961771680,0;7961771680,1116492807,0;1116492807,7967774262,0;7967774262,503464985,0;503464985,2530277199,0;2530277199,564083084,0;564083084,5374860944,0;5374860944,5374860978,0;5374860978,5374861143,0;5374861143,9053077286,0;9053077286,13527622504,0;13527622504,13167173350,0;13167173350,13527622497,0;13527622497,564083093,0;564083093,6317320202,0;6317320202,564083165,0;564083165,13167173329,0;13167173329,6317320222,0;6317320222,6028645652,0;6028645652,2369336843,0;2369336843,2369336701,0;2369336701,12333484744,0;12333484744,2368579077,0;2368579077,2369336820,0;2369336820,2368578991,0;2368578991,8887740818,0;8887740818,9570709534,0;9570709534,2369336807,0;2369336807,2368578970,0;2368578970,6043430915,0;6043430915,4899192485,0;4899192485,564639012,0;564639012,564638925,0;564638925,504640818,0;504640818,504637096,0;504637096,2787061089,0;2787061089,2787061351,0;2787061351,2787061330,0;2787061330,11155489650,0;11155489650,2787061341,0;2787061341,2787061167,0"
simulated_extreme,0,0.0,0.2,20260940,source_specific,risk_uncertainty,10297.182344079098,0.6370087923684875,0.8280776466145003,0.8219173776639992,0.4311778653622655,100.16040003392845,15.606999979354441,"9706921350,9706921684,0;9706921684,9706921682,0;9706921682,9713848047,0;9713848047,9713848018,0;9713848018,9713848023,0;9713848023,12984979400,0;12984979400,9713848118,0;9713848118,9713848006,0;9713848006,9713847968,0;9713847968,9706921713,0;9706921713,9706921712,0;9706921712,9706921786,0;9706921786,9778914467,0;9778914467,9706887247,0;9706887247,9706857800,0;9706857800,9706857774,0;9706857774,9706857801,0;9706857801,9706857775,0;9706857775,9706857832,0;9706857832,9706857843,0;9706857843,7161807983,0;7161807983,7161812592,0;7161812592,499478563,0;499478563,499478564,0;499478564,7973114513,0;7973114513,7973099569,0;7973099569,7975273881,0;7975273881,7973099508,0;7973099508,7973099507,0;7973099507,7973114859,0;7973114859,8298792534,0;8298792534,8298792550,0;8298792550,7973114851,0;7973114851,7975286501,0;7975286501,8298792599,0;8298792599,1116501292,0;1116501292,7975286500,0;7975286500,1116501304,0;1116501304,7975286429,0;7975286429,7975286583,0;7975286583,7977056082,0;7977056082,7977056084,0;7977056084,7977050965,0;7977050965,7977056079,0;7977056079,7979256640,0;7979256640,7979256626,0;7979256626,7979256668,0;7979256668,7977056101,0;7977056101,7967831807,0;7967831807,7967774259,0;7967774259,503464976,0;503464976,7961771680,0;7961771680,1116492807,0;1116492807,7967774262,0;7967774262,503464985,0;503464985,2530277199,0;2530277199,564083084,0;564083084,5374860944,0;5374860944,5374860978,0;5374860978,5374861143,0;5374861143,9053077286,0;9053077286,13527622504,0;13527622504,13167173350,0;13167173350,13527622497,0;13527622497,564083093,0;564083093,6317320202,0;6317320202,564083165,0;564083165,13167173329,0;13167173329,6317320222,0;6317320222,6028645652,0;6028645652,2369336843,0;2369336843,2369336701,0;2369336701,12333484744,0;12333484744,2368579077,0;2368579077,2369336820,0;2369336820,2368578991,0;2368578991,8887740818,0;8887740818,9570709534,0;9570709534,2369336807,0;2369336807,2368578970,0;2368578970,6043430915,0;6043430915,4899192485,0;4899192485,564639012,0;564639012,564638925,0;564638925,504640818,0;504640818,504637096,0;504637096,2787061089,0;2787061089,2787061351,0;2787061351,2787061330,0;2787061330,11155489650,0;11155489650,2787061341,0;2787061341,2787061167,0"
simulated_extreme,0,0.0,0.2,20260940,source_specific,shortest,10279.902722198703,0.6421914589263749,0.8280776466145003,0.8190917470674244,0.42948322884636647,99.51110003748909,14.957699982915074,"9706921350,9706921684,0;9706921684,9706921682,0;9706921682,9713848047,0;9713848047,9713848018,0;9713848018,9713848023,0;9713848023,12984979400,0;12984979400,9713848118,0;9713848118,9713848006,0;9713848006,9713847968,0;9713847968,9706921713,0;9706921713,9706921712,0;9706921712,9706921786,0;9706921786,9778914467,0;9778914467,9706887247,0;9706887247,9706857800,0;9706857800,9706857774,0;9706857774,9706857801,0;9706857801,9706857775,0;9706857775,9706857832,0;9706857832,9706857843,0;9706857843,7161807983,0;7161807983,7161812592,0;7161812592,499478563,0;499478563,499478564,0;499478564,7973114513,0;7973114513,7973099569,0;7973099569,7975273881,0;7975273881,7973099508,0;7973099508,7973099507,0;7973099507,7973114859,0;7973114859,8298792534,0;8298792534,8298792550,0;8298792550,7973114851,0;7973114851,7975286501,0;7975286501,8298792599,0;8298792599,1116501292,0;1116501292,7975286500,0;7975286500,1116501304,0;1116501304,1116501296,0;1116501296,7977050964,0;7977050964,7977056084,0;7977056084,7977050965,0;7977050965,7977056079,0;7977056079,7979256640,0;7979256640,7979256626,0;7979256626,7979256668,0;7979256668,7977056101,0;7977056101,7967831807,0;7967831807,7967774259,0;7967774259,503464976,0;503464976,7961771680,0;7961771680,1116492807,0;1116492807,7967774262,0;7967774262,503464985,0;503464985,2530277199,0;2530277199,564083084,0;564083084,5374860944,0;5374860944,5374860978,0;5374860978,5374861143,0;5374861143,9053077286,0;9053077286,13527622504,0;13527622504,13167173350,0;13167173350,13527622497,0;13527622497,564083093,0;564083093,6317320202,0;6317320202,564083165,0;564083165,13167173329,0;13167173329,6317320222,0;6317320222,6028645652,0;6028645652,2369336843,0;2369336843,2369336701,0;2369336701,12333484744,0;12333484744,2368579077,0;2368579077,2369336820,0;2369336820,2368578991,0;2368578991,8887740818,0;8887740818,8887717116,0;8887717116,6043430915,0;6043430915,4899192485,0;4899192485,564639012,0;564639012,564638925,0;564638925,504640818,0;504640818,504637096,0;504637096,2787061089,0;2787061089,564641522,0;564641522,11155489649,0;11155489649,11155489650,0;11155489650,2787061341,0;2787061341,2787061167,0"
simulated_extreme,0,0.0,0.2,20260940,source_specific,trusted,10297.182344079098,0.6370087923684875,0.8280776466145003,0.8219173776639992,0.4311778653622655,100.04830005345866,15.494899998884648,"9706921350,9706921684,0;9706921684,9706921682,0;9706921682,9713848047,0;9713848047,9713848018,0;9713848018,9713848023,0;9713848023,12984979400,0;12984979400,9713848118,0;9713848118,9713848006,0;9713848006,9713847968,0;9713847968,9706921713,0;9706921713,9706921712,0;9706921712,9706921786,0;9706921786,9778914467,0;9778914467,9706887247,0;9706887247,9706857800,0;9706857800,9706857774,0;9706857774,9706857801,0;9706857801,9706857775,0;9706857775,9706857832,0;9706857832,9706857843,0;9706857843,7161807983,0;7161807983,7161812592,0;7161812592,499478563,0;499478563,499478564,0;499478564,7973114513,0;7973114513,7973099569,0;7973099569,7975273881,0;7975273881,7973099508,0;7973099508,7973099507,0;7973099507,7973114859,0;7973114859,8298792534,0;8298792534,8298792550,0;8298792550,7973114851,0;7973114851,7975286501,0;7975286501,8298792599,0;8298792599,1116501292,0;1116501292,7975286500,0;7975286500,1116501304,0;1116501304,7975286429,0;7975286429,7975286583,0;7975286583,7977056082,0;7977056082,7977056084,0;7977056084,7977050965,0;7977050965,7977056079,0;7977056079,7979256640,0;7979256640,7979256626,0;7979256626,7979256668,0;7979256668,7977056101,0;7977056101,7967831807,0;7967831807,7967774259,0;7967774259,503464976,0;503464976,7961771680,0;7961771680,1116492807,0;1116492807,7967774262,0;7967774262,503464985,0;503464985,2530277199,0;2530277199,564083084,0;564083084,5374860944,0;5374860944,5374860978,0;5374860978,5374861143,0;5374861143,9053077286,0;9053077286,13527622504,0;13527622504,13167173350,0;13167173350,13527622497,0;13527622497,564083093,0;564083093,6317320202,0;6317320202,564083165,0;564083165,13167173329,0;13167173329,6317320222,0;6317320222,6028645652,0;6028645652,2369336843,0;2369336843,2369336701,0;2369336701,12333484744,0;12333484744,2368579077,0;2368579077,2369336820,0;2369336820,2368578991,0;2368578991,8887740818,0;8887740818,9570709534,0;9570709534,2369336807,0;2369336807,2368578970,0;2368578970,6043430915,0;6043430915,4899192485,0;4899192485,564639012,0;564639012,564638925,0;564638925,504640818,0;504640818,504637096,0;504637096,2787061089,0;2787061089,2787061351,0;2787061351,2787061330,0;2787061330,11155489650,0;11155489650,2787061341,0;2787061341,2787061167,0"
simulated_extreme,0,0.0,0.2,20260940,universal,risk,10297.182344079098,0.6370087923684875,0.8280776466145003,0.8219173776639992,0.4311778653622655,100.59030004777014,16.442399995867163,"9706921350,9706921684,0;9706921684,9706921682,0;9706921682,9713848047,0;9713848047,9713848018,0;9713848018,9713848023,0;9713848023,12984979400,0;12984979400,9713848118,0;9713848118,9713848006,0;9713848006,9713847968,0;9713847968,9706921713,0;9706921713,9706921712,0;9706921712,9706921786,0;9706921786,9778914467,0;9778914467,9706887247,0;9706887247,9706857800,0;9706857800,9706857774,0;9706857774,9706857801,0;9706857801,9706857775,0;9706857775,9706857832,0;9706857832,9706857843,0;9706857843,7161807983,0;7161807983,7161812592,0;7161812592,499478563,0;499478563,499478564,0;499478564,7973114513,0;7973114513,7973099569,0;7973099569,7975273881,0;7975273881,7973099508,0;7973099508,7973099507,0;7973099507,7973114859,0;7973114859,8298792534,0;8298792534,8298792550,0;8298792550,7973114851,0;7973114851,7975286501,0;7975286501,8298792599,0;8298792599,1116501292,0;1116501292,7975286500,0;7975286500,1116501304,0;1116501304,7975286429,0;7975286429,7975286583,0;7975286583,7977056082,0;7977056082,7977056084,0;7977056084,7977050965,0;7977050965,7977056079,0;7977056079,7979256640,0;7979256640,7979256626,0;7979256626,7979256668,0;7979256668,7977056101,0;7977056101,7967831807,0;7967831807,7967774259,0;7967774259,503464976,0;503464976,7961771680,0;7961771680,1116492807,0;1116492807,7967774262,0;7967774262,503464985,0;503464985,2530277199,0;2530277199,564083084,0;564083084,5374860944,0;5374860944,5374860978,0;5374860978,5374861143,0;5374861143,9053077286,0;9053077286,13527622504,0;13527622504,13167173350,0;13167173350,13527622497,0;13527622497,564083093,0;564083093,6317320202,0;6317320202,564083165,0;564083165,13167173329,0;13167173329,6317320222,0;6317320222,6028645652,0;6028645652,2369336843,0;2369336843,2369336701,0;2369336701,12333484744,0;12333484744,2368579077,0;2368579077,2369336820,0;2369336820,2368578991,0;2368578991,8887740818,0;8887740818,9570709534,0;9570709534,2369336807,0;2369336807,2368578970,0;2368578970,6043430915,0;6043430915,4899192485,0;4899192485,564639012,0;564639012,564638925,0;564638925,504640818,0;504640818,504637096,0;504637096,2787061089,0;2787061089,2787061351,0;2787061351,2787061330,0;2787061330,11155489650,0;11155489650,2787061341,0;2787061341,2787061167,0"
simulated_extreme,0,0.0,0.2,20260940,universal,risk_uncertainty,10297.182344079098,0.6370087923684875,0.8280776466145003,0.8219173776639992,0.4311778653622655,99.54240004299209,15.394499991089106,"9706921350,9706921684,0;9706921684,9706921682,0;9706921682,9713848047,0;9713848047,9713848018,0;9713848018,9713848023,0;9713848023,12984979400,0;12984979400,9713848118,0;9713848118,9713848006,0;9713848006,9713847968,0;9713847968,9706921713,0;9706921713,9706921712,0;9706921712,9706921786,0;9706921786,9778914467,0;9778914467,9706887247,0;9706887247,9706857800,0;9706857800,9706857774,0;9706857774,9706857801,0;9706857801,9706857775,0;9706857775,9706857832,0;9706857832,9706857843,0;9706857843,7161807983,0;7161807983,7161812592,0;7161812592,499478563,0;499478563,499478564,0;499478564,7973114513,0;7973114513,7973099569,0;7973099569,7975273881,0;7975273881,7973099508,0;7973099508,7973099507,0;7973099507,7973114859,0;7973114859,8298792534,0;8298792534,8298792550,0;8298792550,7973114851,0;7973114851,7975286501,0;7975286501,8298792599,0;8298792599,1116501292,0;1116501292,7975286500,0;7975286500,1116501304,0;1116501304,7975286429,0;7975286429,7975286583,0;7975286583,7977056082,0;7977056082,7977056084,0;7977056084,7977050965,0;7977050965,7977056079,0;7977056079,7979256640,0;7979256640,7979256626,0;7979256626,7979256668,0;7979256668,7977056101,0;7977056101,7967831807,0;7967831807,7967774259,0;7967774259,503464976,0;503464976,7961771680,0;7961771680,1116492807,0;1116492807,7967774262,0;7967774262,503464985,0;503464985,2530277199,0;2530277199,564083084,0;564083084,5374860944,0;5374860944,5374860978,0;5374860978,5374861143,0;5374861143,9053077286,0;9053077286,13527622504,0;13527622504,13167173350,0;13167173350,13527622497,0;13527622497,564083093,0;564083093,6317320202,0;6317320202,564083165,0;564083165,13167173329,0;13167173329,6317320222,0;6317320222,6028645652,0;6028645652,2369336843,0;2369336843,2369336701,0;2369336701,12333484744,0;12333484744,2368579077,0;2368579077,2369336820,0;2369336820,2368578991,0;2368578991,8887740818,0;8887740818,9570709534,0;9570709534,2369336807,0;2369336807,2368578970,0;2368578970,6043430915,0;6043430915,4899192485,0;4899192485,564639012,0;564639012,564638925,0;564638925,504640818,0;504640818,504637096,0;504637096,2787061089,0;2787061089,2787061351,0;2787061351,2787061330,0;2787061330,11155489650,0;11155489650,2787061341,0;2787061341,2787061167,0"
simulated_extreme,0,0.0,0.2,20260940,universal,shortest,10279.902722198703,0.6421914589263749,0.8280776466145003,0.8190917470674244,0.42948322884636647,99.92280008736998,15.774900035466999,"9706921350,9706921684,0;9706921684,9706921682,0;9706921682,9713848047,0;9713848047,9713848018,0;9713848018,9713848023,0;9713848023,12984979400,0;12984979400,9713848118,0;9713848118,9713848006,0;9713848006,9713847968,0;9713847968,9706921713,0;9706921713,9706921712,0;9706921712,9706921786,0;9706921786,9778914467,0;9778914467,9706887247,0;9706887247,9706857800,0;9706857800,9706857774,0;9706857774,9706857801,0;9706857801,9706857775,0;9706857775,9706857832,0;9706857832,9706857843,0;9706857843,7161807983,0;7161807983,7161812592,0;7161812592,499478563,0;499478563,499478564,0;499478564,7973114513,0;7973114513,7973099569,0;7973099569,7975273881,0;7975273881,7973099508,0;7973099508,7973099507,0;7973099507,7973114859,0;7973114859,8298792534,0;8298792534,8298792550,0;8298792550,7973114851,0;7973114851,7975286501,0;7975286501,8298792599,0;8298792599,1116501292,0;1116501292,7975286500,0;7975286500,1116501304,0;1116501304,1116501296,0;1116501296,7977050964,0;7977050964,7977056084,0;7977056084,7977050965,0;7977050965,7977056079,0;7977056079,7979256640,0;7979256640,7979256626,0;7979256626,7979256668,0;7979256668,7977056101,0;7977056101,7967831807,0;7967831807,7967774259,0;7967774259,503464976,0;503464976,7961771680,0;7961771680,1116492807,0;1116492807,7967774262,0;7967774262,503464985,0;503464985,2530277199,0;2530277199,564083084,0;564083084,5374860944,0;5374860944,5374860978,0;5374860978,5374861143,0;5374861143,9053077286,0;9053077286,13527622504,0;13527622504,13167173350,0;13167173350,13527622497,0;13527622497,564083093,0;564083093,6317320202,0;6317320202,564083165,0;564083165,13167173329,0;13167173329,6317320222,0;6317320222,6028645652,0;6028645652,2369336843,0;2369336843,2369336701,0;2369336701,12333484744,0;12333484744,2368579077,0;2368579077,2369336820,0;2369336820,2368578991,0;2368578991,8887740818,0;8887740818,8887717116,0;8887717116,6043430915,0;6043430915,4899192485,0;4899192485,564639012,0;564639012,564638925,0;564638925,504640818,0;504640818,504637096,0;504637096,2787061089,0;2787061089,564641522,0;564641522,11155489649,0;11155489649,11155489650,0;11155489650,2787061341,0;2787061341,2787061167,0"
simulated_extreme,0,0.0,0.2,20260940,universal,trusted,10297.182344079098,0.6370087923684875,0.8280776466145003,0.8219173776639992,0.4311778653622655,99.03900005156174,14.891099999658763,"9706921350,9706921684,0;9706921684,9706921682,0;9706921682,9713848047,0;9713848047,9713848018,0;9713848018,9713848023,0;9713848023,12984979400,0;12984979400,9713848118,0;9713848118,9713848006,0;9713848006,9713847968,0;9713847968,9706921713,0;9706921713,9706921712,0;9706921712,9706921786,0;9706921786,9778914467,0;9778914467,9706887247,0;9706887247,9706857800,0;9706857800,9706857774,0;9706857774,9706857801,0;9706857801,9706857775,0;9706857775,9706857832,0;9706857832,9706857843,0;9706857843,7161807983,0;7161807983,7161812592,0;7161812592,499478563,0;499478563,499478564,0;499478564,7973114513,0;7973114513,7973099569,0;7973099569,7975273881,0;7975273881,7973099508,0;7973099508,7973099507,0;7973099507,7973114859,0;7973114859,8298792534,0;8298792534,8298792550,0;8298792550,7973114851,0;7973114851,7975286501,0;7975286501,8298792599,0;8298792599,1116501292,0;1116501292,7975286500,0;7975286500,1116501304,0;1116501304,7975286429,0;7975286429,7975286583,0;7975286583,7977056082,0;7977056082,7977056084,0;7977056084,7977050965,0;7977050965,7977056079,0;7977056079,7979256640,0;7979256640,7979256626,0;7979256626,7979256668,0;7979256668,7977056101,0;7977056101,7967831807,0;7967831807,7967774259,0;7967774259,503464976,0;503464976,7961771680,0;7961771680,1116492807,0;1116492807,7967774262,0;7967774262,503464985,0;503464985,2530277199,0;2530277199,564083084,0;564083084,5374860944,0;5374860944,5374860978,0;5374860978,5374861143,0;5374861143,9053077286,0;9053077286,13527622504,0;13527622504,13167173350,0;13167173350,13527622497,0;13527622497,564083093,0;564083093,6317320202,0;6317320202,564083165,0;564083165,13167173329,0;13167173329,6317320222,0;6317320222,6028645652,0;6028645652,2369336843,0;2369336843,2369336701,0;2369336701,12333484744,0;12333484744,2368579077,0;2368579077,2369336820,0;2369336820,2368578991,0;2368578991,8887740818,0;8887740818,9570709534,0;9570709534,2369336807,0;2369336807,2368578970,0;2368578970,6043430915,0;6043430915,4899192485,0;4899192485,564639012,0;564639012,564638925,0;564638925,504640818,0;504640818,504637096,0;504637096,2787061089,0;2787061089,2787061351,0;2787061351,2787061330,0;2787061330,11155489650,0;11155489650,2787061341,0;2787061341,2787061167,0"
simulated_extreme,0,0.2,0.0,20262920,source_specific,risk,10361.510411375662,0.6304806802456153,0.8280776466145003,0.8219173776639992,0.381591638638449,98.91459991922602,16.047699959017336,"9706921350,9706921684,0;9706921684,9706921682,0;9706921682,9713848047,0;9713848047,9713848018,0;9713848018,9713848023,0;9713848023,12984979400,0;12984979400,9713848118,0;9713848118,9713848006,0;9713848006,9713847968,0;9713847968,9706921713,0;9706921713,9706921712,0;9706921712,9706921786,0;9706921786,9778914467,0;9778914467,9706887247,0;9706887247,9706857800,0;9706857800,9706857774,0;9706857774,9706857801,0;9706857801,9706857775,0;9706857775,9706857832,0;9706857832,9706857843,0;9706857843,7161807983,0;7161807983,7161812592,0;7161812592,499478563,0;499478563,499478564,0;499478564,7973114513,0;7973114513,7973099569,0;7973099569,7975273881,0;7975273881,7973099508,0;7973099508,7973099507,0;7973099507,7973114859,0;7973114859,8298792534,0;8298792534,8298792550,0;8298792550,7973114851,0;7973114851,7975286501,0;7975286501,8298792599,0;8298792599,1116501292,0;1116501292,7975286500,0;7975286500,1116501304,0;1116501304,7975286429,0;7975286429,7975286583,0;7975286583,7977056082,0;7977056082,7977056084,0;7977056084,7977050965,0;7977050965,7977056079,0;7977056079,7977056078,0;7977056078,7979256736,0;7979256736,7977056077,0;7977056077,7979256760,0;7979256760,8407048466,0;8407048466,2530277169,0;2530277169,13161326472,0;13161326472,7979256723,0;7979256723,7979924894,0;7979924894,7979918290,0;7979918290,7967831812,0;7967831812,279077946,0;279077946,564083084,0;564083084,5374860944,0;5374860944,5374860978,0;5374860978,5374861143,0;5374861143,9053077286,0;9053077286,13527622504,0;13527622504,13167173350,0;13167173350,13527622497,0;13527622497,564083093,0;564083093,6317320202,0;6317320202,564083165,0;564083165,13167173329,0;13167173329,6317320222,0;6317320222,6028645652,0;6028645652,2369336843,0;2369336843,2369336701,0;2369336701,12333484744,0;12333484744,2368579077,0;2368579077,2369336820,0;2369336820,2368578991,0;2368578991,8887740818,0;8887740818,9570709534,0;9570709534,2369336807,0;2369336807,2368578970,0;2368578970,6043430915,0;6043430915,4899192485,0;4899192485,564639012,0;564639012,564638925,0;564638925,504640818,0;504640818,504637096,0;504637096,2787061089,0;2787061089,2787061351,0;2787061351,2787061330,0;2787061330,11155489650,0;11155489650,2787061341,0;2787061341,2787061167,0"
simulated_extreme,0,0.2,0.0,20262920,source_specific,risk_uncertainty,10361.510411375662,0.6304806802456153,0.8280776466145003,0.8219173776639992,0.381591638638449,98.66179997334257,15.794900013133883,"9706921350,9706921684,0;9706921684,9706921682,0;9706921682,9713848047,0;9713848047,9713848018,0;9713848018,9713848023,0;9713848023,12984979400,0;12984979400,9713848118,0;9713848118,9713848006,0;9713848006,9713847968,0;9713847968,9706921713,0;9706921713,9706921712,0;9706921712,9706921786,0;9706921786,9778914467,0;9778914467,9706887247,0;9706887247,9706857800,0;9706857800,9706857774,0;9706857774,9706857801,0;9706857801,9706857775,0;9706857775,9706857832,0;9706857832,9706857843,0;9706857843,7161807983,0;7161807983,7161812592,0;7161812592,499478563,0;499478563,499478564,0;499478564,7973114513,0;7973114513,7973099569,0;7973099569,7975273881,0;7975273881,7973099508,0;7973099508,7973099507,0;7973099507,7973114859,0;7973114859,8298792534,0;8298792534,8298792550,0;8298792550,7973114851,0;7973114851,7975286501,0;7975286501,8298792599,0;8298792599,1116501292,0;1116501292,7975286500,0;7975286500,1116501304,0;1116501304,7975286429,0;7975286429,7975286583,0;7975286583,7977056082,0;7977056082,7977056084,0;7977056084,7977050965,0;7977050965,7977056079,0;7977056079,7977056078,0;7977056078,7979256736,0;7979256736,7977056077,0;7977056077,7979256760,0;7979256760,8407048466,0;8407048466,2530277169,0;2530277169,13161326472,0;13161326472,7979256723,0;7979256723,7979924894,0;7979924894,7979918290,0;7979918290,7967831812,0;7967831812,279077946,0;279077946,564083084,0;564083084,5374860944,0;5374860944,5374860978,0;5374860978,5374861143,0;5374861143,9053077286,0;9053077286,13527622504,0;13527622504,13167173350,0;13167173350,13527622497,0;13527622497,564083093,0;564083093,6317320202,0;6317320202,564083165,0;564083165,13167173329,0;13167173329,6317320222,0;6317320222,6028645652,0;6028645652,2369336843,0;2369336843,2369336701,0;2369336701,12333484744,0;12333484744,2368579077,0;2368579077,2369336820,0;2369336820,2368578991,0;2368578991,8887740818,0;8887740818,9570709534,0;9570709534,2369336807,0;2369336807,2368578970,0;2368578970,6043430915,0;6043430915,4899192485,0;4899192485,564639012,0;564639012,564638925,0;564638925,504640818,0;504640818,504637096,0;504637096,2787061089,0;2787061089,2787061351,0;2787061351,2787061330,0;2787061330,11155489650,0;11155489650,2787061341,0;2787061341,2787061167,0"
simulated_extreme,0,0.2,0.0,20262920,source_specific,shortest,10279.902722198703,0.6421914589263749,0.8280776466145003,0.8190917470674244,0.42948322884636647,98.10740000102669,15.240500040818006,"9706921350,9706921684,0;9706921684,9706921682,0;9706921682,9713848047,0;9713848047,9713848018,0;9713848018,9713848023,0;9713848023,12984979400,0;12984979400,9713848118,0;9713848118,9713848006,0;9713848006,9713847968,0;9713847968,9706921713,0;9706921713,9706921712,0;9706921712,9706921786,0;9706921786,9778914467,0;9778914467,9706887247,0;9706887247,9706857800,0;9706857800,9706857774,0;9706857774,9706857801,0;9706857801,9706857775,0;9706857775,9706857832,0;9706857832,9706857843,0;9706857843,7161807983,0;7161807983,7161812592,0;7161812592,499478563,0;499478563,499478564,0;499478564,7973114513,0;7973114513,7973099569,0;7973099569,7975273881,0;7975273881,7973099508,0;7973099508,7973099507,0;7973099507,7973114859,0;7973114859,8298792534,0;8298792534,8298792550,0;8298792550,7973114851,0;7973114851,7975286501,0;7975286501,8298792599,0;8298792599,1116501292,0;1116501292,7975286500,0;7975286500,1116501304,0;1116501304,1116501296,0;1116501296,7977050964,0;7977050964,7977056084,0;7977056084,7977050965,0;7977050965,7977056079,0;7977056079,7979256640,0;7979256640,7979256626,0;7979256626,7979256668,0;7979256668,7977056101,0;7977056101,7967831807,0;7967831807,7967774259,0;7967774259,503464976,0;503464976,7961771680,0;7961771680,1116492807,0;1116492807,7967774262,0;7967774262,503464985,0;503464985,2530277199,0;2530277199,564083084,0;564083084,5374860944,0;5374860944,5374860978,0;5374860978,5374861143,0;5374861143,9053077286,0;9053077286,13527622504,0;13527622504,13167173350,0;13167173350,13527622497,0;13527622497,564083093,0;564083093,6317320202,0;6317320202,564083165,0;564083165,13167173329,0;13167173329,6317320222,0;6317320222,6028645652,0;6028645652,2369336843,0;2369336843,2369336701,0;2369336701,12333484744,0;12333484744,2368579077,0;2368579077,2369336820,0;2369336820,2368578991,0;2368578991,8887740818,0;8887740818,8887717116,0;8887717116,6043430915,0;6043430915,4899192485,0;4899192485,564639012,0;564639012,564638925,0;564638925,504640818,0;504640818,504637096,0;504637096,2787061089,0;2787061089,564641522,0;564641522,11155489649,0;11155489649,11155489650,0;11155489650,2787061341,0;2787061341,2787061167,0"
simulated_extreme,0,0.2,0.0,20262920,source_specific,trusted,10361.510411375662,0.6304806802456153,0.8280776466145003,0.8219173776639992,0.381591638638449,97.93359995819628,15.066699997987598,"9706921350,9706921684,0;9706921684,9706921682,0;9706921682,9713848047,0;9713848047,9713848018,0;9713848018,9713848023,0;9713848023,12984979400,0;12984979400,9713848118,0;9713848118,9713848006,0;9713848006,9713847968,0;9713847968,9706921713,0;9706921713,9706921712,0;9706921712,9706921786,0;9706921786,9778914467,0;9778914467,9706887247,0;9706887247,9706857800,0;9706857800,9706857774,0;9706857774,9706857801,0;9706857801,9706857775,0;9706857775,9706857832,0;9706857832,9706857843,0;9706857843,7161807983,0;7161807983,7161812592,0;7161812592,499478563,0;499478563,499478564,0;499478564,7973114513,0;7973114513,7973099569,0;7973099569,7975273881,0;7975273881,7973099508,0;7973099508,7973099507,0;7973099507,7973114859,0;7973114859,8298792534,0;8298792534,8298792550,0;8298792550,7973114851,0;7973114851,7975286501,0;7975286501,8298792599,0;8298792599,1116501292,0;1116501292,7975286500,0;7975286500,1116501304,0;1116501304,7975286429,0;7975286429,7975286583,0;7975286583,7977056082,0;7977056082,7977056084,0;7977056084,7977050965,0;7977050965,7977056079,0;7977056079,7977056078,0;7977056078,7979256736,0;7979256736,7977056077,0;7977056077,7979256760,0;7979256760,8407048466,0;8407048466,2530277169,0;2530277169,13161326472,0;13161326472,7979256723,0;7979256723,7979924894,0;7979924894,7979918290,0;7979918290,7967831812,0;7967831812,279077946,0;279077946,564083084,0;564083084,5374860944,0;5374860944,5374860978,0;5374860978,5374861143,0;5374861143,9053077286,0;9053077286,13527622504,0;13527622504,13167173350,0;13167173350,13527622497,0;13527622497,564083093,0;564083093,6317320202,0;6317320202,564083165,0;564083165,13167173329,0;13167173329,6317320222,0;6317320222,6028645652,0;6028645652,2369336843,0;2369336843,2369336701,0;2369336701,12333484744,0;12333484744,2368579077,0;2368579077,2369336820,0;2369336820,2368578991,0;2368578991,8887740818,0;8887740818,9570709534,0;9570709534,2369336807,0;2369336807,2368578970,0;2368578970,6043430915,0;6043430915,4899192485,0;4899192485,564639012,0;564639012,564638925,0;564638925,504640818,0;504640818,504637096,0;504637096,2787061089,0;2787061089,2787061351,0;2787061351,2787061330,0;2787061330,11155489650,0;11155489650,2787061341,0;2787061341,2787061167,0"
simulated_extreme,0,0.2,0.0,20262920,universal,risk,10361.510411375662,0.6304806802456153,0.8280776466145003,0.8219173776639992,0.381591638638449,97.1566999796778,15.070700028445572,"9706921350,9706921684,0;9706921684,9706921682,0;9706921682,9713848047,0;9713848047,9713848018,0;9713848018,9713848023,0;9713848023,12984979400,0;12984979400,9713848118,0;9713848118,9713848006,0;9713848006,9713847968,0;9713847968,9706921713,0;9706921713,9706921712,0;9706921712,9706921786,0;9706921786,9778914467,0;9778914467,9706887247,0;9706887247,9706857800,0;9706857800,9706857774,0;9706857774,9706857801,0;9706857801,9706857775,0;9706857775,9706857832,0;9706857832,9706857843,0;9706857843,7161807983,0;7161807983,7161812592,0;7161812592,499478563,0;499478563,499478564,0;499478564,7973114513,0;7973114513,7973099569,0;7973099569,7975273881,0;7975273881,7973099508,0;7973099508,7973099507,0;7973099507,7973114859,0;7973114859,8298792534,0;8298792534,8298792550,0;8298792550,7973114851,0;7973114851,7975286501,0;7975286501,8298792599,0;8298792599,1116501292,0;1116501292,7975286500,0;7975286500,1116501304,0;1116501304,7975286429,0;7975286429,7975286583,0;7975286583,7977056082,0;7977056082,7977056084,0;7977056084,7977050965,0;7977050965,7977056079,0;7977056079,7977056078,0;7977056078,7979256736,0;7979256736,7977056077,0;7977056077,7979256760,0;7979256760,8407048466,0;8407048466,2530277169,0;2530277169,13161326472,0;13161326472,7979256723,0;7979256723,7979924894,0;7979924894,7979918290,0;7979918290,7967831812,0;7967831812,279077946,0;279077946,564083084,0;564083084,5374860944,0;5374860944,5374860978,0;5374860978,5374861143,0;5374861143,9053077286,0;9053077286,13527622504,0;13527622504,13167173350,0;13167173350,13527622497,0;13527622497,564083093,0;564083093,6317320202,0;6317320202,564083165,0;564083165,13167173329,0;13167173329,6317320222,0;6317320222,6028645652,0;6028645652,2369336843,0;2369336843,2369336701,0;2369336701,12333484744,0;12333484744,2368579077,0;2368579077,2369336820,0;2369336820,2368578991,0;2368578991,8887740818,0;8887740818,9570709534,0;9570709534,2369336807,0;2369336807,2368578970,0;2368578970,6043430915,0;6043430915,4899192485,0;4899192485,564639012,0;564639012,564638925,0;564638925,504640818,0;504640818,504637096,0;504637096,2787061089,0;2787061089,2787061351,0;2787061351,2787061330,0;2787061330,11155489650,0;11155489650,2787061341,0;2787061341,2787061167,0"
simulated_extreme,0,0.2,0.0,20262920,universal,risk_uncertainty,10361.510411375662,0.6304806802456153,0.8280776466145003,0.8219173776639992,0.381591638638449,96.75439994316548,14.668399991933256,"9706921350,9706921684,0;9706921684,9706921682,0;9706921682,9713848047,0;9713848047,9713848018,0;9713848018,9713848023,0;9713848023,12984979400,0;12984979400,9713848118,0;9713848118,9713848006,0;9713848006,9713847968,0;9713847968,9706921713,0;9706921713,9706921712,0;9706921712,9706921786,0;9706921786,9778914467,0;9778914467,9706887247,0;9706887247,9706857800,0;9706857800,9706857774,0;9706857774,9706857801,0;9706857801,9706857775,0;9706857775,9706857832,0;9706857832,9706857843,0;9706857843,7161807983,0;7161807983,7161812592,0;7161812592,499478563,0;499478563,499478564,0;499478564,7973114513,0;7973114513,7973099569,0;7973099569,7975273881,0;7975273881,7973099508,0;7973099508,7973099507,0;7973099507,7973114859,0;7973114859,8298792534,0;8298792534,8298792550,0;8298792550,7973114851,0;7973114851,7975286501,0;7975286501,8298792599,0;8298792599,1116501292,0;1116501292,7975286500,0;7975286500,1116501304,0;1116501304,7975286429,0;7975286429,7975286583,0;7975286583,7977056082,0;7977056082,7977056084,0;7977056084,7977050965,0;7977050965,7977056079,0;7977056079,7977056078,0;7977056078,7979256736,0;7979256736,7977056077,0;7977056077,7979256760,0;7979256760,8407048466,0;8407048466,2530277169,0;2530277169,13161326472,0;13161326472,7979256723,0;7979256723,7979924894,0;7979924894,7979918290,0;7979918290,7967831812,0;7967831812,279077946,0;279077946,564083084,0;564083084,5374860944,0;5374860944,5374860978,0;5374860978,5374861143,0;5374861143,9053077286,0;9053077286,13527622504,0;13527622504,13167173350,0;13167173350,13527622497,0;13527622497,564083093,0;564083093,6317320202,0;6317320202,564083165,0;564083165,13167173329,0;13167173329,6317320222,0;6317320222,6028645652,0;6028645652,2369336843,0;2369336843,2369336701,0;2369336701,12333484744,0;12333484744,2368579077,0;2368579077,2369336820,0;2369336820,2368578991,0;2368578991,8887740818,0;8887740818,9570709534,0;9570709534,2369336807,0;2369336807,2368578970,0;2368578970,6043430915,0;6043430915,4899192485,0;4899192485,564639012,0;564639012,564638925,0;564638925,504640818,0;504640818,504637096,0;504637096,2787061089,0;2787061089,2787061351,0;2787061351,2787061330,0;2787061330,11155489650,0;11155489650,2787061341,0;2787061341,2787061167,0"
simulated_extreme,0,0.2,0.0,20262920,universal,shortest,10279.902722198703,0.6421914589263749,0.8280776466145003,0.8190917470674244,0.42948322884636647,96.06599994003773,13.979999988805503,"9706921350,9706921684,0;9706921684,9706921682,0;9706921682,9713848047,0;9713848047,9713848018,0;9713848018,9713848023,0;9713848023,12984979400,0;12984979400,9713848118,0;9713848118,9713848006,0;9713848006,9713847968,0;9713847968,9706921713,0;9706921713,9706921712,0;9706921712,9706921786,0;9706921786,9778914467,0;9778914467,9706887247,0;9706887247,9706857800,0;9706857800,9706857774,0;9706857774,9706857801,0;9706857801,9706857775,0;9706857775,9706857832,0;9706857832,9706857843,0;9706857843,7161807983,0;7161807983,7161812592,0;7161812592,499478563,0;499478563,499478564,0;499478564,7973114513,0;7973114513,7973099569,0;7973099569,7975273881,0;7975273881,7973099508,0;7973099508,7973099507,0;7973099507,7973114859,0;7973114859,8298792534,0;8298792534,8298792550,0;8298792550,7973114851,0;7973114851,7975286501,0;7975286501,8298792599,0;8298792599,1116501292,0;1116501292,7975286500,0;7975286500,1116501304,0;1116501304,1116501296,0;1116501296,7977050964,0;7977050964,7977056084,0;7977056084,7977050965,0;7977050965,7977056079,0;7977056079,7979256640,0;7979256640,7979256626,0;7979256626,7979256668,0;7979256668,7977056101,0;7977056101,7967831807,0;7967831807,7967774259,0;7967774259,503464976,0;503464976,7961771680,0;7961771680,1116492807,0;1116492807,7967774262,0;7967774262,503464985,0;503464985,2530277199,0;2530277199,564083084,0;564083084,5374860944,0;5374860944,5374860978,0;5374860978,5374861143,0;5374861143,9053077286,0;9053077286,13527622504,0;13527622504,13167173350,0;13167173350,13527622497,0;13527622497,564083093,0;564083093,6317320202,0;6317320202,564083165,0;564083165,13167173329,0;13167173329,6317320222,0;6317320222,6028645652,0;6028645652,2369336843,0;2369336843,2369336701,0;2369336701,12333484744,0;12333484744,2368579077,0;2368579077,2369336820,0;2369336820,2368578991,0;2368578991,8887740818,0;8887740818,8887717116,0;8887717116,6043430915,0;6043430915,4899192485,0;4899192485,564639012,0;564639012,564638925,0;564638925,504640818,0;504640818,504637096,0;504637096,2787061089,0;2787061089,564641522,0;564641522,11155489649,0;11155489649,11155489650,0;11155489650,2787061341,0;2787061341,2787061167,0"
simulated_extreme,0,0.2,0.0,20262920,universal,trusted,10361.510411375662,0.6304806802456153,0.8280776466145003,0.8219173776639992,0.381591638638449,96.9943999662064,14.908400014974177,"9706921350,9706921684,0;9706921684,9706921682,0;9706921682,9713848047,0;9713848047,9713848018,0;9713848018,9713848023,0;9713848023,12984979400,0;12984979400,9713848118,0;9713848118,9713848006,0;9713848006,9713847968,0;9713847968,9706921713,0;9706921713,9706921712,0;9706921712,9706921786,0;9706921786,9778914467,0;9778914467,9706887247,0;9706887247,9706857800,0;9706857800,9706857774,0;9706857774,9706857801,0;9706857801,9706857775,0;9706857775,9706857832,0;9706857832,9706857843,0;9706857843,7161807983,0;7161807983,7161812592,0;7161812592,499478563,0;499478563,499478564,0;499478564,7973114513,0;7973114513,7973099569,0;7973099569,7975273881,0;7975273881,7973099508,0;7973099508,7973099507,0;7973099507,7973114859,0;7973114859,8298792534,0;8298792534,8298792550,0;8298792550,7973114851,0;7973114851,7975286501,0;7975286501,8298792599,0;8298792599,1116501292,0;1116501292,7975286500,0;7975286500,1116501304,0;1116501304,7975286429,0;7975286429,7975286583,0;7975286583,7977056082,0;7977056082,7977056084,0;7977056084,7977050965,0;7977050965,7977056079,0;7977056079,7977056078,0;7977056078,7979256736,0;7979256736,7977056077,0;7977056077,7979256760,0;7979256760,8407048466,0;8407048466,2530277169,0;2530277169,13161326472,0;13161326472,7979256723,0;7979256723,7979924894,0;7979924894,7979918290,0;7979918290,7967831812,0;7967831812,279077946,0;279077946,564083084,0;564083084,5374860944,0;5374860944,5374860978,0;5374860978,5374861143,0;5374861143,9053077286,0;9053077286,13527622504,0;13527622504,13167173350,0;13167173350,13527622497,0;13527622497,564083093,0;564083093,6317320202,0;6317320202,564083165,0;564083165,13167173329,0;13167173329,6317320222,0;6317320222,6028645652,0;6028645652,2369336843,0;2369336843,2369336701,0;2369336701,12333484744,0;12333484744,2368579077,0;2368579077,2369336820,0;2369336820,2368578991,0;2368578991,8887740818,0;8887740818,9570709534,0;9570709534,2369336807,0;2369336807,2368578970,0;2368578970,6043430915,0;6043430915,4899192485,0;4899192485,564639012,0;564639012,564638925,0;564638925,504640818,0;504640818,504637096,0;504637096,2787061089,0;2787061089,2787061351,0;2787061351,2787061330,0;2787061330,11155489650,0;11155489650,2787061341,0;2787061341,2787061167,0"
simulated_extreme,0,0.2,0.1,20262930,source_specific,risk,10297.182344079098,0.6370087923684875,0.8280776466145003,0.8219173776639992,0.4311778653622655,99.11020001163706,14.128900016658008,"9706921350,9706921684,0;9706921684,9706921682,0;9706921682,9713848047,0;9713848047,9713848018,0;9713848018,9713848023,0;9713848023,12984979400,0;12984979400,9713848118,0;9713848118,9713848006,0;9713848006,9713847968,0;9713847968,9706921713,0;9706921713,9706921712,0;9706921712,9706921786,0;9706921786,9778914467,0;9778914467,9706887247,0;9706887247,9706857800,0;9706857800,9706857774,0;9706857774,9706857801,0;9706857801,9706857775,0;9706857775,9706857832,0;9706857832,9706857843,0;9706857843,7161807983,0;7161807983,7161812592,0;7161812592,499478563,0;499478563,499478564,0;499478564,7973114513,0;7973114513,7973099569,0;7973099569,7975273881,0;7975273881,7973099508,0;7973099508,7973099507,0;7973099507,7973114859,0;7973114859,8298792534,0;8298792534,8298792550,0;8298792550,7973114851,0;7973114851,7975286501,0;7975286501,8298792599,0;8298792599,1116501292,0;1116501292,7975286500,0;7975286500,1116501304,0;1116501304,7975286429,0;7975286429,7975286583,0;7975286583,7977056082,0;7977056082,7977056084,0;7977056084,7977050965,0;7977050965,7977056079,0;7977056079,7979256640,0;7979256640,7979256626,0;7979256626,7979256668,0;7979256668,7977056101,0;7977056101,7967831807,0;7967831807,7967774259,0;7967774259,503464976,0;503464976,7961771680,0;7961771680,1116492807,0;1116492807,7967774262,0;7967774262,503464985,0;503464985,2530277199,0;2530277199,564083084,0;564083084,5374860944,0;5374860944,5374860978,0;5374860978,5374861143,0;5374861143,9053077286,0;9053077286,13527622504,0;13527622504,13167173350,0;13167173350,13527622497,0;13527622497,564083093,0;564083093,6317320202,0;6317320202,564083165,0;564083165,13167173329,0;13167173329,6317320222,0;6317320222,6028645652,0;6028645652,2369336843,0;2369336843,2369336701,0;2369336701,12333484744,0;12333484744,2368579077,0;2368579077,2369336820,0;2369336820,2368578991,0;2368578991,8887740818,0;8887740818,9570709534,0;9570709534,2369336807,0;2369336807,2368578970,0;2368578970,6043430915,0;6043430915,4899192485,0;4899192485,564639012,0;564639012,564638925,0;564638925,504640818,0;504640818,504637096,0;504637096,2787061089,0;2787061089,2787061351,0;2787061351,2787061330,0;2787061330,11155489650,0;11155489650,2787061341,0;2787061341,2787061167,0"
simulated_extreme,0,0.2,0.1,20262930,source_specific,risk_uncertainty,10351.740746041833,0.6344733131293896,0.8280776466145003,0.8219173776639992,0.39178571587890565,100.57380003854632,15.59250004356727,"9706921350,9706921684,0;9706921684,9706921682,0;9706921682,9713848047,0;9713848047,9713848018,0;9713848018,9713848023,0;9713848023,12984979400,0;12984979400,9713848118,0;9713848118,9713848006,0;9713848006,9713847968,0;9713847968,9706921713,0;9706921713,9706921712,0;9706921712,9706921786,0;9706921786,9778914467,0;9778914467,9706887247,0;9706887247,9706857800,0;9706857800,9706857774,0;9706857774,9706857801,0;9706857801,9706857775,0;9706857775,9706857832,0;9706857832,9706857843,0;9706857843,7161807983,0;7161807983,7161812592,0;7161812592,499478563,0;499478563,499478564,0;499478564,7973114513,0;7973114513,7973099569,0;7973099569,7975273881,0;7975273881,7973099508,0;7973099508,7973099507,0;7973099507,7973114859,0;7973114859,8298792534,0;8298792534,8298792550,0;8298792550,7973114851,0;7973114851,7975286501,0;7975286501,8298792591,0;8298792591,7975286327,0;7975286327,4127126135,0;4127126135,7977050923,0;7977050923,7975286312,0;7975286312,8081200339,0;8081200339,3687652014,0;3687652014,3687652015,0;3687652015,8081200336,0;8081200336,7975286318,0;7975286318,7975286294,0;7975286294,7979256811,0;7979256811,13143687509,0;13143687509,7979256880,0;7979256880,7979256827,0;7979256827,8404871511,0;8404871511,7979256793,0;7979256793,7977056072,0;7977056072,7977056077,0;7977056077,7979256760,0;7979256760,8407048466,0;8407048466,2530277169,0;2530277169,13161326472,0;13161326472,7979256723,0;7979256723,7979924894,0;7979924894,7979918290,0;7979918290,7967831812,0;7967831812,279077946,0;279077946,564083084,0;564083084,5374860944,0;5374860944,5374860978,0;5374860978,5374861143,0;5374861143,9053077286,0;9053077286,13527622504,0;13527622504,13167173350,0;13167173350,13527622497,0;13527622497,564083093,0;564083093,6317320202,0;6317320202,564083165,0;564083165,13167173329,0;13167173329,6317320222,0;6317320222,6028645652,0;6028645652,2369336843,0;2369336843,2369336701,0;2369336701,12333484744,0;12333484744,2368579077,0;2368579077,2369336820,0;2369336820,2368578991,0;2368578991,8887740818,0;8887740818,9570709534,0;9570709534,2369336807,0;2369336807,2368578970,0;2368578970,6043430915,0;6043430915,4899192485,0;4899192485,564639012,0;564639012,564638925,0;564638925,504640818,0;504640818,504637096,0;504637096,2787061089,0;2787061089,2787061351,0;2787061351,2787061330,0;2787061330,11155489650,0;11155489650,2787061341,0;2787061341,2787061167,0"
simulated_extreme,0,0.2,0.1,20262930,source_specific,shortest,10279.902722198703,0.6421914589263749,0.8280776466145003,0.8190917470674244,0.42948322884636647,99.93409999879077,14.952800003811717,"9706921350,9706921684,0;9706921684,9706921682,0;9706921682,9713848047,0;9713848047,9713848018,0;9713848018,9713848023,0;9713848023,12984979400,0;12984979400,9713848118,0;9713848118,9713848006,0;9713848006,9713847968,0;9713847968,9706921713,0;9706921713,9706921712,0;9706921712,9706921786,0;9706921786,9778914467,0;9778914467,9706887247,0;9706887247,9706857800,0;9706857800,9706857774,0;9706857774,9706857801,0;9706857801,9706857775,0;9706857775,9706857832,0;9706857832,9706857843,0;9706857843,7161807983,0;7161807983,7161812592,0;7161812592,499478563,0;499478563,499478564,0;499478564,7973114513,0;7973114513,7973099569,0;7973099569,7975273881,0;7975273881,7973099508,0;7973099508,7973099507,0;7973099507,7973114859,0;7973114859,8298792534,0;8298792534,8298792550,0;8298792550,7973114851,0;7973114851,7975286501,0;7975286501,8298792599,0;8298792599,1116501292,0;1116501292,7975286500,0;7975286500,1116501304,0;1116501304,1116501296,0;1116501296,7977050964,0;7977050964,7977056084,0;7977056084,7977050965,0;7977050965,7977056079,0;7977056079,7979256640,0;7979256640,7979256626,0;7979256626,7979256668,0;7979256668,7977056101,0;7977056101,7967831807,0;7967831807,7967774259,0;7967774259,503464976,0;503464976,7961771680,0;7961771680,1116492807,0;1116492807,7967774262,0;7967774262,503464985,0;503464985,2530277199,0;2530277199,564083084,0;564083084,5374860944,0;5374860944,5374860978,0;5374860978,5374861143,0;5374861143,9053077286,0;9053077286,13527622504,0;13527622504,13167173350,0;13167173350,13527622497,0;13527622497,564083093,0;564083093,6317320202,0;6317320202,564083165,0;564083165,13167173329,0;13167173329,6317320222,0;6317320222,6028645652,0;6028645652,2369336843,0;2369336843,2369336701,0;2369336701,12333484744,0;12333484744,2368579077,0;2368579077,2369336820,0;2369336820,2368578991,0;2368578991,8887740818,0;8887740818,8887717116,0;8887717116,6043430915,0;6043430915,4899192485,0;4899192485,564639012,0;564639012,564638925,0;564638925,504640818,0;504640818,504637096,0;504637096,2787061089,0;2787061089,564641522,0;564641522,11155489649,0;11155489649,11155489650,0;11155489650,2787061341,0;2787061341,2787061167,0"
simulated_extreme,0,0.2,0.1,20262930,source_specific,trusted,10342.099962879767,0.636922114543565,0.8280776466145003,0.8219173776639992,0.3912187457229093,102.25130000617355,17.270000011194497,"9706921350,9706921684,0;9706921684,9706921682,0;9706921682,9713848047,0;9713848047,9713848018,0;9713848018,9713848023,0;9713848023,12984979400,0;12984979400,9713848118,0;9713848118,9713848006,0;9713848006,9713847968,0;9713847968,9706921713,0;9706921713,9706921712,0;9706921712,9706921786,0;9706921786,9778914467,0;9778914467,9706887247,0;9706887247,9706857800,0;9706857800,9706857774,0;9706857774,9706857801,0;9706857801,9706857775,0;9706857775,9706857832,0;9706857832,9706857843,0;9706857843,7161807983,0;7161807983,7161812592,0;7161812592,499478563,0;499478563,499478564,0;499478564,7973114513,0;7973114513,7973099569,0;7973099569,7975273881,0;7975273881,7973099508,0;7973099508,7973099507,0;7973099507,7973114859,0;7973114859,8298792534,0;8298792534,8298792550,0;8298792550,7973114851,0;7973114851,7975286501,0;7975286501,8298792591,0;8298792591,7975286327,0;7975286327,4127126135,0;4127126135,7977050923,0;7977050923,7975286312,0;7975286312,8081200339,0;8081200339,3687652014,0;3687652014,3687652015,0;3687652015,8081200336,0;8081200336,7975286318,0;7975286318,7975286294,0;7975286294,7979256811,0;7979256811,13143687509,0;13143687509,7979256880,0;7979256880,7979256827,0;7979256827,8404871511,0;8404871511,7979256793,0;7979256793,7977056072,0;7977056072,7977056077,0;7977056077,7979256760,0;7979256760,8407048466,0;8407048466,2530277169,0;2530277169,13161326472,0;13161326472,7979256723,0;7979256723,7979924894,0;7979924894,7979918290,0;7979918290,7967831812,0;7967831812,279077946,0;279077946,564083084,0;564083084,5374860944,0;5374860944,5374860978,0;5374860978,5374861143,0;5374861143,9053077286,0;9053077286,13527622504,0;13527622504,13167173350,0;13167173350,13527622497,0;13527622497,564083093,0;564083093,6317320202,0;6317320202,564083165,0;564083165,13167173329,0;13167173329,6317320222,0;6317320222,6028645652,0;6028645652,2369336843,0;2369336843,2369336701,0;2369336701,12333484744,0;12333484744,2368579077,0;2368579077,2369336820,0;2369336820,2368578991,0;2368578991,8887740818,0;8887740818,8887717116,0;8887717116,6043430915,0;6043430915,4899192485,0;4899192485,564639012,0;564639012,564638925,0;564638925,504640818,0;504640818,504637096,0;504637096,2787061089,0;2787061089,2787061351,0;2787061351,2787061330,0;2787061330,11155489650,0;11155489650,2787061341,0;2787061341,2787061167,0"
simulated_extreme,0,0.2,0.1,20262930,universal,risk,10297.182344079098,0.6370087923684875,0.8280776466145003,0.8219173776639992,0.4311778653622655,97.15560002950951,14.739600010216236,"9706921350,9706921684,0;9706921684,9706921682,0;9706921682,9713848047,0;9713848047,9713848018,0;9713848018,9713848023,0;9713848023,12984979400,0;12984979400,9713848118,0;9713848118,9713848006,0;9713848006,9713847968,0;9713847968,9706921713,0;9706921713,9706921712,0;9706921712,9706921786,0;9706921786,9778914467,0;9778914467,9706887247,0;9706887247,9706857800,0;9706857800,9706857774,0;9706857774,9706857801,0;9706857801,9706857775,0;9706857775,9706857832,0;9706857832,9706857843,0;9706857843,7161807983,0;7161807983,7161812592,0;7161812592,499478563,0;499478563,499478564,0;499478564,7973114513,0;7973114513,7973099569,0;7973099569,7975273881,0;7975273881,7973099508,0;7973099508,7973099507,0;7973099507,7973114859,0;7973114859,8298792534,0;8298792534,8298792550,0;8298792550,7973114851,0;7973114851,7975286501,0;7975286501,8298792599,0;8298792599,1116501292,0;1116501292,7975286500,0;7975286500,1116501304,0;1116501304,7975286429,0;7975286429,7975286583,0;7975286583,7977056082,0;7977056082,7977056084,0;7977056084,7977050965,0;7977050965,7977056079,0;7977056079,7979256640,0;7979256640,7979256626,0;7979256626,7979256668,0;7979256668,7977056101,0;7977056101,7967831807,0;7967831807,7967774259,0;7967774259,503464976,0;503464976,7961771680,0;7961771680,1116492807,0;1116492807,7967774262,0;7967774262,503464985,0;503464985,2530277199,0;2530277199,564083084,0;564083084,5374860944,0;5374860944,5374860978,0;5374860978,5374861143,0;5374861143,9053077286,0;9053077286,13527622504,0;13527622504,13167173350,0;13167173350,13527622497,0;13527622497,564083093,0;564083093,6317320202,0;6317320202,564083165,0;564083165,13167173329,0;13167173329,6317320222,0;6317320222,6028645652,0;6028645652,2369336843,0;2369336843,2369336701,0;2369336701,12333484744,0;12333484744,2368579077,0;2368579077,2369336820,0;2369336820,2368578991,0;2368578991,8887740818,0;8887740818,9570709534,0;9570709534,2369336807,0;2369336807,2368578970,0;2368578970,6043430915,0;6043430915,4899192485,0;4899192485,564639012,0;564639012,564638925,0;564638925,504640818,0;504640818,504637096,0;504637096,2787061089,0;2787061089,2787061351,0;2787061351,2787061330,0;2787061330,11155489650,0;11155489650,2787061341,0;2787061341,2787061167,0"
simulated_extreme,0,0.2,0.1,20262930,universal,risk_uncertainty,10351.740746041833,0.6344733131293896,0.8280776466145003,0.8219173776639992,0.39178571587890565,98.06280006887391,15.646800049580634,"9706921350,9706921684,0;9706921684,9706921682,0;9706921682,9713848047,0;9713848047,9713848018,0;9713848018,9713848023,0;9713848023,12984979400,0;12984979400,9713848118,0;9713848118,9713848006,0;9713848006,9713847968,0;9713847968,9706921713,0;9706921713,9706921712,0;9706921712,9706921786,0;9706921786,9778914467,0;9778914467,9706887247,0;9706887247,9706857800,0;9706857800,9706857774,0;9706857774,9706857801,0;9706857801,9706857775,0;9706857775,9706857832,0;9706857832,9706857843,0;9706857843,7161807983,0;7161807983,7161812592,0;7161812592,499478563,0;499478563,499478564,0;499478564,7973114513,0;7973114513,7973099569,0;7973099569,7975273881,0;7975273881,7973099508,0;7973099508,7973099507,0;7973099507,7973114859,0;7973114859,8298792534,0;8298792534,8298792550,0;8298792550,7973114851,0;7973114851,7975286501,0;7975286501,8298792591,0;8298792591,7975286327,0;7975286327,4127126135,0;4127126135,7977050923,0;7977050923,7975286312,0;7975286312,8081200339,0;8081200339,3687652014,0;3687652014,3687652015,0;3687652015,8081200336,0;8081200336,7975286318,0;7975286318,7975286294,0;7975286294,7979256811,0;7979256811,13143687509,0;13143687509,7979256880,0;7979256880,7979256827,0;7979256827,8404871511,0;8404871511,7979256793,0;7979256793,7977056072,0;7977056072,7977056077,0;7977056077,7979256760,0;7979256760,8407048466,0;8407048466,2530277169,0;2530277169,13161326472,0;13161326472,7979256723,0;7979256723,7979924894,0;7979924894,7979918290,0;7979918290,7967831812,0;7967831812,279077946,0;279077946,564083084,0;564083084,5374860944,0;5374860944,5374860978,0;5374860978,5374861143,0;5374861143,9053077286,0;9053077286,13527622504,0;13527622504,13167173350,0;13167173350,13527622497,0;13527622497,564083093,0;564083093,6317320202,0;6317320202,564083165,0;564083165,13167173329,0;13167173329,6317320222,0;6317320222,6028645652,0;6028645652,2369336843,0;2369336843,2369336701,0;2369336701,12333484744,0;12333484744,2368579077,0;2368579077,2369336820,0;2369336820,2368578991,0;2368578991,8887740818,0;8887740818,9570709534,0;9570709534,2369336807,0;2369336807,2368578970,0;2368578970,6043430915,0;6043430915,4899192485,0;4899192485,564639012,0;564639012,564638925,0;564638925,504640818,0;504640818,504637096,0;504637096,2787061089,0;2787061089,2787061351,0;2787061351,2787061330,0;2787061330,11155489650,0;11155489650,2787061341,0;2787061341,2787061167,0"
simulated_extreme,0,0.2,0.1,20262930,universal,shortest,10279.902722198703,0.6421914589263749,0.8280776466145003,0.8190917470674244,0.42948322884636647,98.08369999518618,15.667699975892901,"9706921350,9706921684,0;9706921684,9706921682,0;9706921682,9713848047,0;9713848047,9713848018,0;9713848018,9713848023,0;9713848023,12984979400,0;12984979400,9713848118,0;9713848118,9713848006,0;9713848006,9713847968,0;9713847968,9706921713,0;9706921713,9706921712,0;9706921712,9706921786,0;9706921786,9778914467,0;9778914467,9706887247,0;9706887247,9706857800,0;9706857800,9706857774,0;9706857774,9706857801,0;9706857801,9706857775,0;9706857775,9706857832,0;9706857832,9706857843,0;9706857843,7161807983,0;7161807983,7161812592,0;7161812592,499478563,0;499478563,499478564,0;499478564,7973114513,0;7973114513,7973099569,0;7973099569,7975273881,0;7975273881,7973099508,0;7973099508,7973099507,0;7973099507,7973114859,0;7973114859,8298792534,0;8298792534,8298792550,0;8298792550,7973114851,0;7973114851,7975286501,0;7975286501,8298792599,0;8298792599,1116501292,0;1116501292,7975286500,0;7975286500,1116501304,0;1116501304,1116501296,0;1116501296,7977050964,0;7977050964,7977056084,0;7977056084,7977050965,0;7977050965,7977056079,0;7977056079,7979256640,0;7979256640,7979256626,0;7979256626,7979256668,0;7979256668,7977056101,0;7977056101,7967831807,0;7967831807,7967774259,0;7967774259,503464976,0;503464976,7961771680,0;7961771680,1116492807,0;1116492807,7967774262,0;7967774262,503464985,0;503464985,2530277199,0;2530277199,564083084,0;564083084,5374860944,0;5374860944,5374860978,0;5374860978,5374861143,0;5374861143,9053077286,0;9053077286,13527622504,0;13527622504,13167173350,0;13167173350,13527622497,0;13527622497,564083093,0;564083093,6317320202,0;6317320202,564083165,0;564083165,13167173329,0;13167173329,6317320222,0;6317320222,6028645652,0;6028645652,2369336843,0;2369336843,2369336701,0;2369336701,12333484744,0;12333484744,2368579077,0;2368579077,2369336820,0;2369336820,2368578991,0;2368578991,8887740818,0;8887740818,8887717116,0;8887717116,6043430915,0;6043430915,4899192485,0;4899192485,564639012,0;564639012,564638925,0;564638925,504640818,0;504640818,504637096,0;504637096,2787061089,0;2787061089,564641522,0;564641522,11155489649,0;11155489649,11155489650,0;11155489650,2787061341,0;2787061341,2787061167,0"
simulated_extreme,0,0.2,0.1,20262930,universal,trusted,10342.099962879767,0.636922114543565,0.8280776466145003,0.8219173776639992,0.3912187457229093,101.43160005100071,19.015600031707436,"9706921350,9706921684,0;9706921684,9706921682,0;9706921682,9713848047,0;9713848047,9713848018,0;9713848018,9713848023,0;9713848023,12984979400,0;12984979400,9713848118,0;9713848118,9713848006,0;9713848006,9713847968,0;9713847968,9706921713,0;9706921713,9706921712,0;9706921712,9706921786,0;9706921786,9778914467,0;9778914467,9706887247,0;9706887247,9706857800,0;9706857800,9706857774,0;9706857774,9706857801,0;9706857801,9706857775,0;9706857775,9706857832,0;9706857832,9706857843,0;9706857843,7161807983,0;7161807983,7161812592,0;7161812592,499478563,0;499478563,499478564,0;499478564,7973114513,0;7973114513,7973099569,0;7973099569,7975273881,0;7975273881,7973099508,0;7973099508,7973099507,0;7973099507,7973114859,0;7973114859,8298792534,0;8298792534,8298792550,0;8298792550,7973114851,0;7973114851,7975286501,0;7975286501,8298792591,0;8298792591,7975286327,0;7975286327,4127126135,0;4127126135,7977050923,0;7977050923,7975286312,0;7975286312,8081200339,0;8081200339,3687652014,0;3687652014,3687652015,0;3687652015,8081200336,0;8081200336,7975286318,0;7975286318,7975286294,0;7975286294,7979256811,0;7979256811,13143687509,0;13143687509,7979256880,0;7979256880,7979256827,0;7979256827,8404871511,0;8404871511,7979256793,0;7979256793,7977056072,0;7977056072,7977056077,0;7977056077,7979256760,0;7979256760,8407048466,0;8407048466,2530277169,0;2530277169,13161326472,0;13161326472,7979256723,0;7979256723,7979924894,0;7979924894,7979918290,0;7979918290,7967831812,0;7967831812,279077946,0;279077946,564083084,0;564083084,5374860944,0;5374860944,5374860978,0;5374860978,5374861143,0;5374861143,9053077286,0;9053077286,13527622504,0;13527622504,13167173350,0;13167173350,13527622497,0;13527622497,564083093,0;564083093,6317320202,0;6317320202,564083165,0;564083165,13167173329,0;13167173329,6317320222,0;6317320222,6028645652,0;6028645652,2369336843,0;2369336843,2369336701,0;2369336701,12333484744,0;12333484744,2368579077,0;2368579077,2369336820,0;2369336820,2368578991,0;2368578991,8887740818,0;8887740818,8887717116,0;8887717116,6043430915,0;6043430915,4899192485,0;4899192485,564639012,0;564639012,564638925,0;564638925,504640818,0;504640818,504637096,0;504637096,2787061089,0;2787061089,2787061351,0;2787061351,2787061330,0;2787061330,11155489650,0;11155489650,2787061341,0;2787061341,2787061167,0"
simulated_extreme,0,0.2,0.2,20262940,source_specific,risk,10361.510411375662,0.6304806802456153,0.8280776466145003,0.8219173776639992,0.381591638638449,95.19129997352138,14.839499955996871,"9706921350,9706921684,0;9706921684,9706921682,0;9706921682,9713848047,0;9713848047,9713848018,0;9713848018,9713848023,0;9713848023,12984979400,0;12984979400,9713848118,0;9713848118,9713848006,0;9713848006,9713847968,0;9713847968,9706921713,0;9706921713,9706921712,0;9706921712,9706921786,0;9706921786,9778914467,0;9778914467,9706887247,0;9706887247,9706857800,0;9706857800,9706857774,0;9706857774,9706857801,0;9706857801,9706857775,0;9706857775,9706857832,0;9706857832,9706857843,0;9706857843,7161807983,0;7161807983,7161812592,0;7161812592,499478563,0;499478563,499478564,0;499478564,7973114513,0;7973114513,7973099569,0;7973099569,7975273881,0;7975273881,7973099508,0;7973099508,7973099507,0;7973099507,7973114859,0;7973114859,8298792534,0;8298792534,8298792550,0;8298792550,7973114851,0;7973114851,7975286501,0;7975286501,8298792599,0;8298792599,1116501292,0;1116501292,7975286500,0;7975286500,1116501304,0;1116501304,7975286429,0;7975286429,7975286583,0;7975286583,7977056082,0;7977056082,7977056084,0;7977056084,7977050965,0;7977050965,7977056079,0;7977056079,7977056078,0;7977056078,7979256736,0;7979256736,7977056077,0;7977056077,7979256760,0;7979256760,8407048466,0;8407048466,2530277169,0;2530277169,13161326472,0;13161326472,7979256723,0;7979256723,7979924894,0;7979924894,7979918290,0;7979918290,7967831812,0;7967831812,279077946,0;279077946,564083084,0;564083084,5374860944,0;5374860944,5374860978,0;5374860978,5374861143,0;5374861143,9053077286,0;9053077286,13527622504,0;13527622504,13167173350,0;13167173350,13527622497,0;13527622497,564083093,0;564083093,6317320202,0;6317320202,564083165,0;564083165,13167173329,0;13167173329,6317320222,0;6317320222,6028645652,0;6028645652,2369336843,0;2369336843,2369336701,0;2369336701,12333484744,0;12333484744,2368579077,0;2368579077,2369336820,0;2369336820,2368578991,0;2368578991,8887740818,0;8887740818,9570709534,0;9570709534,2369336807,0;2369336807,2368578970,0;2368578970,6043430915,0;6043430915,4899192485,0;4899192485,564639012,0;564639012,564638925,0;564638925,504640818,0;504640818,504637096,0;504637096,2787061089,0;2787061089,2787061351,0;2787061351,2787061330,0;2787061330,11155489650,0;11155489650,2787061341,0;2787061341,2787061167,0"
simulated_extreme,0,0.2,0.2,20262940,source_specific,risk_uncertainty,10297.182344079098,0.6370087923684875,0.8280776466145003,0.8219173776639992,0.4311778653622655,96.24350006924942,15.89170005172491,"9706921350,9706921684,0;9706921684,9706921682,0;9706921682,9713848047,0;9713848047,9713848018,0;9713848018,9713848023,0;9713848023,12984979400,0;12984979400,9713848118,0;9713848118,9713848006,0;9713848006,9713847968,0;9713847968,9706921713,0;9706921713,9706921712,0;9706921712,9706921786,0;9706921786,9778914467,0;9778914467,9706887247,0;9706887247,9706857800,0;9706857800,9706857774,0;9706857774,9706857801,0;9706857801,9706857775,0;9706857775,9706857832,0;9706857832,9706857843,0;9706857843,7161807983,0;7161807983,7161812592,0;7161812592,499478563,0;499478563,499478564,0;499478564,7973114513,0;7973114513,7973099569,0;7973099569,7975273881,0;7975273881,7973099508,0;7973099508,7973099507,0;7973099507,7973114859,0;7973114859,8298792534,0;8298792534,8298792550,0;8298792550,7973114851,0;7973114851,7975286501,0;7975286501,8298792599,0;8298792599,1116501292,0;1116501292,7975286500,0;7975286500,1116501304,0;1116501304,7975286429,0;7975286429,7975286583,0;7975286583,7977056082,0;7977056082,7977056084,0;7977056084,7977050965,0;7977050965,7977056079,0;7977056079,7979256640,0;7979256640,7979256626,0;7979256626,7979256668,0;7979256668,7977056101,0;7977056101,7967831807,0;7967831807,7967774259,0;7967774259,503464976,0;503464976,7961771680,0;7961771680,1116492807,0;1116492807,7967774262,0;7967774262,503464985,0;503464985,2530277199,0;2530277199,564083084,0;564083084,5374860944,0;5374860944,5374860978,0;5374860978,5374861143,0;5374861143,9053077286,0;9053077286,13527622504,0;13527622504,13167173350,0;13167173350,13527622497,0;13527622497,564083093,0;564083093,6317320202,0;6317320202,564083165,0;564083165,13167173329,0;13167173329,6317320222,0;6317320222,6028645652,0;6028645652,2369336843,0;2369336843,2369336701,0;2369336701,12333484744,0;12333484744,2368579077,0;2368579077,2369336820,0;2369336820,2368578991,0;2368578991,8887740818,0;8887740818,9570709534,0;9570709534,2369336807,0;2369336807,2368578970,0;2368578970,6043430915,0;6043430915,4899192485,0;4899192485,564639012,0;564639012,564638925,0;564638925,504640818,0;504640818,504637096,0;504637096,2787061089,0;2787061089,2787061351,0;2787061351,2787061330,0;2787061330,11155489650,0;11155489650,2787061341,0;2787061341,2787061167,0"
simulated_extreme,0,0.2,0.2,20262940,source_specific,shortest,10279.902722198703,0.6421914589263749,0.8280776466145003,0.8190917470674244,0.42948322884636647,95.4015000606887,15.049700043164194,"9706921350,9706921684,0;9706921684,9706921682,0;9706921682,9713848047,0;9713848047,9713848018,0;9713848018,9713848023,0;9713848023,12984979400,0;12984979400,9713848118,0;9713848118,9713848006,0;9713848006,9713847968,0;9713847968,9706921713,0;9706921713,9706921712,0;9706921712,9706921786,0;9706921786,9778914467,0;9778914467,9706887247,0;9706887247,9706857800,0;9706857800,9706857774,0;9706857774,9706857801,0;9706857801,9706857775,0;9706857775,9706857832,0;9706857832,9706857843,0;9706857843,7161807983,0;7161807983,7161812592,0;7161812592,499478563,0;499478563,499478564,0;499478564,7973114513,0;7973114513,7973099569,0;7973099569,7975273881,0;7975273881,7973099508,0;7973099508,7973099507,0;7973099507,7973114859,0;7973114859,8298792534,0;8298792534,8298792550,0;8298792550,7973114851,0;7973114851,7975286501,0;7975286501,8298792599,0;8298792599,1116501292,0;1116501292,7975286500,0;7975286500,1116501304,0;1116501304,1116501296,0;1116501296,7977050964,0;7977050964,7977056084,0;7977056084,7977050965,0;7977050965,7977056079,0;7977056079,7979256640,0;7979256640,7979256626,0;7979256626,7979256668,0;7979256668,7977056101,0;7977056101,7967831807,0;7967831807,7967774259,0;7967774259,503464976,0;503464976,7961771680,0;7961771680,1116492807,0;1116492807,7967774262,0;7967774262,503464985,0;503464985,2530277199,0;2530277199,564083084,0;564083084,5374860944,0;5374860944,5374860978,0;5374860978,5374861143,0;5374861143,9053077286,0;9053077286,13527622504,0;13527622504,13167173350,0;13167173350,13527622497,0;13527622497,564083093,0;564083093,6317320202,0;6317320202,564083165,0;564083165,13167173329,0;13167173329,6317320222,0;6317320222,6028645652,0;6028645652,2369336843,0;2369336843,2369336701,0;2369336701,12333484744,0;12333484744,2368579077,0;2368579077,2369336820,0;2369336820,2368578991,0;2368578991,8887740818,0;8887740818,8887717116,0;8887717116,6043430915,0;6043430915,4899192485,0;4899192485,564639012,0;564639012,564638925,0;564638925,504640818,0;504640818,504637096,0;504637096,2787061089,0;2787061089,564641522,0;564641522,11155489649,0;11155489649,11155489650,0;11155489650,2787061341,0;2787061341,2787061167,0"
simulated_extreme,0,0.2,0.2,20262940,source_specific,trusted,10287.541560917032,0.6394729567045524,0.8280776466145003,0.8219173776639992,0.4306448040059294,97.24500001175329,16.89319999422878,"9706921350,9706921684,0;9706921684,9706921682,0;9706921682,9713848047,0;9713848047,9713848018,0;9713848018,9713848023,0;9713848023,12984979400,0;12984979400,9713848118,0;9713848118,9713848006,0;9713848006,9713847968,0;9713847968,9706921713,0;9706921713,9706921712,0;9706921712,9706921786,0;9706921786,9778914467,0;9778914467,9706887247,0;9706887247,9706857800,0;9706857800,9706857774,0;9706857774,9706857801,0;9706857801,9706857775,0;9706857775,9706857832,0;9706857832,9706857843,0;9706857843,7161807983,0;7161807983,7161812592,0;7161812592,499478563,0;499478563,499478564,0;499478564,7973114513,0;7973114513,7973099569,0;7973099569,7975273881,0;7975273881,7973099508,0;7973099508,7973099507,0;7973099507,7973114859,0;7973114859,8298792534,0;8298792534,8298792550,0;8298792550,7973114851,0;7973114851,7975286501,0;7975286501,8298792599,0;8298792599,1116501292,0;1116501292,7975286500,0;7975286500,1116501304,0;1116501304,7975286429,0;7975286429,7975286583,0;7975286583,7977056082,0;7977056082,7977056084,0;7977056084,7977050965,0;7977050965,7977056079,0;7977056079,7979256640,0;7979256640,7979256626,0;7979256626,7979256668,0;7979256668,7977056101,0;7977056101,7967831807,0;7967831807,7967774259,0;7967774259,503464976,0;503464976,7961771680,0;7961771680,1116492807,0;1116492807,7967774262,0;7967774262,503464985,0;503464985,2530277199,0;2530277199,564083084,0;564083084,5374860944,0;5374860944,5374860978,0;5374860978,5374861143,0;5374861143,9053077286,0;9053077286,13527622504,0;13527622504,13167173350,0;13167173350,13527622497,0;13527622497,564083093,0;564083093,6317320202,0;6317320202,564083165,0;564083165,13167173329,0;13167173329,6317320222,0;6317320222,6028645652,0;6028645652,2369336843,0;2369336843,2369336701,0;2369336701,12333484744,0;12333484744,2368579077,0;2368579077,2369336820,0;2369336820,2368578991,0;2368578991,8887740818,0;8887740818,8887717116,0;8887717116,6043430915,0;6043430915,4899192485,0;4899192485,564639012,0;564639012,564638925,0;564638925,504640818,0;504640818,504637096,0;504637096,2787061089,0;2787061089,2787061351,0;2787061351,2787061330,0;2787061330,11155489650,0;11155489650,2787061341,0;2787061341,2787061167,0"
simulated_extreme,0,0.2,0.2,20262940,universal,risk,10361.510411375662,0.6304806802456153,0.8280776466145003,0.8219173776639992,0.381591638638449,95.49829998286441,15.353199967648834,"9706921350,9706921684,0;9706921684,9706921682,0;9706921682,9713848047,0;9713848047,9713848018,0;9713848018,9713848023,0;9713848023,12984979400,0;12984979400,9713848118,0;9713848118,9713848006,0;9713848006,9713847968,0;9713847968,9706921713,0;9706921713,9706921712,0;9706921712,9706921786,0;9706921786,9778914467,0;9778914467,9706887247,0;9706887247,9706857800,0;9706857800,9706857774,0;9706857774,9706857801,0;9706857801,9706857775,0;9706857775,9706857832,0;9706857832,9706857843,0;9706857843,7161807983,0;7161807983,7161812592,0;7161812592,499478563,0;499478563,499478564,0;499478564,7973114513,0;7973114513,7973099569,0;7973099569,7975273881,0;7975273881,7973099508,0;7973099508,7973099507,0;7973099507,7973114859,0;7973114859,8298792534,0;8298792534,8298792550,0;8298792550,7973114851,0;7973114851,7975286501,0;7975286501,8298792599,0;8298792599,1116501292,0;1116501292,7975286500,0;7975286500,1116501304,0;1116501304,7975286429,0;7975286429,7975286583,0;7975286583,7977056082,0;7977056082,7977056084,0;7977056084,7977050965,0;7977050965,7977056079,0;7977056079,7977056078,0;7977056078,7979256736,0;7979256736,7977056077,0;7977056077,7979256760,0;7979256760,8407048466,0;8407048466,2530277169,0;2530277169,13161326472,0;13161326472,7979256723,0;7979256723,7979924894,0;7979924894,7979918290,0;7979918290,7967831812,0;7967831812,279077946,0;279077946,564083084,0;564083084,5374860944,0;5374860944,5374860978,0;5374860978,5374861143,0;5374861143,9053077286,0;9053077286,13527622504,0;13527622504,13167173350,0;13167173350,13527622497,0;13527622497,564083093,0;564083093,6317320202,0;6317320202,564083165,0;564083165,13167173329,0;13167173329,6317320222,0;6317320222,6028645652,0;6028645652,2369336843,0;2369336843,2369336701,0;2369336701,12333484744,0;12333484744,2368579077,0;2368579077,2369336820,0;2369336820,2368578991,0;2368578991,8887740818,0;8887740818,9570709534,0;9570709534,2369336807,0;2369336807,2368578970,0;2368578970,6043430915,0;6043430915,4899192485,0;4899192485,564639012,0;564639012,564638925,0;564638925,504640818,0;504640818,504637096,0;504637096,2787061089,0;2787061089,2787061351,0;2787061351,2787061330,0;2787061330,11155489650,0;11155489650,2787061341,0;2787061341,2787061167,0"
simulated_extreme,0,0.2,0.2,20262940,universal,risk_uncertainty,10297.182344079098,0.6370087923684875,0.8280776466145003,0.8219173776639992,0.4311778653622655,97.541099996306,17.395999981090426,"9706921350,9706921684,0;9706921684,9706921682,0;9706921682,9713848047,0;9713848047,9713848018,0;9713848018,9713848023,0;9713848023,12984979400,0;12984979400,9713848118,0;9713848118,9713848006,0;9713848006,9713847968,0;9713847968,9706921713,0;9706921713,9706921712,0;9706921712,9706921786,0;9706921786,9778914467,0;9778914467,9706887247,0;9706887247,9706857800,0;9706857800,9706857774,0;9706857774,9706857801,0;9706857801,9706857775,0;9706857775,9706857832,0;9706857832,9706857843,0;9706857843,7161807983,0;7161807983,7161812592,0;7161812592,499478563,0;499478563,499478564,0;499478564,7973114513,0;7973114513,7973099569,0;7973099569,7975273881,0;7975273881,7973099508,0;7973099508,7973099507,0;7973099507,7973114859,0;7973114859,8298792534,0;8298792534,8298792550,0;8298792550,7973114851,0;7973114851,7975286501,0;7975286501,8298792599,0;8298792599,1116501292,0;1116501292,7975286500,0;7975286500,1116501304,0;1116501304,7975286429,0;7975286429,7975286583,0;7975286583,7977056082,0;7977056082,7977056084,0;7977056084,7977050965,0;7977050965,7977056079,0;7977056079,7979256640,0;7979256640,7979256626,0;7979256626,7979256668,0;7979256668,7977056101,0;7977056101,7967831807,0;7967831807,7967774259,0;7967774259,503464976,0;503464976,7961771680,0;7961771680,1116492807,0;1116492807,7967774262,0;7967774262,503464985,0;503464985,2530277199,0;2530277199,564083084,0;564083084,5374860944,0;5374860944,5374860978,0;5374860978,5374861143,0;5374861143,9053077286,0;9053077286,13527622504,0;13527622504,13167173350,0;13167173350,13527622497,0;13527622497,564083093,0;564083093,6317320202,0;6317320202,564083165,0;564083165,13167173329,0;13167173329,6317320222,0;6317320222,6028645652,0;6028645652,2369336843,0;2369336843,2369336701,0;2369336701,12333484744,0;12333484744,2368579077,0;2368579077,2369336820,0;2369336820,2368578991,0;2368578991,8887740818,0;8887740818,9570709534,0;9570709534,2369336807,0;2369336807,2368578970,0;2368578970,6043430915,0;6043430915,4899192485,0;4899192485,564639012,0;564639012,564638925,0;564638925,504640818,0;504640818,504637096,0;504637096,2787061089,0;2787061089,2787061351,0;2787061351,2787061330,0;2787061330,11155489650,0;11155489650,2787061341,0;2787061341,2787061167,0"
simulated_extreme,0,0.2,0.2,20262940,universal,shortest,10279.902722198703,0.6421914589263749,0.8280776466145003,0.8190917470674244,0.42948322884636647,93.76920002978295,13.624100014567375,"9706921350,9706921684,0;9706921684,9706921682,0;9706921682,9713848047,0;9713848047,9713848018,0;9713848018,9713848023,0;9713848023,12984979400,0;12984979400,9713848118,0;9713848118,9713848006,0;9713848006,9713847968,0;9713847968,9706921713,0;9706921713,9706921712,0;9706921712,9706921786,0;9706921786,9778914467,0;9778914467,9706887247,0;9706887247,9706857800,0;9706857800,9706857774,0;9706857774,9706857801,0;9706857801,9706857775,0;9706857775,9706857832,0;9706857832,9706857843,0;9706857843,7161807983,0;7161807983,7161812592,0;7161812592,499478563,0;499478563,499478564,0;499478564,7973114513,0;7973114513,7973099569,0;7973099569,7975273881,0;7975273881,7973099508,0;7973099508,7973099507,0;7973099507,7973114859,0;7973114859,8298792534,0;8298792534,8298792550,0;8298792550,7973114851,0;7973114851,7975286501,0;7975286501,8298792599,0;8298792599,1116501292,0;1116501292,7975286500,0;7975286500,1116501304,0;1116501304,1116501296,0;1116501296,7977050964,0;7977050964,7977056084,0;7977056084,7977050965,0;7977050965,7977056079,0;7977056079,7979256640,0;7979256640,7979256626,0;7979256626,7979256668,0;7979256668,7977056101,0;7977056101,7967831807,0;7967831807,7967774259,0;7967774259,503464976,0;503464976,7961771680,0;7961771680,1116492807,0;1116492807,7967774262,0;7967774262,503464985,0;503464985,2530277199,0;2530277199,564083084,0;564083084,5374860944,0;5374860944,5374860978,0;5374860978,5374861143,0;5374861143,9053077286,0;9053077286,13527622504,0;13527622504,13167173350,0;13167173350,13527622497,0;13527622497,564083093,0;564083093,6317320202,0;6317320202,564083165,0;564083165,13167173329,0;13167173329,6317320222,0;6317320222,6028645652,0;6028645652,2369336843,0;2369336843,2369336701,0;2369336701,12333484744,0;12333484744,2368579077,0;2368579077,2369336820,0;2369336820,2368578991,0;2368578991,8887740818,0;8887740818,8887717116,0;8887717116,6043430915,0;6043430915,4899192485,0;4899192485,564639012,0;564639012,564638925,0;564638925,504640818,0;504640818,504637096,0;504637096,2787061089,0;2787061089,564641522,0;564641522,11155489649,0;11155489649,11155489650,0;11155489650,2787061341,0;2787061341,2787061167,0"
simulated_extreme,0,0.2,0.2,20262940,universal,trusted,10287.541560917032,0.6394729567045524,0.8280776466145003,0.8219173776639992,0.4306448040059294,94.94690003339201,14.801800018176436,"9706921350,9706921684,0;9706921684,9706921682,0;9706921682,9713848047,0;9713848047,9713848018,0;9713848018,9713848023,0;9713848023,12984979400,0;12984979400,9713848118,0;9713848118,9713848006,0;9713848006,9713847968,0;9713847968,9706921713,0;9706921713,9706921712,0;9706921712,9706921786,0;9706921786,9778914467,0;9778914467,9706887247,0;9706887247,9706857800,0;9706857800,9706857774,0;9706857774,9706857801,0;9706857801,9706857775,0;9706857775,9706857832,0;9706857832,9706857843,0;9706857843,7161807983,0;7161807983,7161812592,0;7161812592,499478563,0;499478563,499478564,0;499478564,7973114513,0;7973114513,7973099569,0;7973099569,7975273881,0;7975273881,7973099508,0;7973099508,7973099507,0;7973099507,7973114859,0;7973114859,8298792534,0;8298792534,8298792550,0;8298792550,7973114851,0;7973114851,7975286501,0;7975286501,8298792599,0;8298792599,1116501292,0;1116501292,7975286500,0;7975286500,1116501304,0;1116501304,7975286429,0;7975286429,7975286583,0;7975286583,7977056082,0;7977056082,7977056084,0;7977056084,7977050965,0;7977050965,7977056079,0;7977056079,7979256640,0;7979256640,7979256626,0;7979256626,7979256668,0;7979256668,7977056101,0;7977056101,7967831807,0;7967831807,7967774259,0;7967774259,503464976,0;503464976,7961771680,0;7961771680,1116492807,0;1116492807,7967774262,0;7967774262,503464985,0;503464985,2530277199,0;2530277199,564083084,0;564083084,5374860944,0;5374860944,5374860978,0;5374860978,5374861143,0;5374861143,9053077286,0;9053077286,13527622504,0;13527622504,13167173350,0;13167173350,13527622497,0;13527622497,564083093,0;564083093,6317320202,0;6317320202,564083165,0;564083165,13167173329,0;13167173329,6317320222,0;6317320222,6028645652,0;6028645652,2369336843,0;2369336843,2369336701,0;2369336701,12333484744,0;12333484744,2368579077,0;2368579077,2369336820,0;2369336820,2368578991,0;2368578991,8887740818,0;8887740818,8887717116,0;8887717116,6043430915,0;6043430915,4899192485,0;4899192485,564639012,0;564639012,564638925,0;564638925,504640818,0;504640818,504637096,0;504637096,2787061089,0;2787061089,2787061351,0;2787061351,2787061330,0;2787061330,11155489650,0;11155489650,2787061341,0;2787061341,2787061167,0"
simulated_extreme,0,0.4,0.0,20264920,source_specific,risk,10297.182344079098,0.6370087923684875,0.8280776466145003,0.8219173776639992,0.4311778653622655,97.3117999965325,15.058799996040761,"9706921350,9706921684,0;9706921684,9706921682,0;9706921682,9713848047,0;9713848047,9713848018,0;9713848018,9713848023,0;9713848023,12984979400,0;12984979400,9713848118,0;9713848118,9713848006,0;9713848006,9713847968,0;9713847968,9706921713,0;9706921713,9706921712,0;9706921712,9706921786,0;9706921786,9778914467,0;9778914467,9706887247,0;9706887247,9706857800,0;9706857800,9706857774,0;9706857774,9706857801,0;9706857801,9706857775,0;9706857775,9706857832,0;9706857832,9706857843,0;9706857843,7161807983,0;7161807983,7161812592,0;7161812592,499478563,0;499478563,499478564,0;499478564,7973114513,0;7973114513,7973099569,0;7973099569,7975273881,0;7975273881,7973099508,0;7973099508,7973099507,0;7973099507,7973114859,0;7973114859,8298792534,0;8298792534,8298792550,0;8298792550,7973114851,0;7973114851,7975286501,0;7975286501,8298792599,0;8298792599,1116501292,0;1116501292,7975286500,0;7975286500,1116501304,0;1116501304,7975286429,0;7975286429,7975286583,0;7975286583,7977056082,0;7977056082,7977056084,0;7977056084,7977050965,0;7977050965,7977056079,0;7977056079,7979256640,0;7979256640,7979256626,0;7979256626,7979256668,0;7979256668,7977056101,0;7977056101,7967831807,0;7967831807,7967774259,0;7967774259,503464976,0;503464976,7961771680,0;7961771680,1116492807,0;1116492807,7967774262,0;7967774262,503464985,0;503464985,2530277199,0;2530277199,564083084,0;564083084,5374860944,0;5374860944,5374860978,0;5374860978,5374861143,0;5374861143,9053077286,0;9053077286,13527622504,0;13527622504,13167173350,0;13167173350,13527622497,0;13527622497,564083093,0;564083093,6317320202,0;6317320202,564083165,0;564083165,13167173329,0;13167173329,6317320222,0;6317320222,6028645652,0;6028645652,2369336843,0;2369336843,2369336701,0;2369336701,12333484744,0;12333484744,2368579077,0;2368579077,2369336820,0;2369336820,2368578991,0;2368578991,8887740818,0;8887740818,9570709534,0;9570709534,2369336807,0;2369336807,2368578970,0;2368578970,6043430915,0;6043430915,4899192485,0;4899192485,564639012,0;564639012,564638925,0;564638925,504640818,0;504640818,504637096,0;504637096,2787061089,0;2787061089,2787061351,0;2787061351,2787061330,0;2787061330,11155489650,0;11155489650,2787061341,0;2787061341,2787061167,0"
simulated_extreme,0,0.4,0.0,20264920,source_specific,risk_uncertainty,10297.182344079098,0.6370087923684875,0.8280776466145003,0.8219173776639992,0.4311778653622655,99.2361000389792,16.983100038487464,"9706921350,9706921684,0;9706921684,9706921682,0;9706921682,9713848047,0;9713848047,9713848018,0;9713848018,9713848023,0;9713848023,12984979400,0;12984979400,9713848118,0;9713848118,9713848006,0;9713848006,9713847968,0;9713847968,9706921713,0;9706921713,9706921712,0;9706921712,9706921786,0;9706921786,9778914467,0;9778914467,9706887247,0;9706887247,9706857800,0;9706857800,9706857774,0;9706857774,9706857801,0;9706857801,9706857775,0;9706857775,9706857832,0;9706857832,9706857843,0;9706857843,7161807983,0;7161807983,7161812592,0;7161812592,499478563,0;499478563,499478564,0;499478564,7973114513,0;7973114513,7973099569,0;7973099569,7975273881,0;7975273881,7973099508,0;7973099508,7973099507,0;7973099507,7973114859,0;7973114859,8298792534,0;8298792534,8298792550,0;8298792550,7973114851,0;7973114851,7975286501,0;7975286501,8298792599,0;8298792599,1116501292,0;1116501292,7975286500,0;7975286500,1116501304,0;1116501304,7975286429,0;7975286429,7975286583,0;7975286583,7977056082,0;7977056082,7977056084,0;7977056084,7977050965,0;7977050965,7977056079,0;7977056079,7979256640,0;7979256640,7979256626,0;7979256626,7979256668,0;7979256668,7977056101,0;7977056101,7967831807,0;7967831807,7967774259,0;7967774259,503464976,0;503464976,7961771680,0;7961771680,1116492807,0;1116492807,7967774262,0;7967774262,503464985,0;503464985,2530277199,0;2530277199,564083084,0;564083084,5374860944,0;5374860944,5374860978,0;5374860978,5374861143,0;5374861143,9053077286,0;9053077286,13527622504,0;13527622504,13167173350,0;13167173350,13527622497,0;13527622497,564083093,0;564083093,6317320202,0;6317320202,564083165,0;564083165,13167173329,0;13167173329,6317320222,0;6317320222,6028645652,0;6028645652,2369336843,0;2369336843,2369336701,0;2369336701,12333484744,0;12333484744,2368579077,0;2368579077,2369336820,0;2369336820,2368578991,0;2368578991,8887740818,0;8887740818,9570709534,0;9570709534,2369336807,0;2369336807,2368578970,0;2368578970,6043430915,0;6043430915,4899192485,0;4899192485,564639012,0;564639012,564638925,0;564638925,504640818,0;504640818,504637096,0;504637096,2787061089,0;2787061089,2787061351,0;2787061351,2787061330,0;2787061330,11155489650,0;11155489650,2787061341,0;2787061341,2787061167,0"
simulated_extreme,0,0.4,0.0,20264920,source_specific,shortest,10279.902722198703,0.6421914589263749,0.8280776466145003,0.8190917470674244,0.42948322884636647,97.41410001879558,15.161100018303841,"9706921350,9706921684,0;9706921684,9706921682,0;9706921682,9713848047,0;9713848047,9713848018,0;9713848018,9713848023,0;9713848023,12984979400,0;12984979400,9713848118,0;9713848118,9713848006,0;9713848006,9713847968,0;9713847968,9706921713,0;9706921713,9706921712,0;9706921712,9706921786,0;9706921786,9778914467,0;9778914467,9706887247,0;9706887247,9706857800,0;9706857800,9706857774,0;9706857774,9706857801,0;9706857801,9706857775,0;9706857775,9706857832,0;9706857832,9706857843,0;9706857843,7161807983,0;7161807983,7161812592,0;7161812592,499478563,0;499478563,499478564,0;499478564,7973114513,0;7973114513,7973099569,0;7973099569,7975273881,0;7975273881,7973099508,0;7973099508,7973099507,0;7973099507,7973114859,0;7973114859,8298792534,0;8298792534,8298792550,0;8298792550,7973114851,0;7973114851,7975286501,0;7975286501,8298792599,0;8298792599,1116501292,0;1116501292,7975286500,0;7975286500,1116501304,0;1116501304,1116501296,0;1116501296,7977050964,0;7977050964,7977056084,0;7977056084,7977050965,0;7977050965,7977056079,0;7977056079,7979256640,0;7979256640,7979256626,0;7979256626,7979256668,0;7979256668,7977056101,0;7977056101,7967831807,0;7967831807,7967774259,0;7967774259,503464976,0;503464976,7961771680,0;7961771680,1116492807,0;1116492807,7967774262,0;7967774262,503464985,0;503464985,2530277199,0;2530277199,564083084,0;564083084,5374860944,0;5374860944,5374860978,0;5374860978,5374861143,0;5374861143,9053077286,0;9053077286,13527622504,0;13527622504,13167173350,0;13167173350,13527622497,0;13527622497,564083093,0;564083093,6317320202,0;6317320202,564083165,0;564083165,13167173329,0;13167173329,6317320222,0;6317320222,6028645652,0;6028645652,2369336843,0;2369336843,2369336701,0;2369336701,12333484744,0;12333484744,2368579077,0;2368579077,2369336820,0;2369336820,2368578991,0;2368578991,8887740818,0;8887740818,8887717116,0;8887717116,6043430915,0;6043430915,4899192485,0;4899192485,564639012,0;564639012,564638925,0;564638925,504640818,0;504640818,504637096,0;504637096,2787061089,0;2787061089,564641522,0;564641522,11155489649,0;11155489649,11155489650,0;11155489650,2787061341,0;2787061341,2787061167,0"
simulated_extreme,0,0.4,0.0,20264920,source_specific,trusted,10297.182344079098,0.6370087923684875,0.8280776466145003,0.8219173776639992,0.4311778653622655,98.03189995000139,15.77889994950965,"9706921350,9706921684,0;9706921684,9706921682,0;9706921682,9713848047,0;9713848047,9713848018,0;9713848018,9713848023,0;9713848023,12984979400,0;12984979400,9713848118,0;9713848118,9713848006,0;9713848006,9713847968,0;9713847968,9706921713,0;9706921713,9706921712,0;9706921712,9706921786,0;9706921786,9778914467,0;9778914467,9706887247,0;9706887247,9706857800,0;9706857800,9706857774,0;9706857774,9706857801,0;9706857801,9706857775,0;9706857775,9706857832,0;9706857832,9706857843,0;9706857843,7161807983,0;7161807983,7161812592,0;7161812592,499478563,0;499478563,499478564,0;499478564,7973114513,0;7973114513,7973099569,0;7973099569,7975273881,0;7975273881,7973099508,0;7973099508,7973099507,0;7973099507,7973114859,0;7973114859,8298792534,0;8298792534,8298792550,0;8298792550,7973114851,0;7973114851,7975286501,0;7975286501,8298792599,0;8298792599,1116501292,0;1116501292,7975286500,0;7975286500,1116501304,0;1116501304,7975286429,0;7975286429,7975286583,0;7975286583,7977056082,0;7977056082,7977056084,0;7977056084,7977050965,0;7977050965,7977056079,0;7977056079,7979256640,0;7979256640,7979256626,0;7979256626,7979256668,0;7979256668,7977056101,0;7977056101,7967831807,0;7967831807,7967774259,0;7967774259,503464976,0;503464976,7961771680,0;7961771680,1116492807,0;1116492807,7967774262,0;7967774262,503464985,0;503464985,2530277199,0;2530277199,564083084,0;564083084,5374860944,0;5374860944,5374860978,0;5374860978,5374861143,0;5374861143,9053077286,0;9053077286,13527622504,0;13527622504,13167173350,0;13167173350,13527622497,0;13527622497,564083093,0;564083093,6317320202,0;6317320202,564083165,0;564083165,13167173329,0;13167173329,6317320222,0;6317320222,6028645652,0;6028645652,2369336843,0;2369336843,2369336701,0;2369336701,12333484744,0;12333484744,2368579077,0;2368579077,2369336820,0;2369336820,2368578991,0;2368578991,8887740818,0;8887740818,9570709534,0;9570709534,2369336807,0;2369336807,2368578970,0;2368578970,6043430915,0;6043430915,4899192485,0;4899192485,564639012,0;564639012,564638925,0;564638925,504640818,0;504640818,504637096,0;504637096,2787061089,0;2787061089,2787061351,0;2787061351,2787061330,0;2787061330,11155489650,0;11155489650,2787061341,0;2787061341,2787061167,0"
simulated_extreme,0,0.4,0.0,20264920,universal,risk,10297.182344079098,0.6370087923684875,0.8280776466145003,0.8219173776639992,0.4311778653622655,97.70790004404262,16.393000027164817,"9706921350,9706921684,0;9706921684,9706921682,0;9706921682,9713848047,0;9713848047,9713848018,0;9713848018,9713848023,0;9713848023,12984979400,0;12984979400,9713848118,0;9713848118,9713848006,0;9713848006,9713847968,0;9713847968,9706921713,0;9706921713,9706921712,0;9706921712,9706921786,0;9706921786,9778914467,0;9778914467,9706887247,0;9706887247,9706857800,0;9706857800,9706857774,0;9706857774,9706857801,0;9706857801,9706857775,0;9706857775,9706857832,0;9706857832,9706857843,0;9706857843,7161807983,0;7161807983,7161812592,0;7161812592,499478563,0;499478563,499478564,0;499478564,7973114513,0;7973114513,7973099569,0;7973099569,7975273881,0;7975273881,7973099508,0;7973099508,7973099507,0;7973099507,7973114859,0;7973114859,8298792534,0;8298792534,8298792550,0;8298792550,7973114851,0;7973114851,7975286501,0;7975286501,8298792599,0;8298792599,1116501292,0;1116501292,7975286500,0;7975286500,1116501304,0;1116501304,7975286429,0;7975286429,7975286583,0;7975286583,7977056082,0;7977056082,7977056084,0;7977056084,7977050965,0;7977050965,7977056079,0;7977056079,7979256640,0;7979256640,7979256626,0;7979256626,7979256668,0;7979256668,7977056101,0;7977056101,7967831807,0;7967831807,7967774259,0;7967774259,503464976,0;503464976,7961771680,0;7961771680,1116492807,0;1116492807,7967774262,0;7967774262,503464985,0;503464985,2530277199,0;2530277199,564083084,0;564083084,5374860944,0;5374860944,5374860978,0;5374860978,5374861143,0;5374861143,9053077286,0;9053077286,13527622504,0;13527622504,13167173350,0;13167173350,13527622497,0;13527622497,564083093,0;564083093,6317320202,0;6317320202,564083165,0;564083165,13167173329,0;13167173329,6317320222,0;6317320222,6028645652,0;6028645652,2369336843,0;2369336843,2369336701,0;2369336701,12333484744,0;12333484744,2368579077,0;2368579077,2369336820,0;2369336820,2368578991,0;2368578991,8887740818,0;8887740818,9570709534,0;9570709534,2369336807,0;2369336807,2368578970,0;2368578970,6043430915,0;6043430915,4899192485,0;4899192485,564639012,0;564639012,564638925,0;564638925,504640818,0;504640818,504637096,0;504637096,2787061089,0;2787061089,2787061351,0;2787061351,2787061330,0;2787061330,11155489650,0;11155489650,2787061341,0;2787061341,2787061167,0"
simulated_extreme,0,0.4,0.0,20264920,universal,risk_uncertainty,10297.182344079098,0.6370087923684875,0.8280776466145003,0.8219173776639992,0.4311778653622655,97.91539999423549,16.600499977357686,"9706921350,9706921684,0;9706921684,9706921682,0;9706921682,9713848047,0;9713848047,9713848018,0;9713848018,9713848023,0;9713848023,12984979400,0;12984979400,9713848118,0;9713848118,9713848006,0;9713848006,9713847968,0;9713847968,9706921713,0;9706921713,9706921712,0;9706921712,9706921786,0;9706921786,9778914467,0;9778914467,9706887247,0;9706887247,9706857800,0;9706857800,9706857774,0;9706857774,9706857801,0;9706857801,9706857775,0;9706857775,9706857832,0;9706857832,9706857843,0;9706857843,7161807983,0;7161807983,7161812592,0;7161812592,499478563,0;499478563,499478564,0;499478564,7973114513,0;7973114513,7973099569,0;7973099569,7975273881,0;7975273881,7973099508,0;7973099508,7973099507,0;7973099507,7973114859,0;7973114859,8298792534,0;8298792534,8298792550,0;8298792550,7973114851,0;7973114851,7975286501,0;7975286501,8298792599,0;8298792599,1116501292,0;1116501292,7975286500,0;7975286500,1116501304,0;1116501304,7975286429,0;7975286429,7975286583,0;7975286583,7977056082,0;7977056082,7977056084,0;7977056084,7977050965,0;7977050965,7977056079,0;7977056079,7979256640,0;7979256640,7979256626,0;7979256626,7979256668,0;7979256668,7977056101,0;7977056101,7967831807,0;7967831807,7967774259,0;7967774259,503464976,0;503464976,7961771680,0;7961771680,1116492807,0;1116492807,7967774262,0;7967774262,503464985,0;503464985,2530277199,0;2530277199,564083084,0;564083084,5374860944,0;5374860944,5374860978,0;5374860978,5374861143,0;5374861143,9053077286,0;9053077286,13527622504,0;13527622504,13167173350,0;13167173350,13527622497,0;13527622497,564083093,0;564083093,6317320202,0;6317320202,564083165,0;564083165,13167173329,0;13167173329,6317320222,0;6317320222,6028645652,0;6028645652,2369336843,0;2369336843,2369336701,0;2369336701,12333484744,0;12333484744,2368579077,0;2368579077,2369336820,0;2369336820,2368578991,0;2368578991,8887740818,0;8887740818,9570709534,0;9570709534,2369336807,0;2369336807,2368578970,0;2368578970,6043430915,0;6043430915,4899192485,0;4899192485,564639012,0;564639012,564638925,0;564638925,504640818,0;504640818,504637096,0;504637096,2787061089,0;2787061089,2787061351,0;2787061351,2787061330,0;2787061330,11155489650,0;11155489650,2787061341,0;2787061341,2787061167,0"
simulated_extreme,0,0.4,0.0,20264920,universal,shortest,10279.902722198703,0.6421914589263749,0.8280776466145003,0.8190917470674244,0.42948322884636647,96.4252999983728,15.110399981494993,"9706921350,9706921684,0;9706921684,9706921682,0;9706921682,9713848047,0;9713848047,9713848018,0;9713848018,9713848023,0;9713848023,12984979400,0;12984979400,9713848118,0;9713848118,9713848006,0;9713848006,9713847968,0;9713847968,9706921713,0;9706921713,9706921712,0;9706921712,9706921786,0;9706921786,9778914467,0;9778914467,9706887247,0;9706887247,9706857800,0;9706857800,9706857774,0;9706857774,9706857801,0;9706857801,9706857775,0;9706857775,9706857832,0;9706857832,9706857843,0;9706857843,7161807983,0;7161807983,7161812592,0;7161812592,499478563,0;499478563,499478564,0;499478564,7973114513,0;7973114513,7973099569,0;7973099569,7975273881,0;7975273881,7973099508,0;7973099508,7973099507,0;7973099507,7973114859,0;7973114859,8298792534,0;8298792534,8298792550,0;8298792550,7973114851,0;7973114851,7975286501,0;7975286501,8298792599,0;8298792599,1116501292,0;1116501292,7975286500,0;7975286500,1116501304,0;1116501304,1116501296,0;1116501296,7977050964,0;7977050964,7977056084,0;7977056084,7977050965,0;7977050965,7977056079,0;7977056079,7979256640,0;7979256640,7979256626,0;7979256626,7979256668,0;7979256668,7977056101,0;7977056101,7967831807,0;7967831807,7967774259,0;7967774259,503464976,0;503464976,7961771680,0;7961771680,1116492807,0;1116492807,7967774262,0;7967774262,503464985,0;503464985,2530277199,0;2530277199,564083084,0;564083084,5374860944,0;5374860944,5374860978,0;5374860978,5374861143,0;5374861143,9053077286,0;9053077286,13527622504,0;13527622504,13167173350,0;13167173350,13527622497,0;13527622497,564083093,0;564083093,6317320202,0;6317320202,564083165,0;564083165,13167173329,0;13167173329,6317320222,0;6317320222,6028645652,0;6028645652,2369336843,0;2369336843,2369336701,0;2369336701,12333484744,0;12333484744,2368579077,0;2368579077,2369336820,0;2369336820,2368578991,0;2368578991,8887740818,0;8887740818,8887717116,0;8887717116,6043430915,0;6043430915,4899192485,0;4899192485,564639012,0;564639012,564638925,0;564638925,504640818,0;504640818,504637096,0;504637096,2787061089,0;2787061089,564641522,0;564641522,11155489649,0;11155489649,11155489650,0;11155489650,2787061341,0;2787061341,2787061167,0"
simulated_extreme,0,0.4,0.0,20264920,universal,trusted,10297.182344079098,0.6370087923684875,0.8280776466145003,0.8219173776639992,0.4311778653622655,97.21600002376363,15.901100006885827,"9706921350,9706921684,0;9706921684,9706921682,0;9706921682,9713848047,0;9713848047,9713848018,0;9713848018,9713848023,0;9713848023,12984979400,0;12984979400,9713848118,0;9713848118,9713848006,0;9713848006,9713847968,0;9713847968,9706921713,0;9706921713,9706921712,0;9706921712,9706921786,0;9706921786,9778914467,0;9778914467,9706887247,0;9706887247,9706857800,0;9706857800,9706857774,0;9706857774,9706857801,0;9706857801,9706857775,0;9706857775,9706857832,0;9706857832,9706857843,0;9706857843,7161807983,0;7161807983,7161812592,0;7161812592,499478563,0;499478563,499478564,0;499478564,7973114513,0;7973114513,7973099569,0;7973099569,7975273881,0;7975273881,7973099508,0;7973099508,7973099507,0;7973099507,7973114859,0;7973114859,8298792534,0;8298792534,8298792550,0;8298792550,7973114851,0;7973114851,7975286501,0;7975286501,8298792599,0;8298792599,1116501292,0;1116501292,7975286500,0;7975286500,1116501304,0;1116501304,7975286429,0;7975286429,7975286583,0;7975286583,7977056082,0;7977056082,7977056084,0;7977056084,7977050965,0;7977050965,7977056079,0;7977056079,7979256640,0;7979256640,7979256626,0;7979256626,7979256668,0;7979256668,7977056101,0;7977056101,7967831807,0;7967831807,7967774259,0;7967774259,503464976,0;503464976,7961771680,0;7961771680,1116492807,0;1116492807,7967774262,0;7967774262,503464985,0;503464985,2530277199,0;2530277199,564083084,0;564083084,5374860944,0;5374860944,5374860978,0;5374860978,5374861143,0;5374861143,9053077286,0;9053077286,13527622504,0;13527622504,13167173350,0;13167173350,13527622497,0;13527622497,564083093,0;564083093,6317320202,0;6317320202,564083165,0;564083165,13167173329,0;13167173329,6317320222,0;6317320222,6028645652,0;6028645652,2369336843,0;2369336843,2369336701,0;2369336701,12333484744,0;12333484744,2368579077,0;2368579077,2369336820,0;2369336820,2368578991,0;2368578991,8887740818,0;8887740818,9570709534,0;9570709534,2369336807,0;2369336807,2368578970,0;2368578970,6043430915,0;6043430915,4899192485,0;4899192485,564639012,0;564639012,564638925,0;564638925,504640818,0;504640818,504637096,0;504637096,2787061089,0;2787061089,2787061351,0;2787061351,2787061330,0;2787061330,11155489650,0;11155489650,2787061341,0;2787061341,2787061167,0"
simulated_extreme,0,0.4,0.1,20264930,source_specific,risk,10297.182344079098,0.6370087923684875,0.8280776466145003,0.8219173776639992,0.4311778653622655,96.19859996018931,14.276099973358214,"9706921350,9706921684,0;9706921684,9706921682,0;9706921682,9713848047,0;9713848047,9713848018,0;9713848018,9713848023,0;9713848023,12984979400,0;12984979400,9713848118,0;9713848118,9713848006,0;9713848006,9713847968,0;9713847968,9706921713,0;9706921713,9706921712,0;9706921712,9706921786,0;9706921786,9778914467,0;9778914467,9706887247,0;9706887247,9706857800,0;9706857800,9706857774,0;9706857774,9706857801,0;9706857801,9706857775,0;9706857775,9706857832,0;9706857832,9706857843,0;9706857843,7161807983,0;7161807983,7161812592,0;7161812592,499478563,0;499478563,499478564,0;499478564,7973114513,0;7973114513,7973099569,0;7973099569,7975273881,0;7975273881,7973099508,0;7973099508,7973099507,0;7973099507,7973114859,0;7973114859,8298792534,0;8298792534,8298792550,0;8298792550,7973114851,0;7973114851,7975286501,0;7975286501,8298792599,0;8298792599,1116501292,0;1116501292,7975286500,0;7975286500,1116501304,0;1116501304,7975286429,0;7975286429,7975286583,0;7975286583,7977056082,0;7977056082,7977056084,0;7977056084,7977050965,0;7977050965,7977056079,0;7977056079,7979256640,0;7979256640,7979256626,0;7979256626,7979256668,0;7979256668,7977056101,0;7977056101,7967831807,0;7967831807,7967774259,0;7967774259,503464976,0;503464976,7961771680,0;7961771680,1116492807,0;1116492807,7967774262,0;7967774262,503464985,0;503464985,2530277199,0;2530277199,564083084,0;564083084,5374860944,0;5374860944,5374860978,0;5374860978,5374861143,0;5374861143,9053077286,0;9053077286,13527622504,0;13527622504,13167173350,0;13167173350,13527622497,0;13527622497,564083093,0;564083093,6317320202,0;6317320202,564083165,0;564083165,13167173329,0;13167173329,6317320222,0;6317320222,6028645652,0;6028645652,2369336843,0;2369336843,2369336701,0;2369336701,12333484744,0;12333484744,2368579077,0;2368579077,2369336820,0;2369336820,2368578991,0;2368578991,8887740818,0;8887740818,9570709534,0;9570709534,2369336807,0;2369336807,2368578970,0;2368578970,6043430915,0;6043430915,4899192485,0;4899192485,564639012,0;564639012,564638925,0;564638925,504640818,0;504640818,504637096,0;504637096,2787061089,0;2787061089,2787061351,0;2787061351,2787061330,0;2787061330,11155489650,0;11155489650,2787061341,0;2787061341,2787061167,0"
simulated_extreme,0,0.4,0.1,20264930,source_specific,risk_uncertainty,10297.182344079098,0.6370087923684875,0.8280776466145003,0.8219173776639992,0.4311778653622655,99.55619997344911,17.633699986618012,"9706921350,9706921684,0;9706921684,9706921682,0;9706921682,9713848047,0;9713848047,9713848018,0;9713848018,9713848023,0;9713848023,12984979400,0;12984979400,9713848118,0;9713848118,9713848006,0;9713848006,9713847968,0;9713847968,9706921713,0;9706921713,9706921712,0;9706921712,9706921786,0;9706921786,9778914467,0;9778914467,9706887247,0;9706887247,9706857800,0;9706857800,9706857774,0;9706857774,9706857801,0;9706857801,9706857775,0;9706857775,9706857832,0;9706857832,9706857843,0;9706857843,7161807983,0;7161807983,7161812592,0;7161812592,499478563,0;499478563,499478564,0;499478564,7973114513,0;7973114513,7973099569,0;7973099569,7975273881,0;7975273881,7973099508,0;7973099508,7973099507,0;7973099507,7973114859,0;7973114859,8298792534,0;8298792534,8298792550,0;8298792550,7973114851,0;7973114851,7975286501,0;7975286501,8298792599,0;8298792599,1116501292,0;1116501292,7975286500,0;7975286500,1116501304,0;1116501304,7975286429,0;7975286429,7975286583,0;7975286583,7977056082,0;7977056082,7977056084,0;7977056084,7977050965,0;7977050965,7977056079,0;7977056079,7979256640,0;7979256640,7979256626,0;7979256626,7979256668,0;7979256668,7977056101,0;7977056101,7967831807,0;7967831807,7967774259,0;7967774259,503464976,0;503464976,7961771680,0;7961771680,1116492807,0;1116492807,7967774262,0;7967774262,503464985,0;503464985,2530277199,0;2530277199,564083084,0;564083084,5374860944,0;5374860944,5374860978,0;5374860978,5374861143,0;5374861143,9053077286,0;9053077286,13527622504,0;13527622504,13167173350,0;13167173350,13527622497,0;13527622497,564083093,0;564083093,6317320202,0;6317320202,564083165,0;564083165,13167173329,0;13167173329,6317320222,0;6317320222,6028645652,0;6028645652,2369336843,0;2369336843,2369336701,0;2369336701,12333484744,0;12333484744,2368579077,0;2368579077,2369336820,0;2369336820,2368578991,0;2368578991,8887740818,0;8887740818,9570709534,0;9570709534,2369336807,0;2369336807,2368578970,0;2368578970,6043430915,0;6043430915,4899192485,0;4899192485,564639012,0;564639012,564638925,0;564638925,504640818,0;504640818,504637096,0;504637096,2787061089,0;2787061089,2787061351,0;2787061351,2787061330,0;2787061330,11155489650,0;11155489650,2787061341,0;2787061341,2787061167,0"
simulated_extreme,0,0.4,0.1,20264930,source_specific,shortest,10279.902722198703,0.6421914589263749,0.8280776466145003,0.8190917470674244,0.42948322884636647,95.78909998526797,13.866599998436868,"9706921350,9706921684,0;9706921684,9706921682,0;9706921682,9713848047,0;9713848047,9713848018,0;9713848018,9713848023,0;9713848023,12984979400,0;12984979400,9713848118,0;9713848118,9713848006,0;9713848006,9713847968,0;9713847968,9706921713,0;9706921713,9706921712,0;9706921712,9706921786,0;9706921786,9778914467,0;9778914467,9706887247,0;9706887247,9706857800,0;9706857800,9706857774,0;9706857774,9706857801,0;9706857801,9706857775,0;9706857775,9706857832,0;9706857832,9706857843,0;9706857843,7161807983,0;7161807983,7161812592,0;7161812592,499478563,0;499478563,499478564,0;499478564,7973114513,0;7973114513,7973099569,0;7973099569,7975273881,0;7975273881,7973099508,0;7973099508,7973099507,0;7973099507,7973114859,0;7973114859,8298792534,0;8298792534,8298792550,0;8298792550,7973114851,0;7973114851,7975286501,0;7975286501,8298792599,0;8298792599,1116501292,0;1116501292,7975286500,0;7975286500,1116501304,0;1116501304,1116501296,0;1116501296,7977050964,0;7977050964,7977056084,0;7977056084,7977050965,0;7977050965,7977056079,0;7977056079,7979256640,0;7979256640,7979256626,0;7979256626,7979256668,0;7979256668,7977056101,0;7977056101,7967831807,0;7967831807,7967774259,0;7967774259,503464976,0;503464976,7961771680,0;7961771680,1116492807,0;1116492807,7967774262,0;7967774262,503464985,0;503464985,2530277199,0;2530277199,564083084,0;564083084,5374860944,0;5374860944,5374860978,0;5374860978,5374861143,0;5374861143,9053077286,0;9053077286,13527622504,0;13527622504,13167173350,0;13167173350,13527622497,0;13527622497,564083093,0;564083093,6317320202,0;6317320202,564083165,0;564083165,13167173329,0;13167173329,6317320222,0;6317320222,6028645652,0;6028645652,2369336843,0;2369336843,2369336701,0;2369336701,12333484744,0;12333484744,2368579077,0;2368579077,2369336820,0;2369336820,2368578991,0;2368578991,8887740818,0;8887740818,8887717116,0;8887717116,6043430915,0;6043430915,4899192485,0;4899192485,564639012,0;564639012,564638925,0;564638925,504640818,0;504640818,504637096,0;504637096,2787061089,0;2787061089,564641522,0;564641522,11155489649,0;11155489649,11155489650,0;11155489650,2787061341,0;2787061341,2787061167,0"
simulated_extreme,0,0.4,0.1,20264930,source_specific,trusted,10297.182344079098,0.6370087923684875,0.8280776466145003,0.8219173776639992,0.4311778653622655,95.44069995172322,13.51819996489212,"9706921350,9706921684,0;9706921684,9706921682,0;9706921682,9713848047,0;9713848047,9713848018,0;9713848018,9713848023,0;9713848023,12984979400,0;12984979400,9713848118,0;9713848118,9713848006,0;9713848006,9713847968,0;9713847968,9706921713,0;9706921713,9706921712,0;9706921712,9706921786,0;9706921786,9778914467,0;9778914467,9706887247,0;9706887247,9706857800,0;9706857800,9706857774,0;9706857774,9706857801,0;9706857801,9706857775,0;9706857775,9706857832,0;9706857832,9706857843,0;9706857843,7161807983,0;7161807983,7161812592,0;7161812592,499478563,0;499478563,499478564,0;499478564,7973114513,0;7973114513,7973099569,0;7973099569,7975273881,0;7975273881,7973099508,0;7973099508,7973099507,0;7973099507,7973114859,0;7973114859,8298792534,0;8298792534,8298792550,0;8298792550,7973114851,0;7973114851,7975286501,0;7975286501,8298792599,0;8298792599,1116501292,0;1116501292,7975286500,0;7975286500,1116501304,0;1116501304,7975286429,0;7975286429,7975286583,0;7975286583,7977056082,0;7977056082,7977056084,0;7977056084,7977050965,0;7977050965,7977056079,0;7977056079,7979256640,0;7979256640,7979256626,0;7979256626,7979256668,0;7979256668,7977056101,0;7977056101,7967831807,0;7967831807,7967774259,0;7967774259,503464976,0;503464976,7961771680,0;7961771680,1116492807,0;1116492807,7967774262,0;7967774262,503464985,0;503464985,2530277199,0;2530277199,564083084,0;564083084,5374860944,0;5374860944,5374860978,0;5374860978,5374861143,0;5374861143,9053077286,0;9053077286,13527622504,0;13527622504,13167173350,0;13167173350,13527622497,0;13527622497,564083093,0;564083093,6317320202,0;6317320202,564083165,0;564083165,13167173329,0;13167173329,6317320222,0;6317320222,6028645652,0;6028645652,2369336843,0;2369336843,2369336701,0;2369336701,12333484744,0;12333484744,2368579077,0;2368579077,2369336820,0;2369336820,2368578991,0;2368578991,8887740818,0;8887740818,9570709534,0;9570709534,2369336807,0;2369336807,2368578970,0;2368578970,6043430915,0;6043430915,4899192485,0;4899192485,564639012,0;564639012,564638925,0;564638925,504640818,0;504640818,504637096,0;504637096,2787061089,0;2787061089,2787061351,0;2787061351,2787061330,0;2787061330,11155489650,0;11155489650,2787061341,0;2787061341,2787061167,0"
simulated_extreme,0,0.4,0.1,20264930,universal,risk,10297.182344079098,0.6370087923684875,0.8280776466145003,0.8219173776639992,0.4311778653622655,97.50039997743443,14.680000022053719,"9706921350,9706921684,0;9706921684,9706921682,0;9706921682,9713848047,0;9713848047,9713848018,0;9713848018,9713848023,0;9713848023,12984979400,0;12984979400,9713848118,0;9713848118,9713848006,0;9713848006,9713847968,0;9713847968,9706921713,0;9706921713,9706921712,0;9706921712,9706921786,0;9706921786,9778914467,0;9778914467,9706887247,0;9706887247,9706857800,0;9706857800,9706857774,0;9706857774,9706857801,0;9706857801,9706857775,0;9706857775,9706857832,0;9706857832,9706857843,0;9706857843,7161807983,0;7161807983,7161812592,0;7161812592,499478563,0;499478563,499478564,0;499478564,7973114513,0;7973114513,7973099569,0;7973099569,7975273881,0;7975273881,7973099508,0;7973099508,7973099507,0;7973099507,7973114859,0;7973114859,8298792534,0;8298792534,8298792550,0;8298792550,7973114851,0;7973114851,7975286501,0;7975286501,8298792599,0;8298792599,1116501292,0;1116501292,7975286500,0;7975286500,1116501304,0;1116501304,7975286429,0;7975286429,7975286583,0;7975286583,7977056082,0;7977056082,7977056084,0;7977056084,7977050965,0;7977050965,7977056079,0;7977056079,7979256640,0;7979256640,7979256626,0;7979256626,7979256668,0;7979256668,7977056101,0;7977056101,7967831807,0;7967831807,7967774259,0;7967774259,503464976,0;503464976,7961771680,0;7961771680,1116492807,0;1116492807,7967774262,0;7967774262,503464985,0;503464985,2530277199,0;2530277199,564083084,0;564083084,5374860944,0;5374860944,5374860978,0;5374860978,5374861143,0;5374861143,9053077286,0;9053077286,13527622504,0;13527622504,13167173350,0;13167173350,13527622497,0;13527622497,564083093,0;564083093,6317320202,0;6317320202,564083165,0;564083165,13167173329,0;13167173329,6317320222,0;6317320222,6028645652,0;6028645652,2369336843,0;2369336843,2369336701,0;2369336701,12333484744,0;12333484744,2368579077,0;2368579077,2369336820,0;2369336820,2368578991,0;2368578991,8887740818,0;8887740818,9570709534,0;9570709534,2369336807,0;2369336807,2368578970,0;2368578970,6043430915,0;6043430915,4899192485,0;4899192485,564639012,0;564639012,564638925,0;564638925,504640818,0;504640818,504637096,0;504637096,2787061089,0;2787061089,2787061351,0;2787061351,2787061330,0;2787061330,11155489650,0;11155489650,2787061341,0;2787061341,2787061167,0"
simulated_extreme,0,0.4,0.1,20264930,universal,risk_uncertainty,10297.182344079098,0.6370087923684875,0.8280776466145003,0.8219173776639992,0.4311778653622655,98.694899934344,15.874499978963286,"9706921350,9706921684,0;9706921684,9706921682,0;9706921682,9713848047,0;9713848047,9713848018,0;9713848018,9713848023,0;9713848023,12984979400,0;12984979400,9713848118,0;9713848118,9713848006,0;9713848006,9713847968,0;9713847968,9706921713,0;9706921713,9706921712,0;9706921712,9706921786,0;9706921786,9778914467,0;9778914467,9706887247,0;9706887247,9706857800,0;9706857800,9706857774,0;9706857774,9706857801,0;9706857801,9706857775,0;9706857775,9706857832,0;9706857832,9706857843,0;9706857843,7161807983,0;7161807983,7161812592,0;7161812592,499478563,0;499478563,499478564,0;499478564,7973114513,0;7973114513,7973099569,0;7973099569,7975273881,0;7975273881,7973099508,0;7973099508,7973099507,0;7973099507,7973114859,0;7973114859,8298792534,0;8298792534,8298792550,0;8298792550,7973114851,0;7973114851,7975286501,0;7975286501,8298792599,0;8298792599,1116501292,0;1116501292,7975286500,0;7975286500,1116501304,0;1116501304,7975286429,0;7975286429,7975286583,0;7975286583,7977056082,0;7977056082,7977056084,0;7977056084,7977050965,0;7977050965,7977056079,0;7977056079,7979256640,0;7979256640,7979256626,0;7979256626,7979256668,0;7979256668,7977056101,0;7977056101,7967831807,0;7967831807,7967774259,0;7967774259,503464976,0;503464976,7961771680,0;7961771680,1116492807,0;1116492807,7967774262,0;7967774262,503464985,0;503464985,2530277199,0;2530277199,564083084,0;564083084,5374860944,0;5374860944,5374860978,0;5374860978,5374861143,0;5374861143,9053077286,0;9053077286,13527622504,0;13527622504,13167173350,0;13167173350,13527622497,0;13527622497,564083093,0;564083093,6317320202,0;6317320202,564083165,0;564083165,13167173329,0;13167173329,6317320222,0;6317320222,6028645652,0;6028645652,2369336843,0;2369336843,2369336701,0;2369336701,12333484744,0;12333484744,2368579077,0;2368579077,2369336820,0;2369336820,2368578991,0;2368578991,8887740818,0;8887740818,9570709534,0;9570709534,2369336807,0;2369336807,2368578970,0;2368578970,6043430915,0;6043430915,4899192485,0;4899192485,564639012,0;564639012,564638925,0;564638925,504640818,0;504640818,504637096,0;504637096,2787061089,0;2787061089,2787061351,0;2787061351,2787061330,0;2787061330,11155489650,0;11155489650,2787061341,0;2787061341,2787061167,0"
simulated_extreme,0,0.4,0.1,20264930,universal,shortest,10279.902722198703,0.6421914589263749,0.8280776466145003,0.8190917470674244,0.42948322884636647,97.96199994161725,15.141599986236542,"9706921350,9706921684,0;9706921684,9706921682,0;9706921682,9713848047,0;9713848047,9713848018,0;9713848018,9713848023,0;9713848023,12984979400,0;12984979400,9713848118,0;9713848118,9713848006,0;9713848006,9713847968,0;9713847968,9706921713,0;9706921713,9706921712,0;9706921712,9706921786,0;9706921786,9778914467,0;9778914467,9706887247,0;9706887247,9706857800,0;9706857800,9706857774,0;9706857774,9706857801,0;9706857801,9706857775,0;9706857775,9706857832,0;9706857832,9706857843,0;9706857843,7161807983,0;7161807983,7161812592,0;7161812592,499478563,0;499478563,499478564,0;499478564,7973114513,0;7973114513,7973099569,0;7973099569,7975273881,0;7975273881,7973099508,0;7973099508,7973099507,0;7973099507,7973114859,0;7973114859,8298792534,0;8298792534,8298792550,0;8298792550,7973114851,0;7973114851,7975286501,0;7975286501,8298792599,0;8298792599,1116501292,0;1116501292,7975286500,0;7975286500,1116501304,0;1116501304,1116501296,0;1116501296,7977050964,0;7977050964,7977056084,0;7977056084,7977050965,0;7977050965,7977056079,0;7977056079,7979256640,0;7979256640,7979256626,0;7979256626,7979256668,0;7979256668,7977056101,0;7977056101,7967831807,0;7967831807,7967774259,0;7967774259,503464976,0;503464976,7961771680,0;7961771680,1116492807,0;1116492807,7967774262,0;7967774262,503464985,0;503464985,2530277199,0;2530277199,564083084,0;564083084,5374860944,0;5374860944,5374860978,0;5374860978,5374861143,0;5374861143,9053077286,0;9053077286,13527622504,0;13527622504,13167173350,0;13167173350,13527622497,0;13527622497,564083093,0;564083093,6317320202,0;6317320202,564083165,0;564083165,13167173329,0;13167173329,6317320222,0;6317320222,6028645652,0;6028645652,2369336843,0;2369336843,2369336701,0;2369336701,12333484744,0;12333484744,2368579077,0;2368579077,2369336820,0;2369336820,2368578991,0;2368578991,8887740818,0;8887740818,8887717116,0;8887717116,6043430915,0;6043430915,4899192485,0;4899192485,564639012,0;564639012,564638925,0;564638925,504640818,0;504640818,504637096,0;504637096,2787061089,0;2787061089,564641522,0;564641522,11155489649,0;11155489649,11155489650,0;11155489650,2787061341,0;2787061341,2787061167,0"
simulated_extreme,0,0.4,0.1,20264930,universal,trusted,10297.182344079098,0.6370087923684875,0.8280776466145003,0.8219173776639992,0.4311778653622655,97.13479992933571,14.314399973955005,"9706921350,9706921684,0;9706921684,9706921682,0;9706921682,9713848047,0;9713848047,9713848018,0;9713848018,9713848023,0;9713848023,12984979400,0;12984979400,9713848118,0;9713848118,9713848006,0;9713848006,9713847968,0;9713847968,9706921713,0;9706921713,9706921712,0;9706921712,9706921786,0;9706921786,9778914467,0;9778914467,9706887247,0;9706887247,9706857800,0;9706857800,9706857774,0;9706857774,9706857801,0;9706857801,9706857775,0;9706857775,9706857832,0;9706857832,9706857843,0;9706857843,7161807983,0;7161807983,7161812592,0;7161812592,499478563,0;499478563,499478564,0;499478564,7973114513,0;7973114513,7973099569,0;7973099569,7975273881,0;7975273881,7973099508,0;7973099508,7973099507,0;7973099507,7973114859,0;7973114859,8298792534,0;8298792534,8298792550,0;8298792550,7973114851,0;7973114851,7975286501,0;7975286501,8298792599,0;8298792599,1116501292,0;1116501292,7975286500,0;7975286500,1116501304,0;1116501304,7975286429,0;7975286429,7975286583,0;7975286583,7977056082,0;7977056082,7977056084,0;7977056084,7977050965,0;7977050965,7977056079,0;7977056079,7979256640,0;7979256640,7979256626,0;7979256626,7979256668,0;7979256668,7977056101,0;7977056101,7967831807,0;7967831807,7967774259,0;7967774259,503464976,0;503464976,7961771680,0;7961771680,1116492807,0;1116492807,7967774262,0;7967774262,503464985,0;503464985,2530277199,0;2530277199,564083084,0;564083084,5374860944,0;5374860944,5374860978,0;5374860978,5374861143,0;5374861143,9053077286,0;9053077286,13527622504,0;13527622504,13167173350,0;13167173350,13527622497,0;13527622497,564083093,0;564083093,6317320202,0;6317320202,564083165,0;564083165,13167173329,0;13167173329,6317320222,0;6317320222,6028645652,0;6028645652,2369336843,0;2369336843,2369336701,0;2369336701,12333484744,0;12333484744,2368579077,0;2368579077,2369336820,0;2369336820,2368578991,0;2368578991,8887740818,0;8887740818,9570709534,0;9570709534,2369336807,0;2369336807,2368578970,0;2368578970,6043430915,0;6043430915,4899192485,0;4899192485,564639012,0;564639012,564638925,0;564638925,504640818,0;504640818,504637096,0;504637096,2787061089,0;2787061089,2787061351,0;2787061351,2787061330,0;2787061330,11155489650,0;11155489650,2787061341,0;2787061341,2787061167,0"
simulated_extreme,0,0.4,0.2,20264940,source_specific,risk,10361.510411375662,0.6304806802456153,0.8280776466145003,0.8219173776639992,0.381591638638449,93.8554999884218,15.555999998468906,"9706921350,9706921684,0;9706921684,9706921682,0;9706921682,9713848047,0;9713848047,9713848018,0;9713848018,9713848023,0;9713848023,12984979400,0;12984979400,9713848118,0;9713848118,9713848006,0;9713848006,9713847968,0;9713847968,9706921713,0;9706921713,9706921712,0;9706921712,9706921786,0;9706921786,9778914467,0;9778914467,9706887247,0;9706887247,9706857800,0;9706857800,9706857774,0;9706857774,9706857801,0;9706857801,9706857775,0;9706857775,9706857832,0;9706857832,9706857843,0;9706857843,7161807983,0;7161807983,7161812592,0;7161812592,499478563,0;499478563,499478564,0;499478564,7973114513,0;7973114513,7973099569,0;7973099569,7975273881,0;7975273881,7973099508,0;7973099508,7973099507,0;7973099507,7973114859,0;7973114859,8298792534,0;8298792534,8298792550,0;8298792550,7973114851,0;7973114851,7975286501,0;7975286501,8298792599,0;8298792599,1116501292,0;1116501292,7975286500,0;7975286500,1116501304,0;1116501304,7975286429,0;7975286429,7975286583,0;7975286583,7977056082,0;7977056082,7977056084,0;7977056084,7977050965,0;7977050965,7977056079,0;7977056079,7977056078,0;7977056078,7979256736,0;7979256736,7977056077,0;7977056077,7979256760,0;7979256760,8407048466,0;8407048466,2530277169,0;2530277169,13161326472,0;13161326472,7979256723,0;7979256723,7979924894,0;7979924894,7979918290,0;7979918290,7967831812,0;7967831812,279077946,0;279077946,564083084,0;564083084,5374860944,0;5374860944,5374860978,0;5374860978,5374861143,0;5374861143,9053077286,0;9053077286,13527622504,0;13527622504,13167173350,0;13167173350,13527622497,0;13527622497,564083093,0;564083093,6317320202,0;6317320202,564083165,0;564083165,13167173329,0;13167173329,6317320222,0;6317320222,6028645652,0;6028645652,2369336843,0;2369336843,2369336701,0;2369336701,12333484744,0;12333484744,2368579077,0;2368579077,2369336820,0;2369336820,2368578991,0;2368578991,8887740818,0;8887740818,9570709534,0;9570709534,2369336807,0;2369336807,2368578970,0;2368578970,6043430915,0;6043430915,4899192485,0;4899192485,564639012,0;564639012,564638925,0;564638925,504640818,0;504640818,504637096,0;504637096,2787061089,0;2787061089,2787061351,0;2787061351,2787061330,0;2787061330,11155489650,0;11155489650,2787061341,0;2787061341,2787061167,0"
simulated_extreme,0,0.4,0.2,20264940,source_specific,risk_uncertainty,10297.182344079098,0.6370087923684875,0.8280776466145003,0.8219173776639992,0.4311778653622655,94.00209999876097,15.702600008808076,"9706921350,9706921684,0;9706921684,9706921682,0;9706921682,9713848047,0;9713848047,9713848018,0;9713848018,9713848023,0;9713848023,12984979400,0;12984979400,9713848118,0;9713848118,9713848006,0;9713848006,9713847968,0;9713847968,9706921713,0;9706921713,9706921712,0;9706921712,9706921786,0;9706921786,9778914467,0;9778914467,9706887247,0;9706887247,9706857800,0;9706857800,9706857774,0;9706857774,9706857801,0;9706857801,9706857775,0;9706857775,9706857832,0;9706857832,9706857843,0;9706857843,7161807983,0;7161807983,7161812592,0;7161812592,499478563,0;499478563,499478564,0;499478564,7973114513,0;7973114513,7973099569,0;7973099569,7975273881,0;7975273881,7973099508,0;7973099508,7973099507,0;7973099507,7973114859,0;7973114859,8298792534,0;8298792534,8298792550,0;8298792550,7973114851,0;7973114851,7975286501,0;7975286501,8298792599,0;8298792599,1116501292,0;1116501292,7975286500,0;7975286500,1116501304,0;1116501304,7975286429,0;7975286429,7975286583,0;7975286583,7977056082,0;7977056082,7977056084,0;7977056084,7977050965,0;7977050965,7977056079,0;7977056079,7979256640,0;7979256640,7979256626,0;7979256626,7979256668,0;7979256668,7977056101,0;7977056101,7967831807,0;7967831807,7967774259,0;7967774259,503464976,0;503464976,7961771680,0;7961771680,1116492807,0;1116492807,7967774262,0;7967774262,503464985,0;503464985,2530277199,0;2530277199,564083084,0;564083084,5374860944,0;5374860944,5374860978,0;5374860978,5374861143,0;5374861143,9053077286,0;9053077286,13527622504,0;13527622504,13167173350,0;13167173350,13527622497,0;13527622497,564083093,0;564083093,6317320202,0;6317320202,564083165,0;564083165,13167173329,0;13167173329,6317320222,0;6317320222,6028645652,0;6028645652,2369336843,0;2369336843,2369336701,0;2369336701,12333484744,0;12333484744,2368579077,0;2368579077,2369336820,0;2369336820,2368578991,0;2368578991,8887740818,0;8887740818,9570709534,0;9570709534,2369336807,0;2369336807,2368578970,0;2368578970,6043430915,0;6043430915,4899192485,0;4899192485,564639012,0;564639012,564638925,0;564638925,504640818,0;504640818,504637096,0;504637096,2787061089,0;2787061089,2787061351,0;2787061351,2787061330,0;2787061330,11155489650,0;11155489650,2787061341,0;2787061341,2787061167,0"
simulated_extreme,0,0.4,0.2,20264940,source_specific,shortest,10279.902722198703,0.6421914589263749,0.8280776466145003,0.8190917470674244,0.42948322884636647,94.55829998478293,16.258799994830042,"9706921350,9706921684,0;9706921684,9706921682,0;9706921682,9713848047,0;9713848047,9713848018,0;9713848018,9713848023,0;9713848023,12984979400,0;12984979400,9713848118,0;9713848118,9713848006,0;9713848006,9713847968,0;9713847968,9706921713,0;9706921713,9706921712,0;9706921712,9706921786,0;9706921786,9778914467,0;9778914467,9706887247,0;9706887247,9706857800,0;9706857800,9706857774,0;9706857774,9706857801,0;9706857801,9706857775,0;9706857775,9706857832,0;9706857832,9706857843,0;9706857843,7161807983,0;7161807983,7161812592,0;7161812592,499478563,0;499478563,499478564,0;499478564,7973114513,0;7973114513,7973099569,0;7973099569,7975273881,0;7975273881,7973099508,0;7973099508,7973099507,0;7973099507,7973114859,0;7973114859,8298792534,0;8298792534,8298792550,0;8298792550,7973114851,0;7973114851,7975286501,0;7975286501,8298792599,0;8298792599,1116501292,0;1116501292,7975286500,0;7975286500,1116501304,0;1116501304,1116501296,0;1116501296,7977050964,0;7977050964,7977056084,0;7977056084,7977050965,0;7977050965,7977056079,0;7977056079,7979256640,0;7979256640,7979256626,0;7979256626,7979256668,0;7979256668,7977056101,0;7977056101,7967831807,0;7967831807,7967774259,0;7967774259,503464976,0;503464976,7961771680,0;7961771680,1116492807,0;1116492807,7967774262,0;7967774262,503464985,0;503464985,2530277199,0;2530277199,564083084,0;564083084,5374860944,0;5374860944,5374860978,0;5374860978,5374861143,0;5374861143,9053077286,0;9053077286,13527622504,0;13527622504,13167173350,0;13167173350,13527622497,0;13527622497,564083093,0;564083093,6317320202,0;6317320202,564083165,0;564083165,13167173329,0;13167173329,6317320222,0;6317320222,6028645652,0;6028645652,2369336843,0;2369336843,2369336701,0;2369336701,12333484744,0;12333484744,2368579077,0;2368579077,2369336820,0;2369336820,2368578991,0;2368578991,8887740818,0;8887740818,8887717116,0;8887717116,6043430915,0;6043430915,4899192485,0;4899192485,564639012,0;564639012,564638925,0;564638925,504640818,0;504640818,504637096,0;504637096,2787061089,0;2787061089,564641522,0;564641522,11155489649,0;11155489649,11155489650,0;11155489650,2787061341,0;2787061341,2787061167,0"
simulated_extreme,0,0.4,0.2,20264940,source_specific,trusted,10286.839558309746,0.6396903556269047,0.8280776466145003,0.8219173776639992,0.4298679516096274,95.57920001680031,17.279700026847422,"9706921350,9706921684,0;9706921684,9706921682,0;9706921682,9713848047,0;9713848047,9713848018,0;9713848018,9713848023,0;9713848023,12984979400,0;12984979400,9713848118,0;9713848118,9713848006,0;9713848006,9713847968,0;9713847968,9706921713,0;9706921713,9706921712,0;9706921712,9706921786,0;9706921786,9778914467,0;9778914467,9706887247,0;9706887247,9706857800,0;9706857800,9706857774,0;9706857774,9706857801,0;9706857801,9706857775,0;9706857775,9706857832,0;9706857832,9706857843,0;9706857843,7161807983,0;7161807983,7161812592,0;7161812592,499478563,0;499478563,499478564,0;499478564,7973114513,0;7973114513,7973099569,0;7973099569,7975273881,0;7975273881,7973099508,0;7973099508,7973099507,0;7973099507,7973114859,0;7973114859,8298792534,0;8298792534,8298792550,0;8298792550,7973114851,0;7973114851,7975286501,0;7975286501,8298792599,0;8298792599,1116501292,0;1116501292,7975286500,0;7975286500,1116501304,0;1116501304,1116501296,0;1116501296,7977050964,0;7977050964,7977056084,0;7977056084,7977050965,0;7977050965,7977056079,0;7977056079,7979256640,0;7979256640,7979256626,0;7979256626,7979256668,0;7979256668,7977056101,0;7977056101,7967831807,0;7967831807,7967774259,0;7967774259,503464976,0;503464976,7961771680,0;7961771680,1116492807,0;1116492807,7967774262,0;7967774262,503464985,0;503464985,2530277199,0;2530277199,564083084,0;564083084,5374860944,0;5374860944,5374860978,0;5374860978,5374861143,0;5374861143,9053077286,0;9053077286,13527622504,0;13527622504,13167173350,0;13167173350,13527622497,0;13527622497,564083093,0;564083093,6317320202,0;6317320202,564083165,0;564083165,13167173329,0;13167173329,6317320222,0;6317320222,6028645652,0;6028645652,2369336843,0;2369336843,2369336701,0;2369336701,12333484744,0;12333484744,2368579077,0;2368579077,2369336820,0;2369336820,2368578991,0;2368578991,8887740818,0;8887740818,8887717116,0;8887717116,6043430915,0;6043430915,4899192485,0;4899192485,564639012,0;564639012,564638925,0;564638925,504640818,0;504640818,504637096,0;504637096,2787061089,0;2787061089,2787061351,0;2787061351,2787061330,0;2787061330,11155489650,0;11155489650,2787061341,0;2787061341,2787061167,0"
simulated_extreme,0,0.4,0.2,20264940,universal,risk,10361.510411375662,0.6304806802456153,0.8280776466145003,0.8219173776639992,0.381591638638449,91.83940006187186,14.97920003021136,"9706921350,9706921684,0;9706921684,9706921682,0;9706921682,9713848047,0;9713848047,9713848018,0;9713848018,9713848023,0;9713848023,12984979400,0;12984979400,9713848118,0;9713848118,9713848006,0;9713848006,9713847968,0;9713847968,9706921713,0;9706921713,9706921712,0;9706921712,9706921786,0;9706921786,9778914467,0;9778914467,9706887247,0;9706887247,9706857800,0;9706857800,9706857774,0;9706857774,9706857801,0;9706857801,9706857775,0;9706857775,9706857832,0;9706857832,9706857843,0;9706857843,7161807983,0;7161807983,7161812592,0;7161812592,499478563,0;499478563,499478564,0;499478564,7973114513,0;7973114513,7973099569,0;7973099569,7975273881,0;7975273881,7973099508,0;7973099508,7973099507,0;7973099507,7973114859,0;7973114859,8298792534,0;8298792534,8298792550,0;8298792550,7973114851,0;7973114851,7975286501,0;7975286501,8298792599,0;8298792599,1116501292,0;1116501292,7975286500,0;7975286500,1116501304,0;1116501304,7975286429,0;7975286429,7975286583,0;7975286583,7977056082,0;7977056082,7977056084,0;7977056084,7977050965,0;7977050965,7977056079,0;7977056079,7977056078,0;7977056078,7979256736,0;7979256736,7977056077,0;7977056077,7979256760,0;7979256760,8407048466,0;8407048466,2530277169,0;2530277169,13161326472,0;13161326472,7979256723,0;7979256723,7979924894,0;7979924894,7979918290,0;7979918290,7967831812,0;7967831812,279077946,0;279077946,564083084,0;564083084,5374860944,0;5374860944,5374860978,0;5374860978,5374861143,0;5374861143,9053077286,0;9053077286,13527622504,0;13527622504,13167173350,0;13167173350,13527622497,0;13527622497,564083093,0;564083093,6317320202,0;6317320202,564083165,0;564083165,13167173329,0;13167173329,6317320222,0;6317320222,6028645652,0;6028645652,2369336843,0;2369336843,2369336701,0;2369336701,12333484744,0;12333484744,2368579077,0;2368579077,2369336820,0;2369336820,2368578991,0;2368578991,8887740818,0;8887740818,9570709534,0;9570709534,2369336807,0;2369336807,2368578970,0;2368578970,6043430915,0;6043430915,4899192485,0;4899192485,564639012,0;564639012,564638925,0;564638925,504640818,0;504640818,504637096,0;504637096,2787061089,0;2787061089,2787061351,0;2787061351,2787061330,0;2787061330,11155489650,0;11155489650,2787061341,0;2787061341,2787061167,0"
simulated_extreme,0,0.4,0.2,20264940,universal,risk_uncertainty,10297.182344079098,0.6370087923684875,0.8280776466145003,0.8219173776639992,0.4311778653622655,92.81100006774068,15.950800036080182,"9706921350,9706921684,0;9706921684,9706921682,0;9706921682,9713848047,0;9713848047,9713848018,0;9713848018,9713848023,0;9713848023,12984979400,0;12984979400,9713848118,0;9713848118,9713848006,0;9713848006,9713847968,0;9713847968,9706921713,0;9706921713,9706921712,0;9706921712,9706921786,0;9706921786,9778914467,0;9778914467,9706887247,0;9706887247,9706857800,0;9706857800,9706857774,0;9706857774,9706857801,0;9706857801,9706857775,0;9706857775,9706857832,0;9706857832,9706857843,0;9706857843,7161807983,0;7161807983,7161812592,0;7161812592,499478563,0;499478563,499478564,0;499478564,7973114513,0;7973114513,7973099569,0;7973099569,7975273881,0;7975273881,7973099508,0;7973099508,7973099507,0;7973099507,7973114859,0;7973114859,8298792534,0;8298792534,8298792550,0;8298792550,7973114851,0;7973114851,7975286501,0;7975286501,8298792599,0;8298792599,1116501292,0;1116501292,7975286500,0;7975286500,1116501304,0;1116501304,7975286429,0;7975286429,7975286583,0;7975286583,7977056082,0;7977056082,7977056084,0;7977056084,7977050965,0;7977050965,7977056079,0;7977056079,7979256640,0;7979256640,7979256626,0;7979256626,7979256668,0;7979256668,7977056101,0;7977056101,7967831807,0;7967831807,7967774259,0;7967774259,503464976,0;503464976,7961771680,0;7961771680,1116492807,0;1116492807,7967774262,0;7967774262,503464985,0;503464985,2530277199,0;2530277199,564083084,0;564083084,5374860944,0;5374860944,5374860978,0;5374860978,5374861143,0;5374861143,9053077286,0;9053077286,13527622504,0;13527622504,13167173350,0;13167173350,13527622497,0;13527622497,564083093,0;564083093,6317320202,0;6317320202,564083165,0;564083165,13167173329,0;13167173329,6317320222,0;6317320222,6028645652,0;6028645652,2369336843,0;2369336843,2369336701,0;2369336701,12333484744,0;12333484744,2368579077,0;2368579077,2369336820,0;2369336820,2368578991,0;2368578991,8887740818,0;8887740818,9570709534,0;9570709534,2369336807,0;2369336807,2368578970,0;2368578970,6043430915,0;6043430915,4899192485,0;4899192485,564639012,0;564639012,564638925,0;564638925,504640818,0;504640818,504637096,0;504637096,2787061089,0;2787061089,2787061351,0;2787061351,2787061330,0;2787061330,11155489650,0;11155489650,2787061341,0;2787061341,2787061167,0"
simulated_extreme,0,0.4,0.2,20264940,universal,shortest,10279.902722198703,0.6421914589263749,0.8280776466145003,0.8190917470674244,0.42948322884636647,93.01590005634353,16.15570002468303,"9706921350,9706921684,0;9706921684,9706921682,0;9706921682,9713848047,0;9713848047,9713848018,0;9713848018,9713848023,0;9713848023,12984979400,0;12984979400,9713848118,0;9713848118,9713848006,0;9713848006,9713847968,0;9713847968,9706921713,0;9706921713,9706921712,0;9706921712,9706921786,0;9706921786,9778914467,0;9778914467,9706887247,0;9706887247,9706857800,0;9706857800,9706857774,0;9706857774,9706857801,0;9706857801,9706857775,0;9706857775,9706857832,0;9706857832,9706857843,0;9706857843,7161807983,0;7161807983,7161812592,0;7161812592,499478563,0;499478563,499478564,0;499478564,7973114513,0;7973114513,7973099569,0;7973099569,7975273881,0;7975273881,7973099508,0;7973099508,7973099507,0;7973099507,7973114859,0;7973114859,8298792534,0;8298792534,8298792550,0;8298792550,7973114851,0;7973114851,7975286501,0;7975286501,8298792599,0;8298792599,1116501292,0;1116501292,7975286500,0;7975286500,1116501304,0;1116501304,1116501296,0;1116501296,7977050964,0;7977050964,7977056084,0;7977056084,7977050965,0;7977050965,7977056079,0;7977056079,7979256640,0;7979256640,7979256626,0;7979256626,7979256668,0;7979256668,7977056101,0;7977056101,7967831807,0;7967831807,7967774259,0;7967774259,503464976,0;503464976,7961771680,0;7961771680,1116492807,0;1116492807,7967774262,0;7967774262,503464985,0;503464985,2530277199,0;2530277199,564083084,0;564083084,5374860944,0;5374860944,5374860978,0;5374860978,5374861143,0;5374861143,9053077286,0;9053077286,13527622504,0;13527622504,13167173350,0;13167173350,13527622497,0;13527622497,564083093,0;564083093,6317320202,0;6317320202,564083165,0;564083165,13167173329,0;13167173329,6317320222,0;6317320222,6028645652,0;6028645652,2369336843,0;2369336843,2369336701,0;2369336701,12333484744,0;12333484744,2368579077,0;2368579077,2369336820,0;2369336820,2368578991,0;2368578991,8887740818,0;8887740818,8887717116,0;8887717116,6043430915,0;6043430915,4899192485,0;4899192485,564639012,0;564639012,564638925,0;564638925,504640818,0;504640818,504637096,0;504637096,2787061089,0;2787061089,564641522,0;564641522,11155489649,0;11155489649,11155489650,0;11155489650,2787061341,0;2787061341,2787061167,0"
simulated_extreme,0,0.4,0.2,20264940,universal,trusted,10286.839558309746,0.6396903556269047,0.8280776466145003,0.8219173776639992,0.4298679516096274,93.29400002025068,16.43379998859018,"9706921350,9706921684,0;9706921684,9706921682,0;9706921682,9713848047,0;9713848047,9713848018,0;9713848018,9713848023,0;9713848023,12984979400,0;12984979400,9713848118,0;9713848118,9713848006,0;9713848006,9713847968,0;9713847968,9706921713,0;9706921713,9706921712,0;9706921712,9706921786,0;9706921786,9778914467,0;9778914467,9706887247,0;9706887247,9706857800,0;9706857800,9706857774,0;9706857774,9706857801,0;9706857801,9706857775,0;9706857775,9706857832,0;9706857832,9706857843,0;9706857843,7161807983,0;7161807983,7161812592,0;7161812592,499478563,0;499478563,499478564,0;499478564,7973114513,0;7973114513,7973099569,0;7973099569,7975273881,0;7975273881,7973099508,0;7973099508,7973099507,0;7973099507,7973114859,0;7973114859,8298792534,0;8298792534,8298792550,0;8298792550,7973114851,0;7973114851,7975286501,0;7975286501,8298792599,0;8298792599,1116501292,0;1116501292,7975286500,0;7975286500,1116501304,0;1116501304,1116501296,0;1116501296,7977050964,0;7977050964,7977056084,0;7977056084,7977050965,0;7977050965,7977056079,0;7977056079,7979256640,0;7979256640,7979256626,0;7979256626,7979256668,0;7979256668,7977056101,0;7977056101,7967831807,0;7967831807,7967774259,0;7967774259,503464976,0;503464976,7961771680,0;7961771680,1116492807,0;1116492807,7967774262,0;7967774262,503464985,0;503464985,2530277199,0;2530277199,564083084,0;564083084,5374860944,0;5374860944,5374860978,0;5374860978,5374861143,0;5374861143,9053077286,0;9053077286,13527622504,0;13527622504,13167173350,0;13167173350,13527622497,0;13527622497,564083093,0;564083093,6317320202,0;6317320202,564083165,0;564083165,13167173329,0;13167173329,6317320222,0;6317320222,6028645652,0;6028645652,2369336843,0;2369336843,2369336701,0;2369336701,12333484744,0;12333484744,2368579077,0;2368579077,2369336820,0;2369336820,2368578991,0;2368578991,8887740818,0;8887740818,8887717116,0;8887717116,6043430915,0;6043430915,4899192485,0;4899192485,564639012,0;564639012,564638925,0;564638925,504640818,0;504640818,504637096,0;504637096,2787061089,0;2787061089,2787061351,0;2787061351,2787061330,0;2787061330,11155489650,0;11155489650,2787061341,0;2787061341,2787061167,0"
simulated_extreme,15,0.0,0.0,20410920,source_specific,risk,10297.182344079098,0.6370087923684875,0.8280776466145003,0.8219173776639992,0.4311778653622655,98.9440000266768,15.128500002902001,"9706921350,9706921684,0;9706921684,9706921682,0;9706921682,9713848047,0;9713848047,9713848018,0;9713848018,9713848023,0;9713848023,12984979400,0;12984979400,9713848118,0;9713848118,9713848006,0;9713848006,9713847968,0;9713847968,9706921713,0;9706921713,9706921712,0;9706921712,9706921786,0;9706921786,9778914467,0;9778914467,9706887247,0;9706887247,9706857800,0;9706857800,9706857774,0;9706857774,9706857801,0;9706857801,9706857775,0;9706857775,9706857832,0;9706857832,9706857843,0;9706857843,7161807983,0;7161807983,7161812592,0;7161812592,499478563,0;499478563,499478564,0;499478564,7973114513,0;7973114513,7973099569,0;7973099569,7975273881,0;7975273881,7973099508,0;7973099508,7973099507,0;7973099507,7973114859,0;7973114859,8298792534,0;8298792534,8298792550,0;8298792550,7973114851,0;7973114851,7975286501,0;7975286501,8298792599,0;8298792599,1116501292,0;1116501292,7975286500,0;7975286500,1116501304,0;1116501304,7975286429,0;7975286429,7975286583,0;7975286583,7977056082,0;7977056082,7977056084,0;7977056084,7977050965,0;7977050965,7977056079,0;7977056079,7979256640,0;7979256640,7979256626,0;7979256626,7979256668,0;7979256668,7977056101,0;7977056101,7967831807,0;7967831807,7967774259,0;7967774259,503464976,0;503464976,7961771680,0;7961771680,1116492807,0;1116492807,7967774262,0;7967774262,503464985,0;503464985,2530277199,0;2530277199,564083084,0;564083084,5374860944,0;5374860944,5374860978,0;5374860978,5374861143,0;5374861143,9053077286,0;9053077286,13527622504,0;13527622504,13167173350,0;13167173350,13527622497,0;13527622497,564083093,0;564083093,6317320202,0;6317320202,564083165,0;564083165,13167173329,0;13167173329,6317320222,0;6317320222,6028645652,0;6028645652,2369336843,0;2369336843,2369336701,0;2369336701,12333484744,0;12333484744,2368579077,0;2368579077,2369336820,0;2369336820,2368578991,0;2368578991,8887740818,0;8887740818,9570709534,0;9570709534,2369336807,0;2369336807,2368578970,0;2368578970,6043430915,0;6043430915,4899192485,0;4899192485,564639012,0;564639012,564638925,0;564638925,504640818,0;504640818,504637096,0;504637096,2787061089,0;2787061089,2787061351,0;2787061351,2787061330,0;2787061330,11155489650,0;11155489650,2787061341,0;2787061341,2787061167,0"
simulated_extreme,15,0.0,0.0,20410920,source_specific,risk_uncertainty,10297.182344079098,0.6370087923684875,0.8280776466145003,0.8219173776639992,0.4311778653622655,98.91559998504817,15.100099961273372,"9706921350,9706921684,0;9706921684,9706921682,0;9706921682,9713848047,0;9713848047,9713848018,0;9713848018,9713848023,0;9713848023,12984979400,0;12984979400,9713848118,0;9713848118,9713848006,0;9713848006,9713847968,0;9713847968,9706921713,0;9706921713,9706921712,0;9706921712,9706921786,0;9706921786,9778914467,0;9778914467,9706887247,0;9706887247,9706857800,0;9706857800,9706857774,0;9706857774,9706857801,0;9706857801,9706857775,0;9706857775,9706857832,0;9706857832,9706857843,0;9706857843,7161807983,0;7161807983,7161812592,0;7161812592,499478563,0;499478563,499478564,0;499478564,7973114513,0;7973114513,7973099569,0;7973099569,7975273881,0;7975273881,7973099508,0;7973099508,7973099507,0;7973099507,7973114859,0;7973114859,8298792534,0;8298792534,8298792550,0;8298792550,7973114851,0;7973114851,7975286501,0;7975286501,8298792599,0;8298792599,1116501292,0;1116501292,7975286500,0;7975286500,1116501304,0;1116501304,7975286429,0;7975286429,7975286583,0;7975286583,7977056082,0;7977056082,7977056084,0;7977056084,7977050965,0;7977050965,7977056079,0;7977056079,7979256640,0;7979256640,7979256626,0;7979256626,7979256668,0;7979256668,7977056101,0;7977056101,7967831807,0;7967831807,7967774259,0;7967774259,503464976,0;503464976,7961771680,0;7961771680,1116492807,0;1116492807,7967774262,0;7967774262,503464985,0;503464985,2530277199,0;2530277199,564083084,0;564083084,5374860944,0;5374860944,5374860978,0;5374860978,5374861143,0;5374861143,9053077286,0;9053077286,13527622504,0;13527622504,13167173350,0;13167173350,13527622497,0;13527622497,564083093,0;564083093,6317320202,0;6317320202,564083165,0;564083165,13167173329,0;13167173329,6317320222,0;6317320222,6028645652,0;6028645652,2369336843,0;2369336843,2369336701,0;2369336701,12333484744,0;12333484744,2368579077,0;2368579077,2369336820,0;2369336820,2368578991,0;2368578991,8887740818,0;8887740818,9570709534,0;9570709534,2369336807,0;2369336807,2368578970,0;2368578970,6043430915,0;6043430915,4899192485,0;4899192485,564639012,0;564639012,564638925,0;564638925,504640818,0;504640818,504637096,0;504637096,2787061089,0;2787061089,2787061351,0;2787061351,2787061330,0;2787061330,11155489650,0;11155489650,2787061341,0;2787061341,2787061167,0"
simulated_extreme,15,0.0,0.0,20410920,source_specific,shortest,10279.902722198703,0.6421914589263749,0.8280776466145003,0.8190917470674244,0.42948322884636647,99.38070003408939,15.565200010314584,"9706921350,9706921684,0;9706921684,9706921682,0;9706921682,9713848047,0;9713848047,9713848018,0;9713848018,9713848023,0;9713848023,12984979400,0;12984979400,9713848118,0;9713848118,9713848006,0;9713848006,9713847968,0;9713847968,9706921713,0;9706921713,9706921712,0;9706921712,9706921786,0;9706921786,9778914467,0;9778914467,9706887247,0;9706887247,9706857800,0;9706857800,9706857774,0;9706857774,9706857801,0;9706857801,9706857775,0;9706857775,9706857832,0;9706857832,9706857843,0;9706857843,7161807983,0;7161807983,7161812592,0;7161812592,499478563,0;499478563,499478564,0;499478564,7973114513,0;7973114513,7973099569,0;7973099569,7975273881,0;7975273881,7973099508,0;7973099508,7973099507,0;7973099507,7973114859,0;7973114859,8298792534,0;8298792534,8298792550,0;8298792550,7973114851,0;7973114851,7975286501,0;7975286501,8298792599,0;8298792599,1116501292,0;1116501292,7975286500,0;7975286500,1116501304,0;1116501304,1116501296,0;1116501296,7977050964,0;7977050964,7977056084,0;7977056084,7977050965,0;7977050965,7977056079,0;7977056079,7979256640,0;7979256640,7979256626,0;7979256626,7979256668,0;7979256668,7977056101,0;7977056101,7967831807,0;7967831807,7967774259,0;7967774259,503464976,0;503464976,7961771680,0;7961771680,1116492807,0;1116492807,7967774262,0;7967774262,503464985,0;503464985,2530277199,0;2530277199,564083084,0;564083084,5374860944,0;5374860944,5374860978,0;5374860978,5374861143,0;5374861143,9053077286,0;9053077286,13527622504,0;13527622504,13167173350,0;13167173350,13527622497,0;13527622497,564083093,0;564083093,6317320202,0;6317320202,564083165,0;564083165,13167173329,0;13167173329,6317320222,0;6317320222,6028645652,0;6028645652,2369336843,0;2369336843,2369336701,0;2369336701,12333484744,0;12333484744,2368579077,0;2368579077,2369336820,0;2369336820,2368578991,0;2368578991,8887740818,0;8887740818,8887717116,0;8887717116,6043430915,0;6043430915,4899192485,0;4899192485,564639012,0;564639012,564638925,0;564638925,504640818,0;504640818,504637096,0;504637096,2787061089,0;2787061089,564641522,0;564641522,11155489649,0;11155489649,11155489650,0;11155489650,2787061341,0;2787061341,2787061167,0"
simulated_extreme,15,0.0,0.0,20410920,source_specific,trusted,10297.182344079098,0.6370087923684875,0.8280776466145003,0.8219173776639992,0.4311778653622655,100.46620003413409,16.650700010359287,"9706921350,9706921684,0;9706921684,9706921682,0;9706921682,9713848047,0;9713848047,9713848018,0;9713848018,9713848023,0;9713848023,12984979400,0;12984979400,9713848118,0;9713848118,9713848006,0;9713848006,9713847968,0;9713847968,9706921713,0;9706921713,9706921712,0;9706921712,9706921786,0;9706921786,9778914467,0;9778914467,9706887247,0;9706887247,9706857800,0;9706857800,9706857774,0;9706857774,9706857801,0;9706857801,9706857775,0;9706857775,9706857832,0;9706857832,9706857843,0;9706857843,7161807983,0;7161807983,7161812592,0;7161812592,499478563,0;499478563,499478564,0;499478564,7973114513,0;7973114513,7973099569,0;7973099569,7975273881,0;7975273881,7973099508,0;7973099508,7973099507,0;7973099507,7973114859,0;7973114859,8298792534,0;8298792534,8298792550,0;8298792550,7973114851,0;7973114851,7975286501,0;7975286501,8298792599,0;8298792599,1116501292,0;1116501292,7975286500,0;7975286500,1116501304,0;1116501304,7975286429,0;7975286429,7975286583,0;7975286583,7977056082,0;7977056082,7977056084,0;7977056084,7977050965,0;7977050965,7977056079,0;7977056079,7979256640,0;7979256640,7979256626,0;7979256626,7979256668,0;7979256668,7977056101,0;7977056101,7967831807,0;7967831807,7967774259,0;7967774259,503464976,0;503464976,7961771680,0;7961771680,1116492807,0;1116492807,7967774262,0;7967774262,503464985,0;503464985,2530277199,0;2530277199,564083084,0;564083084,5374860944,0;5374860944,5374860978,0;5374860978,5374861143,0;5374861143,9053077286,0;9053077286,13527622504,0;13527622504,13167173350,0;13167173350,13527622497,0;13527622497,564083093,0;564083093,6317320202,0;6317320202,564083165,0;564083165,13167173329,0;13167173329,6317320222,0;6317320222,6028645652,0;6028645652,2369336843,0;2369336843,2369336701,0;2369336701,12333484744,0;12333484744,2368579077,0;2368579077,2369336820,0;2369336820,2368578991,0;2368578991,8887740818,0;8887740818,9570709534,0;9570709534,2369336807,0;2369336807,2368578970,0;2368578970,6043430915,0;6043430915,4899192485,0;4899192485,564639012,0;564639012,564638925,0;564638925,504640818,0;504640818,504637096,0;504637096,2787061089,0;2787061089,2787061351,0;2787061351,2787061330,0;2787061330,11155489650,0;11155489650,2787061341,0;2787061341,2787061167,0"
simulated_extreme,15,0.0,0.0,20410920,universal,risk,10297.182344079098,0.6370087923684875,0.8280776466145003,0.8219173776639992,0.4311778653622655,98.02009997656569,15.06349997362122,"9706921350,9706921684,0;9706921684,9706921682,0;9706921682,9713848047,0;9713848047,9713848018,0;9713848018,9713848023,0;9713848023,12984979400,0;12984979400,9713848118,0;9713848118,9713848006,0;9713848006,9713847968,0;9713847968,9706921713,0;9706921713,9706921712,0;9706921712,9706921786,0;9706921786,9778914467,0;9778914467,9706887247,0;9706887247,9706857800,0;9706857800,9706857774,0;9706857774,9706857801,0;9706857801,9706857775,0;9706857775,9706857832,0;9706857832,9706857843,0;9706857843,7161807983,0;7161807983,7161812592,0;7161812592,499478563,0;499478563,499478564,0;499478564,7973114513,0;7973114513,7973099569,0;7973099569,7975273881,0;7975273881,7973099508,0;7973099508,7973099507,0;7973099507,7973114859,0;7973114859,8298792534,0;8298792534,8298792550,0;8298792550,7973114851,0;7973114851,7975286501,0;7975286501,8298792599,0;8298792599,1116501292,0;1116501292,7975286500,0;7975286500,1116501304,0;1116501304,7975286429,0;7975286429,7975286583,0;7975286583,7977056082,0;7977056082,7977056084,0;7977056084,7977050965,0;7977050965,7977056079,0;7977056079,7979256640,0;7979256640,7979256626,0;7979256626,7979256668,0;7979256668,7977056101,0;7977056101,7967831807,0;7967831807,7967774259,0;7967774259,503464976,0;503464976,7961771680,0;7961771680,1116492807,0;1116492807,7967774262,0;7967774262,503464985,0;503464985,2530277199,0;2530277199,564083084,0;564083084,5374860944,0;5374860944,5374860978,0;5374860978,5374861143,0;5374861143,9053077286,0;9053077286,13527622504,0;13527622504,13167173350,0;13167173350,13527622497,0;13527622497,564083093,0;564083093,6317320202,0;6317320202,564083165,0;564083165,13167173329,0;13167173329,6317320222,0;6317320222,6028645652,0;6028645652,2369336843,0;2369336843,2369336701,0;2369336701,12333484744,0;12333484744,2368579077,0;2368579077,2369336820,0;2369336820,2368578991,0;2368578991,8887740818,0;8887740818,9570709534,0;9570709534,2369336807,0;2369336807,2368578970,0;2368578970,6043430915,0;6043430915,4899192485,0;4899192485,564639012,0;564639012,564638925,0;564638925,504640818,0;504640818,504637096,0;504637096,2787061089,0;2787061089,2787061351,0;2787061351,2787061330,0;2787061330,11155489650,0;11155489650,2787061341,0;2787061341,2787061167,0"
simulated_extreme,15,0.0,0.0,20410920,universal,risk_uncertainty,10297.182344079098,0.6370087923684875,0.8280776466145003,0.8219173776639992,0.4311778653622655,98.831599985715,15.874999982770532,"9706921350,9706921684,0;9706921684,9706921682,0;9706921682,9713848047,0;9713848047,9713848018,0;9713848018,9713848023,0;9713848023,12984979400,0;12984979400,9713848118,0;9713848118,9713848006,0;9713848006,9713847968,0;9713847968,9706921713,0;9706921713,9706921712,0;9706921712,9706921786,0;9706921786,9778914467,0;9778914467,9706887247,0;9706887247,9706857800,0;9706857800,9706857774,0;9706857774,9706857801,0;9706857801,9706857775,0;9706857775,9706857832,0;9706857832,9706857843,0;9706857843,7161807983,0;7161807983,7161812592,0;7161812592,499478563,0;499478563,499478564,0;499478564,7973114513,0;7973114513,7973099569,0;7973099569,7975273881,0;7975273881,7973099508,0;7973099508,7973099507,0;7973099507,7973114859,0;7973114859,8298792534,0;8298792534,8298792550,0;8298792550,7973114851,0;7973114851,7975286501,0;7975286501,8298792599,0;8298792599,1116501292,0;1116501292,7975286500,0;7975286500,1116501304,0;1116501304,7975286429,0;7975286429,7975286583,0;7975286583,7977056082,0;7977056082,7977056084,0;7977056084,7977050965,0;7977050965,7977056079,0;7977056079,7979256640,0;7979256640,7979256626,0;7979256626,7979256668,0;7979256668,7977056101,0;7977056101,7967831807,0;7967831807,7967774259,0;7967774259,503464976,0;503464976,7961771680,0;7961771680,1116492807,0;1116492807,7967774262,0;7967774262,503464985,0;503464985,2530277199,0;2530277199,564083084,0;564083084,5374860944,0;5374860944,5374860978,0;5374860978,5374861143,0;5374861143,9053077286,0;9053077286,13527622504,0;13527622504,13167173350,0;13167173350,13527622497,0;13527622497,564083093,0;564083093,6317320202,0;6317320202,564083165,0;564083165,13167173329,0;13167173329,6317320222,0;6317320222,6028645652,0;6028645652,2369336843,0;2369336843,2369336701,0;2369336701,12333484744,0;12333484744,2368579077,0;2368579077,2369336820,0;2369336820,2368578991,0;2368578991,8887740818,0;8887740818,9570709534,0;9570709534,2369336807,0;2369336807,2368578970,0;2368578970,6043430915,0;6043430915,4899192485,0;4899192485,564639012,0;564639012,564638925,0;564638925,504640818,0;504640818,504637096,0;504637096,2787061089,0;2787061089,2787061351,0;2787061351,2787061330,0;2787061330,11155489650,0;11155489650,2787061341,0;2787061341,2787061167,0"
simulated_extreme,15,0.0,0.0,20410920,universal,shortest,10279.902722198703,0.6421914589263749,0.8280776466145003,0.8190917470674244,0.42948322884636647,97.48130000662059,14.524700003676116,"9706921350,9706921684,0;9706921684,9706921682,0;9706921682,9713848047,0;9713848047,9713848018,0;9713848018,9713848023,0;9713848023,12984979400,0;12984979400,9713848118,0;9713848118,9713848006,0;9713848006,9713847968,0;9713847968,9706921713,0;9706921713,9706921712,0;9706921712,9706921786,0;9706921786,9778914467,0;9778914467,9706887247,0;9706887247,9706857800,0;9706857800,9706857774,0;9706857774,9706857801,0;9706857801,9706857775,0;9706857775,9706857832,0;9706857832,9706857843,0;9706857843,7161807983,0;7161807983,7161812592,0;7161812592,499478563,0;499478563,499478564,0;499478564,7973114513,0;7973114513,7973099569,0;7973099569,7975273881,0;7975273881,7973099508,0;7973099508,7973099507,0;7973099507,7973114859,0;7973114859,8298792534,0;8298792534,8298792550,0;8298792550,7973114851,0;7973114851,7975286501,0;7975286501,8298792599,0;8298792599,1116501292,0;1116501292,7975286500,0;7975286500,1116501304,0;1116501304,1116501296,0;1116501296,7977050964,0;7977050964,7977056084,0;7977056084,7977050965,0;7977050965,7977056079,0;7977056079,7979256640,0;7979256640,7979256626,0;7979256626,7979256668,0;7979256668,7977056101,0;7977056101,7967831807,0;7967831807,7967774259,0;7967774259,503464976,0;503464976,7961771680,0;7961771680,1116492807,0;1116492807,7967774262,0;7967774262,503464985,0;503464985,2530277199,0;2530277199,564083084,0;564083084,5374860944,0;5374860944,5374860978,0;5374860978,5374861143,0;5374861143,9053077286,0;9053077286,13527622504,0;13527622504,13167173350,0;13167173350,13527622497,0;13527622497,564083093,0;564083093,6317320202,0;6317320202,564083165,0;564083165,13167173329,0;13167173329,6317320222,0;6317320222,6028645652,0;6028645652,2369336843,0;2369336843,2369336701,0;2369336701,12333484744,0;12333484744,2368579077,0;2368579077,2369336820,0;2369336820,2368578991,0;2368578991,8887740818,0;8887740818,8887717116,0;8887717116,6043430915,0;6043430915,4899192485,0;4899192485,564639012,0;564639012,564638925,0;564638925,504640818,0;504640818,504637096,0;504637096,2787061089,0;2787061089,564641522,0;564641522,11155489649,0;11155489649,11155489650,0;11155489650,2787061341,0;2787061341,2787061167,0"
simulated_extreme,15,0.0,0.0,20410920,universal,trusted,10297.182344079098,0.6370087923684875,0.8280776466145003,0.8219173776639992,0.4311778653622655,99.55449996050447,16.597899957560003,"9706921350,9706921684,0;9706921684,9706921682,0;9706921682,9713848047,0;9713848047,9713848018,0;9713848018,9713848023,0;9713848023,12984979400,0;12984979400,9713848118,0;9713848118,9713848006,0;9713848006,9713847968,0;9713847968,9706921713,0;9706921713,9706921712,0;9706921712,9706921786,0;9706921786,9778914467,0;9778914467,9706887247,0;9706887247,9706857800,0;9706857800,9706857774,0;9706857774,9706857801,0;9706857801,9706857775,0;9706857775,9706857832,0;9706857832,9706857843,0;9706857843,7161807983,0;7161807983,7161812592,0;7161812592,499478563,0;499478563,499478564,0;499478564,7973114513,0;7973114513,7973099569,0;7973099569,7975273881,0;7975273881,7973099508,0;7973099508,7973099507,0;7973099507,7973114859,0;7973114859,8298792534,0;8298792534,8298792550,0;8298792550,7973114851,0;7973114851,7975286501,0;7975286501,8298792599,0;8298792599,1116501292,0;1116501292,7975286500,0;7975286500,1116501304,0;1116501304,7975286429,0;7975286429,7975286583,0;7975286583,7977056082,0;7977056082,7977056084,0;7977056084,7977050965,0;7977050965,7977056079,0;7977056079,7979256640,0;7979256640,7979256626,0;7979256626,7979256668,0;7979256668,7977056101,0;7977056101,7967831807,0;7967831807,7967774259,0;7967774259,503464976,0;503464976,7961771680,0;7961771680,1116492807,0;1116492807,7967774262,0;7967774262,503464985,0;503464985,2530277199,0;2530277199,564083084,0;564083084,5374860944,0;5374860944,5374860978,0;5374860978,5374861143,0;5374861143,9053077286,0;9053077286,13527622504,0;13527622504,13167173350,0;13167173350,13527622497,0;13527622497,564083093,0;564083093,6317320202,0;6317320202,564083165,0;564083165,13167173329,0;13167173329,6317320222,0;6317320222,6028645652,0;6028645652,2369336843,0;2369336843,2369336701,0;2369336701,12333484744,0;12333484744,2368579077,0;2368579077,2369336820,0;2369336820,2368578991,0;2368578991,8887740818,0;8887740818,9570709534,0;9570709534,2369336807,0;2369336807,2368578970,0;2368578970,6043430915,0;6043430915,4899192485,0;4899192485,564639012,0;564639012,564638925,0;564638925,504640818,0;504640818,504637096,0;504637096,2787061089,0;2787061089,2787061351,0;2787061351,2787061330,0;2787061330,11155489650,0;11155489650,2787061341,0;2787061341,2787061167,0"
simulated_extreme,15,0.0,0.1,20410930,source_specific,risk,10297.182344079098,0.6370087923684875,0.8280776466145003,0.8219173776639992,0.4311778653622655,101.88709996873513,15.522099973168224,"9706921350,9706921684,0;9706921684,9706921682,0;9706921682,9713848047,0;9713848047,9713848018,0;9713848018,9713848023,0;9713848023,12984979400,0;12984979400,9713848118,0;9713848118,9713848006,0;9713848006,9713847968,0;9713847968,9706921713,0;9706921713,9706921712,0;9706921712,9706921786,0;9706921786,9778914467,0;9778914467,9706887247,0;9706887247,9706857800,0;9706857800,9706857774,0;9706857774,9706857801,0;9706857801,9706857775,0;9706857775,9706857832,0;9706857832,9706857843,0;9706857843,7161807983,0;7161807983,7161812592,0;7161812592,499478563,0;499478563,499478564,0;499478564,7973114513,0;7973114513,7973099569,0;7973099569,7975273881,0;7975273881,7973099508,0;7973099508,7973099507,0;7973099507,7973114859,0;7973114859,8298792534,0;8298792534,8298792550,0;8298792550,7973114851,0;7973114851,7975286501,0;7975286501,8298792599,0;8298792599,1116501292,0;1116501292,7975286500,0;7975286500,1116501304,0;1116501304,7975286429,0;7975286429,7975286583,0;7975286583,7977056082,0;7977056082,7977056084,0;7977056084,7977050965,0;7977050965,7977056079,0;7977056079,7979256640,0;7979256640,7979256626,0;7979256626,7979256668,0;7979256668,7977056101,0;7977056101,7967831807,0;7967831807,7967774259,0;7967774259,503464976,0;503464976,7961771680,0;7961771680,1116492807,0;1116492807,7967774262,0;7967774262,503464985,0;503464985,2530277199,0;2530277199,564083084,0;564083084,5374860944,0;5374860944,5374860978,0;5374860978,5374861143,0;5374861143,9053077286,0;9053077286,13527622504,0;13527622504,13167173350,0;13167173350,13527622497,0;13527622497,564083093,0;564083093,6317320202,0;6317320202,564083165,0;564083165,13167173329,0;13167173329,6317320222,0;6317320222,6028645652,0;6028645652,2369336843,0;2369336843,2369336701,0;2369336701,12333484744,0;12333484744,2368579077,0;2368579077,2369336820,0;2369336820,2368578991,0;2368578991,8887740818,0;8887740818,9570709534,0;9570709534,2369336807,0;2369336807,2368578970,0;2368578970,6043430915,0;6043430915,4899192485,0;4899192485,564639012,0;564639012,564638925,0;564638925,504640818,0;504640818,504637096,0;504637096,2787061089,0;2787061089,2787061351,0;2787061351,2787061330,0;2787061330,11155489650,0;11155489650,2787061341,0;2787061341,2787061167,0"
simulated_extreme,15,0.0,0.1,20410930,source_specific,risk_uncertainty,10297.182344079098,0.6370087923684875,0.8280776466145003,0.8219173776639992,0.4311778653622655,101.87569999834523,15.510700002778322,"9706921350,9706921684,0;9706921684,9706921682,0;9706921682,9713848047,0;9713848047,9713848018,0;9713848018,9713848023,0;9713848023,12984979400,0;12984979400,9713848118,0;9713848118,9713848006,0;9713848006,9713847968,0;9713847968,9706921713,0;9706921713,9706921712,0;9706921712,9706921786,0;9706921786,9778914467,0;9778914467,9706887247,0;9706887247,9706857800,0;9706857800,9706857774,0;9706857774,9706857801,0;9706857801,9706857775,0;9706857775,9706857832,0;9706857832,9706857843,0;9706857843,7161807983,0;7161807983,7161812592,0;7161812592,499478563,0;499478563,499478564,0;499478564,7973114513,0;7973114513,7973099569,0;7973099569,7975273881,0;7975273881,7973099508,0;7973099508,7973099507,0;7973099507,7973114859,0;7973114859,8298792534,0;8298792534,8298792550,0;8298792550,7973114851,0;7973114851,7975286501,0;7975286501,8298792599,0;8298792599,1116501292,0;1116501292,7975286500,0;7975286500,1116501304,0;1116501304,7975286429,0;7975286429,7975286583,0;7975286583,7977056082,0;7977056082,7977056084,0;7977056084,7977050965,0;7977050965,7977056079,0;7977056079,7979256640,0;7979256640,7979256626,0;7979256626,7979256668,0;7979256668,7977056101,0;7977056101,7967831807,0;7967831807,7967774259,0;7967774259,503464976,0;503464976,7961771680,0;7961771680,1116492807,0;1116492807,7967774262,0;7967774262,503464985,0;503464985,2530277199,0;2530277199,564083084,0;564083084,5374860944,0;5374860944,5374860978,0;5374860978,5374861143,0;5374861143,9053077286,0;9053077286,13527622504,0;13527622504,13167173350,0;13167173350,13527622497,0;13527622497,564083093,0;564083093,6317320202,0;6317320202,564083165,0;564083165,13167173329,0;13167173329,6317320222,0;6317320222,6028645652,0;6028645652,2369336843,0;2369336843,2369336701,0;2369336701,12333484744,0;12333484744,2368579077,0;2368579077,2369336820,0;2369336820,2368578991,0;2368578991,8887740818,0;8887740818,9570709534,0;9570709534,2369336807,0;2369336807,2368578970,0;2368578970,6043430915,0;6043430915,4899192485,0;4899192485,564639012,0;564639012,564638925,0;564638925,504640818,0;504640818,504637096,0;504637096,2787061089,0;2787061089,2787061351,0;2787061351,2787061330,0;2787061330,11155489650,0;11155489650,2787061341,0;2787061341,2787061167,0"
simulated_extreme,15,0.0,0.1,20410930,source_specific,shortest,10279.902722198703,0.6421914589263749,0.8280776466145003,0.8190917470674244,0.42948322884636647,100.74269998585805,14.377699990291148,"9706921350,9706921684,0;9706921684,9706921682,0;9706921682,9713848047,0;9713848047,9713848018,0;9713848018,9713848023,0;9713848023,12984979400,0;12984979400,9713848118,0;9713848118,9713848006,0;9713848006,9713847968,0;9713847968,9706921713,0;9706921713,9706921712,0;9706921712,9706921786,0;9706921786,9778914467,0;9778914467,9706887247,0;9706887247,9706857800,0;9706857800,9706857774,0;9706857774,9706857801,0;9706857801,9706857775,0;9706857775,9706857832,0;9706857832,9706857843,0;9706857843,7161807983,0;7161807983,7161812592,0;7161812592,499478563,0;499478563,499478564,0;499478564,7973114513,0;7973114513,7973099569,0;7973099569,7975273881,0;7975273881,7973099508,0;7973099508,7973099507,0;7973099507,7973114859,0;7973114859,8298792534,0;8298792534,8298792550,0;8298792550,7973114851,0;7973114851,7975286501,0;7975286501,8298792599,0;8298792599,1116501292,0;1116501292,7975286500,0;7975286500,1116501304,0;1116501304,1116501296,0;1116501296,7977050964,0;7977050964,7977056084,0;7977056084,7977050965,0;7977050965,7977056079,0;7977056079,7979256640,0;7979256640,7979256626,0;7979256626,7979256668,0;7979256668,7977056101,0;7977056101,7967831807,0;7967831807,7967774259,0;7967774259,503464976,0;503464976,7961771680,0;7961771680,1116492807,0;1116492807,7967774262,0;7967774262,503464985,0;503464985,2530277199,0;2530277199,564083084,0;564083084,5374860944,0;5374860944,5374860978,0;5374860978,5374861143,0;5374861143,9053077286,0;9053077286,13527622504,0;13527622504,13167173350,0;13167173350,13527622497,0;13527622497,564083093,0;564083093,6317320202,0;6317320202,564083165,0;564083165,13167173329,0;13167173329,6317320222,0;6317320222,6028645652,0;6028645652,2369336843,0;2369336843,2369336701,0;2369336701,12333484744,0;12333484744,2368579077,0;2368579077,2369336820,0;2369336820,2368578991,0;2368578991,8887740818,0;8887740818,8887717116,0;8887717116,6043430915,0;6043430915,4899192485,0;4899192485,564639012,0;564639012,564638925,0;564638925,504640818,0;504640818,504637096,0;504637096,2787061089,0;2787061089,564641522,0;564641522,11155489649,0;11155489649,11155489650,0;11155489650,2787061341,0;2787061341,2787061167,0"
simulated_extreme,15,0.0,0.1,20410930,source_specific,trusted,10297.182344079098,0.6370087923684875,0.8280776466145003,0.8219173776639992,0.4311778653622655,104.46920001413673,18.104200018569827,"9706921350,9706921684,0;9706921684,9706921682,0;9706921682,9713848047,0;9713848047,9713848018,0;9713848018,9713848023,0;9713848023,12984979400,0;12984979400,9713848118,0;9713848118,9713848006,0;9713848006,9713847968,0;9713847968,9706921713,0;9706921713,9706921712,0;9706921712,9706921786,0;9706921786,9778914467,0;9778914467,9706887247,0;9706887247,9706857800,0;9706857800,9706857774,0;9706857774,9706857801,0;9706857801,9706857775,0;9706857775,9706857832,0;9706857832,9706857843,0;9706857843,7161807983,0;7161807983,7161812592,0;7161812592,499478563,0;499478563,499478564,0;499478564,7973114513,0;7973114513,7973099569,0;7973099569,7975273881,0;7975273881,7973099508,0;7973099508,7973099507,0;7973099507,7973114859,0;7973114859,8298792534,0;8298792534,8298792550,0;8298792550,7973114851,0;7973114851,7975286501,0;7975286501,8298792599,0;8298792599,1116501292,0;1116501292,7975286500,0;7975286500,1116501304,0;1116501304,7975286429,0;7975286429,7975286583,0;7975286583,7977056082,0;7977056082,7977056084,0;7977056084,7977050965,0;7977050965,7977056079,0;7977056079,7979256640,0;7979256640,7979256626,0;7979256626,7979256668,0;7979256668,7977056101,0;7977056101,7967831807,0;7967831807,7967774259,0;7967774259,503464976,0;503464976,7961771680,0;7961771680,1116492807,0;1116492807,7967774262,0;7967774262,503464985,0;503464985,2530277199,0;2530277199,564083084,0;564083084,5374860944,0;5374860944,5374860978,0;5374860978,5374861143,0;5374861143,9053077286,0;9053077286,13527622504,0;13527622504,13167173350,0;13167173350,13527622497,0;13527622497,564083093,0;564083093,6317320202,0;6317320202,564083165,0;564083165,13167173329,0;13167173329,6317320222,0;6317320222,6028645652,0;6028645652,2369336843,0;2369336843,2369336701,0;2369336701,12333484744,0;12333484744,2368579077,0;2368579077,2369336820,0;2369336820,2368578991,0;2368578991,8887740818,0;8887740818,9570709534,0;9570709534,2369336807,0;2369336807,2368578970,0;2368578970,6043430915,0;6043430915,4899192485,0;4899192485,564639012,0;564639012,564638925,0;564638925,504640818,0;504640818,504637096,0;504637096,2787061089,0;2787061089,2787061351,0;2787061351,2787061330,0;2787061330,11155489650,0;11155489650,2787061341,0;2787061341,2787061167,0"
simulated_extreme,15,0.0,0.1,20410930,universal,risk,10297.182344079098,0.6370087923684875,0.8280776466145003,0.8219173776639992,0.4311778653622655,100.36189999664202,15.470299986191094,"9706921350,9706921684,0;9706921684,9706921682,0;9706921682,9713848047,0;9713848047,9713848018,0;9713848018,9713848023,0;9713848023,12984979400,0;12984979400,9713848118,0;9713848118,9713848006,0;9713848006,9713847968,0;9713847968,9706921713,0;9706921713,9706921712,0;9706921712,9706921786,0;9706921786,9778914467,0;9778914467,9706887247,0;9706887247,9706857800,0;9706857800,9706857774,0;9706857774,9706857801,0;9706857801,9706857775,0;9706857775,9706857832,0;9706857832,9706857843,0;9706857843,7161807983,0;7161807983,7161812592,0;7161812592,499478563,0;499478563,499478564,0;499478564,7973114513,0;7973114513,7973099569,0;7973099569,7975273881,0;7975273881,7973099508,0;7973099508,7973099507,0;7973099507,7973114859,0;7973114859,8298792534,0;8298792534,8298792550,0;8298792550,7973114851,0;7973114851,7975286501,0;7975286501,8298792599,0;8298792599,1116501292,0;1116501292,7975286500,0;7975286500,1116501304,0;1116501304,7975286429,0;7975286429,7975286583,0;7975286583,7977056082,0;7977056082,7977056084,0;7977056084,7977050965,0;7977050965,7977056079,0;7977056079,7979256640,0;7979256640,7979256626,0;7979256626,7979256668,0;7979256668,7977056101,0;7977056101,7967831807,0;7967831807,7967774259,0;7967774259,503464976,0;503464976,7961771680,0;7961771680,1116492807,0;1116492807,7967774262,0;7967774262,503464985,0;503464985,2530277199,0;2530277199,564083084,0;564083084,5374860944,0;5374860944,5374860978,0;5374860978,5374861143,0;5374861143,9053077286,0;9053077286,13527622504,0;13527622504,13167173350,0;13167173350,13527622497,0;13527622497,564083093,0;564083093,6317320202,0;6317320202,564083165,0;564083165,13167173329,0;13167173329,6317320222,0;6317320222,6028645652,0;6028645652,2369336843,0;2369336843,2369336701,0;2369336701,12333484744,0;12333484744,2368579077,0;2368579077,2369336820,0;2369336820,2368578991,0;2368578991,8887740818,0;8887740818,9570709534,0;9570709534,2369336807,0;2369336807,2368578970,0;2368578970,6043430915,0;6043430915,4899192485,0;4899192485,564639012,0;564639012,564638925,0;564638925,504640818,0;504640818,504637096,0;504637096,2787061089,0;2787061089,2787061351,0;2787061351,2787061330,0;2787061330,11155489650,0;11155489650,2787061341,0;2787061341,2787061167,0"
simulated_extreme,15,0.0,0.1,20410930,universal,risk_uncertainty,10297.182344079098,0.6370087923684875,0.8280776466145003,0.8219173776639992,0.4311778653622655,100.00550001859665,15.11390000814572,"9706921350,9706921684,0;9706921684,9706921682,0;9706921682,9713848047,0;9713848047,9713848018,0;9713848018,9713848023,0;9713848023,12984979400,0;12984979400,9713848118,0;9713848118,9713848006,0;9713848006,9713847968,0;9713847968,9706921713,0;9706921713,9706921712,0;9706921712,9706921786,0;9706921786,9778914467,0;9778914467,9706887247,0;9706887247,9706857800,0;9706857800,9706857774,0;9706857774,9706857801,0;9706857801,9706857775,0;9706857775,9706857832,0;9706857832,9706857843,0;9706857843,7161807983,0;7161807983,7161812592,0;7161812592,499478563,0;499478563,499478564,0;499478564,7973114513,0;7973114513,7973099569,0;7973099569,7975273881,0;7975273881,7973099508,0;7973099508,7973099507,0;7973099507,7973114859,0;7973114859,8298792534,0;8298792534,8298792550,0;8298792550,7973114851,0;7973114851,7975286501,0;7975286501,8298792599,0;8298792599,1116501292,0;1116501292,7975286500,0;7975286500,1116501304,0;1116501304,7975286429,0;7975286429,7975286583,0;7975286583,7977056082,0;7977056082,7977056084,0;7977056084,7977050965,0;7977050965,7977056079,0;7977056079,7979256640,0;7979256640,7979256626,0;7979256626,7979256668,0;7979256668,7977056101,0;7977056101,7967831807,0;7967831807,7967774259,0;7967774259,503464976,0;503464976,7961771680,0;7961771680,1116492807,0;1116492807,7967774262,0;7967774262,503464985,0;503464985,2530277199,0;2530277199,564083084,0;564083084,5374860944,0;5374860944,5374860978,0;5374860978,5374861143,0;5374861143,9053077286,0;9053077286,13527622504,0;13527622504,13167173350,0;13167173350,13527622497,0;13527622497,564083093,0;564083093,6317320202,0;6317320202,564083165,0;564083165,13167173329,0;13167173329,6317320222,0;6317320222,6028645652,0;6028645652,2369336843,0;2369336843,2369336701,0;2369336701,12333484744,0;12333484744,2368579077,0;2368579077,2369336820,0;2369336820,2368578991,0;2368578991,8887740818,0;8887740818,9570709534,0;9570709534,2369336807,0;2369336807,2368578970,0;2368578970,6043430915,0;6043430915,4899192485,0;4899192485,564639012,0;564639012,564638925,0;564638925,504640818,0;504640818,504637096,0;504637096,2787061089,0;2787061089,2787061351,0;2787061351,2787061330,0;2787061330,11155489650,0;11155489650,2787061341,0;2787061341,2787061167,0"
simulated_extreme,15,0.0,0.1,20410930,universal,shortest,10279.902722198703,0.6421914589263749,0.8280776466145003,0.8190917470674244,0.42948322884636647,99.33689999161288,14.445299981161952,"9706921350,9706921684,0;9706921684,9706921682,0;9706921682,9713848047,0;9713848047,9713848018,0;9713848018,9713848023,0;9713848023,12984979400,0;12984979400,9713848118,0;9713848118,9713848006,0;9713848006,9713847968,0;9713847968,9706921713,0;9706921713,9706921712,0;9706921712,9706921786,0;9706921786,9778914467,0;9778914467,9706887247,0;9706887247,9706857800,0;9706857800,9706857774,0;9706857774,9706857801,0;9706857801,9706857775,0;9706857775,9706857832,0;9706857832,9706857843,0;9706857843,7161807983,0;7161807983,7161812592,0;7161812592,499478563,0;499478563,499478564,0;499478564,7973114513,0;7973114513,7973099569,0;7973099569,7975273881,0;7975273881,7973099508,0;7973099508,7973099507,0;7973099507,7973114859,0;7973114859,8298792534,0;8298792534,8298792550,0;8298792550,7973114851,0;7973114851,7975286501,0;7975286501,8298792599,0;8298792599,1116501292,0;1116501292,7975286500,0;7975286500,1116501304,0;1116501304,1116501296,0;1116501296,7977050964,0;7977050964,7977056084,0;7977056084,7977050965,0;7977050965,7977056079,0;7977056079,7979256640,0;7979256640,7979256626,0;7979256626,7979256668,0;7979256668,7977056101,0;7977056101,7967831807,0;7967831807,7967774259,0;7967774259,503464976,0;503464976,7961771680,0;7961771680,1116492807,0;1116492807,7967774262,0;7967774262,503464985,0;503464985,2530277199,0;2530277199,564083084,0;564083084,5374860944,0;5374860944,5374860978,0;5374860978,5374861143,0;5374861143,9053077286,0;9053077286,13527622504,0;13527622504,13167173350,0;13167173350,13527622497,0;13527622497,564083093,0;564083093,6317320202,0;6317320202,564083165,0;564083165,13167173329,0;13167173329,6317320222,0;6317320222,6028645652,0;6028645652,2369336843,0;2369336843,2369336701,0;2369336701,12333484744,0;12333484744,2368579077,0;2368579077,2369336820,0;2369336820,2368578991,0;2368578991,8887740818,0;8887740818,8887717116,0;8887717116,6043430915,0;6043430915,4899192485,0;4899192485,564639012,0;564639012,564638925,0;564638925,504640818,0;504640818,504637096,0;504637096,2787061089,0;2787061089,564641522,0;564641522,11155489649,0;11155489649,11155489650,0;11155489650,2787061341,0;2787061341,2787061167,0"
simulated_extreme,15,0.0,0.1,20410930,universal,trusted,10297.182344079098,0.6370087923684875,0.8280776466145003,0.8219173776639992,0.4311778653622655,102.31450002174824,17.422900011297315,"9706921350,9706921684,0;9706921684,9706921682,0;9706921682,9713848047,0;9713848047,9713848018,0;9713848018,9713848023,0;9713848023,12984979400,0;12984979400,9713848118,0;9713848118,9713848006,0;9713848006,9713847968,0;9713847968,9706921713,0;9706921713,9706921712,0;9706921712,9706921786,0;9706921786,9778914467,0;9778914467,9706887247,0;9706887247,9706857800,0;9706857800,9706857774,0;9706857774,9706857801,0;9706857801,9706857775,0;9706857775,9706857832,0;9706857832,9706857843,0;9706857843,7161807983,0;7161807983,7161812592,0;7161812592,499478563,0;499478563,499478564,0;499478564,7973114513,0;7973114513,7973099569,0;7973099569,7975273881,0;7975273881,7973099508,0;7973099508,7973099507,0;7973099507,7973114859,0;7973114859,8298792534,0;8298792534,8298792550,0;8298792550,7973114851,0;7973114851,7975286501,0;7975286501,8298792599,0;8298792599,1116501292,0;1116501292,7975286500,0;7975286500,1116501304,0;1116501304,7975286429,0;7975286429,7975286583,0;7975286583,7977056082,0;7977056082,7977056084,0;7977056084,7977050965,0;7977050965,7977056079,0;7977056079,7979256640,0;7979256640,7979256626,0;7979256626,7979256668,0;7979256668,7977056101,0;7977056101,7967831807,0;7967831807,7967774259,0;7967774259,503464976,0;503464976,7961771680,0;7961771680,1116492807,0;1116492807,7967774262,0;7967774262,503464985,0;503464985,2530277199,0;2530277199,564083084,0;564083084,5374860944,0;5374860944,5374860978,0;5374860978,5374861143,0;5374861143,9053077286,0;9053077286,13527622504,0;13527622504,13167173350,0;13167173350,13527622497,0;13527622497,564083093,0;564083093,6317320202,0;6317320202,564083165,0;564083165,13167173329,0;13167173329,6317320222,0;6317320222,6028645652,0;6028645652,2369336843,0;2369336843,2369336701,0;2369336701,12333484744,0;12333484744,2368579077,0;2368579077,2369336820,0;2369336820,2368578991,0;2368578991,8887740818,0;8887740818,9570709534,0;9570709534,2369336807,0;2369336807,2368578970,0;2368578970,6043430915,0;6043430915,4899192485,0;4899192485,564639012,0;564639012,564638925,0;564638925,504640818,0;504640818,504637096,0;504637096,2787061089,0;2787061089,2787061351,0;2787061351,2787061330,0;2787061330,11155489650,0;11155489650,2787061341,0;2787061341,2787061167,0"
simulated_extreme,15,0.0,0.2,20410940,source_specific,risk,10297.182344079098,0.6370087923684875,0.8280776466145003,0.8219173776639992,0.4311778653622655,97.84320008475333,15.177300025243312,"9706921350,9706921684,0;9706921684,9706921682,0;9706921682,9713848047,0;9713848047,9713848018,0;9713848018,9713848023,0;9713848023,12984979400,0;12984979400,9713848118,0;9713848118,9713848006,0;9713848006,9713847968,0;9713847968,9706921713,0;9706921713,9706921712,0;9706921712,9706921786,0;9706921786,9778914467,0;9778914467,9706887247,0;9706887247,9706857800,0;9706857800,9706857774,0;9706857774,9706857801,0;9706857801,9706857775,0;9706857775,9706857832,0;9706857832,9706857843,0;9706857843,7161807983,0;7161807983,7161812592,0;7161812592,499478563,0;499478563,499478564,0;499478564,7973114513,0;7973114513,7973099569,0;7973099569,7975273881,0;7975273881,7973099508,0;7973099508,7973099507,0;7973099507,7973114859,0;7973114859,8298792534,0;8298792534,8298792550,0;8298792550,7973114851,0;7973114851,7975286501,0;7975286501,8298792599,0;8298792599,1116501292,0;1116501292,7975286500,0;7975286500,1116501304,0;1116501304,7975286429,0;7975286429,7975286583,0;7975286583,7977056082,0;7977056082,7977056084,0;7977056084,7977050965,0;7977050965,7977056079,0;7977056079,7979256640,0;7979256640,7979256626,0;7979256626,7979256668,0;7979256668,7977056101,0;7977056101,7967831807,0;7967831807,7967774259,0;7967774259,503464976,0;503464976,7961771680,0;7961771680,1116492807,0;1116492807,7967774262,0;7967774262,503464985,0;503464985,2530277199,0;2530277199,564083084,0;564083084,5374860944,0;5374860944,5374860978,0;5374860978,5374861143,0;5374861143,9053077286,0;9053077286,13527622504,0;13527622504,13167173350,0;13167173350,13527622497,0;13527622497,564083093,0;564083093,6317320202,0;6317320202,564083165,0;564083165,13167173329,0;13167173329,6317320222,0;6317320222,6028645652,0;6028645652,2369336843,0;2369336843,2369336701,0;2369336701,12333484744,0;12333484744,2368579077,0;2368579077,2369336820,0;2369336820,2368578991,0;2368578991,8887740818,0;8887740818,9570709534,0;9570709534,2369336807,0;2369336807,2368578970,0;2368578970,6043430915,0;6043430915,4899192485,0;4899192485,564639012,0;564639012,564638925,0;564638925,504640818,0;504640818,504637096,0;504637096,2787061089,0;2787061089,2787061351,0;2787061351,2787061330,0;2787061330,11155489650,0;11155489650,2787061341,0;2787061341,2787061167,0"
simulated_extreme,15,0.0,0.2,20410940,source_specific,risk_uncertainty,10297.182344079098,0.6370087923684875,0.8280776466145003,0.8219173776639992,0.4311778653622655,97.33960003359243,14.67369997408241,"9706921350,9706921684,0;9706921684,9706921682,0;9706921682,9713848047,0;9713848047,9713848018,0;9713848018,9713848023,0;9713848023,12984979400,0;12984979400,9713848118,0;9713848118,9713848006,0;9713848006,9713847968,0;9713847968,9706921713,0;9706921713,9706921712,0;9706921712,9706921786,0;9706921786,9778914467,0;9778914467,9706887247,0;9706887247,9706857800,0;9706857800,9706857774,0;9706857774,9706857801,0;9706857801,9706857775,0;9706857775,9706857832,0;9706857832,9706857843,0;9706857843,7161807983,0;7161807983,7161812592,0;7161812592,499478563,0;499478563,499478564,0;499478564,7973114513,0;7973114513,7973099569,0;7973099569,7975273881,0;7975273881,7973099508,0;7973099508,7973099507,0;7973099507,7973114859,0;7973114859,8298792534,0;8298792534,8298792550,0;8298792550,7973114851,0;7973114851,7975286501,0;7975286501,8298792599,0;8298792599,1116501292,0;1116501292,7975286500,0;7975286500,1116501304,0;1116501304,7975286429,0;7975286429,7975286583,0;7975286583,7977056082,0;7977056082,7977056084,0;7977056084,7977050965,0;7977050965,7977056079,0;7977056079,7979256640,0;7979256640,7979256626,0;7979256626,7979256668,0;7979256668,7977056101,0;7977056101,7967831807,0;7967831807,7967774259,0;7967774259,503464976,0;503464976,7961771680,0;7961771680,1116492807,0;1116492807,7967774262,0;7967774262,503464985,0;503464985,2530277199,0;2530277199,564083084,0;564083084,5374860944,0;5374860944,5374860978,0;5374860978,5374861143,0;5374861143,9053077286,0;9053077286,13527622504,0;13527622504,13167173350,0;13167173350,13527622497,0;13527622497,564083093,0;564083093,6317320202,0;6317320202,564083165,0;564083165,13167173329,0;13167173329,6317320222,0;6317320222,6028645652,0;6028645652,2369336843,0;2369336843,2369336701,0;2369336701,12333484744,0;12333484744,2368579077,0;2368579077,2369336820,0;2369336820,2368578991,0;2368578991,8887740818,0;8887740818,9570709534,0;9570709534,2369336807,0;2369336807,2368578970,0;2368578970,6043430915,0;6043430915,4899192485,0;4899192485,564639012,0;564639012,564638925,0;564638925,504640818,0;504640818,504637096,0;504637096,2787061089,0;2787061089,2787061351,0;2787061351,2787061330,0;2787061330,11155489650,0;11155489650,2787061341,0;2787061341,2787061167,0"
simulated_extreme,15,0.0,0.2,20410940,source_specific,shortest,10279.902722198703,0.6421914589263749,0.8280776466145003,0.8190917470674244,0.42948322884636647,98.3994000707753,15.733500011265278,"9706921350,9706921684,0;9706921684,9706921682,0;9706921682,9713848047,0;9713848047,9713848018,0;9713848018,9713848023,0;9713848023,12984979400,0;12984979400,9713848118,0;9713848118,9713848006,0;9713848006,9713847968,0;9713847968,9706921713,0;9706921713,9706921712,0;9706921712,9706921786,0;9706921786,9778914467,0;9778914467,9706887247,0;9706887247,9706857800,0;9706857800,9706857774,0;9706857774,9706857801,0;9706857801,9706857775,0;9706857775,9706857832,0;9706857832,9706857843,0;9706857843,7161807983,0;7161807983,7161812592,0;7161812592,499478563,0;499478563,499478564,0;499478564,7973114513,0;7973114513,7973099569,0;7973099569,7975273881,0;7975273881,7973099508,0;7973099508,7973099507,0;7973099507,7973114859,0;7973114859,8298792534,0;8298792534,8298792550,0;8298792550,7973114851,0;7973114851,7975286501,0;7975286501,8298792599,0;8298792599,1116501292,0;1116501292,7975286500,0;7975286500,1116501304,0;1116501304,1116501296,0;1116501296,7977050964,0;7977050964,7977056084,0;7977056084,7977050965,0;7977050965,7977056079,0;7977056079,7979256640,0;7979256640,7979256626,0;7979256626,7979256668,0;7979256668,7977056101,0;7977056101,7967831807,0;7967831807,7967774259,0;7967774259,503464976,0;503464976,7961771680,0;7961771680,1116492807,0;1116492807,7967774262,0;7967774262,503464985,0;503464985,2530277199,0;2530277199,564083084,0;564083084,5374860944,0;5374860944,5374860978,0;5374860978,5374861143,0;5374861143,9053077286,0;9053077286,13527622504,0;13527622504,13167173350,0;13167173350,13527622497,0;13527622497,564083093,0;564083093,6317320202,0;6317320202,564083165,0;564083165,13167173329,0;13167173329,6317320222,0;6317320222,6028645652,0;6028645652,2369336843,0;2369336843,2369336701,0;2369336701,12333484744,0;12333484744,2368579077,0;2368579077,2369336820,0;2369336820,2368578991,0;2368578991,8887740818,0;8887740818,8887717116,0;8887717116,6043430915,0;6043430915,4899192485,0;4899192485,564639012,0;564639012,564638925,0;564638925,504640818,0;504640818,504637096,0;504637096,2787061089,0;2787061089,564641522,0;564641522,11155489649,0;11155489649,11155489650,0;11155489650,2787061341,0;2787061341,2787061167,0"
simulated_extreme,15,0.0,0.2,20410940,source_specific,trusted,10297.182344079098,0.6370087923684875,0.8280776466145003,0.8219173776639992,0.4311778653622655,97.99480001674965,15.328899957239628,"9706921350,9706921684,0;9706921684,9706921682,0;9706921682,9713848047,0;9713848047,9713848018,0;9713848018,9713848023,0;9713848023,12984979400,0;12984979400,9713848118,0;9713848118,9713848006,0;9713848006,9713847968,0;9713847968,9706921713,0;9706921713,9706921712,0;9706921712,9706921786,0;9706921786,9778914467,0;9778914467,9706887247,0;9706887247,9706857800,0;9706857800,9706857774,0;9706857774,9706857801,0;9706857801,9706857775,0;9706857775,9706857832,0;9706857832,9706857843,0;9706857843,7161807983,0;7161807983,7161812592,0;7161812592,499478563,0;499478563,499478564,0;499478564,7973114513,0;7973114513,7973099569,0;7973099569,7975273881,0;7975273881,7973099508,0;7973099508,7973099507,0;7973099507,7973114859,0;7973114859,8298792534,0;8298792534,8298792550,0;8298792550,7973114851,0;7973114851,7975286501,0;7975286501,8298792599,0;8298792599,1116501292,0;1116501292,7975286500,0;7975286500,1116501304,0;1116501304,7975286429,0;7975286429,7975286583,0;7975286583,7977056082,0;7977056082,7977056084,0;7977056084,7977050965,0;7977050965,7977056079,0;7977056079,7979256640,0;7979256640,7979256626,0;7979256626,7979256668,0;7979256668,7977056101,0;7977056101,7967831807,0;7967831807,7967774259,0;7967774259,503464976,0;503464976,7961771680,0;7961771680,1116492807,0;1116492807,7967774262,0;7967774262,503464985,0;503464985,2530277199,0;2530277199,564083084,0;564083084,5374860944,0;5374860944,5374860978,0;5374860978,5374861143,0;5374861143,9053077286,0;9053077286,13527622504,0;13527622504,13167173350,0;13167173350,13527622497,0;13527622497,564083093,0;564083093,6317320202,0;6317320202,564083165,0;564083165,13167173329,0;13167173329,6317320222,0;6317320222,6028645652,0;6028645652,2369336843,0;2369336843,2369336701,0;2369336701,12333484744,0;12333484744,2368579077,0;2368579077,2369336820,0;2369336820,2368578991,0;2368578991,8887740818,0;8887740818,9570709534,0;9570709534,2369336807,0;2369336807,2368578970,0;2368578970,6043430915,0;6043430915,4899192485,0;4899192485,564639012,0;564639012,564638925,0;564638925,504640818,0;504640818,504637096,0;504637096,2787061089,0;2787061089,2787061351,0;2787061351,2787061330,0;2787061330,11155489650,0;11155489650,2787061341,0;2787061341,2787061167,0"
simulated_extreme,15,0.0,0.2,20410940,universal,risk,10297.182344079098,0.6370087923684875,0.8280776466145003,0.8219173776639992,0.4311778653622655,96.55190008925274,14.801600016653538,"9706921350,9706921684,0;9706921684,9706921682,0;9706921682,9713848047,0;9713848047,9713848018,0;9713848018,9713848023,0;9713848023,12984979400,0;12984979400,9713848118,0;9713848118,9713848006,0;9713848006,9713847968,0;9713847968,9706921713,0;9706921713,9706921712,0;9706921712,9706921786,0;9706921786,9778914467,0;9778914467,9706887247,0;9706887247,9706857800,0;9706857800,9706857774,0;9706857774,9706857801,0;9706857801,9706857775,0;9706857775,9706857832,0;9706857832,9706857843,0;9706857843,7161807983,0;7161807983,7161812592,0;7161812592,499478563,0;499478563,499478564,0;499478564,7973114513,0;7973114513,7973099569,0;7973099569,7975273881,0;7975273881,7973099508,0;7973099508,7973099507,0;7973099507,7973114859,0;7973114859,8298792534,0;8298792534,8298792550,0;8298792550,7973114851,0;7973114851,7975286501,0;7975286501,8298792599,0;8298792599,1116501292,0;1116501292,7975286500,0;7975286500,1116501304,0;1116501304,7975286429,0;7975286429,7975286583,0;7975286583,7977056082,0;7977056082,7977056084,0;7977056084,7977050965,0;7977050965,7977056079,0;7977056079,7979256640,0;7979256640,7979256626,0;7979256626,7979256668,0;7979256668,7977056101,0;7977056101,7967831807,0;7967831807,7967774259,0;7967774259,503464976,0;503464976,7961771680,0;7961771680,1116492807,0;1116492807,7967774262,0;7967774262,503464985,0;503464985,2530277199,0;2530277199,564083084,0;564083084,5374860944,0;5374860944,5374860978,0;5374860978,5374861143,0;5374861143,9053077286,0;9053077286,13527622504,0;13527622504,13167173350,0;13167173350,13527622497,0;13527622497,564083093,0;564083093,6317320202,0;6317320202,564083165,0;564083165,13167173329,0;13167173329,6317320222,0;6317320222,6028645652,0;6028645652,2369336843,0;2369336843,2369336701,0;2369336701,12333484744,0;12333484744,2368579077,0;2368579077,2369336820,0;2369336820,2368578991,0;2368578991,8887740818,0;8887740818,9570709534,0;9570709534,2369336807,0;2369336807,2368578970,0;2368578970,6043430915,0;6043430915,4899192485,0;4899192485,564639012,0;564639012,564638925,0;564638925,504640818,0;504640818,504637096,0;504637096,2787061089,0;2787061089,2787061351,0;2787061351,2787061330,0;2787061330,11155489650,0;11155489650,2787061341,0;2787061341,2787061167,0"
simulated_extreme,15,0.0,0.2,20410940,universal,risk_uncertainty,10297.182344079098,0.6370087923684875,0.8280776466145003,0.8219173776639992,0.4311778653622655,96.94640006637201,15.196099993772805,"9706921350,9706921684,0;9706921684,9706921682,0;9706921682,9713848047,0;9713848047,9713848018,0;9713848018,9713848023,0;9713848023,12984979400,0;12984979400,9713848118,0;9713848118,9713848006,0;9713848006,9713847968,0;9713847968,9706921713,0;9706921713,9706921712,0;9706921712,9706921786,0;9706921786,9778914467,0;9778914467,9706887247,0;9706887247,9706857800,0;9706857800,9706857774,0;9706857774,9706857801,0;9706857801,9706857775,0;9706857775,9706857832,0;9706857832,9706857843,0;9706857843,7161807983,0;7161807983,7161812592,0;7161812592,499478563,0;499478563,499478564,0;499478564,7973114513,0;7973114513,7973099569,0;7973099569,7975273881,0;7975273881,7973099508,0;7973099508,7973099507,0;7973099507,7973114859,0;7973114859,8298792534,0;8298792534,8298792550,0;8298792550,7973114851,0;7973114851,7975286501,0;7975286501,8298792599,0;8298792599,1116501292,0;1116501292,7975286500,0;7975286500,1116501304,0;1116501304,7975286429,0;7975286429,7975286583,0;7975286583,7977056082,0;7977056082,7977056084,0;7977056084,7977050965,0;7977050965,7977056079,0;7977056079,7979256640,0;7979256640,7979256626,0;7979256626,7979256668,0;7979256668,7977056101,0;7977056101,7967831807,0;7967831807,7967774259,0;7967774259,503464976,0;503464976,7961771680,0;7961771680,1116492807,0;1116492807,7967774262,0;7967774262,503464985,0;503464985,2530277199,0;2530277199,564083084,0;564083084,5374860944,0;5374860944,5374860978,0;5374860978,5374861143,0;5374861143,9053077286,0;9053077286,13527622504,0;13527622504,13167173350,0;13167173350,13527622497,0;13527622497,564083093,0;564083093,6317320202,0;6317320202,564083165,0;564083165,13167173329,0;13167173329,6317320222,0;6317320222,6028645652,0;6028645652,2369336843,0;2369336843,2369336701,0;2369336701,12333484744,0;12333484744,2368579077,0;2368579077,2369336820,0;2369336820,2368578991,0;2368578991,8887740818,0;8887740818,9570709534,0;9570709534,2369336807,0;2369336807,2368578970,0;2368578970,6043430915,0;6043430915,4899192485,0;4899192485,564639012,0;564639012,564638925,0;564638925,504640818,0;504640818,504637096,0;504637096,2787061089,0;2787061089,2787061351,0;2787061351,2787061330,0;2787061330,11155489650,0;11155489650,2787061341,0;2787061341,2787061167,0"
simulated_extreme,15,0.0,0.2,20410940,universal,shortest,10279.902722198703,0.6421914589263749,0.8280776466145003,0.8190917470674244,0.42948322884636647,98.07560010813177,16.325300035532564,"9706921350,9706921684,0;9706921684,9706921682,0;9706921682,9713848047,0;9713848047,9713848018,0;9713848018,9713848023,0;9713848023,12984979400,0;12984979400,9713848118,0;9713848118,9713848006,0;9713848006,9713847968,0;9713847968,9706921713,0;9706921713,9706921712,0;9706921712,9706921786,0;9706921786,9778914467,0;9778914467,9706887247,0;9706887247,9706857800,0;9706857800,9706857774,0;9706857774,9706857801,0;9706857801,9706857775,0;9706857775,9706857832,0;9706857832,9706857843,0;9706857843,7161807983,0;7161807983,7161812592,0;7161812592,499478563,0;499478563,499478564,0;499478564,7973114513,0;7973114513,7973099569,0;7973099569,7975273881,0;7975273881,7973099508,0;7973099508,7973099507,0;7973099507,7973114859,0;7973114859,8298792534,0;8298792534,8298792550,0;8298792550,7973114851,0;7973114851,7975286501,0;7975286501,8298792599,0;8298792599,1116501292,0;1116501292,7975286500,0;7975286500,1116501304,0;1116501304,1116501296,0;1116501296,7977050964,0;7977050964,7977056084,0;7977056084,7977050965,0;7977050965,7977056079,0;7977056079,7979256640,0;7979256640,7979256626,0;7979256626,7979256668,0;7979256668,7977056101,0;7977056101,7967831807,0;7967831807,7967774259,0;7967774259,503464976,0;503464976,7961771680,0;7961771680,1116492807,0;1116492807,7967774262,0;7967774262,503464985,0;503464985,2530277199,0;2530277199,564083084,0;564083084,5374860944,0;5374860944,5374860978,0;5374860978,5374861143,0;5374861143,9053077286,0;9053077286,13527622504,0;13527622504,13167173350,0;13167173350,13527622497,0;13527622497,564083093,0;564083093,6317320202,0;6317320202,564083165,0;564083165,13167173329,0;13167173329,6317320222,0;6317320222,6028645652,0;6028645652,2369336843,0;2369336843,2369336701,0;2369336701,12333484744,0;12333484744,2368579077,0;2368579077,2369336820,0;2369336820,2368578991,0;2368578991,8887740818,0;8887740818,8887717116,0;8887717116,6043430915,0;6043430915,4899192485,0;4899192485,564639012,0;564639012,564638925,0;564638925,504640818,0;504640818,504637096,0;504637096,2787061089,0;2787061089,564641522,0;564641522,11155489649,0;11155489649,11155489650,0;11155489650,2787061341,0;2787061341,2787061167,0"
simulated_extreme,15,0.0,0.2,20410940,universal,trusted,10297.182344079098,0.6370087923684875,0.8280776466145003,0.8219173776639992,0.4311778653622655,96.61660005804151,14.86629998544231,"9706921350,9706921684,0;9706921684,9706921682,0;9706921682,9713848047,0;9713848047,9713848018,0;9713848018,9713848023,0;9713848023,12984979400,0;12984979400,9713848118,0;9713848118,9713848006,0;9713848006,9713847968,0;9713847968,9706921713,0;9706921713,9706921712,0;9706921712,9706921786,0;9706921786,9778914467,0;9778914467,9706887247,0;9706887247,9706857800,0;9706857800,9706857774,0;9706857774,9706857801,0;9706857801,9706857775,0;9706857775,9706857832,0;9706857832,9706857843,0;9706857843,7161807983,0;7161807983,7161812592,0;7161812592,499478563,0;499478563,499478564,0;499478564,7973114513,0;7973114513,7973099569,0;7973099569,7975273881,0;7975273881,7973099508,0;7973099508,7973099507,0;7973099507,7973114859,0;7973114859,8298792534,0;8298792534,8298792550,0;8298792550,7973114851,0;7973114851,7975286501,0;7975286501,8298792599,0;8298792599,1116501292,0;1116501292,7975286500,0;7975286500,1116501304,0;1116501304,7975286429,0;7975286429,7975286583,0;7975286583,7977056082,0;7977056082,7977056084,0;7977056084,7977050965,0;7977050965,7977056079,0;7977056079,7979256640,0;7979256640,7979256626,0;7979256626,7979256668,0;7979256668,7977056101,0;7977056101,7967831807,0;7967831807,7967774259,0;7967774259,503464976,0;503464976,7961771680,0;7961771680,1116492807,0;1116492807,7967774262,0;7967774262,503464985,0;503464985,2530277199,0;2530277199,564083084,0;564083084,5374860944,0;5374860944,5374860978,0;5374860978,5374861143,0;5374861143,9053077286,0;9053077286,13527622504,0;13527622504,13167173350,0;13167173350,13527622497,0;13527622497,564083093,0;564083093,6317320202,0;6317320202,564083165,0;564083165,13167173329,0;13167173329,6317320222,0;6317320222,6028645652,0;6028645652,2369336843,0;2369336843,2369336701,0;2369336701,12333484744,0;12333484744,2368579077,0;2368579077,2369336820,0;2369336820,2368578991,0;2368578991,8887740818,0;8887740818,9570709534,0;9570709534,2369336807,0;2369336807,2368578970,0;2368578970,6043430915,0;6043430915,4899192485,0;4899192485,564639012,0;564639012,564638925,0;564638925,504640818,0;504640818,504637096,0;504637096,2787061089,0;2787061089,2787061351,0;2787061351,2787061330,0;2787061330,11155489650,0;11155489650,2787061341,0;2787061341,2787061167,0"
simulated_extreme,15,0.2,0.0,20412920,source_specific,risk,10297.182344079098,0.6370087923684875,0.8280776466145003,0.8219173776639992,0.4311778653622655,101.80949995992705,15.280699997674674,"9706921350,9706921684,0;9706921684,9706921682,0;9706921682,9713848047,0;9713848047,9713848018,0;9713848018,9713848023,0;9713848023,12984979400,0;12984979400,9713848118,0;9713848118,9713848006,0;9713848006,9713847968,0;9713847968,9706921713,0;9706921713,9706921712,0;9706921712,9706921786,0;9706921786,9778914467,0;9778914467,9706887247,0;9706887247,9706857800,0;9706857800,9706857774,0;9706857774,9706857801,0;9706857801,9706857775,0;9706857775,9706857832,0;9706857832,9706857843,0;9706857843,7161807983,0;7161807983,7161812592,0;7161812592,499478563,0;499478563,499478564,0;499478564,7973114513,0;7973114513,7973099569,0;7973099569,7975273881,0;7975273881,7973099508,0;7973099508,7973099507,0;7973099507,7973114859,0;7973114859,8298792534,0;8298792534,8298792550,0;8298792550,7973114851,0;7973114851,7975286501,0;7975286501,8298792599,0;8298792599,1116501292,0;1116501292,7975286500,0;7975286500,1116501304,0;1116501304,7975286429,0;7975286429,7975286583,0;7975286583,7977056082,0;7977056082,7977056084,0;7977056084,7977050965,0;7977050965,7977056079,0;7977056079,7979256640,0;7979256640,7979256626,0;7979256626,7979256668,0;7979256668,7977056101,0;7977056101,7967831807,0;7967831807,7967774259,0;7967774259,503464976,0;503464976,7961771680,0;7961771680,1116492807,0;1116492807,7967774262,0;7967774262,503464985,0;503464985,2530277199,0;2530277199,564083084,0;564083084,5374860944,0;5374860944,5374860978,0;5374860978,5374861143,0;5374861143,9053077286,0;9053077286,13527622504,0;13527622504,13167173350,0;13167173350,13527622497,0;13527622497,564083093,0;564083093,6317320202,0;6317320202,564083165,0;564083165,13167173329,0;13167173329,6317320222,0;6317320222,6028645652,0;6028645652,2369336843,0;2369336843,2369336701,0;2369336701,12333484744,0;12333484744,2368579077,0;2368579077,2369336820,0;2369336820,2368578991,0;2368578991,8887740818,0;8887740818,9570709534,0;9570709534,2369336807,0;2369336807,2368578970,0;2368578970,6043430915,0;6043430915,4899192485,0;4899192485,564639012,0;564639012,564638925,0;564638925,504640818,0;504640818,504637096,0;504637096,2787061089,0;2787061089,2787061351,0;2787061351,2787061330,0;2787061330,11155489650,0;11155489650,2787061341,0;2787061341,2787061167,0"
simulated_extreme,15,0.2,0.0,20412920,source_specific,risk_uncertainty,10297.182344079098,0.6370087923684875,0.8280776466145003,0.8219173776639992,0.4311778653622655,102.51899994909763,15.990199986845255,"9706921350,9706921684,0;9706921684,9706921682,0;9706921682,9713848047,0;9713848047,9713848018,0;9713848018,9713848023,0;9713848023,12984979400,0;12984979400,9713848118,0;9713848118,9713848006,0;9713848006,9713847968,0;9713847968,9706921713,0;9706921713,9706921712,0;9706921712,9706921786,0;9706921786,9778914467,0;9778914467,9706887247,0;9706887247,9706857800,0;9706857800,9706857774,0;9706857774,9706857801,0;9706857801,9706857775,0;9706857775,9706857832,0;9706857832,9706857843,0;9706857843,7161807983,0;7161807983,7161812592,0;7161812592,499478563,0;499478563,499478564,0;499478564,7973114513,0;7973114513,7973099569,0;7973099569,7975273881,0;7975273881,7973099508,0;7973099508,7973099507,0;7973099507,7973114859,0;7973114859,8298792534,0;8298792534,8298792550,0;8298792550,7973114851,0;7973114851,7975286501,0;7975286501,8298792599,0;8298792599,1116501292,0;1116501292,7975286500,0;7975286500,1116501304,0;1116501304,7975286429,0;7975286429,7975286583,0;7975286583,7977056082,0;7977056082,7977056084,0;7977056084,7977050965,0;7977050965,7977056079,0;7977056079,7979256640,0;7979256640,7979256626,0;7979256626,7979256668,0;7979256668,7977056101,0;7977056101,7967831807,0;7967831807,7967774259,0;7967774259,503464976,0;503464976,7961771680,0;7961771680,1116492807,0;1116492807,7967774262,0;7967774262,503464985,0;503464985,2530277199,0;2530277199,564083084,0;564083084,5374860944,0;5374860944,5374860978,0;5374860978,5374861143,0;5374861143,9053077286,0;9053077286,13527622504,0;13527622504,13167173350,0;13167173350,13527622497,0;13527622497,564083093,0;564083093,6317320202,0;6317320202,564083165,0;564083165,13167173329,0;13167173329,6317320222,0;6317320222,6028645652,0;6028645652,2369336843,0;2369336843,2369336701,0;2369336701,12333484744,0;12333484744,2368579077,0;2368579077,2369336820,0;2369336820,2368578991,0;2368578991,8887740818,0;8887740818,9570709534,0;9570709534,2369336807,0;2369336807,2368578970,0;2368578970,6043430915,0;6043430915,4899192485,0;4899192485,564639012,0;564639012,564638925,0;564638925,504640818,0;504640818,504637096,0;504637096,2787061089,0;2787061089,2787061351,0;2787061351,2787061330,0;2787061330,11155489650,0;11155489650,2787061341,0;2787061341,2787061167,0"
simulated_extreme,15,0.2,0.0,20412920,source_specific,shortest,10279.902722198703,0.6421914589263749,0.8280776466145003,0.8190917470674244,0.42948322884636647,102.17889997875318,15.6501000165008,"9706921350,9706921684,0;9706921684,9706921682,0;9706921682,9713848047,0;9713848047,9713848018,0;9713848018,9713848023,0;9713848023,12984979400,0;12984979400,9713848118,0;9713848118,9713848006,0;9713848006,9713847968,0;9713847968,9706921713,0;9706921713,9706921712,0;9706921712,9706921786,0;9706921786,9778914467,0;9778914467,9706887247,0;9706887247,9706857800,0;9706857800,9706857774,0;9706857774,9706857801,0;9706857801,9706857775,0;9706857775,9706857832,0;9706857832,9706857843,0;9706857843,7161807983,0;7161807983,7161812592,0;7161812592,499478563,0;499478563,499478564,0;499478564,7973114513,0;7973114513,7973099569,0;7973099569,7975273881,0;7975273881,7973099508,0;7973099508,7973099507,0;7973099507,7973114859,0;7973114859,8298792534,0;8298792534,8298792550,0;8298792550,7973114851,0;7973114851,7975286501,0;7975286501,8298792599,0;8298792599,1116501292,0;1116501292,7975286500,0;7975286500,1116501304,0;1116501304,1116501296,0;1116501296,7977050964,0;7977050964,7977056084,0;7977056084,7977050965,0;7977050965,7977056079,0;7977056079,7979256640,0;7979256640,7979256626,0;7979256626,7979256668,0;7979256668,7977056101,0;7977056101,7967831807,0;7967831807,7967774259,0;7967774259,503464976,0;503464976,7961771680,0;7961771680,1116492807,0;1116492807,7967774262,0;7967774262,503464985,0;503464985,2530277199,0;2530277199,564083084,0;564083084,5374860944,0;5374860944,5374860978,0;5374860978,5374861143,0;5374861143,9053077286,0;9053077286,13527622504,0;13527622504,13167173350,0;13167173350,13527622497,0;13527622497,564083093,0;564083093,6317320202,0;6317320202,564083165,0;564083165,13167173329,0;13167173329,6317320222,0;6317320222,6028645652,0;6028645652,2369336843,0;2369336843,2369336701,0;2369336701,12333484744,0;12333484744,2368579077,0;2368579077,2369336820,0;2369336820,2368578991,0;2368578991,8887740818,0;8887740818,8887717116,0;8887717116,6043430915,0;6043430915,4899192485,0;4899192485,564639012,0;564639012,564638925,0;564638925,504640818,0;504640818,504637096,0;504637096,2787061089,0;2787061089,564641522,0;564641522,11155489649,0;11155489649,11155489650,0;11155489650,2787061341,0;2787061341,2787061167,0"
simulated_extreme,15,0.2,0.0,20412920,source_specific,trusted,10297.182344079098,0.6370087923684875,0.8280776466145003,0.8219173776639992,0.4311778653622655,108.40999998617917,21.881200023926795,"9706921350,9706921684,0;9706921684,9706921682,0;9706921682,9713848047,0;9713848047,9713848018,0;9713848018,9713848023,0;9713848023,12984979400,0;12984979400,9713848118,0;9713848118,9713848006,0;9713848006,9713847968,0;9713847968,9706921713,0;9706921713,9706921712,0;9706921712,9706921786,0;9706921786,9778914467,0;9778914467,9706887247,0;9706887247,9706857800,0;9706857800,9706857774,0;9706857774,9706857801,0;9706857801,9706857775,0;9706857775,9706857832,0;9706857832,9706857843,0;9706857843,7161807983,0;7161807983,7161812592,0;7161812592,499478563,0;499478563,499478564,0;499478564,7973114513,0;7973114513,7973099569,0;7973099569,7975273881,0;7975273881,7973099508,0;7973099508,7973099507,0;7973099507,7973114859,0;7973114859,8298792534,0;8298792534,8298792550,0;8298792550,7973114851,0;7973114851,7975286501,0;7975286501,8298792599,0;8298792599,1116501292,0;1116501292,7975286500,0;7975286500,1116501304,0;1116501304,7975286429,0;7975286429,7975286583,0;7975286583,7977056082,0;7977056082,7977056084,0;7977056084,7977050965,0;7977050965,7977056079,0;7977056079,7979256640,0;7979256640,7979256626,0;7979256626,7979256668,0;7979256668,7977056101,0;7977056101,7967831807,0;7967831807,7967774259,0;7967774259,503464976,0;503464976,7961771680,0;7961771680,1116492807,0;1116492807,7967774262,0;7967774262,503464985,0;503464985,2530277199,0;2530277199,564083084,0;564083084,5374860944,0;5374860944,5374860978,0;5374860978,5374861143,0;5374861143,9053077286,0;9053077286,13527622504,0;13527622504,13167173350,0;13167173350,13527622497,0;13527622497,564083093,0;564083093,6317320202,0;6317320202,564083165,0;564083165,13167173329,0;13167173329,6317320222,0;6317320222,6028645652,0;6028645652,2369336843,0;2369336843,2369336701,0;2369336701,12333484744,0;12333484744,2368579077,0;2368579077,2369336820,0;2369336820,2368578991,0;2368578991,8887740818,0;8887740818,9570709534,0;9570709534,2369336807,0;2369336807,2368578970,0;2368578970,6043430915,0;6043430915,4899192485,0;4899192485,564639012,0;564639012,564638925,0;564638925,504640818,0;504640818,504637096,0;504637096,2787061089,0;2787061089,2787061351,0;2787061351,2787061330,0;2787061330,11155489650,0;11155489650,2787061341,0;2787061341,2787061167,0"
simulated_extreme,15,0.2,0.0,20412920,universal,risk,10297.182344079098,0.6370087923684875,0.8280776466145003,0.8219173776639992,0.4311778653622655,101.70440003275871,14.773900038562715,"9706921350,9706921684,0;9706921684,9706921682,0;9706921682,9713848047,0;9713848047,9713848018,0;9713848018,9713848023,0;9713848023,12984979400,0;12984979400,9713848118,0;9713848118,9713848006,0;9713848006,9713847968,0;9713847968,9706921713,0;9706921713,9706921712,0;9706921712,9706921786,0;9706921786,9778914467,0;9778914467,9706887247,0;9706887247,9706857800,0;9706857800,9706857774,0;9706857774,9706857801,0;9706857801,9706857775,0;9706857775,9706857832,0;9706857832,9706857843,0;9706857843,7161807983,0;7161807983,7161812592,0;7161812592,499478563,0;499478563,499478564,0;499478564,7973114513,0;7973114513,7973099569,0;7973099569,7975273881,0;7975273881,7973099508,0;7973099508,7973099507,0;7973099507,7973114859,0;7973114859,8298792534,0;8298792534,8298792550,0;8298792550,7973114851,0;7973114851,7975286501,0;7975286501,8298792599,0;8298792599,1116501292,0;1116501292,7975286500,0;7975286500,1116501304,0;1116501304,7975286429,0;7975286429,7975286583,0;7975286583,7977056082,0;7977056082,7977056084,0;7977056084,7977050965,0;7977050965,7977056079,0;7977056079,7979256640,0;7979256640,7979256626,0;7979256626,7979256668,0;7979256668,7977056101,0;7977056101,7967831807,0;7967831807,7967774259,0;7967774259,503464976,0;503464976,7961771680,0;7961771680,1116492807,0;1116492807,7967774262,0;7967774262,503464985,0;503464985,2530277199,0;2530277199,564083084,0;564083084,5374860944,0;5374860944,5374860978,0;5374860978,5374861143,0;5374861143,9053077286,0;9053077286,13527622504,0;13527622504,13167173350,0;13167173350,13527622497,0;13527622497,564083093,0;564083093,6317320202,0;6317320202,564083165,0;564083165,13167173329,0;13167173329,6317320222,0;6317320222,6028645652,0;6028645652,2369336843,0;2369336843,2369336701,0;2369336701,12333484744,0;12333484744,2368579077,0;2368579077,2369336820,0;2369336820,2368578991,0;2368578991,8887740818,0;8887740818,9570709534,0;9570709534,2369336807,0;2369336807,2368578970,0;2368578970,6043430915,0;6043430915,4899192485,0;4899192485,564639012,0;564639012,564638925,0;564638925,504640818,0;504640818,504637096,0;504637096,2787061089,0;2787061089,2787061351,0;2787061351,2787061330,0;2787061330,11155489650,0;11155489650,2787061341,0;2787061341,2787061167,0"
simulated_extreme,15,0.2,0.0,20412920,universal,risk_uncertainty,10297.182344079098,0.6370087923684875,0.8280776466145003,0.8219173776639992,0.4311778653622655,102.09180001402274,15.16130001982674,"9706921350,9706921684,0;9706921684,9706921682,0;9706921682,9713848047,0;9713848047,9713848018,0;9713848018,9713848023,0;9713848023,12984979400,0;12984979400,9713848118,0;9713848118,9713848006,0;9713848006,9713847968,0;9713847968,9706921713,0;9706921713,9706921712,0;9706921712,9706921786,0;9706921786,9778914467,0;9778914467,9706887247,0;9706887247,9706857800,0;9706857800,9706857774,0;9706857774,9706857801,0;9706857801,9706857775,0;9706857775,9706857832,0;9706857832,9706857843,0;9706857843,7161807983,0;7161807983,7161812592,0;7161812592,499478563,0;499478563,499478564,0;499478564,7973114513,0;7973114513,7973099569,0;7973099569,7975273881,0;7975273881,7973099508,0;7973099508,7973099507,0;7973099507,7973114859,0;7973114859,8298792534,0;8298792534,8298792550,0;8298792550,7973114851,0;7973114851,7975286501,0;7975286501,8298792599,0;8298792599,1116501292,0;1116501292,7975286500,0;7975286500,1116501304,0;1116501304,7975286429,0;7975286429,7975286583,0;7975286583,7977056082,0;7977056082,7977056084,0;7977056084,7977050965,0;7977050965,7977056079,0;7977056079,7979256640,0;7979256640,7979256626,0;7979256626,7979256668,0;7979256668,7977056101,0;7977056101,7967831807,0;7967831807,7967774259,0;7967774259,503464976,0;503464976,7961771680,0;7961771680,1116492807,0;1116492807,7967774262,0;7967774262,503464985,0;503464985,2530277199,0;2530277199,564083084,0;564083084,5374860944,0;5374860944,5374860978,0;5374860978,5374861143,0;5374861143,9053077286,0;9053077286,13527622504,0;13527622504,13167173350,0;13167173350,13527622497,0;13527622497,564083093,0;564083093,6317320202,0;6317320202,564083165,0;564083165,13167173329,0;13167173329,6317320222,0;6317320222,6028645652,0;6028645652,2369336843,0;2369336843,2369336701,0;2369336701,12333484744,0;12333484744,2368579077,0;2368579077,2369336820,0;2369336820,2368578991,0;2368578991,8887740818,0;8887740818,9570709534,0;9570709534,2369336807,0;2369336807,2368578970,0;2368578970,6043430915,0;6043430915,4899192485,0;4899192485,564639012,0;564639012,564638925,0;564638925,504640818,0;504640818,504637096,0;504637096,2787061089,0;2787061089,2787061351,0;2787061351,2787061330,0;2787061330,11155489650,0;11155489650,2787061341,0;2787061341,2787061167,0"
simulated_extreme,15,0.2,0.0,20412920,universal,shortest,10279.902722198703,0.6421914589263749,0.8280776466145003,0.8190917470674244,0.42948322884636647,101.72739997506142,14.796899980865419,"9706921350,9706921684,0;9706921684,9706921682,0;9706921682,9713848047,0;9713848047,9713848018,0;9713848018,9713848023,0;9713848023,12984979400,0;12984979400,9713848118,0;9713848118,9713848006,0;9713848006,9713847968,0;9713847968,9706921713,0;9706921713,9706921712,0;9706921712,9706921786,0;9706921786,9778914467,0;9778914467,9706887247,0;9706887247,9706857800,0;9706857800,9706857774,0;9706857774,9706857801,0;9706857801,9706857775,0;9706857775,9706857832,0;9706857832,9706857843,0;9706857843,7161807983,0;7161807983,7161812592,0;7161812592,499478563,0;499478563,499478564,0;499478564,7973114513,0;7973114513,7973099569,0;7973099569,7975273881,0;7975273881,7973099508,0;7973099508,7973099507,0;7973099507,7973114859,0;7973114859,8298792534,0;8298792534,8298792550,0;8298792550,7973114851,0;7973114851,7975286501,0;7975286501,8298792599,0;8298792599,1116501292,0;1116501292,7975286500,0;7975286500,1116501304,0;1116501304,1116501296,0;1116501296,7977050964,0;7977050964,7977056084,0;7977056084,7977050965,0;7977050965,7977056079,0;7977056079,7979256640,0;7979256640,7979256626,0;7979256626,7979256668,0;7979256668,7977056101,0;7977056101,7967831807,0;7967831807,7967774259,0;7967774259,503464976,0;503464976,7961771680,0;7961771680,1116492807,0;1116492807,7967774262,0;7967774262,503464985,0;503464985,2530277199,0;2530277199,564083084,0;564083084,5374860944,0;5374860944,5374860978,0;5374860978,5374861143,0;5374861143,9053077286,0;9053077286,13527622504,0;13527622504,13167173350,0;13167173350,13527622497,0;13527622497,564083093,0;564083093,6317320202,0;6317320202,564083165,0;564083165,13167173329,0;13167173329,6317320222,0;6317320222,6028645652,0;6028645652,2369336843,0;2369336843,2369336701,0;2369336701,12333484744,0;12333484744,2368579077,0;2368579077,2369336820,0;2369336820,2368578991,0;2368578991,8887740818,0;8887740818,8887717116,0;8887717116,6043430915,0;6043430915,4899192485,0;4899192485,564639012,0;564639012,564638925,0;564638925,504640818,0;504640818,504637096,0;504637096,2787061089,0;2787061089,564641522,0;564641522,11155489649,0;11155489649,11155489650,0;11155489650,2787061341,0;2787061341,2787061167,0"
simulated_extreme,15,0.2,0.0,20412920,universal,trusted,10361.510411375662,0.6304806802456153,0.8280776466145003,0.8219173776639992,0.381591638638449,108.59109996818006,21.660599973984063,"9706921350,9706921684,0;9706921684,9706921682,0;9706921682,9713848047,0;9713848047,9713848018,0;9713848018,9713848023,0;9713848023,12984979400,0;12984979400,9713848118,0;9713848118,9713848006,0;9713848006,9713847968,0;9713847968,9706921713,0;9706921713,9706921712,0;9706921712,9706921786,0;9706921786,9778914467,0;9778914467,9706887247,0;9706887247,9706857800,0;9706857800,9706857774,0;9706857774,9706857801,0;9706857801,9706857775,0;9706857775,9706857832,0;9706857832,9706857843,0;9706857843,7161807983,0;7161807983,7161812592,0;7161812592,499478563,0;499478563,499478564,0;499478564,7973114513,0;7973114513,7973099569,0;7973099569,7975273881,0;7975273881,7973099508,0;7973099508,7973099507,0;7973099507,7973114859,0;7973114859,8298792534,0;8298792534,8298792550,0;8298792550,7973114851,0;7973114851,7975286501,0;7975286501,8298792599,0;8298792599,1116501292,0;1116501292,7975286500,0;7975286500,1116501304,0;1116501304,7975286429,0;7975286429,7975286583,0;7975286583,7977056082,0;7977056082,7977056084,0;7977056084,7977050965,0;7977050965,7977056079,0;7977056079,7977056078,0;7977056078,7979256736,0;7979256736,7977056077,0;7977056077,7979256760,0;7979256760,8407048466,0;8407048466,2530277169,0;2530277169,13161326472,0;13161326472,7979256723,0;7979256723,7979924894,0;7979924894,7979918290,0;7979918290,7967831812,0;7967831812,279077946,0;279077946,564083084,0;564083084,5374860944,0;5374860944,5374860978,0;5374860978,5374861143,0;5374861143,9053077286,0;9053077286,13527622504,0;13527622504,13167173350,0;13167173350,13527622497,0;13527622497,564083093,0;564083093,6317320202,0;6317320202,564083165,0;564083165,13167173329,0;13167173329,6317320222,0;6317320222,6028645652,0;6028645652,2369336843,0;2369336843,2369336701,0;2369336701,12333484744,0;12333484744,2368579077,0;2368579077,2369336820,0;2369336820,2368578991,0;2368578991,8887740818,0;8887740818,9570709534,0;9570709534,2369336807,0;2369336807,2368578970,0;2368578970,6043430915,0;6043430915,4899192485,0;4899192485,564639012,0;564639012,564638925,0;564638925,504640818,0;504640818,504637096,0;504637096,2787061089,0;2787061089,2787061351,0;2787061351,2787061330,0;2787061330,11155489650,0;11155489650,2787061341,0;2787061341,2787061167,0"
simulated_extreme,15,0.2,0.1,20412930,source_specific,risk,10297.182344079098,0.6370087923684875,0.8280776466145003,0.8219173776639992,0.4311778653622655,99.50940002454445,17.537100007757545,"9706921350,9706921684,0;9706921684,9706921682,0;9706921682,9713848047,0;9713848047,9713848018,0;9713848018,9713848023,0;9713848023,12984979400,0;12984979400,9713848118,0;9713848118,9713848006,0;9713848006,9713847968,0;9713847968,9706921713,0;9706921713,9706921712,0;9706921712,9706921786,0;9706921786,9778914467,0;9778914467,9706887247,0;9706887247,9706857800,0;9706857800,9706857774,0;9706857774,9706857801,0;9706857801,9706857775,0;9706857775,9706857832,0;9706857832,9706857843,0;9706857843,7161807983,0;7161807983,7161812592,0;7161812592,499478563,0;499478563,499478564,0;499478564,7973114513,0;7973114513,7973099569,0;7973099569,7975273881,0;7975273881,7973099508,0;7973099508,7973099507,0;7973099507,7973114859,0;7973114859,8298792534,0;8298792534,8298792550,0;8298792550,7973114851,0;7973114851,7975286501,0;7975286501,8298792599,0;8298792599,1116501292,0;1116501292,7975286500,0;7975286500,1116501304,0;1116501304,7975286429,0;7975286429,7975286583,0;7975286583,7977056082,0;7977056082,7977056084,0;7977056084,7977050965,0;7977050965,7977056079,0;7977056079,7979256640,0;7979256640,7979256626,0;7979256626,7979256668,0;7979256668,7977056101,0;7977056101,7967831807,0;7967831807,7967774259,0;7967774259,503464976,0;503464976,7961771680,0;7961771680,1116492807,0;1116492807,7967774262,0;7967774262,503464985,0;503464985,2530277199,0;2530277199,564083084,0;564083084,5374860944,0;5374860944,5374860978,0;5374860978,5374861143,0;5374861143,9053077286,0;9053077286,13527622504,0;13527622504,13167173350,0;13167173350,13527622497,0;13527622497,564083093,0;564083093,6317320202,0;6317320202,564083165,0;564083165,13167173329,0;13167173329,6317320222,0;6317320222,6028645652,0;6028645652,2369336843,0;2369336843,2369336701,0;2369336701,12333484744,0;12333484744,2368579077,0;2368579077,2369336820,0;2369336820,2368578991,0;2368578991,8887740818,0;8887740818,9570709534,0;9570709534,2369336807,0;2369336807,2368578970,0;2368578970,6043430915,0;6043430915,4899192485,0;4899192485,564639012,0;564639012,564638925,0;564638925,504640818,0;504640818,504637096,0;504637096,2787061089,0;2787061089,2787061351,0;2787061351,2787061330,0;2787061330,11155489650,0;11155489650,2787061341,0;2787061341,2787061167,0"
simulated_extreme,15,0.2,0.1,20412930,source_specific,risk_uncertainty,10297.182344079098,0.6370087923684875,0.8280776466145003,0.8219173776639992,0.4311778653622655,96.76300000865012,14.790699991863221,"9706921350,9706921684,0;9706921684,9706921682,0;9706921682,9713848047,0;9713848047,9713848018,0;9713848018,9713848023,0;9713848023,12984979400,0;12984979400,9713848118,0;9713848118,9713848006,0;9713848006,9713847968,0;9713847968,9706921713,0;9706921713,9706921712,0;9706921712,9706921786,0;9706921786,9778914467,0;9778914467,9706887247,0;9706887247,9706857800,0;9706857800,9706857774,0;9706857774,9706857801,0;9706857801,9706857775,0;9706857775,9706857832,0;9706857832,9706857843,0;9706857843,7161807983,0;7161807983,7161812592,0;7161812592,499478563,0;499478563,499478564,0;499478564,7973114513,0;7973114513,7973099569,0;7973099569,7975273881,0;7975273881,7973099508,0;7973099508,7973099507,0;7973099507,7973114859,0;7973114859,8298792534,0;8298792534,8298792550,0;8298792550,7973114851,0;7973114851,7975286501,0;7975286501,8298792599,0;8298792599,1116501292,0;1116501292,7975286500,0;7975286500,1116501304,0;1116501304,7975286429,0;7975286429,7975286583,0;7975286583,7977056082,0;7977056082,7977056084,0;7977056084,7977050965,0;7977050965,7977056079,0;7977056079,7979256640,0;7979256640,7979256626,0;7979256626,7979256668,0;7979256668,7977056101,0;7977056101,7967831807,0;7967831807,7967774259,0;7967774259,503464976,0;503464976,7961771680,0;7961771680,1116492807,0;1116492807,7967774262,0;7967774262,503464985,0;503464985,2530277199,0;2530277199,564083084,0;564083084,5374860944,0;5374860944,5374860978,0;5374860978,5374861143,0;5374861143,9053077286,0;9053077286,13527622504,0;13527622504,13167173350,0;13167173350,13527622497,0;13527622497,564083093,0;564083093,6317320202,0;6317320202,564083165,0;564083165,13167173329,0;13167173329,6317320222,0;6317320222,6028645652,0;6028645652,2369336843,0;2369336843,2369336701,0;2369336701,12333484744,0;12333484744,2368579077,0;2368579077,2369336820,0;2369336820,2368578991,0;2368578991,8887740818,0;8887740818,9570709534,0;9570709534,2369336807,0;2369336807,2368578970,0;2368578970,6043430915,0;6043430915,4899192485,0;4899192485,564639012,0;564639012,564638925,0;564638925,504640818,0;504640818,504637096,0;504637096,2787061089,0;2787061089,2787061351,0;2787061351,2787061330,0;2787061330,11155489650,0;11155489650,2787061341,0;2787061341,2787061167,0"
simulated_extreme,15,0.2,0.1,20412930,source_specific,shortest,10279.902722198703,0.6421914589263749,0.8280776466145003,0.8190917470674244,0.42948322884636647,96.40530002070591,14.433000003919005,"9706921350,9706921684,0;9706921684,9706921682,0;9706921682,9713848047,0;9713848047,9713848018,0;9713848018,9713848023,0;9713848023,12984979400,0;12984979400,9713848118,0;9713848118,9713848006,0;9713848006,9713847968,0;9713847968,9706921713,0;9706921713,9706921712,0;9706921712,9706921786,0;9706921786,9778914467,0;9778914467,9706887247,0;9706887247,9706857800,0;9706857800,9706857774,0;9706857774,9706857801,0;9706857801,9706857775,0;9706857775,9706857832,0;9706857832,9706857843,0;9706857843,7161807983,0;7161807983,7161812592,0;7161812592,499478563,0;499478563,499478564,0;499478564,7973114513,0;7973114513,7973099569,0;7973099569,7975273881,0;7975273881,7973099508,0;7973099508,7973099507,0;7973099507,7973114859,0;7973114859,8298792534,0;8298792534,8298792550,0;8298792550,7973114851,0;7973114851,7975286501,0;7975286501,8298792599,0;8298792599,1116501292,0;1116501292,7975286500,0;7975286500,1116501304,0;1116501304,1116501296,0;1116501296,7977050964,0;7977050964,7977056084,0;7977056084,7977050965,0;7977050965,7977056079,0;7977056079,7979256640,0;7979256640,7979256626,0;7979256626,7979256668,0;7979256668,7977056101,0;7977056101,7967831807,0;7967831807,7967774259,0;7967774259,503464976,0;503464976,7961771680,0;7961771680,1116492807,0;1116492807,7967774262,0;7967774262,503464985,0;503464985,2530277199,0;2530277199,564083084,0;564083084,5374860944,0;5374860944,5374860978,0;5374860978,5374861143,0;5374861143,9053077286,0;9053077286,13527622504,0;13527622504,13167173350,0;13167173350,13527622497,0;13527622497,564083093,0;564083093,6317320202,0;6317320202,564083165,0;564083165,13167173329,0;13167173329,6317320222,0;6317320222,6028645652,0;6028645652,2369336843,0;2369336843,2369336701,0;2369336701,12333484744,0;12333484744,2368579077,0;2368579077,2369336820,0;2369336820,2368578991,0;2368578991,8887740818,0;8887740818,8887717116,0;8887717116,6043430915,0;6043430915,4899192485,0;4899192485,564639012,0;564639012,564638925,0;564638925,504640818,0;504640818,504637096,0;504637096,2787061089,0;2787061089,564641522,0;564641522,11155489649,0;11155489649,11155489650,0;11155489650,2787061341,0;2787061341,2787061167,0"
simulated_extreme,15,0.2,0.1,20412930,source_specific,trusted,10297.182344079098,0.6370087923684875,0.8280776466145003,0.8219173776639992,0.4311778653622655,97.0324000227265,15.060100005939603,"9706921350,9706921684,0;9706921684,9706921682,0;9706921682,9713848047,0;9713848047,9713848018,0;9713848018,9713848023,0;9713848023,12984979400,0;12984979400,9713848118,0;9713848118,9713848006,0;9713848006,9713847968,0;9713847968,9706921713,0;9706921713,9706921712,0;9706921712,9706921786,0;9706921786,9778914467,0;9778914467,9706887247,0;9706887247,9706857800,0;9706857800,9706857774,0;9706857774,9706857801,0;9706857801,9706857775,0;9706857775,9706857832,0;9706857832,9706857843,0;9706857843,7161807983,0;7161807983,7161812592,0;7161812592,499478563,0;499478563,499478564,0;499478564,7973114513,0;7973114513,7973099569,0;7973099569,7975273881,0;7975273881,7973099508,0;7973099508,7973099507,0;7973099507,7973114859,0;7973114859,8298792534,0;8298792534,8298792550,0;8298792550,7973114851,0;7973114851,7975286501,0;7975286501,8298792599,0;8298792599,1116501292,0;1116501292,7975286500,0;7975286500,1116501304,0;1116501304,7975286429,0;7975286429,7975286583,0;7975286583,7977056082,0;7977056082,7977056084,0;7977056084,7977050965,0;7977050965,7977056079,0;7977056079,7979256640,0;7979256640,7979256626,0;7979256626,7979256668,0;7979256668,7977056101,0;7977056101,7967831807,0;7967831807,7967774259,0;7967774259,503464976,0;503464976,7961771680,0;7961771680,1116492807,0;1116492807,7967774262,0;7967774262,503464985,0;503464985,2530277199,0;2530277199,564083084,0;564083084,5374860944,0;5374860944,5374860978,0;5374860978,5374861143,0;5374861143,9053077286,0;9053077286,13527622504,0;13527622504,13167173350,0;13167173350,13527622497,0;13527622497,564083093,0;564083093,6317320202,0;6317320202,564083165,0;564083165,13167173329,0;13167173329,6317320222,0;6317320222,6028645652,0;6028645652,2369336843,0;2369336843,2369336701,0;2369336701,12333484744,0;12333484744,2368579077,0;2368579077,2369336820,0;2369336820,2368578991,0;2368578991,8887740818,0;8887740818,9570709534,0;9570709534,2369336807,0;2369336807,2368578970,0;2368578970,6043430915,0;6043430915,4899192485,0;4899192485,564639012,0;564639012,564638925,0;564638925,504640818,0;504640818,504637096,0;504637096,2787061089,0;2787061089,2787061351,0;2787061351,2787061330,0;2787061330,11155489650,0;11155489650,2787061341,0;2787061341,2787061167,0"
simulated_extreme,15,0.2,0.1,20412930,universal,risk,10297.182344079098,0.6370087923684875,0.8280776466145003,0.8219173776639992,0.4311778653622655,97.91620000032708,16.69029996264726,"9706921350,9706921684,0;9706921684,9706921682,0;9706921682,9713848047,0;9713848047,9713848018,0;9713848018,9713848023,0;9713848023,12984979400,0;12984979400,9713848118,0;9713848118,9713848006,0;9713848006,9713847968,0;9713847968,9706921713,0;9706921713,9706921712,0;9706921712,9706921786,0;9706921786,9778914467,0;9778914467,9706887247,0;9706887247,9706857800,0;9706857800,9706857774,0;9706857774,9706857801,0;9706857801,9706857775,0;9706857775,9706857832,0;9706857832,9706857843,0;9706857843,7161807983,0;7161807983,7161812592,0;7161812592,499478563,0;499478563,499478564,0;499478564,7973114513,0;7973114513,7973099569,0;7973099569,7975273881,0;7975273881,7973099508,0;7973099508,7973099507,0;7973099507,7973114859,0;7973114859,8298792534,0;8298792534,8298792550,0;8298792550,7973114851,0;7973114851,7975286501,0;7975286501,8298792599,0;8298792599,1116501292,0;1116501292,7975286500,0;7975286500,1116501304,0;1116501304,7975286429,0;7975286429,7975286583,0;7975286583,7977056082,0;7977056082,7977056084,0;7977056084,7977050965,0;7977050965,7977056079,0;7977056079,7979256640,0;7979256640,7979256626,0;7979256626,7979256668,0;7979256668,7977056101,0;7977056101,7967831807,0;7967831807,7967774259,0;7967774259,503464976,0;503464976,7961771680,0;7961771680,1116492807,0;1116492807,7967774262,0;7967774262,503464985,0;503464985,2530277199,0;2530277199,564083084,0;564083084,5374860944,0;5374860944,5374860978,0;5374860978,5374861143,0;5374861143,9053077286,0;9053077286,13527622504,0;13527622504,13167173350,0;13167173350,13527622497,0;13527622497,564083093,0;564083093,6317320202,0;6317320202,564083165,0;564083165,13167173329,0;13167173329,6317320222,0;6317320222,6028645652,0;6028645652,2369336843,0;2369336843,2369336701,0;2369336701,12333484744,0;12333484744,2368579077,0;2368579077,2369336820,0;2369336820,2368578991,0;2368578991,8887740818,0;8887740818,9570709534,0;9570709534,2369336807,0;2369336807,2368578970,0;2368578970,6043430915,0;6043430915,4899192485,0;4899192485,564639012,0;564639012,564638925,0;564638925,504640818,0;504640818,504637096,0;504637096,2787061089,0;2787061089,2787061351,0;2787061351,2787061330,0;2787061330,11155489650,0;11155489650,2787061341,0;2787061341,2787061167,0"
simulated_extreme,15,0.2,0.1,20412930,universal,risk_uncertainty,10297.182344079098,0.6370087923684875,0.8280776466145003,0.8219173776639992,0.4311778653622655,96.30430006654933,15.07840002886951,"9706921350,9706921684,0;9706921684,9706921682,0;9706921682,9713848047,0;9713848047,9713848018,0;9713848018,9713848023,0;9713848023,12984979400,0;12984979400,9713848118,0;9713848118,9713848006,0;9713848006,9713847968,0;9713847968,9706921713,0;9706921713,9706921712,0;9706921712,9706921786,0;9706921786,9778914467,0;9778914467,9706887247,0;9706887247,9706857800,0;9706857800,9706857774,0;9706857774,9706857801,0;9706857801,9706857775,0;9706857775,9706857832,0;9706857832,9706857843,0;9706857843,7161807983,0;7161807983,7161812592,0;7161812592,499478563,0;499478563,499478564,0;499478564,7973114513,0;7973114513,7973099569,0;7973099569,7975273881,0;7975273881,7973099508,0;7973099508,7973099507,0;7973099507,7973114859,0;7973114859,8298792534,0;8298792534,8298792550,0;8298792550,7973114851,0;7973114851,7975286501,0;7975286501,8298792599,0;8298792599,1116501292,0;1116501292,7975286500,0;7975286500,1116501304,0;1116501304,7975286429,0;7975286429,7975286583,0;7975286583,7977056082,0;7977056082,7977056084,0;7977056084,7977050965,0;7977050965,7977056079,0;7977056079,7979256640,0;7979256640,7979256626,0;7979256626,7979256668,0;7979256668,7977056101,0;7977056101,7967831807,0;7967831807,7967774259,0;7967774259,503464976,0;503464976,7961771680,0;7961771680,1116492807,0;1116492807,7967774262,0;7967774262,503464985,0;503464985,2530277199,0;2530277199,564083084,0;564083084,5374860944,0;5374860944,5374860978,0;5374860978,5374861143,0;5374861143,9053077286,0;9053077286,13527622504,0;13527622504,13167173350,0;13167173350,13527622497,0;13527622497,564083093,0;564083093,6317320202,0;6317320202,564083165,0;564083165,13167173329,0;13167173329,6317320222,0;6317320222,6028645652,0;6028645652,2369336843,0;2369336843,2369336701,0;2369336701,12333484744,0;12333484744,2368579077,0;2368579077,2369336820,0;2369336820,2368578991,0;2368578991,8887740818,0;8887740818,9570709534,0;9570709534,2369336807,0;2369336807,2368578970,0;2368578970,6043430915,0;6043430915,4899192485,0;4899192485,564639012,0;564639012,564638925,0;564638925,504640818,0;504640818,504637096,0;504637096,2787061089,0;2787061089,2787061351,0;2787061351,2787061330,0;2787061330,11155489650,0;11155489650,2787061341,0;2787061341,2787061167,0"
simulated_extreme,15,0.2,0.1,20412930,universal,shortest,10279.902722198703,0.6421914589263749,0.8280776466145003,0.8190917470674244,0.42948322884636647,95.61450005276129,14.388600015081465,"9706921350,9706921684,0;9706921684,9706921682,0;9706921682,9713848047,0;9713848047,9713848018,0;9713848018,9713848023,0;9713848023,12984979400,0;12984979400,9713848118,0;9713848118,9713848006,0;9713848006,9713847968,0;9713847968,9706921713,0;9706921713,9706921712,0;9706921712,9706921786,0;9706921786,9778914467,0;9778914467,9706887247,0;9706887247,9706857800,0;9706857800,9706857774,0;9706857774,9706857801,0;9706857801,9706857775,0;9706857775,9706857832,0;9706857832,9706857843,0;9706857843,7161807983,0;7161807983,7161812592,0;7161812592,499478563,0;499478563,499478564,0;499478564,7973114513,0;7973114513,7973099569,0;7973099569,7975273881,0;7975273881,7973099508,0;7973099508,7973099507,0;7973099507,7973114859,0;7973114859,8298792534,0;8298792534,8298792550,0;8298792550,7973114851,0;7973114851,7975286501,0;7975286501,8298792599,0;8298792599,1116501292,0;1116501292,7975286500,0;7975286500,1116501304,0;1116501304,1116501296,0;1116501296,7977050964,0;7977050964,7977056084,0;7977056084,7977050965,0;7977050965,7977056079,0;7977056079,7979256640,0;7979256640,7979256626,0;7979256626,7979256668,0;7979256668,7977056101,0;7977056101,7967831807,0;7967831807,7967774259,0;7967774259,503464976,0;503464976,7961771680,0;7961771680,1116492807,0;1116492807,7967774262,0;7967774262,503464985,0;503464985,2530277199,0;2530277199,564083084,0;564083084,5374860944,0;5374860944,5374860978,0;5374860978,5374861143,0;5374861143,9053077286,0;9053077286,13527622504,0;13527622504,13167173350,0;13167173350,13527622497,0;13527622497,564083093,0;564083093,6317320202,0;6317320202,564083165,0;564083165,13167173329,0;13167173329,6317320222,0;6317320222,6028645652,0;6028645652,2369336843,0;2369336843,2369336701,0;2369336701,12333484744,0;12333484744,2368579077,0;2368579077,2369336820,0;2369336820,2368578991,0;2368578991,8887740818,0;8887740818,8887717116,0;8887717116,6043430915,0;6043430915,4899192485,0;4899192485,564639012,0;564639012,564638925,0;564638925,504640818,0;504640818,504637096,0;504637096,2787061089,0;2787061089,564641522,0;564641522,11155489649,0;11155489649,11155489650,0;11155489650,2787061341,0;2787061341,2787061167,0"
simulated_extreme,15,0.2,0.1,20412930,universal,trusted,10297.182344079098,0.6370087923684875,0.8280776466145003,0.8219173776639992,0.4311778653622655,96.70870006084442,15.4828000231646,"9706921350,9706921684,0;9706921684,9706921682,0;9706921682,9713848047,0;9713848047,9713848018,0;9713848018,9713848023,0;9713848023,12984979400,0;12984979400,9713848118,0;9713848118,9713848006,0;9713848006,9713847968,0;9713847968,9706921713,0;9706921713,9706921712,0;9706921712,9706921786,0;9706921786,9778914467,0;9778914467,9706887247,0;9706887247,9706857800,0;9706857800,9706857774,0;9706857774,9706857801,0;9706857801,9706857775,0;9706857775,9706857832,0;9706857832,9706857843,0;9706857843,7161807983,0;7161807983,7161812592,0;7161812592,499478563,0;499478563,499478564,0;499478564,7973114513,0;7973114513,7973099569,0;7973099569,7975273881,0;7975273881,7973099508,0;7973099508,7973099507,0;7973099507,7973114859,0;7973114859,8298792534,0;8298792534,8298792550,0;8298792550,7973114851,0;7973114851,7975286501,0;7975286501,8298792599,0;8298792599,1116501292,0;1116501292,7975286500,0;7975286500,1116501304,0;1116501304,7975286429,0;7975286429,7975286583,0;7975286583,7977056082,0;7977056082,7977056084,0;7977056084,7977050965,0;7977050965,7977056079,0;7977056079,7979256640,0;7979256640,7979256626,0;7979256626,7979256668,0;7979256668,7977056101,0;7977056101,7967831807,0;7967831807,7967774259,0;7967774259,503464976,0;503464976,7961771680,0;7961771680,1116492807,0;1116492807,7967774262,0;7967774262,503464985,0;503464985,2530277199,0;2530277199,564083084,0;564083084,5374860944,0;5374860944,5374860978,0;5374860978,5374861143,0;5374861143,9053077286,0;9053077286,13527622504,0;13527622504,13167173350,0;13167173350,13527622497,0;13527622497,564083093,0;564083093,6317320202,0;6317320202,564083165,0;564083165,13167173329,0;13167173329,6317320222,0;6317320222,6028645652,0;6028645652,2369336843,0;2369336843,2369336701,0;2369336701,12333484744,0;12333484744,2368579077,0;2368579077,2369336820,0;2369336820,2368578991,0;2368578991,8887740818,0;8887740818,9570709534,0;9570709534,2369336807,0;2369336807,2368578970,0;2368578970,6043430915,0;6043430915,4899192485,0;4899192485,564639012,0;564639012,564638925,0;564638925,504640818,0;504640818,504637096,0;504637096,2787061089,0;2787061089,2787061351,0;2787061351,2787061330,0;2787061330,11155489650,0;11155489650,2787061341,0;2787061341,2787061167,0"
simulated_extreme,15,0.2,0.2,20412940,source_specific,risk,10297.182344079098,0.6370087923684875,0.8280776466145003,0.8219173776639992,0.4311778653622655,96.53020004043356,15.026799985207617,"9706921350,9706921684,0;9706921684,9706921682,0;9706921682,9713848047,0;9713848047,9713848018,0;9713848018,9713848023,0;9713848023,12984979400,0;12984979400,9713848118,0;9713848118,9713848006,0;9713848006,9713847968,0;9713847968,9706921713,0;9706921713,9706921712,0;9706921712,9706921786,0;9706921786,9778914467,0;9778914467,9706887247,0;9706887247,9706857800,0;9706857800,9706857774,0;9706857774,9706857801,0;9706857801,9706857775,0;9706857775,9706857832,0;9706857832,9706857843,0;9706857843,7161807983,0;7161807983,7161812592,0;7161812592,499478563,0;499478563,499478564,0;499478564,7973114513,0;7973114513,7973099569,0;7973099569,7975273881,0;7975273881,7973099508,0;7973099508,7973099507,0;7973099507,7973114859,0;7973114859,8298792534,0;8298792534,8298792550,0;8298792550,7973114851,0;7973114851,7975286501,0;7975286501,8298792599,0;8298792599,1116501292,0;1116501292,7975286500,0;7975286500,1116501304,0;1116501304,7975286429,0;7975286429,7975286583,0;7975286583,7977056082,0;7977056082,7977056084,0;7977056084,7977050965,0;7977050965,7977056079,0;7977056079,7979256640,0;7979256640,7979256626,0;7979256626,7979256668,0;7979256668,7977056101,0;7977056101,7967831807,0;7967831807,7967774259,0;7967774259,503464976,0;503464976,7961771680,0;7961771680,1116492807,0;1116492807,7967774262,0;7967774262,503464985,0;503464985,2530277199,0;2530277199,564083084,0;564083084,5374860944,0;5374860944,5374860978,0;5374860978,5374861143,0;5374861143,9053077286,0;9053077286,13527622504,0;13527622504,13167173350,0;13167173350,13527622497,0;13527622497,564083093,0;564083093,6317320202,0;6317320202,564083165,0;564083165,13167173329,0;13167173329,6317320222,0;6317320222,6028645652,0;6028645652,2369336843,0;2369336843,2369336701,0;2369336701,12333484744,0;12333484744,2368579077,0;2368579077,2369336820,0;2369336820,2368578991,0;2368578991,8887740818,0;8887740818,9570709534,0;9570709534,2369336807,0;2369336807,2368578970,0;2368578970,6043430915,0;6043430915,4899192485,0;4899192485,564639012,0;564639012,564638925,0;564638925,504640818,0;504640818,504637096,0;504637096,2787061089,0;2787061089,2787061351,0;2787061351,2787061330,0;2787061330,11155489650,0;11155489650,2787061341,0;2787061341,2787061167,0"
simulated_extreme,15,0.2,0.2,20412940,source_specific,risk_uncertainty,10297.182344079098,0.6370087923684875,0.8280776466145003,0.8219173776639992,0.4311778653622655,97.47050009900704,15.967100043781102,"9706921350,9706921684,0;9706921684,9706921682,0;9706921682,9713848047,0;9713848047,9713848018,0;9713848018,9713848023,0;9713848023,12984979400,0;12984979400,9713848118,0;9713848118,9713848006,0;9713848006,9713847968,0;9713847968,9706921713,0;9706921713,9706921712,0;9706921712,9706921786,0;9706921786,9778914467,0;9778914467,9706887247,0;9706887247,9706857800,0;9706857800,9706857774,0;9706857774,9706857801,0;9706857801,9706857775,0;9706857775,9706857832,0;9706857832,9706857843,0;9706857843,7161807983,0;7161807983,7161812592,0;7161812592,499478563,0;499478563,499478564,0;499478564,7973114513,0;7973114513,7973099569,0;7973099569,7975273881,0;7975273881,7973099508,0;7973099508,7973099507,0;7973099507,7973114859,0;7973114859,8298792534,0;8298792534,8298792550,0;8298792550,7973114851,0;7973114851,7975286501,0;7975286501,8298792599,0;8298792599,1116501292,0;1116501292,7975286500,0;7975286500,1116501304,0;1116501304,7975286429,0;7975286429,7975286583,0;7975286583,7977056082,0;7977056082,7977056084,0;7977056084,7977050965,0;7977050965,7977056079,0;7977056079,7979256640,0;7979256640,7979256626,0;7979256626,7979256668,0;7979256668,7977056101,0;7977056101,7967831807,0;7967831807,7967774259,0;7967774259,503464976,0;503464976,7961771680,0;7961771680,1116492807,0;1116492807,7967774262,0;7967774262,503464985,0;503464985,2530277199,0;2530277199,564083084,0;564083084,5374860944,0;5374860944,5374860978,0;5374860978,5374861143,0;5374861143,9053077286,0;9053077286,13527622504,0;13527622504,13167173350,0;13167173350,13527622497,0;13527622497,564083093,0;564083093,6317320202,0;6317320202,564083165,0;564083165,13167173329,0;13167173329,6317320222,0;6317320222,6028645652,0;6028645652,2369336843,0;2369336843,2369336701,0;2369336701,12333484744,0;12333484744,2368579077,0;2368579077,2369336820,0;2369336820,2368578991,0;2368578991,8887740818,0;8887740818,9570709534,0;9570709534,2369336807,0;2369336807,2368578970,0;2368578970,6043430915,0;6043430915,4899192485,0;4899192485,564639012,0;564639012,564638925,0;564638925,504640818,0;504640818,504637096,0;504637096,2787061089,0;2787061089,2787061351,0;2787061351,2787061330,0;2787061330,11155489650,0;11155489650,2787061341,0;2787061341,2787061167,0"
simulated_extreme,15,0.2,0.2,20412940,source_specific,shortest,10279.902722198703,0.6421914589263749,0.8280776466145003,0.8190917470674244,0.42948322884636647,96.01920004934072,14.515799994114786,"9706921350,9706921684,0;9706921684,9706921682,0;9706921682,9713848047,0;9713848047,9713848018,0;9713848018,9713848023,0;9713848023,12984979400,0;12984979400,9713848118,0;9713848118,9713848006,0;9713848006,9713847968,0;9713847968,9706921713,0;9706921713,9706921712,0;9706921712,9706921786,0;9706921786,9778914467,0;9778914467,9706887247,0;9706887247,9706857800,0;9706857800,9706857774,0;9706857774,9706857801,0;9706857801,9706857775,0;9706857775,9706857832,0;9706857832,9706857843,0;9706857843,7161807983,0;7161807983,7161812592,0;7161812592,499478563,0;499478563,499478564,0;499478564,7973114513,0;7973114513,7973099569,0;7973099569,7975273881,0;7975273881,7973099508,0;7973099508,7973099507,0;7973099507,7973114859,0;7973114859,8298792534,0;8298792534,8298792550,0;8298792550,7973114851,0;7973114851,7975286501,0;7975286501,8298792599,0;8298792599,1116501292,0;1116501292,7975286500,0;7975286500,1116501304,0;1116501304,1116501296,0;1116501296,7977050964,0;7977050964,7977056084,0;7977056084,7977050965,0;7977050965,7977056079,0;7977056079,7979256640,0;7979256640,7979256626,0;7979256626,7979256668,0;7979256668,7977056101,0;7977056101,7967831807,0;7967831807,7967774259,0;7967774259,503464976,0;503464976,7961771680,0;7961771680,1116492807,0;1116492807,7967774262,0;7967774262,503464985,0;503464985,2530277199,0;2530277199,564083084,0;564083084,5374860944,0;5374860944,5374860978,0;5374860978,5374861143,0;5374861143,9053077286,0;9053077286,13527622504,0;13527622504,13167173350,0;13167173350,13527622497,0;13527622497,564083093,0;564083093,6317320202,0;6317320202,564083165,0;564083165,13167173329,0;13167173329,6317320222,0;6317320222,6028645652,0;6028645652,2369336843,0;2369336843,2369336701,0;2369336701,12333484744,0;12333484744,2368579077,0;2368579077,2369336820,0;2369336820,2368578991,0;2368578991,8887740818,0;8887740818,8887717116,0;8887717116,6043430915,0;6043430915,4899192485,0;4899192485,564639012,0;564639012,564638925,0;564638925,504640818,0;504640818,504637096,0;504637096,2787061089,0;2787061089,564641522,0;564641522,11155489649,0;11155489649,11155489650,0;11155489650,2787061341,0;2787061341,2787061167,0"
simulated_extreme,15,0.2,0.2,20412940,source_specific,trusted,10297.182344079098,0.6370087923684875,0.8280776466145003,0.8219173776639992,0.4311778653622655,97.20620006555691,15.702800010330975,"9706921350,9706921684,0;9706921684,9706921682,0;9706921682,9713848047,0;9713848047,9713848018,0;9713848018,9713848023,0;9713848023,12984979400,0;12984979400,9713848118,0;9713848118,9713848006,0;9713848006,9713847968,0;9713847968,9706921713,0;9706921713,9706921712,0;9706921712,9706921786,0;9706921786,9778914467,0;9778914467,9706887247,0;9706887247,9706857800,0;9706857800,9706857774,0;9706857774,9706857801,0;9706857801,9706857775,0;9706857775,9706857832,0;9706857832,9706857843,0;9706857843,7161807983,0;7161807983,7161812592,0;7161812592,499478563,0;499478563,499478564,0;499478564,7973114513,0;7973114513,7973099569,0;7973099569,7975273881,0;7975273881,7973099508,0;7973099508,7973099507,0;7973099507,7973114859,0;7973114859,8298792534,0;8298792534,8298792550,0;8298792550,7973114851,0;7973114851,7975286501,0;7975286501,8298792599,0;8298792599,1116501292,0;1116501292,7975286500,0;7975286500,1116501304,0;1116501304,7975286429,0;7975286429,7975286583,0;7975286583,7977056082,0;7977056082,7977056084,0;7977056084,7977050965,0;7977050965,7977056079,0;7977056079,7979256640,0;7979256640,7979256626,0;7979256626,7979256668,0;7979256668,7977056101,0;7977056101,7967831807,0;7967831807,7967774259,0;7967774259,503464976,0;503464976,7961771680,0;7961771680,1116492807,0;1116492807,7967774262,0;7967774262,503464985,0;503464985,2530277199,0;2530277199,564083084,0;564083084,5374860944,0;5374860944,5374860978,0;5374860978,5374861143,0;5374861143,9053077286,0;9053077286,13527622504,0;13527622504,13167173350,0;13167173350,13527622497,0;13527622497,564083093,0;564083093,6317320202,0;6317320202,564083165,0;564083165,13167173329,0;13167173329,6317320222,0;6317320222,6028645652,0;6028645652,2369336843,0;2369336843,2369336701,0;2369336701,12333484744,0;12333484744,2368579077,0;2368579077,2369336820,0;2369336820,2368578991,0;2368578991,8887740818,0;8887740818,9570709534,0;9570709534,2369336807,0;2369336807,2368578970,0;2368578970,6043430915,0;6043430915,4899192485,0;4899192485,564639012,0;564639012,564638925,0;564638925,504640818,0;504640818,504637096,0;504637096,2787061089,0;2787061089,2787061351,0;2787061351,2787061330,0;2787061330,11155489650,0;11155489650,2787061341,0;2787061341,2787061167,0"
simulated_extreme,15,0.2,0.2,20412940,universal,risk,10297.182344079098,0.6370087923684875,0.8280776466145003,0.8219173776639992,0.4311778653622655,96.32770001189783,15.425099991261959,"9706921350,9706921684,0;9706921684,9706921682,0;9706921682,9713848047,0;9713848047,9713848018,0;9713848018,9713848023,0;9713848023,12984979400,0;12984979400,9713848118,0;9713848118,9713848006,0;9713848006,9713847968,0;9713847968,9706921713,0;9706921713,9706921712,0;9706921712,9706921786,0;9706921786,9778914467,0;9778914467,9706887247,0;9706887247,9706857800,0;9706857800,9706857774,0;9706857774,9706857801,0;9706857801,9706857775,0;9706857775,9706857832,0;9706857832,9706857843,0;9706857843,7161807983,0;7161807983,7161812592,0;7161812592,499478563,0;499478563,499478564,0;499478564,7973114513,0;7973114513,7973099569,0;7973099569,7975273881,0;7975273881,7973099508,0;7973099508,7973099507,0;7973099507,7973114859,0;7973114859,8298792534,0;8298792534,8298792550,0;8298792550,7973114851,0;7973114851,7975286501,0;7975286501,8298792599,0;8298792599,1116501292,0;1116501292,7975286500,0;7975286500,1116501304,0;1116501304,7975286429,0;7975286429,7975286583,0;7975286583,7977056082,0;7977056082,7977056084,0;7977056084,7977050965,0;7977050965,7977056079,0;7977056079,7979256640,0;7979256640,7979256626,0;7979256626,7979256668,0;7979256668,7977056101,0;7977056101,7967831807,0;7967831807,7967774259,0;7967774259,503464976,0;503464976,7961771680,0;7961771680,1116492807,0;1116492807,7967774262,0;7967774262,503464985,0;503464985,2530277199,0;2530277199,564083084,0;564083084,5374860944,0;5374860944,5374860978,0;5374860978,5374861143,0;5374861143,9053077286,0;9053077286,13527622504,0;13527622504,13167173350,0;13167173350,13527622497,0;13527622497,564083093,0;564083093,6317320202,0;6317320202,564083165,0;564083165,13167173329,0;13167173329,6317320222,0;6317320222,6028645652,0;6028645652,2369336843,0;2369336843,2369336701,0;2369336701,12333484744,0;12333484744,2368579077,0;2368579077,2369336820,0;2369336820,2368578991,0;2368578991,8887740818,0;8887740818,9570709534,0;9570709534,2369336807,0;2369336807,2368578970,0;2368578970,6043430915,0;6043430915,4899192485,0;4899192485,564639012,0;564639012,564638925,0;564638925,504640818,0;504640818,504637096,0;504637096,2787061089,0;2787061089,2787061351,0;2787061351,2787061330,0;2787061330,11155489650,0;11155489650,2787061341,0;2787061341,2787061167,0"
simulated_extreme,15,0.2,0.2,20412940,universal,risk_uncertainty,10297.182344079098,0.6370087923684875,0.8280776466145003,0.8219173776639992,0.4311778653622655,98.46750000724569,17.564899986609817,"9706921350,9706921684,0;9706921684,9706921682,0;9706921682,9713848047,0;9713848047,9713848018,0;9713848018,9713848023,0;9713848023,12984979400,0;12984979400,9713848118,0;9713848118,9713848006,0;9713848006,9713847968,0;9713847968,9706921713,0;9706921713,9706921712,0;9706921712,9706921786,0;9706921786,9778914467,0;9778914467,9706887247,0;9706887247,9706857800,0;9706857800,9706857774,0;9706857774,9706857801,0;9706857801,9706857775,0;9706857775,9706857832,0;9706857832,9706857843,0;9706857843,7161807983,0;7161807983,7161812592,0;7161812592,499478563,0;499478563,499478564,0;499478564,7973114513,0;7973114513,7973099569,0;7973099569,7975273881,0;7975273881,7973099508,0;7973099508,7973099507,0;7973099507,7973114859,0;7973114859,8298792534,0;8298792534,8298792550,0;8298792550,7973114851,0;7973114851,7975286501,0;7975286501,8298792599,0;8298792599,1116501292,0;1116501292,7975286500,0;7975286500,1116501304,0;1116501304,7975286429,0;7975286429,7975286583,0;7975286583,7977056082,0;7977056082,7977056084,0;7977056084,7977050965,0;7977050965,7977056079,0;7977056079,7979256640,0;7979256640,7979256626,0;7979256626,7979256668,0;7979256668,7977056101,0;7977056101,7967831807,0;7967831807,7967774259,0;7967774259,503464976,0;503464976,7961771680,0;7961771680,1116492807,0;1116492807,7967774262,0;7967774262,503464985,0;503464985,2530277199,0;2530277199,564083084,0;564083084,5374860944,0;5374860944,5374860978,0;5374860978,5374861143,0;5374861143,9053077286,0;9053077286,13527622504,0;13527622504,13167173350,0;13167173350,13527622497,0;13527622497,564083093,0;564083093,6317320202,0;6317320202,564083165,0;564083165,13167173329,0;13167173329,6317320222,0;6317320222,6028645652,0;6028645652,2369336843,0;2369336843,2369336701,0;2369336701,12333484744,0;12333484744,2368579077,0;2368579077,2369336820,0;2369336820,2368578991,0;2368578991,8887740818,0;8887740818,9570709534,0;9570709534,2369336807,0;2369336807,2368578970,0;2368578970,6043430915,0;6043430915,4899192485,0;4899192485,564639012,0;564639012,564638925,0;564638925,504640818,0;504640818,504637096,0;504637096,2787061089,0;2787061089,2787061351,0;2787061351,2787061330,0;2787061330,11155489650,0;11155489650,2787061341,0;2787061341,2787061167,0"
simulated_extreme,15,0.2,0.2,20412940,universal,shortest,10279.902722198703,0.6421914589263749,0.8280776466145003,0.8190917470674244,0.42948322884636647,95.2474000514485,14.344800030812621,"9706921350,9706921684,0;9706921684,9706921682,0;9706921682,9713848047,0;9713848047,9713848018,0;9713848018,9713848023,0;9713848023,12984979400,0;12984979400,9713848118,0;9713848118,9713848006,0;9713848006,9713847968,0;9713847968,9706921713,0;9706921713,9706921712,0;9706921712,9706921786,0;9706921786,9778914467,0;9778914467,9706887247,0;9706887247,9706857800,0;9706857800,9706857774,0;9706857774,9706857801,0;9706857801,9706857775,0;9706857775,9706857832,0;9706857832,9706857843,0;9706857843,7161807983,0;7161807983,7161812592,0;7161812592,499478563,0;499478563,499478564,0;499478564,7973114513,0;7973114513,7973099569,0;7973099569,7975273881,0;7975273881,7973099508,0;7973099508,7973099507,0;7973099507,7973114859,0;7973114859,8298792534,0;8298792534,8298792550,0;8298792550,7973114851,0;7973114851,7975286501,0;7975286501,8298792599,0;8298792599,1116501292,0;1116501292,7975286500,0;7975286500,1116501304,0;1116501304,1116501296,0;1116501296,7977050964,0;7977050964,7977056084,0;7977056084,7977050965,0;7977050965,7977056079,0;7977056079,7979256640,0;7979256640,7979256626,0;7979256626,7979256668,0;7979256668,7977056101,0;7977056101,7967831807,0;7967831807,7967774259,0;7967774259,503464976,0;503464976,7961771680,0;7961771680,1116492807,0;1116492807,7967774262,0;7967774262,503464985,0;503464985,2530277199,0;2530277199,564083084,0;564083084,5374860944,0;5374860944,5374860978,0;5374860978,5374861143,0;5374861143,9053077286,0;9053077286,13527622504,0;13527622504,13167173350,0;13167173350,13527622497,0;13527622497,564083093,0;564083093,6317320202,0;6317320202,564083165,0;564083165,13167173329,0;13167173329,6317320222,0;6317320222,6028645652,0;6028645652,2369336843,0;2369336843,2369336701,0;2369336701,12333484744,0;12333484744,2368579077,0;2368579077,2369336820,0;2369336820,2368578991,0;2368578991,8887740818,0;8887740818,8887717116,0;8887717116,6043430915,0;6043430915,4899192485,0;4899192485,564639012,0;564639012,564638925,0;564638925,504640818,0;504640818,504637096,0;504637096,2787061089,0;2787061089,564641522,0;564641522,11155489649,0;11155489649,11155489650,0;11155489650,2787061341,0;2787061341,2787061167,0"
simulated_extreme,15,0.2,0.2,20412940,universal,trusted,10297.182344079098,0.6370087923684875,0.8280776466145003,0.8219173776639992,0.4311778653622655,95.84099997300655,14.938399952370673,"9706921350,9706921684,0;9706921684,9706921682,0;9706921682,9713848047,0;9713848047,9713848018,0;9713848018,9713848023,0;9713848023,12984979400,0;12984979400,9713848118,0;9713848118,9713848006,0;9713848006,9713847968,0;9713847968,9706921713,0;9706921713,9706921712,0;9706921712,9706921786,0;9706921786,9778914467,0;9778914467,9706887247,0;9706887247,9706857800,0;9706857800,9706857774,0;9706857774,9706857801,0;9706857801,9706857775,0;9706857775,9706857832,0;9706857832,9706857843,0;9706857843,7161807983,0;7161807983,7161812592,0;7161812592,499478563,0;499478563,499478564,0;499478564,7973114513,0;7973114513,7973099569,0;7973099569,7975273881,0;7975273881,7973099508,0;7973099508,7973099507,0;7973099507,7973114859,0;7973114859,8298792534,0;8298792534,8298792550,0;8298792550,7973114851,0;7973114851,7975286501,0;7975286501,8298792599,0;8298792599,1116501292,0;1116501292,7975286500,0;7975286500,1116501304,0;1116501304,7975286429,0;7975286429,7975286583,0;7975286583,7977056082,0;7977056082,7977056084,0;7977056084,7977050965,0;7977050965,7977056079,0;7977056079,7979256640,0;7979256640,7979256626,0;7979256626,7979256668,0;7979256668,7977056101,0;7977056101,7967831807,0;7967831807,7967774259,0;7967774259,503464976,0;503464976,7961771680,0;7961771680,1116492807,0;1116492807,7967774262,0;7967774262,503464985,0;503464985,2530277199,0;2530277199,564083084,0;564083084,5374860944,0;5374860944,5374860978,0;5374860978,5374861143,0;5374861143,9053077286,0;9053077286,13527622504,0;13527622504,13167173350,0;13167173350,13527622497,0;13527622497,564083093,0;564083093,6317320202,0;6317320202,564083165,0;564083165,13167173329,0;13167173329,6317320222,0;6317320222,6028645652,0;6028645652,2369336843,0;2369336843,2369336701,0;2369336701,12333484744,0;12333484744,2368579077,0;2368579077,2369336820,0;2369336820,2368578991,0;2368578991,8887740818,0;8887740818,9570709534,0;9570709534,2369336807,0;2369336807,2368578970,0;2368578970,6043430915,0;6043430915,4899192485,0;4899192485,564639012,0;564639012,564638925,0;564638925,504640818,0;504640818,504637096,0;504637096,2787061089,0;2787061089,2787061351,0;2787061351,2787061330,0;2787061330,11155489650,0;11155489650,2787061341,0;2787061341,2787061167,0"
simulated_extreme,15,0.4,0.0,20414920,source_specific,risk,10351.740746041833,0.6344733131293896,0.8280776466145003,0.8219173776639992,0.39178571587890565,97.6830999716185,16.59519999520853,"9706921350,9706921684,0;9706921684,9706921682,0;9706921682,9713848047,0;9713848047,9713848018,0;9713848018,9713848023,0;9713848023,12984979400,0;12984979400,9713848118,0;9713848118,9713848006,0;9713848006,9713847968,0;9713847968,9706921713,0;9706921713,9706921712,0;9706921712,9706921786,0;9706921786,9778914467,0;9778914467,9706887247,0;9706887247,9706857800,0;9706857800,9706857774,0;9706857774,9706857801,0;9706857801,9706857775,0;9706857775,9706857832,0;9706857832,9706857843,0;9706857843,7161807983,0;7161807983,7161812592,0;7161812592,499478563,0;499478563,499478564,0;499478564,7973114513,0;7973114513,7973099569,0;7973099569,7975273881,0;7975273881,7973099508,0;7973099508,7973099507,0;7973099507,7973114859,0;7973114859,8298792534,0;8298792534,8298792550,0;8298792550,7973114851,0;7973114851,7975286501,0;7975286501,8298792591,0;8298792591,7975286327,0;7975286327,4127126135,0;4127126135,7977050923,0;7977050923,7975286312,0;7975286312,8081200339,0;8081200339,3687652014,0;3687652014,3687652015,0;3687652015,8081200336,0;8081200336,7975286318,0;7975286318,7975286294,0;7975286294,7979256811,0;7979256811,13143687509,0;13143687509,7979256880,0;7979256880,7979256827,0;7979256827,8404871511,0;8404871511,7979256793,0;7979256793,7977056072,0;7977056072,7977056077,0;7977056077,7979256760,0;7979256760,8407048466,0;8407048466,2530277169,0;2530277169,13161326472,0;13161326472,7979256723,0;7979256723,7979924894,0;7979924894,7979918290,0;7979918290,7967831812,0;7967831812,279077946,0;279077946,564083084,0;564083084,5374860944,0;5374860944,5374860978,0;5374860978,5374861143,0;5374861143,9053077286,0;9053077286,13527622504,0;13527622504,13167173350,0;13167173350,13527622497,0;13527622497,564083093,0;564083093,6317320202,0;6317320202,564083165,0;564083165,13167173329,0;13167173329,6317320222,0;6317320222,6028645652,0;6028645652,2369336843,0;2369336843,2369336701,0;2369336701,12333484744,0;12333484744,2368579077,0;2368579077,2369336820,0;2369336820,2368578991,0;2368578991,8887740818,0;8887740818,9570709534,0;9570709534,2369336807,0;2369336807,2368578970,0;2368578970,6043430915,0;6043430915,4899192485,0;4899192485,564639012,0;564639012,564638925,0;564638925,504640818,0;504640818,504637096,0;504637096,2787061089,0;2787061089,2787061351,0;2787061351,2787061330,0;2787061330,11155489650,0;11155489650,2787061341,0;2787061341,2787061167,0"
simulated_extreme,15,0.4,0.0,20414920,source_specific,risk_uncertainty,10297.182344079098,0.6370087923684875,0.8280776466145003,0.8219173776639992,0.4311778653622655,96.36629995657131,15.278399980161339,"9706921350,9706921684,0;9706921684,9706921682,0;9706921682,9713848047,0;9713848047,9713848018,0;9713848018,9713848023,0;9713848023,12984979400,0;12984979400,9713848118,0;9713848118,9713848006,0;9713848006,9713847968,0;9713847968,9706921713,0;9706921713,9706921712,0;9706921712,9706921786,0;9706921786,9778914467,0;9778914467,9706887247,0;9706887247,9706857800,0;9706857800,9706857774,0;9706857774,9706857801,0;9706857801,9706857775,0;9706857775,9706857832,0;9706857832,9706857843,0;9706857843,7161807983,0;7161807983,7161812592,0;7161812592,499478563,0;499478563,499478564,0;499478564,7973114513,0;7973114513,7973099569,0;7973099569,7975273881,0;7975273881,7973099508,0;7973099508,7973099507,0;7973099507,7973114859,0;7973114859,8298792534,0;8298792534,8298792550,0;8298792550,7973114851,0;7973114851,7975286501,0;7975286501,8298792599,0;8298792599,1116501292,0;1116501292,7975286500,0;7975286500,1116501304,0;1116501304,7975286429,0;7975286429,7975286583,0;7975286583,7977056082,0;7977056082,7977056084,0;7977056084,7977050965,0;7977050965,7977056079,0;7977056079,7979256640,0;7979256640,7979256626,0;7979256626,7979256668,0;7979256668,7977056101,0;7977056101,7967831807,0;7967831807,7967774259,0;7967774259,503464976,0;503464976,7961771680,0;7961771680,1116492807,0;1116492807,7967774262,0;7967774262,503464985,0;503464985,2530277199,0;2530277199,564083084,0;564083084,5374860944,0;5374860944,5374860978,0;5374860978,5374861143,0;5374861143,9053077286,0;9053077286,13527622504,0;13527622504,13167173350,0;13167173350,13527622497,0;13527622497,564083093,0;564083093,6317320202,0;6317320202,564083165,0;564083165,13167173329,0;13167173329,6317320222,0;6317320222,6028645652,0;6028645652,2369336843,0;2369336843,2369336701,0;2369336701,12333484744,0;12333484744,2368579077,0;2368579077,2369336820,0;2369336820,2368578991,0;2368578991,8887740818,0;8887740818,9570709534,0;9570709534,2369336807,0;2369336807,2368578970,0;2368578970,6043430915,0;6043430915,4899192485,0;4899192485,564639012,0;564639012,564638925,0;564638925,504640818,0;504640818,504637096,0;504637096,2787061089,0;2787061089,2787061351,0;2787061351,2787061330,0;2787061330,11155489650,0;11155489650,2787061341,0;2787061341,2787061167,0"
simulated_extreme,15,0.4,0.0,20414920,source_specific,shortest,10279.902722198703,0.6421914589263749,0.8280776466145003,0.8190917470674244,0.42948322884636647,95.90299997944385,14.815100003033876,"9706921350,9706921684,0;9706921684,9706921682,0;9706921682,9713848047,0;9713848047,9713848018,0;9713848018,9713848023,0;9713848023,12984979400,0;12984979400,9713848118,0;9713848118,9713848006,0;9713848006,9713847968,0;9713847968,9706921713,0;9706921713,9706921712,0;9706921712,9706921786,0;9706921786,9778914467,0;9778914467,9706887247,0;9706887247,9706857800,0;9706857800,9706857774,0;9706857774,9706857801,0;9706857801,9706857775,0;9706857775,9706857832,0;9706857832,9706857843,0;9706857843,7161807983,0;7161807983,7161812592,0;7161812592,499478563,0;499478563,499478564,0;499478564,7973114513,0;7973114513,7973099569,0;7973099569,7975273881,0;7975273881,7973099508,0;7973099508,7973099507,0;7973099507,7973114859,0;7973114859,8298792534,0;8298792534,8298792550,0;8298792550,7973114851,0;7973114851,7975286501,0;7975286501,8298792599,0;8298792599,1116501292,0;1116501292,7975286500,0;7975286500,1116501304,0;1116501304,1116501296,0;1116501296,7977050964,0;7977050964,7977056084,0;7977056084,7977050965,0;7977050965,7977056079,0;7977056079,7979256640,0;7979256640,7979256626,0;7979256626,7979256668,0;7979256668,7977056101,0;7977056101,7967831807,0;7967831807,7967774259,0;7967774259,503464976,0;503464976,7961771680,0;7961771680,1116492807,0;1116492807,7967774262,0;7967774262,503464985,0;503464985,2530277199,0;2530277199,564083084,0;564083084,5374860944,0;5374860944,5374860978,0;5374860978,5374861143,0;5374861143,9053077286,0;9053077286,13527622504,0;13527622504,13167173350,0;13167173350,13527622497,0;13527622497,564083093,0;564083093,6317320202,0;6317320202,564083165,0;564083165,13167173329,0;13167173329,6317320222,0;6317320222,6028645652,0;6028645652,2369336843,0;2369336843,2369336701,0;2369336701,12333484744,0;12333484744,2368579077,0;2368579077,2369336820,0;2369336820,2368578991,0;2368578991,8887740818,0;8887740818,8887717116,0;8887717116,6043430915,0;6043430915,4899192485,0;4899192485,564639012,0;564639012,564638925,0;564638925,504640818,0;504640818,504637096,0;504637096,2787061089,0;2787061089,564641522,0;564641522,11155489649,0;11155489649,11155489650,0;11155489650,2787061341,0;2787061341,2787061167,0"
simulated_extreme,15,0.4,0.0,20414920,source_specific,trusted,10297.182344079098,0.6370087923684875,0.8280776466145003,0.8219173776639992,0.4311778653622655,96.39079996850342,15.302899992093444,"9706921350,9706921684,0;9706921684,9706921682,0;9706921682,9713848047,0;9713848047,9713848018,0;9713848018,9713848023,0;9713848023,12984979400,0;12984979400,9713848118,0;9713848118,9713848006,0;9713848006,9713847968,0;9713847968,9706921713,0;9706921713,9706921712,0;9706921712,9706921786,0;9706921786,9778914467,0;9778914467,9706887247,0;9706887247,9706857800,0;9706857800,9706857774,0;9706857774,9706857801,0;9706857801,9706857775,0;9706857775,9706857832,0;9706857832,9706857843,0;9706857843,7161807983,0;7161807983,7161812592,0;7161812592,499478563,0;499478563,499478564,0;499478564,7973114513,0;7973114513,7973099569,0;7973099569,7975273881,0;7975273881,7973099508,0;7973099508,7973099507,0;7973099507,7973114859,0;7973114859,8298792534,0;8298792534,8298792550,0;8298792550,7973114851,0;7973114851,7975286501,0;7975286501,8298792599,0;8298792599,1116501292,0;1116501292,7975286500,0;7975286500,1116501304,0;1116501304,7975286429,0;7975286429,7975286583,0;7975286583,7977056082,0;7977056082,7977056084,0;7977056084,7977050965,0;7977050965,7977056079,0;7977056079,7979256640,0;7979256640,7979256626,0;7979256626,7979256668,0;7979256668,7977056101,0;7977056101,7967831807,0;7967831807,7967774259,0;7967774259,503464976,0;503464976,7961771680,0;7961771680,1116492807,0;1116492807,7967774262,0;7967774262,503464985,0;503464985,2530277199,0;2530277199,564083084,0;564083084,5374860944,0;5374860944,5374860978,0;5374860978,5374861143,0;5374861143,9053077286,0;9053077286,13527622504,0;13527622504,13167173350,0;13167173350,13527622497,0;13527622497,564083093,0;564083093,6317320202,0;6317320202,564083165,0;564083165,13167173329,0;13167173329,6317320222,0;6317320222,6028645652,0;6028645652,2369336843,0;2369336843,2369336701,0;2369336701,12333484744,0;12333484744,2368579077,0;2368579077,2369336820,0;2369336820,2368578991,0;2368578991,8887740818,0;8887740818,9570709534,0;9570709534,2369336807,0;2369336807,2368578970,0;2368578970,6043430915,0;6043430915,4899192485,0;4899192485,564639012,0;564639012,564638925,0;564638925,504640818,0;504640818,504637096,0;504637096,2787061089,0;2787061089,2787061351,0;2787061351,2787061330,0;2787061330,11155489650,0;11155489650,2787061341,0;2787061341,2787061167,0"
simulated_extreme,15,0.4,0.0,20414920,universal,risk,10351.740746041833,0.6344733131293896,0.8280776466145003,0.8219173776639992,0.39178571587890565,97.0394000178203,16.735400015022606,"9706921350,9706921684,0;9706921684,9706921682,0;9706921682,9713848047,0;9713848047,9713848018,0;9713848018,9713848023,0;9713848023,12984979400,0;12984979400,9713848118,0;9713848118,9713848006,0;9713848006,9713847968,0;9713847968,9706921713,0;9706921713,9706921712,0;9706921712,9706921786,0;9706921786,9778914467,0;9778914467,9706887247,0;9706887247,9706857800,0;9706857800,9706857774,0;9706857774,9706857801,0;9706857801,9706857775,0;9706857775,9706857832,0;9706857832,9706857843,0;9706857843,7161807983,0;7161807983,7161812592,0;7161812592,499478563,0;499478563,499478564,0;499478564,7973114513,0;7973114513,7973099569,0;7973099569,7975273881,0;7975273881,7973099508,0;7973099508,7973099507,0;7973099507,7973114859,0;7973114859,8298792534,0;8298792534,8298792550,0;8298792550,7973114851,0;7973114851,7975286501,0;7975286501,8298792591,0;8298792591,7975286327,0;7975286327,4127126135,0;4127126135,7977050923,0;7977050923,7975286312,0;7975286312,8081200339,0;8081200339,3687652014,0;3687652014,3687652015,0;3687652015,8081200336,0;8081200336,7975286318,0;7975286318,7975286294,0;7975286294,7979256811,0;7979256811,13143687509,0;13143687509,7979256880,0;7979256880,7979256827,0;7979256827,8404871511,0;8404871511,7979256793,0;7979256793,7977056072,0;7977056072,7977056077,0;7977056077,7979256760,0;7979256760,8407048466,0;8407048466,2530277169,0;2530277169,13161326472,0;13161326472,7979256723,0;7979256723,7979924894,0;7979924894,7979918290,0;7979918290,7967831812,0;7967831812,279077946,0;279077946,564083084,0;564083084,5374860944,0;5374860944,5374860978,0;5374860978,5374861143,0;5374861143,9053077286,0;9053077286,13527622504,0;13527622504,13167173350,0;13167173350,13527622497,0;13527622497,564083093,0;564083093,6317320202,0;6317320202,564083165,0;564083165,13167173329,0;13167173329,6317320222,0;6317320222,6028645652,0;6028645652,2369336843,0;2369336843,2369336701,0;2369336701,12333484744,0;12333484744,2368579077,0;2368579077,2369336820,0;2369336820,2368578991,0;2368578991,8887740818,0;8887740818,9570709534,0;9570709534,2369336807,0;2369336807,2368578970,0;2368578970,6043430915,0;6043430915,4899192485,0;4899192485,564639012,0;564639012,564638925,0;564638925,504640818,0;504640818,504637096,0;504637096,2787061089,0;2787061089,2787061351,0;2787061351,2787061330,0;2787061330,11155489650,0;11155489650,2787061341,0;2787061341,2787061167,0"
simulated_extreme,15,0.4,0.0,20414920,universal,risk_uncertainty,10297.182344079098,0.6370087923684875,0.8280776466145003,0.8219173776639992,0.4311778653622655,95.64110002247617,15.337100019678473,"9706921350,9706921684,0;9706921684,9706921682,0;9706921682,9713848047,0;9713848047,9713848018,0;9713848018,9713848023,0;9713848023,12984979400,0;12984979400,9713848118,0;9713848118,9713848006,0;9713848006,9713847968,0;9713847968,9706921713,0;9706921713,9706921712,0;9706921712,9706921786,0;9706921786,9778914467,0;9778914467,9706887247,0;9706887247,9706857800,0;9706857800,9706857774,0;9706857774,9706857801,0;9706857801,9706857775,0;9706857775,9706857832,0;9706857832,9706857843,0;9706857843,7161807983,0;7161807983,7161812592,0;7161812592,499478563,0;499478563,499478564,0;499478564,7973114513,0;7973114513,7973099569,0;7973099569,7975273881,0;7975273881,7973099508,0;7973099508,7973099507,0;7973099507,7973114859,0;7973114859,8298792534,0;8298792534,8298792550,0;8298792550,7973114851,0;7973114851,7975286501,0;7975286501,8298792599,0;8298792599,1116501292,0;1116501292,7975286500,0;7975286500,1116501304,0;1116501304,7975286429,0;7975286429,7975286583,0;7975286583,7977056082,0;7977056082,7977056084,0;7977056084,7977050965,0;7977050965,7977056079,0;7977056079,7979256640,0;7979256640,7979256626,0;7979256626,7979256668,0;7979256668,7977056101,0;7977056101,7967831807,0;7967831807,7967774259,0;7967774259,503464976,0;503464976,7961771680,0;7961771680,1116492807,0;1116492807,7967774262,0;7967774262,503464985,0;503464985,2530277199,0;2530277199,564083084,0;564083084,5374860944,0;5374860944,5374860978,0;5374860978,5374861143,0;5374861143,9053077286,0;9053077286,13527622504,0;13527622504,13167173350,0;13167173350,13527622497,0;13527622497,564083093,0;564083093,6317320202,0;6317320202,564083165,0;564083165,13167173329,0;13167173329,6317320222,0;6317320222,6028645652,0;6028645652,2369336843,0;2369336843,2369336701,0;2369336701,12333484744,0;12333484744,2368579077,0;2368579077,2369336820,0;2369336820,2368578991,0;2368578991,8887740818,0;8887740818,9570709534,0;9570709534,2369336807,0;2369336807,2368578970,0;2368578970,6043430915,0;6043430915,4899192485,0;4899192485,564639012,0;564639012,564638925,0;564638925,504640818,0;504640818,504637096,0;504637096,2787061089,0;2787061089,2787061351,0;2787061351,2787061330,0;2787061330,11155489650,0;11155489650,2787061341,0;2787061341,2787061167,0"
simulated_extreme,15,0.4,0.0,20414920,universal,shortest,10279.902722198703,0.6421914589263749,0.8280776466145003,0.8190917470674244,0.42948322884636647,95.75880004558712,15.45480004278943,"9706921350,9706921684,0;9706921684,9706921682,0;9706921682,9713848047,0;9713848047,9713848018,0;9713848018,9713848023,0;9713848023,12984979400,0;12984979400,9713848118,0;9713848118,9713848006,0;9713848006,9713847968,0;9713847968,9706921713,0;9706921713,9706921712,0;9706921712,9706921786,0;9706921786,9778914467,0;9778914467,9706887247,0;9706887247,9706857800,0;9706857800,9706857774,0;9706857774,9706857801,0;9706857801,9706857775,0;9706857775,9706857832,0;9706857832,9706857843,0;9706857843,7161807983,0;7161807983,7161812592,0;7161812592,499478563,0;499478563,499478564,0;499478564,7973114513,0;7973114513,7973099569,0;7973099569,7975273881,0;7975273881,7973099508,0;7973099508,7973099507,0;7973099507,7973114859,0;7973114859,8298792534,0;8298792534,8298792550,0;8298792550,7973114851,0;7973114851,7975286501,0;7975286501,8298792599,0;8298792599,1116501292,0;1116501292,7975286500,0;7975286500,1116501304,0;1116501304,1116501296,0;1116501296,7977050964,0;7977050964,7977056084,0;7977056084,7977050965,0;7977050965,7977056079,0;7977056079,7979256640,0;7979256640,7979256626,0;7979256626,7979256668,0;7979256668,7977056101,0;7977056101,7967831807,0;7967831807,7967774259,0;7967774259,503464976,0;503464976,7961771680,0;7961771680,1116492807,0;1116492807,7967774262,0;7967774262,503464985,0;503464985,2530277199,0;2530277199,564083084,0;564083084,5374860944,0;5374860944,5374860978,0;5374860978,5374861143,0;5374861143,9053077286,0;9053077286,13527622504,0;13527622504,13167173350,0;13167173350,13527622497,0;13527622497,564083093,0;564083093,6317320202,0;6317320202,564083165,0;564083165,13167173329,0;13167173329,6317320222,0;6317320222,6028645652,0;6028645652,2369336843,0;2369336843,2369336701,0;2369336701,12333484744,0;12333484744,2368579077,0;2368579077,2369336820,0;2369336820,2368578991,0;2368578991,8887740818,0;8887740818,8887717116,0;8887717116,6043430915,0;6043430915,4899192485,0;4899192485,564639012,0;564639012,564638925,0;564638925,504640818,0;504640818,504637096,0;504637096,2787061089,0;2787061089,564641522,0;564641522,11155489649,0;11155489649,11155489650,0;11155489650,2787061341,0;2787061341,2787061167,0"
simulated_extreme,15,0.4,0.0,20414920,universal,trusted,10297.182344079098,0.6370087923684875,0.8280776466145003,0.8219173776639992,0.4311778653622655,96.91060002660379,16.606600023806095,"9706921350,9706921684,0;9706921684,9706921682,0;9706921682,9713848047,0;9713848047,9713848018,0;9713848018,9713848023,0;9713848023,12984979400,0;12984979400,9713848118,0;9713848118,9713848006,0;9713848006,9713847968,0;9713847968,9706921713,0;9706921713,9706921712,0;9706921712,9706921786,0;9706921786,9778914467,0;9778914467,9706887247,0;9706887247,9706857800,0;9706857800,9706857774,0;9706857774,9706857801,0;9706857801,9706857775,0;9706857775,9706857832,0;9706857832,9706857843,0;9706857843,7161807983,0;7161807983,7161812592,0;7161812592,499478563,0;499478563,499478564,0;499478564,7973114513,0;7973114513,7973099569,0;7973099569,7975273881,0;7975273881,7973099508,0;7973099508,7973099507,0;7973099507,7973114859,0;7973114859,8298792534,0;8298792534,8298792550,0;8298792550,7973114851,0;7973114851,7975286501,0;7975286501,8298792599,0;8298792599,1116501292,0;1116501292,7975286500,0;7975286500,1116501304,0;1116501304,7975286429,0;7975286429,7975286583,0;7975286583,7977056082,0;7977056082,7977056084,0;7977056084,7977050965,0;7977050965,7977056079,0;7977056079,7979256640,0;7979256640,7979256626,0;7979256626,7979256668,0;7979256668,7977056101,0;7977056101,7967831807,0;7967831807,7967774259,0;7967774259,503464976,0;503464976,7961771680,0;7961771680,1116492807,0;1116492807,7967774262,0;7967774262,503464985,0;503464985,2530277199,0;2530277199,564083084,0;564083084,5374860944,0;5374860944,5374860978,0;5374860978,5374861143,0;5374861143,9053077286,0;9053077286,13527622504,0;13527622504,13167173350,0;13167173350,13527622497,0;13527622497,564083093,0;564083093,6317320202,0;6317320202,564083165,0;564083165,13167173329,0;13167173329,6317320222,0;6317320222,6028645652,0;6028645652,2369336843,0;2369336843,2369336701,0;2369336701,12333484744,0;12333484744,2368579077,0;2368579077,2369336820,0;2369336820,2368578991,0;2368578991,8887740818,0;8887740818,9570709534,0;9570709534,2369336807,0;2369336807,2368578970,0;2368578970,6043430915,0;6043430915,4899192485,0;4899192485,564639012,0;564639012,564638925,0;564638925,504640818,0;504640818,504637096,0;504637096,2787061089,0;2787061089,2787061351,0;2787061351,2787061330,0;2787061330,11155489650,0;11155489650,2787061341,0;2787061341,2787061167,0"
simulated_extreme,15,0.4,0.1,20414930,source_specific,risk,10351.740746041833,0.6344733131293896,0.8280776466145003,0.8219173776639992,0.39178571587890565,93.7139000161551,15.68419998511672,"9706921350,9706921684,0;9706921684,9706921682,0;9706921682,9713848047,0;9713848047,9713848018,0;9713848018,9713848023,0;9713848023,12984979400,0;12984979400,9713848118,0;9713848118,9713848006,0;9713848006,9713847968,0;9713847968,9706921713,0;9706921713,9706921712,0;9706921712,9706921786,0;9706921786,9778914467,0;9778914467,9706887247,0;9706887247,9706857800,0;9706857800,9706857774,0;9706857774,9706857801,0;9706857801,9706857775,0;9706857775,9706857832,0;9706857832,9706857843,0;9706857843,7161807983,0;7161807983,7161812592,0;7161812592,499478563,0;499478563,499478564,0;499478564,7973114513,0;7973114513,7973099569,0;7973099569,7975273881,0;7975273881,7973099508,0;7973099508,7973099507,0;7973099507,7973114859,0;7973114859,8298792534,0;8298792534,8298792550,0;8298792550,7973114851,0;7973114851,7975286501,0;7975286501,8298792591,0;8298792591,7975286327,0;7975286327,4127126135,0;4127126135,7977050923,0;7977050923,7975286312,0;7975286312,8081200339,0;8081200339,3687652014,0;3687652014,3687652015,0;3687652015,8081200336,0;8081200336,7975286318,0;7975286318,7975286294,0;7975286294,7979256811,0;7979256811,13143687509,0;13143687509,7979256880,0;7979256880,7979256827,0;7979256827,8404871511,0;8404871511,7979256793,0;7979256793,7977056072,0;7977056072,7977056077,0;7977056077,7979256760,0;7979256760,8407048466,0;8407048466,2530277169,0;2530277169,13161326472,0;13161326472,7979256723,0;7979256723,7979924894,0;7979924894,7979918290,0;7979918290,7967831812,0;7967831812,279077946,0;279077946,564083084,0;564083084,5374860944,0;5374860944,5374860978,0;5374860978,5374861143,0;5374861143,9053077286,0;9053077286,13527622504,0;13527622504,13167173350,0;13167173350,13527622497,0;13527622497,564083093,0;564083093,6317320202,0;6317320202,564083165,0;564083165,13167173329,0;13167173329,6317320222,0;6317320222,6028645652,0;6028645652,2369336843,0;2369336843,2369336701,0;2369336701,12333484744,0;12333484744,2368579077,0;2368579077,2369336820,0;2369336820,2368578991,0;2368578991,8887740818,0;8887740818,9570709534,0;9570709534,2369336807,0;2369336807,2368578970,0;2368578970,6043430915,0;6043430915,4899192485,0;4899192485,564639012,0;564639012,564638925,0;564638925,504640818,0;504640818,504637096,0;504637096,2787061089,0;2787061089,2787061351,0;2787061351,2787061330,0;2787061330,11155489650,0;11155489650,2787061341,0;2787061341,2787061167,0"
simulated_extreme,15,0.4,0.1,20414930,source_specific,risk_uncertainty,10361.510411375662,0.6304806802456153,0.8280776466145003,0.8219173776639992,0.381591638638449,92.68870000960305,14.65899997856468,"9706921350,9706921684,0;9706921684,9706921682,0;9706921682,9713848047,0;9713848047,9713848018,0;9713848018,9713848023,0;9713848023,12984979400,0;12984979400,9713848118,0;9713848118,9713848006,0;9713848006,9713847968,0;9713847968,9706921713,0;9706921713,9706921712,0;9706921712,9706921786,0;9706921786,9778914467,0;9778914467,9706887247,0;9706887247,9706857800,0;9706857800,9706857774,0;9706857774,9706857801,0;9706857801,9706857775,0;9706857775,9706857832,0;9706857832,9706857843,0;9706857843,7161807983,0;7161807983,7161812592,0;7161812592,499478563,0;499478563,499478564,0;499478564,7973114513,0;7973114513,7973099569,0;7973099569,7975273881,0;7975273881,7973099508,0;7973099508,7973099507,0;7973099507,7973114859,0;7973114859,8298792534,0;8298792534,8298792550,0;8298792550,7973114851,0;7973114851,7975286501,0;7975286501,8298792599,0;8298792599,1116501292,0;1116501292,7975286500,0;7975286500,1116501304,0;1116501304,7975286429,0;7975286429,7975286583,0;7975286583,7977056082,0;7977056082,7977056084,0;7977056084,7977050965,0;7977050965,7977056079,0;7977056079,7977056078,0;7977056078,7979256736,0;7979256736,7977056077,0;7977056077,7979256760,0;7979256760,8407048466,0;8407048466,2530277169,0;2530277169,13161326472,0;13161326472,7979256723,0;7979256723,7979924894,0;7979924894,7979918290,0;7979918290,7967831812,0;7967831812,279077946,0;279077946,564083084,0;564083084,5374860944,0;5374860944,5374860978,0;5374860978,5374861143,0;5374861143,9053077286,0;9053077286,13527622504,0;13527622504,13167173350,0;13167173350,13527622497,0;13527622497,564083093,0;564083093,6317320202,0;6317320202,564083165,0;564083165,13167173329,0;13167173329,6317320222,0;6317320222,6028645652,0;6028645652,2369336843,0;2369336843,2369336701,0;2369336701,12333484744,0;12333484744,2368579077,0;2368579077,2369336820,0;2369336820,2368578991,0;2368578991,8887740818,0;8887740818,9570709534,0;9570709534,2369336807,0;2369336807,2368578970,0;2368578970,6043430915,0;6043430915,4899192485,0;4899192485,564639012,0;564639012,564638925,0;564638925,504640818,0;504640818,504637096,0;504637096,2787061089,0;2787061089,2787061351,0;2787061351,2787061330,0;2787061330,11155489650,0;11155489650,2787061341,0;2787061341,2787061167,0"
simulated_extreme,15,0.4,0.1,20414930,source_specific,shortest,10279.902722198703,0.6421914589263749,0.8280776466145003,0.8190917470674244,0.42948322884636647,92.6210000179708,14.591299986932427,"9706921350,9706921684,0;9706921684,9706921682,0;9706921682,9713848047,0;9713848047,9713848018,0;9713848018,9713848023,0;9713848023,12984979400,0;12984979400,9713848118,0;9713848118,9713848006,0;9713848006,9713847968,0;9713847968,9706921713,0;9706921713,9706921712,0;9706921712,9706921786,0;9706921786,9778914467,0;9778914467,9706887247,0;9706887247,9706857800,0;9706857800,9706857774,0;9706857774,9706857801,0;9706857801,9706857775,0;9706857775,9706857832,0;9706857832,9706857843,0;9706857843,7161807983,0;7161807983,7161812592,0;7161812592,499478563,0;499478563,499478564,0;499478564,7973114513,0;7973114513,7973099569,0;7973099569,7975273881,0;7975273881,7973099508,0;7973099508,7973099507,0;7973099507,7973114859,0;7973114859,8298792534,0;8298792534,8298792550,0;8298792550,7973114851,0;7973114851,7975286501,0;7975286501,8298792599,0;8298792599,1116501292,0;1116501292,7975286500,0;7975286500,1116501304,0;1116501304,1116501296,0;1116501296,7977050964,0;7977050964,7977056084,0;7977056084,7977050965,0;7977050965,7977056079,0;7977056079,7979256640,0;7979256640,7979256626,0;7979256626,7979256668,0;7979256668,7977056101,0;7977056101,7967831807,0;7967831807,7967774259,0;7967774259,503464976,0;503464976,7961771680,0;7961771680,1116492807,0;1116492807,7967774262,0;7967774262,503464985,0;503464985,2530277199,0;2530277199,564083084,0;564083084,5374860944,0;5374860944,5374860978,0;5374860978,5374861143,0;5374861143,9053077286,0;9053077286,13527622504,0;13527622504,13167173350,0;13167173350,13527622497,0;13527622497,564083093,0;564083093,6317320202,0;6317320202,564083165,0;564083165,13167173329,0;13167173329,6317320222,0;6317320222,6028645652,0;6028645652,2369336843,0;2369336843,2369336701,0;2369336701,12333484744,0;12333484744,2368579077,0;2368579077,2369336820,0;2369336820,2368578991,0;2368578991,8887740818,0;8887740818,8887717116,0;8887717116,6043430915,0;6043430915,4899192485,0;4899192485,564639012,0;564639012,564638925,0;564638925,504640818,0;504640818,504637096,0;504637096,2787061089,0;2787061089,564641522,0;564641522,11155489649,0;11155489649,11155489650,0;11155489650,2787061341,0;2787061341,2787061167,0"
simulated_extreme,15,0.4,0.1,20414930,source_specific,trusted,10297.182344079098,0.6370087923684875,0.8280776466145003,0.8219173776639992,0.4311778653622655,92.8636000608094,14.83390002977103,"9706921350,9706921684,0;9706921684,9706921682,0;9706921682,9713848047,0;9713848047,9713848018,0;9713848018,9713848023,0;9713848023,12984979400,0;12984979400,9713848118,0;9713848118,9713848006,0;9713848006,9713847968,0;9713847968,9706921713,0;9706921713,9706921712,0;9706921712,9706921786,0;9706921786,9778914467,0;9778914467,9706887247,0;9706887247,9706857800,0;9706857800,9706857774,0;9706857774,9706857801,0;9706857801,9706857775,0;9706857775,9706857832,0;9706857832,9706857843,0;9706857843,7161807983,0;7161807983,7161812592,0;7161812592,499478563,0;499478563,499478564,0;499478564,7973114513,0;7973114513,7973099569,0;7973099569,7975273881,0;7975273881,7973099508,0;7973099508,7973099507,0;7973099507,7973114859,0;7973114859,8298792534,0;8298792534,8298792550,0;8298792550,7973114851,0;7973114851,7975286501,0;7975286501,8298792599,0;8298792599,1116501292,0;1116501292,7975286500,0;7975286500,1116501304,0;1116501304,7975286429,0;7975286429,7975286583,0;7975286583,7977056082,0;7977056082,7977056084,0;7977056084,7977050965,0;7977050965,7977056079,0;7977056079,7979256640,0;7979256640,7979256626,0;7979256626,7979256668,0;7979256668,7977056101,0;7977056101,7967831807,0;7967831807,7967774259,0;7967774259,503464976,0;503464976,7961771680,0;7961771680,1116492807,0;1116492807,7967774262,0;7967774262,503464985,0;503464985,2530277199,0;2530277199,564083084,0;564083084,5374860944,0;5374860944,5374860978,0;5374860978,5374861143,0;5374861143,9053077286,0;9053077286,13527622504,0;13527622504,13167173350,0;13167173350,13527622497,0;13527622497,564083093,0;564083093,6317320202,0;6317320202,564083165,0;564083165,13167173329,0;13167173329,6317320222,0;6317320222,6028645652,0;6028645652,2369336843,0;2369336843,2369336701,0;2369336701,12333484744,0;12333484744,2368579077,0;2368579077,2369336820,0;2369336820,2368578991,0;2368578991,8887740818,0;8887740818,9570709534,0;9570709534,2369336807,0;2369336807,2368578970,0;2368578970,6043430915,0;6043430915,4899192485,0;4899192485,564639012,0;564639012,564638925,0;564638925,504640818,0;504640818,504637096,0;504637096,2787061089,0;2787061089,2787061351,0;2787061351,2787061330,0;2787061330,11155489650,0;11155489650,2787061341,0;2787061341,2787061167,0"
simulated_extreme,15,0.4,0.1,20414930,universal,risk,10351.740746041833,0.6344733131293896,0.8280776466145003,0.8219173776639992,0.39178571587890565,91.38870006427169,14.419300016015768,"9706921350,9706921684,0;9706921684,9706921682,0;9706921682,9713848047,0;9713848047,9713848018,0;9713848018,9713848023,0;9713848023,12984979400,0;12984979400,9713848118,0;9713848118,9713848006,0;9713848006,9713847968,0;9713847968,9706921713,0;9706921713,9706921712,0;9706921712,9706921786,0;9706921786,9778914467,0;9778914467,9706887247,0;9706887247,9706857800,0;9706857800,9706857774,0;9706857774,9706857801,0;9706857801,9706857775,0;9706857775,9706857832,0;9706857832,9706857843,0;9706857843,7161807983,0;7161807983,7161812592,0;7161812592,499478563,0;499478563,499478564,0;499478564,7973114513,0;7973114513,7973099569,0;7973099569,7975273881,0;7975273881,7973099508,0;7973099508,7973099507,0;7973099507,7973114859,0;7973114859,8298792534,0;8298792534,8298792550,0;8298792550,7973114851,0;7973114851,7975286501,0;7975286501,8298792591,0;8298792591,7975286327,0;7975286327,4127126135,0;4127126135,7977050923,0;7977050923,7975286312,0;7975286312,8081200339,0;8081200339,3687652014,0;3687652014,3687652015,0;3687652015,8081200336,0;8081200336,7975286318,0;7975286318,7975286294,0;7975286294,7979256811,0;7979256811,13143687509,0;13143687509,7979256880,0;7979256880,7979256827,0;7979256827,8404871511,0;8404871511,7979256793,0;7979256793,7977056072,0;7977056072,7977056077,0;7977056077,7979256760,0;7979256760,8407048466,0;8407048466,2530277169,0;2530277169,13161326472,0;13161326472,7979256723,0;7979256723,7979924894,0;7979924894,7979918290,0;7979918290,7967831812,0;7967831812,279077946,0;279077946,564083084,0;564083084,5374860944,0;5374860944,5374860978,0;5374860978,5374861143,0;5374861143,9053077286,0;9053077286,13527622504,0;13527622504,13167173350,0;13167173350,13527622497,0;13527622497,564083093,0;564083093,6317320202,0;6317320202,564083165,0;564083165,13167173329,0;13167173329,6317320222,0;6317320222,6028645652,0;6028645652,2369336843,0;2369336843,2369336701,0;2369336701,12333484744,0;12333484744,2368579077,0;2368579077,2369336820,0;2369336820,2368578991,0;2368578991,8887740818,0;8887740818,9570709534,0;9570709534,2369336807,0;2369336807,2368578970,0;2368578970,6043430915,0;6043430915,4899192485,0;4899192485,564639012,0;564639012,564638925,0;564638925,504640818,0;504640818,504637096,0;504637096,2787061089,0;2787061089,2787061351,0;2787061351,2787061330,0;2787061330,11155489650,0;11155489650,2787061341,0;2787061341,2787061167,0"
simulated_extreme,15,0.4,0.1,20414930,universal,risk_uncertainty,10361.510411375662,0.6304806802456153,0.8280776466145003,0.8219173776639992,0.381591638638449,91.37350000673905,14.40409995848313,"9706921350,9706921684,0;9706921684,9706921682,0;9706921682,9713848047,0;9713848047,9713848018,0;9713848018,9713848023,0;9713848023,12984979400,0;12984979400,9713848118,0;9713848118,9713848006,0;9713848006,9713847968,0;9713847968,9706921713,0;9706921713,9706921712,0;9706921712,9706921786,0;9706921786,9778914467,0;9778914467,9706887247,0;9706887247,9706857800,0;9706857800,9706857774,0;9706857774,9706857801,0;9706857801,9706857775,0;9706857775,9706857832,0;9706857832,9706857843,0;9706857843,7161807983,0;7161807983,7161812592,0;7161812592,499478563,0;499478563,499478564,0;499478564,7973114513,0;7973114513,7973099569,0;7973099569,7975273881,0;7975273881,7973099508,0;7973099508,7973099507,0;7973099507,7973114859,0;7973114859,8298792534,0;8298792534,8298792550,0;8298792550,7973114851,0;7973114851,7975286501,0;7975286501,8298792599,0;8298792599,1116501292,0;1116501292,7975286500,0;7975286500,1116501304,0;1116501304,7975286429,0;7975286429,7975286583,0;7975286583,7977056082,0;7977056082,7977056084,0;7977056084,7977050965,0;7977050965,7977056079,0;7977056079,7977056078,0;7977056078,7979256736,0;7979256736,7977056077,0;7977056077,7979256760,0;7979256760,8407048466,0;8407048466,2530277169,0;2530277169,13161326472,0;13161326472,7979256723,0;7979256723,7979924894,0;7979924894,7979918290,0;7979918290,7967831812,0;7967831812,279077946,0;279077946,564083084,0;564083084,5374860944,0;5374860944,5374860978,0;5374860978,5374861143,0;5374861143,9053077286,0;9053077286,13527622504,0;13527622504,13167173350,0;13167173350,13527622497,0;13527622497,564083093,0;564083093,6317320202,0;6317320202,564083165,0;564083165,13167173329,0;13167173329,6317320222,0;6317320222,6028645652,0;6028645652,2369336843,0;2369336843,2369336701,0;2369336701,12333484744,0;12333484744,2368579077,0;2368579077,2369336820,0;2369336820,2368578991,0;2368578991,8887740818,0;8887740818,9570709534,0;9570709534,2369336807,0;2369336807,2368578970,0;2368578970,6043430915,0;6043430915,4899192485,0;4899192485,564639012,0;564639012,564638925,0;564638925,504640818,0;504640818,504637096,0;504637096,2787061089,0;2787061089,2787061351,0;2787061351,2787061330,0;2787061330,11155489650,0;11155489650,2787061341,0;2787061341,2787061167,0"
simulated_extreme,15,0.4,0.1,20414930,universal,shortest,10279.902722198703,0.6421914589263749,0.8280776466145003,0.8190917470674244,0.42948322884636647,90.96710005542263,13.997700007166713,"9706921350,9706921684,0;9706921684,9706921682,0;9706921682,9713848047,0;9713848047,9713848018,0;9713848018,9713848023,0;9713848023,12984979400,0;12984979400,9713848118,0;9713848118,9713848006,0;9713848006,9713847968,0;9713847968,9706921713,0;9706921713,9706921712,0;9706921712,9706921786,0;9706921786,9778914467,0;9778914467,9706887247,0;9706887247,9706857800,0;9706857800,9706857774,0;9706857774,9706857801,0;9706857801,9706857775,0;9706857775,9706857832,0;9706857832,9706857843,0;9706857843,7161807983,0;7161807983,7161812592,0;7161812592,499478563,0;499478563,499478564,0;499478564,7973114513,0;7973114513,7973099569,0;7973099569,7975273881,0;7975273881,7973099508,0;7973099508,7973099507,0;7973099507,7973114859,0;7973114859,8298792534,0;8298792534,8298792550,0;8298792550,7973114851,0;7973114851,7975286501,0;7975286501,8298792599,0;8298792599,1116501292,0;1116501292,7975286500,0;7975286500,1116501304,0;1116501304,1116501296,0;1116501296,7977050964,0;7977050964,7977056084,0;7977056084,7977050965,0;7977050965,7977056079,0;7977056079,7979256640,0;7979256640,7979256626,0;7979256626,7979256668,0;7979256668,7977056101,0;7977056101,7967831807,0;7967831807,7967774259,0;7967774259,503464976,0;503464976,7961771680,0;7961771680,1116492807,0;1116492807,7967774262,0;7967774262,503464985,0;503464985,2530277199,0;2530277199,564083084,0;564083084,5374860944,0;5374860944,5374860978,0;5374860978,5374861143,0;5374861143,9053077286,0;9053077286,13527622504,0;13527622504,13167173350,0;13167173350,13527622497,0;13527622497,564083093,0;564083093,6317320202,0;6317320202,564083165,0;564083165,13167173329,0;13167173329,6317320222,0;6317320222,6028645652,0;6028645652,2369336843,0;2369336843,2369336701,0;2369336701,12333484744,0;12333484744,2368579077,0;2368579077,2369336820,0;2369336820,2368578991,0;2368578991,8887740818,0;8887740818,8887717116,0;8887717116,6043430915,0;6043430915,4899192485,0;4899192485,564639012,0;564639012,564638925,0;564638925,504640818,0;504640818,504637096,0;504637096,2787061089,0;2787061089,564641522,0;564641522,11155489649,0;11155489649,11155489650,0;11155489650,2787061341,0;2787061341,2787061167,0"
simulated_extreme,15,0.4,0.1,20414930,universal,trusted,10297.182344079098,0.6370087923684875,0.8280776466145003,0.8219173776639992,0.4311778653622655,93.81780005060136,16.848400002345443,"9706921350,9706921684,0;9706921684,9706921682,0;9706921682,9713848047,0;9713848047,9713848018,0;9713848018,9713848023,0;9713848023,12984979400,0;12984979400,9713848118,0;9713848118,9713848006,0;9713848006,9713847968,0;9713847968,9706921713,0;9706921713,9706921712,0;9706921712,9706921786,0;9706921786,9778914467,0;9778914467,9706887247,0;9706887247,9706857800,0;9706857800,9706857774,0;9706857774,9706857801,0;9706857801,9706857775,0;9706857775,9706857832,0;9706857832,9706857843,0;9706857843,7161807983,0;7161807983,7161812592,0;7161812592,499478563,0;499478563,499478564,0;499478564,7973114513,0;7973114513,7973099569,0;7973099569,7975273881,0;7975273881,7973099508,0;7973099508,7973099507,0;7973099507,7973114859,0;7973114859,8298792534,0;8298792534,8298792550,0;8298792550,7973114851,0;7973114851,7975286501,0;7975286501,8298792599,0;8298792599,1116501292,0;1116501292,7975286500,0;7975286500,1116501304,0;1116501304,7975286429,0;7975286429,7975286583,0;7975286583,7977056082,0;7977056082,7977056084,0;7977056084,7977050965,0;7977050965,7977056079,0;7977056079,7979256640,0;7979256640,7979256626,0;7979256626,7979256668,0;7979256668,7977056101,0;7977056101,7967831807,0;7967831807,7967774259,0;7967774259,503464976,0;503464976,7961771680,0;7961771680,1116492807,0;1116492807,7967774262,0;7967774262,503464985,0;503464985,2530277199,0;2530277199,564083084,0;564083084,5374860944,0;5374860944,5374860978,0;5374860978,5374861143,0;5374861143,9053077286,0;9053077286,13527622504,0;13527622504,13167173350,0;13167173350,13527622497,0;13527622497,564083093,0;564083093,6317320202,0;6317320202,564083165,0;564083165,13167173329,0;13167173329,6317320222,0;6317320222,6028645652,0;6028645652,2369336843,0;2369336843,2369336701,0;2369336701,12333484744,0;12333484744,2368579077,0;2368579077,2369336820,0;2369336820,2368578991,0;2368578991,8887740818,0;8887740818,9570709534,0;9570709534,2369336807,0;2369336807,2368578970,0;2368578970,6043430915,0;6043430915,4899192485,0;4899192485,564639012,0;564639012,564638925,0;564638925,504640818,0;504640818,504637096,0;504637096,2787061089,0;2787061089,2787061351,0;2787061351,2787061330,0;2787061330,11155489650,0;11155489650,2787061341,0;2787061341,2787061167,0"
simulated_extreme,15,0.4,0.2,20414940,source_specific,risk,10351.740746041833,0.6344733131293896,0.8280776466145003,0.8219173776639992,0.39178571587890565,99.6828000061214,14.843599987216294,"9706921350,9706921684,0;9706921684,9706921682,0;9706921682,9713848047,0;9713848047,9713848018,0;9713848018,9713848023,0;9713848023,12984979400,0;12984979400,9713848118,0;9713848118,9713848006,0;9713848006,9713847968,0;9713847968,9706921713,0;9706921713,9706921712,0;9706921712,9706921786,0;9706921786,9778914467,0;9778914467,9706887247,0;9706887247,9706857800,0;9706857800,9706857774,0;9706857774,9706857801,0;9706857801,9706857775,0;9706857775,9706857832,0;9706857832,9706857843,0;9706857843,7161807983,0;7161807983,7161812592,0;7161812592,499478563,0;499478563,499478564,0;499478564,7973114513,0;7973114513,7973099569,0;7973099569,7975273881,0;7975273881,7973099508,0;7973099508,7973099507,0;7973099507,7973114859,0;7973114859,8298792534,0;8298792534,8298792550,0;8298792550,7973114851,0;7973114851,7975286501,0;7975286501,8298792591,0;8298792591,7975286327,0;7975286327,4127126135,0;4127126135,7977050923,0;7977050923,7975286312,0;7975286312,8081200339,0;8081200339,3687652014,0;3687652014,3687652015,0;3687652015,8081200336,0;8081200336,7975286318,0;7975286318,7975286294,0;7975286294,7979256811,0;7979256811,13143687509,0;13143687509,7979256880,0;7979256880,7979256827,0;7979256827,8404871511,0;8404871511,7979256793,0;7979256793,7977056072,0;7977056072,7977056077,0;7977056077,7979256760,0;7979256760,8407048466,0;8407048466,2530277169,0;2530277169,13161326472,0;13161326472,7979256723,0;7979256723,7979924894,0;7979924894,7979918290,0;7979918290,7967831812,0;7967831812,279077946,0;279077946,564083084,0;564083084,5374860944,0;5374860944,5374860978,0;5374860978,5374861143,0;5374861143,9053077286,0;9053077286,13527622504,0;13527622504,13167173350,0;13167173350,13527622497,0;13527622497,564083093,0;564083093,6317320202,0;6317320202,564083165,0;564083165,13167173329,0;13167173329,6317320222,0;6317320222,6028645652,0;6028645652,2369336843,0;2369336843,2369336701,0;2369336701,12333484744,0;12333484744,2368579077,0;2368579077,2369336820,0;2369336820,2368578991,0;2368578991,8887740818,0;8887740818,9570709534,0;9570709534,2369336807,0;2369336807,2368578970,0;2368578970,6043430915,0;6043430915,4899192485,0;4899192485,564639012,0;564639012,564638925,0;564638925,504640818,0;504640818,504637096,0;504637096,2787061089,0;2787061089,2787061351,0;2787061351,2787061330,0;2787061330,11155489650,0;11155489650,2787061341,0;2787061341,2787061167,0"
simulated_extreme,15,0.4,0.2,20414940,source_specific,risk_uncertainty,10351.740746041833,0.6344733131293896,0.8280776466145003,0.8219173776639992,0.39178571587890565,98.71439996641129,13.87519994750619,"9706921350,9706921684,0;9706921684,9706921682,0;9706921682,9713848047,0;9713848047,9713848018,0;9713848018,9713848023,0;9713848023,12984979400,0;12984979400,9713848118,0;9713848118,9713848006,0;9713848006,9713847968,0;9713847968,9706921713,0;9706921713,9706921712,0;9706921712,9706921786,0;9706921786,9778914467,0;9778914467,9706887247,0;9706887247,9706857800,0;9706857800,9706857774,0;9706857774,9706857801,0;9706857801,9706857775,0;9706857775,9706857832,0;9706857832,9706857843,0;9706857843,7161807983,0;7161807983,7161812592,0;7161812592,499478563,0;499478563,499478564,0;499478564,7973114513,0;7973114513,7973099569,0;7973099569,7975273881,0;7975273881,7973099508,0;7973099508,7973099507,0;7973099507,7973114859,0;7973114859,8298792534,0;8298792534,8298792550,0;8298792550,7973114851,0;7973114851,7975286501,0;7975286501,8298792591,0;8298792591,7975286327,0;7975286327,4127126135,0;4127126135,7977050923,0;7977050923,7975286312,0;7975286312,8081200339,0;8081200339,3687652014,0;3687652014,3687652015,0;3687652015,8081200336,0;8081200336,7975286318,0;7975286318,7975286294,0;7975286294,7979256811,0;7979256811,13143687509,0;13143687509,7979256880,0;7979256880,7979256827,0;7979256827,8404871511,0;8404871511,7979256793,0;7979256793,7977056072,0;7977056072,7977056077,0;7977056077,7979256760,0;7979256760,8407048466,0;8407048466,2530277169,0;2530277169,13161326472,0;13161326472,7979256723,0;7979256723,7979924894,0;7979924894,7979918290,0;7979918290,7967831812,0;7967831812,279077946,0;279077946,564083084,0;564083084,5374860944,0;5374860944,5374860978,0;5374860978,5374861143,0;5374861143,9053077286,0;9053077286,13527622504,0;13527622504,13167173350,0;13167173350,13527622497,0;13527622497,564083093,0;564083093,6317320202,0;6317320202,564083165,0;564083165,13167173329,0;13167173329,6317320222,0;6317320222,6028645652,0;6028645652,2369336843,0;2369336843,2369336701,0;2369336701,12333484744,0;12333484744,2368579077,0;2368579077,2369336820,0;2369336820,2368578991,0;2368578991,8887740818,0;8887740818,9570709534,0;9570709534,2369336807,0;2369336807,2368578970,0;2368578970,6043430915,0;6043430915,4899192485,0;4899192485,564639012,0;564639012,564638925,0;564638925,504640818,0;504640818,504637096,0;504637096,2787061089,0;2787061089,2787061351,0;2787061351,2787061330,0;2787061330,11155489650,0;11155489650,2787061341,0;2787061341,2787061167,0"
simulated_extreme,15,0.4,0.2,20414940,source_specific,shortest,10279.902722198703,0.6421914589263749,0.8280776466145003,0.8190917470674244,0.42948322884636647,101.51519998908043,16.675999970175326,"9706921350,9706921684,0;9706921684,9706921682,0;9706921682,9713848047,0;9713848047,9713848018,0;9713848018,9713848023,0;9713848023,12984979400,0;12984979400,9713848118,0;9713848118,9713848006,0;9713848006,9713847968,0;9713847968,9706921713,0;9706921713,9706921712,0;9706921712,9706921786,0;9706921786,9778914467,0;9778914467,9706887247,0;9706887247,9706857800,0;9706857800,9706857774,0;9706857774,9706857801,0;9706857801,9706857775,0;9706857775,9706857832,0;9706857832,9706857843,0;9706857843,7161807983,0;7161807983,7161812592,0;7161812592,499478563,0;499478563,499478564,0;499478564,7973114513,0;7973114513,7973099569,0;7973099569,7975273881,0;7975273881,7973099508,0;7973099508,7973099507,0;7973099507,7973114859,0;7973114859,8298792534,0;8298792534,8298792550,0;8298792550,7973114851,0;7973114851,7975286501,0;7975286501,8298792599,0;8298792599,1116501292,0;1116501292,7975286500,0;7975286500,1116501304,0;1116501304,1116501296,0;1116501296,7977050964,0;7977050964,7977056084,0;7977056084,7977050965,0;7977050965,7977056079,0;7977056079,7979256640,0;7979256640,7979256626,0;7979256626,7979256668,0;7979256668,7977056101,0;7977056101,7967831807,0;7967831807,7967774259,0;7967774259,503464976,0;503464976,7961771680,0;7961771680,1116492807,0;1116492807,7967774262,0;7967774262,503464985,0;503464985,2530277199,0;2530277199,564083084,0;564083084,5374860944,0;5374860944,5374860978,0;5374860978,5374861143,0;5374861143,9053077286,0;9053077286,13527622504,0;13527622504,13167173350,0;13167173350,13527622497,0;13527622497,564083093,0;564083093,6317320202,0;6317320202,564083165,0;564083165,13167173329,0;13167173329,6317320222,0;6317320222,6028645652,0;6028645652,2369336843,0;2369336843,2369336701,0;2369336701,12333484744,0;12333484744,2368579077,0;2368579077,2369336820,0;2369336820,2368578991,0;2368578991,8887740818,0;8887740818,8887717116,0;8887717116,6043430915,0;6043430915,4899192485,0;4899192485,564639012,0;564639012,564638925,0;564638925,504640818,0;504640818,504637096,0;504637096,2787061089,0;2787061089,564641522,0;564641522,11155489649,0;11155489649,11155489650,0;11155489650,2787061341,0;2787061341,2787061167,0"
simulated_extreme,15,0.4,0.2,20414940,source_specific,trusted,10290.245507968057,0.6395055741053259,0.8280776466145003,0.8190917470674244,0.430794412322077,99.08820001874119,14.248999999836087,"9706921350,9706921684,0;9706921684,9706921682,0;9706921682,9713848047,0;9713848047,9713848018,0;9713848018,9713848023,0;9713848023,12984979400,0;12984979400,9713848118,0;9713848118,9713848006,0;9713848006,9713847968,0;9713847968,9706921713,0;9706921713,9706921712,0;9706921712,9706921786,0;9706921786,9778914467,0;9778914467,9706887247,0;9706887247,9706857800,0;9706857800,9706857774,0;9706857774,9706857801,0;9706857801,9706857775,0;9706857775,9706857832,0;9706857832,9706857843,0;9706857843,7161807983,0;7161807983,7161812592,0;7161812592,499478563,0;499478563,499478564,0;499478564,7973114513,0;7973114513,7973099569,0;7973099569,7975273881,0;7975273881,7973099508,0;7973099508,7973099507,0;7973099507,7973114859,0;7973114859,8298792534,0;8298792534,8298792550,0;8298792550,7973114851,0;7973114851,7975286501,0;7975286501,8298792599,0;8298792599,1116501292,0;1116501292,7975286500,0;7975286500,1116501304,0;1116501304,7975286429,0;7975286429,7975286583,0;7975286583,7977056082,0;7977056082,7977056084,0;7977056084,7977050965,0;7977050965,7977056079,0;7977056079,7979256640,0;7979256640,7979256626,0;7979256626,7979256668,0;7979256668,7977056101,0;7977056101,7967831807,0;7967831807,7967774259,0;7967774259,503464976,0;503464976,7961771680,0;7961771680,1116492807,0;1116492807,7967774262,0;7967774262,503464985,0;503464985,2530277199,0;2530277199,564083084,0;564083084,5374860944,0;5374860944,5374860978,0;5374860978,5374861143,0;5374861143,9053077286,0;9053077286,13527622504,0;13527622504,13167173350,0;13167173350,13527622497,0;13527622497,564083093,0;564083093,6317320202,0;6317320202,564083165,0;564083165,13167173329,0;13167173329,6317320222,0;6317320222,6028645652,0;6028645652,2369336843,0;2369336843,2369336701,0;2369336701,12333484744,0;12333484744,2368579077,0;2368579077,2369336820,0;2369336820,2368578991,0;2368578991,8887740818,0;8887740818,9570709534,0;9570709534,2369336807,0;2369336807,2368578970,0;2368578970,6043430915,0;6043430915,4899192485,0;4899192485,564639012,0;564639012,564638925,0;564638925,504640818,0;504640818,504637096,0;504637096,2787061089,0;2787061089,564641522,0;564641522,11155489649,0;11155489649,11155489650,0;11155489650,2787061341,0;2787061341,2787061167,0"
simulated_extreme,15,0.4,0.2,20414940,universal,risk,10351.740746041833,0.6344733131293896,0.8280776466145003,0.8219173776639992,0.39178571587890565,96.83529997710139,15.589999966323376,"9706921350,9706921684,0;9706921684,9706921682,0;9706921682,9713848047,0;9713848047,9713848018,0;9713848018,9713848023,0;9713848023,12984979400,0;12984979400,9713848118,0;9713848118,9713848006,0;9713848006,9713847968,0;9713847968,9706921713,0;9706921713,9706921712,0;9706921712,9706921786,0;9706921786,9778914467,0;9778914467,9706887247,0;9706887247,9706857800,0;9706857800,9706857774,0;9706857774,9706857801,0;9706857801,9706857775,0;9706857775,9706857832,0;9706857832,9706857843,0;9706857843,7161807983,0;7161807983,7161812592,0;7161812592,499478563,0;499478563,499478564,0;499478564,7973114513,0;7973114513,7973099569,0;7973099569,7975273881,0;7975273881,7973099508,0;7973099508,7973099507,0;7973099507,7973114859,0;7973114859,8298792534,0;8298792534,8298792550,0;8298792550,7973114851,0;7973114851,7975286501,0;7975286501,8298792591,0;8298792591,7975286327,0;7975286327,4127126135,0;4127126135,7977050923,0;7977050923,7975286312,0;7975286312,8081200339,0;8081200339,3687652014,0;3687652014,3687652015,0;3687652015,8081200336,0;8081200336,7975286318,0;7975286318,7975286294,0;7975286294,7979256811,0;7979256811,13143687509,0;13143687509,7979256880,0;7979256880,7979256827,0;7979256827,8404871511,0;8404871511,7979256793,0;7979256793,7977056072,0;7977056072,7977056077,0;7977056077,7979256760,0;7979256760,8407048466,0;8407048466,2530277169,0;2530277169,13161326472,0;13161326472,7979256723,0;7979256723,7979924894,0;7979924894,7979918290,0;7979918290,7967831812,0;7967831812,279077946,0;279077946,564083084,0;564083084,5374860944,0;5374860944,5374860978,0;5374860978,5374861143,0;5374861143,9053077286,0;9053077286,13527622504,0;13527622504,13167173350,0;13167173350,13527622497,0;13527622497,564083093,0;564083093,6317320202,0;6317320202,564083165,0;564083165,13167173329,0;13167173329,6317320222,0;6317320222,6028645652,0;6028645652,2369336843,0;2369336843,2369336701,0;2369336701,12333484744,0;12333484744,2368579077,0;2368579077,2369336820,0;2369336820,2368578991,0;2368578991,8887740818,0;8887740818,9570709534,0;9570709534,2369336807,0;2369336807,2368578970,0;2368578970,6043430915,0;6043430915,4899192485,0;4899192485,564639012,0;564639012,564638925,0;564638925,504640818,0;504640818,504637096,0;504637096,2787061089,0;2787061089,2787061351,0;2787061351,2787061330,0;2787061330,11155489650,0;11155489650,2787061341,0;2787061341,2787061167,0"
simulated_extreme,15,0.4,0.2,20414940,universal,risk_uncertainty,10351.740746041833,0.6344733131293896,0.8280776466145003,0.8219173776639992,0.39178571587890565,97.5123000680469,16.267000057268888,"9706921350,9706921684,0;9706921684,9706921682,0;9706921682,9713848047,0;9713848047,9713848018,0;9713848018,9713848023,0;9713848023,12984979400,0;12984979400,9713848118,0;9713848118,9713848006,0;9713848006,9713847968,0;9713847968,9706921713,0;9706921713,9706921712,0;9706921712,9706921786,0;9706921786,9778914467,0;9778914467,9706887247,0;9706887247,9706857800,0;9706857800,9706857774,0;9706857774,9706857801,0;9706857801,9706857775,0;9706857775,9706857832,0;9706857832,9706857843,0;9706857843,7161807983,0;7161807983,7161812592,0;7161812592,499478563,0;499478563,499478564,0;499478564,7973114513,0;7973114513,7973099569,0;7973099569,7975273881,0;7975273881,7973099508,0;7973099508,7973099507,0;7973099507,7973114859,0;7973114859,8298792534,0;8298792534,8298792550,0;8298792550,7973114851,0;7973114851,7975286501,0;7975286501,8298792591,0;8298792591,7975286327,0;7975286327,4127126135,0;4127126135,7977050923,0;7977050923,7975286312,0;7975286312,8081200339,0;8081200339,3687652014,0;3687652014,3687652015,0;3687652015,8081200336,0;8081200336,7975286318,0;7975286318,7975286294,0;7975286294,7979256811,0;7979256811,13143687509,0;13143687509,7979256880,0;7979256880,7979256827,0;7979256827,8404871511,0;8404871511,7979256793,0;7979256793,7977056072,0;7977056072,7977056077,0;7977056077,7979256760,0;7979256760,8407048466,0;8407048466,2530277169,0;2530277169,13161326472,0;13161326472,7979256723,0;7979256723,7979924894,0;7979924894,7979918290,0;7979918290,7967831812,0;7967831812,279077946,0;279077946,564083084,0;564083084,5374860944,0;5374860944,5374860978,0;5374860978,5374861143,0;5374861143,9053077286,0;9053077286,13527622504,0;13527622504,13167173350,0;13167173350,13527622497,0;13527622497,564083093,0;564083093,6317320202,0;6317320202,564083165,0;564083165,13167173329,0;13167173329,6317320222,0;6317320222,6028645652,0;6028645652,2369336843,0;2369336843,2369336701,0;2369336701,12333484744,0;12333484744,2368579077,0;2368579077,2369336820,0;2369336820,2368578991,0;2368578991,8887740818,0;8887740818,9570709534,0;9570709534,2369336807,0;2369336807,2368578970,0;2368578970,6043430915,0;6043430915,4899192485,0;4899192485,564639012,0;564639012,564638925,0;564638925,504640818,0;504640818,504637096,0;504637096,2787061089,0;2787061089,2787061351,0;2787061351,2787061330,0;2787061330,11155489650,0;11155489650,2787061341,0;2787061341,2787061167,0"
simulated_extreme,15,0.4,0.2,20414940,universal,shortest,10279.902722198703,0.6421914589263749,0.8280776466145003,0.8190917470674244,0.42948322884636647,96.7792000155896,15.533900004811585,"9706921350,9706921684,0;9706921684,9706921682,0;9706921682,9713848047,0;9713848047,9713848018,0;9713848018,9713848023,0;9713848023,12984979400,0;12984979400,9713848118,0;9713848118,9713848006,0;9713848006,9713847968,0;9713847968,9706921713,0;9706921713,9706921712,0;9706921712,9706921786,0;9706921786,9778914467,0;9778914467,9706887247,0;9706887247,9706857800,0;9706857800,9706857774,0;9706857774,9706857801,0;9706857801,9706857775,0;9706857775,9706857832,0;9706857832,9706857843,0;9706857843,7161807983,0;7161807983,7161812592,0;7161812592,499478563,0;499478563,499478564,0;499478564,7973114513,0;7973114513,7973099569,0;7973099569,7975273881,0;7975273881,7973099508,0;7973099508,7973099507,0;7973099507,7973114859,0;7973114859,8298792534,0;8298792534,8298792550,0;8298792550,7973114851,0;7973114851,7975286501,0;7975286501,8298792599,0;8298792599,1116501292,0;1116501292,7975286500,0;7975286500,1116501304,0;1116501304,1116501296,0;1116501296,7977050964,0;7977050964,7977056084,0;7977056084,7977050965,0;7977050965,7977056079,0;7977056079,7979256640,0;7979256640,7979256626,0;7979256626,7979256668,0;7979256668,7977056101,0;7977056101,7967831807,0;7967831807,7967774259,0;7967774259,503464976,0;503464976,7961771680,0;7961771680,1116492807,0;1116492807,7967774262,0;7967774262,503464985,0;503464985,2530277199,0;2530277199,564083084,0;564083084,5374860944,0;5374860944,5374860978,0;5374860978,5374861143,0;5374861143,9053077286,0;9053077286,13527622504,0;13527622504,13167173350,0;13167173350,13527622497,0;13527622497,564083093,0;564083093,6317320202,0;6317320202,564083165,0;564083165,13167173329,0;13167173329,6317320222,0;6317320222,6028645652,0;6028645652,2369336843,0;2369336843,2369336701,0;2369336701,12333484744,0;12333484744,2368579077,0;2368579077,2369336820,0;2369336820,2368578991,0;2368578991,8887740818,0;8887740818,8887717116,0;8887717116,6043430915,0;6043430915,4899192485,0;4899192485,564639012,0;564639012,564638925,0;564638925,504640818,0;504640818,504637096,0;504637096,2787061089,0;2787061089,564641522,0;564641522,11155489649,0;11155489649,11155489650,0;11155489650,2787061341,0;2787061341,2787061167,0"
simulated_extreme,15,0.4,0.2,20414940,universal,trusted,10290.245507968057,0.6395055741053259,0.8280776466145003,0.8190917470674244,0.430794412322077,94.87170004285872,13.62640003208071,"9706921350,9706921684,0;9706921684,9706921682,0;9706921682,9713848047,0;9713848047,9713848018,0;9713848018,9713848023,0;9713848023,12984979400,0;12984979400,9713848118,0;9713848118,9713848006,0;9713848006,9713847968,0;9713847968,9706921713,0;9706921713,9706921712,0;9706921712,9706921786,0;9706921786,9778914467,0;9778914467,9706887247,0;9706887247,9706857800,0;9706857800,9706857774,0;9706857774,9706857801,0;9706857801,9706857775,0;9706857775,9706857832,0;9706857832,9706857843,0;9706857843,7161807983,0;7161807983,7161812592,0;7161812592,499478563,0;499478563,499478564,0;499478564,7973114513,0;7973114513,7973099569,0;7973099569,7975273881,0;7975273881,7973099508,0;7973099508,7973099507,0;7973099507,7973114859,0;7973114859,8298792534,0;8298792534,8298792550,0;8298792550,7973114851,0;7973114851,7975286501,0;7975286501,8298792599,0;8298792599,1116501292,0;1116501292,7975286500,0;7975286500,1116501304,0;1116501304,7975286429,0;7975286429,7975286583,0;7975286583,7977056082,0;7977056082,7977056084,0;7977056084,7977050965,0;7977050965,7977056079,0;7977056079,7979256640,0;7979256640,7979256626,0;7979256626,7979256668,0;7979256668,7977056101,0;7977056101,7967831807,0;7967831807,7967774259,0;7967774259,503464976,0;503464976,7961771680,0;7961771680,1116492807,0;1116492807,7967774262,0;7967774262,503464985,0;503464985,2530277199,0;2530277199,564083084,0;564083084,5374860944,0;5374860944,5374860978,0;5374860978,5374861143,0;5374861143,9053077286,0;9053077286,13527622504,0;13527622504,13167173350,0;13167173350,13527622497,0;13527622497,564083093,0;564083093,6317320202,0;6317320202,564083165,0;564083165,13167173329,0;13167173329,6317320222,0;6317320222,6028645652,0;6028645652,2369336843,0;2369336843,2369336701,0;2369336701,12333484744,0;12333484744,2368579077,0;2368579077,2369336820,0;2369336820,2368578991,0;2368578991,8887740818,0;8887740818,9570709534,0;9570709534,2369336807,0;2369336807,2368578970,0;2368578970,6043430915,0;6043430915,4899192485,0;4899192485,564639012,0;564639012,564638925,0;564638925,504640818,0;504640818,504637096,0;504637096,2787061089,0;2787061089,564641522,0;564641522,11155489649,0;11155489649,11155489650,0;11155489650,2787061341,0;2787061341,2787061167,0"
simulated_extreme,30,0.0,0.0,20560920,source_specific,risk,10297.182344079098,0.6370087923684875,0.8280776466145003,0.8219173776639992,0.4311778653622655,96.5379000408575,14.497300027869642,"9706921350,9706921684,0;9706921684,9706921682,0;9706921682,9713848047,0;9713848047,9713848018,0;9713848018,9713848023,0;9713848023,12984979400,0;12984979400,9713848118,0;9713848118,9713848006,0;9713848006,9713847968,0;9713847968,9706921713,0;9706921713,9706921712,0;9706921712,9706921786,0;9706921786,9778914467,0;9778914467,9706887247,0;9706887247,9706857800,0;9706857800,9706857774,0;9706857774,9706857801,0;9706857801,9706857775,0;9706857775,9706857832,0;9706857832,9706857843,0;9706857843,7161807983,0;7161807983,7161812592,0;7161812592,499478563,0;499478563,499478564,0;499478564,7973114513,0;7973114513,7973099569,0;7973099569,7975273881,0;7975273881,7973099508,0;7973099508,7973099507,0;7973099507,7973114859,0;7973114859,8298792534,0;8298792534,8298792550,0;8298792550,7973114851,0;7973114851,7975286501,0;7975286501,8298792599,0;8298792599,1116501292,0;1116501292,7975286500,0;7975286500,1116501304,0;1116501304,7975286429,0;7975286429,7975286583,0;7975286583,7977056082,0;7977056082,7977056084,0;7977056084,7977050965,0;7977050965,7977056079,0;7977056079,7979256640,0;7979256640,7979256626,0;7979256626,7979256668,0;7979256668,7977056101,0;7977056101,7967831807,0;7967831807,7967774259,0;7967774259,503464976,0;503464976,7961771680,0;7961771680,1116492807,0;1116492807,7967774262,0;7967774262,503464985,0;503464985,2530277199,0;2530277199,564083084,0;564083084,5374860944,0;5374860944,5374860978,0;5374860978,5374861143,0;5374861143,9053077286,0;9053077286,13527622504,0;13527622504,13167173350,0;13167173350,13527622497,0;13527622497,564083093,0;564083093,6317320202,0;6317320202,564083165,0;564083165,13167173329,0;13167173329,6317320222,0;6317320222,6028645652,0;6028645652,2369336843,0;2369336843,2369336701,0;2369336701,12333484744,0;12333484744,2368579077,0;2368579077,2369336820,0;2369336820,2368578991,0;2368578991,8887740818,0;8887740818,9570709534,0;9570709534,2369336807,0;2369336807,2368578970,0;2368578970,6043430915,0;6043430915,4899192485,0;4899192485,564639012,0;564639012,564638925,0;564638925,504640818,0;504640818,504637096,0;504637096,2787061089,0;2787061089,2787061351,0;2787061351,2787061330,0;2787061330,11155489650,0;11155489650,2787061341,0;2787061341,2787061167,0"
simulated_extreme,30,0.0,0.0,20560920,source_specific,risk_uncertainty,10297.182344079098,0.6370087923684875,0.8280776466145003,0.8219173776639992,0.4311778653622655,97.28439996251836,15.243799949530512,"9706921350,9706921684,0;9706921684,9706921682,0;9706921682,9713848047,0;9713848047,9713848018,0;9713848018,9713848023,0;9713848023,12984979400,0;12984979400,9713848118,0;9713848118,9713848006,0;9713848006,9713847968,0;9713847968,9706921713,0;9706921713,9706921712,0;9706921712,9706921786,0;9706921786,9778914467,0;9778914467,9706887247,0;9706887247,9706857800,0;9706857800,9706857774,0;9706857774,9706857801,0;9706857801,9706857775,0;9706857775,9706857832,0;9706857832,9706857843,0;9706857843,7161807983,0;7161807983,7161812592,0;7161812592,499478563,0;499478563,499478564,0;499478564,7973114513,0;7973114513,7973099569,0;7973099569,7975273881,0;7975273881,7973099508,0;7973099508,7973099507,0;7973099507,7973114859,0;7973114859,8298792534,0;8298792534,8298792550,0;8298792550,7973114851,0;7973114851,7975286501,0;7975286501,8298792599,0;8298792599,1116501292,0;1116501292,7975286500,0;7975286500,1116501304,0;1116501304,7975286429,0;7975286429,7975286583,0;7975286583,7977056082,0;7977056082,7977056084,0;7977056084,7977050965,0;7977050965,7977056079,0;7977056079,7979256640,0;7979256640,7979256626,0;7979256626,7979256668,0;7979256668,7977056101,0;7977056101,7967831807,0;7967831807,7967774259,0;7967774259,503464976,0;503464976,7961771680,0;7961771680,1116492807,0;1116492807,7967774262,0;7967774262,503464985,0;503464985,2530277199,0;2530277199,564083084,0;564083084,5374860944,0;5374860944,5374860978,0;5374860978,5374861143,0;5374861143,9053077286,0;9053077286,13527622504,0;13527622504,13167173350,0;13167173350,13527622497,0;13527622497,564083093,0;564083093,6317320202,0;6317320202,564083165,0;564083165,13167173329,0;13167173329,6317320222,0;6317320222,6028645652,0;6028645652,2369336843,0;2369336843,2369336701,0;2369336701,12333484744,0;12333484744,2368579077,0;2368579077,2369336820,0;2369336820,2368578991,0;2368578991,8887740818,0;8887740818,9570709534,0;9570709534,2369336807,0;2369336807,2368578970,0;2368578970,6043430915,0;6043430915,4899192485,0;4899192485,564639012,0;564639012,564638925,0;564638925,504640818,0;504640818,504637096,0;504637096,2787061089,0;2787061089,2787061351,0;2787061351,2787061330,0;2787061330,11155489650,0;11155489650,2787061341,0;2787061341,2787061167,0"
simulated_extreme,30,0.0,0.0,20560920,source_specific,shortest,10279.902722198703,0.6421914589263749,0.8280776466145003,0.8190917470674244,0.42948322884636647,98.53360004490241,16.493000031914562,"9706921350,9706921684,0;9706921684,9706921682,0;9706921682,9713848047,0;9713848047,9713848018,0;9713848018,9713848023,0;9713848023,12984979400,0;12984979400,9713848118,0;9713848118,9713848006,0;9713848006,9713847968,0;9713847968,9706921713,0;9706921713,9706921712,0;9706921712,9706921786,0;9706921786,9778914467,0;9778914467,9706887247,0;9706887247,9706857800,0;9706857800,9706857774,0;9706857774,9706857801,0;9706857801,9706857775,0;9706857775,9706857832,0;9706857832,9706857843,0;9706857843,7161807983,0;7161807983,7161812592,0;7161812592,499478563,0;499478563,499478564,0;499478564,7973114513,0;7973114513,7973099569,0;7973099569,7975273881,0;7975273881,7973099508,0;7973099508,7973099507,0;7973099507,7973114859,0;7973114859,8298792534,0;8298792534,8298792550,0;8298792550,7973114851,0;7973114851,7975286501,0;7975286501,8298792599,0;8298792599,1116501292,0;1116501292,7975286500,0;7975286500,1116501304,0;1116501304,1116501296,0;1116501296,7977050964,0;7977050964,7977056084,0;7977056084,7977050965,0;7977050965,7977056079,0;7977056079,7979256640,0;7979256640,7979256626,0;7979256626,7979256668,0;7979256668,7977056101,0;7977056101,7967831807,0;7967831807,7967774259,0;7967774259,503464976,0;503464976,7961771680,0;7961771680,1116492807,0;1116492807,7967774262,0;7967774262,503464985,0;503464985,2530277199,0;2530277199,564083084,0;564083084,5374860944,0;5374860944,5374860978,0;5374860978,5374861143,0;5374861143,9053077286,0;9053077286,13527622504,0;13527622504,13167173350,0;13167173350,13527622497,0;13527622497,564083093,0;564083093,6317320202,0;6317320202,564083165,0;564083165,13167173329,0;13167173329,6317320222,0;6317320222,6028645652,0;6028645652,2369336843,0;2369336843,2369336701,0;2369336701,12333484744,0;12333484744,2368579077,0;2368579077,2369336820,0;2369336820,2368578991,0;2368578991,8887740818,0;8887740818,8887717116,0;8887717116,6043430915,0;6043430915,4899192485,0;4899192485,564639012,0;564639012,564638925,0;564638925,504640818,0;504640818,504637096,0;504637096,2787061089,0;2787061089,564641522,0;564641522,11155489649,0;11155489649,11155489650,0;11155489650,2787061341,0;2787061341,2787061167,0"
simulated_extreme,30,0.0,0.0,20560920,source_specific,trusted,10297.182344079098,0.6370087923684875,0.8280776466145003,0.8219173776639992,0.4311778653622655,97.19200001563877,15.151400002650917,"9706921350,9706921684,0;9706921684,9706921682,0;9706921682,9713848047,0;9713848047,9713848018,0;9713848018,9713848023,0;9713848023,12984979400,0;12984979400,9713848118,0;9713848118,9713848006,0;9713848006,9713847968,0;9713847968,9706921713,0;9706921713,9706921712,0;9706921712,9706921786,0;9706921786,9778914467,0;9778914467,9706887247,0;9706887247,9706857800,0;9706857800,9706857774,0;9706857774,9706857801,0;9706857801,9706857775,0;9706857775,9706857832,0;9706857832,9706857843,0;9706857843,7161807983,0;7161807983,7161812592,0;7161812592,499478563,0;499478563,499478564,0;499478564,7973114513,0;7973114513,7973099569,0;7973099569,7975273881,0;7975273881,7973099508,0;7973099508,7973099507,0;7973099507,7973114859,0;7973114859,8298792534,0;8298792534,8298792550,0;8298792550,7973114851,0;7973114851,7975286501,0;7975286501,8298792599,0;8298792599,1116501292,0;1116501292,7975286500,0;7975286500,1116501304,0;1116501304,7975286429,0;7975286429,7975286583,0;7975286583,7977056082,0;7977056082,7977056084,0;7977056084,7977050965,0;7977050965,7977056079,0;7977056079,7979256640,0;7979256640,7979256626,0;7979256626,7979256668,0;7979256668,7977056101,0;7977056101,7967831807,0;7967831807,7967774259,0;7967774259,503464976,0;503464976,7961771680,0;7961771680,1116492807,0;1116492807,7967774262,0;7967774262,503464985,0;503464985,2530277199,0;2530277199,564083084,0;564083084,5374860944,0;5374860944,5374860978,0;5374860978,5374861143,0;5374861143,9053077286,0;9053077286,13527622504,0;13527622504,13167173350,0;13167173350,13527622497,0;13527622497,564083093,0;564083093,6317320202,0;6317320202,564083165,0;564083165,13167173329,0;13167173329,6317320222,0;6317320222,6028645652,0;6028645652,2369336843,0;2369336843,2369336701,0;2369336701,12333484744,0;12333484744,2368579077,0;2368579077,2369336820,0;2369336820,2368578991,0;2368578991,8887740818,0;8887740818,9570709534,0;9570709534,2369336807,0;2369336807,2368578970,0;2368578970,6043430915,0;6043430915,4899192485,0;4899192485,564639012,0;564639012,564638925,0;564638925,504640818,0;504640818,504637096,0;504637096,2787061089,0;2787061089,2787061351,0;2787061351,2787061330,0;2787061330,11155489650,0;11155489650,2787061341,0;2787061341,2787061167,0"
simulated_extreme,30,0.0,0.0,20560920,universal,risk,10297.182344079098,0.6370087923684875,0.8280776466145003,0.8219173776639992,0.4311778653622655,95.84969998104498,15.715599991381168,"9706921350,9706921684,0;9706921684,9706921682,0;9706921682,9713848047,0;9713848047,9713848018,0;9713848018,9713848023,0;9713848023,12984979400,0;12984979400,9713848118,0;9713848118,9713848006,0;9713848006,9713847968,0;9713847968,9706921713,0;9706921713,9706921712,0;9706921712,9706921786,0;9706921786,9778914467,0;9778914467,9706887247,0;9706887247,9706857800,0;9706857800,9706857774,0;9706857774,9706857801,0;9706857801,9706857775,0;9706857775,9706857832,0;9706857832,9706857843,0;9706857843,7161807983,0;7161807983,7161812592,0;7161812592,499478563,0;499478563,499478564,0;499478564,7973114513,0;7973114513,7973099569,0;7973099569,7975273881,0;7975273881,7973099508,0;7973099508,7973099507,0;7973099507,7973114859,0;7973114859,8298792534,0;8298792534,8298792550,0;8298792550,7973114851,0;7973114851,7975286501,0;7975286501,8298792599,0;8298792599,1116501292,0;1116501292,7975286500,0;7975286500,1116501304,0;1116501304,7975286429,0;7975286429,7975286583,0;7975286583,7977056082,0;7977056082,7977056084,0;7977056084,7977050965,0;7977050965,7977056079,0;7977056079,7979256640,0;7979256640,7979256626,0;7979256626,7979256668,0;7979256668,7977056101,0;7977056101,7967831807,0;7967831807,7967774259,0;7967774259,503464976,0;503464976,7961771680,0;7961771680,1116492807,0;1116492807,7967774262,0;7967774262,503464985,0;503464985,2530277199,0;2530277199,564083084,0;564083084,5374860944,0;5374860944,5374860978,0;5374860978,5374861143,0;5374861143,9053077286,0;9053077286,13527622504,0;13527622504,13167173350,0;13167173350,13527622497,0;13527622497,564083093,0;564083093,6317320202,0;6317320202,564083165,0;564083165,13167173329,0;13167173329,6317320222,0;6317320222,6028645652,0;6028645652,2369336843,0;2369336843,2369336701,0;2369336701,12333484744,0;12333484744,2368579077,0;2368579077,2369336820,0;2369336820,2368578991,0;2368578991,8887740818,0;8887740818,9570709534,0;9570709534,2369336807,0;2369336807,2368578970,0;2368578970,6043430915,0;6043430915,4899192485,0;4899192485,564639012,0;564639012,564638925,0;564638925,504640818,0;504640818,504637096,0;504637096,2787061089,0;2787061089,2787061351,0;2787061351,2787061330,0;2787061330,11155489650,0;11155489650,2787061341,0;2787061341,2787061167,0"
simulated_extreme,30,0.0,0.0,20560920,universal,risk_uncertainty,10297.182344079098,0.6370087923684875,0.8280776466145003,0.8219173776639992,0.4311778653622655,96.06880001956597,15.93470002990216,"9706921350,9706921684,0;9706921684,9706921682,0;9706921682,9713848047,0;9713848047,9713848018,0;9713848018,9713848023,0;9713848023,12984979400,0;12984979400,9713848118,0;9713848118,9713848006,0;9713848006,9713847968,0;9713847968,9706921713,0;9706921713,9706921712,0;9706921712,9706921786,0;9706921786,9778914467,0;9778914467,9706887247,0;9706887247,9706857800,0;9706857800,9706857774,0;9706857774,9706857801,0;9706857801,9706857775,0;9706857775,9706857832,0;9706857832,9706857843,0;9706857843,7161807983,0;7161807983,7161812592,0;7161812592,499478563,0;499478563,499478564,0;499478564,7973114513,0;7973114513,7973099569,0;7973099569,7975273881,0;7975273881,7973099508,0;7973099508,7973099507,0;7973099507,7973114859,0;7973114859,8298792534,0;8298792534,8298792550,0;8298792550,7973114851,0;7973114851,7975286501,0;7975286501,8298792599,0;8298792599,1116501292,0;1116501292,7975286500,0;7975286500,1116501304,0;1116501304,7975286429,0;7975286429,7975286583,0;7975286583,7977056082,0;7977056082,7977056084,0;7977056084,7977050965,0;7977050965,7977056079,0;7977056079,7979256640,0;7979256640,7979256626,0;7979256626,7979256668,0;7979256668,7977056101,0;7977056101,7967831807,0;7967831807,7967774259,0;7967774259,503464976,0;503464976,7961771680,0;7961771680,1116492807,0;1116492807,7967774262,0;7967774262,503464985,0;503464985,2530277199,0;2530277199,564083084,0;564083084,5374860944,0;5374860944,5374860978,0;5374860978,5374861143,0;5374861143,9053077286,0;9053077286,13527622504,0;13527622504,13167173350,0;13167173350,13527622497,0;13527622497,564083093,0;564083093,6317320202,0;6317320202,564083165,0;564083165,13167173329,0;13167173329,6317320222,0;6317320222,6028645652,0;6028645652,2369336843,0;2369336843,2369336701,0;2369336701,12333484744,0;12333484744,2368579077,0;2368579077,2369336820,0;2369336820,2368578991,0;2368578991,8887740818,0;8887740818,9570709534,0;9570709534,2369336807,0;2369336807,2368578970,0;2368578970,6043430915,0;6043430915,4899192485,0;4899192485,564639012,0;564639012,564638925,0;564638925,504640818,0;504640818,504637096,0;504637096,2787061089,0;2787061089,2787061351,0;2787061351,2787061330,0;2787061330,11155489650,0;11155489650,2787061341,0;2787061341,2787061167,0"
simulated_extreme,30,0.0,0.0,20560920,universal,shortest,10279.902722198703,0.6421914589263749,0.8280776466145003,0.8190917470674244,0.42948322884636647,96.40790004050359,16.27380005083978,"9706921350,9706921684,0;9706921684,9706921682,0;9706921682,9713848047,0;9713848047,9713848018,0;9713848018,9713848023,0;9713848023,12984979400,0;12984979400,9713848118,0;9713848118,9713848006,0;9713848006,9713847968,0;9713847968,9706921713,0;9706921713,9706921712,0;9706921712,9706921786,0;9706921786,9778914467,0;9778914467,9706887247,0;9706887247,9706857800,0;9706857800,9706857774,0;9706857774,9706857801,0;9706857801,9706857775,0;9706857775,9706857832,0;9706857832,9706857843,0;9706857843,7161807983,0;7161807983,7161812592,0;7161812592,499478563,0;499478563,499478564,0;499478564,7973114513,0;7973114513,7973099569,0;7973099569,7975273881,0;7975273881,7973099508,0;7973099508,7973099507,0;7973099507,7973114859,0;7973114859,8298792534,0;8298792534,8298792550,0;8298792550,7973114851,0;7973114851,7975286501,0;7975286501,8298792599,0;8298792599,1116501292,0;1116501292,7975286500,0;7975286500,1116501304,0;1116501304,1116501296,0;1116501296,7977050964,0;7977050964,7977056084,0;7977056084,7977050965,0;7977050965,7977056079,0;7977056079,7979256640,0;7979256640,7979256626,0;7979256626,7979256668,0;7979256668,7977056101,0;7977056101,7967831807,0;7967831807,7967774259,0;7967774259,503464976,0;503464976,7961771680,0;7961771680,1116492807,0;1116492807,7967774262,0;7967774262,503464985,0;503464985,2530277199,0;2530277199,564083084,0;564083084,5374860944,0;5374860944,5374860978,0;5374860978,5374861143,0;5374861143,9053077286,0;9053077286,13527622504,0;13527622504,13167173350,0;13167173350,13527622497,0;13527622497,564083093,0;564083093,6317320202,0;6317320202,564083165,0;564083165,13167173329,0;13167173329,6317320222,0;6317320222,6028645652,0;6028645652,2369336843,0;2369336843,2369336701,0;2369336701,12333484744,0;12333484744,2368579077,0;2368579077,2369336820,0;2369336820,2368578991,0;2368578991,8887740818,0;8887740818,8887717116,0;8887717116,6043430915,0;6043430915,4899192485,0;4899192485,564639012,0;564639012,564638925,0;564638925,504640818,0;504640818,504637096,0;504637096,2787061089,0;2787061089,564641522,0;564641522,11155489649,0;11155489649,11155489650,0;11155489650,2787061341,0;2787061341,2787061167,0"
simulated_extreme,30,0.0,0.0,20560920,universal,trusted,10297.182344079098,0.6370087923684875,0.8280776466145003,0.8219173776639992,0.4311778653622655,95.63960001105443,15.505500021390617,"9706921350,9706921684,0;9706921684,9706921682,0;9706921682,9713848047,0;9713848047,9713848018,0;9713848018,9713848023,0;9713848023,12984979400,0;12984979400,9713848118,0;9713848118,9713848006,0;9713848006,9713847968,0;9713847968,9706921713,0;9706921713,9706921712,0;9706921712,9706921786,0;9706921786,9778914467,0;9778914467,9706887247,0;9706887247,9706857800,0;9706857800,9706857774,0;9706857774,9706857801,0;9706857801,9706857775,0;9706857775,9706857832,0;9706857832,9706857843,0;9706857843,7161807983,0;7161807983,7161812592,0;7161812592,499478563,0;499478563,499478564,0;499478564,7973114513,0;7973114513,7973099569,0;7973099569,7975273881,0;7975273881,7973099508,0;7973099508,7973099507,0;7973099507,7973114859,0;7973114859,8298792534,0;8298792534,8298792550,0;8298792550,7973114851,0;7973114851,7975286501,0;7975286501,8298792599,0;8298792599,1116501292,0;1116501292,7975286500,0;7975286500,1116501304,0;1116501304,7975286429,0;7975286429,7975286583,0;7975286583,7977056082,0;7977056082,7977056084,0;7977056084,7977050965,0;7977050965,7977056079,0;7977056079,7979256640,0;7979256640,7979256626,0;7979256626,7979256668,0;7979256668,7977056101,0;7977056101,7967831807,0;7967831807,7967774259,0;7967774259,503464976,0;503464976,7961771680,0;7961771680,1116492807,0;1116492807,7967774262,0;7967774262,503464985,0;503464985,2530277199,0;2530277199,564083084,0;564083084,5374860944,0;5374860944,5374860978,0;5374860978,5374861143,0;5374861143,9053077286,0;9053077286,13527622504,0;13527622504,13167173350,0;13167173350,13527622497,0;13527622497,564083093,0;564083093,6317320202,0;6317320202,564083165,0;564083165,13167173329,0;13167173329,6317320222,0;6317320222,6028645652,0;6028645652,2369336843,0;2369336843,2369336701,0;2369336701,12333484744,0;12333484744,2368579077,0;2368579077,2369336820,0;2369336820,2368578991,0;2368578991,8887740818,0;8887740818,9570709534,0;9570709534,2369336807,0;2369336807,2368578970,0;2368578970,6043430915,0;6043430915,4899192485,0;4899192485,564639012,0;564639012,564638925,0;564638925,504640818,0;504640818,504637096,0;504637096,2787061089,0;2787061089,2787061351,0;2787061351,2787061330,0;2787061330,11155489650,0;11155489650,2787061341,0;2787061341,2787061167,0"
simulated_extreme,30,0.0,0.1,20560930,source_specific,risk,10297.182344079098,0.6370087923684875,0.8280776466145003,0.8219173776639992,0.4311778653622655,97.67160000046715,15.931000001728535,"9706921350,9706921684,0;9706921684,9706921682,0;9706921682,9713848047,0;9713848047,9713848018,0;9713848018,9713848023,0;9713848023,12984979400,0;12984979400,9713848118,0;9713848118,9713848006,0;9713848006,9713847968,0;9713847968,9706921713,0;9706921713,9706921712,0;9706921712,9706921786,0;9706921786,9778914467,0;9778914467,9706887247,0;9706887247,9706857800,0;9706857800,9706857774,0;9706857774,9706857801,0;9706857801,9706857775,0;9706857775,9706857832,0;9706857832,9706857843,0;9706857843,7161807983,0;7161807983,7161812592,0;7161812592,499478563,0;499478563,499478564,0;499478564,7973114513,0;7973114513,7973099569,0;7973099569,7975273881,0;7975273881,7973099508,0;7973099508,7973099507,0;7973099507,7973114859,0;7973114859,8298792534,0;8298792534,8298792550,0;8298792550,7973114851,0;7973114851,7975286501,0;7975286501,8298792599,0;8298792599,1116501292,0;1116501292,7975286500,0;7975286500,1116501304,0;1116501304,7975286429,0;7975286429,7975286583,0;7975286583,7977056082,0;7977056082,7977056084,0;7977056084,7977050965,0;7977050965,7977056079,0;7977056079,7979256640,0;7979256640,7979256626,0;7979256626,7979256668,0;7979256668,7977056101,0;7977056101,7967831807,0;7967831807,7967774259,0;7967774259,503464976,0;503464976,7961771680,0;7961771680,1116492807,0;1116492807,7967774262,0;7967774262,503464985,0;503464985,2530277199,0;2530277199,564083084,0;564083084,5374860944,0;5374860944,5374860978,0;5374860978,5374861143,0;5374861143,9053077286,0;9053077286,13527622504,0;13527622504,13167173350,0;13167173350,13527622497,0;13527622497,564083093,0;564083093,6317320202,0;6317320202,564083165,0;564083165,13167173329,0;13167173329,6317320222,0;6317320222,6028645652,0;6028645652,2369336843,0;2369336843,2369336701,0;2369336701,12333484744,0;12333484744,2368579077,0;2368579077,2369336820,0;2369336820,2368578991,0;2368578991,8887740818,0;8887740818,9570709534,0;9570709534,2369336807,0;2369336807,2368578970,0;2368578970,6043430915,0;6043430915,4899192485,0;4899192485,564639012,0;564639012,564638925,0;564638925,504640818,0;504640818,504637096,0;504637096,2787061089,0;2787061089,2787061351,0;2787061351,2787061330,0;2787061330,11155489650,0;11155489650,2787061341,0;2787061341,2787061167,0"
simulated_extreme,30,0.0,0.1,20560930,source_specific,risk_uncertainty,10297.182344079098,0.6370087923684875,0.8280776466145003,0.8219173776639992,0.4311778653622655,97.05030004261062,15.309700043871999,"9706921350,9706921684,0;9706921684,9706921682,0;9706921682,9713848047,0;9713848047,9713848018,0;9713848018,9713848023,0;9713848023,12984979400,0;12984979400,9713848118,0;9713848118,9713848006,0;9713848006,9713847968,0;9713847968,9706921713,0;9706921713,9706921712,0;9706921712,9706921786,0;9706921786,9778914467,0;9778914467,9706887247,0;9706887247,9706857800,0;9706857800,9706857774,0;9706857774,9706857801,0;9706857801,9706857775,0;9706857775,9706857832,0;9706857832,9706857843,0;9706857843,7161807983,0;7161807983,7161812592,0;7161812592,499478563,0;499478563,499478564,0;499478564,7973114513,0;7973114513,7973099569,0;7973099569,7975273881,0;7975273881,7973099508,0;7973099508,7973099507,0;7973099507,7973114859,0;7973114859,8298792534,0;8298792534,8298792550,0;8298792550,7973114851,0;7973114851,7975286501,0;7975286501,8298792599,0;8298792599,1116501292,0;1116501292,7975286500,0;7975286500,1116501304,0;1116501304,7975286429,0;7975286429,7975286583,0;7975286583,7977056082,0;7977056082,7977056084,0;7977056084,7977050965,0;7977050965,7977056079,0;7977056079,7979256640,0;7979256640,7979256626,0;7979256626,7979256668,0;7979256668,7977056101,0;7977056101,7967831807,0;7967831807,7967774259,0;7967774259,503464976,0;503464976,7961771680,0;7961771680,1116492807,0;1116492807,7967774262,0;7967774262,503464985,0;503464985,2530277199,0;2530277199,564083084,0;564083084,5374860944,0;5374860944,5374860978,0;5374860978,5374861143,0;5374861143,9053077286,0;9053077286,13527622504,0;13527622504,13167173350,0;13167173350,13527622497,0;13527622497,564083093,0;564083093,6317320202,0;6317320202,564083165,0;564083165,13167173329,0;13167173329,6317320222,0;6317320222,6028645652,0;6028645652,2369336843,0;2369336843,2369336701,0;2369336701,12333484744,0;12333484744,2368579077,0;2368579077,2369336820,0;2369336820,2368578991,0;2368578991,8887740818,0;8887740818,9570709534,0;9570709534,2369336807,0;2369336807,2368578970,0;2368578970,6043430915,0;6043430915,4899192485,0;4899192485,564639012,0;564639012,564638925,0;564638925,504640818,0;504640818,504637096,0;504637096,2787061089,0;2787061089,2787061351,0;2787061351,2787061330,0;2787061330,11155489650,0;11155489650,2787061341,0;2787061341,2787061167,0"
simulated_extreme,30,0.0,0.1,20560930,source_specific,shortest,10279.902722198703,0.6421914589263749,0.8280776466145003,0.8190917470674244,0.42948322884636647,95.53689998574555,13.796299987006932,"9706921350,9706921684,0;9706921684,9706921682,0;9706921682,9713848047,0;9713848047,9713848018,0;9713848018,9713848023,0;9713848023,12984979400,0;12984979400,9713848118,0;9713848118,9713848006,0;9713848006,9713847968,0;9713847968,9706921713,0;9706921713,9706921712,0;9706921712,9706921786,0;9706921786,9778914467,0;9778914467,9706887247,0;9706887247,9706857800,0;9706857800,9706857774,0;9706857774,9706857801,0;9706857801,9706857775,0;9706857775,9706857832,0;9706857832,9706857843,0;9706857843,7161807983,0;7161807983,7161812592,0;7161812592,499478563,0;499478563,499478564,0;499478564,7973114513,0;7973114513,7973099569,0;7973099569,7975273881,0;7975273881,7973099508,0;7973099508,7973099507,0;7973099507,7973114859,0;7973114859,8298792534,0;8298792534,8298792550,0;8298792550,7973114851,0;7973114851,7975286501,0;7975286501,8298792599,0;8298792599,1116501292,0;1116501292,7975286500,0;7975286500,1116501304,0;1116501304,1116501296,0;1116501296,7977050964,0;7977050964,7977056084,0;7977056084,7977050965,0;7977050965,7977056079,0;7977056079,7979256640,0;7979256640,7979256626,0;7979256626,7979256668,0;7979256668,7977056101,0;7977056101,7967831807,0;7967831807,7967774259,0;7967774259,503464976,0;503464976,7961771680,0;7961771680,1116492807,0;1116492807,7967774262,0;7967774262,503464985,0;503464985,2530277199,0;2530277199,564083084,0;564083084,5374860944,0;5374860944,5374860978,0;5374860978,5374861143,0;5374861143,9053077286,0;9053077286,13527622504,0;13527622504,13167173350,0;13167173350,13527622497,0;13527622497,564083093,0;564083093,6317320202,0;6317320202,564083165,0;564083165,13167173329,0;13167173329,6317320222,0;6317320222,6028645652,0;6028645652,2369336843,0;2369336843,2369336701,0;2369336701,12333484744,0;12333484744,2368579077,0;2368579077,2369336820,0;2369336820,2368578991,0;2368578991,8887740818,0;8887740818,8887717116,0;8887717116,6043430915,0;6043430915,4899192485,0;4899192485,564639012,0;564639012,564638925,0;564638925,504640818,0;504640818,504637096,0;504637096,2787061089,0;2787061089,564641522,0;564641522,11155489649,0;11155489649,11155489650,0;11155489650,2787061341,0;2787061341,2787061167,0"
simulated_extreme,30,0.0,0.1,20560930,source_specific,trusted,10280.604724805988,0.6419737425283665,0.8280776466145003,0.8190917470674244,0.43026063169415374,97.06400003051385,15.323400031775236,"9706921350,9706921684,0;9706921684,9706921682,0;9706921682,9713848047,0;9713848047,9713848018,0;9713848018,9713848023,0;9713848023,12984979400,0;12984979400,9713848118,0;9713848118,9713848006,0;9713848006,9713847968,0;9713847968,9706921713,0;9706921713,9706921712,0;9706921712,9706921786,0;9706921786,9778914467,0;9778914467,9706887247,0;9706887247,9706857800,0;9706857800,9706857774,0;9706857774,9706857801,0;9706857801,9706857775,0;9706857775,9706857832,0;9706857832,9706857843,0;9706857843,7161807983,0;7161807983,7161812592,0;7161812592,499478563,0;499478563,499478564,0;499478564,7973114513,0;7973114513,7973099569,0;7973099569,7975273881,0;7975273881,7973099508,0;7973099508,7973099507,0;7973099507,7973114859,0;7973114859,8298792534,0;8298792534,8298792550,0;8298792550,7973114851,0;7973114851,7975286501,0;7975286501,8298792599,0;8298792599,1116501292,0;1116501292,7975286500,0;7975286500,1116501304,0;1116501304,7975286429,0;7975286429,7975286583,0;7975286583,7977056082,0;7977056082,7977056084,0;7977056084,7977050965,0;7977050965,7977056079,0;7977056079,7979256640,0;7979256640,7979256626,0;7979256626,7979256668,0;7979256668,7977056101,0;7977056101,7967831807,0;7967831807,7967774259,0;7967774259,503464976,0;503464976,7961771680,0;7961771680,1116492807,0;1116492807,7967774262,0;7967774262,503464985,0;503464985,2530277199,0;2530277199,564083084,0;564083084,5374860944,0;5374860944,5374860978,0;5374860978,5374861143,0;5374861143,9053077286,0;9053077286,13527622504,0;13527622504,13167173350,0;13167173350,13527622497,0;13527622497,564083093,0;564083093,6317320202,0;6317320202,564083165,0;564083165,13167173329,0;13167173329,6317320222,0;6317320222,6028645652,0;6028645652,2369336843,0;2369336843,2369336701,0;2369336701,12333484744,0;12333484744,2368579077,0;2368579077,2369336820,0;2369336820,2368578991,0;2368578991,8887740818,0;8887740818,8887717116,0;8887717116,6043430915,0;6043430915,4899192485,0;4899192485,564639012,0;564639012,564638925,0;564638925,504640818,0;504640818,504637096,0;504637096,2787061089,0;2787061089,564641522,0;564641522,11155489649,0;11155489649,11155489650,0;11155489650,2787061341,0;2787061341,2787061167,0"
simulated_extreme,30,0.0,0.1,20560930,universal,risk,10297.182344079098,0.6370087923684875,0.8280776466145003,0.8219173776639992,0.4311778653622655,96.66379995178431,16.210999980103225,"9706921350,9706921684,0;9706921684,9706921682,0;9706921682,9713848047,0;9713848047,9713848018,0;9713848018,9713848023,0;9713848023,12984979400,0;12984979400,9713848118,0;9713848118,9713848006,0;9713848006,9713847968,0;9713847968,9706921713,0;9706921713,9706921712,0;9706921712,9706921786,0;9706921786,9778914467,0;9778914467,9706887247,0;9706887247,9706857800,0;9706857800,9706857774,0;9706857774,9706857801,0;9706857801,9706857775,0;9706857775,9706857832,0;9706857832,9706857843,0;9706857843,7161807983,0;7161807983,7161812592,0;7161812592,499478563,0;499478563,499478564,0;499478564,7973114513,0;7973114513,7973099569,0;7973099569,7975273881,0;7975273881,7973099508,0;7973099508,7973099507,0;7973099507,7973114859,0;7973114859,8298792534,0;8298792534,8298792550,0;8298792550,7973114851,0;7973114851,7975286501,0;7975286501,8298792599,0;8298792599,1116501292,0;1116501292,7975286500,0;7975286500,1116501304,0;1116501304,7975286429,0;7975286429,7975286583,0;7975286583,7977056082,0;7977056082,7977056084,0;7977056084,7977050965,0;7977050965,7977056079,0;7977056079,7979256640,0;7979256640,7979256626,0;7979256626,7979256668,0;7979256668,7977056101,0;7977056101,7967831807,0;7967831807,7967774259,0;7967774259,503464976,0;503464976,7961771680,0;7961771680,1116492807,0;1116492807,7967774262,0;7967774262,503464985,0;503464985,2530277199,0;2530277199,564083084,0;564083084,5374860944,0;5374860944,5374860978,0;5374860978,5374861143,0;5374861143,9053077286,0;9053077286,13527622504,0;13527622504,13167173350,0;13167173350,13527622497,0;13527622497,564083093,0;564083093,6317320202,0;6317320202,564083165,0;564083165,13167173329,0;13167173329,6317320222,0;6317320222,6028645652,0;6028645652,2369336843,0;2369336843,2369336701,0;2369336701,12333484744,0;12333484744,2368579077,0;2368579077,2369336820,0;2369336820,2368578991,0;2368578991,8887740818,0;8887740818,9570709534,0;9570709534,2369336807,0;2369336807,2368578970,0;2368578970,6043430915,0;6043430915,4899192485,0;4899192485,564639012,0;564639012,564638925,0;564638925,504640818,0;504640818,504637096,0;504637096,2787061089,0;2787061089,2787061351,0;2787061351,2787061330,0;2787061330,11155489650,0;11155489650,2787061341,0;2787061341,2787061167,0"
simulated_extreme,30,0.0,0.1,20560930,universal,risk_uncertainty,10297.182344079098,0.6370087923684875,0.8280776466145003,0.8219173776639992,0.4311778653622655,95.92609998071566,15.473300009034574,"9706921350,9706921684,0;9706921684,9706921682,0;9706921682,9713848047,0;9713848047,9713848018,0;9713848018,9713848023,0;9713848023,12984979400,0;12984979400,9713848118,0;9713848118,9713848006,0;9713848006,9713847968,0;9713847968,9706921713,0;9706921713,9706921712,0;9706921712,9706921786,0;9706921786,9778914467,0;9778914467,9706887247,0;9706887247,9706857800,0;9706857800,9706857774,0;9706857774,9706857801,0;9706857801,9706857775,0;9706857775,9706857832,0;9706857832,9706857843,0;9706857843,7161807983,0;7161807983,7161812592,0;7161812592,499478563,0;499478563,499478564,0;499478564,7973114513,0;7973114513,7973099569,0;7973099569,7975273881,0;7975273881,7973099508,0;7973099508,7973099507,0;7973099507,7973114859,0;7973114859,8298792534,0;8298792534,8298792550,0;8298792550,7973114851,0;7973114851,7975286501,0;7975286501,8298792599,0;8298792599,1116501292,0;1116501292,7975286500,0;7975286500,1116501304,0;1116501304,7975286429,0;7975286429,7975286583,0;7975286583,7977056082,0;7977056082,7977056084,0;7977056084,7977050965,0;7977050965,7977056079,0;7977056079,7979256640,0;7979256640,7979256626,0;7979256626,7979256668,0;7979256668,7977056101,0;7977056101,7967831807,0;7967831807,7967774259,0;7967774259,503464976,0;503464976,7961771680,0;7961771680,1116492807,0;1116492807,7967774262,0;7967774262,503464985,0;503464985,2530277199,0;2530277199,564083084,0;564083084,5374860944,0;5374860944,5374860978,0;5374860978,5374861143,0;5374861143,9053077286,0;9053077286,13527622504,0;13527622504,13167173350,0;13167173350,13527622497,0;13527622497,564083093,0;564083093,6317320202,0;6317320202,564083165,0;564083165,13167173329,0;13167173329,6317320222,0;6317320222,6028645652,0;6028645652,2369336843,0;2369336843,2369336701,0;2369336701,12333484744,0;12333484744,2368579077,0;2368579077,2369336820,0;2369336820,2368578991,0;2368578991,8887740818,0;8887740818,9570709534,0;9570709534,2369336807,0;2369336807,2368578970,0;2368578970,6043430915,0;6043430915,4899192485,0;4899192485,564639012,0;564639012,564638925,0;564638925,504640818,0;504640818,504637096,0;504637096,2787061089,0;2787061089,2787061351,0;2787061351,2787061330,0;2787061330,11155489650,0;11155489650,2787061341,0;2787061341,2787061167,0"
simulated_extreme,30,0.0,0.1,20560930,universal,shortest,10279.902722198703,0.6421914589263749,0.8280776466145003,0.8190917470674244,0.42948322884636647,96.3616999797523,15.908900008071214,"9706921350,9706921684,0;9706921684,9706921682,0;9706921682,9713848047,0;9713848047,9713848018,0;9713848018,9713848023,0;9713848023,12984979400,0;12984979400,9713848118,0;9713848118,9713848006,0;9713848006,9713847968,0;9713847968,9706921713,0;9706921713,9706921712,0;9706921712,9706921786,0;9706921786,9778914467,0;9778914467,9706887247,0;9706887247,9706857800,0;9706857800,9706857774,0;9706857774,9706857801,0;9706857801,9706857775,0;9706857775,9706857832,0;9706857832,9706857843,0;9706857843,7161807983,0;7161807983,7161812592,0;7161812592,499478563,0;499478563,499478564,0;499478564,7973114513,0;7973114513,7973099569,0;7973099569,7975273881,0;7975273881,7973099508,0;7973099508,7973099507,0;7973099507,7973114859,0;7973114859,8298792534,0;8298792534,8298792550,0;8298792550,7973114851,0;7973114851,7975286501,0;7975286501,8298792599,0;8298792599,1116501292,0;1116501292,7975286500,0;7975286500,1116501304,0;1116501304,1116501296,0;1116501296,7977050964,0;7977050964,7977056084,0;7977056084,7977050965,0;7977050965,7977056079,0;7977056079,7979256640,0;7979256640,7979256626,0;7979256626,7979256668,0;7979256668,7977056101,0;7977056101,7967831807,0;7967831807,7967774259,0;7967774259,503464976,0;503464976,7961771680,0;7961771680,1116492807,0;1116492807,7967774262,0;7967774262,503464985,0;503464985,2530277199,0;2530277199,564083084,0;564083084,5374860944,0;5374860944,5374860978,0;5374860978,5374861143,0;5374861143,9053077286,0;9053077286,13527622504,0;13527622504,13167173350,0;13167173350,13527622497,0;13527622497,564083093,0;564083093,6317320202,0;6317320202,564083165,0;564083165,13167173329,0;13167173329,6317320222,0;6317320222,6028645652,0;6028645652,2369336843,0;2369336843,2369336701,0;2369336701,12333484744,0;12333484744,2368579077,0;2368579077,2369336820,0;2369336820,2368578991,0;2368578991,8887740818,0;8887740818,8887717116,0;8887717116,6043430915,0;6043430915,4899192485,0;4899192485,564639012,0;564639012,564638925,0;564638925,504640818,0;504640818,504637096,0;504637096,2787061089,0;2787061089,564641522,0;564641522,11155489649,0;11155489649,11155489650,0;11155489650,2787061341,0;2787061341,2787061167,0"
simulated_extreme,30,0.0,0.1,20560930,universal,trusted,10297.182344079098,0.6370087923684875,0.8280776466145003,0.8219173776639992,0.4311778653622655,96.07809997396544,15.625300002284348,"9706921350,9706921684,0;9706921684,9706921682,0;9706921682,9713848047,0;9713848047,9713848018,0;9713848018,9713848023,0;9713848023,12984979400,0;12984979400,9713848118,0;9713848118,9713848006,0;9713848006,9713847968,0;9713847968,9706921713,0;9706921713,9706921712,0;9706921712,9706921786,0;9706921786,9778914467,0;9778914467,9706887247,0;9706887247,9706857800,0;9706857800,9706857774,0;9706857774,9706857801,0;9706857801,9706857775,0;9706857775,9706857832,0;9706857832,9706857843,0;9706857843,7161807983,0;7161807983,7161812592,0;7161812592,499478563,0;499478563,499478564,0;499478564,7973114513,0;7973114513,7973099569,0;7973099569,7975273881,0;7975273881,7973099508,0;7973099508,7973099507,0;7973099507,7973114859,0;7973114859,8298792534,0;8298792534,8298792550,0;8298792550,7973114851,0;7973114851,7975286501,0;7975286501,8298792599,0;8298792599,1116501292,0;1116501292,7975286500,0;7975286500,1116501304,0;1116501304,7975286429,0;7975286429,7975286583,0;7975286583,7977056082,0;7977056082,7977056084,0;7977056084,7977050965,0;7977050965,7977056079,0;7977056079,7979256640,0;7979256640,7979256626,0;7979256626,7979256668,0;7979256668,7977056101,0;7977056101,7967831807,0;7967831807,7967774259,0;7967774259,503464976,0;503464976,7961771680,0;7961771680,1116492807,0;1116492807,7967774262,0;7967774262,503464985,0;503464985,2530277199,0;2530277199,564083084,0;564083084,5374860944,0;5374860944,5374860978,0;5374860978,5374861143,0;5374861143,9053077286,0;9053077286,13527622504,0;13527622504,13167173350,0;13167173350,13527622497,0;13527622497,564083093,0;564083093,6317320202,0;6317320202,564083165,0;564083165,13167173329,0;13167173329,6317320222,0;6317320222,6028645652,0;6028645652,2369336843,0;2369336843,2369336701,0;2369336701,12333484744,0;12333484744,2368579077,0;2368579077,2369336820,0;2369336820,2368578991,0;2368578991,8887740818,0;8887740818,9570709534,0;9570709534,2369336807,0;2369336807,2368578970,0;2368578970,6043430915,0;6043430915,4899192485,0;4899192485,564639012,0;564639012,564638925,0;564638925,504640818,0;504640818,504637096,0;504637096,2787061089,0;2787061089,2787061351,0;2787061351,2787061330,0;2787061330,11155489650,0;11155489650,2787061341,0;2787061341,2787061167,0"
simulated_extreme,30,0.0,0.2,20560940,source_specific,risk,10297.182344079098,0.6370087923684875,0.8280776466145003,0.8219173776639992,0.4311778653622655,97.05979994032532,15.492399979848415,"9706921350,9706921684,0;9706921684,9706921682,0;9706921682,9713848047,0;9713848047,9713848018,0;9713848018,9713848023,0;9713848023,12984979400,0;12984979400,9713848118,0;9713848118,9713848006,0;9713848006,9713847968,0;9713847968,9706921713,0;9706921713,9706921712,0;9706921712,9706921786,0;9706921786,9778914467,0;9778914467,9706887247,0;9706887247,9706857800,0;9706857800,9706857774,0;9706857774,9706857801,0;9706857801,9706857775,0;9706857775,9706857832,0;9706857832,9706857843,0;9706857843,7161807983,0;7161807983,7161812592,0;7161812592,499478563,0;499478563,499478564,0;499478564,7973114513,0;7973114513,7973099569,0;7973099569,7975273881,0;7975273881,7973099508,0;7973099508,7973099507,0;7973099507,7973114859,0;7973114859,8298792534,0;8298792534,8298792550,0;8298792550,7973114851,0;7973114851,7975286501,0;7975286501,8298792599,0;8298792599,1116501292,0;1116501292,7975286500,0;7975286500,1116501304,0;1116501304,7975286429,0;7975286429,7975286583,0;7975286583,7977056082,0;7977056082,7977056084,0;7977056084,7977050965,0;7977050965,7977056079,0;7977056079,7979256640,0;7979256640,7979256626,0;7979256626,7979256668,0;7979256668,7977056101,0;7977056101,7967831807,0;7967831807,7967774259,0;7967774259,503464976,0;503464976,7961771680,0;7961771680,1116492807,0;1116492807,7967774262,0;7967774262,503464985,0;503464985,2530277199,0;2530277199,564083084,0;564083084,5374860944,0;5374860944,5374860978,0;5374860978,5374861143,0;5374861143,9053077286,0;9053077286,13527622504,0;13527622504,13167173350,0;13167173350,13527622497,0;13527622497,564083093,0;564083093,6317320202,0;6317320202,564083165,0;564083165,13167173329,0;13167173329,6317320222,0;6317320222,6028645652,0;6028645652,2369336843,0;2369336843,2369336701,0;2369336701,12333484744,0;12333484744,2368579077,0;2368579077,2369336820,0;2369336820,2368578991,0;2368578991,8887740818,0;8887740818,9570709534,0;9570709534,2369336807,0;2369336807,2368578970,0;2368578970,6043430915,0;6043430915,4899192485,0;4899192485,564639012,0;564639012,564638925,0;564638925,504640818,0;504640818,504637096,0;504637096,2787061089,0;2787061089,2787061351,0;2787061351,2787061330,0;2787061330,11155489650,0;11155489650,2787061341,0;2787061341,2787061167,0"
simulated_extreme,30,0.0,0.2,20560940,source_specific,risk_uncertainty,10297.182344079098,0.6370087923684875,0.8280776466145003,0.8219173776639992,0.4311778653622655,99.76959996856749,18.202200008090585,"9706921350,9706921684,0;9706921684,9706921682,0;9706921682,9713848047,0;9713848047,9713848018,0;9713848018,9713848023,0;9713848023,12984979400,0;12984979400,9713848118,0;9713848118,9713848006,0;9713848006,9713847968,0;9713847968,9706921713,0;9706921713,9706921712,0;9706921712,9706921786,0;9706921786,9778914467,0;9778914467,9706887247,0;9706887247,9706857800,0;9706857800,9706857774,0;9706857774,9706857801,0;9706857801,9706857775,0;9706857775,9706857832,0;9706857832,9706857843,0;9706857843,7161807983,0;7161807983,7161812592,0;7161812592,499478563,0;499478563,499478564,0;499478564,7973114513,0;7973114513,7973099569,0;7973099569,7975273881,0;7975273881,7973099508,0;7973099508,7973099507,0;7973099507,7973114859,0;7973114859,8298792534,0;8298792534,8298792550,0;8298792550,7973114851,0;7973114851,7975286501,0;7975286501,8298792599,0;8298792599,1116501292,0;1116501292,7975286500,0;7975286500,1116501304,0;1116501304,7975286429,0;7975286429,7975286583,0;7975286583,7977056082,0;7977056082,7977056084,0;7977056084,7977050965,0;7977050965,7977056079,0;7977056079,7979256640,0;7979256640,7979256626,0;7979256626,7979256668,0;7979256668,7977056101,0;7977056101,7967831807,0;7967831807,7967774259,0;7967774259,503464976,0;503464976,7961771680,0;7961771680,1116492807,0;1116492807,7967774262,0;7967774262,503464985,0;503464985,2530277199,0;2530277199,564083084,0;564083084,5374860944,0;5374860944,5374860978,0;5374860978,5374861143,0;5374861143,9053077286,0;9053077286,13527622504,0;13527622504,13167173350,0;13167173350,13527622497,0;13527622497,564083093,0;564083093,6317320202,0;6317320202,564083165,0;564083165,13167173329,0;13167173329,6317320222,0;6317320222,6028645652,0;6028645652,2369336843,0;2369336843,2369336701,0;2369336701,12333484744,0;12333484744,2368579077,0;2368579077,2369336820,0;2369336820,2368578991,0;2368578991,8887740818,0;8887740818,9570709534,0;9570709534,2369336807,0;2369336807,2368578970,0;2368578970,6043430915,0;6043430915,4899192485,0;4899192485,564639012,0;564639012,564638925,0;564638925,504640818,0;504640818,504637096,0;504637096,2787061089,0;2787061089,2787061351,0;2787061351,2787061330,0;2787061330,11155489650,0;11155489650,2787061341,0;2787061341,2787061167,0"
simulated_extreme,30,0.0,0.2,20560940,source_specific,shortest,10279.902722198703,0.6421914589263749,0.8280776466145003,0.8190917470674244,0.42948322884636647,96.98189998744056,15.414500026963651,"9706921350,9706921684,0;9706921684,9706921682,0;9706921682,9713848047,0;9713848047,9713848018,0;9713848018,9713848023,0;9713848023,12984979400,0;12984979400,9713848118,0;9713848118,9713848006,0;9713848006,9713847968,0;9713847968,9706921713,0;9706921713,9706921712,0;9706921712,9706921786,0;9706921786,9778914467,0;9778914467,9706887247,0;9706887247,9706857800,0;9706857800,9706857774,0;9706857774,9706857801,0;9706857801,9706857775,0;9706857775,9706857832,0;9706857832,9706857843,0;9706857843,7161807983,0;7161807983,7161812592,0;7161812592,499478563,0;499478563,499478564,0;499478564,7973114513,0;7973114513,7973099569,0;7973099569,7975273881,0;7975273881,7973099508,0;7973099508,7973099507,0;7973099507,7973114859,0;7973114859,8298792534,0;8298792534,8298792550,0;8298792550,7973114851,0;7973114851,7975286501,0;7975286501,8298792599,0;8298792599,1116501292,0;1116501292,7975286500,0;7975286500,1116501304,0;1116501304,1116501296,0;1116501296,7977050964,0;7977050964,7977056084,0;7977056084,7977050965,0;7977050965,7977056079,0;7977056079,7979256640,0;7979256640,7979256626,0;7979256626,7979256668,0;7979256668,7977056101,0;7977056101,7967831807,0;7967831807,7967774259,0;7967774259,503464976,0;503464976,7961771680,0;7961771680,1116492807,0;1116492807,7967774262,0;7967774262,503464985,0;503464985,2530277199,0;2530277199,564083084,0;564083084,5374860944,0;5374860944,5374860978,0;5374860978,5374861143,0;5374861143,9053077286,0;9053077286,13527622504,0;13527622504,13167173350,0;13167173350,13527622497,0;13527622497,564083093,0;564083093,6317320202,0;6317320202,564083165,0;564083165,13167173329,0;13167173329,6317320222,0;6317320222,6028645652,0;6028645652,2369336843,0;2369336843,2369336701,0;2369336701,12333484744,0;12333484744,2368579077,0;2368579077,2369336820,0;2369336820,2368578991,0;2368578991,8887740818,0;8887740818,8887717116,0;8887717116,6043430915,0;6043430915,4899192485,0;4899192485,564639012,0;564639012,564638925,0;564638925,504640818,0;504640818,504637096,0;504637096,2787061089,0;2787061089,564641522,0;564641522,11155489649,0;11155489649,11155489650,0;11155489650,2787061341,0;2787061341,2787061167,0"
simulated_extreme,30,0.0,0.2,20560940,source_specific,trusted,10280.604724805988,0.6419737425283665,0.8280776466145003,0.8190917470674244,0.43026063169415374,96.60149994306266,15.034099982585758,"9706921350,9706921684,0;9706921684,9706921682,0;9706921682,9713848047,0;9713848047,9713848018,0;9713848018,9713848023,0;9713848023,12984979400,0;12984979400,9713848118,0;9713848118,9713848006,0;9713848006,9713847968,0;9713847968,9706921713,0;9706921713,9706921712,0;9706921712,9706921786,0;9706921786,9778914467,0;9778914467,9706887247,0;9706887247,9706857800,0;9706857800,9706857774,0;9706857774,9706857801,0;9706857801,9706857775,0;9706857775,9706857832,0;9706857832,9706857843,0;9706857843,7161807983,0;7161807983,7161812592,0;7161812592,499478563,0;499478563,499478564,0;499478564,7973114513,0;7973114513,7973099569,0;7973099569,7975273881,0;7975273881,7973099508,0;7973099508,7973099507,0;7973099507,7973114859,0;7973114859,8298792534,0;8298792534,8298792550,0;8298792550,7973114851,0;7973114851,7975286501,0;7975286501,8298792599,0;8298792599,1116501292,0;1116501292,7975286500,0;7975286500,1116501304,0;1116501304,7975286429,0;7975286429,7975286583,0;7975286583,7977056082,0;7977056082,7977056084,0;7977056084,7977050965,0;7977050965,7977056079,0;7977056079,7979256640,0;7979256640,7979256626,0;7979256626,7979256668,0;7979256668,7977056101,0;7977056101,7967831807,0;7967831807,7967774259,0;7967774259,503464976,0;503464976,7961771680,0;7961771680,1116492807,0;1116492807,7967774262,0;7967774262,503464985,0;503464985,2530277199,0;2530277199,564083084,0;564083084,5374860944,0;5374860944,5374860978,0;5374860978,5374861143,0;5374861143,9053077286,0;9053077286,13527622504,0;13527622504,13167173350,0;13167173350,13527622497,0;13527622497,564083093,0;564083093,6317320202,0;6317320202,564083165,0;564083165,13167173329,0;13167173329,6317320222,0;6317320222,6028645652,0;6028645652,2369336843,0;2369336843,2369336701,0;2369336701,12333484744,0;12333484744,2368579077,0;2368579077,2369336820,0;2369336820,2368578991,0;2368578991,8887740818,0;8887740818,8887717116,0;8887717116,6043430915,0;6043430915,4899192485,0;4899192485,564639012,0;564639012,564638925,0;564638925,504640818,0;504640818,504637096,0;504637096,2787061089,0;2787061089,564641522,0;564641522,11155489649,0;11155489649,11155489650,0;11155489650,2787061341,0;2787061341,2787061167,0"
simulated_extreme,30,0.0,0.2,20560940,universal,risk,10297.182344079098,0.6370087923684875,0.8280776466145003,0.8219173776639992,0.4311778653622655,94.69140000874177,15.291799965780228,"9706921350,9706921684,0;9706921684,9706921682,0;9706921682,9713848047,0;9713848047,9713848018,0;9713848018,9713848023,0;9713848023,12984979400,0;12984979400,9713848118,0;9713848118,9713848006,0;9713848006,9713847968,0;9713847968,9706921713,0;9706921713,9706921712,0;9706921712,9706921786,0;9706921786,9778914467,0;9778914467,9706887247,0;9706887247,9706857800,0;9706857800,9706857774,0;9706857774,9706857801,0;9706857801,9706857775,0;9706857775,9706857832,0;9706857832,9706857843,0;9706857843,7161807983,0;7161807983,7161812592,0;7161812592,499478563,0;499478563,499478564,0;499478564,7973114513,0;7973114513,7973099569,0;7973099569,7975273881,0;7975273881,7973099508,0;7973099508,7973099507,0;7973099507,7973114859,0;7973114859,8298792534,0;8298792534,8298792550,0;8298792550,7973114851,0;7973114851,7975286501,0;7975286501,8298792599,0;8298792599,1116501292,0;1116501292,7975286500,0;7975286500,1116501304,0;1116501304,7975286429,0;7975286429,7975286583,0;7975286583,7977056082,0;7977056082,7977056084,0;7977056084,7977050965,0;7977050965,7977056079,0;7977056079,7979256640,0;7979256640,7979256626,0;7979256626,7979256668,0;7979256668,7977056101,0;7977056101,7967831807,0;7967831807,7967774259,0;7967774259,503464976,0;503464976,7961771680,0;7961771680,1116492807,0;1116492807,7967774262,0;7967774262,503464985,0;503464985,2530277199,0;2530277199,564083084,0;564083084,5374860944,0;5374860944,5374860978,0;5374860978,5374861143,0;5374861143,9053077286,0;9053077286,13527622504,0;13527622504,13167173350,0;13167173350,13527622497,0;13527622497,564083093,0;564083093,6317320202,0;6317320202,564083165,0;564083165,13167173329,0;13167173329,6317320222,0;6317320222,6028645652,0;6028645652,2369336843,0;2369336843,2369336701,0;2369336701,12333484744,0;12333484744,2368579077,0;2368579077,2369336820,0;2369336820,2368578991,0;2368578991,8887740818,0;8887740818,9570709534,0;9570709534,2369336807,0;2369336807,2368578970,0;2368578970,6043430915,0;6043430915,4899192485,0;4899192485,564639012,0;564639012,564638925,0;564638925,504640818,0;504640818,504637096,0;504637096,2787061089,0;2787061089,2787061351,0;2787061351,2787061330,0;2787061330,11155489650,0;11155489650,2787061341,0;2787061341,2787061167,0"
simulated_extreme,30,0.0,0.2,20560940,universal,risk_uncertainty,10297.182344079098,0.6370087923684875,0.8280776466145003,0.8219173776639992,0.4311778653622655,98.86750008445233,19.467900041490793,"9706921350,9706921684,0;9706921684,9706921682,0;9706921682,9713848047,0;9713848047,9713848018,0;9713848018,9713848023,0;9713848023,12984979400,0;12984979400,9713848118,0;9713848118,9713848006,0;9713848006,9713847968,0;9713847968,9706921713,0;9706921713,9706921712,0;9706921712,9706921786,0;9706921786,9778914467,0;9778914467,9706887247,0;9706887247,9706857800,0;9706857800,9706857774,0;9706857774,9706857801,0;9706857801,9706857775,0;9706857775,9706857832,0;9706857832,9706857843,0;9706857843,7161807983,0;7161807983,7161812592,0;7161812592,499478563,0;499478563,499478564,0;499478564,7973114513,0;7973114513,7973099569,0;7973099569,7975273881,0;7975273881,7973099508,0;7973099508,7973099507,0;7973099507,7973114859,0;7973114859,8298792534,0;8298792534,8298792550,0;8298792550,7973114851,0;7973114851,7975286501,0;7975286501,8298792599,0;8298792599,1116501292,0;1116501292,7975286500,0;7975286500,1116501304,0;1116501304,7975286429,0;7975286429,7975286583,0;7975286583,7977056082,0;7977056082,7977056084,0;7977056084,7977050965,0;7977050965,7977056079,0;7977056079,7979256640,0;7979256640,7979256626,0;7979256626,7979256668,0;7979256668,7977056101,0;7977056101,7967831807,0;7967831807,7967774259,0;7967774259,503464976,0;503464976,7961771680,0;7961771680,1116492807,0;1116492807,7967774262,0;7967774262,503464985,0;503464985,2530277199,0;2530277199,564083084,0;564083084,5374860944,0;5374860944,5374860978,0;5374860978,5374861143,0;5374861143,9053077286,0;9053077286,13527622504,0;13527622504,13167173350,0;13167173350,13527622497,0;13527622497,564083093,0;564083093,6317320202,0;6317320202,564083165,0;564083165,13167173329,0;13167173329,6317320222,0;6317320222,6028645652,0;6028645652,2369336843,0;2369336843,2369336701,0;2369336701,12333484744,0;12333484744,2368579077,0;2368579077,2369336820,0;2369336820,2368578991,0;2368578991,8887740818,0;8887740818,9570709534,0;9570709534,2369336807,0;2369336807,2368578970,0;2368578970,6043430915,0;6043430915,4899192485,0;4899192485,564639012,0;564639012,564638925,0;564638925,504640818,0;504640818,504637096,0;504637096,2787061089,0;2787061089,2787061351,0;2787061351,2787061330,0;2787061330,11155489650,0;11155489650,2787061341,0;2787061341,2787061167,0"
simulated_extreme,30,0.0,0.2,20560940,universal,shortest,10279.902722198703,0.6421914589263749,0.8280776466145003,0.8190917470674244,0.42948322884636647,93.78530003596097,14.385699992999434,"9706921350,9706921684,0;9706921684,9706921682,0;9706921682,9713848047,0;9713848047,9713848018,0;9713848018,9713848023,0;9713848023,12984979400,0;12984979400,9713848118,0;9713848118,9713848006,0;9713848006,9713847968,0;9713847968,9706921713,0;9706921713,9706921712,0;9706921712,9706921786,0;9706921786,9778914467,0;9778914467,9706887247,0;9706887247,9706857800,0;9706857800,9706857774,0;9706857774,9706857801,0;9706857801,9706857775,0;9706857775,9706857832,0;9706857832,9706857843,0;9706857843,7161807983,0;7161807983,7161812592,0;7161812592,499478563,0;499478563,499478564,0;499478564,7973114513,0;7973114513,7973099569,0;7973099569,7975273881,0;7975273881,7973099508,0;7973099508,7973099507,0;7973099507,7973114859,0;7973114859,8298792534,0;8298792534,8298792550,0;8298792550,7973114851,0;7973114851,7975286501,0;7975286501,8298792599,0;8298792599,1116501292,0;1116501292,7975286500,0;7975286500,1116501304,0;1116501304,1116501296,0;1116501296,7977050964,0;7977050964,7977056084,0;7977056084,7977050965,0;7977050965,7977056079,0;7977056079,7979256640,0;7979256640,7979256626,0;7979256626,7979256668,0;7979256668,7977056101,0;7977056101,7967831807,0;7967831807,7967774259,0;7967774259,503464976,0;503464976,7961771680,0;7961771680,1116492807,0;1116492807,7967774262,0;7967774262,503464985,0;503464985,2530277199,0;2530277199,564083084,0;564083084,5374860944,0;5374860944,5374860978,0;5374860978,5374861143,0;5374861143,9053077286,0;9053077286,13527622504,0;13527622504,13167173350,0;13167173350,13527622497,0;13527622497,564083093,0;564083093,6317320202,0;6317320202,564083165,0;564083165,13167173329,0;13167173329,6317320222,0;6317320222,6028645652,0;6028645652,2369336843,0;2369336843,2369336701,0;2369336701,12333484744,0;12333484744,2368579077,0;2368579077,2369336820,0;2369336820,2368578991,0;2368578991,8887740818,0;8887740818,8887717116,0;8887717116,6043430915,0;6043430915,4899192485,0;4899192485,564639012,0;564639012,564638925,0;564638925,504640818,0;504640818,504637096,0;504637096,2787061089,0;2787061089,564641522,0;564641522,11155489649,0;11155489649,11155489650,0;11155489650,2787061341,0;2787061341,2787061167,0"
simulated_extreme,30,0.0,0.2,20560940,universal,trusted,10297.182344079098,0.6370087923684875,0.8280776466145003,0.8219173776639992,0.4311778653622655,94.24280002713203,14.843199984170496,"9706921350,9706921684,0;9706921684,9706921682,0;9706921682,9713848047,0;9713848047,9713848018,0;9713848018,9713848023,0;9713848023,12984979400,0;12984979400,9713848118,0;9713848118,9713848006,0;9713848006,9713847968,0;9713847968,9706921713,0;9706921713,9706921712,0;9706921712,9706921786,0;9706921786,9778914467,0;9778914467,9706887247,0;9706887247,9706857800,0;9706857800,9706857774,0;9706857774,9706857801,0;9706857801,9706857775,0;9706857775,9706857832,0;9706857832,9706857843,0;9706857843,7161807983,0;7161807983,7161812592,0;7161812592,499478563,0;499478563,499478564,0;499478564,7973114513,0;7973114513,7973099569,0;7973099569,7975273881,0;7975273881,7973099508,0;7973099508,7973099507,0;7973099507,7973114859,0;7973114859,8298792534,0;8298792534,8298792550,0;8298792550,7973114851,0;7973114851,7975286501,0;7975286501,8298792599,0;8298792599,1116501292,0;1116501292,7975286500,0;7975286500,1116501304,0;1116501304,7975286429,0;7975286429,7975286583,0;7975286583,7977056082,0;7977056082,7977056084,0;7977056084,7977050965,0;7977050965,7977056079,0;7977056079,7979256640,0;7979256640,7979256626,0;7979256626,7979256668,0;7979256668,7977056101,0;7977056101,7967831807,0;7967831807,7967774259,0;7967774259,503464976,0;503464976,7961771680,0;7961771680,1116492807,0;1116492807,7967774262,0;7967774262,503464985,0;503464985,2530277199,0;2530277199,564083084,0;564083084,5374860944,0;5374860944,5374860978,0;5374860978,5374861143,0;5374861143,9053077286,0;9053077286,13527622504,0;13527622504,13167173350,0;13167173350,13527622497,0;13527622497,564083093,0;564083093,6317320202,0;6317320202,564083165,0;564083165,13167173329,0;13167173329,6317320222,0;6317320222,6028645652,0;6028645652,2369336843,0;2369336843,2369336701,0;2369336701,12333484744,0;12333484744,2368579077,0;2368579077,2369336820,0;2369336820,2368578991,0;2368578991,8887740818,0;8887740818,9570709534,0;9570709534,2369336807,0;2369336807,2368578970,0;2368578970,6043430915,0;6043430915,4899192485,0;4899192485,564639012,0;564639012,564638925,0;564638925,504640818,0;504640818,504637096,0;504637096,2787061089,0;2787061089,2787061351,0;2787061351,2787061330,0;2787061330,11155489650,0;11155489650,2787061341,0;2787061341,2787061167,0"
simulated_extreme,30,0.2,0.0,20562920,source_specific,risk,10297.182344079098,0.6370087923684875,0.8280776466145003,0.8219173776639992,0.4311778653622655,94.7908999514766,13.766399992164224,"9706921350,9706921684,0;9706921684,9706921682,0;9706921682,9713848047,0;9713848047,9713848018,0;9713848018,9713848023,0;9713848023,12984979400,0;12984979400,9713848118,0;9713848118,9713848006,0;9713848006,9713847968,0;9713847968,9706921713,0;9706921713,9706921712,0;9706921712,9706921786,0;9706921786,9778914467,0;9778914467,9706887247,0;9706887247,9706857800,0;9706857800,9706857774,0;9706857774,9706857801,0;9706857801,9706857775,0;9706857775,9706857832,0;9706857832,9706857843,0;9706857843,7161807983,0;7161807983,7161812592,0;7161812592,499478563,0;499478563,499478564,0;499478564,7973114513,0;7973114513,7973099569,0;7973099569,7975273881,0;7975273881,7973099508,0;7973099508,7973099507,0;7973099507,7973114859,0;7973114859,8298792534,0;8298792534,8298792550,0;8298792550,7973114851,0;7973114851,7975286501,0;7975286501,8298792599,0;8298792599,1116501292,0;1116501292,7975286500,0;7975286500,1116501304,0;1116501304,7975286429,0;7975286429,7975286583,0;7975286583,7977056082,0;7977056082,7977056084,0;7977056084,7977050965,0;7977050965,7977056079,0;7977056079,7979256640,0;7979256640,7979256626,0;7979256626,7979256668,0;7979256668,7977056101,0;7977056101,7967831807,0;7967831807,7967774259,0;7967774259,503464976,0;503464976,7961771680,0;7961771680,1116492807,0;1116492807,7967774262,0;7967774262,503464985,0;503464985,2530277199,0;2530277199,564083084,0;564083084,5374860944,0;5374860944,5374860978,0;5374860978,5374861143,0;5374861143,9053077286,0;9053077286,13527622504,0;13527622504,13167173350,0;13167173350,13527622497,0;13527622497,564083093,0;564083093,6317320202,0;6317320202,564083165,0;564083165,13167173329,0;13167173329,6317320222,0;6317320222,6028645652,0;6028645652,2369336843,0;2369336843,2369336701,0;2369336701,12333484744,0;12333484744,2368579077,0;2368579077,2369336820,0;2369336820,2368578991,0;2368578991,8887740818,0;8887740818,9570709534,0;9570709534,2369336807,0;2369336807,2368578970,0;2368578970,6043430915,0;6043430915,4899192485,0;4899192485,564639012,0;564639012,564638925,0;564638925,504640818,0;504640818,504637096,0;504637096,2787061089,0;2787061089,2787061351,0;2787061351,2787061330,0;2787061330,11155489650,0;11155489650,2787061341,0;2787061341,2787061167,0"
simulated_extreme,30,0.2,0.0,20562920,source_specific,risk_uncertainty,10297.182344079098,0.6370087923684875,0.8280776466145003,0.8219173776639992,0.4311778653622655,97.11509995395318,16.090599994640797,"9706921350,9706921684,0;9706921684,9706921682,0;9706921682,9713848047,0;9713848047,9713848018,0;9713848018,9713848023,0;9713848023,12984979400,0;12984979400,9713848118,0;9713848118,9713848006,0;9713848006,9713847968,0;9713847968,9706921713,0;9706921713,9706921712,0;9706921712,9706921786,0;9706921786,9778914467,0;9778914467,9706887247,0;9706887247,9706857800,0;9706857800,9706857774,0;9706857774,9706857801,0;9706857801,9706857775,0;9706857775,9706857832,0;9706857832,9706857843,0;9706857843,7161807983,0;7161807983,7161812592,0;7161812592,499478563,0;499478563,499478564,0;499478564,7973114513,0;7973114513,7973099569,0;7973099569,7975273881,0;7975273881,7973099508,0;7973099508,7973099507,0;7973099507,7973114859,0;7973114859,8298792534,0;8298792534,8298792550,0;8298792550,7973114851,0;7973114851,7975286501,0;7975286501,8298792599,0;8298792599,1116501292,0;1116501292,7975286500,0;7975286500,1116501304,0;1116501304,7975286429,0;7975286429,7975286583,0;7975286583,7977056082,0;7977056082,7977056084,0;7977056084,7977050965,0;7977050965,7977056079,0;7977056079,7979256640,0;7979256640,7979256626,0;7979256626,7979256668,0;7979256668,7977056101,0;7977056101,7967831807,0;7967831807,7967774259,0;7967774259,503464976,0;503464976,7961771680,0;7961771680,1116492807,0;1116492807,7967774262,0;7967774262,503464985,0;503464985,2530277199,0;2530277199,564083084,0;564083084,5374860944,0;5374860944,5374860978,0;5374860978,5374861143,0;5374861143,9053077286,0;9053077286,13527622504,0;13527622504,13167173350,0;13167173350,13527622497,0;13527622497,564083093,0;564083093,6317320202,0;6317320202,564083165,0;564083165,13167173329,0;13167173329,6317320222,0;6317320222,6028645652,0;6028645652,2369336843,0;2369336843,2369336701,0;2369336701,12333484744,0;12333484744,2368579077,0;2368579077,2369336820,0;2369336820,2368578991,0;2368578991,8887740818,0;8887740818,9570709534,0;9570709534,2369336807,0;2369336807,2368578970,0;2368578970,6043430915,0;6043430915,4899192485,0;4899192485,564639012,0;564639012,564638925,0;564638925,504640818,0;504640818,504637096,0;504637096,2787061089,0;2787061089,2787061351,0;2787061351,2787061330,0;2787061330,11155489650,0;11155489650,2787061341,0;2787061341,2787061167,0"
simulated_extreme,30,0.2,0.0,20562920,source_specific,shortest,10279.902722198703,0.6421914589263749,0.8280776466145003,0.8190917470674244,0.42948322884636647,96.39239992247894,15.367899963166565,"9706921350,9706921684,0;9706921684,9706921682,0;9706921682,9713848047,0;9713848047,9713848018,0;9713848018,9713848023,0;9713848023,12984979400,0;12984979400,9713848118,0;9713848118,9713848006,0;9713848006,9713847968,0;9713847968,9706921713,0;9706921713,9706921712,0;9706921712,9706921786,0;9706921786,9778914467,0;9778914467,9706887247,0;9706887247,9706857800,0;9706857800,9706857774,0;9706857774,9706857801,0;9706857801,9706857775,0;9706857775,9706857832,0;9706857832,9706857843,0;9706857843,7161807983,0;7161807983,7161812592,0;7161812592,499478563,0;499478563,499478564,0;499478564,7973114513,0;7973114513,7973099569,0;7973099569,7975273881,0;7975273881,7973099508,0;7973099508,7973099507,0;7973099507,7973114859,0;7973114859,8298792534,0;8298792534,8298792550,0;8298792550,7973114851,0;7973114851,7975286501,0;7975286501,8298792599,0;8298792599,1116501292,0;1116501292,7975286500,0;7975286500,1116501304,0;1116501304,1116501296,0;1116501296,7977050964,0;7977050964,7977056084,0;7977056084,7977050965,0;7977050965,7977056079,0;7977056079,7979256640,0;7979256640,7979256626,0;7979256626,7979256668,0;7979256668,7977056101,0;7977056101,7967831807,0;7967831807,7967774259,0;7967774259,503464976,0;503464976,7961771680,0;7961771680,1116492807,0;1116492807,7967774262,0;7967774262,503464985,0;503464985,2530277199,0;2530277199,564083084,0;564083084,5374860944,0;5374860944,5374860978,0;5374860978,5374861143,0;5374861143,9053077286,0;9053077286,13527622504,0;13527622504,13167173350,0;13167173350,13527622497,0;13527622497,564083093,0;564083093,6317320202,0;6317320202,564083165,0;564083165,13167173329,0;13167173329,6317320222,0;6317320222,6028645652,0;6028645652,2369336843,0;2369336843,2369336701,0;2369336701,12333484744,0;12333484744,2368579077,0;2368579077,2369336820,0;2369336820,2368578991,0;2368578991,8887740818,0;8887740818,8887717116,0;8887717116,6043430915,0;6043430915,4899192485,0;4899192485,564639012,0;564639012,564638925,0;564638925,504640818,0;504640818,504637096,0;504637096,2787061089,0;2787061089,564641522,0;564641522,11155489649,0;11155489649,11155489650,0;11155489650,2787061341,0;2787061341,2787061167,0"
simulated_extreme,30,0.2,0.0,20562920,source_specific,trusted,10297.182344079098,0.6370087923684875,0.8280776466145003,0.8219173776639992,0.4311778653622655,95.92789993621409,14.90339997690171,"9706921350,9706921684,0;9706921684,9706921682,0;9706921682,9713848047,0;9713848047,9713848018,0;9713848018,9713848023,0;9713848023,12984979400,0;12984979400,9713848118,0;9713848118,9713848006,0;9713848006,9713847968,0;9713847968,9706921713,0;9706921713,9706921712,0;9706921712,9706921786,0;9706921786,9778914467,0;9778914467,9706887247,0;9706887247,9706857800,0;9706857800,9706857774,0;9706857774,9706857801,0;9706857801,9706857775,0;9706857775,9706857832,0;9706857832,9706857843,0;9706857843,7161807983,0;7161807983,7161812592,0;7161812592,499478563,0;499478563,499478564,0;499478564,7973114513,0;7973114513,7973099569,0;7973099569,7975273881,0;7975273881,7973099508,0;7973099508,7973099507,0;7973099507,7973114859,0;7973114859,8298792534,0;8298792534,8298792550,0;8298792550,7973114851,0;7973114851,7975286501,0;7975286501,8298792599,0;8298792599,1116501292,0;1116501292,7975286500,0;7975286500,1116501304,0;1116501304,7975286429,0;7975286429,7975286583,0;7975286583,7977056082,0;7977056082,7977056084,0;7977056084,7977050965,0;7977050965,7977056079,0;7977056079,7979256640,0;7979256640,7979256626,0;7979256626,7979256668,0;7979256668,7977056101,0;7977056101,7967831807,0;7967831807,7967774259,0;7967774259,503464976,0;503464976,7961771680,0;7961771680,1116492807,0;1116492807,7967774262,0;7967774262,503464985,0;503464985,2530277199,0;2530277199,564083084,0;564083084,5374860944,0;5374860944,5374860978,0;5374860978,5374861143,0;5374861143,9053077286,0;9053077286,13527622504,0;13527622504,13167173350,0;13167173350,13527622497,0;13527622497,564083093,0;564083093,6317320202,0;6317320202,564083165,0;564083165,13167173329,0;13167173329,6317320222,0;6317320222,6028645652,0;6028645652,2369336843,0;2369336843,2369336701,0;2369336701,12333484744,0;12333484744,2368579077,0;2368579077,2369336820,0;2369336820,2368578991,0;2368578991,8887740818,0;8887740818,9570709534,0;9570709534,2369336807,0;2369336807,2368578970,0;2368578970,6043430915,0;6043430915,4899192485,0;4899192485,564639012,0;564639012,564638925,0;564638925,504640818,0;504640818,504637096,0;504637096,2787061089,0;2787061089,2787061351,0;2787061351,2787061330,0;2787061330,11155489650,0;11155489650,2787061341,0;2787061341,2787061167,0"
simulated_extreme,30,0.2,0.0,20562920,universal,risk,10297.182344079098,0.6370087923684875,0.8280776466145003,0.8219173776639992,0.4311778653622655,96.46480000810698,14.640000008512288,"9706921350,9706921684,0;9706921684,9706921682,0;9706921682,9713848047,0;9713848047,9713848018,0;9713848018,9713848023,0;9713848023,12984979400,0;12984979400,9713848118,0;9713848118,9713848006,0;9713848006,9713847968,0;9713847968,9706921713,0;9706921713,9706921712,0;9706921712,9706921786,0;9706921786,9778914467,0;9778914467,9706887247,0;9706887247,9706857800,0;9706857800,9706857774,0;9706857774,9706857801,0;9706857801,9706857775,0;9706857775,9706857832,0;9706857832,9706857843,0;9706857843,7161807983,0;7161807983,7161812592,0;7161812592,499478563,0;499478563,499478564,0;499478564,7973114513,0;7973114513,7973099569,0;7973099569,7975273881,0;7975273881,7973099508,0;7973099508,7973099507,0;7973099507,7973114859,0;7973114859,8298792534,0;8298792534,8298792550,0;8298792550,7973114851,0;7973114851,7975286501,0;7975286501,8298792599,0;8298792599,1116501292,0;1116501292,7975286500,0;7975286500,1116501304,0;1116501304,7975286429,0;7975286429,7975286583,0;7975286583,7977056082,0;7977056082,7977056084,0;7977056084,7977050965,0;7977050965,7977056079,0;7977056079,7979256640,0;7979256640,7979256626,0;7979256626,7979256668,0;7979256668,7977056101,0;7977056101,7967831807,0;7967831807,7967774259,0;7967774259,503464976,0;503464976,7961771680,0;7961771680,1116492807,0;1116492807,7967774262,0;7967774262,503464985,0;503464985,2530277199,0;2530277199,564083084,0;564083084,5374860944,0;5374860944,5374860978,0;5374860978,5374861143,0;5374861143,9053077286,0;9053077286,13527622504,0;13527622504,13167173350,0;13167173350,13527622497,0;13527622497,564083093,0;564083093,6317320202,0;6317320202,564083165,0;564083165,13167173329,0;13167173329,6317320222,0;6317320222,6028645652,0;6028645652,2369336843,0;2369336843,2369336701,0;2369336701,12333484744,0;12333484744,2368579077,0;2368579077,2369336820,0;2369336820,2368578991,0;2368578991,8887740818,0;8887740818,9570709534,0;9570709534,2369336807,0;2369336807,2368578970,0;2368578970,6043430915,0;6043430915,4899192485,0;4899192485,564639012,0;564639012,564638925,0;564638925,504640818,0;504640818,504637096,0;504637096,2787061089,0;2787061089,2787061351,0;2787061351,2787061330,0;2787061330,11155489650,0;11155489650,2787061341,0;2787061341,2787061167,0"
simulated_extreme,30,0.2,0.0,20562920,universal,risk_uncertainty,10297.182344079098,0.6370087923684875,0.8280776466145003,0.8219173776639992,0.4311778653622655,96.78890003124252,14.964100031647831,"9706921350,9706921684,0;9706921684,9706921682,0;9706921682,9713848047,0;9713848047,9713848018,0;9713848018,9713848023,0;9713848023,12984979400,0;12984979400,9713848118,0;9713848118,9713848006,0;9713848006,9713847968,0;9713847968,9706921713,0;9706921713,9706921712,0;9706921712,9706921786,0;9706921786,9778914467,0;9778914467,9706887247,0;9706887247,9706857800,0;9706857800,9706857774,0;9706857774,9706857801,0;9706857801,9706857775,0;9706857775,9706857832,0;9706857832,9706857843,0;9706857843,7161807983,0;7161807983,7161812592,0;7161812592,499478563,0;499478563,499478564,0;499478564,7973114513,0;7973114513,7973099569,0;7973099569,7975273881,0;7975273881,7973099508,0;7973099508,7973099507,0;7973099507,7973114859,0;7973114859,8298792534,0;8298792534,8298792550,0;8298792550,7973114851,0;7973114851,7975286501,0;7975286501,8298792599,0;8298792599,1116501292,0;1116501292,7975286500,0;7975286500,1116501304,0;1116501304,7975286429,0;7975286429,7975286583,0;7975286583,7977056082,0;7977056082,7977056084,0;7977056084,7977050965,0;7977050965,7977056079,0;7977056079,7979256640,0;7979256640,7979256626,0;7979256626,7979256668,0;7979256668,7977056101,0;7977056101,7967831807,0;7967831807,7967774259,0;7967774259,503464976,0;503464976,7961771680,0;7961771680,1116492807,0;1116492807,7967774262,0;7967774262,503464985,0;503464985,2530277199,0;2530277199,564083084,0;564083084,5374860944,0;5374860944,5374860978,0;5374860978,5374861143,0;5374861143,9053077286,0;9053077286,13527622504,0;13527622504,13167173350,0;13167173350,13527622497,0;13527622497,564083093,0;564083093,6317320202,0;6317320202,564083165,0;564083165,13167173329,0;13167173329,6317320222,0;6317320222,6028645652,0;6028645652,2369336843,0;2369336843,2369336701,0;2369336701,12333484744,0;12333484744,2368579077,0;2368579077,2369336820,0;2369336820,2368578991,0;2368578991,8887740818,0;8887740818,9570709534,0;9570709534,2369336807,0;2369336807,2368578970,0;2368578970,6043430915,0;6043430915,4899192485,0;4899192485,564639012,0;564639012,564638925,0;564638925,504640818,0;504640818,504637096,0;504637096,2787061089,0;2787061089,2787061351,0;2787061351,2787061330,0;2787061330,11155489650,0;11155489650,2787061341,0;2787061341,2787061167,0"
simulated_extreme,30,0.2,0.0,20562920,universal,shortest,10279.902722198703,0.6421914589263749,0.8280776466145003,0.8190917470674244,0.42948322884636647,98.6581000033766,16.833300003781915,"9706921350,9706921684,0;9706921684,9706921682,0;9706921682,9713848047,0;9713848047,9713848018,0;9713848018,9713848023,0;9713848023,12984979400,0;12984979400,9713848118,0;9713848118,9713848006,0;9713848006,9713847968,0;9713847968,9706921713,0;9706921713,9706921712,0;9706921712,9706921786,0;9706921786,9778914467,0;9778914467,9706887247,0;9706887247,9706857800,0;9706857800,9706857774,0;9706857774,9706857801,0;9706857801,9706857775,0;9706857775,9706857832,0;9706857832,9706857843,0;9706857843,7161807983,0;7161807983,7161812592,0;7161812592,499478563,0;499478563,499478564,0;499478564,7973114513,0;7973114513,7973099569,0;7973099569,7975273881,0;7975273881,7973099508,0;7973099508,7973099507,0;7973099507,7973114859,0;7973114859,8298792534,0;8298792534,8298792550,0;8298792550,7973114851,0;7973114851,7975286501,0;7975286501,8298792599,0;8298792599,1116501292,0;1116501292,7975286500,0;7975286500,1116501304,0;1116501304,1116501296,0;1116501296,7977050964,0;7977050964,7977056084,0;7977056084,7977050965,0;7977050965,7977056079,0;7977056079,7979256640,0;7979256640,7979256626,0;7979256626,7979256668,0;7979256668,7977056101,0;7977056101,7967831807,0;7967831807,7967774259,0;7967774259,503464976,0;503464976,7961771680,0;7961771680,1116492807,0;1116492807,7967774262,0;7967774262,503464985,0;503464985,2530277199,0;2530277199,564083084,0;564083084,5374860944,0;5374860944,5374860978,0;5374860978,5374861143,0;5374861143,9053077286,0;9053077286,13527622504,0;13527622504,13167173350,0;13167173350,13527622497,0;13527622497,564083093,0;564083093,6317320202,0;6317320202,564083165,0;564083165,13167173329,0;13167173329,6317320222,0;6317320222,6028645652,0;6028645652,2369336843,0;2369336843,2369336701,0;2369336701,12333484744,0;12333484744,2368579077,0;2368579077,2369336820,0;2369336820,2368578991,0;2368578991,8887740818,0;8887740818,8887717116,0;8887717116,6043430915,0;6043430915,4899192485,0;4899192485,564639012,0;564639012,564638925,0;564638925,504640818,0;504640818,504637096,0;504637096,2787061089,0;2787061089,564641522,0;564641522,11155489649,0;11155489649,11155489650,0;11155489650,2787061341,0;2787061341,2787061167,0"
simulated_extreme,30,0.2,0.0,20562920,universal,trusted,10297.182344079098,0.6370087923684875,0.8280776466145003,0.8219173776639992,0.4311778653622655,96.36929997941479,14.544499979820102,"9706921350,9706921684,0;9706921684,9706921682,0;9706921682,9713848047,0;9713848047,9713848018,0;9713848018,9713848023,0;9713848023,12984979400,0;12984979400,9713848118,0;9713848118,9713848006,0;9713848006,9713847968,0;9713847968,9706921713,0;9706921713,9706921712,0;9706921712,9706921786,0;9706921786,9778914467,0;9778914467,9706887247,0;9706887247,9706857800,0;9706857800,9706857774,0;9706857774,9706857801,0;9706857801,9706857775,0;9706857775,9706857832,0;9706857832,9706857843,0;9706857843,7161807983,0;7161807983,7161812592,0;7161812592,499478563,0;499478563,499478564,0;499478564,7973114513,0;7973114513,7973099569,0;7973099569,7975273881,0;7975273881,7973099508,0;7973099508,7973099507,0;7973099507,7973114859,0;7973114859,8298792534,0;8298792534,8298792550,0;8298792550,7973114851,0;7973114851,7975286501,0;7975286501,8298792599,0;8298792599,1116501292,0;1116501292,7975286500,0;7975286500,1116501304,0;1116501304,7975286429,0;7975286429,7975286583,0;7975286583,7977056082,0;7977056082,7977056084,0;7977056084,7977050965,0;7977050965,7977056079,0;7977056079,7979256640,0;7979256640,7979256626,0;7979256626,7979256668,0;7979256668,7977056101,0;7977056101,7967831807,0;7967831807,7967774259,0;7967774259,503464976,0;503464976,7961771680,0;7961771680,1116492807,0;1116492807,7967774262,0;7967774262,503464985,0;503464985,2530277199,0;2530277199,564083084,0;564083084,5374860944,0;5374860944,5374860978,0;5374860978,5374861143,0;5374861143,9053077286,0;9053077286,13527622504,0;13527622504,13167173350,0;13167173350,13527622497,0;13527622497,564083093,0;564083093,6317320202,0;6317320202,564083165,0;564083165,13167173329,0;13167173329,6317320222,0;6317320222,6028645652,0;6028645652,2369336843,0;2369336843,2369336701,0;2369336701,12333484744,0;12333484744,2368579077,0;2368579077,2369336820,0;2369336820,2368578991,0;2368578991,8887740818,0;8887740818,9570709534,0;9570709534,2369336807,0;2369336807,2368578970,0;2368578970,6043430915,0;6043430915,4899192485,0;4899192485,564639012,0;564639012,564638925,0;564638925,504640818,0;504640818,504637096,0;504637096,2787061089,0;2787061089,2787061351,0;2787061351,2787061330,0;2787061330,11155489650,0;11155489650,2787061341,0;2787061341,2787061167,0"
simulated_extreme,30,0.2,0.1,20562930,source_specific,risk,10297.182344079098,0.6370087923684875,0.8280776466145003,0.8219173776639992,0.4311778653622655,95.91709997039288,15.837199985980988,"9706921350,9706921684,0;9706921684,9706921682,0;9706921682,9713848047,0;9713848047,9713848018,0;9713848018,9713848023,0;9713848023,12984979400,0;12984979400,9713848118,0;9713848118,9713848006,0;9713848006,9713847968,0;9713847968,9706921713,0;9706921713,9706921712,0;9706921712,9706921786,0;9706921786,9778914467,0;9778914467,9706887247,0;9706887247,9706857800,0;9706857800,9706857774,0;9706857774,9706857801,0;9706857801,9706857775,0;9706857775,9706857832,0;9706857832,9706857843,0;9706857843,7161807983,0;7161807983,7161812592,0;7161812592,499478563,0;499478563,499478564,0;499478564,7973114513,0;7973114513,7973099569,0;7973099569,7975273881,0;7975273881,7973099508,0;7973099508,7973099507,0;7973099507,7973114859,0;7973114859,8298792534,0;8298792534,8298792550,0;8298792550,7973114851,0;7973114851,7975286501,0;7975286501,8298792599,0;8298792599,1116501292,0;1116501292,7975286500,0;7975286500,1116501304,0;1116501304,7975286429,0;7975286429,7975286583,0;7975286583,7977056082,0;7977056082,7977056084,0;7977056084,7977050965,0;7977050965,7977056079,0;7977056079,7979256640,0;7979256640,7979256626,0;7979256626,7979256668,0;7979256668,7977056101,0;7977056101,7967831807,0;7967831807,7967774259,0;7967774259,503464976,0;503464976,7961771680,0;7961771680,1116492807,0;1116492807,7967774262,0;7967774262,503464985,0;503464985,2530277199,0;2530277199,564083084,0;564083084,5374860944,0;5374860944,5374860978,0;5374860978,5374861143,0;5374861143,9053077286,0;9053077286,13527622504,0;13527622504,13167173350,0;13167173350,13527622497,0;13527622497,564083093,0;564083093,6317320202,0;6317320202,564083165,0;564083165,13167173329,0;13167173329,6317320222,0;6317320222,6028645652,0;6028645652,2369336843,0;2369336843,2369336701,0;2369336701,12333484744,0;12333484744,2368579077,0;2368579077,2369336820,0;2369336820,2368578991,0;2368578991,8887740818,0;8887740818,9570709534,0;9570709534,2369336807,0;2369336807,2368578970,0;2368578970,6043430915,0;6043430915,4899192485,0;4899192485,564639012,0;564639012,564638925,0;564638925,504640818,0;504640818,504637096,0;504637096,2787061089,0;2787061089,2787061351,0;2787061351,2787061330,0;2787061330,11155489650,0;11155489650,2787061341,0;2787061341,2787061167,0"
simulated_extreme,30,0.2,0.1,20562930,source_specific,risk_uncertainty,10297.182344079098,0.6370087923684875,0.8280776466145003,0.8219173776639992,0.4311778653622655,94.61519995238632,14.535299967974424,"9706921350,9706921684,0;9706921684,9706921682,0;9706921682,9713848047,0;9713848047,9713848018,0;9713848018,9713848023,0;9713848023,12984979400,0;12984979400,9713848118,0;9713848118,9713848006,0;9713848006,9713847968,0;9713847968,9706921713,0;9706921713,9706921712,0;9706921712,9706921786,0;9706921786,9778914467,0;9778914467,9706887247,0;9706887247,9706857800,0;9706857800,9706857774,0;9706857774,9706857801,0;9706857801,9706857775,0;9706857775,9706857832,0;9706857832,9706857843,0;9706857843,7161807983,0;7161807983,7161812592,0;7161812592,499478563,0;499478563,499478564,0;499478564,7973114513,0;7973114513,7973099569,0;7973099569,7975273881,0;7975273881,7973099508,0;7973099508,7973099507,0;7973099507,7973114859,0;7973114859,8298792534,0;8298792534,8298792550,0;8298792550,7973114851,0;7973114851,7975286501,0;7975286501,8298792599,0;8298792599,1116501292,0;1116501292,7975286500,0;7975286500,1116501304,0;1116501304,7975286429,0;7975286429,7975286583,0;7975286583,7977056082,0;7977056082,7977056084,0;7977056084,7977050965,0;7977050965,7977056079,0;7977056079,7979256640,0;7979256640,7979256626,0;7979256626,7979256668,0;7979256668,7977056101,0;7977056101,7967831807,0;7967831807,7967774259,0;7967774259,503464976,0;503464976,7961771680,0;7961771680,1116492807,0;1116492807,7967774262,0;7967774262,503464985,0;503464985,2530277199,0;2530277199,564083084,0;564083084,5374860944,0;5374860944,5374860978,0;5374860978,5374861143,0;5374861143,9053077286,0;9053077286,13527622504,0;13527622504,13167173350,0;13167173350,13527622497,0;13527622497,564083093,0;564083093,6317320202,0;6317320202,564083165,0;564083165,13167173329,0;13167173329,6317320222,0;6317320222,6028645652,0;6028645652,2369336843,0;2369336843,2369336701,0;2369336701,12333484744,0;12333484744,2368579077,0;2368579077,2369336820,0;2369336820,2368578991,0;2368578991,8887740818,0;8887740818,9570709534,0;9570709534,2369336807,0;2369336807,2368578970,0;2368578970,6043430915,0;6043430915,4899192485,0;4899192485,564639012,0;564639012,564638925,0;564638925,504640818,0;504640818,504637096,0;504637096,2787061089,0;2787061089,2787061351,0;2787061351,2787061330,0;2787061330,11155489650,0;11155489650,2787061341,0;2787061341,2787061167,0"
simulated_extreme,30,0.2,0.1,20562930,source_specific,shortest,10279.902722198703,0.6421914589263749,0.8280776466145003,0.8190917470674244,0.42948322884636647,93.75919995363802,13.679299969226122,"9706921350,9706921684,0;9706921684,9706921682,0;9706921682,9713848047,0;9713848047,9713848018,0;9713848018,9713848023,0;9713848023,12984979400,0;12984979400,9713848118,0;9713848118,9713848006,0;9713848006,9713847968,0;9713847968,9706921713,0;9706921713,9706921712,0;9706921712,9706921786,0;9706921786,9778914467,0;9778914467,9706887247,0;9706887247,9706857800,0;9706857800,9706857774,0;9706857774,9706857801,0;9706857801,9706857775,0;9706857775,9706857832,0;9706857832,9706857843,0;9706857843,7161807983,0;7161807983,7161812592,0;7161812592,499478563,0;499478563,499478564,0;499478564,7973114513,0;7973114513,7973099569,0;7973099569,7975273881,0;7975273881,7973099508,0;7973099508,7973099507,0;7973099507,7973114859,0;7973114859,8298792534,0;8298792534,8298792550,0;8298792550,7973114851,0;7973114851,7975286501,0;7975286501,8298792599,0;8298792599,1116501292,0;1116501292,7975286500,0;7975286500,1116501304,0;1116501304,1116501296,0;1116501296,7977050964,0;7977050964,7977056084,0;7977056084,7977050965,0;7977050965,7977056079,0;7977056079,7979256640,0;7979256640,7979256626,0;7979256626,7979256668,0;7979256668,7977056101,0;7977056101,7967831807,0;7967831807,7967774259,0;7967774259,503464976,0;503464976,7961771680,0;7961771680,1116492807,0;1116492807,7967774262,0;7967774262,503464985,0;503464985,2530277199,0;2530277199,564083084,0;564083084,5374860944,0;5374860944,5374860978,0;5374860978,5374861143,0;5374861143,9053077286,0;9053077286,13527622504,0;13527622504,13167173350,0;13167173350,13527622497,0;13527622497,564083093,0;564083093,6317320202,0;6317320202,564083165,0;564083165,13167173329,0;13167173329,6317320222,0;6317320222,6028645652,0;6028645652,2369336843,0;2369336843,2369336701,0;2369336701,12333484744,0;12333484744,2368579077,0;2368579077,2369336820,0;2369336820,2368578991,0;2368578991,8887740818,0;8887740818,8887717116,0;8887717116,6043430915,0;6043430915,4899192485,0;4899192485,564639012,0;564639012,564638925,0;564638925,504640818,0;504640818,504637096,0;504637096,2787061089,0;2787061089,564641522,0;564641522,11155489649,0;11155489649,11155489650,0;11155489650,2787061341,0;2787061341,2787061167,0"
simulated_extreme,30,0.2,0.1,20562930,source_specific,trusted,10280.604724805988,0.6419737425283665,0.8280776466145003,0.8190917470674244,0.43026063169415374,96.39829996740445,16.31839998299256,"9706921350,9706921684,0;9706921684,9706921682,0;9706921682,9713848047,0;9713848047,9713848018,0;9713848018,9713848023,0;9713848023,12984979400,0;12984979400,9713848118,0;9713848118,9713848006,0;9713848006,9713847968,0;9713847968,9706921713,0;9706921713,9706921712,0;9706921712,9706921786,0;9706921786,9778914467,0;9778914467,9706887247,0;9706887247,9706857800,0;9706857800,9706857774,0;9706857774,9706857801,0;9706857801,9706857775,0;9706857775,9706857832,0;9706857832,9706857843,0;9706857843,7161807983,0;7161807983,7161812592,0;7161812592,499478563,0;499478563,499478564,0;499478564,7973114513,0;7973114513,7973099569,0;7973099569,7975273881,0;7975273881,7973099508,0;7973099508,7973099507,0;7973099507,7973114859,0;7973114859,8298792534,0;8298792534,8298792550,0;8298792550,7973114851,0;7973114851,7975286501,0;7975286501,8298792599,0;8298792599,1116501292,0;1116501292,7975286500,0;7975286500,1116501304,0;1116501304,7975286429,0;7975286429,7975286583,0;7975286583,7977056082,0;7977056082,7977056084,0;7977056084,7977050965,0;7977050965,7977056079,0;7977056079,7979256640,0;7979256640,7979256626,0;7979256626,7979256668,0;7979256668,7977056101,0;7977056101,7967831807,0;7967831807,7967774259,0;7967774259,503464976,0;503464976,7961771680,0;7961771680,1116492807,0;1116492807,7967774262,0;7967774262,503464985,0;503464985,2530277199,0;2530277199,564083084,0;564083084,5374860944,0;5374860944,5374860978,0;5374860978,5374861143,0;5374861143,9053077286,0;9053077286,13527622504,0;13527622504,13167173350,0;13167173350,13527622497,0;13527622497,564083093,0;564083093,6317320202,0;6317320202,564083165,0;564083165,13167173329,0;13167173329,6317320222,0;6317320222,6028645652,0;6028645652,2369336843,0;2369336843,2369336701,0;2369336701,12333484744,0;12333484744,2368579077,0;2368579077,2369336820,0;2369336820,2368578991,0;2368578991,8887740818,0;8887740818,8887717116,0;8887717116,6043430915,0;6043430915,4899192485,0;4899192485,564639012,0;564639012,564638925,0;564638925,504640818,0;504640818,504637096,0;504637096,2787061089,0;2787061089,564641522,0;564641522,11155489649,0;11155489649,11155489650,0;11155489650,2787061341,0;2787061341,2787061167,0"
simulated_extreme,30,0.2,0.1,20562930,universal,risk,10297.182344079098,0.6370087923684875,0.8280776466145003,0.8219173776639992,0.4311778653622655,94.80660001281649,15.989300038199872,"9706921350,9706921684,0;9706921684,9706921682,0;9706921682,9713848047,0;9713848047,9713848018,0;9713848018,9713848023,0;9713848023,12984979400,0;12984979400,9713848118,0;9713848118,9713848006,0;9713848006,9713847968,0;9713847968,9706921713,0;9706921713,9706921712,0;9706921712,9706921786,0;9706921786,9778914467,0;9778914467,9706887247,0;9706887247,9706857800,0;9706857800,9706857774,0;9706857774,9706857801,0;9706857801,9706857775,0;9706857775,9706857832,0;9706857832,9706857843,0;9706857843,7161807983,0;7161807983,7161812592,0;7161812592,499478563,0;499478563,499478564,0;499478564,7973114513,0;7973114513,7973099569,0;7973099569,7975273881,0;7975273881,7973099508,0;7973099508,7973099507,0;7973099507,7973114859,0;7973114859,8298792534,0;8298792534,8298792550,0;8298792550,7973114851,0;7973114851,7975286501,0;7975286501,8298792599,0;8298792599,1116501292,0;1116501292,7975286500,0;7975286500,1116501304,0;1116501304,7975286429,0;7975286429,7975286583,0;7975286583,7977056082,0;7977056082,7977056084,0;7977056084,7977050965,0;7977050965,7977056079,0;7977056079,7979256640,0;7979256640,7979256626,0;7979256626,7979256668,0;7979256668,7977056101,0;7977056101,7967831807,0;7967831807,7967774259,0;7967774259,503464976,0;503464976,7961771680,0;7961771680,1116492807,0;1116492807,7967774262,0;7967774262,503464985,0;503464985,2530277199,0;2530277199,564083084,0;564083084,5374860944,0;5374860944,5374860978,0;5374860978,5374861143,0;5374861143,9053077286,0;9053077286,13527622504,0;13527622504,13167173350,0;13167173350,13527622497,0;13527622497,564083093,0;564083093,6317320202,0;6317320202,564083165,0;564083165,13167173329,0;13167173329,6317320222,0;6317320222,6028645652,0;6028645652,2369336843,0;2369336843,2369336701,0;2369336701,12333484744,0;12333484744,2368579077,0;2368579077,2369336820,0;2369336820,2368578991,0;2368578991,8887740818,0;8887740818,9570709534,0;9570709534,2369336807,0;2369336807,2368578970,0;2368578970,6043430915,0;6043430915,4899192485,0;4899192485,564639012,0;564639012,564638925,0;564638925,504640818,0;504640818,504637096,0;504637096,2787061089,0;2787061089,2787061351,0;2787061351,2787061330,0;2787061330,11155489650,0;11155489650,2787061341,0;2787061341,2787061167,0"
simulated_extreme,30,0.2,0.1,20562930,universal,risk_uncertainty,10297.182344079098,0.6370087923684875,0.8280776466145003,0.8219173776639992,0.4311778653622655,93.767799960915,14.950499986298382,"9706921350,9706921684,0;9706921684,9706921682,0;9706921682,9713848047,0;9713848047,9713848018,0;9713848018,9713848023,0;9713848023,12984979400,0;12984979400,9713848118,0;9713848118,9713848006,0;9713848006,9713847968,0;9713847968,9706921713,0;9706921713,9706921712,0;9706921712,9706921786,0;9706921786,9778914467,0;9778914467,9706887247,0;9706887247,9706857800,0;9706857800,9706857774,0;9706857774,9706857801,0;9706857801,9706857775,0;9706857775,9706857832,0;9706857832,9706857843,0;9706857843,7161807983,0;7161807983,7161812592,0;7161812592,499478563,0;499478563,499478564,0;499478564,7973114513,0;7973114513,7973099569,0;7973099569,7975273881,0;7975273881,7973099508,0;7973099508,7973099507,0;7973099507,7973114859,0;7973114859,8298792534,0;8298792534,8298792550,0;8298792550,7973114851,0;7973114851,7975286501,0;7975286501,8298792599,0;8298792599,1116501292,0;1116501292,7975286500,0;7975286500,1116501304,0;1116501304,7975286429,0;7975286429,7975286583,0;7975286583,7977056082,0;7977056082,7977056084,0;7977056084,7977050965,0;7977050965,7977056079,0;7977056079,7979256640,0;7979256640,7979256626,0;7979256626,7979256668,0;7979256668,7977056101,0;7977056101,7967831807,0;7967831807,7967774259,0;7967774259,503464976,0;503464976,7961771680,0;7961771680,1116492807,0;1116492807,7967774262,0;7967774262,503464985,0;503464985,2530277199,0;2530277199,564083084,0;564083084,5374860944,0;5374860944,5374860978,0;5374860978,5374861143,0;5374861143,9053077286,0;9053077286,13527622504,0;13527622504,13167173350,0;13167173350,13527622497,0;13527622497,564083093,0;564083093,6317320202,0;6317320202,564083165,0;564083165,13167173329,0;13167173329,6317320222,0;6317320222,6028645652,0;6028645652,2369336843,0;2369336843,2369336701,0;2369336701,12333484744,0;12333484744,2368579077,0;2368579077,2369336820,0;2369336820,2368578991,0;2368578991,8887740818,0;8887740818,9570709534,0;9570709534,2369336807,0;2369336807,2368578970,0;2368578970,6043430915,0;6043430915,4899192485,0;4899192485,564639012,0;564639012,564638925,0;564638925,504640818,0;504640818,504637096,0;504637096,2787061089,0;2787061089,2787061351,0;2787061351,2787061330,0;2787061330,11155489650,0;11155489650,2787061341,0;2787061341,2787061167,0"
simulated_extreme,30,0.2,0.1,20562930,universal,shortest,10279.902722198703,0.6421914589263749,0.8280776466145003,0.8190917470674244,0.42948322884636647,93.59379997476935,14.776500000152737,"9706921350,9706921684,0;9706921684,9706921682,0;9706921682,9713848047,0;9713848047,9713848018,0;9713848018,9713848023,0;9713848023,12984979400,0;12984979400,9713848118,0;9713848118,9713848006,0;9713848006,9713847968,0;9713847968,9706921713,0;9706921713,9706921712,0;9706921712,9706921786,0;9706921786,9778914467,0;9778914467,9706887247,0;9706887247,9706857800,0;9706857800,9706857774,0;9706857774,9706857801,0;9706857801,9706857775,0;9706857775,9706857832,0;9706857832,9706857843,0;9706857843,7161807983,0;7161807983,7161812592,0;7161812592,499478563,0;499478563,499478564,0;499478564,7973114513,0;7973114513,7973099569,0;7973099569,7975273881,0;7975273881,7973099508,0;7973099508,7973099507,0;7973099507,7973114859,0;7973114859,8298792534,0;8298792534,8298792550,0;8298792550,7973114851,0;7973114851,7975286501,0;7975286501,8298792599,0;8298792599,1116501292,0;1116501292,7975286500,0;7975286500,1116501304,0;1116501304,1116501296,0;1116501296,7977050964,0;7977050964,7977056084,0;7977056084,7977050965,0;7977050965,7977056079,0;7977056079,7979256640,0;7979256640,7979256626,0;7979256626,7979256668,0;7979256668,7977056101,0;7977056101,7967831807,0;7967831807,7967774259,0;7967774259,503464976,0;503464976,7961771680,0;7961771680,1116492807,0;1116492807,7967774262,0;7967774262,503464985,0;503464985,2530277199,0;2530277199,564083084,0;564083084,5374860944,0;5374860944,5374860978,0;5374860978,5374861143,0;5374861143,9053077286,0;9053077286,13527622504,0;13527622504,13167173350,0;13167173350,13527622497,0;13527622497,564083093,0;564083093,6317320202,0;6317320202,564083165,0;564083165,13167173329,0;13167173329,6317320222,0;6317320222,6028645652,0;6028645652,2369336843,0;2369336843,2369336701,0;2369336701,12333484744,0;12333484744,2368579077,0;2368579077,2369336820,0;2369336820,2368578991,0;2368578991,8887740818,0;8887740818,8887717116,0;8887717116,6043430915,0;6043430915,4899192485,0;4899192485,564639012,0;564639012,564638925,0;564638925,504640818,0;504640818,504637096,0;504637096,2787061089,0;2787061089,564641522,0;564641522,11155489649,0;11155489649,11155489650,0;11155489650,2787061341,0;2787061341,2787061167,0"
simulated_extreme,30,0.2,0.1,20562930,universal,trusted,10297.182344079098,0.6370087923684875,0.8280776466145003,0.8219173776639992,0.4311778653622655,94.16789992246777,15.350599947851151,"9706921350,9706921684,0;9706921684,9706921682,0;9706921682,9713848047,0;9713848047,9713848018,0;9713848018,9713848023,0;9713848023,12984979400,0;12984979400,9713848118,0;9713848118,9713848006,0;9713848006,9713847968,0;9713847968,9706921713,0;9706921713,9706921712,0;9706921712,9706921786,0;9706921786,9778914467,0;9778914467,9706887247,0;9706887247,9706857800,0;9706857800,9706857774,0;9706857774,9706857801,0;9706857801,9706857775,0;9706857775,9706857832,0;9706857832,9706857843,0;9706857843,7161807983,0;7161807983,7161812592,0;7161812592,499478563,0;499478563,499478564,0;499478564,7973114513,0;7973114513,7973099569,0;7973099569,7975273881,0;7975273881,7973099508,0;7973099508,7973099507,0;7973099507,7973114859,0;7973114859,8298792534,0;8298792534,8298792550,0;8298792550,7973114851,0;7973114851,7975286501,0;7975286501,8298792599,0;8298792599,1116501292,0;1116501292,7975286500,0;7975286500,1116501304,0;1116501304,7975286429,0;7975286429,7975286583,0;7975286583,7977056082,0;7977056082,7977056084,0;7977056084,7977050965,0;7977050965,7977056079,0;7977056079,7979256640,0;7979256640,7979256626,0;7979256626,7979256668,0;7979256668,7977056101,0;7977056101,7967831807,0;7967831807,7967774259,0;7967774259,503464976,0;503464976,7961771680,0;7961771680,1116492807,0;1116492807,7967774262,0;7967774262,503464985,0;503464985,2530277199,0;2530277199,564083084,0;564083084,5374860944,0;5374860944,5374860978,0;5374860978,5374861143,0;5374861143,9053077286,0;9053077286,13527622504,0;13527622504,13167173350,0;13167173350,13527622497,0;13527622497,564083093,0;564083093,6317320202,0;6317320202,564083165,0;564083165,13167173329,0;13167173329,6317320222,0;6317320222,6028645652,0;6028645652,2369336843,0;2369336843,2369336701,0;2369336701,12333484744,0;12333484744,2368579077,0;2368579077,2369336820,0;2369336820,2368578991,0;2368578991,8887740818,0;8887740818,9570709534,0;9570709534,2369336807,0;2369336807,2368578970,0;2368578970,6043430915,0;6043430915,4899192485,0;4899192485,564639012,0;564639012,564638925,0;564638925,504640818,0;504640818,504637096,0;504637096,2787061089,0;2787061089,2787061351,0;2787061351,2787061330,0;2787061330,11155489650,0;11155489650,2787061341,0;2787061341,2787061167,0"
simulated_extreme,30,0.2,0.2,20562940,source_specific,risk,10297.182344079098,0.6370087923684875,0.8280776466145003,0.8219173776639992,0.4311778653622655,97.90309995878488,13.81139998557046,"9706921350,9706921684,0;9706921684,9706921682,0;9706921682,9713848047,0;9713848047,9713848018,0;9713848018,9713848023,0;9713848023,12984979400,0;12984979400,9713848118,0;9713848118,9713848006,0;9713848006,9713847968,0;9713847968,9706921713,0;9706921713,9706921712,0;9706921712,9706921786,0;9706921786,9778914467,0;9778914467,9706887247,0;9706887247,9706857800,0;9706857800,9706857774,0;9706857774,9706857801,0;9706857801,9706857775,0;9706857775,9706857832,0;9706857832,9706857843,0;9706857843,7161807983,0;7161807983,7161812592,0;7161812592,499478563,0;499478563,499478564,0;499478564,7973114513,0;7973114513,7973099569,0;7973099569,7975273881,0;7975273881,7973099508,0;7973099508,7973099507,0;7973099507,7973114859,0;7973114859,8298792534,0;8298792534,8298792550,0;8298792550,7973114851,0;7973114851,7975286501,0;7975286501,8298792599,0;8298792599,1116501292,0;1116501292,7975286500,0;7975286500,1116501304,0;1116501304,7975286429,0;7975286429,7975286583,0;7975286583,7977056082,0;7977056082,7977056084,0;7977056084,7977050965,0;7977050965,7977056079,0;7977056079,7979256640,0;7979256640,7979256626,0;7979256626,7979256668,0;7979256668,7977056101,0;7977056101,7967831807,0;7967831807,7967774259,0;7967774259,503464976,0;503464976,7961771680,0;7961771680,1116492807,0;1116492807,7967774262,0;7967774262,503464985,0;503464985,2530277199,0;2530277199,564083084,0;564083084,5374860944,0;5374860944,5374860978,0;5374860978,5374861143,0;5374861143,9053077286,0;9053077286,13527622504,0;13527622504,13167173350,0;13167173350,13527622497,0;13527622497,564083093,0;564083093,6317320202,0;6317320202,564083165,0;564083165,13167173329,0;13167173329,6317320222,0;6317320222,6028645652,0;6028645652,2369336843,0;2369336843,2369336701,0;2369336701,12333484744,0;12333484744,2368579077,0;2368579077,2369336820,0;2369336820,2368578991,0;2368578991,8887740818,0;8887740818,9570709534,0;9570709534,2369336807,0;2369336807,2368578970,0;2368578970,6043430915,0;6043430915,4899192485,0;4899192485,564639012,0;564639012,564638925,0;564638925,504640818,0;504640818,504637096,0;504637096,2787061089,0;2787061089,2787061351,0;2787061351,2787061330,0;2787061330,11155489650,0;11155489650,2787061341,0;2787061341,2787061167,0"
simulated_extreme,30,0.2,0.2,20562940,source_specific,risk_uncertainty,10297.182344079098,0.6370087923684875,0.8280776466145003,0.8219173776639992,0.4311778653622655,99.45049998350441,15.358800010289997,"9706921350,9706921684,0;9706921684,9706921682,0;9706921682,9713848047,0;9713848047,9713848018,0;9713848018,9713848023,0;9713848023,12984979400,0;12984979400,9713848118,0;9713848118,9713848006,0;9713848006,9713847968,0;9713847968,9706921713,0;9706921713,9706921712,0;9706921712,9706921786,0;9706921786,9778914467,0;9778914467,9706887247,0;9706887247,9706857800,0;9706857800,9706857774,0;9706857774,9706857801,0;9706857801,9706857775,0;9706857775,9706857832,0;9706857832,9706857843,0;9706857843,7161807983,0;7161807983,7161812592,0;7161812592,499478563,0;499478563,499478564,0;499478564,7973114513,0;7973114513,7973099569,0;7973099569,7975273881,0;7975273881,7973099508,0;7973099508,7973099507,0;7973099507,7973114859,0;7973114859,8298792534,0;8298792534,8298792550,0;8298792550,7973114851,0;7973114851,7975286501,0;7975286501,8298792599,0;8298792599,1116501292,0;1116501292,7975286500,0;7975286500,1116501304,0;1116501304,7975286429,0;7975286429,7975286583,0;7975286583,7977056082,0;7977056082,7977056084,0;7977056084,7977050965,0;7977050965,7977056079,0;7977056079,7979256640,0;7979256640,7979256626,0;7979256626,7979256668,0;7979256668,7977056101,0;7977056101,7967831807,0;7967831807,7967774259,0;7967774259,503464976,0;503464976,7961771680,0;7961771680,1116492807,0;1116492807,7967774262,0;7967774262,503464985,0;503464985,2530277199,0;2530277199,564083084,0;564083084,5374860944,0;5374860944,5374860978,0;5374860978,5374861143,0;5374861143,9053077286,0;9053077286,13527622504,0;13527622504,13167173350,0;13167173350,13527622497,0;13527622497,564083093,0;564083093,6317320202,0;6317320202,564083165,0;564083165,13167173329,0;13167173329,6317320222,0;6317320222,6028645652,0;6028645652,2369336843,0;2369336843,2369336701,0;2369336701,12333484744,0;12333484744,2368579077,0;2368579077,2369336820,0;2369336820,2368578991,0;2368578991,8887740818,0;8887740818,9570709534,0;9570709534,2369336807,0;2369336807,2368578970,0;2368578970,6043430915,0;6043430915,4899192485,0;4899192485,564639012,0;564639012,564638925,0;564638925,504640818,0;504640818,504637096,0;504637096,2787061089,0;2787061089,2787061351,0;2787061351,2787061330,0;2787061330,11155489650,0;11155489650,2787061341,0;2787061341,2787061167,0"
simulated_extreme,30,0.2,0.2,20562940,source_specific,shortest,10279.902722198703,0.6421914589263749,0.8280776466145003,0.8190917470674244,0.42948322884636647,99.95469998102635,15.863000007811934,"9706921350,9706921684,0;9706921684,9706921682,0;9706921682,9713848047,0;9713848047,9713848018,0;9713848018,9713848023,0;9713848023,12984979400,0;12984979400,9713848118,0;9713848118,9713848006,0;9713848006,9713847968,0;9713847968,9706921713,0;9706921713,9706921712,0;9706921712,9706921786,0;9706921786,9778914467,0;9778914467,9706887247,0;9706887247,9706857800,0;9706857800,9706857774,0;9706857774,9706857801,0;9706857801,9706857775,0;9706857775,9706857832,0;9706857832,9706857843,0;9706857843,7161807983,0;7161807983,7161812592,0;7161812592,499478563,0;499478563,499478564,0;499478564,7973114513,0;7973114513,7973099569,0;7973099569,7975273881,0;7975273881,7973099508,0;7973099508,7973099507,0;7973099507,7973114859,0;7973114859,8298792534,0;8298792534,8298792550,0;8298792550,7973114851,0;7973114851,7975286501,0;7975286501,8298792599,0;8298792599,1116501292,0;1116501292,7975286500,0;7975286500,1116501304,0;1116501304,1116501296,0;1116501296,7977050964,0;7977050964,7977056084,0;7977056084,7977050965,0;7977050965,7977056079,0;7977056079,7979256640,0;7979256640,7979256626,0;7979256626,7979256668,0;7979256668,7977056101,0;7977056101,7967831807,0;7967831807,7967774259,0;7967774259,503464976,0;503464976,7961771680,0;7961771680,1116492807,0;1116492807,7967774262,0;7967774262,503464985,0;503464985,2530277199,0;2530277199,564083084,0;564083084,5374860944,0;5374860944,5374860978,0;5374860978,5374861143,0;5374861143,9053077286,0;9053077286,13527622504,0;13527622504,13167173350,0;13167173350,13527622497,0;13527622497,564083093,0;564083093,6317320202,0;6317320202,564083165,0;564083165,13167173329,0;13167173329,6317320222,0;6317320222,6028645652,0;6028645652,2369336843,0;2369336843,2369336701,0;2369336701,12333484744,0;12333484744,2368579077,0;2368579077,2369336820,0;2369336820,2368578991,0;2368578991,8887740818,0;8887740818,8887717116,0;8887717116,6043430915,0;6043430915,4899192485,0;4899192485,564639012,0;564639012,564638925,0;564638925,504640818,0;504640818,504637096,0;504637096,2787061089,0;2787061089,564641522,0;564641522,11155489649,0;11155489649,11155489650,0;11155489650,2787061341,0;2787061341,2787061167,0"
simulated_extreme,30,0.2,0.2,20562940,source_specific,trusted,10280.604724805988,0.6419737425283665,0.8280776466145003,0.8190917470674244,0.43026063169415374,101.88789997482672,17.796200001612306,"9706921350,9706921684,0;9706921684,9706921682,0;9706921682,9713848047,0;9713848047,9713848018,0;9713848018,9713848023,0;9713848023,12984979400,0;12984979400,9713848118,0;9713848118,9713848006,0;9713848006,9713847968,0;9713847968,9706921713,0;9706921713,9706921712,0;9706921712,9706921786,0;9706921786,9778914467,0;9778914467,9706887247,0;9706887247,9706857800,0;9706857800,9706857774,0;9706857774,9706857801,0;9706857801,9706857775,0;9706857775,9706857832,0;9706857832,9706857843,0;9706857843,7161807983,0;7161807983,7161812592,0;7161812592,499478563,0;499478563,499478564,0;499478564,7973114513,0;7973114513,7973099569,0;7973099569,7975273881,0;7975273881,7973099508,0;7973099508,7973099507,0;7973099507,7973114859,0;7973114859,8298792534,0;8298792534,8298792550,0;8298792550,7973114851,0;7973114851,7975286501,0;7975286501,8298792599,0;8298792599,1116501292,0;1116501292,7975286500,0;7975286500,1116501304,0;1116501304,7975286429,0;7975286429,7975286583,0;7975286583,7977056082,0;7977056082,7977056084,0;7977056084,7977050965,0;7977050965,7977056079,0;7977056079,7979256640,0;7979256640,7979256626,0;7979256626,7979256668,0;7979256668,7977056101,0;7977056101,7967831807,0;7967831807,7967774259,0;7967774259,503464976,0;503464976,7961771680,0;7961771680,1116492807,0;1116492807,7967774262,0;7967774262,503464985,0;503464985,2530277199,0;2530277199,564083084,0;564083084,5374860944,0;5374860944,5374860978,0;5374860978,5374861143,0;5374861143,9053077286,0;9053077286,13527622504,0;13527622504,13167173350,0;13167173350,13527622497,0;13527622497,564083093,0;564083093,6317320202,0;6317320202,564083165,0;564083165,13167173329,0;13167173329,6317320222,0;6317320222,6028645652,0;6028645652,2369336843,0;2369336843,2369336701,0;2369336701,12333484744,0;12333484744,2368579077,0;2368579077,2369336820,0;2369336820,2368578991,0;2368578991,8887740818,0;8887740818,8887717116,0;8887717116,6043430915,0;6043430915,4899192485,0;4899192485,564639012,0;564639012,564638925,0;564638925,504640818,0;504640818,504637096,0;504637096,2787061089,0;2787061089,564641522,0;564641522,11155489649,0;11155489649,11155489650,0;11155489650,2787061341,0;2787061341,2787061167,0"
simulated_extreme,30,0.2,0.2,20562940,universal,risk,10297.182344079098,0.6370087923684875,0.8280776466145003,0.8219173776639992,0.4311778653622655,96.63780004484579,15.209400036837906,"9706921350,9706921684,0;9706921684,9706921682,0;9706921682,9713848047,0;9713848047,9713848018,0;9713848018,9713848023,0;9713848023,12984979400,0;12984979400,9713848118,0;9713848118,9713848006,0;9713848006,9713847968,0;9713847968,9706921713,0;9706921713,9706921712,0;9706921712,9706921786,0;9706921786,9778914467,0;9778914467,9706887247,0;9706887247,9706857800,0;9706857800,9706857774,0;9706857774,9706857801,0;9706857801,9706857775,0;9706857775,9706857832,0;9706857832,9706857843,0;9706857843,7161807983,0;7161807983,7161812592,0;7161812592,499478563,0;499478563,499478564,0;499478564,7973114513,0;7973114513,7973099569,0;7973099569,7975273881,0;7975273881,7973099508,0;7973099508,7973099507,0;7973099507,7973114859,0;7973114859,8298792534,0;8298792534,8298792550,0;8298792550,7973114851,0;7973114851,7975286501,0;7975286501,8298792599,0;8298792599,1116501292,0;1116501292,7975286500,0;7975286500,1116501304,0;1116501304,7975286429,0;7975286429,7975286583,0;7975286583,7977056082,0;7977056082,7977056084,0;7977056084,7977050965,0;7977050965,7977056079,0;7977056079,7979256640,0;7979256640,7979256626,0;7979256626,7979256668,0;7979256668,7977056101,0;7977056101,7967831807,0;7967831807,7967774259,0;7967774259,503464976,0;503464976,7961771680,0;7961771680,1116492807,0;1116492807,7967774262,0;7967774262,503464985,0;503464985,2530277199,0;2530277199,564083084,0;564083084,5374860944,0;5374860944,5374860978,0;5374860978,5374861143,0;5374861143,9053077286,0;9053077286,13527622504,0;13527622504,13167173350,0;13167173350,13527622497,0;13527622497,564083093,0;564083093,6317320202,0;6317320202,564083165,0;564083165,13167173329,0;13167173329,6317320222,0;6317320222,6028645652,0;6028645652,2369336843,0;2369336843,2369336701,0;2369336701,12333484744,0;12333484744,2368579077,0;2368579077,2369336820,0;2369336820,2368578991,0;2368578991,8887740818,0;8887740818,9570709534,0;9570709534,2369336807,0;2369336807,2368578970,0;2368578970,6043430915,0;6043430915,4899192485,0;4899192485,564639012,0;564639012,564638925,0;564638925,504640818,0;504640818,504637096,0;504637096,2787061089,0;2787061089,2787061351,0;2787061351,2787061330,0;2787061330,11155489650,0;11155489650,2787061341,0;2787061341,2787061167,0"
simulated_extreme,30,0.2,0.2,20562940,universal,risk_uncertainty,10297.182344079098,0.6370087923684875,0.8280776466145003,0.8219173776639992,0.4311778653622655,96.03670000797138,14.608299999963492,"9706921350,9706921684,0;9706921684,9706921682,0;9706921682,9713848047,0;9713848047,9713848018,0;9713848018,9713848023,0;9713848023,12984979400,0;12984979400,9713848118,0;9713848118,9713848006,0;9713848006,9713847968,0;9713847968,9706921713,0;9706921713,9706921712,0;9706921712,9706921786,0;9706921786,9778914467,0;9778914467,9706887247,0;9706887247,9706857800,0;9706857800,9706857774,0;9706857774,9706857801,0;9706857801,9706857775,0;9706857775,9706857832,0;9706857832,9706857843,0;9706857843,7161807983,0;7161807983,7161812592,0;7161812592,499478563,0;499478563,499478564,0;499478564,7973114513,0;7973114513,7973099569,0;7973099569,7975273881,0;7975273881,7973099508,0;7973099508,7973099507,0;7973099507,7973114859,0;7973114859,8298792534,0;8298792534,8298792550,0;8298792550,7973114851,0;7973114851,7975286501,0;7975286501,8298792599,0;8298792599,1116501292,0;1116501292,7975286500,0;7975286500,1116501304,0;1116501304,7975286429,0;7975286429,7975286583,0;7975286583,7977056082,0;7977056082,7977056084,0;7977056084,7977050965,0;7977050965,7977056079,0;7977056079,7979256640,0;7979256640,7979256626,0;7979256626,7979256668,0;7979256668,7977056101,0;7977056101,7967831807,0;7967831807,7967774259,0;7967774259,503464976,0;503464976,7961771680,0;7961771680,1116492807,0;1116492807,7967774262,0;7967774262,503464985,0;503464985,2530277199,0;2530277199,564083084,0;564083084,5374860944,0;5374860944,5374860978,0;5374860978,5374861143,0;5374861143,9053077286,0;9053077286,13527622504,0;13527622504,13167173350,0;13167173350,13527622497,0;13527622497,564083093,0;564083093,6317320202,0;6317320202,564083165,0;564083165,13167173329,0;13167173329,6317320222,0;6317320222,6028645652,0;6028645652,2369336843,0;2369336843,2369336701,0;2369336701,12333484744,0;12333484744,2368579077,0;2368579077,2369336820,0;2369336820,2368578991,0;2368578991,8887740818,0;8887740818,9570709534,0;9570709534,2369336807,0;2369336807,2368578970,0;2368578970,6043430915,0;6043430915,4899192485,0;4899192485,564639012,0;564639012,564638925,0;564638925,504640818,0;504640818,504637096,0;504637096,2787061089,0;2787061089,2787061351,0;2787061351,2787061330,0;2787061330,11155489650,0;11155489650,2787061341,0;2787061341,2787061167,0"
simulated_extreme,30,0.2,0.2,20562940,universal,shortest,10279.902722198703,0.6421914589263749,0.8280776466145003,0.8190917470674244,0.42948322884636647,96.27999999793246,14.85159998992458,"9706921350,9706921684,0;9706921684,9706921682,0;9706921682,9713848047,0;9713848047,9713848018,0;9713848018,9713848023,0;9713848023,12984979400,0;12984979400,9713848118,0;9713848118,9713848006,0;9713848006,9713847968,0;9713847968,9706921713,0;9706921713,9706921712,0;9706921712,9706921786,0;9706921786,9778914467,0;9778914467,9706887247,0;9706887247,9706857800,0;9706857800,9706857774,0;9706857774,9706857801,0;9706857801,9706857775,0;9706857775,9706857832,0;9706857832,9706857843,0;9706857843,7161807983,0;7161807983,7161812592,0;7161812592,499478563,0;499478563,499478564,0;499478564,7973114513,0;7973114513,7973099569,0;7973099569,7975273881,0;7975273881,7973099508,0;7973099508,7973099507,0;7973099507,7973114859,0;7973114859,8298792534,0;8298792534,8298792550,0;8298792550,7973114851,0;7973114851,7975286501,0;7975286501,8298792599,0;8298792599,1116501292,0;1116501292,7975286500,0;7975286500,1116501304,0;1116501304,1116501296,0;1116501296,7977050964,0;7977050964,7977056084,0;7977056084,7977050965,0;7977050965,7977056079,0;7977056079,7979256640,0;7979256640,7979256626,0;7979256626,7979256668,0;7979256668,7977056101,0;7977056101,7967831807,0;7967831807,7967774259,0;7967774259,503464976,0;503464976,7961771680,0;7961771680,1116492807,0;1116492807,7967774262,0;7967774262,503464985,0;503464985,2530277199,0;2530277199,564083084,0;564083084,5374860944,0;5374860944,5374860978,0;5374860978,5374861143,0;5374861143,9053077286,0;9053077286,13527622504,0;13527622504,13167173350,0;13167173350,13527622497,0;13527622497,564083093,0;564083093,6317320202,0;6317320202,564083165,0;564083165,13167173329,0;13167173329,6317320222,0;6317320222,6028645652,0;6028645652,2369336843,0;2369336843,2369336701,0;2369336701,12333484744,0;12333484744,2368579077,0;2368579077,2369336820,0;2369336820,2368578991,0;2368578991,8887740818,0;8887740818,8887717116,0;8887717116,6043430915,0;6043430915,4899192485,0;4899192485,564639012,0;564639012,564638925,0;564638925,504640818,0;504640818,504637096,0;504637096,2787061089,0;2787061089,564641522,0;564641522,11155489649,0;11155489649,11155489650,0;11155489650,2787061341,0;2787061341,2787061167,0"
simulated_extreme,30,0.2,0.2,20562940,universal,trusted,10297.182344079098,0.6370087923684875,0.8280776466145003,0.8219173776639992,0.4311778653622655,97.87640004651621,16.448000038508326,"9706921350,9706921684,0;9706921684,9706921682,0;9706921682,9713848047,0;9713848047,9713848018,0;9713848018,9713848023,0;9713848023,12984979400,0;12984979400,9713848118,0;9713848118,9713848006,0;9713848006,9713847968,0;9713847968,9706921713,0;9706921713,9706921712,0;9706921712,9706921786,0;9706921786,9778914467,0;9778914467,9706887247,0;9706887247,9706857800,0;9706857800,9706857774,0;9706857774,9706857801,0;9706857801,9706857775,0;9706857775,9706857832,0;9706857832,9706857843,0;9706857843,7161807983,0;7161807983,7161812592,0;7161812592,499478563,0;499478563,499478564,0;499478564,7973114513,0;7973114513,7973099569,0;7973099569,7975273881,0;7975273881,7973099508,0;7973099508,7973099507,0;7973099507,7973114859,0;7973114859,8298792534,0;8298792534,8298792550,0;8298792550,7973114851,0;7973114851,7975286501,0;7975286501,8298792599,0;8298792599,1116501292,0;1116501292,7975286500,0;7975286500,1116501304,0;1116501304,7975286429,0;7975286429,7975286583,0;7975286583,7977056082,0;7977056082,7977056084,0;7977056084,7977050965,0;7977050965,7977056079,0;7977056079,7979256640,0;7979256640,7979256626,0;7979256626,7979256668,0;7979256668,7977056101,0;7977056101,7967831807,0;7967831807,7967774259,0;7967774259,503464976,0;503464976,7961771680,0;7961771680,1116492807,0;1116492807,7967774262,0;7967774262,503464985,0;503464985,2530277199,0;2530277199,564083084,0;564083084,5374860944,0;5374860944,5374860978,0;5374860978,5374861143,0;5374861143,9053077286,0;9053077286,13527622504,0;13527622504,13167173350,0;13167173350,13527622497,0;13527622497,564083093,0;564083093,6317320202,0;6317320202,564083165,0;564083165,13167173329,0;13167173329,6317320222,0;6317320222,6028645652,0;6028645652,2369336843,0;2369336843,2369336701,0;2369336701,12333484744,0;12333484744,2368579077,0;2368579077,2369336820,0;2369336820,2368578991,0;2368578991,8887740818,0;8887740818,9570709534,0;9570709534,2369336807,0;2369336807,2368578970,0;2368578970,6043430915,0;6043430915,4899192485,0;4899192485,564639012,0;564639012,564638925,0;564638925,504640818,0;504640818,504637096,0;504637096,2787061089,0;2787061089,2787061351,0;2787061351,2787061330,0;2787061330,11155489650,0;11155489650,2787061341,0;2787061341,2787061167,0"
simulated_extreme,30,0.4,0.0,20564920,source_specific,risk,10297.182344079098,0.6370087923684875,0.8280776466145003,0.8219173776639992,0.4311778653622655,94.47630005888641,16.70360000571236,"9706921350,9706921684,0;9706921684,9706921682,0;9706921682,9713848047,0;9713848047,9713848018,0;9713848018,9713848023,0;9713848023,12984979400,0;12984979400,9713848118,0;9713848118,9713848006,0;9713848006,9713847968,0;9713847968,9706921713,0;9706921713,9706921712,0;9706921712,9706921786,0;9706921786,9778914467,0;9778914467,9706887247,0;9706887247,9706857800,0;9706857800,9706857774,0;9706857774,9706857801,0;9706857801,9706857775,0;9706857775,9706857832,0;9706857832,9706857843,0;9706857843,7161807983,0;7161807983,7161812592,0;7161812592,499478563,0;499478563,499478564,0;499478564,7973114513,0;7973114513,7973099569,0;7973099569,7975273881,0;7975273881,7973099508,0;7973099508,7973099507,0;7973099507,7973114859,0;7973114859,8298792534,0;8298792534,8298792550,0;8298792550,7973114851,0;7973114851,7975286501,0;7975286501,8298792599,0;8298792599,1116501292,0;1116501292,7975286500,0;7975286500,1116501304,0;1116501304,7975286429,0;7975286429,7975286583,0;7975286583,7977056082,0;7977056082,7977056084,0;7977056084,7977050965,0;7977050965,7977056079,0;7977056079,7979256640,0;7979256640,7979256626,0;7979256626,7979256668,0;7979256668,7977056101,0;7977056101,7967831807,0;7967831807,7967774259,0;7967774259,503464976,0;503464976,7961771680,0;7961771680,1116492807,0;1116492807,7967774262,0;7967774262,503464985,0;503464985,2530277199,0;2530277199,564083084,0;564083084,5374860944,0;5374860944,5374860978,0;5374860978,5374861143,0;5374861143,9053077286,0;9053077286,13527622504,0;13527622504,13167173350,0;13167173350,13527622497,0;13527622497,564083093,0;564083093,6317320202,0;6317320202,564083165,0;564083165,13167173329,0;13167173329,6317320222,0;6317320222,6028645652,0;6028645652,2369336843,0;2369336843,2369336701,0;2369336701,12333484744,0;12333484744,2368579077,0;2368579077,2369336820,0;2369336820,2368578991,0;2368578991,8887740818,0;8887740818,9570709534,0;9570709534,2369336807,0;2369336807,2368578970,0;2368578970,6043430915,0;6043430915,4899192485,0;4899192485,564639012,0;564639012,564638925,0;564638925,504640818,0;504640818,504637096,0;504637096,2787061089,0;2787061089,2787061351,0;2787061351,2787061330,0;2787061330,11155489650,0;11155489650,2787061341,0;2787061341,2787061167,0"
simulated_extreme,30,0.4,0.0,20564920,source_specific,risk_uncertainty,10297.182344079098,0.6370087923684875,0.8280776466145003,0.8219173776639992,0.4311778653622655,93.43770006671548,15.66500001354143,"9706921350,9706921684,0;9706921684,9706921682,0;9706921682,9713848047,0;9713848047,9713848018,0;9713848018,9713848023,0;9713848023,12984979400,0;12984979400,9713848118,0;9713848118,9713848006,0;9713848006,9713847968,0;9713847968,9706921713,0;9706921713,9706921712,0;9706921712,9706921786,0;9706921786,9778914467,0;9778914467,9706887247,0;9706887247,9706857800,0;9706857800,9706857774,0;9706857774,9706857801,0;9706857801,9706857775,0;9706857775,9706857832,0;9706857832,9706857843,0;9706857843,7161807983,0;7161807983,7161812592,0;7161812592,499478563,0;499478563,499478564,0;499478564,7973114513,0;7973114513,7973099569,0;7973099569,7975273881,0;7975273881,7973099508,0;7973099508,7973099507,0;7973099507,7973114859,0;7973114859,8298792534,0;8298792534,8298792550,0;8298792550,7973114851,0;7973114851,7975286501,0;7975286501,8298792599,0;8298792599,1116501292,0;1116501292,7975286500,0;7975286500,1116501304,0;1116501304,7975286429,0;7975286429,7975286583,0;7975286583,7977056082,0;7977056082,7977056084,0;7977056084,7977050965,0;7977050965,7977056079,0;7977056079,7979256640,0;7979256640,7979256626,0;7979256626,7979256668,0;7979256668,7977056101,0;7977056101,7967831807,0;7967831807,7967774259,0;7967774259,503464976,0;503464976,7961771680,0;7961771680,1116492807,0;1116492807,7967774262,0;7967774262,503464985,0;503464985,2530277199,0;2530277199,564083084,0;564083084,5374860944,0;5374860944,5374860978,0;5374860978,5374861143,0;5374861143,9053077286,0;9053077286,13527622504,0;13527622504,13167173350,0;13167173350,13527622497,0;13527622497,564083093,0;564083093,6317320202,0;6317320202,564083165,0;564083165,13167173329,0;13167173329,6317320222,0;6317320222,6028645652,0;6028645652,2369336843,0;2369336843,2369336701,0;2369336701,12333484744,0;12333484744,2368579077,0;2368579077,2369336820,0;2369336820,2368578991,0;2368578991,8887740818,0;8887740818,9570709534,0;9570709534,2369336807,0;2369336807,2368578970,0;2368578970,6043430915,0;6043430915,4899192485,0;4899192485,564639012,0;564639012,564638925,0;564638925,504640818,0;504640818,504637096,0;504637096,2787061089,0;2787061089,2787061351,0;2787061351,2787061330,0;2787061330,11155489650,0;11155489650,2787061341,0;2787061341,2787061167,0"
simulated_extreme,30,0.4,0.0,20564920,source_specific,shortest,10279.902722198703,0.6421914589263749,0.8280776466145003,0.8190917470674244,0.42948322884636647,93.00180006539449,15.229100012220442,"9706921350,9706921684,0;9706921684,9706921682,0;9706921682,9713848047,0;9713848047,9713848018,0;9713848018,9713848023,0;9713848023,12984979400,0;12984979400,9713848118,0;9713848118,9713848006,0;9713848006,9713847968,0;9713847968,9706921713,0;9706921713,9706921712,0;9706921712,9706921786,0;9706921786,9778914467,0;9778914467,9706887247,0;9706887247,9706857800,0;9706857800,9706857774,0;9706857774,9706857801,0;9706857801,9706857775,0;9706857775,9706857832,0;9706857832,9706857843,0;9706857843,7161807983,0;7161807983,7161812592,0;7161812592,499478563,0;499478563,499478564,0;499478564,7973114513,0;7973114513,7973099569,0;7973099569,7975273881,0;7975273881,7973099508,0;7973099508,7973099507,0;7973099507,7973114859,0;7973114859,8298792534,0;8298792534,8298792550,0;8298792550,7973114851,0;7973114851,7975286501,0;7975286501,8298792599,0;8298792599,1116501292,0;1116501292,7975286500,0;7975286500,1116501304,0;1116501304,1116501296,0;1116501296,7977050964,0;7977050964,7977056084,0;7977056084,7977050965,0;7977050965,7977056079,0;7977056079,7979256640,0;7979256640,7979256626,0;7979256626,7979256668,0;7979256668,7977056101,0;7977056101,7967831807,0;7967831807,7967774259,0;7967774259,503464976,0;503464976,7961771680,0;7961771680,1116492807,0;1116492807,7967774262,0;7967774262,503464985,0;503464985,2530277199,0;2530277199,564083084,0;564083084,5374860944,0;5374860944,5374860978,0;5374860978,5374861143,0;5374861143,9053077286,0;9053077286,13527622504,0;13527622504,13167173350,0;13167173350,13527622497,0;13527622497,564083093,0;564083093,6317320202,0;6317320202,564083165,0;564083165,13167173329,0;13167173329,6317320222,0;6317320222,6028645652,0;6028645652,2369336843,0;2369336843,2369336701,0;2369336701,12333484744,0;12333484744,2368579077,0;2368579077,2369336820,0;2369336820,2368578991,0;2368578991,8887740818,0;8887740818,8887717116,0;8887717116,6043430915,0;6043430915,4899192485,0;4899192485,564639012,0;564639012,564638925,0;564638925,504640818,0;504640818,504637096,0;504637096,2787061089,0;2787061089,564641522,0;564641522,11155489649,0;11155489649,11155489650,0;11155489650,2787061341,0;2787061341,2787061167,0"
simulated_extreme,30,0.4,0.0,20564920,source_specific,trusted,10297.182344079098,0.6370087923684875,0.8280776466145003,0.8219173776639992,0.4311778653622655,92.44990005390719,14.677200000733137,"9706921350,9706921684,0;9706921684,9706921682,0;9706921682,9713848047,0;9713848047,9713848018,0;9713848018,9713848023,0;9713848023,12984979400,0;12984979400,9713848118,0;9713848118,9713848006,0;9713848006,9713847968,0;9713847968,9706921713,0;9706921713,9706921712,0;9706921712,9706921786,0;9706921786,9778914467,0;9778914467,9706887247,0;9706887247,9706857800,0;9706857800,9706857774,0;9706857774,9706857801,0;9706857801,9706857775,0;9706857775,9706857832,0;9706857832,9706857843,0;9706857843,7161807983,0;7161807983,7161812592,0;7161812592,499478563,0;499478563,499478564,0;499478564,7973114513,0;7973114513,7973099569,0;7973099569,7975273881,0;7975273881,7973099508,0;7973099508,7973099507,0;7973099507,7973114859,0;7973114859,8298792534,0;8298792534,8298792550,0;8298792550,7973114851,0;7973114851,7975286501,0;7975286501,8298792599,0;8298792599,1116501292,0;1116501292,7975286500,0;7975286500,1116501304,0;1116501304,7975286429,0;7975286429,7975286583,0;7975286583,7977056082,0;7977056082,7977056084,0;7977056084,7977050965,0;7977050965,7977056079,0;7977056079,7979256640,0;7979256640,7979256626,0;7979256626,7979256668,0;7979256668,7977056101,0;7977056101,7967831807,0;7967831807,7967774259,0;7967774259,503464976,0;503464976,7961771680,0;7961771680,1116492807,0;1116492807,7967774262,0;7967774262,503464985,0;503464985,2530277199,0;2530277199,564083084,0;564083084,5374860944,0;5374860944,5374860978,0;5374860978,5374861143,0;5374861143,9053077286,0;9053077286,13527622504,0;13527622504,13167173350,0;13167173350,13527622497,0;13527622497,564083093,0;564083093,6317320202,0;6317320202,564083165,0;564083165,13167173329,0;13167173329,6317320222,0;6317320222,6028645652,0;6028645652,2369336843,0;2369336843,2369336701,0;2369336701,12333484744,0;12333484744,2368579077,0;2368579077,2369336820,0;2369336820,2368578991,0;2368578991,8887740818,0;8887740818,9570709534,0;9570709534,2369336807,0;2369336807,2368578970,0;2368578970,6043430915,0;6043430915,4899192485,0;4899192485,564639012,0;564639012,564638925,0;564638925,504640818,0;504640818,504637096,0;504637096,2787061089,0;2787061089,2787061351,0;2787061351,2787061330,0;2787061330,11155489650,0;11155489650,2787061341,0;2787061341,2787061167,0"
simulated_extreme,30,0.4,0.0,20564920,universal,risk,10297.182344079098,0.6370087923684875,0.8280776466145003,0.8219173776639992,0.4311778653622655,92.47210004832596,16.561800031922758,"9706921350,9706921684,0;9706921684,9706921682,0;9706921682,9713848047,0;9713848047,9713848018,0;9713848018,9713848023,0;9713848023,12984979400,0;12984979400,9713848118,0;9713848118,9713848006,0;9713848006,9713847968,0;9713847968,9706921713,0;9706921713,9706921712,0;9706921712,9706921786,0;9706921786,9778914467,0;9778914467,9706887247,0;9706887247,9706857800,0;9706857800,9706857774,0;9706857774,9706857801,0;9706857801,9706857775,0;9706857775,9706857832,0;9706857832,9706857843,0;9706857843,7161807983,0;7161807983,7161812592,0;7161812592,499478563,0;499478563,499478564,0;499478564,7973114513,0;7973114513,7973099569,0;7973099569,7975273881,0;7975273881,7973099508,0;7973099508,7973099507,0;7973099507,7973114859,0;7973114859,8298792534,0;8298792534,8298792550,0;8298792550,7973114851,0;7973114851,7975286501,0;7975286501,8298792599,0;8298792599,1116501292,0;1116501292,7975286500,0;7975286500,1116501304,0;1116501304,7975286429,0;7975286429,7975286583,0;7975286583,7977056082,0;7977056082,7977056084,0;7977056084,7977050965,0;7977050965,7977056079,0;7977056079,7979256640,0;7979256640,7979256626,0;7979256626,7979256668,0;7979256668,7977056101,0;7977056101,7967831807,0;7967831807,7967774259,0;7967774259,503464976,0;503464976,7961771680,0;7961771680,1116492807,0;1116492807,7967774262,0;7967774262,503464985,0;503464985,2530277199,0;2530277199,564083084,0;564083084,5374860944,0;5374860944,5374860978,0;5374860978,5374861143,0;5374861143,9053077286,0;9053077286,13527622504,0;13527622504,13167173350,0;13167173350,13527622497,0;13527622497,564083093,0;564083093,6317320202,0;6317320202,564083165,0;564083165,13167173329,0;13167173329,6317320222,0;6317320222,6028645652,0;6028645652,2369336843,0;2369336843,2369336701,0;2369336701,12333484744,0;12333484744,2368579077,0;2368579077,2369336820,0;2369336820,2368578991,0;2368578991,8887740818,0;8887740818,9570709534,0;9570709534,2369336807,0;2369336807,2368578970,0;2368578970,6043430915,0;6043430915,4899192485,0;4899192485,564639012,0;564639012,564638925,0;564638925,504640818,0;504640818,504637096,0;504637096,2787061089,0;2787061089,2787061351,0;2787061351,2787061330,0;2787061330,11155489650,0;11155489650,2787061341,0;2787061341,2787061167,0"
simulated_extreme,30,0.4,0.0,20564920,universal,risk_uncertainty,10297.182344079098,0.6370087923684875,0.8280776466145003,0.8219173776639992,0.4311778653622655,90.49969998886809,14.58939997246489,"9706921350,9706921684,0;9706921684,9706921682,0;9706921682,9713848047,0;9713848047,9713848018,0;9713848018,9713848023,0;9713848023,12984979400,0;12984979400,9713848118,0;9713848118,9713848006,0;9713848006,9713847968,0;9713847968,9706921713,0;9706921713,9706921712,0;9706921712,9706921786,0;9706921786,9778914467,0;9778914467,9706887247,0;9706887247,9706857800,0;9706857800,9706857774,0;9706857774,9706857801,0;9706857801,9706857775,0;9706857775,9706857832,0;9706857832,9706857843,0;9706857843,7161807983,0;7161807983,7161812592,0;7161812592,499478563,0;499478563,499478564,0;499478564,7973114513,0;7973114513,7973099569,0;7973099569,7975273881,0;7975273881,7973099508,0;7973099508,7973099507,0;7973099507,7973114859,0;7973114859,8298792534,0;8298792534,8298792550,0;8298792550,7973114851,0;7973114851,7975286501,0;7975286501,8298792599,0;8298792599,1116501292,0;1116501292,7975286500,0;7975286500,1116501304,0;1116501304,7975286429,0;7975286429,7975286583,0;7975286583,7977056082,0;7977056082,7977056084,0;7977056084,7977050965,0;7977050965,7977056079,0;7977056079,7979256640,0;7979256640,7979256626,0;7979256626,7979256668,0;7979256668,7977056101,0;7977056101,7967831807,0;7967831807,7967774259,0;7967774259,503464976,0;503464976,7961771680,0;7961771680,1116492807,0;1116492807,7967774262,0;7967774262,503464985,0;503464985,2530277199,0;2530277199,564083084,0;564083084,5374860944,0;5374860944,5374860978,0;5374860978,5374861143,0;5374861143,9053077286,0;9053077286,13527622504,0;13527622504,13167173350,0;13167173350,13527622497,0;13527622497,564083093,0;564083093,6317320202,0;6317320202,564083165,0;564083165,13167173329,0;13167173329,6317320222,0;6317320222,6028645652,0;6028645652,2369336843,0;2369336843,2369336701,0;2369336701,12333484744,0;12333484744,2368579077,0;2368579077,2369336820,0;2369336820,2368578991,0;2368578991,8887740818,0;8887740818,9570709534,0;9570709534,2369336807,0;2369336807,2368578970,0;2368578970,6043430915,0;6043430915,4899192485,0;4899192485,564639012,0;564639012,564638925,0;564638925,504640818,0;504640818,504637096,0;504637096,2787061089,0;2787061089,2787061351,0;2787061351,2787061330,0;2787061330,11155489650,0;11155489650,2787061341,0;2787061341,2787061167,0"
simulated_extreme,30,0.4,0.0,20564920,universal,shortest,10279.902722198703,0.6421914589263749,0.8280776466145003,0.8190917470674244,0.42948322884636647,91.70630003791302,15.796000021509826,"9706921350,9706921684,0;9706921684,9706921682,0;9706921682,9713848047,0;9713848047,9713848018,0;9713848018,9713848023,0;9713848023,12984979400,0;12984979400,9713848118,0;9713848118,9713848006,0;9713848006,9713847968,0;9713847968,9706921713,0;9706921713,9706921712,0;9706921712,9706921786,0;9706921786,9778914467,0;9778914467,9706887247,0;9706887247,9706857800,0;9706857800,9706857774,0;9706857774,9706857801,0;9706857801,9706857775,0;9706857775,9706857832,0;9706857832,9706857843,0;9706857843,7161807983,0;7161807983,7161812592,0;7161812592,499478563,0;499478563,499478564,0;499478564,7973114513,0;7973114513,7973099569,0;7973099569,7975273881,0;7975273881,7973099508,0;7973099508,7973099507,0;7973099507,7973114859,0;7973114859,8298792534,0;8298792534,8298792550,0;8298792550,7973114851,0;7973114851,7975286501,0;7975286501,8298792599,0;8298792599,1116501292,0;1116501292,7975286500,0;7975286500,1116501304,0;1116501304,1116501296,0;1116501296,7977050964,0;7977050964,7977056084,0;7977056084,7977050965,0;7977050965,7977056079,0;7977056079,7979256640,0;7979256640,7979256626,0;7979256626,7979256668,0;7979256668,7977056101,0;7977056101,7967831807,0;7967831807,7967774259,0;7967774259,503464976,0;503464976,7961771680,0;7961771680,1116492807,0;1116492807,7967774262,0;7967774262,503464985,0;503464985,2530277199,0;2530277199,564083084,0;564083084,5374860944,0;5374860944,5374860978,0;5374860978,5374861143,0;5374861143,9053077286,0;9053077286,13527622504,0;13527622504,13167173350,0;13167173350,13527622497,0;13527622497,564083093,0;564083093,6317320202,0;6317320202,564083165,0;564083165,13167173329,0;13167173329,6317320222,0;6317320222,6028645652,0;6028645652,2369336843,0;2369336843,2369336701,0;2369336701,12333484744,0;12333484744,2368579077,0;2368579077,2369336820,0;2369336820,2368578991,0;2368578991,8887740818,0;8887740818,8887717116,0;8887717116,6043430915,0;6043430915,4899192485,0;4899192485,564639012,0;564639012,564638925,0;564638925,504640818,0;504640818,504637096,0;504637096,2787061089,0;2787061089,564641522,0;564641522,11155489649,0;11155489649,11155489650,0;11155489650,2787061341,0;2787061341,2787061167,0"
simulated_extreme,30,0.4,0.0,20564920,universal,trusted,10297.182344079098,0.6370087923684875,0.8280776466145003,0.8219173776639992,0.4311778653622655,90.33390006516129,14.42360004875809,"9706921350,9706921684,0;9706921684,9706921682,0;9706921682,9713848047,0;9713848047,9713848018,0;9713848018,9713848023,0;9713848023,12984979400,0;12984979400,9713848118,0;9713848118,9713848006,0;9713848006,9713847968,0;9713847968,9706921713,0;9706921713,9706921712,0;9706921712,9706921786,0;9706921786,9778914467,0;9778914467,9706887247,0;9706887247,9706857800,0;9706857800,9706857774,0;9706857774,9706857801,0;9706857801,9706857775,0;9706857775,9706857832,0;9706857832,9706857843,0;9706857843,7161807983,0;7161807983,7161812592,0;7161812592,499478563,0;499478563,499478564,0;499478564,7973114513,0;7973114513,7973099569,0;7973099569,7975273881,0;7975273881,7973099508,0;7973099508,7973099507,0;7973099507,7973114859,0;7973114859,8298792534,0;8298792534,8298792550,0;8298792550,7973114851,0;7973114851,7975286501,0;7975286501,8298792599,0;8298792599,1116501292,0;1116501292,7975286500,0;7975286500,1116501304,0;1116501304,7975286429,0;7975286429,7975286583,0;7975286583,7977056082,0;7977056082,7977056084,0;7977056084,7977050965,0;7977050965,7977056079,0;7977056079,7979256640,0;7979256640,7979256626,0;7979256626,7979256668,0;7979256668,7977056101,0;7977056101,7967831807,0;7967831807,7967774259,0;7967774259,503464976,0;503464976,7961771680,0;7961771680,1116492807,0;1116492807,7967774262,0;7967774262,503464985,0;503464985,2530277199,0;2530277199,564083084,0;564083084,5374860944,0;5374860944,5374860978,0;5374860978,5374861143,0;5374861143,9053077286,0;9053077286,13527622504,0;13527622504,13167173350,0;13167173350,13527622497,0;13527622497,564083093,0;564083093,6317320202,0;6317320202,564083165,0;564083165,13167173329,0;13167173329,6317320222,0;6317320222,6028645652,0;6028645652,2369336843,0;2369336843,2369336701,0;2369336701,12333484744,0;12333484744,2368579077,0;2368579077,2369336820,0;2369336820,2368578991,0;2368578991,8887740818,0;8887740818,9570709534,0;9570709534,2369336807,0;2369336807,2368578970,0;2368578970,6043430915,0;6043430915,4899192485,0;4899192485,564639012,0;564639012,564638925,0;564638925,504640818,0;504640818,504637096,0;504637096,2787061089,0;2787061089,2787061351,0;2787061351,2787061330,0;2787061330,11155489650,0;11155489650,2787061341,0;2787061341,2787061167,0"
simulated_extreme,30,0.4,0.1,20564930,source_specific,risk,10297.182344079098,0.6370087923684875,0.8280776466145003,0.8219173776639992,0.4311778653622655,92.75459992932156,15.368199965450913,"9706921350,9706921684,0;9706921684,9706921682,0;9706921682,9713848047,0;9713848047,9713848018,0;9713848018,9713848023,0;9713848023,12984979400,0;12984979400,9713848118,0;9713848118,9713848006,0;9713848006,9713847968,0;9713847968,9706921713,0;9706921713,9706921712,0;9706921712,9706921786,0;9706921786,9778914467,0;9778914467,9706887247,0;9706887247,9706857800,0;9706857800,9706857774,0;9706857774,9706857801,0;9706857801,9706857775,0;9706857775,9706857832,0;9706857832,9706857843,0;9706857843,7161807983,0;7161807983,7161812592,0;7161812592,499478563,0;499478563,499478564,0;499478564,7973114513,0;7973114513,7973099569,0;7973099569,7975273881,0;7975273881,7973099508,0;7973099508,7973099507,0;7973099507,7973114859,0;7973114859,8298792534,0;8298792534,8298792550,0;8298792550,7973114851,0;7973114851,7975286501,0;7975286501,8298792599,0;8298792599,1116501292,0;1116501292,7975286500,0;7975286500,1116501304,0;1116501304,7975286429,0;7975286429,7975286583,0;7975286583,7977056082,0;7977056082,7977056084,0;7977056084,7977050965,0;7977050965,7977056079,0;7977056079,7979256640,0;7979256640,7979256626,0;7979256626,7979256668,0;7979256668,7977056101,0;7977056101,7967831807,0;7967831807,7967774259,0;7967774259,503464976,0;503464976,7961771680,0;7961771680,1116492807,0;1116492807,7967774262,0;7967774262,503464985,0;503464985,2530277199,0;2530277199,564083084,0;564083084,5374860944,0;5374860944,5374860978,0;5374860978,5374861143,0;5374861143,9053077286,0;9053077286,13527622504,0;13527622504,13167173350,0;13167173350,13527622497,0;13527622497,564083093,0;564083093,6317320202,0;6317320202,564083165,0;564083165,13167173329,0;13167173329,6317320222,0;6317320222,6028645652,0;6028645652,2369336843,0;2369336843,2369336701,0;2369336701,12333484744,0;12333484744,2368579077,0;2368579077,2369336820,0;2369336820,2368578991,0;2368578991,8887740818,0;8887740818,9570709534,0;9570709534,2369336807,0;2369336807,2368578970,0;2368578970,6043430915,0;6043430915,4899192485,0;4899192485,564639012,0;564639012,564638925,0;564638925,504640818,0;504640818,504637096,0;504637096,2787061089,0;2787061089,2787061351,0;2787061351,2787061330,0;2787061330,11155489650,0;11155489650,2787061341,0;2787061341,2787061167,0"
simulated_extreme,30,0.4,0.1,20564930,source_specific,risk_uncertainty,10297.182344079098,0.6370087923684875,0.8280776466145003,0.8219173776639992,0.4311778653622655,91.91529994131997,14.528899977449328,"9706921350,9706921684,0;9706921684,9706921682,0;9706921682,9713848047,0;9713848047,9713848018,0;9713848018,9713848023,0;9713848023,12984979400,0;12984979400,9713848118,0;9713848118,9713848006,0;9713848006,9713847968,0;9713847968,9706921713,0;9706921713,9706921712,0;9706921712,9706921786,0;9706921786,9778914467,0;9778914467,9706887247,0;9706887247,9706857800,0;9706857800,9706857774,0;9706857774,9706857801,0;9706857801,9706857775,0;9706857775,9706857832,0;9706857832,9706857843,0;9706857843,7161807983,0;7161807983,7161812592,0;7161812592,499478563,0;499478563,499478564,0;499478564,7973114513,0;7973114513,7973099569,0;7973099569,7975273881,0;7975273881,7973099508,0;7973099508,7973099507,0;7973099507,7973114859,0;7973114859,8298792534,0;8298792534,8298792550,0;8298792550,7973114851,0;7973114851,7975286501,0;7975286501,8298792599,0;8298792599,1116501292,0;1116501292,7975286500,0;7975286500,1116501304,0;1116501304,7975286429,0;7975286429,7975286583,0;7975286583,7977056082,0;7977056082,7977056084,0;7977056084,7977050965,0;7977050965,7977056079,0;7977056079,7979256640,0;7979256640,7979256626,0;7979256626,7979256668,0;7979256668,7977056101,0;7977056101,7967831807,0;7967831807,7967774259,0;7967774259,503464976,0;503464976,7961771680,0;7961771680,1116492807,0;1116492807,7967774262,0;7967774262,503464985,0;503464985,2530277199,0;2530277199,564083084,0;564083084,5374860944,0;5374860944,5374860978,0;5374860978,5374861143,0;5374861143,9053077286,0;9053077286,13527622504,0;13527622504,13167173350,0;13167173350,13527622497,0;13527622497,564083093,0;564083093,6317320202,0;6317320202,564083165,0;564083165,13167173329,0;13167173329,6317320222,0;6317320222,6028645652,0;6028645652,2369336843,0;2369336843,2369336701,0;2369336701,12333484744,0;12333484744,2368579077,0;2368579077,2369336820,0;2369336820,2368578991,0;2368578991,8887740818,0;8887740818,9570709534,0;9570709534,2369336807,0;2369336807,2368578970,0;2368578970,6043430915,0;6043430915,4899192485,0;4899192485,564639012,0;564639012,564638925,0;564638925,504640818,0;504640818,504637096,0;504637096,2787061089,0;2787061089,2787061351,0;2787061351,2787061330,0;2787061330,11155489650,0;11155489650,2787061341,0;2787061341,2787061167,0"
simulated_extreme,30,0.4,0.1,20564930,source_specific,shortest,10279.902722198703,0.6421914589263749,0.8280776466145003,0.8190917470674244,0.42948322884636647,91.89330000663176,14.506900042761117,"9706921350,9706921684,0;9706921684,9706921682,0;9706921682,9713848047,0;9713848047,9713848018,0;9713848018,9713848023,0;9713848023,12984979400,0;12984979400,9713848118,0;9713848118,9713848006,0;9713848006,9713847968,0;9713847968,9706921713,0;9706921713,9706921712,0;9706921712,9706921786,0;9706921786,9778914467,0;9778914467,9706887247,0;9706887247,9706857800,0;9706857800,9706857774,0;9706857774,9706857801,0;9706857801,9706857775,0;9706857775,9706857832,0;9706857832,9706857843,0;9706857843,7161807983,0;7161807983,7161812592,0;7161812592,499478563,0;499478563,499478564,0;499478564,7973114513,0;7973114513,7973099569,0;7973099569,7975273881,0;7975273881,7973099508,0;7973099508,7973099507,0;7973099507,7973114859,0;7973114859,8298792534,0;8298792534,8298792550,0;8298792550,7973114851,0;7973114851,7975286501,0;7975286501,8298792599,0;8298792599,1116501292,0;1116501292,7975286500,0;7975286500,1116501304,0;1116501304,1116501296,0;1116501296,7977050964,0;7977050964,7977056084,0;7977056084,7977050965,0;7977050965,7977056079,0;7977056079,7979256640,0;7979256640,7979256626,0;7979256626,7979256668,0;7979256668,7977056101,0;7977056101,7967831807,0;7967831807,7967774259,0;7967774259,503464976,0;503464976,7961771680,0;7961771680,1116492807,0;1116492807,7967774262,0;7967774262,503464985,0;503464985,2530277199,0;2530277199,564083084,0;564083084,5374860944,0;5374860944,5374860978,0;5374860978,5374861143,0;5374861143,9053077286,0;9053077286,13527622504,0;13527622504,13167173350,0;13167173350,13527622497,0;13527622497,564083093,0;564083093,6317320202,0;6317320202,564083165,0;564083165,13167173329,0;13167173329,6317320222,0;6317320222,6028645652,0;6028645652,2369336843,0;2369336843,2369336701,0;2369336701,12333484744,0;12333484744,2368579077,0;2368579077,2369336820,0;2369336820,2368578991,0;2368578991,8887740818,0;8887740818,8887717116,0;8887717116,6043430915,0;6043430915,4899192485,0;4899192485,564639012,0;564639012,564638925,0;564638925,504640818,0;504640818,504637096,0;504637096,2787061089,0;2787061089,564641522,0;564641522,11155489649,0;11155489649,11155489650,0;11155489650,2787061341,0;2787061341,2787061167,0"
simulated_extreme,30,0.4,0.1,20564930,source_specific,trusted,10279.902722198703,0.6421914589263749,0.8280776466145003,0.8190917470674244,0.42948322884636647,92.56099996855482,15.17460000468418,"9706921350,9706921684,0;9706921684,9706921682,0;9706921682,9713848047,0;9713848047,9713848018,0;9713848018,9713848023,0;9713848023,12984979400,0;12984979400,9713848118,0;9713848118,9713848006,0;9713848006,9713847968,0;9713847968,9706921713,0;9706921713,9706921712,0;9706921712,9706921786,0;9706921786,9778914467,0;9778914467,9706887247,0;9706887247,9706857800,0;9706857800,9706857774,0;9706857774,9706857801,0;9706857801,9706857775,0;9706857775,9706857832,0;9706857832,9706857843,0;9706857843,7161807983,0;7161807983,7161812592,0;7161812592,499478563,0;499478563,499478564,0;499478564,7973114513,0;7973114513,7973099569,0;7973099569,7975273881,0;7975273881,7973099508,0;7973099508,7973099507,0;7973099507,7973114859,0;7973114859,8298792534,0;8298792534,8298792550,0;8298792550,7973114851,0;7973114851,7975286501,0;7975286501,8298792599,0;8298792599,1116501292,0;1116501292,7975286500,0;7975286500,1116501304,0;1116501304,1116501296,0;1116501296,7977050964,0;7977050964,7977056084,0;7977056084,7977050965,0;7977050965,7977056079,0;7977056079,7979256640,0;7979256640,7979256626,0;7979256626,7979256668,0;7979256668,7977056101,0;7977056101,7967831807,0;7967831807,7967774259,0;7967774259,503464976,0;503464976,7961771680,0;7961771680,1116492807,0;1116492807,7967774262,0;7967774262,503464985,0;503464985,2530277199,0;2530277199,564083084,0;564083084,5374860944,0;5374860944,5374860978,0;5374860978,5374861143,0;5374861143,9053077286,0;9053077286,13527622504,0;13527622504,13167173350,0;13167173350,13527622497,0;13527622497,564083093,0;564083093,6317320202,0;6317320202,564083165,0;564083165,13167173329,0;13167173329,6317320222,0;6317320222,6028645652,0;6028645652,2369336843,0;2369336843,2369336701,0;2369336701,12333484744,0;12333484744,2368579077,0;2368579077,2369336820,0;2369336820,2368578991,0;2368578991,8887740818,0;8887740818,8887717116,0;8887717116,6043430915,0;6043430915,4899192485,0;4899192485,564639012,0;564639012,564638925,0;564638925,504640818,0;504640818,504637096,0;504637096,2787061089,0;2787061089,564641522,0;564641522,11155489649,0;11155489649,11155489650,0;11155489650,2787061341,0;2787061341,2787061167,0"
simulated_extreme,30,0.4,0.1,20564930,universal,risk,10297.182344079098,0.6370087923684875,0.8280776466145003,0.8219173776639992,0.4311778653622655,91.28089988371357,14.862499956507236,"9706921350,9706921684,0;9706921684,9706921682,0;9706921682,9713848047,0;9713848047,9713848018,0;9713848018,9713848023,0;9713848023,12984979400,0;12984979400,9713848118,0;9713848118,9713848006,0;9713848006,9713847968,0;9713847968,9706921713,0;9706921713,9706921712,0;9706921712,9706921786,0;9706921786,9778914467,0;9778914467,9706887247,0;9706887247,9706857800,0;9706857800,9706857774,0;9706857774,9706857801,0;9706857801,9706857775,0;9706857775,9706857832,0;9706857832,9706857843,0;9706857843,7161807983,0;7161807983,7161812592,0;7161812592,499478563,0;499478563,499478564,0;499478564,7973114513,0;7973114513,7973099569,0;7973099569,7975273881,0;7975273881,7973099508,0;7973099508,7973099507,0;7973099507,7973114859,0;7973114859,8298792534,0;8298792534,8298792550,0;8298792550,7973114851,0;7973114851,7975286501,0;7975286501,8298792599,0;8298792599,1116501292,0;1116501292,7975286500,0;7975286500,1116501304,0;1116501304,7975286429,0;7975286429,7975286583,0;7975286583,7977056082,0;7977056082,7977056084,0;7977056084,7977050965,0;7977050965,7977056079,0;7977056079,7979256640,0;7979256640,7979256626,0;7979256626,7979256668,0;7979256668,7977056101,0;7977056101,7967831807,0;7967831807,7967774259,0;7967774259,503464976,0;503464976,7961771680,0;7961771680,1116492807,0;1116492807,7967774262,0;7967774262,503464985,0;503464985,2530277199,0;2530277199,564083084,0;564083084,5374860944,0;5374860944,5374860978,0;5374860978,5374861143,0;5374861143,9053077286,0;9053077286,13527622504,0;13527622504,13167173350,0;13167173350,13527622497,0;13527622497,564083093,0;564083093,6317320202,0;6317320202,564083165,0;564083165,13167173329,0;13167173329,6317320222,0;6317320222,6028645652,0;6028645652,2369336843,0;2369336843,2369336701,0;2369336701,12333484744,0;12333484744,2368579077,0;2368579077,2369336820,0;2369336820,2368578991,0;2368578991,8887740818,0;8887740818,9570709534,0;9570709534,2369336807,0;2369336807,2368578970,0;2368578970,6043430915,0;6043430915,4899192485,0;4899192485,564639012,0;564639012,564638925,0;564638925,504640818,0;504640818,504637096,0;504637096,2787061089,0;2787061089,2787061351,0;2787061351,2787061330,0;2787061330,11155489650,0;11155489650,2787061341,0;2787061341,2787061167,0"
simulated_extreme,30,0.4,0.1,20564930,universal,risk_uncertainty,10297.182344079098,0.6370087923684875,0.8280776466145003,0.8219173776639992,0.4311778653622655,90.84359992993996,14.425200002733618,"9706921350,9706921684,0;9706921684,9706921682,0;9706921682,9713848047,0;9713848047,9713848018,0;9713848018,9713848023,0;9713848023,12984979400,0;12984979400,9713848118,0;9713848118,9713848006,0;9713848006,9713847968,0;9713847968,9706921713,0;9706921713,9706921712,0;9706921712,9706921786,0;9706921786,9778914467,0;9778914467,9706887247,0;9706887247,9706857800,0;9706857800,9706857774,0;9706857774,9706857801,0;9706857801,9706857775,0;9706857775,9706857832,0;9706857832,9706857843,0;9706857843,7161807983,0;7161807983,7161812592,0;7161812592,499478563,0;499478563,499478564,0;499478564,7973114513,0;7973114513,7973099569,0;7973099569,7975273881,0;7975273881,7973099508,0;7973099508,7973099507,0;7973099507,7973114859,0;7973114859,8298792534,0;8298792534,8298792550,0;8298792550,7973114851,0;7973114851,7975286501,0;7975286501,8298792599,0;8298792599,1116501292,0;1116501292,7975286500,0;7975286500,1116501304,0;1116501304,7975286429,0;7975286429,7975286583,0;7975286583,7977056082,0;7977056082,7977056084,0;7977056084,7977050965,0;7977050965,7977056079,0;7977056079,7979256640,0;7979256640,7979256626,0;7979256626,7979256668,0;7979256668,7977056101,0;7977056101,7967831807,0;7967831807,7967774259,0;7967774259,503464976,0;503464976,7961771680,0;7961771680,1116492807,0;1116492807,7967774262,0;7967774262,503464985,0;503464985,2530277199,0;2530277199,564083084,0;564083084,5374860944,0;5374860944,5374860978,0;5374860978,5374861143,0;5374861143,9053077286,0;9053077286,13527622504,0;13527622504,13167173350,0;13167173350,13527622497,0;13527622497,564083093,0;564083093,6317320202,0;6317320202,564083165,0;564083165,13167173329,0;13167173329,6317320222,0;6317320222,6028645652,0;6028645652,2369336843,0;2369336843,2369336701,0;2369336701,12333484744,0;12333484744,2368579077,0;2368579077,2369336820,0;2369336820,2368578991,0;2368578991,8887740818,0;8887740818,9570709534,0;9570709534,2369336807,0;2369336807,2368578970,0;2368578970,6043430915,0;6043430915,4899192485,0;4899192485,564639012,0;564639012,564638925,0;564638925,504640818,0;504640818,504637096,0;504637096,2787061089,0;2787061089,2787061351,0;2787061351,2787061330,0;2787061330,11155489650,0;11155489650,2787061341,0;2787061341,2787061167,0"
simulated_extreme,30,0.4,0.1,20564930,universal,shortest,10279.902722198703,0.6421914589263749,0.8280776466145003,0.8190917470674244,0.42948322884636647,90.88009991683066,14.461699989624321,"9706921350,9706921684,0;9706921684,9706921682,0;9706921682,9713848047,0;9713848047,9713848018,0;9713848018,9713848023,0;9713848023,12984979400,0;12984979400,9713848118,0;9713848118,9713848006,0;9713848006,9713847968,0;9713847968,9706921713,0;9706921713,9706921712,0;9706921712,9706921786,0;9706921786,9778914467,0;9778914467,9706887247,0;9706887247,9706857800,0;9706857800,9706857774,0;9706857774,9706857801,0;9706857801,9706857775,0;9706857775,9706857832,0;9706857832,9706857843,0;9706857843,7161807983,0;7161807983,7161812592,0;7161812592,499478563,0;499478563,499478564,0;499478564,7973114513,0;7973114513,7973099569,0;7973099569,7975273881,0;7975273881,7973099508,0;7973099508,7973099507,0;7973099507,7973114859,0;7973114859,8298792534,0;8298792534,8298792550,0;8298792550,7973114851,0;7973114851,7975286501,0;7975286501,8298792599,0;8298792599,1116501292,0;1116501292,7975286500,0;7975286500,1116501304,0;1116501304,1116501296,0;1116501296,7977050964,0;7977050964,7977056084,0;7977056084,7977050965,0;7977050965,7977056079,0;7977056079,7979256640,0;7979256640,7979256626,0;7979256626,7979256668,0;7979256668,7977056101,0;7977056101,7967831807,0;7967831807,7967774259,0;7967774259,503464976,0;503464976,7961771680,0;7961771680,1116492807,0;1116492807,7967774262,0;7967774262,503464985,0;503464985,2530277199,0;2530277199,564083084,0;564083084,5374860944,0;5374860944,5374860978,0;5374860978,5374861143,0;5374861143,9053077286,0;9053077286,13527622504,0;13527622504,13167173350,0;13167173350,13527622497,0;13527622497,564083093,0;564083093,6317320202,0;6317320202,564083165,0;564083165,13167173329,0;13167173329,6317320222,0;6317320222,6028645652,0;6028645652,2369336843,0;2369336843,2369336701,0;2369336701,12333484744,0;12333484744,2368579077,0;2368579077,2369336820,0;2369336820,2368578991,0;2368578991,8887740818,0;8887740818,8887717116,0;8887717116,6043430915,0;6043430915,4899192485,0;4899192485,564639012,0;564639012,564638925,0;564638925,504640818,0;504640818,504637096,0;504637096,2787061089,0;2787061089,564641522,0;564641522,11155489649,0;11155489649,11155489650,0;11155489650,2787061341,0;2787061341,2787061167,0"
simulated_extreme,30,0.4,0.1,20564930,universal,trusted,10289.54350536077,0.6397229181236218,0.8280776466145003,0.8190917470674244,0.43001777427864424,92.31039992300794,15.891999995801598,"9706921350,9706921684,0;9706921684,9706921682,0;9706921682,9713848047,0;9713848047,9713848018,0;9713848018,9713848023,0;9713848023,12984979400,0;12984979400,9713848118,0;9713848118,9713848006,0;9713848006,9713847968,0;9713847968,9706921713,0;9706921713,9706921712,0;9706921712,9706921786,0;9706921786,9778914467,0;9778914467,9706887247,0;9706887247,9706857800,0;9706857800,9706857774,0;9706857774,9706857801,0;9706857801,9706857775,0;9706857775,9706857832,0;9706857832,9706857843,0;9706857843,7161807983,0;7161807983,7161812592,0;7161812592,499478563,0;499478563,499478564,0;499478564,7973114513,0;7973114513,7973099569,0;7973099569,7975273881,0;7975273881,7973099508,0;7973099508,7973099507,0;7973099507,7973114859,0;7973114859,8298792534,0;8298792534,8298792550,0;8298792550,7973114851,0;7973114851,7975286501,0;7975286501,8298792599,0;8298792599,1116501292,0;1116501292,7975286500,0;7975286500,1116501304,0;1116501304,1116501296,0;1116501296,7977050964,0;7977050964,7977056084,0;7977056084,7977050965,0;7977050965,7977056079,0;7977056079,7979256640,0;7979256640,7979256626,0;7979256626,7979256668,0;7979256668,7977056101,0;7977056101,7967831807,0;7967831807,7967774259,0;7967774259,503464976,0;503464976,7961771680,0;7961771680,1116492807,0;1116492807,7967774262,0;7967774262,503464985,0;503464985,2530277199,0;2530277199,564083084,0;564083084,5374860944,0;5374860944,5374860978,0;5374860978,5374861143,0;5374861143,9053077286,0;9053077286,13527622504,0;13527622504,13167173350,0;13167173350,13527622497,0;13527622497,564083093,0;564083093,6317320202,0;6317320202,564083165,0;564083165,13167173329,0;13167173329,6317320222,0;6317320222,6028645652,0;6028645652,2369336843,0;2369336843,2369336701,0;2369336701,12333484744,0;12333484744,2368579077,0;2368579077,2369336820,0;2369336820,2368578991,0;2368578991,8887740818,0;8887740818,9570709534,0;9570709534,2369336807,0;2369336807,2368578970,0;2368578970,6043430915,0;6043430915,4899192485,0;4899192485,564639012,0;564639012,564638925,0;564638925,504640818,0;504640818,504637096,0;504637096,2787061089,0;2787061089,564641522,0;564641522,11155489649,0;11155489649,11155489650,0;11155489650,2787061341,0;2787061341,2787061167,0"
simulated_extreme,30,0.4,0.2,20564940,source_specific,risk,10297.182344079098,0.6370087923684875,0.8280776466145003,0.8219173776639992,0.4311778653622655,93.04940002039075,12.714400014374405,"9706921350,9706921684,0;9706921684,9706921682,0;9706921682,9713848047,0;9713848047,9713848018,0;9713848018,9713848023,0;9713848023,12984979400,0;12984979400,9713848118,0;9713848118,9713848006,0;9713848006,9713847968,0;9713847968,9706921713,0;9706921713,9706921712,0;9706921712,9706921786,0;9706921786,9778914467,0;9778914467,9706887247,0;9706887247,9706857800,0;9706857800,9706857774,0;9706857774,9706857801,0;9706857801,9706857775,0;9706857775,9706857832,0;9706857832,9706857843,0;9706857843,7161807983,0;7161807983,7161812592,0;7161812592,499478563,0;499478563,499478564,0;499478564,7973114513,0;7973114513,7973099569,0;7973099569,7975273881,0;7975273881,7973099508,0;7973099508,7973099507,0;7973099507,7973114859,0;7973114859,8298792534,0;8298792534,8298792550,0;8298792550,7973114851,0;7973114851,7975286501,0;7975286501,8298792599,0;8298792599,1116501292,0;1116501292,7975286500,0;7975286500,1116501304,0;1116501304,7975286429,0;7975286429,7975286583,0;7975286583,7977056082,0;7977056082,7977056084,0;7977056084,7977050965,0;7977050965,7977056079,0;7977056079,7979256640,0;7979256640,7979256626,0;7979256626,7979256668,0;7979256668,7977056101,0;7977056101,7967831807,0;7967831807,7967774259,0;7967774259,503464976,0;503464976,7961771680,0;7961771680,1116492807,0;1116492807,7967774262,0;7967774262,503464985,0;503464985,2530277199,0;2530277199,564083084,0;564083084,5374860944,0;5374860944,5374860978,0;5374860978,5374861143,0;5374861143,9053077286,0;9053077286,13527622504,0;13527622504,13167173350,0;13167173350,13527622497,0;13527622497,564083093,0;564083093,6317320202,0;6317320202,564083165,0;564083165,13167173329,0;13167173329,6317320222,0;6317320222,6028645652,0;6028645652,2369336843,0;2369336843,2369336701,0;2369336701,12333484744,0;12333484744,2368579077,0;2368579077,2369336820,0;2369336820,2368578991,0;2368578991,8887740818,0;8887740818,9570709534,0;9570709534,2369336807,0;2369336807,2368578970,0;2368578970,6043430915,0;6043430915,4899192485,0;4899192485,564639012,0;564639012,564638925,0;564638925,504640818,0;504640818,504637096,0;504637096,2787061089,0;2787061089,2787061351,0;2787061351,2787061330,0;2787061330,11155489650,0;11155489650,2787061341,0;2787061341,2787061167,0"
simulated_extreme,30,0.4,0.2,20564940,source_specific,risk_uncertainty,10297.182344079098,0.6370087923684875,0.8280776466145003,0.8219173776639992,0.4311778653622655,94.24190002027899,13.906900014262646,"9706921350,9706921684,0;9706921684,9706921682,0;9706921682,9713848047,0;9713848047,9713848018,0;9713848018,9713848023,0;9713848023,12984979400,0;12984979400,9713848118,0;9713848118,9713848006,0;9713848006,9713847968,0;9713847968,9706921713,0;9706921713,9706921712,0;9706921712,9706921786,0;9706921786,9778914467,0;9778914467,9706887247,0;9706887247,9706857800,0;9706857800,9706857774,0;9706857774,9706857801,0;9706857801,9706857775,0;9706857775,9706857832,0;9706857832,9706857843,0;9706857843,7161807983,0;7161807983,7161812592,0;7161812592,499478563,0;499478563,499478564,0;499478564,7973114513,0;7973114513,7973099569,0;7973099569,7975273881,0;7975273881,7973099508,0;7973099508,7973099507,0;7973099507,7973114859,0;7973114859,8298792534,0;8298792534,8298792550,0;8298792550,7973114851,0;7973114851,7975286501,0;7975286501,8298792599,0;8298792599,1116501292,0;1116501292,7975286500,0;7975286500,1116501304,0;1116501304,7975286429,0;7975286429,7975286583,0;7975286583,7977056082,0;7977056082,7977056084,0;7977056084,7977050965,0;7977050965,7977056079,0;7977056079,7979256640,0;7979256640,7979256626,0;7979256626,7979256668,0;7979256668,7977056101,0;7977056101,7967831807,0;7967831807,7967774259,0;7967774259,503464976,0;503464976,7961771680,0;7961771680,1116492807,0;1116492807,7967774262,0;7967774262,503464985,0;503464985,2530277199,0;2530277199,564083084,0;564083084,5374860944,0;5374860944,5374860978,0;5374860978,5374861143,0;5374861143,9053077286,0;9053077286,13527622504,0;13527622504,13167173350,0;13167173350,13527622497,0;13527622497,564083093,0;564083093,6317320202,0;6317320202,564083165,0;564083165,13167173329,0;13167173329,6317320222,0;6317320222,6028645652,0;6028645652,2369336843,0;2369336843,2369336701,0;2369336701,12333484744,0;12333484744,2368579077,0;2368579077,2369336820,0;2369336820,2368578991,0;2368578991,8887740818,0;8887740818,9570709534,0;9570709534,2369336807,0;2369336807,2368578970,0;2368578970,6043430915,0;6043430915,4899192485,0;4899192485,564639012,0;564639012,564638925,0;564638925,504640818,0;504640818,504637096,0;504637096,2787061089,0;2787061089,2787061351,0;2787061351,2787061330,0;2787061330,11155489650,0;11155489650,2787061341,0;2787061341,2787061167,0"
simulated_extreme,30,0.4,0.2,20564940,source_specific,shortest,10279.902722198703,0.6421914589263749,0.8280776466145003,0.8190917470674244,0.42948322884636647,97.15990006225184,16.824900056235492,"9706921350,9706921684,0;9706921684,9706921682,0;9706921682,9713848047,0;9713848047,9713848018,0;9713848018,9713848023,0;9713848023,12984979400,0;12984979400,9713848118,0;9713848118,9713848006,0;9713848006,9713847968,0;9713847968,9706921713,0;9706921713,9706921712,0;9706921712,9706921786,0;9706921786,9778914467,0;9778914467,9706887247,0;9706887247,9706857800,0;9706857800,9706857774,0;9706857774,9706857801,0;9706857801,9706857775,0;9706857775,9706857832,0;9706857832,9706857843,0;9706857843,7161807983,0;7161807983,7161812592,0;7161812592,499478563,0;499478563,499478564,0;499478564,7973114513,0;7973114513,7973099569,0;7973099569,7975273881,0;7975273881,7973099508,0;7973099508,7973099507,0;7973099507,7973114859,0;7973114859,8298792534,0;8298792534,8298792550,0;8298792550,7973114851,0;7973114851,7975286501,0;7975286501,8298792599,0;8298792599,1116501292,0;1116501292,7975286500,0;7975286500,1116501304,0;1116501304,1116501296,0;1116501296,7977050964,0;7977050964,7977056084,0;7977056084,7977050965,0;7977050965,7977056079,0;7977056079,7979256640,0;7979256640,7979256626,0;7979256626,7979256668,0;7979256668,7977056101,0;7977056101,7967831807,0;7967831807,7967774259,0;7967774259,503464976,0;503464976,7961771680,0;7961771680,1116492807,0;1116492807,7967774262,0;7967774262,503464985,0;503464985,2530277199,0;2530277199,564083084,0;564083084,5374860944,0;5374860944,5374860978,0;5374860978,5374861143,0;5374861143,9053077286,0;9053077286,13527622504,0;13527622504,13167173350,0;13167173350,13527622497,0;13527622497,564083093,0;564083093,6317320202,0;6317320202,564083165,0;564083165,13167173329,0;13167173329,6317320222,0;6317320222,6028645652,0;6028645652,2369336843,0;2369336843,2369336701,0;2369336701,12333484744,0;12333484744,2368579077,0;2368579077,2369336820,0;2369336820,2368578991,0;2368578991,8887740818,0;8887740818,8887717116,0;8887717116,6043430915,0;6043430915,4899192485,0;4899192485,564639012,0;564639012,564638925,0;564638925,504640818,0;504640818,504637096,0;504637096,2787061089,0;2787061089,564641522,0;564641522,11155489649,0;11155489649,11155489650,0;11155489650,2787061341,0;2787061341,2787061167,0"
simulated_extreme,30,0.4,0.2,20564940,source_specific,trusted,10279.902722198703,0.6421914589263749,0.8280776466145003,0.8190917470674244,0.42948322884636647,96.1892000050284,15.854199999012053,"9706921350,9706921684,0;9706921684,9706921682,0;9706921682,9713848047,0;9713848047,9713848018,0;9713848018,9713848023,0;9713848023,12984979400,0;12984979400,9713848118,0;9713848118,9713848006,0;9713848006,9713847968,0;9713847968,9706921713,0;9706921713,9706921712,0;9706921712,9706921786,0;9706921786,9778914467,0;9778914467,9706887247,0;9706887247,9706857800,0;9706857800,9706857774,0;9706857774,9706857801,0;9706857801,9706857775,0;9706857775,9706857832,0;9706857832,9706857843,0;9706857843,7161807983,0;7161807983,7161812592,0;7161812592,499478563,0;499478563,499478564,0;499478564,7973114513,0;7973114513,7973099569,0;7973099569,7975273881,0;7975273881,7973099508,0;7973099508,7973099507,0;7973099507,7973114859,0;7973114859,8298792534,0;8298792534,8298792550,0;8298792550,7973114851,0;7973114851,7975286501,0;7975286501,8298792599,0;8298792599,1116501292,0;1116501292,7975286500,0;7975286500,1116501304,0;1116501304,1116501296,0;1116501296,7977050964,0;7977050964,7977056084,0;7977056084,7977050965,0;7977050965,7977056079,0;7977056079,7979256640,0;7979256640,7979256626,0;7979256626,7979256668,0;7979256668,7977056101,0;7977056101,7967831807,0;7967831807,7967774259,0;7967774259,503464976,0;503464976,7961771680,0;7961771680,1116492807,0;1116492807,7967774262,0;7967774262,503464985,0;503464985,2530277199,0;2530277199,564083084,0;564083084,5374860944,0;5374860944,5374860978,0;5374860978,5374861143,0;5374861143,9053077286,0;9053077286,13527622504,0;13527622504,13167173350,0;13167173350,13527622497,0;13527622497,564083093,0;564083093,6317320202,0;6317320202,564083165,0;564083165,13167173329,0;13167173329,6317320222,0;6317320222,6028645652,0;6028645652,2369336843,0;2369336843,2369336701,0;2369336701,12333484744,0;12333484744,2368579077,0;2368579077,2369336820,0;2369336820,2368578991,0;2368578991,8887740818,0;8887740818,8887717116,0;8887717116,6043430915,0;6043430915,4899192485,0;4899192485,564639012,0;564639012,564638925,0;564638925,504640818,0;504640818,504637096,0;504637096,2787061089,0;2787061089,564641522,0;564641522,11155489649,0;11155489649,11155489650,0;11155489650,2787061341,0;2787061341,2787061167,0"
simulated_extreme,30,0.4,0.2,20564940,universal,risk,10297.182344079098,0.6370087923684875,0.8280776466145003,0.8219173776639992,0.4311778653622655,91.5223999763839,12.463999970350415,"9706921350,9706921684,0;9706921684,9706921682,0;9706921682,9713848047,0;9713848047,9713848018,0;9713848018,9713848023,0;9713848023,12984979400,0;12984979400,9713848118,0;9713848118,9713848006,0;9713848006,9713847968,0;9713847968,9706921713,0;9706921713,9706921712,0;9706921712,9706921786,0;9706921786,9778914467,0;9778914467,9706887247,0;9706887247,9706857800,0;9706857800,9706857774,0;9706857774,9706857801,0;9706857801,9706857775,0;9706857775,9706857832,0;9706857832,9706857843,0;9706857843,7161807983,0;7161807983,7161812592,0;7161812592,499478563,0;499478563,499478564,0;499478564,7973114513,0;7973114513,7973099569,0;7973099569,7975273881,0;7975273881,7973099508,0;7973099508,7973099507,0;7973099507,7973114859,0;7973114859,8298792534,0;8298792534,8298792550,0;8298792550,7973114851,0;7973114851,7975286501,0;7975286501,8298792599,0;8298792599,1116501292,0;1116501292,7975286500,0;7975286500,1116501304,0;1116501304,7975286429,0;7975286429,7975286583,0;7975286583,7977056082,0;7977056082,7977056084,0;7977056084,7977050965,0;7977050965,7977056079,0;7977056079,7979256640,0;7979256640,7979256626,0;7979256626,7979256668,0;7979256668,7977056101,0;7977056101,7967831807,0;7967831807,7967774259,0;7967774259,503464976,0;503464976,7961771680,0;7961771680,1116492807,0;1116492807,7967774262,0;7967774262,503464985,0;503464985,2530277199,0;2530277199,564083084,0;564083084,5374860944,0;5374860944,5374860978,0;5374860978,5374861143,0;5374861143,9053077286,0;9053077286,13527622504,0;13527622504,13167173350,0;13167173350,13527622497,0;13527622497,564083093,0;564083093,6317320202,0;6317320202,564083165,0;564083165,13167173329,0;13167173329,6317320222,0;6317320222,6028645652,0;6028645652,2369336843,0;2369336843,2369336701,0;2369336701,12333484744,0;12333484744,2368579077,0;2368579077,2369336820,0;2369336820,2368578991,0;2368578991,8887740818,0;8887740818,9570709534,0;9570709534,2369336807,0;2369336807,2368578970,0;2368578970,6043430915,0;6043430915,4899192485,0;4899192485,564639012,0;564639012,564638925,0;564638925,504640818,0;504640818,504637096,0;504637096,2787061089,0;2787061089,2787061351,0;2787061351,2787061330,0;2787061330,11155489650,0;11155489650,2787061341,0;2787061341,2787061167,0"
simulated_extreme,30,0.4,0.2,20564940,universal,risk_uncertainty,10297.182344079098,0.6370087923684875,0.8280776466145003,0.8219173776639992,0.4311778653622655,93.17129995906726,14.112899953033775,"9706921350,9706921684,0;9706921684,9706921682,0;9706921682,9713848047,0;9713848047,9713848018,0;9713848018,9713848023,0;9713848023,12984979400,0;12984979400,9713848118,0;9713848118,9713848006,0;9713848006,9713847968,0;9713847968,9706921713,0;9706921713,9706921712,0;9706921712,9706921786,0;9706921786,9778914467,0;9778914467,9706887247,0;9706887247,9706857800,0;9706857800,9706857774,0;9706857774,9706857801,0;9706857801,9706857775,0;9706857775,9706857832,0;9706857832,9706857843,0;9706857843,7161807983,0;7161807983,7161812592,0;7161812592,499478563,0;499478563,499478564,0;499478564,7973114513,0;7973114513,7973099569,0;7973099569,7975273881,0;7975273881,7973099508,0;7973099508,7973099507,0;7973099507,7973114859,0;7973114859,8298792534,0;8298792534,8298792550,0;8298792550,7973114851,0;7973114851,7975286501,0;7975286501,8298792599,0;8298792599,1116501292,0;1116501292,7975286500,0;7975286500,1116501304,0;1116501304,7975286429,0;7975286429,7975286583,0;7975286583,7977056082,0;7977056082,7977056084,0;7977056084,7977050965,0;7977050965,7977056079,0;7977056079,7979256640,0;7979256640,7979256626,0;7979256626,7979256668,0;7979256668,7977056101,0;7977056101,7967831807,0;7967831807,7967774259,0;7967774259,503464976,0;503464976,7961771680,0;7961771680,1116492807,0;1116492807,7967774262,0;7967774262,503464985,0;503464985,2530277199,0;2530277199,564083084,0;564083084,5374860944,0;5374860944,5374860978,0;5374860978,5374861143,0;5374861143,9053077286,0;9053077286,13527622504,0;13527622504,13167173350,0;13167173350,13527622497,0;13527622497,564083093,0;564083093,6317320202,0;6317320202,564083165,0;564083165,13167173329,0;13167173329,6317320222,0;6317320222,6028645652,0;6028645652,2369336843,0;2369336843,2369336701,0;2369336701,12333484744,0;12333484744,2368579077,0;2368579077,2369336820,0;2369336820,2368578991,0;2368578991,8887740818,0;8887740818,9570709534,0;9570709534,2369336807,0;2369336807,2368578970,0;2368578970,6043430915,0;6043430915,4899192485,0;4899192485,564639012,0;564639012,564638925,0;564638925,504640818,0;504640818,504637096,0;504637096,2787061089,0;2787061089,2787061351,0;2787061351,2787061330,0;2787061330,11155489650,0;11155489650,2787061341,0;2787061341,2787061167,0"
simulated_extreme,30,0.4,0.2,20564940,universal,shortest,10279.902722198703,0.6421914589263749,0.8280776466145003,0.8190917470674244,0.42948322884636647,94.8873000452295,15.828900039196014,"9706921350,9706921684,0;9706921684,9706921682,0;9706921682,9713848047,0;9713848047,9713848018,0;9713848018,9713848023,0;9713848023,12984979400,0;12984979400,9713848118,0;9713848118,9713848006,0;9713848006,9713847968,0;9713847968,9706921713,0;9706921713,9706921712,0;9706921712,9706921786,0;9706921786,9778914467,0;9778914467,9706887247,0;9706887247,9706857800,0;9706857800,9706857774,0;9706857774,9706857801,0;9706857801,9706857775,0;9706857775,9706857832,0;9706857832,9706857843,0;9706857843,7161807983,0;7161807983,7161812592,0;7161812592,499478563,0;499478563,499478564,0;499478564,7973114513,0;7973114513,7973099569,0;7973099569,7975273881,0;7975273881,7973099508,0;7973099508,7973099507,0;7973099507,7973114859,0;7973114859,8298792534,0;8298792534,8298792550,0;8298792550,7973114851,0;7973114851,7975286501,0;7975286501,8298792599,0;8298792599,1116501292,0;1116501292,7975286500,0;7975286500,1116501304,0;1116501304,1116501296,0;1116501296,7977050964,0;7977050964,7977056084,0;7977056084,7977050965,0;7977050965,7977056079,0;7977056079,7979256640,0;7979256640,7979256626,0;7979256626,7979256668,0;7979256668,7977056101,0;7977056101,7967831807,0;7967831807,7967774259,0;7967774259,503464976,0;503464976,7961771680,0;7961771680,1116492807,0;1116492807,7967774262,0;7967774262,503464985,0;503464985,2530277199,0;2530277199,564083084,0;564083084,5374860944,0;5374860944,5374860978,0;5374860978,5374861143,0;5374861143,9053077286,0;9053077286,13527622504,0;13527622504,13167173350,0;13167173350,13527622497,0;13527622497,564083093,0;564083093,6317320202,0;6317320202,564083165,0;564083165,13167173329,0;13167173329,6317320222,0;6317320222,6028645652,0;6028645652,2369336843,0;2369336843,2369336701,0;2369336701,12333484744,0;12333484744,2368579077,0;2368579077,2369336820,0;2369336820,2368578991,0;2368578991,8887740818,0;8887740818,8887717116,0;8887717116,6043430915,0;6043430915,4899192485,0;4899192485,564639012,0;564639012,564638925,0;564638925,504640818,0;504640818,504637096,0;504637096,2787061089,0;2787061089,564641522,0;564641522,11155489649,0;11155489649,11155489650,0;11155489650,2787061341,0;2787061341,2787061167,0"
simulated_extreme,30,0.4,0.2,20564940,universal,trusted,10279.902722198703,0.6421914589263749,0.8280776466145003,0.8190917470674244,0.42948322884636647,94.58050003740937,15.522100031375885,"9706921350,9706921684,0;9706921684,9706921682,0;9706921682,9713848047,0;9713848047,9713848018,0;9713848018,9713848023,0;9713848023,12984979400,0;12984979400,9713848118,0;9713848118,9713848006,0;9713848006,9713847968,0;9713847968,9706921713,0;9706921713,9706921712,0;9706921712,9706921786,0;9706921786,9778914467,0;9778914467,9706887247,0;9706887247,9706857800,0;9706857800,9706857774,0;9706857774,9706857801,0;9706857801,9706857775,0;9706857775,9706857832,0;9706857832,9706857843,0;9706857843,7161807983,0;7161807983,7161812592,0;7161812592,499478563,0;499478563,499478564,0;499478564,7973114513,0;7973114513,7973099569,0;7973099569,7975273881,0;7975273881,7973099508,0;7973099508,7973099507,0;7973099507,7973114859,0;7973114859,8298792534,0;8298792534,8298792550,0;8298792550,7973114851,0;7973114851,7975286501,0;7975286501,8298792599,0;8298792599,1116501292,0;1116501292,7975286500,0;7975286500,1116501304,0;1116501304,1116501296,0;1116501296,7977050964,0;7977050964,7977056084,0;7977056084,7977050965,0;7977050965,7977056079,0;7977056079,7979256640,0;7979256640,7979256626,0;7979256626,7979256668,0;7979256668,7977056101,0;7977056101,7967831807,0;7967831807,7967774259,0;7967774259,503464976,0;503464976,7961771680,0;7961771680,1116492807,0;1116492807,7967774262,0;7967774262,503464985,0;503464985,2530277199,0;2530277199,564083084,0;564083084,5374860944,0;5374860944,5374860978,0;5374860978,5374861143,0;5374861143,9053077286,0;9053077286,13527622504,0;13527622504,13167173350,0;13167173350,13527622497,0;13527622497,564083093,0;564083093,6317320202,0;6317320202,564083165,0;564083165,13167173329,0;13167173329,6317320222,0;6317320222,6028645652,0;6028645652,2369336843,0;2369336843,2369336701,0;2369336701,12333484744,0;12333484744,2368579077,0;2368579077,2369336820,0;2369336820,2368578991,0;2368578991,8887740818,0;8887740818,8887717116,0;8887717116,6043430915,0;6043430915,4899192485,0;4899192485,564639012,0;564639012,564638925,0;564638925,504640818,0;504640818,504637096,0;504637096,2787061089,0;2787061089,564641522,0;564641522,11155489649,0;11155489649,11155489650,0;11155489650,2787061341,0;2787061341,2787061167,0"
simulated_extreme,60,0.0,0.0,20860920,source_specific,risk,10297.182344079098,0.6370087923684875,0.8280776466145003,0.8219173776639992,0.4311778653622655,102.16399998171255,16.576699970755726,"9706921350,9706921684,0;9706921684,9706921682,0;9706921682,9713848047,0;9713848047,9713848018,0;9713848018,9713848023,0;9713848023,12984979400,0;12984979400,9713848118,0;9713848118,9713848006,0;9713848006,9713847968,0;9713847968,9706921713,0;9706921713,9706921712,0;9706921712,9706921786,0;9706921786,9778914467,0;9778914467,9706887247,0;9706887247,9706857800,0;9706857800,9706857774,0;9706857774,9706857801,0;9706857801,9706857775,0;9706857775,9706857832,0;9706857832,9706857843,0;9706857843,7161807983,0;7161807983,7161812592,0;7161812592,499478563,0;499478563,499478564,0;499478564,7973114513,0;7973114513,7973099569,0;7973099569,7975273881,0;7975273881,7973099508,0;7973099508,7973099507,0;7973099507,7973114859,0;7973114859,8298792534,0;8298792534,8298792550,0;8298792550,7973114851,0;7973114851,7975286501,0;7975286501,8298792599,0;8298792599,1116501292,0;1116501292,7975286500,0;7975286500,1116501304,0;1116501304,7975286429,0;7975286429,7975286583,0;7975286583,7977056082,0;7977056082,7977056084,0;7977056084,7977050965,0;7977050965,7977056079,0;7977056079,7979256640,0;7979256640,7979256626,0;7979256626,7979256668,0;7979256668,7977056101,0;7977056101,7967831807,0;7967831807,7967774259,0;7967774259,503464976,0;503464976,7961771680,0;7961771680,1116492807,0;1116492807,7967774262,0;7967774262,503464985,0;503464985,2530277199,0;2530277199,564083084,0;564083084,5374860944,0;5374860944,5374860978,0;5374860978,5374861143,0;5374861143,9053077286,0;9053077286,13527622504,0;13527622504,13167173350,0;13167173350,13527622497,0;13527622497,564083093,0;564083093,6317320202,0;6317320202,564083165,0;564083165,13167173329,0;13167173329,6317320222,0;6317320222,6028645652,0;6028645652,2369336843,0;2369336843,2369336701,0;2369336701,12333484744,0;12333484744,2368579077,0;2368579077,2369336820,0;2369336820,2368578991,0;2368578991,8887740818,0;8887740818,9570709534,0;9570709534,2369336807,0;2369336807,2368578970,0;2368578970,6043430915,0;6043430915,4899192485,0;4899192485,564639012,0;564639012,564638925,0;564638925,504640818,0;504640818,504637096,0;504637096,2787061089,0;2787061089,2787061351,0;2787061351,2787061330,0;2787061330,11155489650,0;11155489650,2787061341,0;2787061341,2787061167,0"
simulated_extreme,60,0.0,0.0,20860920,source_specific,risk_uncertainty,10297.182344079098,0.6370087923684875,0.8280776466145003,0.8219173776639992,0.4311778653622655,100.84450006252155,15.257200051564723,"9706921350,9706921684,0;9706921684,9706921682,0;9706921682,9713848047,0;9713848047,9713848018,0;9713848018,9713848023,0;9713848023,12984979400,0;12984979400,9713848118,0;9713848118,9713848006,0;9713848006,9713847968,0;9713847968,9706921713,0;9706921713,9706921712,0;9706921712,9706921786,0;9706921786,9778914467,0;9778914467,9706887247,0;9706887247,9706857800,0;9706857800,9706857774,0;9706857774,9706857801,0;9706857801,9706857775,0;9706857775,9706857832,0;9706857832,9706857843,0;9706857843,7161807983,0;7161807983,7161812592,0;7161812592,499478563,0;499478563,499478564,0;499478564,7973114513,0;7973114513,7973099569,0;7973099569,7975273881,0;7975273881,7973099508,0;7973099508,7973099507,0;7973099507,7973114859,0;7973114859,8298792534,0;8298792534,8298792550,0;8298792550,7973114851,0;7973114851,7975286501,0;7975286501,8298792599,0;8298792599,1116501292,0;1116501292,7975286500,0;7975286500,1116501304,0;1116501304,7975286429,0;7975286429,7975286583,0;7975286583,7977056082,0;7977056082,7977056084,0;7977056084,7977050965,0;7977050965,7977056079,0;7977056079,7979256640,0;7979256640,7979256626,0;7979256626,7979256668,0;7979256668,7977056101,0;7977056101,7967831807,0;7967831807,7967774259,0;7967774259,503464976,0;503464976,7961771680,0;7961771680,1116492807,0;1116492807,7967774262,0;7967774262,503464985,0;503464985,2530277199,0;2530277199,564083084,0;564083084,5374860944,0;5374860944,5374860978,0;5374860978,5374861143,0;5374861143,9053077286,0;9053077286,13527622504,0;13527622504,13167173350,0;13167173350,13527622497,0;13527622497,564083093,0;564083093,6317320202,0;6317320202,564083165,0;564083165,13167173329,0;13167173329,6317320222,0;6317320222,6028645652,0;6028645652,2369336843,0;2369336843,2369336701,0;2369336701,12333484744,0;12333484744,2368579077,0;2368579077,2369336820,0;2369336820,2368578991,0;2368578991,8887740818,0;8887740818,9570709534,0;9570709534,2369336807,0;2369336807,2368578970,0;2368578970,6043430915,0;6043430915,4899192485,0;4899192485,564639012,0;564639012,564638925,0;564638925,504640818,0;504640818,504637096,0;504637096,2787061089,0;2787061089,2787061351,0;2787061351,2787061330,0;2787061330,11155489650,0;11155489650,2787061341,0;2787061341,2787061167,0"
simulated_extreme,60,0.0,0.0,20860920,source_specific,shortest,10279.902722198703,0.6421914589263749,0.8280776466145003,0.8190917470674244,0.42948322884636647,100.98590003326535,15.398600022308528,"9706921350,9706921684,0;9706921684,9706921682,0;9706921682,9713848047,0;9713848047,9713848018,0;9713848018,9713848023,0;9713848023,12984979400,0;12984979400,9713848118,0;9713848118,9713848006,0;9713848006,9713847968,0;9713847968,9706921713,0;9706921713,9706921712,0;9706921712,9706921786,0;9706921786,9778914467,0;9778914467,9706887247,0;9706887247,9706857800,0;9706857800,9706857774,0;9706857774,9706857801,0;9706857801,9706857775,0;9706857775,9706857832,0;9706857832,9706857843,0;9706857843,7161807983,0;7161807983,7161812592,0;7161812592,499478563,0;499478563,499478564,0;499478564,7973114513,0;7973114513,7973099569,0;7973099569,7975273881,0;7975273881,7973099508,0;7973099508,7973099507,0;7973099507,7973114859,0;7973114859,8298792534,0;8298792534,8298792550,0;8298792550,7973114851,0;7973114851,7975286501,0;7975286501,8298792599,0;8298792599,1116501292,0;1116501292,7975286500,0;7975286500,1116501304,0;1116501304,1116501296,0;1116501296,7977050964,0;7977050964,7977056084,0;7977056084,7977050965,0;7977050965,7977056079,0;7977056079,7979256640,0;7979256640,7979256626,0;7979256626,7979256668,0;7979256668,7977056101,0;7977056101,7967831807,0;7967831807,7967774259,0;7967774259,503464976,0;503464976,7961771680,0;7961771680,1116492807,0;1116492807,7967774262,0;7967774262,503464985,0;503464985,2530277199,0;2530277199,564083084,0;564083084,5374860944,0;5374860944,5374860978,0;5374860978,5374861143,0;5374861143,9053077286,0;9053077286,13527622504,0;13527622504,13167173350,0;13167173350,13527622497,0;13527622497,564083093,0;564083093,6317320202,0;6317320202,564083165,0;564083165,13167173329,0;13167173329,6317320222,0;6317320222,6028645652,0;6028645652,2369336843,0;2369336843,2369336701,0;2369336701,12333484744,0;12333484744,2368579077,0;2368579077,2369336820,0;2369336820,2368578991,0;2368578991,8887740818,0;8887740818,8887717116,0;8887717116,6043430915,0;6043430915,4899192485,0;4899192485,564639012,0;564639012,564638925,0;564638925,504640818,0;504640818,504637096,0;504637096,2787061089,0;2787061089,564641522,0;564641522,11155489649,0;11155489649,11155489650,0;11155489650,2787061341,0;2787061341,2787061167,0"
simulated_extreme,60,0.0,0.0,20860920,source_specific,trusted,10279.902722198703,0.6421914589263749,0.8280776466145003,0.8190917470674244,0.42948322884636647,101.35560005437583,15.768300043419003,"9706921350,9706921684,0;9706921684,9706921682,0;9706921682,9713848047,0;9713848047,9713848018,0;9713848018,9713848023,0;9713848023,12984979400,0;12984979400,9713848118,0;9713848118,9713848006,0;9713848006,9713847968,0;9713847968,9706921713,0;9706921713,9706921712,0;9706921712,9706921786,0;9706921786,9778914467,0;9778914467,9706887247,0;9706887247,9706857800,0;9706857800,9706857774,0;9706857774,9706857801,0;9706857801,9706857775,0;9706857775,9706857832,0;9706857832,9706857843,0;9706857843,7161807983,0;7161807983,7161812592,0;7161812592,499478563,0;499478563,499478564,0;499478564,7973114513,0;7973114513,7973099569,0;7973099569,7975273881,0;7975273881,7973099508,0;7973099508,7973099507,0;7973099507,7973114859,0;7973114859,8298792534,0;8298792534,8298792550,0;8298792550,7973114851,0;7973114851,7975286501,0;7975286501,8298792599,0;8298792599,1116501292,0;1116501292,7975286500,0;7975286500,1116501304,0;1116501304,1116501296,0;1116501296,7977050964,0;7977050964,7977056084,0;7977056084,7977050965,0;7977050965,7977056079,0;7977056079,7979256640,0;7979256640,7979256626,0;7979256626,7979256668,0;7979256668,7977056101,0;7977056101,7967831807,0;7967831807,7967774259,0;7967774259,503464976,0;503464976,7961771680,0;7961771680,1116492807,0;1116492807,7967774262,0;7967774262,503464985,0;503464985,2530277199,0;2530277199,564083084,0;564083084,5374860944,0;5374860944,5374860978,0;5374860978,5374861143,0;5374861143,9053077286,0;9053077286,13527622504,0;13527622504,13167173350,0;13167173350,13527622497,0;13527622497,564083093,0;564083093,6317320202,0;6317320202,564083165,0;564083165,13167173329,0;13167173329,6317320222,0;6317320222,6028645652,0;6028645652,2369336843,0;2369336843,2369336701,0;2369336701,12333484744,0;12333484744,2368579077,0;2368579077,2369336820,0;2369336820,2368578991,0;2368578991,8887740818,0;8887740818,8887717116,0;8887717116,6043430915,0;6043430915,4899192485,0;4899192485,564639012,0;564639012,564638925,0;564638925,504640818,0;504640818,504637096,0;504637096,2787061089,0;2787061089,564641522,0;564641522,11155489649,0;11155489649,11155489650,0;11155489650,2787061341,0;2787061341,2787061167,0"
simulated_extreme,60,0.0,0.0,20860920,universal,risk,10297.182344079098,0.6370087923684875,0.8280776466145003,0.8219173776639992,0.4311778653622655,100.99010000703856,16.781300015281886,"9706921350,9706921684,0;9706921684,9706921682,0;9706921682,9713848047,0;9713848047,9713848018,0;9713848018,9713848023,0;9713848023,12984979400,0;12984979400,9713848118,0;9713848118,9713848006,0;9713848006,9713847968,0;9713847968,9706921713,0;9706921713,9706921712,0;9706921712,9706921786,0;9706921786,9778914467,0;9778914467,9706887247,0;9706887247,9706857800,0;9706857800,9706857774,0;9706857774,9706857801,0;9706857801,9706857775,0;9706857775,9706857832,0;9706857832,9706857843,0;9706857843,7161807983,0;7161807983,7161812592,0;7161812592,499478563,0;499478563,499478564,0;499478564,7973114513,0;7973114513,7973099569,0;7973099569,7975273881,0;7975273881,7973099508,0;7973099508,7973099507,0;7973099507,7973114859,0;7973114859,8298792534,0;8298792534,8298792550,0;8298792550,7973114851,0;7973114851,7975286501,0;7975286501,8298792599,0;8298792599,1116501292,0;1116501292,7975286500,0;7975286500,1116501304,0;1116501304,7975286429,0;7975286429,7975286583,0;7975286583,7977056082,0;7977056082,7977056084,0;7977056084,7977050965,0;7977050965,7977056079,0;7977056079,7979256640,0;7979256640,7979256626,0;7979256626,7979256668,0;7979256668,7977056101,0;7977056101,7967831807,0;7967831807,7967774259,0;7967774259,503464976,0;503464976,7961771680,0;7961771680,1116492807,0;1116492807,7967774262,0;7967774262,503464985,0;503464985,2530277199,0;2530277199,564083084,0;564083084,5374860944,0;5374860944,5374860978,0;5374860978,5374861143,0;5374861143,9053077286,0;9053077286,13527622504,0;13527622504,13167173350,0;13167173350,13527622497,0;13527622497,564083093,0;564083093,6317320202,0;6317320202,564083165,0;564083165,13167173329,0;13167173329,6317320222,0;6317320222,6028645652,0;6028645652,2369336843,0;2369336843,2369336701,0;2369336701,12333484744,0;12333484744,2368579077,0;2368579077,2369336820,0;2369336820,2368578991,0;2368578991,8887740818,0;8887740818,9570709534,0;9570709534,2369336807,0;2369336807,2368578970,0;2368578970,6043430915,0;6043430915,4899192485,0;4899192485,564639012,0;564639012,564638925,0;564638925,504640818,0;504640818,504637096,0;504637096,2787061089,0;2787061089,2787061351,0;2787061351,2787061330,0;2787061330,11155489650,0;11155489650,2787061341,0;2787061341,2787061167,0"
simulated_extreme,60,0.0,0.0,20860920,universal,risk_uncertainty,10297.182344079098,0.6370087923684875,0.8280776466145003,0.8219173776639992,0.4311778653622655,98.86520000873134,14.656400016974658,"9706921350,9706921684,0;9706921684,9706921682,0;9706921682,9713848047,0;9713848047,9713848018,0;9713848018,9713848023,0;9713848023,12984979400,0;12984979400,9713848118,0;9713848118,9713848006,0;9713848006,9713847968,0;9713847968,9706921713,0;9706921713,9706921712,0;9706921712,9706921786,0;9706921786,9778914467,0;9778914467,9706887247,0;9706887247,9706857800,0;9706857800,9706857774,0;9706857774,9706857801,0;9706857801,9706857775,0;9706857775,9706857832,0;9706857832,9706857843,0;9706857843,7161807983,0;7161807983,7161812592,0;7161812592,499478563,0;499478563,499478564,0;499478564,7973114513,0;7973114513,7973099569,0;7973099569,7975273881,0;7975273881,7973099508,0;7973099508,7973099507,0;7973099507,7973114859,0;7973114859,8298792534,0;8298792534,8298792550,0;8298792550,7973114851,0;7973114851,7975286501,0;7975286501,8298792599,0;8298792599,1116501292,0;1116501292,7975286500,0;7975286500,1116501304,0;1116501304,7975286429,0;7975286429,7975286583,0;7975286583,7977056082,0;7977056082,7977056084,0;7977056084,7977050965,0;7977050965,7977056079,0;7977056079,7979256640,0;7979256640,7979256626,0;7979256626,7979256668,0;7979256668,7977056101,0;7977056101,7967831807,0;7967831807,7967774259,0;7967774259,503464976,0;503464976,7961771680,0;7961771680,1116492807,0;1116492807,7967774262,0;7967774262,503464985,0;503464985,2530277199,0;2530277199,564083084,0;564083084,5374860944,0;5374860944,5374860978,0;5374860978,5374861143,0;5374861143,9053077286,0;9053077286,13527622504,0;13527622504,13167173350,0;13167173350,13527622497,0;13527622497,564083093,0;564083093,6317320202,0;6317320202,564083165,0;564083165,13167173329,0;13167173329,6317320222,0;6317320222,6028645652,0;6028645652,2369336843,0;2369336843,2369336701,0;2369336701,12333484744,0;12333484744,2368579077,0;2368579077,2369336820,0;2369336820,2368578991,0;2368578991,8887740818,0;8887740818,9570709534,0;9570709534,2369336807,0;2369336807,2368578970,0;2368578970,6043430915,0;6043430915,4899192485,0;4899192485,564639012,0;564639012,564638925,0;564638925,504640818,0;504640818,504637096,0;504637096,2787061089,0;2787061089,2787061351,0;2787061351,2787061330,0;2787061330,11155489650,0;11155489650,2787061341,0;2787061341,2787061167,0"
simulated_extreme,60,0.0,0.0,20860920,universal,shortest,10279.902722198703,0.6421914589263749,0.8280776466145003,0.8190917470674244,0.42948322884636647,98.3233000151813,14.114500023424625,"9706921350,9706921684,0;9706921684,9706921682,0;9706921682,9713848047,0;9713848047,9713848018,0;9713848018,9713848023,0;9713848023,12984979400,0;12984979400,9713848118,0;9713848118,9713848006,0;9713848006,9713847968,0;9713847968,9706921713,0;9706921713,9706921712,0;9706921712,9706921786,0;9706921786,9778914467,0;9778914467,9706887247,0;9706887247,9706857800,0;9706857800,9706857774,0;9706857774,9706857801,0;9706857801,9706857775,0;9706857775,9706857832,0;9706857832,9706857843,0;9706857843,7161807983,0;7161807983,7161812592,0;7161812592,499478563,0;499478563,499478564,0;499478564,7973114513,0;7973114513,7973099569,0;7973099569,7975273881,0;7975273881,7973099508,0;7973099508,7973099507,0;7973099507,7973114859,0;7973114859,8298792534,0;8298792534,8298792550,0;8298792550,7973114851,0;7973114851,7975286501,0;7975286501,8298792599,0;8298792599,1116501292,0;1116501292,7975286500,0;7975286500,1116501304,0;1116501304,1116501296,0;1116501296,7977050964,0;7977050964,7977056084,0;7977056084,7977050965,0;7977050965,7977056079,0;7977056079,7979256640,0;7979256640,7979256626,0;7979256626,7979256668,0;7979256668,7977056101,0;7977056101,7967831807,0;7967831807,7967774259,0;7967774259,503464976,0;503464976,7961771680,0;7961771680,1116492807,0;1116492807,7967774262,0;7967774262,503464985,0;503464985,2530277199,0;2530277199,564083084,0;564083084,5374860944,0;5374860944,5374860978,0;5374860978,5374861143,0;5374861143,9053077286,0;9053077286,13527622504,0;13527622504,13167173350,0;13167173350,13527622497,0;13527622497,564083093,0;564083093,6317320202,0;6317320202,564083165,0;564083165,13167173329,0;13167173329,6317320222,0;6317320222,6028645652,0;6028645652,2369336843,0;2369336843,2369336701,0;2369336701,12333484744,0;12333484744,2368579077,0;2368579077,2369336820,0;2369336820,2368578991,0;2368578991,8887740818,0;8887740818,8887717116,0;8887717116,6043430915,0;6043430915,4899192485,0;4899192485,564639012,0;564639012,564638925,0;564638925,504640818,0;504640818,504637096,0;504637096,2787061089,0;2787061089,564641522,0;564641522,11155489649,0;11155489649,11155489650,0;11155489650,2787061341,0;2787061341,2787061167,0"
simulated_extreme,60,0.0,0.0,20860920,universal,trusted,10280.604724805988,0.6419737425283665,0.8280776466145003,0.8190917470674244,0.43026063169415374,98.66900002816692,14.460200036410242,"9706921350,9706921684,0;9706921684,9706921682,0;9706921682,9713848047,0;9713848047,9713848018,0;9713848018,9713848023,0;9713848023,12984979400,0;12984979400,9713848118,0;9713848118,9713848006,0;9713848006,9713847968,0;9713847968,9706921713,0;9706921713,9706921712,0;9706921712,9706921786,0;9706921786,9778914467,0;9778914467,9706887247,0;9706887247,9706857800,0;9706857800,9706857774,0;9706857774,9706857801,0;9706857801,9706857775,0;9706857775,9706857832,0;9706857832,9706857843,0;9706857843,7161807983,0;7161807983,7161812592,0;7161812592,499478563,0;499478563,499478564,0;499478564,7973114513,0;7973114513,7973099569,0;7973099569,7975273881,0;7975273881,7973099508,0;7973099508,7973099507,0;7973099507,7973114859,0;7973114859,8298792534,0;8298792534,8298792550,0;8298792550,7973114851,0;7973114851,7975286501,0;7975286501,8298792599,0;8298792599,1116501292,0;1116501292,7975286500,0;7975286500,1116501304,0;1116501304,7975286429,0;7975286429,7975286583,0;7975286583,7977056082,0;7977056082,7977056084,0;7977056084,7977050965,0;7977050965,7977056079,0;7977056079,7979256640,0;7979256640,7979256626,0;7979256626,7979256668,0;7979256668,7977056101,0;7977056101,7967831807,0;7967831807,7967774259,0;7967774259,503464976,0;503464976,7961771680,0;7961771680,1116492807,0;1116492807,7967774262,0;7967774262,503464985,0;503464985,2530277199,0;2530277199,564083084,0;564083084,5374860944,0;5374860944,5374860978,0;5374860978,5374861143,0;5374861143,9053077286,0;9053077286,13527622504,0;13527622504,13167173350,0;13167173350,13527622497,0;13527622497,564083093,0;564083093,6317320202,0;6317320202,564083165,0;564083165,13167173329,0;13167173329,6317320222,0;6317320222,6028645652,0;6028645652,2369336843,0;2369336843,2369336701,0;2369336701,12333484744,0;12333484744,2368579077,0;2368579077,2369336820,0;2369336820,2368578991,0;2368578991,8887740818,0;8887740818,8887717116,0;8887717116,6043430915,0;6043430915,4899192485,0;4899192485,564639012,0;564639012,564638925,0;564638925,504640818,0;504640818,504637096,0;504637096,2787061089,0;2787061089,564641522,0;564641522,11155489649,0;11155489649,11155489650,0;11155489650,2787061341,0;2787061341,2787061167,0"
simulated_extreme,60,0.0,0.1,20860930,source_specific,risk,10297.182344079098,0.6370087923684875,0.8280776466145003,0.8219173776639992,0.4311778653622655,98.77420001430437,14.457200013566762,"9706921350,9706921684,0;9706921684,9706921682,0;9706921682,9713848047,0;9713848047,9713848018,0;9713848018,9713848023,0;9713848023,12984979400,0;12984979400,9713848118,0;9713848118,9713848006,0;9713848006,9713847968,0;9713847968,9706921713,0;9706921713,9706921712,0;9706921712,9706921786,0;9706921786,9778914467,0;9778914467,9706887247,0;9706887247,9706857800,0;9706857800,9706857774,0;9706857774,9706857801,0;9706857801,9706857775,0;9706857775,9706857832,0;9706857832,9706857843,0;9706857843,7161807983,0;7161807983,7161812592,0;7161812592,499478563,0;499478563,499478564,0;499478564,7973114513,0;7973114513,7973099569,0;7973099569,7975273881,0;7975273881,7973099508,0;7973099508,7973099507,0;7973099507,7973114859,0;7973114859,8298792534,0;8298792534,8298792550,0;8298792550,7973114851,0;7973114851,7975286501,0;7975286501,8298792599,0;8298792599,1116501292,0;1116501292,7975286500,0;7975286500,1116501304,0;1116501304,7975286429,0;7975286429,7975286583,0;7975286583,7977056082,0;7977056082,7977056084,0;7977056084,7977050965,0;7977050965,7977056079,0;7977056079,7979256640,0;7979256640,7979256626,0;7979256626,7979256668,0;7979256668,7977056101,0;7977056101,7967831807,0;7967831807,7967774259,0;7967774259,503464976,0;503464976,7961771680,0;7961771680,1116492807,0;1116492807,7967774262,0;7967774262,503464985,0;503464985,2530277199,0;2530277199,564083084,0;564083084,5374860944,0;5374860944,5374860978,0;5374860978,5374861143,0;5374861143,9053077286,0;9053077286,13527622504,0;13527622504,13167173350,0;13167173350,13527622497,0;13527622497,564083093,0;564083093,6317320202,0;6317320202,564083165,0;564083165,13167173329,0;13167173329,6317320222,0;6317320222,6028645652,0;6028645652,2369336843,0;2369336843,2369336701,0;2369336701,12333484744,0;12333484744,2368579077,0;2368579077,2369336820,0;2369336820,2368578991,0;2368578991,8887740818,0;8887740818,9570709534,0;9570709534,2369336807,0;2369336807,2368578970,0;2368578970,6043430915,0;6043430915,4899192485,0;4899192485,564639012,0;564639012,564638925,0;564638925,504640818,0;504640818,504637096,0;504637096,2787061089,0;2787061089,2787061351,0;2787061351,2787061330,0;2787061330,11155489650,0;11155489650,2787061341,0;2787061341,2787061167,0"
simulated_extreme,60,0.0,0.1,20860930,source_specific,risk_uncertainty,10297.182344079098,0.6370087923684875,0.8280776466145003,0.8219173776639992,0.4311778653622655,98.75900001497939,14.442000014241785,"9706921350,9706921684,0;9706921684,9706921682,0;9706921682,9713848047,0;9713848047,9713848018,0;9713848018,9713848023,0;9713848023,12984979400,0;12984979400,9713848118,0;9713848118,9713848006,0;9713848006,9713847968,0;9713847968,9706921713,0;9706921713,9706921712,0;9706921712,9706921786,0;9706921786,9778914467,0;9778914467,9706887247,0;9706887247,9706857800,0;9706857800,9706857774,0;9706857774,9706857801,0;9706857801,9706857775,0;9706857775,9706857832,0;9706857832,9706857843,0;9706857843,7161807983,0;7161807983,7161812592,0;7161812592,499478563,0;499478563,499478564,0;499478564,7973114513,0;7973114513,7973099569,0;7973099569,7975273881,0;7975273881,7973099508,0;7973099508,7973099507,0;7973099507,7973114859,0;7973114859,8298792534,0;8298792534,8298792550,0;8298792550,7973114851,0;7973114851,7975286501,0;7975286501,8298792599,0;8298792599,1116501292,0;1116501292,7975286500,0;7975286500,1116501304,0;1116501304,7975286429,0;7975286429,7975286583,0;7975286583,7977056082,0;7977056082,7977056084,0;7977056084,7977050965,0;7977050965,7977056079,0;7977056079,7979256640,0;7979256640,7979256626,0;7979256626,7979256668,0;7979256668,7977056101,0;7977056101,7967831807,0;7967831807,7967774259,0;7967774259,503464976,0;503464976,7961771680,0;7961771680,1116492807,0;1116492807,7967774262,0;7967774262,503464985,0;503464985,2530277199,0;2530277199,564083084,0;564083084,5374860944,0;5374860944,5374860978,0;5374860978,5374861143,0;5374861143,9053077286,0;9053077286,13527622504,0;13527622504,13167173350,0;13167173350,13527622497,0;13527622497,564083093,0;564083093,6317320202,0;6317320202,564083165,0;564083165,13167173329,0;13167173329,6317320222,0;6317320222,6028645652,0;6028645652,2369336843,0;2369336843,2369336701,0;2369336701,12333484744,0;12333484744,2368579077,0;2368579077,2369336820,0;2369336820,2368578991,0;2368578991,8887740818,0;8887740818,9570709534,0;9570709534,2369336807,0;2369336807,2368578970,0;2368578970,6043430915,0;6043430915,4899192485,0;4899192485,564639012,0;564639012,564638925,0;564638925,504640818,0;504640818,504637096,0;504637096,2787061089,0;2787061089,2787061351,0;2787061351,2787061330,0;2787061330,11155489650,0;11155489650,2787061341,0;2787061341,2787061167,0"
simulated_extreme,60,0.0,0.1,20860930,source_specific,shortest,10279.902722198703,0.6421914589263749,0.8280776466145003,0.8190917470674244,0.42948322884636647,99.69810000620782,15.381100005470216,"9706921350,9706921684,0;9706921684,9706921682,0;9706921682,9713848047,0;9713848047,9713848018,0;9713848018,9713848023,0;9713848023,12984979400,0;12984979400,9713848118,0;9713848118,9713848006,0;9713848006,9713847968,0;9713847968,9706921713,0;9706921713,9706921712,0;9706921712,9706921786,0;9706921786,9778914467,0;9778914467,9706887247,0;9706887247,9706857800,0;9706857800,9706857774,0;9706857774,9706857801,0;9706857801,9706857775,0;9706857775,9706857832,0;9706857832,9706857843,0;9706857843,7161807983,0;7161807983,7161812592,0;7161812592,499478563,0;499478563,499478564,0;499478564,7973114513,0;7973114513,7973099569,0;7973099569,7975273881,0;7975273881,7973099508,0;7973099508,7973099507,0;7973099507,7973114859,0;7973114859,8298792534,0;8298792534,8298792550,0;8298792550,7973114851,0;7973114851,7975286501,0;7975286501,8298792599,0;8298792599,1116501292,0;1116501292,7975286500,0;7975286500,1116501304,0;1116501304,1116501296,0;1116501296,7977050964,0;7977050964,7977056084,0;7977056084,7977050965,0;7977050965,7977056079,0;7977056079,7979256640,0;7979256640,7979256626,0;7979256626,7979256668,0;7979256668,7977056101,0;7977056101,7967831807,0;7967831807,7967774259,0;7967774259,503464976,0;503464976,7961771680,0;7961771680,1116492807,0;1116492807,7967774262,0;7967774262,503464985,0;503464985,2530277199,0;2530277199,564083084,0;564083084,5374860944,0;5374860944,5374860978,0;5374860978,5374861143,0;5374861143,9053077286,0;9053077286,13527622504,0;13527622504,13167173350,0;13167173350,13527622497,0;13527622497,564083093,0;564083093,6317320202,0;6317320202,564083165,0;564083165,13167173329,0;13167173329,6317320222,0;6317320222,6028645652,0;6028645652,2369336843,0;2369336843,2369336701,0;2369336701,12333484744,0;12333484744,2368579077,0;2368579077,2369336820,0;2369336820,2368578991,0;2368578991,8887740818,0;8887740818,8887717116,0;8887717116,6043430915,0;6043430915,4899192485,0;4899192485,564639012,0;564639012,564638925,0;564638925,504640818,0;504640818,504637096,0;504637096,2787061089,0;2787061089,564641522,0;564641522,11155489649,0;11155489649,11155489650,0;11155489650,2787061341,0;2787061341,2787061167,0"
simulated_extreme,60,0.0,0.1,20860930,source_specific,trusted,10279.902722198703,0.6421914589263749,0.8280776466145003,0.8190917470674244,0.42948322884636647,100.42689996771514,16.109899966977537,"9706921350,9706921684,0;9706921684,9706921682,0;9706921682,9713848047,0;9713848047,9713848018,0;9713848018,9713848023,0;9713848023,12984979400,0;12984979400,9713848118,0;9713848118,9713848006,0;9713848006,9713847968,0;9713847968,9706921713,0;9706921713,9706921712,0;9706921712,9706921786,0;9706921786,9778914467,0;9778914467,9706887247,0;9706887247,9706857800,0;9706857800,9706857774,0;9706857774,9706857801,0;9706857801,9706857775,0;9706857775,9706857832,0;9706857832,9706857843,0;9706857843,7161807983,0;7161807983,7161812592,0;7161812592,499478563,0;499478563,499478564,0;499478564,7973114513,0;7973114513,7973099569,0;7973099569,7975273881,0;7975273881,7973099508,0;7973099508,7973099507,0;7973099507,7973114859,0;7973114859,8298792534,0;8298792534,8298792550,0;8298792550,7973114851,0;7973114851,7975286501,0;7975286501,8298792599,0;8298792599,1116501292,0;1116501292,7975286500,0;7975286500,1116501304,0;1116501304,1116501296,0;1116501296,7977050964,0;7977050964,7977056084,0;7977056084,7977050965,0;7977050965,7977056079,0;7977056079,7979256640,0;7979256640,7979256626,0;7979256626,7979256668,0;7979256668,7977056101,0;7977056101,7967831807,0;7967831807,7967774259,0;7967774259,503464976,0;503464976,7961771680,0;7961771680,1116492807,0;1116492807,7967774262,0;7967774262,503464985,0;503464985,2530277199,0;2530277199,564083084,0;564083084,5374860944,0;5374860944,5374860978,0;5374860978,5374861143,0;5374861143,9053077286,0;9053077286,13527622504,0;13527622504,13167173350,0;13167173350,13527622497,0;13527622497,564083093,0;564083093,6317320202,0;6317320202,564083165,0;564083165,13167173329,0;13167173329,6317320222,0;6317320222,6028645652,0;6028645652,2369336843,0;2369336843,2369336701,0;2369336701,12333484744,0;12333484744,2368579077,0;2368579077,2369336820,0;2369336820,2368578991,0;2368578991,8887740818,0;8887740818,8887717116,0;8887717116,6043430915,0;6043430915,4899192485,0;4899192485,564639012,0;564639012,564638925,0;564638925,504640818,0;504640818,504637096,0;504637096,2787061089,0;2787061089,564641522,0;564641522,11155489649,0;11155489649,11155489650,0;11155489650,2787061341,0;2787061341,2787061167,0"
simulated_extreme,60,0.0,0.1,20860930,universal,risk,10297.182344079098,0.6370087923684875,0.8280776466145003,0.8219173776639992,0.4311778653622655,98.86879997793585,15.39239997509867,"9706921350,9706921684,0;9706921684,9706921682,0;9706921682,9713848047,0;9713848047,9713848018,0;9713848018,9713848023,0;9713848023,12984979400,0;12984979400,9713848118,0;9713848118,9713848006,0;9713848006,9713847968,0;9713847968,9706921713,0;9706921713,9706921712,0;9706921712,9706921786,0;9706921786,9778914467,0;9778914467,9706887247,0;9706887247,9706857800,0;9706857800,9706857774,0;9706857774,9706857801,0;9706857801,9706857775,0;9706857775,9706857832,0;9706857832,9706857843,0;9706857843,7161807983,0;7161807983,7161812592,0;7161812592,499478563,0;499478563,499478564,0;499478564,7973114513,0;7973114513,7973099569,0;7973099569,7975273881,0;7975273881,7973099508,0;7973099508,7973099507,0;7973099507,7973114859,0;7973114859,8298792534,0;8298792534,8298792550,0;8298792550,7973114851,0;7973114851,7975286501,0;7975286501,8298792599,0;8298792599,1116501292,0;1116501292,7975286500,0;7975286500,1116501304,0;1116501304,7975286429,0;7975286429,7975286583,0;7975286583,7977056082,0;7977056082,7977056084,0;7977056084,7977050965,0;7977050965,7977056079,0;7977056079,7979256640,0;7979256640,7979256626,0;7979256626,7979256668,0;7979256668,7977056101,0;7977056101,7967831807,0;7967831807,7967774259,0;7967774259,503464976,0;503464976,7961771680,0;7961771680,1116492807,0;1116492807,7967774262,0;7967774262,503464985,0;503464985,2530277199,0;2530277199,564083084,0;564083084,5374860944,0;5374860944,5374860978,0;5374860978,5374861143,0;5374861143,9053077286,0;9053077286,13527622504,0;13527622504,13167173350,0;13167173350,13527622497,0;13527622497,564083093,0;564083093,6317320202,0;6317320202,564083165,0;564083165,13167173329,0;13167173329,6317320222,0;6317320222,6028645652,0;6028645652,2369336843,0;2369336843,2369336701,0;2369336701,12333484744,0;12333484744,2368579077,0;2368579077,2369336820,0;2369336820,2368578991,0;2368578991,8887740818,0;8887740818,9570709534,0;9570709534,2369336807,0;2369336807,2368578970,0;2368578970,6043430915,0;6043430915,4899192485,0;4899192485,564639012,0;564639012,564638925,0;564638925,504640818,0;504640818,504637096,0;504637096,2787061089,0;2787061089,2787061351,0;2787061351,2787061330,0;2787061330,11155489650,0;11155489650,2787061341,0;2787061341,2787061167,0"
simulated_extreme,60,0.0,0.1,20860930,universal,risk_uncertainty,10297.182344079098,0.6370087923684875,0.8280776466145003,0.8219173776639992,0.4311778653622655,99.1350999684073,15.658699965570122,"9706921350,9706921684,0;9706921684,9706921682,0;9706921682,9713848047,0;9713848047,9713848018,0;9713848018,9713848023,0;9713848023,12984979400,0;12984979400,9713848118,0;9713848118,9713848006,0;9713848006,9713847968,0;9713847968,9706921713,0;9706921713,9706921712,0;9706921712,9706921786,0;9706921786,9778914467,0;9778914467,9706887247,0;9706887247,9706857800,0;9706857800,9706857774,0;9706857774,9706857801,0;9706857801,9706857775,0;9706857775,9706857832,0;9706857832,9706857843,0;9706857843,7161807983,0;7161807983,7161812592,0;7161812592,499478563,0;499478563,499478564,0;499478564,7973114513,0;7973114513,7973099569,0;7973099569,7975273881,0;7975273881,7973099508,0;7973099508,7973099507,0;7973099507,7973114859,0;7973114859,8298792534,0;8298792534,8298792550,0;8298792550,7973114851,0;7973114851,7975286501,0;7975286501,8298792599,0;8298792599,1116501292,0;1116501292,7975286500,0;7975286500,1116501304,0;1116501304,7975286429,0;7975286429,7975286583,0;7975286583,7977056082,0;7977056082,7977056084,0;7977056084,7977050965,0;7977050965,7977056079,0;7977056079,7979256640,0;7979256640,7979256626,0;7979256626,7979256668,0;7979256668,7977056101,0;7977056101,7967831807,0;7967831807,7967774259,0;7967774259,503464976,0;503464976,7961771680,0;7961771680,1116492807,0;1116492807,7967774262,0;7967774262,503464985,0;503464985,2530277199,0;2530277199,564083084,0;564083084,5374860944,0;5374860944,5374860978,0;5374860978,5374861143,0;5374861143,9053077286,0;9053077286,13527622504,0;13527622504,13167173350,0;13167173350,13527622497,0;13527622497,564083093,0;564083093,6317320202,0;6317320202,564083165,0;564083165,13167173329,0;13167173329,6317320222,0;6317320222,6028645652,0;6028645652,2369336843,0;2369336843,2369336701,0;2369336701,12333484744,0;12333484744,2368579077,0;2368579077,2369336820,0;2369336820,2368578991,0;2368578991,8887740818,0;8887740818,9570709534,0;9570709534,2369336807,0;2369336807,2368578970,0;2368578970,6043430915,0;6043430915,4899192485,0;4899192485,564639012,0;564639012,564638925,0;564638925,504640818,0;504640818,504637096,0;504637096,2787061089,0;2787061089,2787061351,0;2787061351,2787061330,0;2787061330,11155489650,0;11155489650,2787061341,0;2787061341,2787061167,0"
simulated_extreme,60,0.0,0.1,20860930,universal,shortest,10279.902722198703,0.6421914589263749,0.8280776466145003,0.8190917470674244,0.42948322884636647,99.14579999167472,15.66939998883754,"9706921350,9706921684,0;9706921684,9706921682,0;9706921682,9713848047,0;9713848047,9713848018,0;9713848018,9713848023,0;9713848023,12984979400,0;12984979400,9713848118,0;9713848118,9713848006,0;9713848006,9713847968,0;9713847968,9706921713,0;9706921713,9706921712,0;9706921712,9706921786,0;9706921786,9778914467,0;9778914467,9706887247,0;9706887247,9706857800,0;9706857800,9706857774,0;9706857774,9706857801,0;9706857801,9706857775,0;9706857775,9706857832,0;9706857832,9706857843,0;9706857843,7161807983,0;7161807983,7161812592,0;7161812592,499478563,0;499478563,499478564,0;499478564,7973114513,0;7973114513,7973099569,0;7973099569,7975273881,0;7975273881,7973099508,0;7973099508,7973099507,0;7973099507,7973114859,0;7973114859,8298792534,0;8298792534,8298792550,0;8298792550,7973114851,0;7973114851,7975286501,0;7975286501,8298792599,0;8298792599,1116501292,0;1116501292,7975286500,0;7975286500,1116501304,0;1116501304,1116501296,0;1116501296,7977050964,0;7977050964,7977056084,0;7977056084,7977050965,0;7977050965,7977056079,0;7977056079,7979256640,0;7979256640,7979256626,0;7979256626,7979256668,0;7979256668,7977056101,0;7977056101,7967831807,0;7967831807,7967774259,0;7967774259,503464976,0;503464976,7961771680,0;7961771680,1116492807,0;1116492807,7967774262,0;7967774262,503464985,0;503464985,2530277199,0;2530277199,564083084,0;564083084,5374860944,0;5374860944,5374860978,0;5374860978,5374861143,0;5374861143,9053077286,0;9053077286,13527622504,0;13527622504,13167173350,0;13167173350,13527622497,0;13527622497,564083093,0;564083093,6317320202,0;6317320202,564083165,0;564083165,13167173329,0;13167173329,6317320222,0;6317320222,6028645652,0;6028645652,2369336843,0;2369336843,2369336701,0;2369336701,12333484744,0;12333484744,2368579077,0;2368579077,2369336820,0;2369336820,2368578991,0;2368578991,8887740818,0;8887740818,8887717116,0;8887717116,6043430915,0;6043430915,4899192485,0;4899192485,564639012,0;564639012,564638925,0;564638925,504640818,0;504640818,504637096,0;504637096,2787061089,0;2787061089,564641522,0;564641522,11155489649,0;11155489649,11155489650,0;11155489650,2787061341,0;2787061341,2787061167,0"
simulated_extreme,60,0.0,0.1,20860930,universal,trusted,10279.902722198703,0.6421914589263749,0.8280776466145003,0.8190917470674244,0.42948322884636647,99.96800002409145,16.49160002125427,"9706921350,9706921684,0;9706921684,9706921682,0;9706921682,9713848047,0;9713848047,9713848018,0;9713848018,9713848023,0;9713848023,12984979400,0;12984979400,9713848118,0;9713848118,9713848006,0;9713848006,9713847968,0;9713847968,9706921713,0;9706921713,9706921712,0;9706921712,9706921786,0;9706921786,9778914467,0;9778914467,9706887247,0;9706887247,9706857800,0;9706857800,9706857774,0;9706857774,9706857801,0;9706857801,9706857775,0;9706857775,9706857832,0;9706857832,9706857843,0;9706857843,7161807983,0;7161807983,7161812592,0;7161812592,499478563,0;499478563,499478564,0;499478564,7973114513,0;7973114513,7973099569,0;7973099569,7975273881,0;7975273881,7973099508,0;7973099508,7973099507,0;7973099507,7973114859,0;7973114859,8298792534,0;8298792534,8298792550,0;8298792550,7973114851,0;7973114851,7975286501,0;7975286501,8298792599,0;8298792599,1116501292,0;1116501292,7975286500,0;7975286500,1116501304,0;1116501304,1116501296,0;1116501296,7977050964,0;7977050964,7977056084,0;7977056084,7977050965,0;7977050965,7977056079,0;7977056079,7979256640,0;7979256640,7979256626,0;7979256626,7979256668,0;7979256668,7977056101,0;7977056101,7967831807,0;7967831807,7967774259,0;7967774259,503464976,0;503464976,7961771680,0;7961771680,1116492807,0;1116492807,7967774262,0;7967774262,503464985,0;503464985,2530277199,0;2530277199,564083084,0;564083084,5374860944,0;5374860944,5374860978,0;5374860978,5374861143,0;5374861143,9053077286,0;9053077286,13527622504,0;13527622504,13167173350,0;13167173350,13527622497,0;13527622497,564083093,0;564083093,6317320202,0;6317320202,564083165,0;564083165,13167173329,0;13167173329,6317320222,0;6317320222,6028645652,0;6028645652,2369336843,0;2369336843,2369336701,0;2369336701,12333484744,0;12333484744,2368579077,0;2368579077,2369336820,0;2369336820,2368578991,0;2368578991,8887740818,0;8887740818,8887717116,0;8887717116,6043430915,0;6043430915,4899192485,0;4899192485,564639012,0;564639012,564638925,0;564638925,504640818,0;504640818,504637096,0;504637096,2787061089,0;2787061089,564641522,0;564641522,11155489649,0;11155489649,11155489650,0;11155489650,2787061341,0;2787061341,2787061167,0"
simulated_extreme,60,0.0,0.2,20860940,source_specific,risk,10297.182344079098,0.6370087923684875,0.8280776466145003,0.8219173776639992,0.4311778653622655,100.15090001979843,15.308700036257505,"9706921350,9706921684,0;9706921684,9706921682,0;9706921682,9713848047,0;9713848047,9713848018,0;9713848018,9713848023,0;9713848023,12984979400,0;12984979400,9713848118,0;9713848118,9713848006,0;9713848006,9713847968,0;9713847968,9706921713,0;9706921713,9706921712,0;9706921712,9706921786,0;9706921786,9778914467,0;9778914467,9706887247,0;9706887247,9706857800,0;9706857800,9706857774,0;9706857774,9706857801,0;9706857801,9706857775,0;9706857775,9706857832,0;9706857832,9706857843,0;9706857843,7161807983,0;7161807983,7161812592,0;7161812592,499478563,0;499478563,499478564,0;499478564,7973114513,0;7973114513,7973099569,0;7973099569,7975273881,0;7975273881,7973099508,0;7973099508,7973099507,0;7973099507,7973114859,0;7973114859,8298792534,0;8298792534,8298792550,0;8298792550,7973114851,0;7973114851,7975286501,0;7975286501,8298792599,0;8298792599,1116501292,0;1116501292,7975286500,0;7975286500,1116501304,0;1116501304,7975286429,0;7975286429,7975286583,0;7975286583,7977056082,0;7977056082,7977056084,0;7977056084,7977050965,0;7977050965,7977056079,0;7977056079,7979256640,0;7979256640,7979256626,0;7979256626,7979256668,0;7979256668,7977056101,0;7977056101,7967831807,0;7967831807,7967774259,0;7967774259,503464976,0;503464976,7961771680,0;7961771680,1116492807,0;1116492807,7967774262,0;7967774262,503464985,0;503464985,2530277199,0;2530277199,564083084,0;564083084,5374860944,0;5374860944,5374860978,0;5374860978,5374861143,0;5374861143,9053077286,0;9053077286,13527622504,0;13527622504,13167173350,0;13167173350,13527622497,0;13527622497,564083093,0;564083093,6317320202,0;6317320202,564083165,0;564083165,13167173329,0;13167173329,6317320222,0;6317320222,6028645652,0;6028645652,2369336843,0;2369336843,2369336701,0;2369336701,12333484744,0;12333484744,2368579077,0;2368579077,2369336820,0;2369336820,2368578991,0;2368578991,8887740818,0;8887740818,9570709534,0;9570709534,2369336807,0;2369336807,2368578970,0;2368578970,6043430915,0;6043430915,4899192485,0;4899192485,564639012,0;564639012,564638925,0;564638925,504640818,0;504640818,504637096,0;504637096,2787061089,0;2787061089,2787061351,0;2787061351,2787061330,0;2787061330,11155489650,0;11155489650,2787061341,0;2787061341,2787061167,0"
simulated_extreme,60,0.0,0.2,20860940,source_specific,risk_uncertainty,10297.182344079098,0.6370087923684875,0.8280776466145003,0.8219173776639992,0.4311778653622655,99.89389998372644,15.05170000018552,"9706921350,9706921684,0;9706921684,9706921682,0;9706921682,9713848047,0;9713848047,9713848018,0;9713848018,9713848023,0;9713848023,12984979400,0;12984979400,9713848118,0;9713848118,9713848006,0;9713848006,9713847968,0;9713847968,9706921713,0;9706921713,9706921712,0;9706921712,9706921786,0;9706921786,9778914467,0;9778914467,9706887247,0;9706887247,9706857800,0;9706857800,9706857774,0;9706857774,9706857801,0;9706857801,9706857775,0;9706857775,9706857832,0;9706857832,9706857843,0;9706857843,7161807983,0;7161807983,7161812592,0;7161812592,499478563,0;499478563,499478564,0;499478564,7973114513,0;7973114513,7973099569,0;7973099569,7975273881,0;7975273881,7973099508,0;7973099508,7973099507,0;7973099507,7973114859,0;7973114859,8298792534,0;8298792534,8298792550,0;8298792550,7973114851,0;7973114851,7975286501,0;7975286501,8298792599,0;8298792599,1116501292,0;1116501292,7975286500,0;7975286500,1116501304,0;1116501304,7975286429,0;7975286429,7975286583,0;7975286583,7977056082,0;7977056082,7977056084,0;7977056084,7977050965,0;7977050965,7977056079,0;7977056079,7979256640,0;7979256640,7979256626,0;7979256626,7979256668,0;7979256668,7977056101,0;7977056101,7967831807,0;7967831807,7967774259,0;7967774259,503464976,0;503464976,7961771680,0;7961771680,1116492807,0;1116492807,7967774262,0;7967774262,503464985,0;503464985,2530277199,0;2530277199,564083084,0;564083084,5374860944,0;5374860944,5374860978,0;5374860978,5374861143,0;5374861143,9053077286,0;9053077286,13527622504,0;13527622504,13167173350,0;13167173350,13527622497,0;13527622497,564083093,0;564083093,6317320202,0;6317320202,564083165,0;564083165,13167173329,0;13167173329,6317320222,0;6317320222,6028645652,0;6028645652,2369336843,0;2369336843,2369336701,0;2369336701,12333484744,0;12333484744,2368579077,0;2368579077,2369336820,0;2369336820,2368578991,0;2368578991,8887740818,0;8887740818,9570709534,0;9570709534,2369336807,0;2369336807,2368578970,0;2368578970,6043430915,0;6043430915,4899192485,0;4899192485,564639012,0;564639012,564638925,0;564638925,504640818,0;504640818,504637096,0;504637096,2787061089,0;2787061089,2787061351,0;2787061351,2787061330,0;2787061330,11155489650,0;11155489650,2787061341,0;2787061341,2787061167,0"
simulated_extreme,60,0.0,0.2,20860940,source_specific,shortest,10279.902722198703,0.6421914589263749,0.8280776466145003,0.8190917470674244,0.42948322884636647,99.55559996888041,14.713399985339493,"9706921350,9706921684,0;9706921684,9706921682,0;9706921682,9713848047,0;9713848047,9713848018,0;9713848018,9713848023,0;9713848023,12984979400,0;12984979400,9713848118,0;9713848118,9713848006,0;9713848006,9713847968,0;9713847968,9706921713,0;9706921713,9706921712,0;9706921712,9706921786,0;9706921786,9778914467,0;9778914467,9706887247,0;9706887247,9706857800,0;9706857800,9706857774,0;9706857774,9706857801,0;9706857801,9706857775,0;9706857775,9706857832,0;9706857832,9706857843,0;9706857843,7161807983,0;7161807983,7161812592,0;7161812592,499478563,0;499478563,499478564,0;499478564,7973114513,0;7973114513,7973099569,0;7973099569,7975273881,0;7975273881,7973099508,0;7973099508,7973099507,0;7973099507,7973114859,0;7973114859,8298792534,0;8298792534,8298792550,0;8298792550,7973114851,0;7973114851,7975286501,0;7975286501,8298792599,0;8298792599,1116501292,0;1116501292,7975286500,0;7975286500,1116501304,0;1116501304,1116501296,0;1116501296,7977050964,0;7977050964,7977056084,0;7977056084,7977050965,0;7977050965,7977056079,0;7977056079,7979256640,0;7979256640,7979256626,0;7979256626,7979256668,0;7979256668,7977056101,0;7977056101,7967831807,0;7967831807,7967774259,0;7967774259,503464976,0;503464976,7961771680,0;7961771680,1116492807,0;1116492807,7967774262,0;7967774262,503464985,0;503464985,2530277199,0;2530277199,564083084,0;564083084,5374860944,0;5374860944,5374860978,0;5374860978,5374861143,0;5374861143,9053077286,0;9053077286,13527622504,0;13527622504,13167173350,0;13167173350,13527622497,0;13527622497,564083093,0;564083093,6317320202,0;6317320202,564083165,0;564083165,13167173329,0;13167173329,6317320222,0;6317320222,6028645652,0;6028645652,2369336843,0;2369336843,2369336701,0;2369336701,12333484744,0;12333484744,2368579077,0;2368579077,2369336820,0;2369336820,2368578991,0;2368578991,8887740818,0;8887740818,8887717116,0;8887717116,6043430915,0;6043430915,4899192485,0;4899192485,564639012,0;564639012,564638925,0;564638925,504640818,0;504640818,504637096,0;504637096,2787061089,0;2787061089,564641522,0;564641522,11155489649,0;11155489649,11155489650,0;11155489650,2787061341,0;2787061341,2787061167,0"
simulated_extreme,60,0.0,0.2,20860940,source_specific,trusted,10280.604724805988,0.6419737425283665,0.8280776466145003,0.8190917470674244,0.43026063169415374,101.34090000065044,16.498700017109513,"9706921350,9706921684,0;9706921684,9706921682,0;9706921682,9713848047,0;9713848047,9713848018,0;9713848018,9713848023,0;9713848023,12984979400,0;12984979400,9713848118,0;9713848118,9713848006,0;9713848006,9713847968,0;9713847968,9706921713,0;9706921713,9706921712,0;9706921712,9706921786,0;9706921786,9778914467,0;9778914467,9706887247,0;9706887247,9706857800,0;9706857800,9706857774,0;9706857774,9706857801,0;9706857801,9706857775,0;9706857775,9706857832,0;9706857832,9706857843,0;9706857843,7161807983,0;7161807983,7161812592,0;7161812592,499478563,0;499478563,499478564,0;499478564,7973114513,0;7973114513,7973099569,0;7973099569,7975273881,0;7975273881,7973099508,0;7973099508,7973099507,0;7973099507,7973114859,0;7973114859,8298792534,0;8298792534,8298792550,0;8298792550,7973114851,0;7973114851,7975286501,0;7975286501,8298792599,0;8298792599,1116501292,0;1116501292,7975286500,0;7975286500,1116501304,0;1116501304,7975286429,0;7975286429,7975286583,0;7975286583,7977056082,0;7977056082,7977056084,0;7977056084,7977050965,0;7977050965,7977056079,0;7977056079,7979256640,0;7979256640,7979256626,0;7979256626,7979256668,0;7979256668,7977056101,0;7977056101,7967831807,0;7967831807,7967774259,0;7967774259,503464976,0;503464976,7961771680,0;7961771680,1116492807,0;1116492807,7967774262,0;7967774262,503464985,0;503464985,2530277199,0;2530277199,564083084,0;564083084,5374860944,0;5374860944,5374860978,0;5374860978,5374861143,0;5374861143,9053077286,0;9053077286,13527622504,0;13527622504,13167173350,0;13167173350,13527622497,0;13527622497,564083093,0;564083093,6317320202,0;6317320202,564083165,0;564083165,13167173329,0;13167173329,6317320222,0;6317320222,6028645652,0;6028645652,2369336843,0;2369336843,2369336701,0;2369336701,12333484744,0;12333484744,2368579077,0;2368579077,2369336820,0;2369336820,2368578991,0;2368578991,8887740818,0;8887740818,8887717116,0;8887717116,6043430915,0;6043430915,4899192485,0;4899192485,564639012,0;564639012,564638925,0;564638925,504640818,0;504640818,504637096,0;504637096,2787061089,0;2787061089,564641522,0;564641522,11155489649,0;11155489649,11155489650,0;11155489650,2787061341,0;2787061341,2787061167,0"
simulated_extreme,60,0.0,0.2,20860940,universal,risk,10297.182344079098,0.6370087923684875,0.8280776466145003,0.8219173776639992,0.4311778653622655,99.58329994697124,14.339599991217256,"9706921350,9706921684,0;9706921684,9706921682,0;9706921682,9713848047,0;9713848047,9713848018,0;9713848018,9713848023,0;9713848023,12984979400,0;12984979400,9713848118,0;9713848118,9713848006,0;9713848006,9713847968,0;9713847968,9706921713,0;9706921713,9706921712,0;9706921712,9706921786,0;9706921786,9778914467,0;9778914467,9706887247,0;9706887247,9706857800,0;9706857800,9706857774,0;9706857774,9706857801,0;9706857801,9706857775,0;9706857775,9706857832,0;9706857832,9706857843,0;9706857843,7161807983,0;7161807983,7161812592,0;7161812592,499478563,0;499478563,499478564,0;499478564,7973114513,0;7973114513,7973099569,0;7973099569,7975273881,0;7975273881,7973099508,0;7973099508,7973099507,0;7973099507,7973114859,0;7973114859,8298792534,0;8298792534,8298792550,0;8298792550,7973114851,0;7973114851,7975286501,0;7975286501,8298792599,0;8298792599,1116501292,0;1116501292,7975286500,0;7975286500,1116501304,0;1116501304,7975286429,0;7975286429,7975286583,0;7975286583,7977056082,0;7977056082,7977056084,0;7977056084,7977050965,0;7977050965,7977056079,0;7977056079,7979256640,0;7979256640,7979256626,0;7979256626,7979256668,0;7979256668,7977056101,0;7977056101,7967831807,0;7967831807,7967774259,0;7967774259,503464976,0;503464976,7961771680,0;7961771680,1116492807,0;1116492807,7967774262,0;7967774262,503464985,0;503464985,2530277199,0;2530277199,564083084,0;564083084,5374860944,0;5374860944,5374860978,0;5374860978,5374861143,0;5374861143,9053077286,0;9053077286,13527622504,0;13527622504,13167173350,0;13167173350,13527622497,0;13527622497,564083093,0;564083093,6317320202,0;6317320202,564083165,0;564083165,13167173329,0;13167173329,6317320222,0;6317320222,6028645652,0;6028645652,2369336843,0;2369336843,2369336701,0;2369336701,12333484744,0;12333484744,2368579077,0;2368579077,2369336820,0;2369336820,2368578991,0;2368578991,8887740818,0;8887740818,9570709534,0;9570709534,2369336807,0;2369336807,2368578970,0;2368578970,6043430915,0;6043430915,4899192485,0;4899192485,564639012,0;564639012,564638925,0;564638925,504640818,0;504640818,504637096,0;504637096,2787061089,0;2787061089,2787061351,0;2787061351,2787061330,0;2787061330,11155489650,0;11155489650,2787061341,0;2787061341,2787061167,0"
simulated_extreme,60,0.0,0.2,20860940,universal,risk_uncertainty,10297.182344079098,0.6370087923684875,0.8280776466145003,0.8219173776639992,0.4311778653622655,100.03599995980039,14.79230000404641,"9706921350,9706921684,0;9706921684,9706921682,0;9706921682,9713848047,0;9713848047,9713848018,0;9713848018,9713848023,0;9713848023,12984979400,0;12984979400,9713848118,0;9713848118,9713848006,0;9713848006,9713847968,0;9713847968,9706921713,0;9706921713,9706921712,0;9706921712,9706921786,0;9706921786,9778914467,0;9778914467,9706887247,0;9706887247,9706857800,0;9706857800,9706857774,0;9706857774,9706857801,0;9706857801,9706857775,0;9706857775,9706857832,0;9706857832,9706857843,0;9706857843,7161807983,0;7161807983,7161812592,0;7161812592,499478563,0;499478563,499478564,0;499478564,7973114513,0;7973114513,7973099569,0;7973099569,7975273881,0;7975273881,7973099508,0;7973099508,7973099507,0;7973099507,7973114859,0;7973114859,8298792534,0;8298792534,8298792550,0;8298792550,7973114851,0;7973114851,7975286501,0;7975286501,8298792599,0;8298792599,1116501292,0;1116501292,7975286500,0;7975286500,1116501304,0;1116501304,7975286429,0;7975286429,7975286583,0;7975286583,7977056082,0;7977056082,7977056084,0;7977056084,7977050965,0;7977050965,7977056079,0;7977056079,7979256640,0;7979256640,7979256626,0;7979256626,7979256668,0;7979256668,7977056101,0;7977056101,7967831807,0;7967831807,7967774259,0;7967774259,503464976,0;503464976,7961771680,0;7961771680,1116492807,0;1116492807,7967774262,0;7967774262,503464985,0;503464985,2530277199,0;2530277199,564083084,0;564083084,5374860944,0;5374860944,5374860978,0;5374860978,5374861143,0;5374861143,9053077286,0;9053077286,13527622504,0;13527622504,13167173350,0;13167173350,13527622497,0;13527622497,564083093,0;564083093,6317320202,0;6317320202,564083165,0;564083165,13167173329,0;13167173329,6317320222,0;6317320222,6028645652,0;6028645652,2369336843,0;2369336843,2369336701,0;2369336701,12333484744,0;12333484744,2368579077,0;2368579077,2369336820,0;2369336820,2368578991,0;2368578991,8887740818,0;8887740818,9570709534,0;9570709534,2369336807,0;2369336807,2368578970,0;2368578970,6043430915,0;6043430915,4899192485,0;4899192485,564639012,0;564639012,564638925,0;564638925,504640818,0;504640818,504637096,0;504637096,2787061089,0;2787061089,2787061351,0;2787061351,2787061330,0;2787061330,11155489650,0;11155489650,2787061341,0;2787061341,2787061167,0"
simulated_extreme,60,0.0,0.2,20860940,universal,shortest,10279.902722198703,0.6421914589263749,0.8280776466145003,0.8190917470674244,0.42948322884636647,99.85239995876327,14.60870000300929,"9706921350,9706921684,0;9706921684,9706921682,0;9706921682,9713848047,0;9713848047,9713848018,0;9713848018,9713848023,0;9713848023,12984979400,0;12984979400,9713848118,0;9713848118,9713848006,0;9713848006,9713847968,0;9713847968,9706921713,0;9706921713,9706921712,0;9706921712,9706921786,0;9706921786,9778914467,0;9778914467,9706887247,0;9706887247,9706857800,0;9706857800,9706857774,0;9706857774,9706857801,0;9706857801,9706857775,0;9706857775,9706857832,0;9706857832,9706857843,0;9706857843,7161807983,0;7161807983,7161812592,0;7161812592,499478563,0;499478563,499478564,0;499478564,7973114513,0;7973114513,7973099569,0;7973099569,7975273881,0;7975273881,7973099508,0;7973099508,7973099507,0;7973099507,7973114859,0;7973114859,8298792534,0;8298792534,8298792550,0;8298792550,7973114851,0;7973114851,7975286501,0;7975286501,8298792599,0;8298792599,1116501292,0;1116501292,7975286500,0;7975286500,1116501304,0;1116501304,1116501296,0;1116501296,7977050964,0;7977050964,7977056084,0;7977056084,7977050965,0;7977050965,7977056079,0;7977056079,7979256640,0;7979256640,7979256626,0;7979256626,7979256668,0;7979256668,7977056101,0;7977056101,7967831807,0;7967831807,7967774259,0;7967774259,503464976,0;503464976,7961771680,0;7961771680,1116492807,0;1116492807,7967774262,0;7967774262,503464985,0;503464985,2530277199,0;2530277199,564083084,0;564083084,5374860944,0;5374860944,5374860978,0;5374860978,5374861143,0;5374861143,9053077286,0;9053077286,13527622504,0;13527622504,13167173350,0;13167173350,13527622497,0;13527622497,564083093,0;564083093,6317320202,0;6317320202,564083165,0;564083165,13167173329,0;13167173329,6317320222,0;6317320222,6028645652,0;6028645652,2369336843,0;2369336843,2369336701,0;2369336701,12333484744,0;12333484744,2368579077,0;2368579077,2369336820,0;2369336820,2368578991,0;2368578991,8887740818,0;8887740818,8887717116,0;8887717116,6043430915,0;6043430915,4899192485,0;4899192485,564639012,0;564639012,564638925,0;564638925,504640818,0;504640818,504637096,0;504637096,2787061089,0;2787061089,564641522,0;564641522,11155489649,0;11155489649,11155489650,0;11155489650,2787061341,0;2787061341,2787061167,0"
simulated_extreme,60,0.0,0.2,20860940,universal,trusted,10280.604724805988,0.6419737425283665,0.8280776466145003,0.8190917470674244,0.43026063169415374,101.40809993026778,16.1643999745138,"9706921350,9706921684,0;9706921684,9706921682,0;9706921682,9713848047,0;9713848047,9713848018,0;9713848018,9713848023,0;9713848023,12984979400,0;12984979400,9713848118,0;9713848118,9713848006,0;9713848006,9713847968,0;9713847968,9706921713,0;9706921713,9706921712,0;9706921712,9706921786,0;9706921786,9778914467,0;9778914467,9706887247,0;9706887247,9706857800,0;9706857800,9706857774,0;9706857774,9706857801,0;9706857801,9706857775,0;9706857775,9706857832,0;9706857832,9706857843,0;9706857843,7161807983,0;7161807983,7161812592,0;7161812592,499478563,0;499478563,499478564,0;499478564,7973114513,0;7973114513,7973099569,0;7973099569,7975273881,0;7975273881,7973099508,0;7973099508,7973099507,0;7973099507,7973114859,0;7973114859,8298792534,0;8298792534,8298792550,0;8298792550,7973114851,0;7973114851,7975286501,0;7975286501,8298792599,0;8298792599,1116501292,0;1116501292,7975286500,0;7975286500,1116501304,0;1116501304,7975286429,0;7975286429,7975286583,0;7975286583,7977056082,0;7977056082,7977056084,0;7977056084,7977050965,0;7977050965,7977056079,0;7977056079,7979256640,0;7979256640,7979256626,0;7979256626,7979256668,0;7979256668,7977056101,0;7977056101,7967831807,0;7967831807,7967774259,0;7967774259,503464976,0;503464976,7961771680,0;7961771680,1116492807,0;1116492807,7967774262,0;7967774262,503464985,0;503464985,2530277199,0;2530277199,564083084,0;564083084,5374860944,0;5374860944,5374860978,0;5374860978,5374861143,0;5374861143,9053077286,0;9053077286,13527622504,0;13527622504,13167173350,0;13167173350,13527622497,0;13527622497,564083093,0;564083093,6317320202,0;6317320202,564083165,0;564083165,13167173329,0;13167173329,6317320222,0;6317320222,6028645652,0;6028645652,2369336843,0;2369336843,2369336701,0;2369336701,12333484744,0;12333484744,2368579077,0;2368579077,2369336820,0;2369336820,2368578991,0;2368578991,8887740818,0;8887740818,8887717116,0;8887717116,6043430915,0;6043430915,4899192485,0;4899192485,564639012,0;564639012,564638925,0;564638925,504640818,0;504640818,504637096,0;504637096,2787061089,0;2787061089,564641522,0;564641522,11155489649,0;11155489649,11155489650,0;11155489650,2787061341,0;2787061341,2787061167,0"
simulated_extreme,60,0.2,0.0,20862920,source_specific,risk,10297.182344079098,0.6370087923684875,0.8280776466145003,0.8219173776639992,0.4311778653622655,103.64429996116087,21.24009997351095,"9706921350,9706921684,0;9706921684,9706921682,0;9706921682,9713848047,0;9713848047,9713848018,0;9713848018,9713848023,0;9713848023,12984979400,0;12984979400,9713848118,0;9713848118,9713848006,0;9713848006,9713847968,0;9713847968,9706921713,0;9706921713,9706921712,0;9706921712,9706921786,0;9706921786,9778914467,0;9778914467,9706887247,0;9706887247,9706857800,0;9706857800,9706857774,0;9706857774,9706857801,0;9706857801,9706857775,0;9706857775,9706857832,0;9706857832,9706857843,0;9706857843,7161807983,0;7161807983,7161812592,0;7161812592,499478563,0;499478563,499478564,0;499478564,7973114513,0;7973114513,7973099569,0;7973099569,7975273881,0;7975273881,7973099508,0;7973099508,7973099507,0;7973099507,7973114859,0;7973114859,8298792534,0;8298792534,8298792550,0;8298792550,7973114851,0;7973114851,7975286501,0;7975286501,8298792599,0;8298792599,1116501292,0;1116501292,7975286500,0;7975286500,1116501304,0;1116501304,7975286429,0;7975286429,7975286583,0;7975286583,7977056082,0;7977056082,7977056084,0;7977056084,7977050965,0;7977050965,7977056079,0;7977056079,7979256640,0;7979256640,7979256626,0;7979256626,7979256668,0;7979256668,7977056101,0;7977056101,7967831807,0;7967831807,7967774259,0;7967774259,503464976,0;503464976,7961771680,0;7961771680,1116492807,0;1116492807,7967774262,0;7967774262,503464985,0;503464985,2530277199,0;2530277199,564083084,0;564083084,5374860944,0;5374860944,5374860978,0;5374860978,5374861143,0;5374861143,9053077286,0;9053077286,13527622504,0;13527622504,13167173350,0;13167173350,13527622497,0;13527622497,564083093,0;564083093,6317320202,0;6317320202,564083165,0;564083165,13167173329,0;13167173329,6317320222,0;6317320222,6028645652,0;6028645652,2369336843,0;2369336843,2369336701,0;2369336701,12333484744,0;12333484744,2368579077,0;2368579077,2369336820,0;2369336820,2368578991,0;2368578991,8887740818,0;8887740818,9570709534,0;9570709534,2369336807,0;2369336807,2368578970,0;2368578970,6043430915,0;6043430915,4899192485,0;4899192485,564639012,0;564639012,564638925,0;564638925,504640818,0;504640818,504637096,0;504637096,2787061089,0;2787061089,2787061351,0;2787061351,2787061330,0;2787061330,11155489650,0;11155489650,2787061341,0;2787061341,2787061167,0"
simulated_extreme,60,0.2,0.0,20862920,source_specific,risk_uncertainty,10297.182344079098,0.6370087923684875,0.8280776466145003,0.8219173776639992,0.4311778653622655,97.96559996902943,15.561399981379509,"9706921350,9706921684,0;9706921684,9706921682,0;9706921682,9713848047,0;9713848047,9713848018,0;9713848018,9713848023,0;9713848023,12984979400,0;12984979400,9713848118,0;9713848118,9713848006,0;9713848006,9713847968,0;9713847968,9706921713,0;9706921713,9706921712,0;9706921712,9706921786,0;9706921786,9778914467,0;9778914467,9706887247,0;9706887247,9706857800,0;9706857800,9706857774,0;9706857774,9706857801,0;9706857801,9706857775,0;9706857775,9706857832,0;9706857832,9706857843,0;9706857843,7161807983,0;7161807983,7161812592,0;7161812592,499478563,0;499478563,499478564,0;499478564,7973114513,0;7973114513,7973099569,0;7973099569,7975273881,0;7975273881,7973099508,0;7973099508,7973099507,0;7973099507,7973114859,0;7973114859,8298792534,0;8298792534,8298792550,0;8298792550,7973114851,0;7973114851,7975286501,0;7975286501,8298792599,0;8298792599,1116501292,0;1116501292,7975286500,0;7975286500,1116501304,0;1116501304,7975286429,0;7975286429,7975286583,0;7975286583,7977056082,0;7977056082,7977056084,0;7977056084,7977050965,0;7977050965,7977056079,0;7977056079,7979256640,0;7979256640,7979256626,0;7979256626,7979256668,0;7979256668,7977056101,0;7977056101,7967831807,0;7967831807,7967774259,0;7967774259,503464976,0;503464976,7961771680,0;7961771680,1116492807,0;1116492807,7967774262,0;7967774262,503464985,0;503464985,2530277199,0;2530277199,564083084,0;564083084,5374860944,0;5374860944,5374860978,0;5374860978,5374861143,0;5374861143,9053077286,0;9053077286,13527622504,0;13527622504,13167173350,0;13167173350,13527622497,0;13527622497,564083093,0;564083093,6317320202,0;6317320202,564083165,0;564083165,13167173329,0;13167173329,6317320222,0;6317320222,6028645652,0;6028645652,2369336843,0;2369336843,2369336701,0;2369336701,12333484744,0;12333484744,2368579077,0;2368579077,2369336820,0;2369336820,2368578991,0;2368578991,8887740818,0;8887740818,9570709534,0;9570709534,2369336807,0;2369336807,2368578970,0;2368578970,6043430915,0;6043430915,4899192485,0;4899192485,564639012,0;564639012,564638925,0;564638925,504640818,0;504640818,504637096,0;504637096,2787061089,0;2787061089,2787061351,0;2787061351,2787061330,0;2787061330,11155489650,0;11155489650,2787061341,0;2787061341,2787061167,0"
simulated_extreme,60,0.2,0.0,20862920,source_specific,shortest,10279.902722198703,0.6421914589263749,0.8280776466145003,0.8190917470674244,0.42948322884636647,97.0705000218004,14.666300034150481,"9706921350,9706921684,0;9706921684,9706921682,0;9706921682,9713848047,0;9713848047,9713848018,0;9713848018,9713848023,0;9713848023,12984979400,0;12984979400,9713848118,0;9713848118,9713848006,0;9713848006,9713847968,0;9713847968,9706921713,0;9706921713,9706921712,0;9706921712,9706921786,0;9706921786,9778914467,0;9778914467,9706887247,0;9706887247,9706857800,0;9706857800,9706857774,0;9706857774,9706857801,0;9706857801,9706857775,0;9706857775,9706857832,0;9706857832,9706857843,0;9706857843,7161807983,0;7161807983,7161812592,0;7161812592,499478563,0;499478563,499478564,0;499478564,7973114513,0;7973114513,7973099569,0;7973099569,7975273881,0;7975273881,7973099508,0;7973099508,7973099507,0;7973099507,7973114859,0;7973114859,8298792534,0;8298792534,8298792550,0;8298792550,7973114851,0;7973114851,7975286501,0;7975286501,8298792599,0;8298792599,1116501292,0;1116501292,7975286500,0;7975286500,1116501304,0;1116501304,1116501296,0;1116501296,7977050964,0;7977050964,7977056084,0;7977056084,7977050965,0;7977050965,7977056079,0;7977056079,7979256640,0;7979256640,7979256626,0;7979256626,7979256668,0;7979256668,7977056101,0;7977056101,7967831807,0;7967831807,7967774259,0;7967774259,503464976,0;503464976,7961771680,0;7961771680,1116492807,0;1116492807,7967774262,0;7967774262,503464985,0;503464985,2530277199,0;2530277199,564083084,0;564083084,5374860944,0;5374860944,5374860978,0;5374860978,5374861143,0;5374861143,9053077286,0;9053077286,13527622504,0;13527622504,13167173350,0;13167173350,13527622497,0;13527622497,564083093,0;564083093,6317320202,0;6317320202,564083165,0;564083165,13167173329,0;13167173329,6317320222,0;6317320222,6028645652,0;6028645652,2369336843,0;2369336843,2369336701,0;2369336701,12333484744,0;12333484744,2368579077,0;2368579077,2369336820,0;2369336820,2368578991,0;2368578991,8887740818,0;8887740818,8887717116,0;8887717116,6043430915,0;6043430915,4899192485,0;4899192485,564639012,0;564639012,564638925,0;564638925,504640818,0;504640818,504637096,0;504637096,2787061089,0;2787061089,564641522,0;564641522,11155489649,0;11155489649,11155489650,0;11155489650,2787061341,0;2787061341,2787061167,0"
simulated_extreme,60,0.2,0.0,20862920,source_specific,trusted,10279.902722198703,0.6421914589263749,0.8280776466145003,0.8190917470674244,0.42948322884636647,99.14190002018586,16.73770003253594,"9706921350,9706921684,0;9706921684,9706921682,0;9706921682,9713848047,0;9713848047,9713848018,0;9713848018,9713848023,0;9713848023,12984979400,0;12984979400,9713848118,0;9713848118,9713848006,0;9713848006,9713847968,0;9713847968,9706921713,0;9706921713,9706921712,0;9706921712,9706921786,0;9706921786,9778914467,0;9778914467,9706887247,0;9706887247,9706857800,0;9706857800,9706857774,0;9706857774,9706857801,0;9706857801,9706857775,0;9706857775,9706857832,0;9706857832,9706857843,0;9706857843,7161807983,0;7161807983,7161812592,0;7161812592,499478563,0;499478563,499478564,0;499478564,7973114513,0;7973114513,7973099569,0;7973099569,7975273881,0;7975273881,7973099508,0;7973099508,7973099507,0;7973099507,7973114859,0;7973114859,8298792534,0;8298792534,8298792550,0;8298792550,7973114851,0;7973114851,7975286501,0;7975286501,8298792599,0;8298792599,1116501292,0;1116501292,7975286500,0;7975286500,1116501304,0;1116501304,1116501296,0;1116501296,7977050964,0;7977050964,7977056084,0;7977056084,7977050965,0;7977050965,7977056079,0;7977056079,7979256640,0;7979256640,7979256626,0;7979256626,7979256668,0;7979256668,7977056101,0;7977056101,7967831807,0;7967831807,7967774259,0;7967774259,503464976,0;503464976,7961771680,0;7961771680,1116492807,0;1116492807,7967774262,0;7967774262,503464985,0;503464985,2530277199,0;2530277199,564083084,0;564083084,5374860944,0;5374860944,5374860978,0;5374860978,5374861143,0;5374861143,9053077286,0;9053077286,13527622504,0;13527622504,13167173350,0;13167173350,13527622497,0;13527622497,564083093,0;564083093,6317320202,0;6317320202,564083165,0;564083165,13167173329,0;13167173329,6317320222,0;6317320222,6028645652,0;6028645652,2369336843,0;2369336843,2369336701,0;2369336701,12333484744,0;12333484744,2368579077,0;2368579077,2369336820,0;2369336820,2368578991,0;2368578991,8887740818,0;8887740818,8887717116,0;8887717116,6043430915,0;6043430915,4899192485,0;4899192485,564639012,0;564639012,564638925,0;564638925,504640818,0;504640818,504637096,0;504637096,2787061089,0;2787061089,564641522,0;564641522,11155489649,0;11155489649,11155489650,0;11155489650,2787061341,0;2787061341,2787061167,0"
simulated_extreme,60,0.2,0.0,20862920,universal,risk,10297.182344079098,0.6370087923684875,0.8280776466145003,0.8219173776639992,0.4311778653622655,99.42210000008345,14.015399967320263,"9706921350,9706921684,0;9706921684,9706921682,0;9706921682,9713848047,0;9713848047,9713848018,0;9713848018,9713848023,0;9713848023,12984979400,0;12984979400,9713848118,0;9713848118,9713848006,0;9713848006,9713847968,0;9713847968,9706921713,0;9706921713,9706921712,0;9706921712,9706921786,0;9706921786,9778914467,0;9778914467,9706887247,0;9706887247,9706857800,0;9706857800,9706857774,0;9706857774,9706857801,0;9706857801,9706857775,0;9706857775,9706857832,0;9706857832,9706857843,0;9706857843,7161807983,0;7161807983,7161812592,0;7161812592,499478563,0;499478563,499478564,0;499478564,7973114513,0;7973114513,7973099569,0;7973099569,7975273881,0;7975273881,7973099508,0;7973099508,7973099507,0;7973099507,7973114859,0;7973114859,8298792534,0;8298792534,8298792550,0;8298792550,7973114851,0;7973114851,7975286501,0;7975286501,8298792599,0;8298792599,1116501292,0;1116501292,7975286500,0;7975286500,1116501304,0;1116501304,7975286429,0;7975286429,7975286583,0;7975286583,7977056082,0;7977056082,7977056084,0;7977056084,7977050965,0;7977050965,7977056079,0;7977056079,7979256640,0;7979256640,7979256626,0;7979256626,7979256668,0;7979256668,7977056101,0;7977056101,7967831807,0;7967831807,7967774259,0;7967774259,503464976,0;503464976,7961771680,0;7961771680,1116492807,0;1116492807,7967774262,0;7967774262,503464985,0;503464985,2530277199,0;2530277199,564083084,0;564083084,5374860944,0;5374860944,5374860978,0;5374860978,5374861143,0;5374861143,9053077286,0;9053077286,13527622504,0;13527622504,13167173350,0;13167173350,13527622497,0;13527622497,564083093,0;564083093,6317320202,0;6317320202,564083165,0;564083165,13167173329,0;13167173329,6317320222,0;6317320222,6028645652,0;6028645652,2369336843,0;2369336843,2369336701,0;2369336701,12333484744,0;12333484744,2368579077,0;2368579077,2369336820,0;2369336820,2368578991,0;2368578991,8887740818,0;8887740818,9570709534,0;9570709534,2369336807,0;2369336807,2368578970,0;2368578970,6043430915,0;6043430915,4899192485,0;4899192485,564639012,0;564639012,564638925,0;564638925,504640818,0;504640818,504637096,0;504637096,2787061089,0;2787061089,2787061351,0;2787061351,2787061330,0;2787061330,11155489650,0;11155489650,2787061341,0;2787061341,2787061167,0"
simulated_extreme,60,0.2,0.0,20862920,universal,risk_uncertainty,10297.182344079098,0.6370087923684875,0.8280776466145003,0.8219173776639992,0.4311778653622655,103.34640002110973,17.939699988346547,"9706921350,9706921684,0;9706921684,9706921682,0;9706921682,9713848047,0;9713848047,9713848018,0;9713848018,9713848023,0;9713848023,12984979400,0;12984979400,9713848118,0;9713848118,9713848006,0;9713848006,9713847968,0;9713847968,9706921713,0;9706921713,9706921712,0;9706921712,9706921786,0;9706921786,9778914467,0;9778914467,9706887247,0;9706887247,9706857800,0;9706857800,9706857774,0;9706857774,9706857801,0;9706857801,9706857775,0;9706857775,9706857832,0;9706857832,9706857843,0;9706857843,7161807983,0;7161807983,7161812592,0;7161812592,499478563,0;499478563,499478564,0;499478564,7973114513,0;7973114513,7973099569,0;7973099569,7975273881,0;7975273881,7973099508,0;7973099508,7973099507,0;7973099507,7973114859,0;7973114859,8298792534,0;8298792534,8298792550,0;8298792550,7973114851,0;7973114851,7975286501,0;7975286501,8298792599,0;8298792599,1116501292,0;1116501292,7975286500,0;7975286500,1116501304,0;1116501304,7975286429,0;7975286429,7975286583,0;7975286583,7977056082,0;7977056082,7977056084,0;7977056084,7977050965,0;7977050965,7977056079,0;7977056079,7979256640,0;7979256640,7979256626,0;7979256626,7979256668,0;7979256668,7977056101,0;7977056101,7967831807,0;7967831807,7967774259,0;7967774259,503464976,0;503464976,7961771680,0;7961771680,1116492807,0;1116492807,7967774262,0;7967774262,503464985,0;503464985,2530277199,0;2530277199,564083084,0;564083084,5374860944,0;5374860944,5374860978,0;5374860978,5374861143,0;5374861143,9053077286,0;9053077286,13527622504,0;13527622504,13167173350,0;13167173350,13527622497,0;13527622497,564083093,0;564083093,6317320202,0;6317320202,564083165,0;564083165,13167173329,0;13167173329,6317320222,0;6317320222,6028645652,0;6028645652,2369336843,0;2369336843,2369336701,0;2369336701,12333484744,0;12333484744,2368579077,0;2368579077,2369336820,0;2369336820,2368578991,0;2368578991,8887740818,0;8887740818,9570709534,0;9570709534,2369336807,0;2369336807,2368578970,0;2368578970,6043430915,0;6043430915,4899192485,0;4899192485,564639012,0;564639012,564638925,0;564638925,504640818,0;504640818,504637096,0;504637096,2787061089,0;2787061089,2787061351,0;2787061351,2787061330,0;2787061330,11155489650,0;11155489650,2787061341,0;2787061341,2787061167,0"
simulated_extreme,60,0.2,0.0,20862920,universal,shortest,10279.902722198703,0.6421914589263749,0.8280776466145003,0.8190917470674244,0.42948322884636647,99.900700035505,14.494000002741814,"9706921350,9706921684,0;9706921684,9706921682,0;9706921682,9713848047,0;9713848047,9713848018,0;9713848018,9713848023,0;9713848023,12984979400,0;12984979400,9713848118,0;9713848118,9713848006,0;9713848006,9713847968,0;9713847968,9706921713,0;9706921713,9706921712,0;9706921712,9706921786,0;9706921786,9778914467,0;9778914467,9706887247,0;9706887247,9706857800,0;9706857800,9706857774,0;9706857774,9706857801,0;9706857801,9706857775,0;9706857775,9706857832,0;9706857832,9706857843,0;9706857843,7161807983,0;7161807983,7161812592,0;7161812592,499478563,0;499478563,499478564,0;499478564,7973114513,0;7973114513,7973099569,0;7973099569,7975273881,0;7975273881,7973099508,0;7973099508,7973099507,0;7973099507,7973114859,0;7973114859,8298792534,0;8298792534,8298792550,0;8298792550,7973114851,0;7973114851,7975286501,0;7975286501,8298792599,0;8298792599,1116501292,0;1116501292,7975286500,0;7975286500,1116501304,0;1116501304,1116501296,0;1116501296,7977050964,0;7977050964,7977056084,0;7977056084,7977050965,0;7977050965,7977056079,0;7977056079,7979256640,0;7979256640,7979256626,0;7979256626,7979256668,0;7979256668,7977056101,0;7977056101,7967831807,0;7967831807,7967774259,0;7967774259,503464976,0;503464976,7961771680,0;7961771680,1116492807,0;1116492807,7967774262,0;7967774262,503464985,0;503464985,2530277199,0;2530277199,564083084,0;564083084,5374860944,0;5374860944,5374860978,0;5374860978,5374861143,0;5374861143,9053077286,0;9053077286,13527622504,0;13527622504,13167173350,0;13167173350,13527622497,0;13527622497,564083093,0;564083093,6317320202,0;6317320202,564083165,0;564083165,13167173329,0;13167173329,6317320222,0;6317320222,6028645652,0;6028645652,2369336843,0;2369336843,2369336701,0;2369336701,12333484744,0;12333484744,2368579077,0;2368579077,2369336820,0;2369336820,2368578991,0;2368578991,8887740818,0;8887740818,8887717116,0;8887717116,6043430915,0;6043430915,4899192485,0;4899192485,564639012,0;564639012,564638925,0;564638925,504640818,0;504640818,504637096,0;504637096,2787061089,0;2787061089,564641522,0;564641522,11155489649,0;11155489649,11155489650,0;11155489650,2787061341,0;2787061341,2787061167,0"
simulated_extreme,60,0.2,0.0,20862920,universal,trusted,10279.902722198703,0.6421914589263749,0.8280776466145003,0.8190917470674244,0.42948322884636647,100.01040005590767,14.603700023144484,"9706921350,9706921684,0;9706921684,9706921682,0;9706921682,9713848047,0;9713848047,9713848018,0;9713848018,9713848023,0;9713848023,12984979400,0;12984979400,9713848118,0;9713848118,9713848006,0;9713848006,9713847968,0;9713847968,9706921713,0;9706921713,9706921712,0;9706921712,9706921786,0;9706921786,9778914467,0;9778914467,9706887247,0;9706887247,9706857800,0;9706857800,9706857774,0;9706857774,9706857801,0;9706857801,9706857775,0;9706857775,9706857832,0;9706857832,9706857843,0;9706857843,7161807983,0;7161807983,7161812592,0;7161812592,499478563,0;499478563,499478564,0;499478564,7973114513,0;7973114513,7973099569,0;7973099569,7975273881,0;7975273881,7973099508,0;7973099508,7973099507,0;7973099507,7973114859,0;7973114859,8298792534,0;8298792534,8298792550,0;8298792550,7973114851,0;7973114851,7975286501,0;7975286501,8298792599,0;8298792599,1116501292,0;1116501292,7975286500,0;7975286500,1116501304,0;1116501304,1116501296,0;1116501296,7977050964,0;7977050964,7977056084,0;7977056084,7977050965,0;7977050965,7977056079,0;7977056079,7979256640,0;7979256640,7979256626,0;7979256626,7979256668,0;7979256668,7977056101,0;7977056101,7967831807,0;7967831807,7967774259,0;7967774259,503464976,0;503464976,7961771680,0;7961771680,1116492807,0;1116492807,7967774262,0;7967774262,503464985,0;503464985,2530277199,0;2530277199,564083084,0;564083084,5374860944,0;5374860944,5374860978,0;5374860978,5374861143,0;5374861143,9053077286,0;9053077286,13527622504,0;13527622504,13167173350,0;13167173350,13527622497,0;13527622497,564083093,0;564083093,6317320202,0;6317320202,564083165,0;564083165,13167173329,0;13167173329,6317320222,0;6317320222,6028645652,0;6028645652,2369336843,0;2369336843,2369336701,0;2369336701,12333484744,0;12333484744,2368579077,0;2368579077,2369336820,0;2369336820,2368578991,0;2368578991,8887740818,0;8887740818,8887717116,0;8887717116,6043430915,0;6043430915,4899192485,0;4899192485,564639012,0;564639012,564638925,0;564638925,504640818,0;504640818,504637096,0;504637096,2787061089,0;2787061089,564641522,0;564641522,11155489649,0;11155489649,11155489650,0;11155489650,2787061341,0;2787061341,2787061167,0"
simulated_extreme,60,0.2,0.1,20862930,source_specific,risk,10297.182344079098,0.6370087923684875,0.8280776466145003,0.8219173776639992,0.4311778653622655,147.3948000348173,16.30040002055466,"9706921350,9706921684,0;9706921684,9706921682,0;9706921682,9713848047,0;9713848047,9713848018,0;9713848018,9713848023,0;9713848023,12984979400,0;12984979400,9713848118,0;9713848118,9713848006,0;9713848006,9713847968,0;9713847968,9706921713,0;9706921713,9706921712,0;9706921712,9706921786,0;9706921786,9778914467,0;9778914467,9706887247,0;9706887247,9706857800,0;9706857800,9706857774,0;9706857774,9706857801,0;9706857801,9706857775,0;9706857775,9706857832,0;9706857832,9706857843,0;9706857843,7161807983,0;7161807983,7161812592,0;7161812592,499478563,0;499478563,499478564,0;499478564,7973114513,0;7973114513,7973099569,0;7973099569,7975273881,0;7975273881,7973099508,0;7973099508,7973099507,0;7973099507,7973114859,0;7973114859,8298792534,0;8298792534,8298792550,0;8298792550,7973114851,0;7973114851,7975286501,0;7975286501,8298792599,0;8298792599,1116501292,0;1116501292,7975286500,0;7975286500,1116501304,0;1116501304,7975286429,0;7975286429,7975286583,0;7975286583,7977056082,0;7977056082,7977056084,0;7977056084,7977050965,0;7977050965,7977056079,0;7977056079,7979256640,0;7979256640,7979256626,0;7979256626,7979256668,0;7979256668,7977056101,0;7977056101,7967831807,0;7967831807,7967774259,0;7967774259,503464976,0;503464976,7961771680,0;7961771680,1116492807,0;1116492807,7967774262,0;7967774262,503464985,0;503464985,2530277199,0;2530277199,564083084,0;564083084,5374860944,0;5374860944,5374860978,0;5374860978,5374861143,0;5374861143,9053077286,0;9053077286,13527622504,0;13527622504,13167173350,0;13167173350,13527622497,0;13527622497,564083093,0;564083093,6317320202,0;6317320202,564083165,0;564083165,13167173329,0;13167173329,6317320222,0;6317320222,6028645652,0;6028645652,2369336843,0;2369336843,2369336701,0;2369336701,12333484744,0;12333484744,2368579077,0;2368579077,2369336820,0;2369336820,2368578991,0;2368578991,8887740818,0;8887740818,9570709534,0;9570709534,2369336807,0;2369336807,2368578970,0;2368578970,6043430915,0;6043430915,4899192485,0;4899192485,564639012,0;564639012,564638925,0;564638925,504640818,0;504640818,504637096,0;504637096,2787061089,0;2787061089,2787061351,0;2787061351,2787061330,0;2787061330,11155489650,0;11155489650,2787061341,0;2787061341,2787061167,0"
simulated_extreme,60,0.2,0.1,20862930,source_specific,risk_uncertainty,10297.182344079098,0.6370087923684875,0.8280776466145003,0.8219173776639992,0.4311778653622655,146.52610005578026,15.431700041517615,"9706921350,9706921684,0;9706921684,9706921682,0;9706921682,9713848047,0;9713848047,9713848018,0;9713848018,9713848023,0;9713848023,12984979400,0;12984979400,9713848118,0;9713848118,9713848006,0;9713848006,9713847968,0;9713847968,9706921713,0;9706921713,9706921712,0;9706921712,9706921786,0;9706921786,9778914467,0;9778914467,9706887247,0;9706887247,9706857800,0;9706857800,9706857774,0;9706857774,9706857801,0;9706857801,9706857775,0;9706857775,9706857832,0;9706857832,9706857843,0;9706857843,7161807983,0;7161807983,7161812592,0;7161812592,499478563,0;499478563,499478564,0;499478564,7973114513,0;7973114513,7973099569,0;7973099569,7975273881,0;7975273881,7973099508,0;7973099508,7973099507,0;7973099507,7973114859,0;7973114859,8298792534,0;8298792534,8298792550,0;8298792550,7973114851,0;7973114851,7975286501,0;7975286501,8298792599,0;8298792599,1116501292,0;1116501292,7975286500,0;7975286500,1116501304,0;1116501304,7975286429,0;7975286429,7975286583,0;7975286583,7977056082,0;7977056082,7977056084,0;7977056084,7977050965,0;7977050965,7977056079,0;7977056079,7979256640,0;7979256640,7979256626,0;7979256626,7979256668,0;7979256668,7977056101,0;7977056101,7967831807,0;7967831807,7967774259,0;7967774259,503464976,0;503464976,7961771680,0;7961771680,1116492807,0;1116492807,7967774262,0;7967774262,503464985,0;503464985,2530277199,0;2530277199,564083084,0;564083084,5374860944,0;5374860944,5374860978,0;5374860978,5374861143,0;5374861143,9053077286,0;9053077286,13527622504,0;13527622504,13167173350,0;13167173350,13527622497,0;13527622497,564083093,0;564083093,6317320202,0;6317320202,564083165,0;564083165,13167173329,0;13167173329,6317320222,0;6317320222,6028645652,0;6028645652,2369336843,0;2369336843,2369336701,0;2369336701,12333484744,0;12333484744,2368579077,0;2368579077,2369336820,0;2369336820,2368578991,0;2368578991,8887740818,0;8887740818,9570709534,0;9570709534,2369336807,0;2369336807,2368578970,0;2368578970,6043430915,0;6043430915,4899192485,0;4899192485,564639012,0;564639012,564638925,0;564638925,504640818,0;504640818,504637096,0;504637096,2787061089,0;2787061089,2787061351,0;2787061351,2787061330,0;2787061330,11155489650,0;11155489650,2787061341,0;2787061341,2787061167,0"
simulated_extreme,60,0.2,0.1,20862930,source_specific,shortest,10279.902722198703,0.6421914589263749,0.8280776466145003,0.8190917470674244,0.42948322884636647,148.10030005173758,17.00590003747493,"9706921350,9706921684,0;9706921684,9706921682,0;9706921682,9713848047,0;9713848047,9713848018,0;9713848018,9713848023,0;9713848023,12984979400,0;12984979400,9713848118,0;9713848118,9713848006,0;9713848006,9713847968,0;9713847968,9706921713,0;9706921713,9706921712,0;9706921712,9706921786,0;9706921786,9778914467,0;9778914467,9706887247,0;9706887247,9706857800,0;9706857800,9706857774,0;9706857774,9706857801,0;9706857801,9706857775,0;9706857775,9706857832,0;9706857832,9706857843,0;9706857843,7161807983,0;7161807983,7161812592,0;7161812592,499478563,0;499478563,499478564,0;499478564,7973114513,0;7973114513,7973099569,0;7973099569,7975273881,0;7975273881,7973099508,0;7973099508,7973099507,0;7973099507,7973114859,0;7973114859,8298792534,0;8298792534,8298792550,0;8298792550,7973114851,0;7973114851,7975286501,0;7975286501,8298792599,0;8298792599,1116501292,0;1116501292,7975286500,0;7975286500,1116501304,0;1116501304,1116501296,0;1116501296,7977050964,0;7977050964,7977056084,0;7977056084,7977050965,0;7977050965,7977056079,0;7977056079,7979256640,0;7979256640,7979256626,0;7979256626,7979256668,0;7979256668,7977056101,0;7977056101,7967831807,0;7967831807,7967774259,0;7967774259,503464976,0;503464976,7961771680,0;7961771680,1116492807,0;1116492807,7967774262,0;7967774262,503464985,0;503464985,2530277199,0;2530277199,564083084,0;564083084,5374860944,0;5374860944,5374860978,0;5374860978,5374861143,0;5374861143,9053077286,0;9053077286,13527622504,0;13527622504,13167173350,0;13167173350,13527622497,0;13527622497,564083093,0;564083093,6317320202,0;6317320202,564083165,0;564083165,13167173329,0;13167173329,6317320222,0;6317320222,6028645652,0;6028645652,2369336843,0;2369336843,2369336701,0;2369336701,12333484744,0;12333484744,2368579077,0;2368579077,2369336820,0;2369336820,2368578991,0;2368578991,8887740818,0;8887740818,8887717116,0;8887717116,6043430915,0;6043430915,4899192485,0;4899192485,564639012,0;564639012,564638925,0;564638925,504640818,0;504640818,504637096,0;504637096,2787061089,0;2787061089,564641522,0;564641522,11155489649,0;11155489649,11155489650,0;11155489650,2787061341,0;2787061341,2787061167,0"
simulated_extreme,60,0.2,0.1,20862930,source_specific,trusted,10279.902722198703,0.6421914589263749,0.8280776466145003,0.8190917470674244,0.42948322884636647,146.9486000132747,15.854199999012053,"9706921350,9706921684,0;9706921684,9706921682,0;9706921682,9713848047,0;9713848047,9713848018,0;9713848018,9713848023,0;9713848023,12984979400,0;12984979400,9713848118,0;9713848118,9713848006,0;9713848006,9713847968,0;9713847968,9706921713,0;9706921713,9706921712,0;9706921712,9706921786,0;9706921786,9778914467,0;9778914467,9706887247,0;9706887247,9706857800,0;9706857800,9706857774,0;9706857774,9706857801,0;9706857801,9706857775,0;9706857775,9706857832,0;9706857832,9706857843,0;9706857843,7161807983,0;7161807983,7161812592,0;7161812592,499478563,0;499478563,499478564,0;499478564,7973114513,0;7973114513,7973099569,0;7973099569,7975273881,0;7975273881,7973099508,0;7973099508,7973099507,0;7973099507,7973114859,0;7973114859,8298792534,0;8298792534,8298792550,0;8298792550,7973114851,0;7973114851,7975286501,0;7975286501,8298792599,0;8298792599,1116501292,0;1116501292,7975286500,0;7975286500,1116501304,0;1116501304,1116501296,0;1116501296,7977050964,0;7977050964,7977056084,0;7977056084,7977050965,0;7977050965,7977056079,0;7977056079,7979256640,0;7979256640,7979256626,0;7979256626,7979256668,0;7979256668,7977056101,0;7977056101,7967831807,0;7967831807,7967774259,0;7967774259,503464976,0;503464976,7961771680,0;7961771680,1116492807,0;1116492807,7967774262,0;7967774262,503464985,0;503464985,2530277199,0;2530277199,564083084,0;564083084,5374860944,0;5374860944,5374860978,0;5374860978,5374861143,0;5374861143,9053077286,0;9053077286,13527622504,0;13527622504,13167173350,0;13167173350,13527622497,0;13527622497,564083093,0;564083093,6317320202,0;6317320202,564083165,0;564083165,13167173329,0;13167173329,6317320222,0;6317320222,6028645652,0;6028645652,2369336843,0;2369336843,2369336701,0;2369336701,12333484744,0;12333484744,2368579077,0;2368579077,2369336820,0;2369336820,2368578991,0;2368578991,8887740818,0;8887740818,8887717116,0;8887717116,6043430915,0;6043430915,4899192485,0;4899192485,564639012,0;564639012,564638925,0;564638925,504640818,0;504640818,504637096,0;504637096,2787061089,0;2787061089,564641522,0;564641522,11155489649,0;11155489649,11155489650,0;11155489650,2787061341,0;2787061341,2787061167,0"
simulated_extreme,60,0.2,0.1,20862930,universal,risk,10297.182344079098,0.6370087923684875,0.8280776466145003,0.8219173776639992,0.4311778653622655,145.53030004026368,17.012699972838163,"9706921350,9706921684,0;9706921684,9706921682,0;9706921682,9713848047,0;9713848047,9713848018,0;9713848018,9713848023,0;9713848023,12984979400,0;12984979400,9713848118,0;9713848118,9713848006,0;9713848006,9713847968,0;9713847968,9706921713,0;9706921713,9706921712,0;9706921712,9706921786,0;9706921786,9778914467,0;9778914467,9706887247,0;9706887247,9706857800,0;9706857800,9706857774,0;9706857774,9706857801,0;9706857801,9706857775,0;9706857775,9706857832,0;9706857832,9706857843,0;9706857843,7161807983,0;7161807983,7161812592,0;7161812592,499478563,0;499478563,499478564,0;499478564,7973114513,0;7973114513,7973099569,0;7973099569,7975273881,0;7975273881,7973099508,0;7973099508,7973099507,0;7973099507,7973114859,0;7973114859,8298792534,0;8298792534,8298792550,0;8298792550,7973114851,0;7973114851,7975286501,0;7975286501,8298792599,0;8298792599,1116501292,0;1116501292,7975286500,0;7975286500,1116501304,0;1116501304,7975286429,0;7975286429,7975286583,0;7975286583,7977056082,0;7977056082,7977056084,0;7977056084,7977050965,0;7977050965,7977056079,0;7977056079,7979256640,0;7979256640,7979256626,0;7979256626,7979256668,0;7979256668,7977056101,0;7977056101,7967831807,0;7967831807,7967774259,0;7967774259,503464976,0;503464976,7961771680,0;7961771680,1116492807,0;1116492807,7967774262,0;7967774262,503464985,0;503464985,2530277199,0;2530277199,564083084,0;564083084,5374860944,0;5374860944,5374860978,0;5374860978,5374861143,0;5374861143,9053077286,0;9053077286,13527622504,0;13527622504,13167173350,0;13167173350,13527622497,0;13527622497,564083093,0;564083093,6317320202,0;6317320202,564083165,0;564083165,13167173329,0;13167173329,6317320222,0;6317320222,6028645652,0;6028645652,2369336843,0;2369336843,2369336701,0;2369336701,12333484744,0;12333484744,2368579077,0;2368579077,2369336820,0;2369336820,2368578991,0;2368578991,8887740818,0;8887740818,9570709534,0;9570709534,2369336807,0;2369336807,2368578970,0;2368578970,6043430915,0;6043430915,4899192485,0;4899192485,564639012,0;564639012,564638925,0;564638925,504640818,0;504640818,504637096,0;504637096,2787061089,0;2787061089,2787061351,0;2787061351,2787061330,0;2787061330,11155489650,0;11155489650,2787061341,0;2787061341,2787061167,0"
simulated_extreme,60,0.2,0.1,20862930,universal,risk_uncertainty,10297.182344079098,0.6370087923684875,0.8280776466145003,0.8219173776639992,0.4311778653622655,144.42530006635934,15.907699998933822,"9706921350,9706921684,0;9706921684,9706921682,0;9706921682,9713848047,0;9713848047,9713848018,0;9713848018,9713848023,0;9713848023,12984979400,0;12984979400,9713848118,0;9713848118,9713848006,0;9713848006,9713847968,0;9713847968,9706921713,0;9706921713,9706921712,0;9706921712,9706921786,0;9706921786,9778914467,0;9778914467,9706887247,0;9706887247,9706857800,0;9706857800,9706857774,0;9706857774,9706857801,0;9706857801,9706857775,0;9706857775,9706857832,0;9706857832,9706857843,0;9706857843,7161807983,0;7161807983,7161812592,0;7161812592,499478563,0;499478563,499478564,0;499478564,7973114513,0;7973114513,7973099569,0;7973099569,7975273881,0;7975273881,7973099508,0;7973099508,7973099507,0;7973099507,7973114859,0;7973114859,8298792534,0;8298792534,8298792550,0;8298792550,7973114851,0;7973114851,7975286501,0;7975286501,8298792599,0;8298792599,1116501292,0;1116501292,7975286500,0;7975286500,1116501304,0;1116501304,7975286429,0;7975286429,7975286583,0;7975286583,7977056082,0;7977056082,7977056084,0;7977056084,7977050965,0;7977050965,7977056079,0;7977056079,7979256640,0;7979256640,7979256626,0;7979256626,7979256668,0;7979256668,7977056101,0;7977056101,7967831807,0;7967831807,7967774259,0;7967774259,503464976,0;503464976,7961771680,0;7961771680,1116492807,0;1116492807,7967774262,0;7967774262,503464985,0;503464985,2530277199,0;2530277199,564083084,0;564083084,5374860944,0;5374860944,5374860978,0;5374860978,5374861143,0;5374861143,9053077286,0;9053077286,13527622504,0;13527622504,13167173350,0;13167173350,13527622497,0;13527622497,564083093,0;564083093,6317320202,0;6317320202,564083165,0;564083165,13167173329,0;13167173329,6317320222,0;6317320222,6028645652,0;6028645652,2369336843,0;2369336843,2369336701,0;2369336701,12333484744,0;12333484744,2368579077,0;2368579077,2369336820,0;2369336820,2368578991,0;2368578991,8887740818,0;8887740818,9570709534,0;9570709534,2369336807,0;2369336807,2368578970,0;2368578970,6043430915,0;6043430915,4899192485,0;4899192485,564639012,0;564639012,564638925,0;564638925,504640818,0;504640818,504637096,0;504637096,2787061089,0;2787061089,2787061351,0;2787061351,2787061330,0;2787061330,11155489650,0;11155489650,2787061341,0;2787061341,2787061167,0"
simulated_extreme,60,0.2,0.1,20862930,universal,shortest,10279.902722198703,0.6421914589263749,0.8280776466145003,0.8190917470674244,0.42948322884636647,145.14270005747676,16.62509999005124,"9706921350,9706921684,0;9706921684,9706921682,0;9706921682,9713848047,0;9713848047,9713848018,0;9713848018,9713848023,0;9713848023,12984979400,0;12984979400,9713848118,0;9713848118,9713848006,0;9713848006,9713847968,0;9713847968,9706921713,0;9706921713,9706921712,0;9706921712,9706921786,0;9706921786,9778914467,0;9778914467,9706887247,0;9706887247,9706857800,0;9706857800,9706857774,0;9706857774,9706857801,0;9706857801,9706857775,0;9706857775,9706857832,0;9706857832,9706857843,0;9706857843,7161807983,0;7161807983,7161812592,0;7161812592,499478563,0;499478563,499478564,0;499478564,7973114513,0;7973114513,7973099569,0;7973099569,7975273881,0;7975273881,7973099508,0;7973099508,7973099507,0;7973099507,7973114859,0;7973114859,8298792534,0;8298792534,8298792550,0;8298792550,7973114851,0;7973114851,7975286501,0;7975286501,8298792599,0;8298792599,1116501292,0;1116501292,7975286500,0;7975286500,1116501304,0;1116501304,1116501296,0;1116501296,7977050964,0;7977050964,7977056084,0;7977056084,7977050965,0;7977050965,7977056079,0;7977056079,7979256640,0;7979256640,7979256626,0;7979256626,7979256668,0;7979256668,7977056101,0;7977056101,7967831807,0;7967831807,7967774259,0;7967774259,503464976,0;503464976,7961771680,0;7961771680,1116492807,0;1116492807,7967774262,0;7967774262,503464985,0;503464985,2530277199,0;2530277199,564083084,0;564083084,5374860944,0;5374860944,5374860978,0;5374860978,5374861143,0;5374861143,9053077286,0;9053077286,13527622504,0;13527622504,13167173350,0;13167173350,13527622497,0;13527622497,564083093,0;564083093,6317320202,0;6317320202,564083165,0;564083165,13167173329,0;13167173329,6317320222,0;6317320222,6028645652,0;6028645652,2369336843,0;2369336843,2369336701,0;2369336701,12333484744,0;12333484744,2368579077,0;2368579077,2369336820,0;2369336820,2368578991,0;2368578991,8887740818,0;8887740818,8887717116,0;8887717116,6043430915,0;6043430915,4899192485,0;4899192485,564639012,0;564639012,564638925,0;564638925,504640818,0;504640818,504637096,0;504637096,2787061089,0;2787061089,564641522,0;564641522,11155489649,0;11155489649,11155489650,0;11155489650,2787061341,0;2787061341,2787061167,0"
simulated_extreme,60,0.2,0.1,20862930,universal,trusted,10279.902722198703,0.6421914589263749,0.8280776466145003,0.8190917470674244,0.42948322884636647,144.95860011084005,16.441000043414533,"9706921350,9706921684,0;9706921684,9706921682,0;9706921682,9713848047,0;9713848047,9713848018,0;9713848018,9713848023,0;9713848023,12984979400,0;12984979400,9713848118,0;9713848118,9713848006,0;9713848006,9713847968,0;9713847968,9706921713,0;9706921713,9706921712,0;9706921712,9706921786,0;9706921786,9778914467,0;9778914467,9706887247,0;9706887247,9706857800,0;9706857800,9706857774,0;9706857774,9706857801,0;9706857801,9706857775,0;9706857775,9706857832,0;9706857832,9706857843,0;9706857843,7161807983,0;7161807983,7161812592,0;7161812592,499478563,0;499478563,499478564,0;499478564,7973114513,0;7973114513,7973099569,0;7973099569,7975273881,0;7975273881,7973099508,0;7973099508,7973099507,0;7973099507,7973114859,0;7973114859,8298792534,0;8298792534,8298792550,0;8298792550,7973114851,0;7973114851,7975286501,0;7975286501,8298792599,0;8298792599,1116501292,0;1116501292,7975286500,0;7975286500,1116501304,0;1116501304,1116501296,0;1116501296,7977050964,0;7977050964,7977056084,0;7977056084,7977050965,0;7977050965,7977056079,0;7977056079,7979256640,0;7979256640,7979256626,0;7979256626,7979256668,0;7979256668,7977056101,0;7977056101,7967831807,0;7967831807,7967774259,0;7967774259,503464976,0;503464976,7961771680,0;7961771680,1116492807,0;1116492807,7967774262,0;7967774262,503464985,0;503464985,2530277199,0;2530277199,564083084,0;564083084,5374860944,0;5374860944,5374860978,0;5374860978,5374861143,0;5374861143,9053077286,0;9053077286,13527622504,0;13527622504,13167173350,0;13167173350,13527622497,0;13527622497,564083093,0;564083093,6317320202,0;6317320202,564083165,0;564083165,13167173329,0;13167173329,6317320222,0;6317320222,6028645652,0;6028645652,2369336843,0;2369336843,2369336701,0;2369336701,12333484744,0;12333484744,2368579077,0;2368579077,2369336820,0;2369336820,2368578991,0;2368578991,8887740818,0;8887740818,8887717116,0;8887717116,6043430915,0;6043430915,4899192485,0;4899192485,564639012,0;564639012,564638925,0;564638925,504640818,0;504640818,504637096,0;504637096,2787061089,0;2787061089,564641522,0;564641522,11155489649,0;11155489649,11155489650,0;11155489650,2787061341,0;2787061341,2787061167,0"
simulated_extreme,60,0.2,0.2,20862940,source_specific,risk,10297.182344079098,0.6370087923684875,0.8280776466145003,0.8219173776639992,0.4311778653622655,100.43350007617846,15.167500008828938,"9706921350,9706921684,0;9706921684,9706921682,0;9706921682,9713848047,0;9713848047,9713848018,0;9713848018,9713848023,0;9713848023,12984979400,0;12984979400,9713848118,0;9713848118,9713848006,0;9713848006,9713847968,0;9713847968,9706921713,0;9706921713,9706921712,0;9706921712,9706921786,0;9706921786,9778914467,0;9778914467,9706887247,0;9706887247,9706857800,0;9706857800,9706857774,0;9706857774,9706857801,0;9706857801,9706857775,0;9706857775,9706857832,0;9706857832,9706857843,0;9706857843,7161807983,0;7161807983,7161812592,0;7161812592,499478563,0;499478563,499478564,0;499478564,7973114513,0;7973114513,7973099569,0;7973099569,7975273881,0;7975273881,7973099508,0;7973099508,7973099507,0;7973099507,7973114859,0;7973114859,8298792534,0;8298792534,8298792550,0;8298792550,7973114851,0;7973114851,7975286501,0;7975286501,8298792599,0;8298792599,1116501292,0;1116501292,7975286500,0;7975286500,1116501304,0;1116501304,7975286429,0;7975286429,7975286583,0;7975286583,7977056082,0;7977056082,7977056084,0;7977056084,7977050965,0;7977050965,7977056079,0;7977056079,7979256640,0;7979256640,7979256626,0;7979256626,7979256668,0;7979256668,7977056101,0;7977056101,7967831807,0;7967831807,7967774259,0;7967774259,503464976,0;503464976,7961771680,0;7961771680,1116492807,0;1116492807,7967774262,0;7967774262,503464985,0;503464985,2530277199,0;2530277199,564083084,0;564083084,5374860944,0;5374860944,5374860978,0;5374860978,5374861143,0;5374861143,9053077286,0;9053077286,13527622504,0;13527622504,13167173350,0;13167173350,13527622497,0;13527622497,564083093,0;564083093,6317320202,0;6317320202,564083165,0;564083165,13167173329,0;13167173329,6317320222,0;6317320222,6028645652,0;6028645652,2369336843,0;2369336843,2369336701,0;2369336701,12333484744,0;12333484744,2368579077,0;2368579077,2369336820,0;2369336820,2368578991,0;2368578991,8887740818,0;8887740818,9570709534,0;9570709534,2369336807,0;2369336807,2368578970,0;2368578970,6043430915,0;6043430915,4899192485,0;4899192485,564639012,0;564639012,564638925,0;564638925,504640818,0;504640818,504637096,0;504637096,2787061089,0;2787061089,2787061351,0;2787061351,2787061330,0;2787061330,11155489650,0;11155489650,2787061341,0;2787061341,2787061167,0"
simulated_extreme,60,0.2,0.2,20862940,source_specific,risk_uncertainty,10297.182344079098,0.6370087923684875,0.8280776466145003,0.8219173776639992,0.4311778653622655,100.53660004632547,15.270599978975952,"9706921350,9706921684,0;9706921684,9706921682,0;9706921682,9713848047,0;9713848047,9713848018,0;9713848018,9713848023,0;9713848023,12984979400,0;12984979400,9713848118,0;9713848118,9713848006,0;9713848006,9713847968,0;9713847968,9706921713,0;9706921713,9706921712,0;9706921712,9706921786,0;9706921786,9778914467,0;9778914467,9706887247,0;9706887247,9706857800,0;9706857800,9706857774,0;9706857774,9706857801,0;9706857801,9706857775,0;9706857775,9706857832,0;9706857832,9706857843,0;9706857843,7161807983,0;7161807983,7161812592,0;7161812592,499478563,0;499478563,499478564,0;499478564,7973114513,0;7973114513,7973099569,0;7973099569,7975273881,0;7975273881,7973099508,0;7973099508,7973099507,0;7973099507,7973114859,0;7973114859,8298792534,0;8298792534,8298792550,0;8298792550,7973114851,0;7973114851,7975286501,0;7975286501,8298792599,0;8298792599,1116501292,0;1116501292,7975286500,0;7975286500,1116501304,0;1116501304,7975286429,0;7975286429,7975286583,0;7975286583,7977056082,0;7977056082,7977056084,0;7977056084,7977050965,0;7977050965,7977056079,0;7977056079,7979256640,0;7979256640,7979256626,0;7979256626,7979256668,0;7979256668,7977056101,0;7977056101,7967831807,0;7967831807,7967774259,0;7967774259,503464976,0;503464976,7961771680,0;7961771680,1116492807,0;1116492807,7967774262,0;7967774262,503464985,0;503464985,2530277199,0;2530277199,564083084,0;564083084,5374860944,0;5374860944,5374860978,0;5374860978,5374861143,0;5374861143,9053077286,0;9053077286,13527622504,0;13527622504,13167173350,0;13167173350,13527622497,0;13527622497,564083093,0;564083093,6317320202,0;6317320202,564083165,0;564083165,13167173329,0;13167173329,6317320222,0;6317320222,6028645652,0;6028645652,2369336843,0;2369336843,2369336701,0;2369336701,12333484744,0;12333484744,2368579077,0;2368579077,2369336820,0;2369336820,2368578991,0;2368578991,8887740818,0;8887740818,9570709534,0;9570709534,2369336807,0;2369336807,2368578970,0;2368578970,6043430915,0;6043430915,4899192485,0;4899192485,564639012,0;564639012,564638925,0;564638925,504640818,0;504640818,504637096,0;504637096,2787061089,0;2787061089,2787061351,0;2787061351,2787061330,0;2787061330,11155489650,0;11155489650,2787061341,0;2787061341,2787061167,0"
simulated_extreme,60,0.2,0.2,20862940,source_specific,shortest,10279.902722198703,0.6421914589263749,0.8280776466145003,0.8190917470674244,0.42948322884636647,104.53500004950911,19.268999982159585,"9706921350,9706921684,0;9706921684,9706921682,0;9706921682,9713848047,0;9713848047,9713848018,0;9713848018,9713848023,0;9713848023,12984979400,0;12984979400,9713848118,0;9713848118,9713848006,0;9713848006,9713847968,0;9713847968,9706921713,0;9706921713,9706921712,0;9706921712,9706921786,0;9706921786,9778914467,0;9778914467,9706887247,0;9706887247,9706857800,0;9706857800,9706857774,0;9706857774,9706857801,0;9706857801,9706857775,0;9706857775,9706857832,0;9706857832,9706857843,0;9706857843,7161807983,0;7161807983,7161812592,0;7161812592,499478563,0;499478563,499478564,0;499478564,7973114513,0;7973114513,7973099569,0;7973099569,7975273881,0;7975273881,7973099508,0;7973099508,7973099507,0;7973099507,7973114859,0;7973114859,8298792534,0;8298792534,8298792550,0;8298792550,7973114851,0;7973114851,7975286501,0;7975286501,8298792599,0;8298792599,1116501292,0;1116501292,7975286500,0;7975286500,1116501304,0;1116501304,1116501296,0;1116501296,7977050964,0;7977050964,7977056084,0;7977056084,7977050965,0;7977050965,7977056079,0;7977056079,7979256640,0;7979256640,7979256626,0;7979256626,7979256668,0;7979256668,7977056101,0;7977056101,7967831807,0;7967831807,7967774259,0;7967774259,503464976,0;503464976,7961771680,0;7961771680,1116492807,0;1116492807,7967774262,0;7967774262,503464985,0;503464985,2530277199,0;2530277199,564083084,0;564083084,5374860944,0;5374860944,5374860978,0;5374860978,5374861143,0;5374861143,9053077286,0;9053077286,13527622504,0;13527622504,13167173350,0;13167173350,13527622497,0;13527622497,564083093,0;564083093,6317320202,0;6317320202,564083165,0;564083165,13167173329,0;13167173329,6317320222,0;6317320222,6028645652,0;6028645652,2369336843,0;2369336843,2369336701,0;2369336701,12333484744,0;12333484744,2368579077,0;2368579077,2369336820,0;2369336820,2368578991,0;2368578991,8887740818,0;8887740818,8887717116,0;8887717116,6043430915,0;6043430915,4899192485,0;4899192485,564639012,0;564639012,564638925,0;564638925,504640818,0;504640818,504637096,0;504637096,2787061089,0;2787061089,564641522,0;564641522,11155489649,0;11155489649,11155489650,0;11155489650,2787061341,0;2787061341,2787061167,0"
simulated_extreme,60,0.2,0.2,20862940,source_specific,trusted,10279.902722198703,0.6421914589263749,0.8280776466145003,0.8190917470674244,0.42948322884636647,101.34300007484853,16.07700000749901,"9706921350,9706921684,0;9706921684,9706921682,0;9706921682,9713848047,0;9713848047,9713848018,0;9713848018,9713848023,0;9713848023,12984979400,0;12984979400,9713848118,0;9713848118,9713848006,0;9713848006,9713847968,0;9713847968,9706921713,0;9706921713,9706921712,0;9706921712,9706921786,0;9706921786,9778914467,0;9778914467,9706887247,0;9706887247,9706857800,0;9706857800,9706857774,0;9706857774,9706857801,0;9706857801,9706857775,0;9706857775,9706857832,0;9706857832,9706857843,0;9706857843,7161807983,0;7161807983,7161812592,0;7161812592,499478563,0;499478563,499478564,0;499478564,7973114513,0;7973114513,7973099569,0;7973099569,7975273881,0;7975273881,7973099508,0;7973099508,7973099507,0;7973099507,7973114859,0;7973114859,8298792534,0;8298792534,8298792550,0;8298792550,7973114851,0;7973114851,7975286501,0;7975286501,8298792599,0;8298792599,1116501292,0;1116501292,7975286500,0;7975286500,1116501304,0;1116501304,1116501296,0;1116501296,7977050964,0;7977050964,7977056084,0;7977056084,7977050965,0;7977050965,7977056079,0;7977056079,7979256640,0;7979256640,7979256626,0;7979256626,7979256668,0;7979256668,7977056101,0;7977056101,7967831807,0;7967831807,7967774259,0;7967774259,503464976,0;503464976,7961771680,0;7961771680,1116492807,0;1116492807,7967774262,0;7967774262,503464985,0;503464985,2530277199,0;2530277199,564083084,0;564083084,5374860944,0;5374860944,5374860978,0;5374860978,5374861143,0;5374861143,9053077286,0;9053077286,13527622504,0;13527622504,13167173350,0;13167173350,13527622497,0;13527622497,564083093,0;564083093,6317320202,0;6317320202,564083165,0;564083165,13167173329,0;13167173329,6317320222,0;6317320222,6028645652,0;6028645652,2369336843,0;2369336843,2369336701,0;2369336701,12333484744,0;12333484744,2368579077,0;2368579077,2369336820,0;2369336820,2368578991,0;2368578991,8887740818,0;8887740818,8887717116,0;8887717116,6043430915,0;6043430915,4899192485,0;4899192485,564639012,0;564639012,564638925,0;564638925,504640818,0;504640818,504637096,0;504637096,2787061089,0;2787061089,564641522,0;564641522,11155489649,0;11155489649,11155489650,0;11155489650,2787061341,0;2787061341,2787061167,0"
simulated_extreme,60,0.2,0.2,20862940,universal,risk,10297.182344079098,0.6370087923684875,0.8280776466145003,0.8219173776639992,0.4311778653622655,98.1753000523895,14.087999996263534,"9706921350,9706921684,0;9706921684,9706921682,0;9706921682,9713848047,0;9713848047,9713848018,0;9713848018,9713848023,0;9713848023,12984979400,0;12984979400,9713848118,0;9713848118,9713848006,0;9713848006,9713847968,0;9713847968,9706921713,0;9706921713,9706921712,0;9706921712,9706921786,0;9706921786,9778914467,0;9778914467,9706887247,0;9706887247,9706857800,0;9706857800,9706857774,0;9706857774,9706857801,0;9706857801,9706857775,0;9706857775,9706857832,0;9706857832,9706857843,0;9706857843,7161807983,0;7161807983,7161812592,0;7161812592,499478563,0;499478563,499478564,0;499478564,7973114513,0;7973114513,7973099569,0;7973099569,7975273881,0;7975273881,7973099508,0;7973099508,7973099507,0;7973099507,7973114859,0;7973114859,8298792534,0;8298792534,8298792550,0;8298792550,7973114851,0;7973114851,7975286501,0;7975286501,8298792599,0;8298792599,1116501292,0;1116501292,7975286500,0;7975286500,1116501304,0;1116501304,7975286429,0;7975286429,7975286583,0;7975286583,7977056082,0;7977056082,7977056084,0;7977056084,7977050965,0;7977050965,7977056079,0;7977056079,7979256640,0;7979256640,7979256626,0;7979256626,7979256668,0;7979256668,7977056101,0;7977056101,7967831807,0;7967831807,7967774259,0;7967774259,503464976,0;503464976,7961771680,0;7961771680,1116492807,0;1116492807,7967774262,0;7967774262,503464985,0;503464985,2530277199,0;2530277199,564083084,0;564083084,5374860944,0;5374860944,5374860978,0;5374860978,5374861143,0;5374861143,9053077286,0;9053077286,13527622504,0;13527622504,13167173350,0;13167173350,13527622497,0;13527622497,564083093,0;564083093,6317320202,0;6317320202,564083165,0;564083165,13167173329,0;13167173329,6317320222,0;6317320222,6028645652,0;6028645652,2369336843,0;2369336843,2369336701,0;2369336701,12333484744,0;12333484744,2368579077,0;2368579077,2369336820,0;2369336820,2368578991,0;2368578991,8887740818,0;8887740818,9570709534,0;9570709534,2369336807,0;2369336807,2368578970,0;2368578970,6043430915,0;6043430915,4899192485,0;4899192485,564639012,0;564639012,564638925,0;564638925,504640818,0;504640818,504637096,0;504637096,2787061089,0;2787061089,2787061351,0;2787061351,2787061330,0;2787061330,11155489650,0;11155489650,2787061341,0;2787061341,2787061167,0"
simulated_extreme,60,0.2,0.2,20862940,universal,risk_uncertainty,10297.182344079098,0.6370087923684875,0.8280776466145003,0.8219173776639992,0.4311778653622655,98.18260004976764,14.095299993641675,"9706921350,9706921684,0;9706921684,9706921682,0;9706921682,9713848047,0;9713848047,9713848018,0;9713848018,9713848023,0;9713848023,12984979400,0;12984979400,9713848118,0;9713848118,9713848006,0;9713848006,9713847968,0;9713847968,9706921713,0;9706921713,9706921712,0;9706921712,9706921786,0;9706921786,9778914467,0;9778914467,9706887247,0;9706887247,9706857800,0;9706857800,9706857774,0;9706857774,9706857801,0;9706857801,9706857775,0;9706857775,9706857832,0;9706857832,9706857843,0;9706857843,7161807983,0;7161807983,7161812592,0;7161812592,499478563,0;499478563,499478564,0;499478564,7973114513,0;7973114513,7973099569,0;7973099569,7975273881,0;7975273881,7973099508,0;7973099508,7973099507,0;7973099507,7973114859,0;7973114859,8298792534,0;8298792534,8298792550,0;8298792550,7973114851,0;7973114851,7975286501,0;7975286501,8298792599,0;8298792599,1116501292,0;1116501292,7975286500,0;7975286500,1116501304,0;1116501304,7975286429,0;7975286429,7975286583,0;7975286583,7977056082,0;7977056082,7977056084,0;7977056084,7977050965,0;7977050965,7977056079,0;7977056079,7979256640,0;7979256640,7979256626,0;7979256626,7979256668,0;7979256668,7977056101,0;7977056101,7967831807,0;7967831807,7967774259,0;7967774259,503464976,0;503464976,7961771680,0;7961771680,1116492807,0;1116492807,7967774262,0;7967774262,503464985,0;503464985,2530277199,0;2530277199,564083084,0;564083084,5374860944,0;5374860944,5374860978,0;5374860978,5374861143,0;5374861143,9053077286,0;9053077286,13527622504,0;13527622504,13167173350,0;13167173350,13527622497,0;13527622497,564083093,0;564083093,6317320202,0;6317320202,564083165,0;564083165,13167173329,0;13167173329,6317320222,0;6317320222,6028645652,0;6028645652,2369336843,0;2369336843,2369336701,0;2369336701,12333484744,0;12333484744,2368579077,0;2368579077,2369336820,0;2369336820,2368578991,0;2368578991,8887740818,0;8887740818,9570709534,0;9570709534,2369336807,0;2369336807,2368578970,0;2368578970,6043430915,0;6043430915,4899192485,0;4899192485,564639012,0;564639012,564638925,0;564638925,504640818,0;504640818,504637096,0;504637096,2787061089,0;2787061089,2787061351,0;2787061351,2787061330,0;2787061330,11155489650,0;11155489650,2787061341,0;2787061341,2787061167,0"
simulated_extreme,60,0.2,0.2,20862940,universal,shortest,10279.902722198703,0.6421914589263749,0.8280776466145003,0.8190917470674244,0.42948322884636647,100.044000078924,15.956700022798032,"9706921350,9706921684,0;9706921684,9706921682,0;9706921682,9713848047,0;9713848047,9713848018,0;9713848018,9713848023,0;9713848023,12984979400,0;12984979400,9713848118,0;9713848118,9713848006,0;9713848006,9713847968,0;9713847968,9706921713,0;9706921713,9706921712,0;9706921712,9706921786,0;9706921786,9778914467,0;9778914467,9706887247,0;9706887247,9706857800,0;9706857800,9706857774,0;9706857774,9706857801,0;9706857801,9706857775,0;9706857775,9706857832,0;9706857832,9706857843,0;9706857843,7161807983,0;7161807983,7161812592,0;7161812592,499478563,0;499478563,499478564,0;499478564,7973114513,0;7973114513,7973099569,0;7973099569,7975273881,0;7975273881,7973099508,0;7973099508,7973099507,0;7973099507,7973114859,0;7973114859,8298792534,0;8298792534,8298792550,0;8298792550,7973114851,0;7973114851,7975286501,0;7975286501,8298792599,0;8298792599,1116501292,0;1116501292,7975286500,0;7975286500,1116501304,0;1116501304,1116501296,0;1116501296,7977050964,0;7977050964,7977056084,0;7977056084,7977050965,0;7977050965,7977056079,0;7977056079,7979256640,0;7979256640,7979256626,0;7979256626,7979256668,0;7979256668,7977056101,0;7977056101,7967831807,0;7967831807,7967774259,0;7967774259,503464976,0;503464976,7961771680,0;7961771680,1116492807,0;1116492807,7967774262,0;7967774262,503464985,0;503464985,2530277199,0;2530277199,564083084,0;564083084,5374860944,0;5374860944,5374860978,0;5374860978,5374861143,0;5374861143,9053077286,0;9053077286,13527622504,0;13527622504,13167173350,0;13167173350,13527622497,0;13527622497,564083093,0;564083093,6317320202,0;6317320202,564083165,0;564083165,13167173329,0;13167173329,6317320222,0;6317320222,6028645652,0;6028645652,2369336843,0;2369336843,2369336701,0;2369336701,12333484744,0;12333484744,2368579077,0;2368579077,2369336820,0;2369336820,2368578991,0;2368578991,8887740818,0;8887740818,8887717116,0;8887717116,6043430915,0;6043430915,4899192485,0;4899192485,564639012,0;564639012,564638925,0;564638925,504640818,0;504640818,504637096,0;504637096,2787061089,0;2787061089,564641522,0;564641522,11155489649,0;11155489649,11155489650,0;11155489650,2787061341,0;2787061341,2787061167,0"
simulated_extreme,60,0.2,0.2,20862940,universal,trusted,10279.902722198703,0.6421914589263749,0.8280776466145003,0.8190917470674244,0.42948322884636647,98.6042000586167,14.516900002490729,"9706921350,9706921684,0;9706921684,9706921682,0;9706921682,9713848047,0;9713848047,9713848018,0;9713848018,9713848023,0;9713848023,12984979400,0;12984979400,9713848118,0;9713848118,9713848006,0;9713848006,9713847968,0;9713847968,9706921713,0;9706921713,9706921712,0;9706921712,9706921786,0;9706921786,9778914467,0;9778914467,9706887247,0;9706887247,9706857800,0;9706857800,9706857774,0;9706857774,9706857801,0;9706857801,9706857775,0;9706857775,9706857832,0;9706857832,9706857843,0;9706857843,7161807983,0;7161807983,7161812592,0;7161812592,499478563,0;499478563,499478564,0;499478564,7973114513,0;7973114513,7973099569,0;7973099569,7975273881,0;7975273881,7973099508,0;7973099508,7973099507,0;7973099507,7973114859,0;7973114859,8298792534,0;8298792534,8298792550,0;8298792550,7973114851,0;7973114851,7975286501,0;7975286501,8298792599,0;8298792599,1116501292,0;1116501292,7975286500,0;7975286500,1116501304,0;1116501304,1116501296,0;1116501296,7977050964,0;7977050964,7977056084,0;7977056084,7977050965,0;7977050965,7977056079,0;7977056079,7979256640,0;7979256640,7979256626,0;7979256626,7979256668,0;7979256668,7977056101,0;7977056101,7967831807,0;7967831807,7967774259,0;7967774259,503464976,0;503464976,7961771680,0;7961771680,1116492807,0;1116492807,7967774262,0;7967774262,503464985,0;503464985,2530277199,0;2530277199,564083084,0;564083084,5374860944,0;5374860944,5374860978,0;5374860978,5374861143,0;5374861143,9053077286,0;9053077286,13527622504,0;13527622504,13167173350,0;13167173350,13527622497,0;13527622497,564083093,0;564083093,6317320202,0;6317320202,564083165,0;564083165,13167173329,0;13167173329,6317320222,0;6317320222,6028645652,0;6028645652,2369336843,0;2369336843,2369336701,0;2369336701,12333484744,0;12333484744,2368579077,0;2368579077,2369336820,0;2369336820,2368578991,0;2368578991,8887740818,0;8887740818,8887717116,0;8887717116,6043430915,0;6043430915,4899192485,0;4899192485,564639012,0;564639012,564638925,0;564638925,504640818,0;504640818,504637096,0;504637096,2787061089,0;2787061089,564641522,0;564641522,11155489649,0;11155489649,11155489650,0;11155489650,2787061341,0;2787061341,2787061167,0"
simulated_extreme,60,0.4,0.0,20864920,source_specific,risk,10297.182344079098,0.6370087923684875,0.8280776466145003,0.8219173776639992,0.4311778653622655,96.69040003791451,14.4649000139907,"9706921350,9706921684,0;9706921684,9706921682,0;9706921682,9713848047,0;9713848047,9713848018,0;9713848018,9713848023,0;9713848023,12984979400,0;12984979400,9713848118,0;9713848118,9713848006,0;9713848006,9713847968,0;9713847968,9706921713,0;9706921713,9706921712,0;9706921712,9706921786,0;9706921786,9778914467,0;9778914467,9706887247,0;9706887247,9706857800,0;9706857800,9706857774,0;9706857774,9706857801,0;9706857801,9706857775,0;9706857775,9706857832,0;9706857832,9706857843,0;9706857843,7161807983,0;7161807983,7161812592,0;7161812592,499478563,0;499478563,499478564,0;499478564,7973114513,0;7973114513,7973099569,0;7973099569,7975273881,0;7975273881,7973099508,0;7973099508,7973099507,0;7973099507,7973114859,0;7973114859,8298792534,0;8298792534,8298792550,0;8298792550,7973114851,0;7973114851,7975286501,0;7975286501,8298792599,0;8298792599,1116501292,0;1116501292,7975286500,0;7975286500,1116501304,0;1116501304,7975286429,0;7975286429,7975286583,0;7975286583,7977056082,0;7977056082,7977056084,0;7977056084,7977050965,0;7977050965,7977056079,0;7977056079,7979256640,0;7979256640,7979256626,0;7979256626,7979256668,0;7979256668,7977056101,0;7977056101,7967831807,0;7967831807,7967774259,0;7967774259,503464976,0;503464976,7961771680,0;7961771680,1116492807,0;1116492807,7967774262,0;7967774262,503464985,0;503464985,2530277199,0;2530277199,564083084,0;564083084,5374860944,0;5374860944,5374860978,0;5374860978,5374861143,0;5374861143,9053077286,0;9053077286,13527622504,0;13527622504,13167173350,0;13167173350,13527622497,0;13527622497,564083093,0;564083093,6317320202,0;6317320202,564083165,0;564083165,13167173329,0;13167173329,6317320222,0;6317320222,6028645652,0;6028645652,2369336843,0;2369336843,2369336701,0;2369336701,12333484744,0;12333484744,2368579077,0;2368579077,2369336820,0;2369336820,2368578991,0;2368578991,8887740818,0;8887740818,9570709534,0;9570709534,2369336807,0;2369336807,2368578970,0;2368578970,6043430915,0;6043430915,4899192485,0;4899192485,564639012,0;564639012,564638925,0;564638925,504640818,0;504640818,504637096,0;504637096,2787061089,0;2787061089,2787061351,0;2787061351,2787061330,0;2787061330,11155489650,0;11155489650,2787061341,0;2787061341,2787061167,0"
simulated_extreme,60,0.4,0.0,20864920,source_specific,risk_uncertainty,10297.182344079098,0.6370087923684875,0.8280776466145003,0.8219173776639992,0.4311778653622655,96.16120002465323,13.935700000729412,"9706921350,9706921684,0;9706921684,9706921682,0;9706921682,9713848047,0;9713848047,9713848018,0;9713848018,9713848023,0;9713848023,12984979400,0;12984979400,9713848118,0;9713848118,9713848006,0;9713848006,9713847968,0;9713847968,9706921713,0;9706921713,9706921712,0;9706921712,9706921786,0;9706921786,9778914467,0;9778914467,9706887247,0;9706887247,9706857800,0;9706857800,9706857774,0;9706857774,9706857801,0;9706857801,9706857775,0;9706857775,9706857832,0;9706857832,9706857843,0;9706857843,7161807983,0;7161807983,7161812592,0;7161812592,499478563,0;499478563,499478564,0;499478564,7973114513,0;7973114513,7973099569,0;7973099569,7975273881,0;7975273881,7973099508,0;7973099508,7973099507,0;7973099507,7973114859,0;7973114859,8298792534,0;8298792534,8298792550,0;8298792550,7973114851,0;7973114851,7975286501,0;7975286501,8298792599,0;8298792599,1116501292,0;1116501292,7975286500,0;7975286500,1116501304,0;1116501304,7975286429,0;7975286429,7975286583,0;7975286583,7977056082,0;7977056082,7977056084,0;7977056084,7977050965,0;7977050965,7977056079,0;7977056079,7979256640,0;7979256640,7979256626,0;7979256626,7979256668,0;7979256668,7977056101,0;7977056101,7967831807,0;7967831807,7967774259,0;7967774259,503464976,0;503464976,7961771680,0;7961771680,1116492807,0;1116492807,7967774262,0;7967774262,503464985,0;503464985,2530277199,0;2530277199,564083084,0;564083084,5374860944,0;5374860944,5374860978,0;5374860978,5374861143,0;5374861143,9053077286,0;9053077286,13527622504,0;13527622504,13167173350,0;13167173350,13527622497,0;13527622497,564083093,0;564083093,6317320202,0;6317320202,564083165,0;564083165,13167173329,0;13167173329,6317320222,0;6317320222,6028645652,0;6028645652,2369336843,0;2369336843,2369336701,0;2369336701,12333484744,0;12333484744,2368579077,0;2368579077,2369336820,0;2369336820,2368578991,0;2368578991,8887740818,0;8887740818,9570709534,0;9570709534,2369336807,0;2369336807,2368578970,0;2368578970,6043430915,0;6043430915,4899192485,0;4899192485,564639012,0;564639012,564638925,0;564638925,504640818,0;504640818,504637096,0;504637096,2787061089,0;2787061089,2787061351,0;2787061351,2787061330,0;2787061330,11155489650,0;11155489650,2787061341,0;2787061341,2787061167,0"
simulated_extreme,60,0.4,0.0,20864920,source_specific,shortest,10279.902722198703,0.6421914589263749,0.8280776466145003,0.8190917470674244,0.42948322884636647,98.48690003855154,16.261400014627725,"9706921350,9706921684,0;9706921684,9706921682,0;9706921682,9713848047,0;9713848047,9713848018,0;9713848018,9713848023,0;9713848023,12984979400,0;12984979400,9713848118,0;9713848118,9713848006,0;9713848006,9713847968,0;9713847968,9706921713,0;9706921713,9706921712,0;9706921712,9706921786,0;9706921786,9778914467,0;9778914467,9706887247,0;9706887247,9706857800,0;9706857800,9706857774,0;9706857774,9706857801,0;9706857801,9706857775,0;9706857775,9706857832,0;9706857832,9706857843,0;9706857843,7161807983,0;7161807983,7161812592,0;7161812592,499478563,0;499478563,499478564,0;499478564,7973114513,0;7973114513,7973099569,0;7973099569,7975273881,0;7975273881,7973099508,0;7973099508,7973099507,0;7973099507,7973114859,0;7973114859,8298792534,0;8298792534,8298792550,0;8298792550,7973114851,0;7973114851,7975286501,0;7975286501,8298792599,0;8298792599,1116501292,0;1116501292,7975286500,0;7975286500,1116501304,0;1116501304,1116501296,0;1116501296,7977050964,0;7977050964,7977056084,0;7977056084,7977050965,0;7977050965,7977056079,0;7977056079,7979256640,0;7979256640,7979256626,0;7979256626,7979256668,0;7979256668,7977056101,0;7977056101,7967831807,0;7967831807,7967774259,0;7967774259,503464976,0;503464976,7961771680,0;7961771680,1116492807,0;1116492807,7967774262,0;7967774262,503464985,0;503464985,2530277199,0;2530277199,564083084,0;564083084,5374860944,0;5374860944,5374860978,0;5374860978,5374861143,0;5374861143,9053077286,0;9053077286,13527622504,0;13527622504,13167173350,0;13167173350,13527622497,0;13527622497,564083093,0;564083093,6317320202,0;6317320202,564083165,0;564083165,13167173329,0;13167173329,6317320222,0;6317320222,6028645652,0;6028645652,2369336843,0;2369336843,2369336701,0;2369336701,12333484744,0;12333484744,2368579077,0;2368579077,2369336820,0;2369336820,2368578991,0;2368578991,8887740818,0;8887740818,8887717116,0;8887717116,6043430915,0;6043430915,4899192485,0;4899192485,564639012,0;564639012,564638925,0;564638925,504640818,0;504640818,504637096,0;504637096,2787061089,0;2787061089,564641522,0;564641522,11155489649,0;11155489649,11155489650,0;11155489650,2787061341,0;2787061341,2787061167,0"
simulated_extreme,60,0.4,0.0,20864920,source_specific,trusted,10279.902722198703,0.6421914589263749,0.8280776466145003,0.8190917470674244,0.42948322884636647,98.93380000721663,16.708299983292818,"9706921350,9706921684,0;9706921684,9706921682,0;9706921682,9713848047,0;9713848047,9713848018,0;9713848018,9713848023,0;9713848023,12984979400,0;12984979400,9713848118,0;9713848118,9713848006,0;9713848006,9713847968,0;9713847968,9706921713,0;9706921713,9706921712,0;9706921712,9706921786,0;9706921786,9778914467,0;9778914467,9706887247,0;9706887247,9706857800,0;9706857800,9706857774,0;9706857774,9706857801,0;9706857801,9706857775,0;9706857775,9706857832,0;9706857832,9706857843,0;9706857843,7161807983,0;7161807983,7161812592,0;7161812592,499478563,0;499478563,499478564,0;499478564,7973114513,0;7973114513,7973099569,0;7973099569,7975273881,0;7975273881,7973099508,0;7973099508,7973099507,0;7973099507,7973114859,0;7973114859,8298792534,0;8298792534,8298792550,0;8298792550,7973114851,0;7973114851,7975286501,0;7975286501,8298792599,0;8298792599,1116501292,0;1116501292,7975286500,0;7975286500,1116501304,0;1116501304,1116501296,0;1116501296,7977050964,0;7977050964,7977056084,0;7977056084,7977050965,0;7977050965,7977056079,0;7977056079,7979256640,0;7979256640,7979256626,0;7979256626,7979256668,0;7979256668,7977056101,0;7977056101,7967831807,0;7967831807,7967774259,0;7967774259,503464976,0;503464976,7961771680,0;7961771680,1116492807,0;1116492807,7967774262,0;7967774262,503464985,0;503464985,2530277199,0;2530277199,564083084,0;564083084,5374860944,0;5374860944,5374860978,0;5374860978,5374861143,0;5374861143,9053077286,0;9053077286,13527622504,0;13527622504,13167173350,0;13167173350,13527622497,0;13527622497,564083093,0;564083093,6317320202,0;6317320202,564083165,0;564083165,13167173329,0;13167173329,6317320222,0;6317320222,6028645652,0;6028645652,2369336843,0;2369336843,2369336701,0;2369336701,12333484744,0;12333484744,2368579077,0;2368579077,2369336820,0;2369336820,2368578991,0;2368578991,8887740818,0;8887740818,8887717116,0;8887717116,6043430915,0;6043430915,4899192485,0;4899192485,564639012,0;564639012,564638925,0;564638925,504640818,0;504640818,504637096,0;504637096,2787061089,0;2787061089,564641522,0;564641522,11155489649,0;11155489649,11155489650,0;11155489650,2787061341,0;2787061341,2787061167,0"
simulated_extreme,60,0.4,0.0,20864920,universal,risk,10297.182344079098,0.6370087923684875,0.8280776466145003,0.8219173776639992,0.4311778653622655,94.49680004036054,13.535200036130846,"9706921350,9706921684,0;9706921684,9706921682,0;9706921682,9713848047,0;9713848047,9713848018,0;9713848018,9713848023,0;9713848023,12984979400,0;12984979400,9713848118,0;9713848118,9713848006,0;9713848006,9713847968,0;9713847968,9706921713,0;9706921713,9706921712,0;9706921712,9706921786,0;9706921786,9778914467,0;9778914467,9706887247,0;9706887247,9706857800,0;9706857800,9706857774,0;9706857774,9706857801,0;9706857801,9706857775,0;9706857775,9706857832,0;9706857832,9706857843,0;9706857843,7161807983,0;7161807983,7161812592,0;7161812592,499478563,0;499478563,499478564,0;499478564,7973114513,0;7973114513,7973099569,0;7973099569,7975273881,0;7975273881,7973099508,0;7973099508,7973099507,0;7973099507,7973114859,0;7973114859,8298792534,0;8298792534,8298792550,0;8298792550,7973114851,0;7973114851,7975286501,0;7975286501,8298792599,0;8298792599,1116501292,0;1116501292,7975286500,0;7975286500,1116501304,0;1116501304,7975286429,0;7975286429,7975286583,0;7975286583,7977056082,0;7977056082,7977056084,0;7977056084,7977050965,0;7977050965,7977056079,0;7977056079,7979256640,0;7979256640,7979256626,0;7979256626,7979256668,0;7979256668,7977056101,0;7977056101,7967831807,0;7967831807,7967774259,0;7967774259,503464976,0;503464976,7961771680,0;7961771680,1116492807,0;1116492807,7967774262,0;7967774262,503464985,0;503464985,2530277199,0;2530277199,564083084,0;564083084,5374860944,0;5374860944,5374860978,0;5374860978,5374861143,0;5374861143,9053077286,0;9053077286,13527622504,0;13527622504,13167173350,0;13167173350,13527622497,0;13527622497,564083093,0;564083093,6317320202,0;6317320202,564083165,0;564083165,13167173329,0;13167173329,6317320222,0;6317320222,6028645652,0;6028645652,2369336843,0;2369336843,2369336701,0;2369336701,12333484744,0;12333484744,2368579077,0;2368579077,2369336820,0;2369336820,2368578991,0;2368578991,8887740818,0;8887740818,9570709534,0;9570709534,2369336807,0;2369336807,2368578970,0;2368578970,6043430915,0;6043430915,4899192485,0;4899192485,564639012,0;564639012,564638925,0;564638925,504640818,0;504640818,504637096,0;504637096,2787061089,0;2787061089,2787061351,0;2787061351,2787061330,0;2787061330,11155489650,0;11155489650,2787061341,0;2787061341,2787061167,0"
simulated_extreme,60,0.4,0.0,20864920,universal,risk_uncertainty,10297.182344079098,0.6370087923684875,0.8280776466145003,0.8219173776639992,0.4311778653622655,95.6917000003159,14.73009999608621,"9706921350,9706921684,0;9706921684,9706921682,0;9706921682,9713848047,0;9713848047,9713848018,0;9713848018,9713848023,0;9713848023,12984979400,0;12984979400,9713848118,0;9713848118,9713848006,0;9713848006,9713847968,0;9713847968,9706921713,0;9706921713,9706921712,0;9706921712,9706921786,0;9706921786,9778914467,0;9778914467,9706887247,0;9706887247,9706857800,0;9706857800,9706857774,0;9706857774,9706857801,0;9706857801,9706857775,0;9706857775,9706857832,0;9706857832,9706857843,0;9706857843,7161807983,0;7161807983,7161812592,0;7161812592,499478563,0;499478563,499478564,0;499478564,7973114513,0;7973114513,7973099569,0;7973099569,7975273881,0;7975273881,7973099508,0;7973099508,7973099507,0;7973099507,7973114859,0;7973114859,8298792534,0;8298792534,8298792550,0;8298792550,7973114851,0;7973114851,7975286501,0;7975286501,8298792599,0;8298792599,1116501292,0;1116501292,7975286500,0;7975286500,1116501304,0;1116501304,7975286429,0;7975286429,7975286583,0;7975286583,7977056082,0;7977056082,7977056084,0;7977056084,7977050965,0;7977050965,7977056079,0;7977056079,7979256640,0;7979256640,7979256626,0;7979256626,7979256668,0;7979256668,7977056101,0;7977056101,7967831807,0;7967831807,7967774259,0;7967774259,503464976,0;503464976,7961771680,0;7961771680,1116492807,0;1116492807,7967774262,0;7967774262,503464985,0;503464985,2530277199,0;2530277199,564083084,0;564083084,5374860944,0;5374860944,5374860978,0;5374860978,5374861143,0;5374861143,9053077286,0;9053077286,13527622504,0;13527622504,13167173350,0;13167173350,13527622497,0;13527622497,564083093,0;564083093,6317320202,0;6317320202,564083165,0;564083165,13167173329,0;13167173329,6317320222,0;6317320222,6028645652,0;6028645652,2369336843,0;2369336843,2369336701,0;2369336701,12333484744,0;12333484744,2368579077,0;2368579077,2369336820,0;2369336820,2368578991,0;2368578991,8887740818,0;8887740818,9570709534,0;9570709534,2369336807,0;2369336807,2368578970,0;2368578970,6043430915,0;6043430915,4899192485,0;4899192485,564639012,0;564639012,564638925,0;564638925,504640818,0;504640818,504637096,0;504637096,2787061089,0;2787061089,2787061351,0;2787061351,2787061330,0;2787061330,11155489650,0;11155489650,2787061341,0;2787061341,2787061167,0"
simulated_extreme,60,0.4,0.0,20864920,universal,shortest,10279.902722198703,0.6421914589263749,0.8280776466145003,0.8190917470674244,0.42948322884636647,95.84570000879467,14.88410000456497,"9706921350,9706921684,0;9706921684,9706921682,0;9706921682,9713848047,0;9713848047,9713848018,0;9713848018,9713848023,0;9713848023,12984979400,0;12984979400,9713848118,0;9713848118,9713848006,0;9713848006,9713847968,0;9713847968,9706921713,0;9706921713,9706921712,0;9706921712,9706921786,0;9706921786,9778914467,0;9778914467,9706887247,0;9706887247,9706857800,0;9706857800,9706857774,0;9706857774,9706857801,0;9706857801,9706857775,0;9706857775,9706857832,0;9706857832,9706857843,0;9706857843,7161807983,0;7161807983,7161812592,0;7161812592,499478563,0;499478563,499478564,0;499478564,7973114513,0;7973114513,7973099569,0;7973099569,7975273881,0;7975273881,7973099508,0;7973099508,7973099507,0;7973099507,7973114859,0;7973114859,8298792534,0;8298792534,8298792550,0;8298792550,7973114851,0;7973114851,7975286501,0;7975286501,8298792599,0;8298792599,1116501292,0;1116501292,7975286500,0;7975286500,1116501304,0;1116501304,1116501296,0;1116501296,7977050964,0;7977050964,7977056084,0;7977056084,7977050965,0;7977050965,7977056079,0;7977056079,7979256640,0;7979256640,7979256626,0;7979256626,7979256668,0;7979256668,7977056101,0;7977056101,7967831807,0;7967831807,7967774259,0;7967774259,503464976,0;503464976,7961771680,0;7961771680,1116492807,0;1116492807,7967774262,0;7967774262,503464985,0;503464985,2530277199,0;2530277199,564083084,0;564083084,5374860944,0;5374860944,5374860978,0;5374860978,5374861143,0;5374861143,9053077286,0;9053077286,13527622504,0;13527622504,13167173350,0;13167173350,13527622497,0;13527622497,564083093,0;564083093,6317320202,0;6317320202,564083165,0;564083165,13167173329,0;13167173329,6317320222,0;6317320222,6028645652,0;6028645652,2369336843,0;2369336843,2369336701,0;2369336701,12333484744,0;12333484744,2368579077,0;2368579077,2369336820,0;2369336820,2368578991,0;2368578991,8887740818,0;8887740818,8887717116,0;8887717116,6043430915,0;6043430915,4899192485,0;4899192485,564639012,0;564639012,564638925,0;564638925,504640818,0;504640818,504637096,0;504637096,2787061089,0;2787061089,564641522,0;564641522,11155489649,0;11155489649,11155489650,0;11155489650,2787061341,0;2787061341,2787061167,0"
simulated_extreme,60,0.4,0.0,20864920,universal,trusted,10279.902722198703,0.6421914589263749,0.8280776466145003,0.8190917470674244,0.42948322884636647,97.08069998305291,16.119099978823215,"9706921350,9706921684,0;9706921684,9706921682,0;9706921682,9713848047,0;9713848047,9713848018,0;9713848018,9713848023,0;9713848023,12984979400,0;12984979400,9713848118,0;9713848118,9713848006,0;9713848006,9713847968,0;9713847968,9706921713,0;9706921713,9706921712,0;9706921712,9706921786,0;9706921786,9778914467,0;9778914467,9706887247,0;9706887247,9706857800,0;9706857800,9706857774,0;9706857774,9706857801,0;9706857801,9706857775,0;9706857775,9706857832,0;9706857832,9706857843,0;9706857843,7161807983,0;7161807983,7161812592,0;7161812592,499478563,0;499478563,499478564,0;499478564,7973114513,0;7973114513,7973099569,0;7973099569,7975273881,0;7975273881,7973099508,0;7973099508,7973099507,0;7973099507,7973114859,0;7973114859,8298792534,0;8298792534,8298792550,0;8298792550,7973114851,0;7973114851,7975286501,0;7975286501,8298792599,0;8298792599,1116501292,0;1116501292,7975286500,0;7975286500,1116501304,0;1116501304,1116501296,0;1116501296,7977050964,0;7977050964,7977056084,0;7977056084,7977050965,0;7977050965,7977056079,0;7977056079,7979256640,0;7979256640,7979256626,0;7979256626,7979256668,0;7979256668,7977056101,0;7977056101,7967831807,0;7967831807,7967774259,0;7967774259,503464976,0;503464976,7961771680,0;7961771680,1116492807,0;1116492807,7967774262,0;7967774262,503464985,0;503464985,2530277199,0;2530277199,564083084,0;564083084,5374860944,0;5374860944,5374860978,0;5374860978,5374861143,0;5374861143,9053077286,0;9053077286,13527622504,0;13527622504,13167173350,0;13167173350,13527622497,0;13527622497,564083093,0;564083093,6317320202,0;6317320202,564083165,0;564083165,13167173329,0;13167173329,6317320222,0;6317320222,6028645652,0;6028645652,2369336843,0;2369336843,2369336701,0;2369336701,12333484744,0;12333484744,2368579077,0;2368579077,2369336820,0;2369336820,2368578991,0;2368578991,8887740818,0;8887740818,8887717116,0;8887717116,6043430915,0;6043430915,4899192485,0;4899192485,564639012,0;564639012,564638925,0;564638925,504640818,0;504640818,504637096,0;504637096,2787061089,0;2787061089,564641522,0;564641522,11155489649,0;11155489649,11155489650,0;11155489650,2787061341,0;2787061341,2787061167,0"
simulated_extreme,60,0.4,0.1,20864930,source_specific,risk,10297.182344079098,0.6370087923684875,0.8280776466145003,0.8219173776639992,0.4311778653622655,97.59989997837692,13.99659999879077,"9706921350,9706921684,0;9706921684,9706921682,0;9706921682,9713848047,0;9713848047,9713848018,0;9713848018,9713848023,0;9713848023,12984979400,0;12984979400,9713848118,0;9713848118,9713848006,0;9713848006,9713847968,0;9713847968,9706921713,0;9706921713,9706921712,0;9706921712,9706921786,0;9706921786,9778914467,0;9778914467,9706887247,0;9706887247,9706857800,0;9706857800,9706857774,0;9706857774,9706857801,0;9706857801,9706857775,0;9706857775,9706857832,0;9706857832,9706857843,0;9706857843,7161807983,0;7161807983,7161812592,0;7161812592,499478563,0;499478563,499478564,0;499478564,7973114513,0;7973114513,7973099569,0;7973099569,7975273881,0;7975273881,7973099508,0;7973099508,7973099507,0;7973099507,7973114859,0;7973114859,8298792534,0;8298792534,8298792550,0;8298792550,7973114851,0;7973114851,7975286501,0;7975286501,8298792599,0;8298792599,1116501292,0;1116501292,7975286500,0;7975286500,1116501304,0;1116501304,7975286429,0;7975286429,7975286583,0;7975286583,7977056082,0;7977056082,7977056084,0;7977056084,7977050965,0;7977050965,7977056079,0;7977056079,7979256640,0;7979256640,7979256626,0;7979256626,7979256668,0;7979256668,7977056101,0;7977056101,7967831807,0;7967831807,7967774259,0;7967774259,503464976,0;503464976,7961771680,0;7961771680,1116492807,0;1116492807,7967774262,0;7967774262,503464985,0;503464985,2530277199,0;2530277199,564083084,0;564083084,5374860944,0;5374860944,5374860978,0;5374860978,5374861143,0;5374861143,9053077286,0;9053077286,13527622504,0;13527622504,13167173350,0;13167173350,13527622497,0;13527622497,564083093,0;564083093,6317320202,0;6317320202,564083165,0;564083165,13167173329,0;13167173329,6317320222,0;6317320222,6028645652,0;6028645652,2369336843,0;2369336843,2369336701,0;2369336701,12333484744,0;12333484744,2368579077,0;2368579077,2369336820,0;2369336820,2368578991,0;2368578991,8887740818,0;8887740818,9570709534,0;9570709534,2369336807,0;2369336807,2368578970,0;2368578970,6043430915,0;6043430915,4899192485,0;4899192485,564639012,0;564639012,564638925,0;564638925,504640818,0;504640818,504637096,0;504637096,2787061089,0;2787061089,2787061351,0;2787061351,2787061330,0;2787061330,11155489650,0;11155489650,2787061341,0;2787061341,2787061167,0"
simulated_extreme,60,0.4,0.1,20864930,source_specific,risk_uncertainty,10297.182344079098,0.6370087923684875,0.8280776466145003,0.8219173776639992,0.4311778653622655,98.7374999676831,15.134199988096952,"9706921350,9706921684,0;9706921684,9706921682,0;9706921682,9713848047,0;9713848047,9713848018,0;9713848018,9713848023,0;9713848023,12984979400,0;12984979400,9713848118,0;9713848118,9713848006,0;9713848006,9713847968,0;9713847968,9706921713,0;9706921713,9706921712,0;9706921712,9706921786,0;9706921786,9778914467,0;9778914467,9706887247,0;9706887247,9706857800,0;9706857800,9706857774,0;9706857774,9706857801,0;9706857801,9706857775,0;9706857775,9706857832,0;9706857832,9706857843,0;9706857843,7161807983,0;7161807983,7161812592,0;7161812592,499478563,0;499478563,499478564,0;499478564,7973114513,0;7973114513,7973099569,0;7973099569,7975273881,0;7975273881,7973099508,0;7973099508,7973099507,0;7973099507,7973114859,0;7973114859,8298792534,0;8298792534,8298792550,0;8298792550,7973114851,0;7973114851,7975286501,0;7975286501,8298792599,0;8298792599,1116501292,0;1116501292,7975286500,0;7975286500,1116501304,0;1116501304,7975286429,0;7975286429,7975286583,0;7975286583,7977056082,0;7977056082,7977056084,0;7977056084,7977050965,0;7977050965,7977056079,0;7977056079,7979256640,0;7979256640,7979256626,0;7979256626,7979256668,0;7979256668,7977056101,0;7977056101,7967831807,0;7967831807,7967774259,0;7967774259,503464976,0;503464976,7961771680,0;7961771680,1116492807,0;1116492807,7967774262,0;7967774262,503464985,0;503464985,2530277199,0;2530277199,564083084,0;564083084,5374860944,0;5374860944,5374860978,0;5374860978,5374861143,0;5374861143,9053077286,0;9053077286,13527622504,0;13527622504,13167173350,0;13167173350,13527622497,0;13527622497,564083093,0;564083093,6317320202,0;6317320202,564083165,0;564083165,13167173329,0;13167173329,6317320222,0;6317320222,6028645652,0;6028645652,2369336843,0;2369336843,2369336701,0;2369336701,12333484744,0;12333484744,2368579077,0;2368579077,2369336820,0;2369336820,2368578991,0;2368578991,8887740818,0;8887740818,9570709534,0;9570709534,2369336807,0;2369336807,2368578970,0;2368578970,6043430915,0;6043430915,4899192485,0;4899192485,564639012,0;564639012,564638925,0;564638925,504640818,0;504640818,504637096,0;504637096,2787061089,0;2787061089,2787061351,0;2787061351,2787061330,0;2787061330,11155489650,0;11155489650,2787061341,0;2787061341,2787061167,0"
simulated_extreme,60,0.4,0.1,20864930,source_specific,shortest,10279.902722198703,0.6421914589263749,0.8280776466145003,0.8190917470674244,0.42948322884636647,97.97449997859076,14.371199999004602,"9706921350,9706921684,0;9706921684,9706921682,0;9706921682,9713848047,0;9713848047,9713848018,0;9713848018,9713848023,0;9713848023,12984979400,0;12984979400,9713848118,0;9713848118,9713848006,0;9713848006,9713847968,0;9713847968,9706921713,0;9706921713,9706921712,0;9706921712,9706921786,0;9706921786,9778914467,0;9778914467,9706887247,0;9706887247,9706857800,0;9706857800,9706857774,0;9706857774,9706857801,0;9706857801,9706857775,0;9706857775,9706857832,0;9706857832,9706857843,0;9706857843,7161807983,0;7161807983,7161812592,0;7161812592,499478563,0;499478563,499478564,0;499478564,7973114513,0;7973114513,7973099569,0;7973099569,7975273881,0;7975273881,7973099508,0;7973099508,7973099507,0;7973099507,7973114859,0;7973114859,8298792534,0;8298792534,8298792550,0;8298792550,7973114851,0;7973114851,7975286501,0;7975286501,8298792599,0;8298792599,1116501292,0;1116501292,7975286500,0;7975286500,1116501304,0;1116501304,1116501296,0;1116501296,7977050964,0;7977050964,7977056084,0;7977056084,7977050965,0;7977050965,7977056079,0;7977056079,7979256640,0;7979256640,7979256626,0;7979256626,7979256668,0;7979256668,7977056101,0;7977056101,7967831807,0;7967831807,7967774259,0;7967774259,503464976,0;503464976,7961771680,0;7961771680,1116492807,0;1116492807,7967774262,0;7967774262,503464985,0;503464985,2530277199,0;2530277199,564083084,0;564083084,5374860944,0;5374860944,5374860978,0;5374860978,5374861143,0;5374861143,9053077286,0;9053077286,13527622504,0;13527622504,13167173350,0;13167173350,13527622497,0;13527622497,564083093,0;564083093,6317320202,0;6317320202,564083165,0;564083165,13167173329,0;13167173329,6317320222,0;6317320222,6028645652,0;6028645652,2369336843,0;2369336843,2369336701,0;2369336701,12333484744,0;12333484744,2368579077,0;2368579077,2369336820,0;2369336820,2368578991,0;2368578991,8887740818,0;8887740818,8887717116,0;8887717116,6043430915,0;6043430915,4899192485,0;4899192485,564639012,0;564639012,564638925,0;564638925,504640818,0;504640818,504637096,0;504637096,2787061089,0;2787061089,564641522,0;564641522,11155489649,0;11155489649,11155489650,0;11155489650,2787061341,0;2787061341,2787061167,0"
simulated_extreme,60,0.4,0.1,20864930,source_specific,trusted,10279.902722198703,0.6421914589263749,0.8280776466145003,0.8190917470674244,0.42948322884636647,98.77430001506582,15.171000035479665,"9706921350,9706921684,0;9706921684,9706921682,0;9706921682,9713848047,0;9713848047,9713848018,0;9713848018,9713848023,0;9713848023,12984979400,0;12984979400,9713848118,0;9713848118,9713848006,0;9713848006,9713847968,0;9713847968,9706921713,0;9706921713,9706921712,0;9706921712,9706921786,0;9706921786,9778914467,0;9778914467,9706887247,0;9706887247,9706857800,0;9706857800,9706857774,0;9706857774,9706857801,0;9706857801,9706857775,0;9706857775,9706857832,0;9706857832,9706857843,0;9706857843,7161807983,0;7161807983,7161812592,0;7161812592,499478563,0;499478563,499478564,0;499478564,7973114513,0;7973114513,7973099569,0;7973099569,7975273881,0;7975273881,7973099508,0;7973099508,7973099507,0;7973099507,7973114859,0;7973114859,8298792534,0;8298792534,8298792550,0;8298792550,7973114851,0;7973114851,7975286501,0;7975286501,8298792599,0;8298792599,1116501292,0;1116501292,7975286500,0;7975286500,1116501304,0;1116501304,1116501296,0;1116501296,7977050964,0;7977050964,7977056084,0;7977056084,7977050965,0;7977050965,7977056079,0;7977056079,7979256640,0;7979256640,7979256626,0;7979256626,7979256668,0;7979256668,7977056101,0;7977056101,7967831807,0;7967831807,7967774259,0;7967774259,503464976,0;503464976,7961771680,0;7961771680,1116492807,0;1116492807,7967774262,0;7967774262,503464985,0;503464985,2530277199,0;2530277199,564083084,0;564083084,5374860944,0;5374860944,5374860978,0;5374860978,5374861143,0;5374861143,9053077286,0;9053077286,13527622504,0;13527622504,13167173350,0;13167173350,13527622497,0;13527622497,564083093,0;564083093,6317320202,0;6317320202,564083165,0;564083165,13167173329,0;13167173329,6317320222,0;6317320222,6028645652,0;6028645652,2369336843,0;2369336843,2369336701,0;2369336701,12333484744,0;12333484744,2368579077,0;2368579077,2369336820,0;2369336820,2368578991,0;2368578991,8887740818,0;8887740818,8887717116,0;8887717116,6043430915,0;6043430915,4899192485,0;4899192485,564639012,0;564639012,564638925,0;564638925,504640818,0;504640818,504637096,0;504637096,2787061089,0;2787061089,564641522,0;564641522,11155489649,0;11155489649,11155489650,0;11155489650,2787061341,0;2787061341,2787061167,0"
simulated_extreme,60,0.4,0.1,20864930,universal,risk,10297.182344079098,0.6370087923684875,0.8280776466145003,0.8219173776639992,0.4311778653622655,96.70409996761009,13.991999963764101,"9706921350,9706921684,0;9706921684,9706921682,0;9706921682,9713848047,0;9713848047,9713848018,0;9713848018,9713848023,0;9713848023,12984979400,0;12984979400,9713848118,0;9713848118,9713848006,0;9713848006,9713847968,0;9713847968,9706921713,0;9706921713,9706921712,0;9706921712,9706921786,0;9706921786,9778914467,0;9778914467,9706887247,0;9706887247,9706857800,0;9706857800,9706857774,0;9706857774,9706857801,0;9706857801,9706857775,0;9706857775,9706857832,0;9706857832,9706857843,0;9706857843,7161807983,0;7161807983,7161812592,0;7161812592,499478563,0;499478563,499478564,0;499478564,7973114513,0;7973114513,7973099569,0;7973099569,7975273881,0;7975273881,7973099508,0;7973099508,7973099507,0;7973099507,7973114859,0;7973114859,8298792534,0;8298792534,8298792550,0;8298792550,7973114851,0;7973114851,7975286501,0;7975286501,8298792599,0;8298792599,1116501292,0;1116501292,7975286500,0;7975286500,1116501304,0;1116501304,7975286429,0;7975286429,7975286583,0;7975286583,7977056082,0;7977056082,7977056084,0;7977056084,7977050965,0;7977050965,7977056079,0;7977056079,7979256640,0;7979256640,7979256626,0;7979256626,7979256668,0;7979256668,7977056101,0;7977056101,7967831807,0;7967831807,7967774259,0;7967774259,503464976,0;503464976,7961771680,0;7961771680,1116492807,0;1116492807,7967774262,0;7967774262,503464985,0;503464985,2530277199,0;2530277199,564083084,0;564083084,5374860944,0;5374860944,5374860978,0;5374860978,5374861143,0;5374861143,9053077286,0;9053077286,13527622504,0;13527622504,13167173350,0;13167173350,13527622497,0;13527622497,564083093,0;564083093,6317320202,0;6317320202,564083165,0;564083165,13167173329,0;13167173329,6317320222,0;6317320222,6028645652,0;6028645652,2369336843,0;2369336843,2369336701,0;2369336701,12333484744,0;12333484744,2368579077,0;2368579077,2369336820,0;2369336820,2368578991,0;2368578991,8887740818,0;8887740818,9570709534,0;9570709534,2369336807,0;2369336807,2368578970,0;2368578970,6043430915,0;6043430915,4899192485,0;4899192485,564639012,0;564639012,564638925,0;564638925,504640818,0;504640818,504637096,0;504637096,2787061089,0;2787061089,2787061351,0;2787061351,2787061330,0;2787061330,11155489650,0;11155489650,2787061341,0;2787061341,2787061167,0"
simulated_extreme,60,0.4,0.1,20864930,universal,risk_uncertainty,10297.182344079098,0.6370087923684875,0.8280776466145003,0.8219173776639992,0.4311778653622655,99.01160001754761,16.299500013701618,"9706921350,9706921684,0;9706921684,9706921682,0;9706921682,9713848047,0;9713848047,9713848018,0;9713848018,9713848023,0;9713848023,12984979400,0;12984979400,9713848118,0;9713848118,9713848006,0;9713848006,9713847968,0;9713847968,9706921713,0;9706921713,9706921712,0;9706921712,9706921786,0;9706921786,9778914467,0;9778914467,9706887247,0;9706887247,9706857800,0;9706857800,9706857774,0;9706857774,9706857801,0;9706857801,9706857775,0;9706857775,9706857832,0;9706857832,9706857843,0;9706857843,7161807983,0;7161807983,7161812592,0;7161812592,499478563,0;499478563,499478564,0;499478564,7973114513,0;7973114513,7973099569,0;7973099569,7975273881,0;7975273881,7973099508,0;7973099508,7973099507,0;7973099507,7973114859,0;7973114859,8298792534,0;8298792534,8298792550,0;8298792550,7973114851,0;7973114851,7975286501,0;7975286501,8298792599,0;8298792599,1116501292,0;1116501292,7975286500,0;7975286500,1116501304,0;1116501304,7975286429,0;7975286429,7975286583,0;7975286583,7977056082,0;7977056082,7977056084,0;7977056084,7977050965,0;7977050965,7977056079,0;7977056079,7979256640,0;7979256640,7979256626,0;7979256626,7979256668,0;7979256668,7977056101,0;7977056101,7967831807,0;7967831807,7967774259,0;7967774259,503464976,0;503464976,7961771680,0;7961771680,1116492807,0;1116492807,7967774262,0;7967774262,503464985,0;503464985,2530277199,0;2530277199,564083084,0;564083084,5374860944,0;5374860944,5374860978,0;5374860978,5374861143,0;5374861143,9053077286,0;9053077286,13527622504,0;13527622504,13167173350,0;13167173350,13527622497,0;13527622497,564083093,0;564083093,6317320202,0;6317320202,564083165,0;564083165,13167173329,0;13167173329,6317320222,0;6317320222,6028645652,0;6028645652,2369336843,0;2369336843,2369336701,0;2369336701,12333484744,0;12333484744,2368579077,0;2368579077,2369336820,0;2369336820,2368578991,0;2368578991,8887740818,0;8887740818,9570709534,0;9570709534,2369336807,0;2369336807,2368578970,0;2368578970,6043430915,0;6043430915,4899192485,0;4899192485,564639012,0;564639012,564638925,0;564638925,504640818,0;504640818,504637096,0;504637096,2787061089,0;2787061089,2787061351,0;2787061351,2787061330,0;2787061330,11155489650,0;11155489650,2787061341,0;2787061341,2787061167,0"
simulated_extreme,60,0.4,0.1,20864930,universal,shortest,10279.902722198703,0.6421914589263749,0.8280776466145003,0.8190917470674244,0.42948322884636647,98.9201000193134,16.208000015467405,"9706921350,9706921684,0;9706921684,9706921682,0;9706921682,9713848047,0;9713848047,9713848018,0;9713848018,9713848023,0;9713848023,12984979400,0;12984979400,9713848118,0;9713848118,9713848006,0;9713848006,9713847968,0;9713847968,9706921713,0;9706921713,9706921712,0;9706921712,9706921786,0;9706921786,9778914467,0;9778914467,9706887247,0;9706887247,9706857800,0;9706857800,9706857774,0;9706857774,9706857801,0;9706857801,9706857775,0;9706857775,9706857832,0;9706857832,9706857843,0;9706857843,7161807983,0;7161807983,7161812592,0;7161812592,499478563,0;499478563,499478564,0;499478564,7973114513,0;7973114513,7973099569,0;7973099569,7975273881,0;7975273881,7973099508,0;7973099508,7973099507,0;7973099507,7973114859,0;7973114859,8298792534,0;8298792534,8298792550,0;8298792550,7973114851,0;7973114851,7975286501,0;7975286501,8298792599,0;8298792599,1116501292,0;1116501292,7975286500,0;7975286500,1116501304,0;1116501304,1116501296,0;1116501296,7977050964,0;7977050964,7977056084,0;7977056084,7977050965,0;7977050965,7977056079,0;7977056079,7979256640,0;7979256640,7979256626,0;7979256626,7979256668,0;7979256668,7977056101,0;7977056101,7967831807,0;7967831807,7967774259,0;7967774259,503464976,0;503464976,7961771680,0;7961771680,1116492807,0;1116492807,7967774262,0;7967774262,503464985,0;503464985,2530277199,0;2530277199,564083084,0;564083084,5374860944,0;5374860944,5374860978,0;5374860978,5374861143,0;5374861143,9053077286,0;9053077286,13527622504,0;13527622504,13167173350,0;13167173350,13527622497,0;13527622497,564083093,0;564083093,6317320202,0;6317320202,564083165,0;564083165,13167173329,0;13167173329,6317320222,0;6317320222,6028645652,0;6028645652,2369336843,0;2369336843,2369336701,0;2369336701,12333484744,0;12333484744,2368579077,0;2368579077,2369336820,0;2369336820,2368578991,0;2368578991,8887740818,0;8887740818,8887717116,0;8887717116,6043430915,0;6043430915,4899192485,0;4899192485,564639012,0;564639012,564638925,0;564638925,504640818,0;504640818,504637096,0;504637096,2787061089,0;2787061089,564641522,0;564641522,11155489649,0;11155489649,11155489650,0;11155489650,2787061341,0;2787061341,2787061167,0"
simulated_extreme,60,0.4,0.1,20864930,universal,trusted,10279.902722198703,0.6421914589263749,0.8280776466145003,0.8190917470674244,0.42948322884636647,98.1614000047557,15.449300000909716,"9706921350,9706921684,0;9706921684,9706921682,0;9706921682,9713848047,0;9713848047,9713848018,0;9713848018,9713848023,0;9713848023,12984979400,0;12984979400,9713848118,0;9713848118,9713848006,0;9713848006,9713847968,0;9713847968,9706921713,0;9706921713,9706921712,0;9706921712,9706921786,0;9706921786,9778914467,0;9778914467,9706887247,0;9706887247,9706857800,0;9706857800,9706857774,0;9706857774,9706857801,0;9706857801,9706857775,0;9706857775,9706857832,0;9706857832,9706857843,0;9706857843,7161807983,0;7161807983,7161812592,0;7161812592,499478563,0;499478563,499478564,0;499478564,7973114513,0;7973114513,7973099569,0;7973099569,7975273881,0;7975273881,7973099508,0;7973099508,7973099507,0;7973099507,7973114859,0;7973114859,8298792534,0;8298792534,8298792550,0;8298792550,7973114851,0;7973114851,7975286501,0;7975286501,8298792599,0;8298792599,1116501292,0;1116501292,7975286500,0;7975286500,1116501304,0;1116501304,1116501296,0;1116501296,7977050964,0;7977050964,7977056084,0;7977056084,7977050965,0;7977050965,7977056079,0;7977056079,7979256640,0;7979256640,7979256626,0;7979256626,7979256668,0;7979256668,7977056101,0;7977056101,7967831807,0;7967831807,7967774259,0;7967774259,503464976,0;503464976,7961771680,0;7961771680,1116492807,0;1116492807,7967774262,0;7967774262,503464985,0;503464985,2530277199,0;2530277199,564083084,0;564083084,5374860944,0;5374860944,5374860978,0;5374860978,5374861143,0;5374861143,9053077286,0;9053077286,13527622504,0;13527622504,13167173350,0;13167173350,13527622497,0;13527622497,564083093,0;564083093,6317320202,0;6317320202,564083165,0;564083165,13167173329,0;13167173329,6317320222,0;6317320222,6028645652,0;6028645652,2369336843,0;2369336843,2369336701,0;2369336701,12333484744,0;12333484744,2368579077,0;2368579077,2369336820,0;2369336820,2368578991,0;2368578991,8887740818,0;8887740818,8887717116,0;8887717116,6043430915,0;6043430915,4899192485,0;4899192485,564639012,0;564639012,564638925,0;564638925,504640818,0;504640818,504637096,0;504637096,2787061089,0;2787061089,564641522,0;564641522,11155489649,0;11155489649,11155489650,0;11155489650,2787061341,0;2787061341,2787061167,0"
simulated_extreme,60,0.4,0.2,20864940,source_specific,risk,11258.649318091548,0.6481236176494692,0.8425176862916813,0.8042897276884753,0.49414908188389095,97.4445000756532,16.372600046452135,"9706921350,9706921684,0;9706921684,9706921682,0;9706921682,9713848047,0;9713848047,9713848018,0;9713848018,9713848023,0;9713848023,12984979400,0;12984979400,9713848118,0;9713848118,9713848006,0;9713848006,9713847968,0;9713847968,9706921713,0;9706921713,9706921712,0;9706921712,9706921786,0;9706921786,9778914467,0;9778914467,9706887247,0;9706887247,9706857800,0;9706857800,9706857774,0;9706857774,9706857801,0;9706857801,9706857775,0;9706857775,9706857832,0;9706857832,9706857843,0;9706857843,7161807983,0;7161807983,7161812592,0;7161812592,499478563,0;499478563,499478564,0;499478564,7973114513,0;7973114513,7973099569,0;7973099569,7975273881,0;7975273881,7973099508,0;7973099508,8298792548,0;8298792548,7973099506,0;7973099506,7975273876,0;7975273876,2530284953,0;2530284953,1491845601,0;1491845601,1491845594,0;1491845594,2525914418,0;2525914418,7958753204,0;7958753204,7958753203,0;7958753203,2525914420,0;2525914420,2526412027,0;2526412027,499543183,0;499543183,2525989760,0;2525989760,499543338,0;499543338,2525989776,0;2525989776,2750252825,0;2750252825,7961542917,0;7961542917,7961542903,0;7961542903,7961542908,0;7961542908,7961542988,0;7961542988,5832657889,0;5832657889,7961786816,0;7961786816,7961786849,0;7961786849,7961786850,0;7961786850,7961786822,0;7961786822,7961786812,0;7961786812,7961786848,0;7961786848,7961771627,0;7961771627,7961786837,0;7961786837,7961786844,0;7961786844,7961771628,0;7961771628,7961771629,0;7961771629,9666019897,0;9666019897,7962005399,0;7962005399,7962005398,0;7962005398,7961786907,0;7961786907,5832657517,0;5832657517,7961993768,0;7961993768,7962005405,0;7962005405,8791690428,0;8791690428,7962005476,0;7962005476,7962005429,0;7962005429,7962005428,0;7962005428,7965339087,0;7965339087,7962005427,0;7962005427,7962005426,0;7962005426,7962005368,0;7962005368,7962005386,0;7962005386,8624031142,0;8624031142,8624031164,0;8624031164,8624031199,0;8624031199,8624031182,0;8624031182,8624031185,0;8624031185,6056271422,0;6056271422,5392672497,0;5392672497,2889056100,0;2889056100,564055458,0;564055458,564055529,0;564055529,8002408070,0;8002408070,8002408071,0;8002408071,9572095648,0;9572095648,8002408100,0;8002408100,8002408092,0;8002408092,8002408083,0;8002408083,8002408082,0;8002408082,8077904795,0;8077904795,3671795928,0;3671795928,8002408012,0;8002408012,12988628620,0;12988628620,6413071588,0;6413071588,6413071335,0;6413071335,8002408006,0;8002408006,10539884637,0;10539884637,6302206145,0;6302206145,11046800331,0;11046800331,3671791988,0;3671791988,2787061351,0;2787061351,2787061330,0;2787061330,11155489650,0;11155489650,2787061341,0;2787061341,2787061167,0"
simulated_extreme,60,0.4,0.2,20864940,source_specific,risk_uncertainty,10297.182344079098,0.6370087923684875,0.8280776466145003,0.8219173776639992,0.4311778653622655,96.61300003062934,15.541100001428276,"9706921350,9706921684,0;9706921684,9706921682,0;9706921682,9713848047,0;9713848047,9713848018,0;9713848018,9713848023,0;9713848023,12984979400,0;12984979400,9713848118,0;9713848118,9713848006,0;9713848006,9713847968,0;9713847968,9706921713,0;9706921713,9706921712,0;9706921712,9706921786,0;9706921786,9778914467,0;9778914467,9706887247,0;9706887247,9706857800,0;9706857800,9706857774,0;9706857774,9706857801,0;9706857801,9706857775,0;9706857775,9706857832,0;9706857832,9706857843,0;9706857843,7161807983,0;7161807983,7161812592,0;7161812592,499478563,0;499478563,499478564,0;499478564,7973114513,0;7973114513,7973099569,0;7973099569,7975273881,0;7975273881,7973099508,0;7973099508,7973099507,0;7973099507,7973114859,0;7973114859,8298792534,0;8298792534,8298792550,0;8298792550,7973114851,0;7973114851,7975286501,0;7975286501,8298792599,0;8298792599,1116501292,0;1116501292,7975286500,0;7975286500,1116501304,0;1116501304,7975286429,0;7975286429,7975286583,0;7975286583,7977056082,0;7977056082,7977056084,0;7977056084,7977050965,0;7977050965,7977056079,0;7977056079,7979256640,0;7979256640,7979256626,0;7979256626,7979256668,0;7979256668,7977056101,0;7977056101,7967831807,0;7967831807,7967774259,0;7967774259,503464976,0;503464976,7961771680,0;7961771680,1116492807,0;1116492807,7967774262,0;7967774262,503464985,0;503464985,2530277199,0;2530277199,564083084,0;564083084,5374860944,0;5374860944,5374860978,0;5374860978,5374861143,0;5374861143,9053077286,0;9053077286,13527622504,0;13527622504,13167173350,0;13167173350,13527622497,0;13527622497,564083093,0;564083093,6317320202,0;6317320202,564083165,0;564083165,13167173329,0;13167173329,6317320222,0;6317320222,6028645652,0;6028645652,2369336843,0;2369336843,2369336701,0;2369336701,12333484744,0;12333484744,2368579077,0;2368579077,2369336820,0;2369336820,2368578991,0;2368578991,8887740818,0;8887740818,9570709534,0;9570709534,2369336807,0;2369336807,2368578970,0;2368578970,6043430915,0;6043430915,4899192485,0;4899192485,564639012,0;564639012,564638925,0;564638925,504640818,0;504640818,504637096,0;504637096,2787061089,0;2787061089,2787061351,0;2787061351,2787061330,0;2787061330,11155489650,0;11155489650,2787061341,0;2787061341,2787061167,0"
simulated_extreme,60,0.4,0.2,20864940,source_specific,shortest,10279.902722198703,0.6421914589263749,0.8280776466145003,0.8190917470674244,0.42948322884636647,96.89470002194867,15.822799992747605,"9706921350,9706921684,0;9706921684,9706921682,0;9706921682,9713848047,0;9713848047,9713848018,0;9713848018,9713848023,0;9713848023,12984979400,0;12984979400,9713848118,0;9713848118,9713848006,0;9713848006,9713847968,0;9713847968,9706921713,0;9706921713,9706921712,0;9706921712,9706921786,0;9706921786,9778914467,0;9778914467,9706887247,0;9706887247,9706857800,0;9706857800,9706857774,0;9706857774,9706857801,0;9706857801,9706857775,0;9706857775,9706857832,0;9706857832,9706857843,0;9706857843,7161807983,0;7161807983,7161812592,0;7161812592,499478563,0;499478563,499478564,0;499478564,7973114513,0;7973114513,7973099569,0;7973099569,7975273881,0;7975273881,7973099508,0;7973099508,7973099507,0;7973099507,7973114859,0;7973114859,8298792534,0;8298792534,8298792550,0;8298792550,7973114851,0;7973114851,7975286501,0;7975286501,8298792599,0;8298792599,1116501292,0;1116501292,7975286500,0;7975286500,1116501304,0;1116501304,1116501296,0;1116501296,7977050964,0;7977050964,7977056084,0;7977056084,7977050965,0;7977050965,7977056079,0;7977056079,7979256640,0;7979256640,7979256626,0;7979256626,7979256668,0;7979256668,7977056101,0;7977056101,7967831807,0;7967831807,7967774259,0;7967774259,503464976,0;503464976,7961771680,0;7961771680,1116492807,0;1116492807,7967774262,0;7967774262,503464985,0;503464985,2530277199,0;2530277199,564083084,0;564083084,5374860944,0;5374860944,5374860978,0;5374860978,5374861143,0;5374861143,9053077286,0;9053077286,13527622504,0;13527622504,13167173350,0;13167173350,13527622497,0;13527622497,564083093,0;564083093,6317320202,0;6317320202,564083165,0;564083165,13167173329,0;13167173329,6317320222,0;6317320222,6028645652,0;6028645652,2369336843,0;2369336843,2369336701,0;2369336701,12333484744,0;12333484744,2368579077,0;2368579077,2369336820,0;2369336820,2368578991,0;2368578991,8887740818,0;8887740818,8887717116,0;8887717116,6043430915,0;6043430915,4899192485,0;4899192485,564639012,0;564639012,564638925,0;564638925,504640818,0;504640818,504637096,0;504637096,2787061089,0;2787061089,564641522,0;564641522,11155489649,0;11155489649,11155489650,0;11155489650,2787061341,0;2787061341,2787061167,0"
simulated_extreme,60,0.4,0.2,20864940,source_specific,trusted,10279.902722198703,0.6421914589263749,0.8280776466145003,0.8190917470674244,0.42948322884636647,95.39940004469827,14.327500015497208,"9706921350,9706921684,0;9706921684,9706921682,0;9706921682,9713848047,0;9713848047,9713848018,0;9713848018,9713848023,0;9713848023,12984979400,0;12984979400,9713848118,0;9713848118,9713848006,0;9713848006,9713847968,0;9713847968,9706921713,0;9706921713,9706921712,0;9706921712,9706921786,0;9706921786,9778914467,0;9778914467,9706887247,0;9706887247,9706857800,0;9706857800,9706857774,0;9706857774,9706857801,0;9706857801,9706857775,0;9706857775,9706857832,0;9706857832,9706857843,0;9706857843,7161807983,0;7161807983,7161812592,0;7161812592,499478563,0;499478563,499478564,0;499478564,7973114513,0;7973114513,7973099569,0;7973099569,7975273881,0;7975273881,7973099508,0;7973099508,7973099507,0;7973099507,7973114859,0;7973114859,8298792534,0;8298792534,8298792550,0;8298792550,7973114851,0;7973114851,7975286501,0;7975286501,8298792599,0;8298792599,1116501292,0;1116501292,7975286500,0;7975286500,1116501304,0;1116501304,1116501296,0;1116501296,7977050964,0;7977050964,7977056084,0;7977056084,7977050965,0;7977050965,7977056079,0;7977056079,7979256640,0;7979256640,7979256626,0;7979256626,7979256668,0;7979256668,7977056101,0;7977056101,7967831807,0;7967831807,7967774259,0;7967774259,503464976,0;503464976,7961771680,0;7961771680,1116492807,0;1116492807,7967774262,0;7967774262,503464985,0;503464985,2530277199,0;2530277199,564083084,0;564083084,5374860944,0;5374860944,5374860978,0;5374860978,5374861143,0;5374861143,9053077286,0;9053077286,13527622504,0;13527622504,13167173350,0;13167173350,13527622497,0;13527622497,564083093,0;564083093,6317320202,0;6317320202,564083165,0;564083165,13167173329,0;13167173329,6317320222,0;6317320222,6028645652,0;6028645652,2369336843,0;2369336843,2369336701,0;2369336701,12333484744,0;12333484744,2368579077,0;2368579077,2369336820,0;2369336820,2368578991,0;2368578991,8887740818,0;8887740818,8887717116,0;8887717116,6043430915,0;6043430915,4899192485,0;4899192485,564639012,0;564639012,564638925,0;564638925,504640818,0;504640818,504637096,0;504637096,2787061089,0;2787061089,564641522,0;564641522,11155489649,0;11155489649,11155489650,0;11155489650,2787061341,0;2787061341,2787061167,0"
simulated_extreme,60,0.4,0.2,20864940,universal,risk,11258.649318091548,0.6481236176494692,0.8425176862916813,0.8042897276884753,0.49414908188389095,95.55120003642514,16.29749999847263,"9706921350,9706921684,0;9706921684,9706921682,0;9706921682,9713848047,0;9713848047,9713848018,0;9713848018,9713848023,0;9713848023,12984979400,0;12984979400,9713848118,0;9713848118,9713848006,0;9713848006,9713847968,0;9713847968,9706921713,0;9706921713,9706921712,0;9706921712,9706921786,0;9706921786,9778914467,0;9778914467,9706887247,0;9706887247,9706857800,0;9706857800,9706857774,0;9706857774,9706857801,0;9706857801,9706857775,0;9706857775,9706857832,0;9706857832,9706857843,0;9706857843,7161807983,0;7161807983,7161812592,0;7161812592,499478563,0;499478563,499478564,0;499478564,7973114513,0;7973114513,7973099569,0;7973099569,7975273881,0;7975273881,7973099508,0;7973099508,8298792548,0;8298792548,7973099506,0;7973099506,7975273876,0;7975273876,2530284953,0;2530284953,1491845601,0;1491845601,1491845594,0;1491845594,2525914418,0;2525914418,7958753204,0;7958753204,7958753203,0;7958753203,2525914420,0;2525914420,2526412027,0;2526412027,499543183,0;499543183,2525989760,0;2525989760,499543338,0;499543338,2525989776,0;2525989776,2750252825,0;2750252825,7961542917,0;7961542917,7961542903,0;7961542903,7961542908,0;7961542908,7961542988,0;7961542988,5832657889,0;5832657889,7961786816,0;7961786816,7961786849,0;7961786849,7961786850,0;7961786850,7961786822,0;7961786822,7961786812,0;7961786812,7961786848,0;7961786848,7961771627,0;7961771627,7961786837,0;7961786837,7961786844,0;7961786844,7961771628,0;7961771628,7961771629,0;7961771629,9666019897,0;9666019897,7962005399,0;7962005399,7962005398,0;7962005398,7961786907,0;7961786907,5832657517,0;5832657517,7961993768,0;7961993768,7962005405,0;7962005405,8791690428,0;8791690428,7962005476,0;7962005476,7962005429,0;7962005429,7962005428,0;7962005428,7965339087,0;7965339087,7962005427,0;7962005427,7962005426,0;7962005426,7962005368,0;7962005368,7962005386,0;7962005386,8624031142,0;8624031142,8624031164,0;8624031164,8624031199,0;8624031199,8624031182,0;8624031182,8624031185,0;8624031185,6056271422,0;6056271422,5392672497,0;5392672497,2889056100,0;2889056100,564055458,0;564055458,564055529,0;564055529,8002408070,0;8002408070,8002408071,0;8002408071,9572095648,0;9572095648,8002408100,0;8002408100,8002408092,0;8002408092,8002408083,0;8002408083,8002408082,0;8002408082,8077904795,0;8077904795,3671795928,0;3671795928,8002408012,0;8002408012,12988628620,0;12988628620,6413071588,0;6413071588,6413071335,0;6413071335,8002408006,0;8002408006,10539884637,0;10539884637,6302206145,0;6302206145,11046800331,0;11046800331,3671791988,0;3671791988,2787061351,0;2787061351,2787061330,0;2787061330,11155489650,0;11155489650,2787061341,0;2787061341,2787061167,0"
simulated_extreme,60,0.4,0.2,20864940,universal,risk_uncertainty,10297.182344079098,0.6370087923684875,0.8280776466145003,0.8219173776639992,0.4311778653622655,93.85730006033555,14.603600022383034,"9706921350,9706921684,0;9706921684,9706921682,0;9706921682,9713848047,0;9713848047,9713848018,0;9713848018,9713848023,0;9713848023,12984979400,0;12984979400,9713848118,0;9713848118,9713848006,0;9713848006,9713847968,0;9713847968,9706921713,0;9706921713,9706921712,0;9706921712,9706921786,0;9706921786,9778914467,0;9778914467,9706887247,0;9706887247,9706857800,0;9706857800,9706857774,0;9706857774,9706857801,0;9706857801,9706857775,0;9706857775,9706857832,0;9706857832,9706857843,0;9706857843,7161807983,0;7161807983,7161812592,0;7161812592,499478563,0;499478563,499478564,0;499478564,7973114513,0;7973114513,7973099569,0;7973099569,7975273881,0;7975273881,7973099508,0;7973099508,7973099507,0;7973099507,7973114859,0;7973114859,8298792534,0;8298792534,8298792550,0;8298792550,7973114851,0;7973114851,7975286501,0;7975286501,8298792599,0;8298792599,1116501292,0;1116501292,7975286500,0;7975286500,1116501304,0;1116501304,7975286429,0;7975286429,7975286583,0;7975286583,7977056082,0;7977056082,7977056084,0;7977056084,7977050965,0;7977050965,7977056079,0;7977056079,7979256640,0;7979256640,7979256626,0;7979256626,7979256668,0;7979256668,7977056101,0;7977056101,7967831807,0;7967831807,7967774259,0;7967774259,503464976,0;503464976,7961771680,0;7961771680,1116492807,0;1116492807,7967774262,0;7967774262,503464985,0;503464985,2530277199,0;2530277199,564083084,0;564083084,5374860944,0;5374860944,5374860978,0;5374860978,5374861143,0;5374861143,9053077286,0;9053077286,13527622504,0;13527622504,13167173350,0;13167173350,13527622497,0;13527622497,564083093,0;564083093,6317320202,0;6317320202,564083165,0;564083165,13167173329,0;13167173329,6317320222,0;6317320222,6028645652,0;6028645652,2369336843,0;2369336843,2369336701,0;2369336701,12333484744,0;12333484744,2368579077,0;2368579077,2369336820,0;2369336820,2368578991,0;2368578991,8887740818,0;8887740818,9570709534,0;9570709534,2369336807,0;2369336807,2368578970,0;2368578970,6043430915,0;6043430915,4899192485,0;4899192485,564639012,0;564639012,564638925,0;564638925,504640818,0;504640818,504637096,0;504637096,2787061089,0;2787061089,2787061351,0;2787061351,2787061330,0;2787061330,11155489650,0;11155489650,2787061341,0;2787061341,2787061167,0"
simulated_extreme,60,0.4,0.2,20864940,universal,shortest,10279.902722198703,0.6421914589263749,0.8280776466145003,0.8190917470674244,0.42948322884636647,95.26990004815161,16.0162000101991,"9706921350,9706921684,0;9706921684,9706921682,0;9706921682,9713848047,0;9713848047,9713848018,0;9713848018,9713848023,0;9713848023,12984979400,0;12984979400,9713848118,0;9713848118,9713848006,0;9713848006,9713847968,0;9713847968,9706921713,0;9706921713,9706921712,0;9706921712,9706921786,0;9706921786,9778914467,0;9778914467,9706887247,0;9706887247,9706857800,0;9706857800,9706857774,0;9706857774,9706857801,0;9706857801,9706857775,0;9706857775,9706857832,0;9706857832,9706857843,0;9706857843,7161807983,0;7161807983,7161812592,0;7161812592,499478563,0;499478563,499478564,0;499478564,7973114513,0;7973114513,7973099569,0;7973099569,7975273881,0;7975273881,7973099508,0;7973099508,7973099507,0;7973099507,7973114859,0;7973114859,8298792534,0;8298792534,8298792550,0;8298792550,7973114851,0;7973114851,7975286501,0;7975286501,8298792599,0;8298792599,1116501292,0;1116501292,7975286500,0;7975286500,1116501304,0;1116501304,1116501296,0;1116501296,7977050964,0;7977050964,7977056084,0;7977056084,7977050965,0;7977050965,7977056079,0;7977056079,7979256640,0;7979256640,7979256626,0;7979256626,7979256668,0;7979256668,7977056101,0;7977056101,7967831807,0;7967831807,7967774259,0;7967774259,503464976,0;503464976,7961771680,0;7961771680,1116492807,0;1116492807,7967774262,0;7967774262,503464985,0;503464985,2530277199,0;2530277199,564083084,0;564083084,5374860944,0;5374860944,5374860978,0;5374860978,5374861143,0;5374861143,9053077286,0;9053077286,13527622504,0;13527622504,13167173350,0;13167173350,13527622497,0;13527622497,564083093,0;564083093,6317320202,0;6317320202,564083165,0;564083165,13167173329,0;13167173329,6317320222,0;6317320222,6028645652,0;6028645652,2369336843,0;2369336843,2369336701,0;2369336701,12333484744,0;12333484744,2368579077,0;2368579077,2369336820,0;2369336820,2368578991,0;2368578991,8887740818,0;8887740818,8887717116,0;8887717116,6043430915,0;6043430915,4899192485,0;4899192485,564639012,0;564639012,564638925,0;564638925,504640818,0;504640818,504637096,0;504637096,2787061089,0;2787061089,564641522,0;564641522,11155489649,0;11155489649,11155489650,0;11155489650,2787061341,0;2787061341,2787061167,0"
simulated_extreme,60,0.4,0.2,20864940,universal,trusted,10279.902722198703,0.6421914589263749,0.8280776466145003,0.8190917470674244,0.42948322884636647,93.83300004992634,14.579300011973828,"9706921350,9706921684,0;9706921684,9706921682,0;9706921682,9713848047,0;9713848047,9713848018,0;9713848018,9713848023,0;9713848023,12984979400,0;12984979400,9713848118,0;9713848118,9713848006,0;9713848006,9713847968,0;9713847968,9706921713,0;9706921713,9706921712,0;9706921712,9706921786,0;9706921786,9778914467,0;9778914467,9706887247,0;9706887247,9706857800,0;9706857800,9706857774,0;9706857774,9706857801,0;9706857801,9706857775,0;9706857775,9706857832,0;9706857832,9706857843,0;9706857843,7161807983,0;7161807983,7161812592,0;7161812592,499478563,0;499478563,499478564,0;499478564,7973114513,0;7973114513,7973099569,0;7973099569,7975273881,0;7975273881,7973099508,0;7973099508,7973099507,0;7973099507,7973114859,0;7973114859,8298792534,0;8298792534,8298792550,0;8298792550,7973114851,0;7973114851,7975286501,0;7975286501,8298792599,0;8298792599,1116501292,0;1116501292,7975286500,0;7975286500,1116501304,0;1116501304,1116501296,0;1116501296,7977050964,0;7977050964,7977056084,0;7977056084,7977050965,0;7977050965,7977056079,0;7977056079,7979256640,0;7979256640,7979256626,0;7979256626,7979256668,0;7979256668,7977056101,0;7977056101,7967831807,0;7967831807,7967774259,0;7967774259,503464976,0;503464976,7961771680,0;7961771680,1116492807,0;1116492807,7967774262,0;7967774262,503464985,0;503464985,2530277199,0;2530277199,564083084,0;564083084,5374860944,0;5374860944,5374860978,0;5374860978,5374861143,0;5374861143,9053077286,0;9053077286,13527622504,0;13527622504,13167173350,0;13167173350,13527622497,0;13527622497,564083093,0;564083093,6317320202,0;6317320202,564083165,0;564083165,13167173329,0;13167173329,6317320222,0;6317320222,6028645652,0;6028645652,2369336843,0;2369336843,2369336701,0;2369336701,12333484744,0;12333484744,2368579077,0;2368579077,2369336820,0;2369336820,2368578991,0;2368578991,8887740818,0;8887740818,8887717116,0;8887717116,6043430915,0;6043430915,4899192485,0;4899192485,564639012,0;564639012,564638925,0;564638925,504640818,0;504640818,504637096,0;504637096,2787061089,0;2787061089,564641522,0;564641522,11155489649,0;11155489649,11155489650,0;11155489650,2787061341,0;2787061341,2787061167,0"
simulated_extreme,120,0.0,0.0,21460920,source_specific,risk,10297.182344079098,0.6370087923684875,0.8280776466145003,0.8219173776639992,0.4311778653622655,97.78960002586246,15.994799963664263,"9706921350,9706921684,0;9706921684,9706921682,0;9706921682,9713848047,0;9713848047,9713848018,0;9713848018,9713848023,0;9713848023,12984979400,0;12984979400,9713848118,0;9713848118,9713848006,0;9713848006,9713847968,0;9713847968,9706921713,0;9706921713,9706921712,0;9706921712,9706921786,0;9706921786,9778914467,0;9778914467,9706887247,0;9706887247,9706857800,0;9706857800,9706857774,0;9706857774,9706857801,0;9706857801,9706857775,0;9706857775,9706857832,0;9706857832,9706857843,0;9706857843,7161807983,0;7161807983,7161812592,0;7161812592,499478563,0;499478563,499478564,0;499478564,7973114513,0;7973114513,7973099569,0;7973099569,7975273881,0;7975273881,7973099508,0;7973099508,7973099507,0;7973099507,7973114859,0;7973114859,8298792534,0;8298792534,8298792550,0;8298792550,7973114851,0;7973114851,7975286501,0;7975286501,8298792599,0;8298792599,1116501292,0;1116501292,7975286500,0;7975286500,1116501304,0;1116501304,7975286429,0;7975286429,7975286583,0;7975286583,7977056082,0;7977056082,7977056084,0;7977056084,7977050965,0;7977050965,7977056079,0;7977056079,7979256640,0;7979256640,7979256626,0;7979256626,7979256668,0;7979256668,7977056101,0;7977056101,7967831807,0;7967831807,7967774259,0;7967774259,503464976,0;503464976,7961771680,0;7961771680,1116492807,0;1116492807,7967774262,0;7967774262,503464985,0;503464985,2530277199,0;2530277199,564083084,0;564083084,5374860944,0;5374860944,5374860978,0;5374860978,5374861143,0;5374861143,9053077286,0;9053077286,13527622504,0;13527622504,13167173350,0;13167173350,13527622497,0;13527622497,564083093,0;564083093,6317320202,0;6317320202,564083165,0;564083165,13167173329,0;13167173329,6317320222,0;6317320222,6028645652,0;6028645652,2369336843,0;2369336843,2369336701,0;2369336701,12333484744,0;12333484744,2368579077,0;2368579077,2369336820,0;2369336820,2368578991,0;2368578991,8887740818,0;8887740818,9570709534,0;9570709534,2369336807,0;2369336807,2368578970,0;2368578970,6043430915,0;6043430915,4899192485,0;4899192485,564639012,0;564639012,564638925,0;564638925,504640818,0;504640818,504637096,0;504637096,2787061089,0;2787061089,2787061351,0;2787061351,2787061330,0;2787061330,11155489650,0;11155489650,2787061341,0;2787061341,2787061167,0"
simulated_extreme,120,0.0,0.0,21460920,source_specific,risk_uncertainty,10297.182344079098,0.6370087923684875,0.8280776466145003,0.8219173776639992,0.4311778653622655,98.42270007357001,16.62790001137182,"9706921350,9706921684,0;9706921684,9706921682,0;9706921682,9713848047,0;9713848047,9713848018,0;9713848018,9713848023,0;9713848023,12984979400,0;12984979400,9713848118,0;9713848118,9713848006,0;9713848006,9713847968,0;9713847968,9706921713,0;9706921713,9706921712,0;9706921712,9706921786,0;9706921786,9778914467,0;9778914467,9706887247,0;9706887247,9706857800,0;9706857800,9706857774,0;9706857774,9706857801,0;9706857801,9706857775,0;9706857775,9706857832,0;9706857832,9706857843,0;9706857843,7161807983,0;7161807983,7161812592,0;7161812592,499478563,0;499478563,499478564,0;499478564,7973114513,0;7973114513,7973099569,0;7973099569,7975273881,0;7975273881,7973099508,0;7973099508,7973099507,0;7973099507,7973114859,0;7973114859,8298792534,0;8298792534,8298792550,0;8298792550,7973114851,0;7973114851,7975286501,0;7975286501,8298792599,0;8298792599,1116501292,0;1116501292,7975286500,0;7975286500,1116501304,0;1116501304,7975286429,0;7975286429,7975286583,0;7975286583,7977056082,0;7977056082,7977056084,0;7977056084,7977050965,0;7977050965,7977056079,0;7977056079,7979256640,0;7979256640,7979256626,0;7979256626,7979256668,0;7979256668,7977056101,0;7977056101,7967831807,0;7967831807,7967774259,0;7967774259,503464976,0;503464976,7961771680,0;7961771680,1116492807,0;1116492807,7967774262,0;7967774262,503464985,0;503464985,2530277199,0;2530277199,564083084,0;564083084,5374860944,0;5374860944,5374860978,0;5374860978,5374861143,0;5374861143,9053077286,0;9053077286,13527622504,0;13527622504,13167173350,0;13167173350,13527622497,0;13527622497,564083093,0;564083093,6317320202,0;6317320202,564083165,0;564083165,13167173329,0;13167173329,6317320222,0;6317320222,6028645652,0;6028645652,2369336843,0;2369336843,2369336701,0;2369336701,12333484744,0;12333484744,2368579077,0;2368579077,2369336820,0;2369336820,2368578991,0;2368578991,8887740818,0;8887740818,9570709534,0;9570709534,2369336807,0;2369336807,2368578970,0;2368578970,6043430915,0;6043430915,4899192485,0;4899192485,564639012,0;564639012,564638925,0;564638925,504640818,0;504640818,504637096,0;504637096,2787061089,0;2787061089,2787061351,0;2787061351,2787061330,0;2787061330,11155489650,0;11155489650,2787061341,0;2787061341,2787061167,0"
simulated_extreme,120,0.0,0.0,21460920,source_specific,shortest,10279.902722198703,0.6421914589263749,0.8280776466145003,0.8190917470674244,0.42948322884636647,98.8150000339374,17.020199971739203,"9706921350,9706921684,0;9706921684,9706921682,0;9706921682,9713848047,0;9713848047,9713848018,0;9713848018,9713848023,0;9713848023,12984979400,0;12984979400,9713848118,0;9713848118,9713848006,0;9713848006,9713847968,0;9713847968,9706921713,0;9706921713,9706921712,0;9706921712,9706921786,0;9706921786,9778914467,0;9778914467,9706887247,0;9706887247,9706857800,0;9706857800,9706857774,0;9706857774,9706857801,0;9706857801,9706857775,0;9706857775,9706857832,0;9706857832,9706857843,0;9706857843,7161807983,0;7161807983,7161812592,0;7161812592,499478563,0;499478563,499478564,0;499478564,7973114513,0;7973114513,7973099569,0;7973099569,7975273881,0;7975273881,7973099508,0;7973099508,7973099507,0;7973099507,7973114859,0;7973114859,8298792534,0;8298792534,8298792550,0;8298792550,7973114851,0;7973114851,7975286501,0;7975286501,8298792599,0;8298792599,1116501292,0;1116501292,7975286500,0;7975286500,1116501304,0;1116501304,1116501296,0;1116501296,7977050964,0;7977050964,7977056084,0;7977056084,7977050965,0;7977050965,7977056079,0;7977056079,7979256640,0;7979256640,7979256626,0;7979256626,7979256668,0;7979256668,7977056101,0;7977056101,7967831807,0;7967831807,7967774259,0;7967774259,503464976,0;503464976,7961771680,0;7961771680,1116492807,0;1116492807,7967774262,0;7967774262,503464985,0;503464985,2530277199,0;2530277199,564083084,0;564083084,5374860944,0;5374860944,5374860978,0;5374860978,5374861143,0;5374861143,9053077286,0;9053077286,13527622504,0;13527622504,13167173350,0;13167173350,13527622497,0;13527622497,564083093,0;564083093,6317320202,0;6317320202,564083165,0;564083165,13167173329,0;13167173329,6317320222,0;6317320222,6028645652,0;6028645652,2369336843,0;2369336843,2369336701,0;2369336701,12333484744,0;12333484744,2368579077,0;2368579077,2369336820,0;2369336820,2368578991,0;2368578991,8887740818,0;8887740818,8887717116,0;8887717116,6043430915,0;6043430915,4899192485,0;4899192485,564639012,0;564639012,564638925,0;564638925,504640818,0;504640818,504637096,0;504637096,2787061089,0;2787061089,564641522,0;564641522,11155489649,0;11155489649,11155489650,0;11155489650,2787061341,0;2787061341,2787061167,0"
simulated_extreme,120,0.0,0.0,21460920,source_specific,trusted,10297.182344079098,0.6370087923684875,0.8280776466145003,0.8219173776639992,0.4311778653622655,97.1514000557363,15.356599993538111,"9706921350,9706921684,0;9706921684,9706921682,0;9706921682,9713848047,0;9713848047,9713848018,0;9713848018,9713848023,0;9713848023,12984979400,0;12984979400,9713848118,0;9713848118,9713848006,0;9713848006,9713847968,0;9713847968,9706921713,0;9706921713,9706921712,0;9706921712,9706921786,0;9706921786,9778914467,0;9778914467,9706887247,0;9706887247,9706857800,0;9706857800,9706857774,0;9706857774,9706857801,0;9706857801,9706857775,0;9706857775,9706857832,0;9706857832,9706857843,0;9706857843,7161807983,0;7161807983,7161812592,0;7161812592,499478563,0;499478563,499478564,0;499478564,7973114513,0;7973114513,7973099569,0;7973099569,7975273881,0;7975273881,7973099508,0;7973099508,7973099507,0;7973099507,7973114859,0;7973114859,8298792534,0;8298792534,8298792550,0;8298792550,7973114851,0;7973114851,7975286501,0;7975286501,8298792599,0;8298792599,1116501292,0;1116501292,7975286500,0;7975286500,1116501304,0;1116501304,7975286429,0;7975286429,7975286583,0;7975286583,7977056082,0;7977056082,7977056084,0;7977056084,7977050965,0;7977050965,7977056079,0;7977056079,7979256640,0;7979256640,7979256626,0;7979256626,7979256668,0;7979256668,7977056101,0;7977056101,7967831807,0;7967831807,7967774259,0;7967774259,503464976,0;503464976,7961771680,0;7961771680,1116492807,0;1116492807,7967774262,0;7967774262,503464985,0;503464985,2530277199,0;2530277199,564083084,0;564083084,5374860944,0;5374860944,5374860978,0;5374860978,5374861143,0;5374861143,9053077286,0;9053077286,13527622504,0;13527622504,13167173350,0;13167173350,13527622497,0;13527622497,564083093,0;564083093,6317320202,0;6317320202,564083165,0;564083165,13167173329,0;13167173329,6317320222,0;6317320222,6028645652,0;6028645652,2369336843,0;2369336843,2369336701,0;2369336701,12333484744,0;12333484744,2368579077,0;2368579077,2369336820,0;2369336820,2368578991,0;2368578991,8887740818,0;8887740818,9570709534,0;9570709534,2369336807,0;2369336807,2368578970,0;2368578970,6043430915,0;6043430915,4899192485,0;4899192485,564639012,0;564639012,564638925,0;564638925,504640818,0;504640818,504637096,0;504637096,2787061089,0;2787061089,2787061351,0;2787061351,2787061330,0;2787061330,11155489650,0;11155489650,2787061341,0;2787061341,2787061167,0"
simulated_extreme,120,0.0,0.0,21460920,universal,risk,10297.182344079098,0.6370087923684875,0.8280776466145003,0.8219173776639992,0.4311778653622655,98.56610000133514,16.01319998735562,"9706921350,9706921684,0;9706921684,9706921682,0;9706921682,9713848047,0;9713848047,9713848018,0;9713848018,9713848023,0;9713848023,12984979400,0;12984979400,9713848118,0;9713848118,9713848006,0;9713848006,9713847968,0;9713847968,9706921713,0;9706921713,9706921712,0;9706921712,9706921786,0;9706921786,9778914467,0;9778914467,9706887247,0;9706887247,9706857800,0;9706857800,9706857774,0;9706857774,9706857801,0;9706857801,9706857775,0;9706857775,9706857832,0;9706857832,9706857843,0;9706857843,7161807983,0;7161807983,7161812592,0;7161812592,499478563,0;499478563,499478564,0;499478564,7973114513,0;7973114513,7973099569,0;7973099569,7975273881,0;7975273881,7973099508,0;7973099508,7973099507,0;7973099507,7973114859,0;7973114859,8298792534,0;8298792534,8298792550,0;8298792550,7973114851,0;7973114851,7975286501,0;7975286501,8298792599,0;8298792599,1116501292,0;1116501292,7975286500,0;7975286500,1116501304,0;1116501304,7975286429,0;7975286429,7975286583,0;7975286583,7977056082,0;7977056082,7977056084,0;7977056084,7977050965,0;7977050965,7977056079,0;7977056079,7979256640,0;7979256640,7979256626,0;7979256626,7979256668,0;7979256668,7977056101,0;7977056101,7967831807,0;7967831807,7967774259,0;7967774259,503464976,0;503464976,7961771680,0;7961771680,1116492807,0;1116492807,7967774262,0;7967774262,503464985,0;503464985,2530277199,0;2530277199,564083084,0;564083084,5374860944,0;5374860944,5374860978,0;5374860978,5374861143,0;5374861143,9053077286,0;9053077286,13527622504,0;13527622504,13167173350,0;13167173350,13527622497,0;13527622497,564083093,0;564083093,6317320202,0;6317320202,564083165,0;564083165,13167173329,0;13167173329,6317320222,0;6317320222,6028645652,0;6028645652,2369336843,0;2369336843,2369336701,0;2369336701,12333484744,0;12333484744,2368579077,0;2368579077,2369336820,0;2369336820,2368578991,0;2368578991,8887740818,0;8887740818,9570709534,0;9570709534,2369336807,0;2369336807,2368578970,0;2368578970,6043430915,0;6043430915,4899192485,0;4899192485,564639012,0;564639012,564638925,0;564638925,504640818,0;504640818,504637096,0;504637096,2787061089,0;2787061089,2787061351,0;2787061351,2787061330,0;2787061330,11155489650,0;11155489650,2787061341,0;2787061341,2787061167,0"
simulated_extreme,120,0.0,0.0,21460920,universal,risk_uncertainty,10297.182344079098,0.6370087923684875,0.8280776466145003,0.8219173776639992,0.4311778653622655,97.93340001488104,15.38050000090152,"9706921350,9706921684,0;9706921684,9706921682,0;9706921682,9713848047,0;9713848047,9713848018,0;9713848018,9713848023,0;9713848023,12984979400,0;12984979400,9713848118,0;9713848118,9713848006,0;9713848006,9713847968,0;9713847968,9706921713,0;9706921713,9706921712,0;9706921712,9706921786,0;9706921786,9778914467,0;9778914467,9706887247,0;9706887247,9706857800,0;9706857800,9706857774,0;9706857774,9706857801,0;9706857801,9706857775,0;9706857775,9706857832,0;9706857832,9706857843,0;9706857843,7161807983,0;7161807983,7161812592,0;7161812592,499478563,0;499478563,499478564,0;499478564,7973114513,0;7973114513,7973099569,0;7973099569,7975273881,0;7975273881,7973099508,0;7973099508,7973099507,0;7973099507,7973114859,0;7973114859,8298792534,0;8298792534,8298792550,0;8298792550,7973114851,0;7973114851,7975286501,0;7975286501,8298792599,0;8298792599,1116501292,0;1116501292,7975286500,0;7975286500,1116501304,0;1116501304,7975286429,0;7975286429,7975286583,0;7975286583,7977056082,0;7977056082,7977056084,0;7977056084,7977050965,0;7977050965,7977056079,0;7977056079,7979256640,0;7979256640,7979256626,0;7979256626,7979256668,0;7979256668,7977056101,0;7977056101,7967831807,0;7967831807,7967774259,0;7967774259,503464976,0;503464976,7961771680,0;7961771680,1116492807,0;1116492807,7967774262,0;7967774262,503464985,0;503464985,2530277199,0;2530277199,564083084,0;564083084,5374860944,0;5374860944,5374860978,0;5374860978,5374861143,0;5374861143,9053077286,0;9053077286,13527622504,0;13527622504,13167173350,0;13167173350,13527622497,0;13527622497,564083093,0;564083093,6317320202,0;6317320202,564083165,0;564083165,13167173329,0;13167173329,6317320222,0;6317320222,6028645652,0;6028645652,2369336843,0;2369336843,2369336701,0;2369336701,12333484744,0;12333484744,2368579077,0;2368579077,2369336820,0;2369336820,2368578991,0;2368578991,8887740818,0;8887740818,9570709534,0;9570709534,2369336807,0;2369336807,2368578970,0;2368578970,6043430915,0;6043430915,4899192485,0;4899192485,564639012,0;564639012,564638925,0;564638925,504640818,0;504640818,504637096,0;504637096,2787061089,0;2787061089,2787061351,0;2787061351,2787061330,0;2787061330,11155489650,0;11155489650,2787061341,0;2787061341,2787061167,0"
simulated_extreme,120,0.0,0.0,21460920,universal,shortest,10279.902722198703,0.6421914589263749,0.8280776466145003,0.8190917470674244,0.42948322884636647,99.08620006171986,16.53330004774034,"9706921350,9706921684,0;9706921684,9706921682,0;9706921682,9713848047,0;9713848047,9713848018,0;9713848018,9713848023,0;9713848023,12984979400,0;12984979400,9713848118,0;9713848118,9713848006,0;9713848006,9713847968,0;9713847968,9706921713,0;9706921713,9706921712,0;9706921712,9706921786,0;9706921786,9778914467,0;9778914467,9706887247,0;9706887247,9706857800,0;9706857800,9706857774,0;9706857774,9706857801,0;9706857801,9706857775,0;9706857775,9706857832,0;9706857832,9706857843,0;9706857843,7161807983,0;7161807983,7161812592,0;7161812592,499478563,0;499478563,499478564,0;499478564,7973114513,0;7973114513,7973099569,0;7973099569,7975273881,0;7975273881,7973099508,0;7973099508,7973099507,0;7973099507,7973114859,0;7973114859,8298792534,0;8298792534,8298792550,0;8298792550,7973114851,0;7973114851,7975286501,0;7975286501,8298792599,0;8298792599,1116501292,0;1116501292,7975286500,0;7975286500,1116501304,0;1116501304,1116501296,0;1116501296,7977050964,0;7977050964,7977056084,0;7977056084,7977050965,0;7977050965,7977056079,0;7977056079,7979256640,0;7979256640,7979256626,0;7979256626,7979256668,0;7979256668,7977056101,0;7977056101,7967831807,0;7967831807,7967774259,0;7967774259,503464976,0;503464976,7961771680,0;7961771680,1116492807,0;1116492807,7967774262,0;7967774262,503464985,0;503464985,2530277199,0;2530277199,564083084,0;564083084,5374860944,0;5374860944,5374860978,0;5374860978,5374861143,0;5374861143,9053077286,0;9053077286,13527622504,0;13527622504,13167173350,0;13167173350,13527622497,0;13527622497,564083093,0;564083093,6317320202,0;6317320202,564083165,0;564083165,13167173329,0;13167173329,6317320222,0;6317320222,6028645652,0;6028645652,2369336843,0;2369336843,2369336701,0;2369336701,12333484744,0;12333484744,2368579077,0;2368579077,2369336820,0;2369336820,2368578991,0;2368578991,8887740818,0;8887740818,8887717116,0;8887717116,6043430915,0;6043430915,4899192485,0;4899192485,564639012,0;564639012,564638925,0;564638925,504640818,0;504640818,504637096,0;504637096,2787061089,0;2787061089,564641522,0;564641522,11155489649,0;11155489649,11155489650,0;11155489650,2787061341,0;2787061341,2787061167,0"
simulated_extreme,120,0.0,0.0,21460920,universal,trusted,10297.182344079098,0.6370087923684875,0.8280776466145003,0.8219173776639992,0.4311778653622655,99.61910004494712,17.066200030967593,"9706921350,9706921684,0;9706921684,9706921682,0;9706921682,9713848047,0;9713848047,9713848018,0;9713848018,9713848023,0;9713848023,12984979400,0;12984979400,9713848118,0;9713848118,9713848006,0;9713848006,9713847968,0;9713847968,9706921713,0;9706921713,9706921712,0;9706921712,9706921786,0;9706921786,9778914467,0;9778914467,9706887247,0;9706887247,9706857800,0;9706857800,9706857774,0;9706857774,9706857801,0;9706857801,9706857775,0;9706857775,9706857832,0;9706857832,9706857843,0;9706857843,7161807983,0;7161807983,7161812592,0;7161812592,499478563,0;499478563,499478564,0;499478564,7973114513,0;7973114513,7973099569,0;7973099569,7975273881,0;7975273881,7973099508,0;7973099508,7973099507,0;7973099507,7973114859,0;7973114859,8298792534,0;8298792534,8298792550,0;8298792550,7973114851,0;7973114851,7975286501,0;7975286501,8298792599,0;8298792599,1116501292,0;1116501292,7975286500,0;7975286500,1116501304,0;1116501304,7975286429,0;7975286429,7975286583,0;7975286583,7977056082,0;7977056082,7977056084,0;7977056084,7977050965,0;7977050965,7977056079,0;7977056079,7979256640,0;7979256640,7979256626,0;7979256626,7979256668,0;7979256668,7977056101,0;7977056101,7967831807,0;7967831807,7967774259,0;7967774259,503464976,0;503464976,7961771680,0;7961771680,1116492807,0;1116492807,7967774262,0;7967774262,503464985,0;503464985,2530277199,0;2530277199,564083084,0;564083084,5374860944,0;5374860944,5374860978,0;5374860978,5374861143,0;5374861143,9053077286,0;9053077286,13527622504,0;13527622504,13167173350,0;13167173350,13527622497,0;13527622497,564083093,0;564083093,6317320202,0;6317320202,564083165,0;564083165,13167173329,0;13167173329,6317320222,0;6317320222,6028645652,0;6028645652,2369336843,0;2369336843,2369336701,0;2369336701,12333484744,0;12333484744,2368579077,0;2368579077,2369336820,0;2369336820,2368578991,0;2368578991,8887740818,0;8887740818,9570709534,0;9570709534,2369336807,0;2369336807,2368578970,0;2368578970,6043430915,0;6043430915,4899192485,0;4899192485,564639012,0;564639012,564638925,0;564638925,504640818,0;504640818,504637096,0;504637096,2787061089,0;2787061089,2787061351,0;2787061351,2787061330,0;2787061330,11155489650,0;11155489650,2787061341,0;2787061341,2787061167,0"
simulated_extreme,120,0.0,0.1,21460930,source_specific,risk,10297.182344079098,0.6370087923684875,0.8280776466145003,0.8219173776639992,0.4311778653622655,98.83939998690039,15.561699983663857,"9706921350,9706921684,0;9706921684,9706921682,0;9706921682,9713848047,0;9713848047,9713848018,0;9713848018,9713848023,0;9713848023,12984979400,0;12984979400,9713848118,0;9713848118,9713848006,0;9713848006,9713847968,0;9713847968,9706921713,0;9706921713,9706921712,0;9706921712,9706921786,0;9706921786,9778914467,0;9778914467,9706887247,0;9706887247,9706857800,0;9706857800,9706857774,0;9706857774,9706857801,0;9706857801,9706857775,0;9706857775,9706857832,0;9706857832,9706857843,0;9706857843,7161807983,0;7161807983,7161812592,0;7161812592,499478563,0;499478563,499478564,0;499478564,7973114513,0;7973114513,7973099569,0;7973099569,7975273881,0;7975273881,7973099508,0;7973099508,7973099507,0;7973099507,7973114859,0;7973114859,8298792534,0;8298792534,8298792550,0;8298792550,7973114851,0;7973114851,7975286501,0;7975286501,8298792599,0;8298792599,1116501292,0;1116501292,7975286500,0;7975286500,1116501304,0;1116501304,7975286429,0;7975286429,7975286583,0;7975286583,7977056082,0;7977056082,7977056084,0;7977056084,7977050965,0;7977050965,7977056079,0;7977056079,7979256640,0;7979256640,7979256626,0;7979256626,7979256668,0;7979256668,7977056101,0;7977056101,7967831807,0;7967831807,7967774259,0;7967774259,503464976,0;503464976,7961771680,0;7961771680,1116492807,0;1116492807,7967774262,0;7967774262,503464985,0;503464985,2530277199,0;2530277199,564083084,0;564083084,5374860944,0;5374860944,5374860978,0;5374860978,5374861143,0;5374861143,9053077286,0;9053077286,13527622504,0;13527622504,13167173350,0;13167173350,13527622497,0;13527622497,564083093,0;564083093,6317320202,0;6317320202,564083165,0;564083165,13167173329,0;13167173329,6317320222,0;6317320222,6028645652,0;6028645652,2369336843,0;2369336843,2369336701,0;2369336701,12333484744,0;12333484744,2368579077,0;2368579077,2369336820,0;2369336820,2368578991,0;2368578991,8887740818,0;8887740818,9570709534,0;9570709534,2369336807,0;2369336807,2368578970,0;2368578970,6043430915,0;6043430915,4899192485,0;4899192485,564639012,0;564639012,564638925,0;564638925,504640818,0;504640818,504637096,0;504637096,2787061089,0;2787061089,2787061351,0;2787061351,2787061330,0;2787061330,11155489650,0;11155489650,2787061341,0;2787061341,2787061167,0"
simulated_extreme,120,0.0,0.1,21460930,source_specific,risk_uncertainty,10297.182344079098,0.6370087923684875,0.8280776466145003,0.8219173776639992,0.4311778653622655,100.03380000125617,16.756099998019636,"9706921350,9706921684,0;9706921684,9706921682,0;9706921682,9713848047,0;9713848047,9713848018,0;9713848018,9713848023,0;9713848023,12984979400,0;12984979400,9713848118,0;9713848118,9713848006,0;9713848006,9713847968,0;9713847968,9706921713,0;9706921713,9706921712,0;9706921712,9706921786,0;9706921786,9778914467,0;9778914467,9706887247,0;9706887247,9706857800,0;9706857800,9706857774,0;9706857774,9706857801,0;9706857801,9706857775,0;9706857775,9706857832,0;9706857832,9706857843,0;9706857843,7161807983,0;7161807983,7161812592,0;7161812592,499478563,0;499478563,499478564,0;499478564,7973114513,0;7973114513,7973099569,0;7973099569,7975273881,0;7975273881,7973099508,0;7973099508,7973099507,0;7973099507,7973114859,0;7973114859,8298792534,0;8298792534,8298792550,0;8298792550,7973114851,0;7973114851,7975286501,0;7975286501,8298792599,0;8298792599,1116501292,0;1116501292,7975286500,0;7975286500,1116501304,0;1116501304,7975286429,0;7975286429,7975286583,0;7975286583,7977056082,0;7977056082,7977056084,0;7977056084,7977050965,0;7977050965,7977056079,0;7977056079,7979256640,0;7979256640,7979256626,0;7979256626,7979256668,0;7979256668,7977056101,0;7977056101,7967831807,0;7967831807,7967774259,0;7967774259,503464976,0;503464976,7961771680,0;7961771680,1116492807,0;1116492807,7967774262,0;7967774262,503464985,0;503464985,2530277199,0;2530277199,564083084,0;564083084,5374860944,0;5374860944,5374860978,0;5374860978,5374861143,0;5374861143,9053077286,0;9053077286,13527622504,0;13527622504,13167173350,0;13167173350,13527622497,0;13527622497,564083093,0;564083093,6317320202,0;6317320202,564083165,0;564083165,13167173329,0;13167173329,6317320222,0;6317320222,6028645652,0;6028645652,2369336843,0;2369336843,2369336701,0;2369336701,12333484744,0;12333484744,2368579077,0;2368579077,2369336820,0;2369336820,2368578991,0;2368578991,8887740818,0;8887740818,9570709534,0;9570709534,2369336807,0;2369336807,2368578970,0;2368578970,6043430915,0;6043430915,4899192485,0;4899192485,564639012,0;564639012,564638925,0;564638925,504640818,0;504640818,504637096,0;504637096,2787061089,0;2787061089,2787061351,0;2787061351,2787061330,0;2787061330,11155489650,0;11155489650,2787061341,0;2787061341,2787061167,0"
simulated_extreme,120,0.0,0.1,21460930,source_specific,shortest,10279.902722198703,0.6421914589263749,0.8280776466145003,0.8190917470674244,0.42948322884636647,97.88820001995191,14.610500016715378,"9706921350,9706921684,0;9706921684,9706921682,0;9706921682,9713848047,0;9713848047,9713848018,0;9713848018,9713848023,0;9713848023,12984979400,0;12984979400,9713848118,0;9713848118,9713848006,0;9713848006,9713847968,0;9713847968,9706921713,0;9706921713,9706921712,0;9706921712,9706921786,0;9706921786,9778914467,0;9778914467,9706887247,0;9706887247,9706857800,0;9706857800,9706857774,0;9706857774,9706857801,0;9706857801,9706857775,0;9706857775,9706857832,0;9706857832,9706857843,0;9706857843,7161807983,0;7161807983,7161812592,0;7161812592,499478563,0;499478563,499478564,0;499478564,7973114513,0;7973114513,7973099569,0;7973099569,7975273881,0;7975273881,7973099508,0;7973099508,7973099507,0;7973099507,7973114859,0;7973114859,8298792534,0;8298792534,8298792550,0;8298792550,7973114851,0;7973114851,7975286501,0;7975286501,8298792599,0;8298792599,1116501292,0;1116501292,7975286500,0;7975286500,1116501304,0;1116501304,1116501296,0;1116501296,7977050964,0;7977050964,7977056084,0;7977056084,7977050965,0;7977050965,7977056079,0;7977056079,7979256640,0;7979256640,7979256626,0;7979256626,7979256668,0;7979256668,7977056101,0;7977056101,7967831807,0;7967831807,7967774259,0;7967774259,503464976,0;503464976,7961771680,0;7961771680,1116492807,0;1116492807,7967774262,0;7967774262,503464985,0;503464985,2530277199,0;2530277199,564083084,0;564083084,5374860944,0;5374860944,5374860978,0;5374860978,5374861143,0;5374861143,9053077286,0;9053077286,13527622504,0;13527622504,13167173350,0;13167173350,13527622497,0;13527622497,564083093,0;564083093,6317320202,0;6317320202,564083165,0;564083165,13167173329,0;13167173329,6317320222,0;6317320222,6028645652,0;6028645652,2369336843,0;2369336843,2369336701,0;2369336701,12333484744,0;12333484744,2368579077,0;2368579077,2369336820,0;2369336820,2368578991,0;2368578991,8887740818,0;8887740818,8887717116,0;8887717116,6043430915,0;6043430915,4899192485,0;4899192485,564639012,0;564639012,564638925,0;564638925,504640818,0;504640818,504637096,0;504637096,2787061089,0;2787061089,564641522,0;564641522,11155489649,0;11155489649,11155489650,0;11155489650,2787061341,0;2787061341,2787061167,0"
simulated_extreme,120,0.0,0.1,21460930,source_specific,trusted,10297.182344079098,0.6370087923684875,0.8280776466145003,0.8219173776639992,0.4311778653622655,99.24660000251606,15.968899999279529,"9706921350,9706921684,0;9706921684,9706921682,0;9706921682,9713848047,0;9713848047,9713848018,0;9713848018,9713848023,0;9713848023,12984979400,0;12984979400,9713848118,0;9713848118,9713848006,0;9713848006,9713847968,0;9713847968,9706921713,0;9706921713,9706921712,0;9706921712,9706921786,0;9706921786,9778914467,0;9778914467,9706887247,0;9706887247,9706857800,0;9706857800,9706857774,0;9706857774,9706857801,0;9706857801,9706857775,0;9706857775,9706857832,0;9706857832,9706857843,0;9706857843,7161807983,0;7161807983,7161812592,0;7161812592,499478563,0;499478563,499478564,0;499478564,7973114513,0;7973114513,7973099569,0;7973099569,7975273881,0;7975273881,7973099508,0;7973099508,7973099507,0;7973099507,7973114859,0;7973114859,8298792534,0;8298792534,8298792550,0;8298792550,7973114851,0;7973114851,7975286501,0;7975286501,8298792599,0;8298792599,1116501292,0;1116501292,7975286500,0;7975286500,1116501304,0;1116501304,7975286429,0;7975286429,7975286583,0;7975286583,7977056082,0;7977056082,7977056084,0;7977056084,7977050965,0;7977050965,7977056079,0;7977056079,7979256640,0;7979256640,7979256626,0;7979256626,7979256668,0;7979256668,7977056101,0;7977056101,7967831807,0;7967831807,7967774259,0;7967774259,503464976,0;503464976,7961771680,0;7961771680,1116492807,0;1116492807,7967774262,0;7967774262,503464985,0;503464985,2530277199,0;2530277199,564083084,0;564083084,5374860944,0;5374860944,5374860978,0;5374860978,5374861143,0;5374861143,9053077286,0;9053077286,13527622504,0;13527622504,13167173350,0;13167173350,13527622497,0;13527622497,564083093,0;564083093,6317320202,0;6317320202,564083165,0;564083165,13167173329,0;13167173329,6317320222,0;6317320222,6028645652,0;6028645652,2369336843,0;2369336843,2369336701,0;2369336701,12333484744,0;12333484744,2368579077,0;2368579077,2369336820,0;2369336820,2368578991,0;2368578991,8887740818,0;8887740818,9570709534,0;9570709534,2369336807,0;2369336807,2368578970,0;2368578970,6043430915,0;6043430915,4899192485,0;4899192485,564639012,0;564639012,564638925,0;564638925,504640818,0;504640818,504637096,0;504637096,2787061089,0;2787061089,2787061351,0;2787061351,2787061330,0;2787061330,11155489650,0;11155489650,2787061341,0;2787061341,2787061167,0"
simulated_extreme,120,0.0,0.1,21460930,universal,risk,10297.182344079098,0.6370087923684875,0.8280776466145003,0.8219173776639992,0.4311778653622655,97.60650002863258,15.743200026918203,"9706921350,9706921684,0;9706921684,9706921682,0;9706921682,9713848047,0;9713848047,9713848018,0;9713848018,9713848023,0;9713848023,12984979400,0;12984979400,9713848118,0;9713848118,9713848006,0;9713848006,9713847968,0;9713847968,9706921713,0;9706921713,9706921712,0;9706921712,9706921786,0;9706921786,9778914467,0;9778914467,9706887247,0;9706887247,9706857800,0;9706857800,9706857774,0;9706857774,9706857801,0;9706857801,9706857775,0;9706857775,9706857832,0;9706857832,9706857843,0;9706857843,7161807983,0;7161807983,7161812592,0;7161812592,499478563,0;499478563,499478564,0;499478564,7973114513,0;7973114513,7973099569,0;7973099569,7975273881,0;7975273881,7973099508,0;7973099508,7973099507,0;7973099507,7973114859,0;7973114859,8298792534,0;8298792534,8298792550,0;8298792550,7973114851,0;7973114851,7975286501,0;7975286501,8298792599,0;8298792599,1116501292,0;1116501292,7975286500,0;7975286500,1116501304,0;1116501304,7975286429,0;7975286429,7975286583,0;7975286583,7977056082,0;7977056082,7977056084,0;7977056084,7977050965,0;7977050965,7977056079,0;7977056079,7979256640,0;7979256640,7979256626,0;7979256626,7979256668,0;7979256668,7977056101,0;7977056101,7967831807,0;7967831807,7967774259,0;7967774259,503464976,0;503464976,7961771680,0;7961771680,1116492807,0;1116492807,7967774262,0;7967774262,503464985,0;503464985,2530277199,0;2530277199,564083084,0;564083084,5374860944,0;5374860944,5374860978,0;5374860978,5374861143,0;5374861143,9053077286,0;9053077286,13527622504,0;13527622504,13167173350,0;13167173350,13527622497,0;13527622497,564083093,0;564083093,6317320202,0;6317320202,564083165,0;564083165,13167173329,0;13167173329,6317320222,0;6317320222,6028645652,0;6028645652,2369336843,0;2369336843,2369336701,0;2369336701,12333484744,0;12333484744,2368579077,0;2368579077,2369336820,0;2369336820,2368578991,0;2368578991,8887740818,0;8887740818,9570709534,0;9570709534,2369336807,0;2369336807,2368578970,0;2368578970,6043430915,0;6043430915,4899192485,0;4899192485,564639012,0;564639012,564638925,0;564638925,504640818,0;504640818,504637096,0;504637096,2787061089,0;2787061089,2787061351,0;2787061351,2787061330,0;2787061330,11155489650,0;11155489650,2787061341,0;2787061341,2787061167,0"
simulated_extreme,120,0.0,0.1,21460930,universal,risk_uncertainty,10297.182344079098,0.6370087923684875,0.8280776466145003,0.8219173776639992,0.4311778653622655,98.5761999618262,16.712899960111827,"9706921350,9706921684,0;9706921684,9706921682,0;9706921682,9713848047,0;9713848047,9713848018,0;9713848018,9713848023,0;9713848023,12984979400,0;12984979400,9713848118,0;9713848118,9713848006,0;9713848006,9713847968,0;9713847968,9706921713,0;9706921713,9706921712,0;9706921712,9706921786,0;9706921786,9778914467,0;9778914467,9706887247,0;9706887247,9706857800,0;9706857800,9706857774,0;9706857774,9706857801,0;9706857801,9706857775,0;9706857775,9706857832,0;9706857832,9706857843,0;9706857843,7161807983,0;7161807983,7161812592,0;7161812592,499478563,0;499478563,499478564,0;499478564,7973114513,0;7973114513,7973099569,0;7973099569,7975273881,0;7975273881,7973099508,0;7973099508,7973099507,0;7973099507,7973114859,0;7973114859,8298792534,0;8298792534,8298792550,0;8298792550,7973114851,0;7973114851,7975286501,0;7975286501,8298792599,0;8298792599,1116501292,0;1116501292,7975286500,0;7975286500,1116501304,0;1116501304,7975286429,0;7975286429,7975286583,0;7975286583,7977056082,0;7977056082,7977056084,0;7977056084,7977050965,0;7977050965,7977056079,0;7977056079,7979256640,0;7979256640,7979256626,0;7979256626,7979256668,0;7979256668,7977056101,0;7977056101,7967831807,0;7967831807,7967774259,0;7967774259,503464976,0;503464976,7961771680,0;7961771680,1116492807,0;1116492807,7967774262,0;7967774262,503464985,0;503464985,2530277199,0;2530277199,564083084,0;564083084,5374860944,0;5374860944,5374860978,0;5374860978,5374861143,0;5374861143,9053077286,0;9053077286,13527622504,0;13527622504,13167173350,0;13167173350,13527622497,0;13527622497,564083093,0;564083093,6317320202,0;6317320202,564083165,0;564083165,13167173329,0;13167173329,6317320222,0;6317320222,6028645652,0;6028645652,2369336843,0;2369336843,2369336701,0;2369336701,12333484744,0;12333484744,2368579077,0;2368579077,2369336820,0;2369336820,2368578991,0;2368578991,8887740818,0;8887740818,9570709534,0;9570709534,2369336807,0;2369336807,2368578970,0;2368578970,6043430915,0;6043430915,4899192485,0;4899192485,564639012,0;564639012,564638925,0;564638925,504640818,0;504640818,504637096,0;504637096,2787061089,0;2787061089,2787061351,0;2787061351,2787061330,0;2787061330,11155489650,0;11155489650,2787061341,0;2787061341,2787061167,0"
simulated_extreme,120,0.0,0.1,21460930,universal,shortest,10279.902722198703,0.6421914589263749,0.8280776466145003,0.8190917470674244,0.42948322884636647,96.61509998841211,14.751799986697733,"9706921350,9706921684,0;9706921684,9706921682,0;9706921682,9713848047,0;9713848047,9713848018,0;9713848018,9713848023,0;9713848023,12984979400,0;12984979400,9713848118,0;9713848118,9713848006,0;9713848006,9713847968,0;9713847968,9706921713,0;9706921713,9706921712,0;9706921712,9706921786,0;9706921786,9778914467,0;9778914467,9706887247,0;9706887247,9706857800,0;9706857800,9706857774,0;9706857774,9706857801,0;9706857801,9706857775,0;9706857775,9706857832,0;9706857832,9706857843,0;9706857843,7161807983,0;7161807983,7161812592,0;7161812592,499478563,0;499478563,499478564,0;499478564,7973114513,0;7973114513,7973099569,0;7973099569,7975273881,0;7975273881,7973099508,0;7973099508,7973099507,0;7973099507,7973114859,0;7973114859,8298792534,0;8298792534,8298792550,0;8298792550,7973114851,0;7973114851,7975286501,0;7975286501,8298792599,0;8298792599,1116501292,0;1116501292,7975286500,0;7975286500,1116501304,0;1116501304,1116501296,0;1116501296,7977050964,0;7977050964,7977056084,0;7977056084,7977050965,0;7977050965,7977056079,0;7977056079,7979256640,0;7979256640,7979256626,0;7979256626,7979256668,0;7979256668,7977056101,0;7977056101,7967831807,0;7967831807,7967774259,0;7967774259,503464976,0;503464976,7961771680,0;7961771680,1116492807,0;1116492807,7967774262,0;7967774262,503464985,0;503464985,2530277199,0;2530277199,564083084,0;564083084,5374860944,0;5374860944,5374860978,0;5374860978,5374861143,0;5374861143,9053077286,0;9053077286,13527622504,0;13527622504,13167173350,0;13167173350,13527622497,0;13527622497,564083093,0;564083093,6317320202,0;6317320202,564083165,0;564083165,13167173329,0;13167173329,6317320222,0;6317320222,6028645652,0;6028645652,2369336843,0;2369336843,2369336701,0;2369336701,12333484744,0;12333484744,2368579077,0;2368579077,2369336820,0;2369336820,2368578991,0;2368578991,8887740818,0;8887740818,8887717116,0;8887717116,6043430915,0;6043430915,4899192485,0;4899192485,564639012,0;564639012,564638925,0;564638925,504640818,0;504640818,504637096,0;504637096,2787061089,0;2787061089,564641522,0;564641522,11155489649,0;11155489649,11155489650,0;11155489650,2787061341,0;2787061341,2787061167,0"
simulated_extreme,120,0.0,0.1,21460930,universal,trusted,10297.182344079098,0.6370087923684875,0.8280776466145003,0.8219173776639992,0.4311778653622655,97.14140003779903,15.278100036084652,"9706921350,9706921684,0;9706921684,9706921682,0;9706921682,9713848047,0;9713848047,9713848018,0;9713848018,9713848023,0;9713848023,12984979400,0;12984979400,9713848118,0;9713848118,9713848006,0;9713848006,9713847968,0;9713847968,9706921713,0;9706921713,9706921712,0;9706921712,9706921786,0;9706921786,9778914467,0;9778914467,9706887247,0;9706887247,9706857800,0;9706857800,9706857774,0;9706857774,9706857801,0;9706857801,9706857775,0;9706857775,9706857832,0;9706857832,9706857843,0;9706857843,7161807983,0;7161807983,7161812592,0;7161812592,499478563,0;499478563,499478564,0;499478564,7973114513,0;7973114513,7973099569,0;7973099569,7975273881,0;7975273881,7973099508,0;7973099508,7973099507,0;7973099507,7973114859,0;7973114859,8298792534,0;8298792534,8298792550,0;8298792550,7973114851,0;7973114851,7975286501,0;7975286501,8298792599,0;8298792599,1116501292,0;1116501292,7975286500,0;7975286500,1116501304,0;1116501304,7975286429,0;7975286429,7975286583,0;7975286583,7977056082,0;7977056082,7977056084,0;7977056084,7977050965,0;7977050965,7977056079,0;7977056079,7979256640,0;7979256640,7979256626,0;7979256626,7979256668,0;7979256668,7977056101,0;7977056101,7967831807,0;7967831807,7967774259,0;7967774259,503464976,0;503464976,7961771680,0;7961771680,1116492807,0;1116492807,7967774262,0;7967774262,503464985,0;503464985,2530277199,0;2530277199,564083084,0;564083084,5374860944,0;5374860944,5374860978,0;5374860978,5374861143,0;5374861143,9053077286,0;9053077286,13527622504,0;13527622504,13167173350,0;13167173350,13527622497,0;13527622497,564083093,0;564083093,6317320202,0;6317320202,564083165,0;564083165,13167173329,0;13167173329,6317320222,0;6317320222,6028645652,0;6028645652,2369336843,0;2369336843,2369336701,0;2369336701,12333484744,0;12333484744,2368579077,0;2368579077,2369336820,0;2369336820,2368578991,0;2368578991,8887740818,0;8887740818,9570709534,0;9570709534,2369336807,0;2369336807,2368578970,0;2368578970,6043430915,0;6043430915,4899192485,0;4899192485,564639012,0;564639012,564638925,0;564638925,504640818,0;504640818,504637096,0;504637096,2787061089,0;2787061089,2787061351,0;2787061351,2787061330,0;2787061330,11155489650,0;11155489650,2787061341,0;2787061341,2787061167,0"
simulated_extreme,120,0.0,0.2,21460940,source_specific,risk,10361.510411375662,0.6304806802456153,0.8280776466145003,0.8219173776639992,0.381591638638449,96.77989996271208,15.506699972320348,"9706921350,9706921684,0;9706921684,9706921682,0;9706921682,9713848047,0;9713848047,9713848018,0;9713848018,9713848023,0;9713848023,12984979400,0;12984979400,9713848118,0;9713848118,9713848006,0;9713848006,9713847968,0;9713847968,9706921713,0;9706921713,9706921712,0;9706921712,9706921786,0;9706921786,9778914467,0;9778914467,9706887247,0;9706887247,9706857800,0;9706857800,9706857774,0;9706857774,9706857801,0;9706857801,9706857775,0;9706857775,9706857832,0;9706857832,9706857843,0;9706857843,7161807983,0;7161807983,7161812592,0;7161812592,499478563,0;499478563,499478564,0;499478564,7973114513,0;7973114513,7973099569,0;7973099569,7975273881,0;7975273881,7973099508,0;7973099508,7973099507,0;7973099507,7973114859,0;7973114859,8298792534,0;8298792534,8298792550,0;8298792550,7973114851,0;7973114851,7975286501,0;7975286501,8298792599,0;8298792599,1116501292,0;1116501292,7975286500,0;7975286500,1116501304,0;1116501304,7975286429,0;7975286429,7975286583,0;7975286583,7977056082,0;7977056082,7977056084,0;7977056084,7977050965,0;7977050965,7977056079,0;7977056079,7977056078,0;7977056078,7979256736,0;7979256736,7977056077,0;7977056077,7979256760,0;7979256760,8407048466,0;8407048466,2530277169,0;2530277169,13161326472,0;13161326472,7979256723,0;7979256723,7979924894,0;7979924894,7979918290,0;7979918290,7967831812,0;7967831812,279077946,0;279077946,564083084,0;564083084,5374860944,0;5374860944,5374860978,0;5374860978,5374861143,0;5374861143,9053077286,0;9053077286,13527622504,0;13527622504,13167173350,0;13167173350,13527622497,0;13527622497,564083093,0;564083093,6317320202,0;6317320202,564083165,0;564083165,13167173329,0;13167173329,6317320222,0;6317320222,6028645652,0;6028645652,2369336843,0;2369336843,2369336701,0;2369336701,12333484744,0;12333484744,2368579077,0;2368579077,2369336820,0;2369336820,2368578991,0;2368578991,8887740818,0;8887740818,9570709534,0;9570709534,2369336807,0;2369336807,2368578970,0;2368578970,6043430915,0;6043430915,4899192485,0;4899192485,564639012,0;564639012,564638925,0;564638925,504640818,0;504640818,504637096,0;504637096,2787061089,0;2787061089,2787061351,0;2787061351,2787061330,0;2787061330,11155489650,0;11155489650,2787061341,0;2787061341,2787061167,0"
simulated_extreme,120,0.0,0.2,21460940,source_specific,risk_uncertainty,10361.510411375662,0.6304806802456153,0.8280776466145003,0.8219173776639992,0.381591638638449,95.69119999650866,14.418000006116927,"9706921350,9706921684,0;9706921684,9706921682,0;9706921682,9713848047,0;9713848047,9713848018,0;9713848018,9713848023,0;9713848023,12984979400,0;12984979400,9713848118,0;9713848118,9713848006,0;9713848006,9713847968,0;9713847968,9706921713,0;9706921713,9706921712,0;9706921712,9706921786,0;9706921786,9778914467,0;9778914467,9706887247,0;9706887247,9706857800,0;9706857800,9706857774,0;9706857774,9706857801,0;9706857801,9706857775,0;9706857775,9706857832,0;9706857832,9706857843,0;9706857843,7161807983,0;7161807983,7161812592,0;7161812592,499478563,0;499478563,499478564,0;499478564,7973114513,0;7973114513,7973099569,0;7973099569,7975273881,0;7975273881,7973099508,0;7973099508,7973099507,0;7973099507,7973114859,0;7973114859,8298792534,0;8298792534,8298792550,0;8298792550,7973114851,0;7973114851,7975286501,0;7975286501,8298792599,0;8298792599,1116501292,0;1116501292,7975286500,0;7975286500,1116501304,0;1116501304,7975286429,0;7975286429,7975286583,0;7975286583,7977056082,0;7977056082,7977056084,0;7977056084,7977050965,0;7977050965,7977056079,0;7977056079,7977056078,0;7977056078,7979256736,0;7979256736,7977056077,0;7977056077,7979256760,0;7979256760,8407048466,0;8407048466,2530277169,0;2530277169,13161326472,0;13161326472,7979256723,0;7979256723,7979924894,0;7979924894,7979918290,0;7979918290,7967831812,0;7967831812,279077946,0;279077946,564083084,0;564083084,5374860944,0;5374860944,5374860978,0;5374860978,5374861143,0;5374861143,9053077286,0;9053077286,13527622504,0;13527622504,13167173350,0;13167173350,13527622497,0;13527622497,564083093,0;564083093,6317320202,0;6317320202,564083165,0;564083165,13167173329,0;13167173329,6317320222,0;6317320222,6028645652,0;6028645652,2369336843,0;2369336843,2369336701,0;2369336701,12333484744,0;12333484744,2368579077,0;2368579077,2369336820,0;2369336820,2368578991,0;2368578991,8887740818,0;8887740818,9570709534,0;9570709534,2369336807,0;2369336807,2368578970,0;2368578970,6043430915,0;6043430915,4899192485,0;4899192485,564639012,0;564639012,564638925,0;564638925,504640818,0;504640818,504637096,0;504637096,2787061089,0;2787061089,2787061351,0;2787061351,2787061330,0;2787061330,11155489650,0;11155489650,2787061341,0;2787061341,2787061167,0"
simulated_extreme,120,0.0,0.2,21460940,source_specific,shortest,10279.902722198703,0.6421914589263749,0.8280776466145003,0.8190917470674244,0.42948322884636647,96.01389995077625,14.740699960384518,"9706921350,9706921684,0;9706921684,9706921682,0;9706921682,9713848047,0;9713848047,9713848018,0;9713848018,9713848023,0;9713848023,12984979400,0;12984979400,9713848118,0;9713848118,9713848006,0;9713848006,9713847968,0;9713847968,9706921713,0;9706921713,9706921712,0;9706921712,9706921786,0;9706921786,9778914467,0;9778914467,9706887247,0;9706887247,9706857800,0;9706857800,9706857774,0;9706857774,9706857801,0;9706857801,9706857775,0;9706857775,9706857832,0;9706857832,9706857843,0;9706857843,7161807983,0;7161807983,7161812592,0;7161812592,499478563,0;499478563,499478564,0;499478564,7973114513,0;7973114513,7973099569,0;7973099569,7975273881,0;7975273881,7973099508,0;7973099508,7973099507,0;7973099507,7973114859,0;7973114859,8298792534,0;8298792534,8298792550,0;8298792550,7973114851,0;7973114851,7975286501,0;7975286501,8298792599,0;8298792599,1116501292,0;1116501292,7975286500,0;7975286500,1116501304,0;1116501304,1116501296,0;1116501296,7977050964,0;7977050964,7977056084,0;7977056084,7977050965,0;7977050965,7977056079,0;7977056079,7979256640,0;7979256640,7979256626,0;7979256626,7979256668,0;7979256668,7977056101,0;7977056101,7967831807,0;7967831807,7967774259,0;7967774259,503464976,0;503464976,7961771680,0;7961771680,1116492807,0;1116492807,7967774262,0;7967774262,503464985,0;503464985,2530277199,0;2530277199,564083084,0;564083084,5374860944,0;5374860944,5374860978,0;5374860978,5374861143,0;5374861143,9053077286,0;9053077286,13527622504,0;13527622504,13167173350,0;13167173350,13527622497,0;13527622497,564083093,0;564083093,6317320202,0;6317320202,564083165,0;564083165,13167173329,0;13167173329,6317320222,0;6317320222,6028645652,0;6028645652,2369336843,0;2369336843,2369336701,0;2369336701,12333484744,0;12333484744,2368579077,0;2368579077,2369336820,0;2369336820,2368578991,0;2368578991,8887740818,0;8887740818,8887717116,0;8887717116,6043430915,0;6043430915,4899192485,0;4899192485,564639012,0;564639012,564638925,0;564638925,504640818,0;504640818,504637096,0;504637096,2787061089,0;2787061089,564641522,0;564641522,11155489649,0;11155489649,11155489650,0;11155489650,2787061341,0;2787061341,2787061167,0"
simulated_extreme,120,0.0,0.2,21460940,source_specific,trusted,10297.182344079098,0.6370087923684875,0.8280776466145003,0.8219173776639992,0.4311778653622655,97.67589997500181,16.40269998461008,"9706921350,9706921684,0;9706921684,9706921682,0;9706921682,9713848047,0;9713848047,9713848018,0;9713848018,9713848023,0;9713848023,12984979400,0;12984979400,9713848118,0;9713848118,9713848006,0;9713848006,9713847968,0;9713847968,9706921713,0;9706921713,9706921712,0;9706921712,9706921786,0;9706921786,9778914467,0;9778914467,9706887247,0;9706887247,9706857800,0;9706857800,9706857774,0;9706857774,9706857801,0;9706857801,9706857775,0;9706857775,9706857832,0;9706857832,9706857843,0;9706857843,7161807983,0;7161807983,7161812592,0;7161812592,499478563,0;499478563,499478564,0;499478564,7973114513,0;7973114513,7973099569,0;7973099569,7975273881,0;7975273881,7973099508,0;7973099508,7973099507,0;7973099507,7973114859,0;7973114859,8298792534,0;8298792534,8298792550,0;8298792550,7973114851,0;7973114851,7975286501,0;7975286501,8298792599,0;8298792599,1116501292,0;1116501292,7975286500,0;7975286500,1116501304,0;1116501304,7975286429,0;7975286429,7975286583,0;7975286583,7977056082,0;7977056082,7977056084,0;7977056084,7977050965,0;7977050965,7977056079,0;7977056079,7979256640,0;7979256640,7979256626,0;7979256626,7979256668,0;7979256668,7977056101,0;7977056101,7967831807,0;7967831807,7967774259,0;7967774259,503464976,0;503464976,7961771680,0;7961771680,1116492807,0;1116492807,7967774262,0;7967774262,503464985,0;503464985,2530277199,0;2530277199,564083084,0;564083084,5374860944,0;5374860944,5374860978,0;5374860978,5374861143,0;5374861143,9053077286,0;9053077286,13527622504,0;13527622504,13167173350,0;13167173350,13527622497,0;13527622497,564083093,0;564083093,6317320202,0;6317320202,564083165,0;564083165,13167173329,0;13167173329,6317320222,0;6317320222,6028645652,0;6028645652,2369336843,0;2369336843,2369336701,0;2369336701,12333484744,0;12333484744,2368579077,0;2368579077,2369336820,0;2369336820,2368578991,0;2368578991,8887740818,0;8887740818,9570709534,0;9570709534,2369336807,0;2369336807,2368578970,0;2368578970,6043430915,0;6043430915,4899192485,0;4899192485,564639012,0;564639012,564638925,0;564638925,504640818,0;504640818,504637096,0;504637096,2787061089,0;2787061089,2787061351,0;2787061351,2787061330,0;2787061330,11155489650,0;11155489650,2787061341,0;2787061341,2787061167,0"
simulated_extreme,120,0.0,0.2,21460940,universal,risk,10361.510411375662,0.6304806802456153,0.8280776466145003,0.8219173776639992,0.381591638638449,95.49379994859919,15.337800025008619,"9706921350,9706921684,0;9706921684,9706921682,0;9706921682,9713848047,0;9713848047,9713848018,0;9713848018,9713848023,0;9713848023,12984979400,0;12984979400,9713848118,0;9713848118,9713848006,0;9713848006,9713847968,0;9713847968,9706921713,0;9706921713,9706921712,0;9706921712,9706921786,0;9706921786,9778914467,0;9778914467,9706887247,0;9706887247,9706857800,0;9706857800,9706857774,0;9706857774,9706857801,0;9706857801,9706857775,0;9706857775,9706857832,0;9706857832,9706857843,0;9706857843,7161807983,0;7161807983,7161812592,0;7161812592,499478563,0;499478563,499478564,0;499478564,7973114513,0;7973114513,7973099569,0;7973099569,7975273881,0;7975273881,7973099508,0;7973099508,7973099507,0;7973099507,7973114859,0;7973114859,8298792534,0;8298792534,8298792550,0;8298792550,7973114851,0;7973114851,7975286501,0;7975286501,8298792599,0;8298792599,1116501292,0;1116501292,7975286500,0;7975286500,1116501304,0;1116501304,7975286429,0;7975286429,7975286583,0;7975286583,7977056082,0;7977056082,7977056084,0;7977056084,7977050965,0;7977050965,7977056079,0;7977056079,7977056078,0;7977056078,7979256736,0;7979256736,7977056077,0;7977056077,7979256760,0;7979256760,8407048466,0;8407048466,2530277169,0;2530277169,13161326472,0;13161326472,7979256723,0;7979256723,7979924894,0;7979924894,7979918290,0;7979918290,7967831812,0;7967831812,279077946,0;279077946,564083084,0;564083084,5374860944,0;5374860944,5374860978,0;5374860978,5374861143,0;5374861143,9053077286,0;9053077286,13527622504,0;13527622504,13167173350,0;13167173350,13527622497,0;13527622497,564083093,0;564083093,6317320202,0;6317320202,564083165,0;564083165,13167173329,0;13167173329,6317320222,0;6317320222,6028645652,0;6028645652,2369336843,0;2369336843,2369336701,0;2369336701,12333484744,0;12333484744,2368579077,0;2368579077,2369336820,0;2369336820,2368578991,0;2368578991,8887740818,0;8887740818,9570709534,0;9570709534,2369336807,0;2369336807,2368578970,0;2368578970,6043430915,0;6043430915,4899192485,0;4899192485,564639012,0;564639012,564638925,0;564638925,504640818,0;504640818,504637096,0;504637096,2787061089,0;2787061089,2787061351,0;2787061351,2787061330,0;2787061330,11155489650,0;11155489650,2787061341,0;2787061341,2787061167,0"
simulated_extreme,120,0.0,0.2,21460940,universal,risk_uncertainty,10361.510411375662,0.6304806802456153,0.8280776466145003,0.8219173776639992,0.381591638638449,95.5651999101974,15.409199986606836,"9706921350,9706921684,0;9706921684,9706921682,0;9706921682,9713848047,0;9713848047,9713848018,0;9713848018,9713848023,0;9713848023,12984979400,0;12984979400,9713848118,0;9713848118,9713848006,0;9713848006,9713847968,0;9713847968,9706921713,0;9706921713,9706921712,0;9706921712,9706921786,0;9706921786,9778914467,0;9778914467,9706887247,0;9706887247,9706857800,0;9706857800,9706857774,0;9706857774,9706857801,0;9706857801,9706857775,0;9706857775,9706857832,0;9706857832,9706857843,0;9706857843,7161807983,0;7161807983,7161812592,0;7161812592,499478563,0;499478563,499478564,0;499478564,7973114513,0;7973114513,7973099569,0;7973099569,7975273881,0;7975273881,7973099508,0;7973099508,7973099507,0;7973099507,7973114859,0;7973114859,8298792534,0;8298792534,8298792550,0;8298792550,7973114851,0;7973114851,7975286501,0;7975286501,8298792599,0;8298792599,1116501292,0;1116501292,7975286500,0;7975286500,1116501304,0;1116501304,7975286429,0;7975286429,7975286583,0;7975286583,7977056082,0;7977056082,7977056084,0;7977056084,7977050965,0;7977050965,7977056079,0;7977056079,7977056078,0;7977056078,7979256736,0;7979256736,7977056077,0;7977056077,7979256760,0;7979256760,8407048466,0;8407048466,2530277169,0;2530277169,13161326472,0;13161326472,7979256723,0;7979256723,7979924894,0;7979924894,7979918290,0;7979918290,7967831812,0;7967831812,279077946,0;279077946,564083084,0;564083084,5374860944,0;5374860944,5374860978,0;5374860978,5374861143,0;5374861143,9053077286,0;9053077286,13527622504,0;13527622504,13167173350,0;13167173350,13527622497,0;13527622497,564083093,0;564083093,6317320202,0;6317320202,564083165,0;564083165,13167173329,0;13167173329,6317320222,0;6317320222,6028645652,0;6028645652,2369336843,0;2369336843,2369336701,0;2369336701,12333484744,0;12333484744,2368579077,0;2368579077,2369336820,0;2369336820,2368578991,0;2368578991,8887740818,0;8887740818,9570709534,0;9570709534,2369336807,0;2369336807,2368578970,0;2368578970,6043430915,0;6043430915,4899192485,0;4899192485,564639012,0;564639012,564638925,0;564638925,504640818,0;504640818,504637096,0;504637096,2787061089,0;2787061089,2787061351,0;2787061351,2787061330,0;2787061330,11155489650,0;11155489650,2787061341,0;2787061341,2787061167,0"
simulated_extreme,120,0.0,0.2,21460940,universal,shortest,10279.902722198703,0.6421914589263749,0.8280776466145003,0.8190917470674244,0.42948322884636647,94.62239989079535,14.46639996720478,"9706921350,9706921684,0;9706921684,9706921682,0;9706921682,9713848047,0;9713848047,9713848018,0;9713848018,9713848023,0;9713848023,12984979400,0;12984979400,9713848118,0;9713848118,9713848006,0;9713848006,9713847968,0;9713847968,9706921713,0;9706921713,9706921712,0;9706921712,9706921786,0;9706921786,9778914467,0;9778914467,9706887247,0;9706887247,9706857800,0;9706857800,9706857774,0;9706857774,9706857801,0;9706857801,9706857775,0;9706857775,9706857832,0;9706857832,9706857843,0;9706857843,7161807983,0;7161807983,7161812592,0;7161812592,499478563,0;499478563,499478564,0;499478564,7973114513,0;7973114513,7973099569,0;7973099569,7975273881,0;7975273881,7973099508,0;7973099508,7973099507,0;7973099507,7973114859,0;7973114859,8298792534,0;8298792534,8298792550,0;8298792550,7973114851,0;7973114851,7975286501,0;7975286501,8298792599,0;8298792599,1116501292,0;1116501292,7975286500,0;7975286500,1116501304,0;1116501304,1116501296,0;1116501296,7977050964,0;7977050964,7977056084,0;7977056084,7977050965,0;7977050965,7977056079,0;7977056079,7979256640,0;7979256640,7979256626,0;7979256626,7979256668,0;7979256668,7977056101,0;7977056101,7967831807,0;7967831807,7967774259,0;7967774259,503464976,0;503464976,7961771680,0;7961771680,1116492807,0;1116492807,7967774262,0;7967774262,503464985,0;503464985,2530277199,0;2530277199,564083084,0;564083084,5374860944,0;5374860944,5374860978,0;5374860978,5374861143,0;5374861143,9053077286,0;9053077286,13527622504,0;13527622504,13167173350,0;13167173350,13527622497,0;13527622497,564083093,0;564083093,6317320202,0;6317320202,564083165,0;564083165,13167173329,0;13167173329,6317320222,0;6317320222,6028645652,0;6028645652,2369336843,0;2369336843,2369336701,0;2369336701,12333484744,0;12333484744,2368579077,0;2368579077,2369336820,0;2369336820,2368578991,0;2368578991,8887740818,0;8887740818,8887717116,0;8887717116,6043430915,0;6043430915,4899192485,0;4899192485,564639012,0;564639012,564638925,0;564638925,504640818,0;504640818,504637096,0;504637096,2787061089,0;2787061089,564641522,0;564641522,11155489649,0;11155489649,11155489650,0;11155489650,2787061341,0;2787061341,2787061167,0"
simulated_extreme,120,0.0,0.2,21460940,universal,trusted,10297.182344079098,0.6370087923684875,0.8280776466145003,0.8219173776639992,0.4311778653622655,97.13989990996197,16.983899986371398,"9706921350,9706921684,0;9706921684,9706921682,0;9706921682,9713848047,0;9713848047,9713848018,0;9713848018,9713848023,0;9713848023,12984979400,0;12984979400,9713848118,0;9713848118,9713848006,0;9713848006,9713847968,0;9713847968,9706921713,0;9706921713,9706921712,0;9706921712,9706921786,0;9706921786,9778914467,0;9778914467,9706887247,0;9706887247,9706857800,0;9706857800,9706857774,0;9706857774,9706857801,0;9706857801,9706857775,0;9706857775,9706857832,0;9706857832,9706857843,0;9706857843,7161807983,0;7161807983,7161812592,0;7161812592,499478563,0;499478563,499478564,0;499478564,7973114513,0;7973114513,7973099569,0;7973099569,7975273881,0;7975273881,7973099508,0;7973099508,7973099507,0;7973099507,7973114859,0;7973114859,8298792534,0;8298792534,8298792550,0;8298792550,7973114851,0;7973114851,7975286501,0;7975286501,8298792599,0;8298792599,1116501292,0;1116501292,7975286500,0;7975286500,1116501304,0;1116501304,7975286429,0;7975286429,7975286583,0;7975286583,7977056082,0;7977056082,7977056084,0;7977056084,7977050965,0;7977050965,7977056079,0;7977056079,7979256640,0;7979256640,7979256626,0;7979256626,7979256668,0;7979256668,7977056101,0;7977056101,7967831807,0;7967831807,7967774259,0;7967774259,503464976,0;503464976,7961771680,0;7961771680,1116492807,0;1116492807,7967774262,0;7967774262,503464985,0;503464985,2530277199,0;2530277199,564083084,0;564083084,5374860944,0;5374860944,5374860978,0;5374860978,5374861143,0;5374861143,9053077286,0;9053077286,13527622504,0;13527622504,13167173350,0;13167173350,13527622497,0;13527622497,564083093,0;564083093,6317320202,0;6317320202,564083165,0;564083165,13167173329,0;13167173329,6317320222,0;6317320222,6028645652,0;6028645652,2369336843,0;2369336843,2369336701,0;2369336701,12333484744,0;12333484744,2368579077,0;2368579077,2369336820,0;2369336820,2368578991,0;2368578991,8887740818,0;8887740818,9570709534,0;9570709534,2369336807,0;2369336807,2368578970,0;2368578970,6043430915,0;6043430915,4899192485,0;4899192485,564639012,0;564639012,564638925,0;564638925,504640818,0;504640818,504637096,0;504637096,2787061089,0;2787061089,2787061351,0;2787061351,2787061330,0;2787061330,11155489650,0;11155489650,2787061341,0;2787061341,2787061167,0"
simulated_extreme,120,0.2,0.0,21462920,source_specific,risk,10297.182344079098,0.6370087923684875,0.8280776466145003,0.8219173776639992,0.4311778653622655,98.94050000002608,15.511800011154264,"9706921350,9706921684,0;9706921684,9706921682,0;9706921682,9713848047,0;9713848047,9713848018,0;9713848018,9713848023,0;9713848023,12984979400,0;12984979400,9713848118,0;9713848118,9713848006,0;9713848006,9713847968,0;9713847968,9706921713,0;9706921713,9706921712,0;9706921712,9706921786,0;9706921786,9778914467,0;9778914467,9706887247,0;9706887247,9706857800,0;9706857800,9706857774,0;9706857774,9706857801,0;9706857801,9706857775,0;9706857775,9706857832,0;9706857832,9706857843,0;9706857843,7161807983,0;7161807983,7161812592,0;7161812592,499478563,0;499478563,499478564,0;499478564,7973114513,0;7973114513,7973099569,0;7973099569,7975273881,0;7975273881,7973099508,0;7973099508,7973099507,0;7973099507,7973114859,0;7973114859,8298792534,0;8298792534,8298792550,0;8298792550,7973114851,0;7973114851,7975286501,0;7975286501,8298792599,0;8298792599,1116501292,0;1116501292,7975286500,0;7975286500,1116501304,0;1116501304,7975286429,0;7975286429,7975286583,0;7975286583,7977056082,0;7977056082,7977056084,0;7977056084,7977050965,0;7977050965,7977056079,0;7977056079,7979256640,0;7979256640,7979256626,0;7979256626,7979256668,0;7979256668,7977056101,0;7977056101,7967831807,0;7967831807,7967774259,0;7967774259,503464976,0;503464976,7961771680,0;7961771680,1116492807,0;1116492807,7967774262,0;7967774262,503464985,0;503464985,2530277199,0;2530277199,564083084,0;564083084,5374860944,0;5374860944,5374860978,0;5374860978,5374861143,0;5374861143,9053077286,0;9053077286,13527622504,0;13527622504,13167173350,0;13167173350,13527622497,0;13527622497,564083093,0;564083093,6317320202,0;6317320202,564083165,0;564083165,13167173329,0;13167173329,6317320222,0;6317320222,6028645652,0;6028645652,2369336843,0;2369336843,2369336701,0;2369336701,12333484744,0;12333484744,2368579077,0;2368579077,2369336820,0;2369336820,2368578991,0;2368578991,8887740818,0;8887740818,9570709534,0;9570709534,2369336807,0;2369336807,2368578970,0;2368578970,6043430915,0;6043430915,4899192485,0;4899192485,564639012,0;564639012,564638925,0;564638925,504640818,0;504640818,504637096,0;504637096,2787061089,0;2787061089,2787061351,0;2787061351,2787061330,0;2787061330,11155489650,0;11155489650,2787061341,0;2787061341,2787061167,0"
simulated_extreme,120,0.2,0.0,21462920,source_specific,risk_uncertainty,10297.182344079098,0.6370087923684875,0.8280776466145003,0.8219173776639992,0.4311778653622655,98.86999998707324,15.44129999820143,"9706921350,9706921684,0;9706921684,9706921682,0;9706921682,9713848047,0;9713848047,9713848018,0;9713848018,9713848023,0;9713848023,12984979400,0;12984979400,9713848118,0;9713848118,9713848006,0;9713848006,9713847968,0;9713847968,9706921713,0;9706921713,9706921712,0;9706921712,9706921786,0;9706921786,9778914467,0;9778914467,9706887247,0;9706887247,9706857800,0;9706857800,9706857774,0;9706857774,9706857801,0;9706857801,9706857775,0;9706857775,9706857832,0;9706857832,9706857843,0;9706857843,7161807983,0;7161807983,7161812592,0;7161812592,499478563,0;499478563,499478564,0;499478564,7973114513,0;7973114513,7973099569,0;7973099569,7975273881,0;7975273881,7973099508,0;7973099508,7973099507,0;7973099507,7973114859,0;7973114859,8298792534,0;8298792534,8298792550,0;8298792550,7973114851,0;7973114851,7975286501,0;7975286501,8298792599,0;8298792599,1116501292,0;1116501292,7975286500,0;7975286500,1116501304,0;1116501304,7975286429,0;7975286429,7975286583,0;7975286583,7977056082,0;7977056082,7977056084,0;7977056084,7977050965,0;7977050965,7977056079,0;7977056079,7979256640,0;7979256640,7979256626,0;7979256626,7979256668,0;7979256668,7977056101,0;7977056101,7967831807,0;7967831807,7967774259,0;7967774259,503464976,0;503464976,7961771680,0;7961771680,1116492807,0;1116492807,7967774262,0;7967774262,503464985,0;503464985,2530277199,0;2530277199,564083084,0;564083084,5374860944,0;5374860944,5374860978,0;5374860978,5374861143,0;5374861143,9053077286,0;9053077286,13527622504,0;13527622504,13167173350,0;13167173350,13527622497,0;13527622497,564083093,0;564083093,6317320202,0;6317320202,564083165,0;564083165,13167173329,0;13167173329,6317320222,0;6317320222,6028645652,0;6028645652,2369336843,0;2369336843,2369336701,0;2369336701,12333484744,0;12333484744,2368579077,0;2368579077,2369336820,0;2369336820,2368578991,0;2368578991,8887740818,0;8887740818,9570709534,0;9570709534,2369336807,0;2369336807,2368578970,0;2368578970,6043430915,0;6043430915,4899192485,0;4899192485,564639012,0;564639012,564638925,0;564638925,504640818,0;504640818,504637096,0;504637096,2787061089,0;2787061089,2787061351,0;2787061351,2787061330,0;2787061330,11155489650,0;11155489650,2787061341,0;2787061341,2787061167,0"
simulated_extreme,120,0.2,0.0,21462920,source_specific,shortest,10279.902722198703,0.6421914589263749,0.8280776466145003,0.8190917470674244,0.42948322884636647,98.90069998800755,15.471999999135733,"9706921350,9706921684,0;9706921684,9706921682,0;9706921682,9713848047,0;9713848047,9713848018,0;9713848018,9713848023,0;9713848023,12984979400,0;12984979400,9713848118,0;9713848118,9713848006,0;9713848006,9713847968,0;9713847968,9706921713,0;9706921713,9706921712,0;9706921712,9706921786,0;9706921786,9778914467,0;9778914467,9706887247,0;9706887247,9706857800,0;9706857800,9706857774,0;9706857774,9706857801,0;9706857801,9706857775,0;9706857775,9706857832,0;9706857832,9706857843,0;9706857843,7161807983,0;7161807983,7161812592,0;7161812592,499478563,0;499478563,499478564,0;499478564,7973114513,0;7973114513,7973099569,0;7973099569,7975273881,0;7975273881,7973099508,0;7973099508,7973099507,0;7973099507,7973114859,0;7973114859,8298792534,0;8298792534,8298792550,0;8298792550,7973114851,0;7973114851,7975286501,0;7975286501,8298792599,0;8298792599,1116501292,0;1116501292,7975286500,0;7975286500,1116501304,0;1116501304,1116501296,0;1116501296,7977050964,0;7977050964,7977056084,0;7977056084,7977050965,0;7977050965,7977056079,0;7977056079,7979256640,0;7979256640,7979256626,0;7979256626,7979256668,0;7979256668,7977056101,0;7977056101,7967831807,0;7967831807,7967774259,0;7967774259,503464976,0;503464976,7961771680,0;7961771680,1116492807,0;1116492807,7967774262,0;7967774262,503464985,0;503464985,2530277199,0;2530277199,564083084,0;564083084,5374860944,0;5374860944,5374860978,0;5374860978,5374861143,0;5374861143,9053077286,0;9053077286,13527622504,0;13527622504,13167173350,0;13167173350,13527622497,0;13527622497,564083093,0;564083093,6317320202,0;6317320202,564083165,0;564083165,13167173329,0;13167173329,6317320222,0;6317320222,6028645652,0;6028645652,2369336843,0;2369336843,2369336701,0;2369336701,12333484744,0;12333484744,2368579077,0;2368579077,2369336820,0;2369336820,2368578991,0;2368578991,8887740818,0;8887740818,8887717116,0;8887717116,6043430915,0;6043430915,4899192485,0;4899192485,564639012,0;564639012,564638925,0;564638925,504640818,0;504640818,504637096,0;504637096,2787061089,0;2787061089,564641522,0;564641522,11155489649,0;11155489649,11155489650,0;11155489650,2787061341,0;2787061341,2787061167,0"
simulated_extreme,120,0.2,0.0,21462920,source_specific,trusted,10297.182344079098,0.6370087923684875,0.8280776466145003,0.8219173776639992,0.4311778653622655,97.77589997975156,14.347199990879744,"9706921350,9706921684,0;9706921684,9706921682,0;9706921682,9713848047,0;9713848047,9713848018,0;9713848018,9713848023,0;9713848023,12984979400,0;12984979400,9713848118,0;9713848118,9713848006,0;9713848006,9713847968,0;9713847968,9706921713,0;9706921713,9706921712,0;9706921712,9706921786,0;9706921786,9778914467,0;9778914467,9706887247,0;9706887247,9706857800,0;9706857800,9706857774,0;9706857774,9706857801,0;9706857801,9706857775,0;9706857775,9706857832,0;9706857832,9706857843,0;9706857843,7161807983,0;7161807983,7161812592,0;7161812592,499478563,0;499478563,499478564,0;499478564,7973114513,0;7973114513,7973099569,0;7973099569,7975273881,0;7975273881,7973099508,0;7973099508,7973099507,0;7973099507,7973114859,0;7973114859,8298792534,0;8298792534,8298792550,0;8298792550,7973114851,0;7973114851,7975286501,0;7975286501,8298792599,0;8298792599,1116501292,0;1116501292,7975286500,0;7975286500,1116501304,0;1116501304,7975286429,0;7975286429,7975286583,0;7975286583,7977056082,0;7977056082,7977056084,0;7977056084,7977050965,0;7977050965,7977056079,0;7977056079,7979256640,0;7979256640,7979256626,0;7979256626,7979256668,0;7979256668,7977056101,0;7977056101,7967831807,0;7967831807,7967774259,0;7967774259,503464976,0;503464976,7961771680,0;7961771680,1116492807,0;1116492807,7967774262,0;7967774262,503464985,0;503464985,2530277199,0;2530277199,564083084,0;564083084,5374860944,0;5374860944,5374860978,0;5374860978,5374861143,0;5374861143,9053077286,0;9053077286,13527622504,0;13527622504,13167173350,0;13167173350,13527622497,0;13527622497,564083093,0;564083093,6317320202,0;6317320202,564083165,0;564083165,13167173329,0;13167173329,6317320222,0;6317320222,6028645652,0;6028645652,2369336843,0;2369336843,2369336701,0;2369336701,12333484744,0;12333484744,2368579077,0;2368579077,2369336820,0;2369336820,2368578991,0;2368578991,8887740818,0;8887740818,9570709534,0;9570709534,2369336807,0;2369336807,2368578970,0;2368578970,6043430915,0;6043430915,4899192485,0;4899192485,564639012,0;564639012,564638925,0;564638925,504640818,0;504640818,504637096,0;504637096,2787061089,0;2787061089,2787061351,0;2787061351,2787061330,0;2787061330,11155489650,0;11155489650,2787061341,0;2787061341,2787061167,0"
simulated_extreme,120,0.2,0.0,21462920,universal,risk,10297.182344079098,0.6370087923684875,0.8280776466145003,0.8219173776639992,0.4311778653622655,96.86169994529337,14.416699996218085,"9706921350,9706921684,0;9706921684,9706921682,0;9706921682,9713848047,0;9713848047,9713848018,0;9713848018,9713848023,0;9713848023,12984979400,0;12984979400,9713848118,0;9713848118,9713848006,0;9713848006,9713847968,0;9713847968,9706921713,0;9706921713,9706921712,0;9706921712,9706921786,0;9706921786,9778914467,0;9778914467,9706887247,0;9706887247,9706857800,0;9706857800,9706857774,0;9706857774,9706857801,0;9706857801,9706857775,0;9706857775,9706857832,0;9706857832,9706857843,0;9706857843,7161807983,0;7161807983,7161812592,0;7161812592,499478563,0;499478563,499478564,0;499478564,7973114513,0;7973114513,7973099569,0;7973099569,7975273881,0;7975273881,7973099508,0;7973099508,7973099507,0;7973099507,7973114859,0;7973114859,8298792534,0;8298792534,8298792550,0;8298792550,7973114851,0;7973114851,7975286501,0;7975286501,8298792599,0;8298792599,1116501292,0;1116501292,7975286500,0;7975286500,1116501304,0;1116501304,7975286429,0;7975286429,7975286583,0;7975286583,7977056082,0;7977056082,7977056084,0;7977056084,7977050965,0;7977050965,7977056079,0;7977056079,7979256640,0;7979256640,7979256626,0;7979256626,7979256668,0;7979256668,7977056101,0;7977056101,7967831807,0;7967831807,7967774259,0;7967774259,503464976,0;503464976,7961771680,0;7961771680,1116492807,0;1116492807,7967774262,0;7967774262,503464985,0;503464985,2530277199,0;2530277199,564083084,0;564083084,5374860944,0;5374860944,5374860978,0;5374860978,5374861143,0;5374861143,9053077286,0;9053077286,13527622504,0;13527622504,13167173350,0;13167173350,13527622497,0;13527622497,564083093,0;564083093,6317320202,0;6317320202,564083165,0;564083165,13167173329,0;13167173329,6317320222,0;6317320222,6028645652,0;6028645652,2369336843,0;2369336843,2369336701,0;2369336701,12333484744,0;12333484744,2368579077,0;2368579077,2369336820,0;2369336820,2368578991,0;2368578991,8887740818,0;8887740818,9570709534,0;9570709534,2369336807,0;2369336807,2368578970,0;2368578970,6043430915,0;6043430915,4899192485,0;4899192485,564639012,0;564639012,564638925,0;564638925,504640818,0;504640818,504637096,0;504637096,2787061089,0;2787061089,2787061351,0;2787061351,2787061330,0;2787061330,11155489650,0;11155489650,2787061341,0;2787061341,2787061167,0"
simulated_extreme,120,0.2,0.0,21462920,universal,risk_uncertainty,10297.182344079098,0.6370087923684875,0.8280776466145003,0.8219173776639992,0.4311778653622655,98.00689993426204,15.561899985186756,"9706921350,9706921684,0;9706921684,9706921682,0;9706921682,9713848047,0;9713848047,9713848018,0;9713848018,9713848023,0;9713848023,12984979400,0;12984979400,9713848118,0;9713848118,9713848006,0;9713848006,9713847968,0;9713847968,9706921713,0;9706921713,9706921712,0;9706921712,9706921786,0;9706921786,9778914467,0;9778914467,9706887247,0;9706887247,9706857800,0;9706857800,9706857774,0;9706857774,9706857801,0;9706857801,9706857775,0;9706857775,9706857832,0;9706857832,9706857843,0;9706857843,7161807983,0;7161807983,7161812592,0;7161812592,499478563,0;499478563,499478564,0;499478564,7973114513,0;7973114513,7973099569,0;7973099569,7975273881,0;7975273881,7973099508,0;7973099508,7973099507,0;7973099507,7973114859,0;7973114859,8298792534,0;8298792534,8298792550,0;8298792550,7973114851,0;7973114851,7975286501,0;7975286501,8298792599,0;8298792599,1116501292,0;1116501292,7975286500,0;7975286500,1116501304,0;1116501304,7975286429,0;7975286429,7975286583,0;7975286583,7977056082,0;7977056082,7977056084,0;7977056084,7977050965,0;7977050965,7977056079,0;7977056079,7979256640,0;7979256640,7979256626,0;7979256626,7979256668,0;7979256668,7977056101,0;7977056101,7967831807,0;7967831807,7967774259,0;7967774259,503464976,0;503464976,7961771680,0;7961771680,1116492807,0;1116492807,7967774262,0;7967774262,503464985,0;503464985,2530277199,0;2530277199,564083084,0;564083084,5374860944,0;5374860944,5374860978,0;5374860978,5374861143,0;5374861143,9053077286,0;9053077286,13527622504,0;13527622504,13167173350,0;13167173350,13527622497,0;13527622497,564083093,0;564083093,6317320202,0;6317320202,564083165,0;564083165,13167173329,0;13167173329,6317320222,0;6317320222,6028645652,0;6028645652,2369336843,0;2369336843,2369336701,0;2369336701,12333484744,0;12333484744,2368579077,0;2368579077,2369336820,0;2369336820,2368578991,0;2368578991,8887740818,0;8887740818,9570709534,0;9570709534,2369336807,0;2369336807,2368578970,0;2368578970,6043430915,0;6043430915,4899192485,0;4899192485,564639012,0;564639012,564638925,0;564638925,504640818,0;504640818,504637096,0;504637096,2787061089,0;2787061089,2787061351,0;2787061351,2787061330,0;2787061330,11155489650,0;11155489650,2787061341,0;2787061341,2787061167,0"
simulated_extreme,120,0.2,0.0,21462920,universal,shortest,10279.902722198703,0.6421914589263749,0.8280776466145003,0.8190917470674244,0.42948322884636647,97.3166999174282,14.871699968352914,"9706921350,9706921684,0;9706921684,9706921682,0;9706921682,9713848047,0;9713848047,9713848018,0;9713848018,9713848023,0;9713848023,12984979400,0;12984979400,9713848118,0;9713848118,9713848006,0;9713848006,9713847968,0;9713847968,9706921713,0;9706921713,9706921712,0;9706921712,9706921786,0;9706921786,9778914467,0;9778914467,9706887247,0;9706887247,9706857800,0;9706857800,9706857774,0;9706857774,9706857801,0;9706857801,9706857775,0;9706857775,9706857832,0;9706857832,9706857843,0;9706857843,7161807983,0;7161807983,7161812592,0;7161812592,499478563,0;499478563,499478564,0;499478564,7973114513,0;7973114513,7973099569,0;7973099569,7975273881,0;7975273881,7973099508,0;7973099508,7973099507,0;7973099507,7973114859,0;7973114859,8298792534,0;8298792534,8298792550,0;8298792550,7973114851,0;7973114851,7975286501,0;7975286501,8298792599,0;8298792599,1116501292,0;1116501292,7975286500,0;7975286500,1116501304,0;1116501304,1116501296,0;1116501296,7977050964,0;7977050964,7977056084,0;7977056084,7977050965,0;7977050965,7977056079,0;7977056079,7979256640,0;7979256640,7979256626,0;7979256626,7979256668,0;7979256668,7977056101,0;7977056101,7967831807,0;7967831807,7967774259,0;7967774259,503464976,0;503464976,7961771680,0;7961771680,1116492807,0;1116492807,7967774262,0;7967774262,503464985,0;503464985,2530277199,0;2530277199,564083084,0;564083084,5374860944,0;5374860944,5374860978,0;5374860978,5374861143,0;5374861143,9053077286,0;9053077286,13527622504,0;13527622504,13167173350,0;13167173350,13527622497,0;13527622497,564083093,0;564083093,6317320202,0;6317320202,564083165,0;564083165,13167173329,0;13167173329,6317320222,0;6317320222,6028645652,0;6028645652,2369336843,0;2369336843,2369336701,0;2369336701,12333484744,0;12333484744,2368579077,0;2368579077,2369336820,0;2369336820,2368578991,0;2368578991,8887740818,0;8887740818,8887717116,0;8887717116,6043430915,0;6043430915,4899192485,0;4899192485,564639012,0;564639012,564638925,0;564638925,504640818,0;504640818,504637096,0;504637096,2787061089,0;2787061089,564641522,0;564641522,11155489649,0;11155489649,11155489650,0;11155489650,2787061341,0;2787061341,2787061167,0"
simulated_extreme,120,0.2,0.0,21462920,universal,trusted,10297.182344079098,0.6370087923684875,0.8280776466145003,0.8219173776639992,0.4311778653622655,96.97479999158531,14.529800042510033,"9706921350,9706921684,0;9706921684,9706921682,0;9706921682,9713848047,0;9713848047,9713848018,0;9713848018,9713848023,0;9713848023,12984979400,0;12984979400,9713848118,0;9713848118,9713848006,0;9713848006,9713847968,0;9713847968,9706921713,0;9706921713,9706921712,0;9706921712,9706921786,0;9706921786,9778914467,0;9778914467,9706887247,0;9706887247,9706857800,0;9706857800,9706857774,0;9706857774,9706857801,0;9706857801,9706857775,0;9706857775,9706857832,0;9706857832,9706857843,0;9706857843,7161807983,0;7161807983,7161812592,0;7161812592,499478563,0;499478563,499478564,0;499478564,7973114513,0;7973114513,7973099569,0;7973099569,7975273881,0;7975273881,7973099508,0;7973099508,7973099507,0;7973099507,7973114859,0;7973114859,8298792534,0;8298792534,8298792550,0;8298792550,7973114851,0;7973114851,7975286501,0;7975286501,8298792599,0;8298792599,1116501292,0;1116501292,7975286500,0;7975286500,1116501304,0;1116501304,7975286429,0;7975286429,7975286583,0;7975286583,7977056082,0;7977056082,7977056084,0;7977056084,7977050965,0;7977050965,7977056079,0;7977056079,7979256640,0;7979256640,7979256626,0;7979256626,7979256668,0;7979256668,7977056101,0;7977056101,7967831807,0;7967831807,7967774259,0;7967774259,503464976,0;503464976,7961771680,0;7961771680,1116492807,0;1116492807,7967774262,0;7967774262,503464985,0;503464985,2530277199,0;2530277199,564083084,0;564083084,5374860944,0;5374860944,5374860978,0;5374860978,5374861143,0;5374861143,9053077286,0;9053077286,13527622504,0;13527622504,13167173350,0;13167173350,13527622497,0;13527622497,564083093,0;564083093,6317320202,0;6317320202,564083165,0;564083165,13167173329,0;13167173329,6317320222,0;6317320222,6028645652,0;6028645652,2369336843,0;2369336843,2369336701,0;2369336701,12333484744,0;12333484744,2368579077,0;2368579077,2369336820,0;2369336820,2368578991,0;2368578991,8887740818,0;8887740818,9570709534,0;9570709534,2369336807,0;2369336807,2368578970,0;2368578970,6043430915,0;6043430915,4899192485,0;4899192485,564639012,0;564639012,564638925,0;564638925,504640818,0;504640818,504637096,0;504637096,2787061089,0;2787061089,2787061351,0;2787061351,2787061330,0;2787061330,11155489650,0;11155489650,2787061341,0;2787061341,2787061167,0"
simulated_extreme,120,0.2,0.1,21462930,source_specific,risk,10297.182344079098,0.6370087923684875,0.8280776466145003,0.8219173776639992,0.4311778653622655,96.13190003437921,14.072499994654208,"9706921350,9706921684,0;9706921684,9706921682,0;9706921682,9713848047,0;9713848047,9713848018,0;9713848018,9713848023,0;9713848023,12984979400,0;12984979400,9713848118,0;9713848118,9713848006,0;9713848006,9713847968,0;9713847968,9706921713,0;9706921713,9706921712,0;9706921712,9706921786,0;9706921786,9778914467,0;9778914467,9706887247,0;9706887247,9706857800,0;9706857800,9706857774,0;9706857774,9706857801,0;9706857801,9706857775,0;9706857775,9706857832,0;9706857832,9706857843,0;9706857843,7161807983,0;7161807983,7161812592,0;7161812592,499478563,0;499478563,499478564,0;499478564,7973114513,0;7973114513,7973099569,0;7973099569,7975273881,0;7975273881,7973099508,0;7973099508,7973099507,0;7973099507,7973114859,0;7973114859,8298792534,0;8298792534,8298792550,0;8298792550,7973114851,0;7973114851,7975286501,0;7975286501,8298792599,0;8298792599,1116501292,0;1116501292,7975286500,0;7975286500,1116501304,0;1116501304,7975286429,0;7975286429,7975286583,0;7975286583,7977056082,0;7977056082,7977056084,0;7977056084,7977050965,0;7977050965,7977056079,0;7977056079,7979256640,0;7979256640,7979256626,0;7979256626,7979256668,0;7979256668,7977056101,0;7977056101,7967831807,0;7967831807,7967774259,0;7967774259,503464976,0;503464976,7961771680,0;7961771680,1116492807,0;1116492807,7967774262,0;7967774262,503464985,0;503464985,2530277199,0;2530277199,564083084,0;564083084,5374860944,0;5374860944,5374860978,0;5374860978,5374861143,0;5374861143,9053077286,0;9053077286,13527622504,0;13527622504,13167173350,0;13167173350,13527622497,0;13527622497,564083093,0;564083093,6317320202,0;6317320202,564083165,0;564083165,13167173329,0;13167173329,6317320222,0;6317320222,6028645652,0;6028645652,2369336843,0;2369336843,2369336701,0;2369336701,12333484744,0;12333484744,2368579077,0;2368579077,2369336820,0;2369336820,2368578991,0;2368578991,8887740818,0;8887740818,9570709534,0;9570709534,2369336807,0;2369336807,2368578970,0;2368578970,6043430915,0;6043430915,4899192485,0;4899192485,564639012,0;564639012,564638925,0;564638925,504640818,0;504640818,504637096,0;504637096,2787061089,0;2787061089,2787061351,0;2787061351,2787061330,0;2787061330,11155489650,0;11155489650,2787061341,0;2787061341,2787061167,0"
simulated_extreme,120,0.2,0.1,21462930,source_specific,risk_uncertainty,10297.182344079098,0.6370087923684875,0.8280776466145003,0.8219173776639992,0.4311778653622655,97.55050000967458,15.491099969949573,"9706921350,9706921684,0;9706921684,9706921682,0;9706921682,9713848047,0;9713848047,9713848018,0;9713848018,9713848023,0;9713848023,12984979400,0;12984979400,9713848118,0;9713848118,9713848006,0;9713848006,9713847968,0;9713847968,9706921713,0;9706921713,9706921712,0;9706921712,9706921786,0;9706921786,9778914467,0;9778914467,9706887247,0;9706887247,9706857800,0;9706857800,9706857774,0;9706857774,9706857801,0;9706857801,9706857775,0;9706857775,9706857832,0;9706857832,9706857843,0;9706857843,7161807983,0;7161807983,7161812592,0;7161812592,499478563,0;499478563,499478564,0;499478564,7973114513,0;7973114513,7973099569,0;7973099569,7975273881,0;7975273881,7973099508,0;7973099508,7973099507,0;7973099507,7973114859,0;7973114859,8298792534,0;8298792534,8298792550,0;8298792550,7973114851,0;7973114851,7975286501,0;7975286501,8298792599,0;8298792599,1116501292,0;1116501292,7975286500,0;7975286500,1116501304,0;1116501304,7975286429,0;7975286429,7975286583,0;7975286583,7977056082,0;7977056082,7977056084,0;7977056084,7977050965,0;7977050965,7977056079,0;7977056079,7979256640,0;7979256640,7979256626,0;7979256626,7979256668,0;7979256668,7977056101,0;7977056101,7967831807,0;7967831807,7967774259,0;7967774259,503464976,0;503464976,7961771680,0;7961771680,1116492807,0;1116492807,7967774262,0;7967774262,503464985,0;503464985,2530277199,0;2530277199,564083084,0;564083084,5374860944,0;5374860944,5374860978,0;5374860978,5374861143,0;5374861143,9053077286,0;9053077286,13527622504,0;13527622504,13167173350,0;13167173350,13527622497,0;13527622497,564083093,0;564083093,6317320202,0;6317320202,564083165,0;564083165,13167173329,0;13167173329,6317320222,0;6317320222,6028645652,0;6028645652,2369336843,0;2369336843,2369336701,0;2369336701,12333484744,0;12333484744,2368579077,0;2368579077,2369336820,0;2369336820,2368578991,0;2368578991,8887740818,0;8887740818,9570709534,0;9570709534,2369336807,0;2369336807,2368578970,0;2368578970,6043430915,0;6043430915,4899192485,0;4899192485,564639012,0;564639012,564638925,0;564638925,504640818,0;504640818,504637096,0;504637096,2787061089,0;2787061089,2787061351,0;2787061351,2787061330,0;2787061330,11155489650,0;11155489650,2787061341,0;2787061341,2787061167,0"
simulated_extreme,120,0.2,0.1,21462930,source_specific,shortest,10279.902722198703,0.6421914589263749,0.8280776466145003,0.8190917470674244,0.42948322884636647,96.87900001881644,14.819599979091436,"9706921350,9706921684,0;9706921684,9706921682,0;9706921682,9713848047,0;9713848047,9713848018,0;9713848018,9713848023,0;9713848023,12984979400,0;12984979400,9713848118,0;9713848118,9713848006,0;9713848006,9713847968,0;9713847968,9706921713,0;9706921713,9706921712,0;9706921712,9706921786,0;9706921786,9778914467,0;9778914467,9706887247,0;9706887247,9706857800,0;9706857800,9706857774,0;9706857774,9706857801,0;9706857801,9706857775,0;9706857775,9706857832,0;9706857832,9706857843,0;9706857843,7161807983,0;7161807983,7161812592,0;7161812592,499478563,0;499478563,499478564,0;499478564,7973114513,0;7973114513,7973099569,0;7973099569,7975273881,0;7975273881,7973099508,0;7973099508,7973099507,0;7973099507,7973114859,0;7973114859,8298792534,0;8298792534,8298792550,0;8298792550,7973114851,0;7973114851,7975286501,0;7975286501,8298792599,0;8298792599,1116501292,0;1116501292,7975286500,0;7975286500,1116501304,0;1116501304,1116501296,0;1116501296,7977050964,0;7977050964,7977056084,0;7977056084,7977050965,0;7977050965,7977056079,0;7977056079,7979256640,0;7979256640,7979256626,0;7979256626,7979256668,0;7979256668,7977056101,0;7977056101,7967831807,0;7967831807,7967774259,0;7967774259,503464976,0;503464976,7961771680,0;7961771680,1116492807,0;1116492807,7967774262,0;7967774262,503464985,0;503464985,2530277199,0;2530277199,564083084,0;564083084,5374860944,0;5374860944,5374860978,0;5374860978,5374861143,0;5374861143,9053077286,0;9053077286,13527622504,0;13527622504,13167173350,0;13167173350,13527622497,0;13527622497,564083093,0;564083093,6317320202,0;6317320202,564083165,0;564083165,13167173329,0;13167173329,6317320222,0;6317320222,6028645652,0;6028645652,2369336843,0;2369336843,2369336701,0;2369336701,12333484744,0;12333484744,2368579077,0;2368579077,2369336820,0;2369336820,2368578991,0;2368578991,8887740818,0;8887740818,8887717116,0;8887717116,6043430915,0;6043430915,4899192485,0;4899192485,564639012,0;564639012,564638925,0;564638925,504640818,0;504640818,504637096,0;504637096,2787061089,0;2787061089,564641522,0;564641522,11155489649,0;11155489649,11155489650,0;11155489650,2787061341,0;2787061341,2787061167,0"
simulated_extreme,120,0.2,0.1,21462930,source_specific,trusted,10287.541560917032,0.6394729567045524,0.8280776466145003,0.8219173776639992,0.4306448040059294,98.85660005966201,16.79720001993701,"9706921350,9706921684,0;9706921684,9706921682,0;9706921682,9713848047,0;9713848047,9713848018,0;9713848018,9713848023,0;9713848023,12984979400,0;12984979400,9713848118,0;9713848118,9713848006,0;9713848006,9713847968,0;9713847968,9706921713,0;9706921713,9706921712,0;9706921712,9706921786,0;9706921786,9778914467,0;9778914467,9706887247,0;9706887247,9706857800,0;9706857800,9706857774,0;9706857774,9706857801,0;9706857801,9706857775,0;9706857775,9706857832,0;9706857832,9706857843,0;9706857843,7161807983,0;7161807983,7161812592,0;7161812592,499478563,0;499478563,499478564,0;499478564,7973114513,0;7973114513,7973099569,0;7973099569,7975273881,0;7975273881,7973099508,0;7973099508,7973099507,0;7973099507,7973114859,0;7973114859,8298792534,0;8298792534,8298792550,0;8298792550,7973114851,0;7973114851,7975286501,0;7975286501,8298792599,0;8298792599,1116501292,0;1116501292,7975286500,0;7975286500,1116501304,0;1116501304,7975286429,0;7975286429,7975286583,0;7975286583,7977056082,0;7977056082,7977056084,0;7977056084,7977050965,0;7977050965,7977056079,0;7977056079,7979256640,0;7979256640,7979256626,0;7979256626,7979256668,0;7979256668,7977056101,0;7977056101,7967831807,0;7967831807,7967774259,0;7967774259,503464976,0;503464976,7961771680,0;7961771680,1116492807,0;1116492807,7967774262,0;7967774262,503464985,0;503464985,2530277199,0;2530277199,564083084,0;564083084,5374860944,0;5374860944,5374860978,0;5374860978,5374861143,0;5374861143,9053077286,0;9053077286,13527622504,0;13527622504,13167173350,0;13167173350,13527622497,0;13527622497,564083093,0;564083093,6317320202,0;6317320202,564083165,0;564083165,13167173329,0;13167173329,6317320222,0;6317320222,6028645652,0;6028645652,2369336843,0;2369336843,2369336701,0;2369336701,12333484744,0;12333484744,2368579077,0;2368579077,2369336820,0;2369336820,2368578991,0;2368578991,8887740818,0;8887740818,8887717116,0;8887717116,6043430915,0;6043430915,4899192485,0;4899192485,564639012,0;564639012,564638925,0;564638925,504640818,0;504640818,504637096,0;504637096,2787061089,0;2787061089,2787061351,0;2787061351,2787061330,0;2787061330,11155489650,0;11155489650,2787061341,0;2787061341,2787061167,0"
simulated_extreme,120,0.2,0.1,21462930,universal,risk,10297.182344079098,0.6370087923684875,0.8280776466145003,0.8219173776639992,0.4311778653622655,95.54210002534091,14.324499992653728,"9706921350,9706921684,0;9706921684,9706921682,0;9706921682,9713848047,0;9713848047,9713848018,0;9713848018,9713848023,0;9713848023,12984979400,0;12984979400,9713848118,0;9713848118,9713848006,0;9713848006,9713847968,0;9713847968,9706921713,0;9706921713,9706921712,0;9706921712,9706921786,0;9706921786,9778914467,0;9778914467,9706887247,0;9706887247,9706857800,0;9706857800,9706857774,0;9706857774,9706857801,0;9706857801,9706857775,0;9706857775,9706857832,0;9706857832,9706857843,0;9706857843,7161807983,0;7161807983,7161812592,0;7161812592,499478563,0;499478563,499478564,0;499478564,7973114513,0;7973114513,7973099569,0;7973099569,7975273881,0;7975273881,7973099508,0;7973099508,7973099507,0;7973099507,7973114859,0;7973114859,8298792534,0;8298792534,8298792550,0;8298792550,7973114851,0;7973114851,7975286501,0;7975286501,8298792599,0;8298792599,1116501292,0;1116501292,7975286500,0;7975286500,1116501304,0;1116501304,7975286429,0;7975286429,7975286583,0;7975286583,7977056082,0;7977056082,7977056084,0;7977056084,7977050965,0;7977050965,7977056079,0;7977056079,7979256640,0;7979256640,7979256626,0;7979256626,7979256668,0;7979256668,7977056101,0;7977056101,7967831807,0;7967831807,7967774259,0;7967774259,503464976,0;503464976,7961771680,0;7961771680,1116492807,0;1116492807,7967774262,0;7967774262,503464985,0;503464985,2530277199,0;2530277199,564083084,0;564083084,5374860944,0;5374860944,5374860978,0;5374860978,5374861143,0;5374861143,9053077286,0;9053077286,13527622504,0;13527622504,13167173350,0;13167173350,13527622497,0;13527622497,564083093,0;564083093,6317320202,0;6317320202,564083165,0;564083165,13167173329,0;13167173329,6317320222,0;6317320222,6028645652,0;6028645652,2369336843,0;2369336843,2369336701,0;2369336701,12333484744,0;12333484744,2368579077,0;2368579077,2369336820,0;2369336820,2368578991,0;2368578991,8887740818,0;8887740818,9570709534,0;9570709534,2369336807,0;2369336807,2368578970,0;2368578970,6043430915,0;6043430915,4899192485,0;4899192485,564639012,0;564639012,564638925,0;564638925,504640818,0;504640818,504637096,0;504637096,2787061089,0;2787061089,2787061351,0;2787061351,2787061330,0;2787061330,11155489650,0;11155489650,2787061341,0;2787061341,2787061167,0"
simulated_extreme,120,0.2,0.1,21462930,universal,risk_uncertainty,10297.182344079098,0.6370087923684875,0.8280776466145003,0.8219173776639992,0.4311778653622655,96.79640003014356,15.578799997456372,"9706921350,9706921684,0;9706921684,9706921682,0;9706921682,9713848047,0;9713848047,9713848018,0;9713848018,9713848023,0;9713848023,12984979400,0;12984979400,9713848118,0;9713848118,9713848006,0;9713848006,9713847968,0;9713847968,9706921713,0;9706921713,9706921712,0;9706921712,9706921786,0;9706921786,9778914467,0;9778914467,9706887247,0;9706887247,9706857800,0;9706857800,9706857774,0;9706857774,9706857801,0;9706857801,9706857775,0;9706857775,9706857832,0;9706857832,9706857843,0;9706857843,7161807983,0;7161807983,7161812592,0;7161812592,499478563,0;499478563,499478564,0;499478564,7973114513,0;7973114513,7973099569,0;7973099569,7975273881,0;7975273881,7973099508,0;7973099508,7973099507,0;7973099507,7973114859,0;7973114859,8298792534,0;8298792534,8298792550,0;8298792550,7973114851,0;7973114851,7975286501,0;7975286501,8298792599,0;8298792599,1116501292,0;1116501292,7975286500,0;7975286500,1116501304,0;1116501304,7975286429,0;7975286429,7975286583,0;7975286583,7977056082,0;7977056082,7977056084,0;7977056084,7977050965,0;7977050965,7977056079,0;7977056079,7979256640,0;7979256640,7979256626,0;7979256626,7979256668,0;7979256668,7977056101,0;7977056101,7967831807,0;7967831807,7967774259,0;7967774259,503464976,0;503464976,7961771680,0;7961771680,1116492807,0;1116492807,7967774262,0;7967774262,503464985,0;503464985,2530277199,0;2530277199,564083084,0;564083084,5374860944,0;5374860944,5374860978,0;5374860978,5374861143,0;5374861143,9053077286,0;9053077286,13527622504,0;13527622504,13167173350,0;13167173350,13527622497,0;13527622497,564083093,0;564083093,6317320202,0;6317320202,564083165,0;564083165,13167173329,0;13167173329,6317320222,0;6317320222,6028645652,0;6028645652,2369336843,0;2369336843,2369336701,0;2369336701,12333484744,0;12333484744,2368579077,0;2368579077,2369336820,0;2369336820,2368578991,0;2368578991,8887740818,0;8887740818,9570709534,0;9570709534,2369336807,0;2369336807,2368578970,0;2368578970,6043430915,0;6043430915,4899192485,0;4899192485,564639012,0;564639012,564638925,0;564638925,504640818,0;504640818,504637096,0;504637096,2787061089,0;2787061089,2787061351,0;2787061351,2787061330,0;2787061330,11155489650,0;11155489650,2787061341,0;2787061341,2787061167,0"
simulated_extreme,120,0.2,0.1,21462930,universal,shortest,10279.902722198703,0.6421914589263749,0.8280776466145003,0.8190917470674244,0.42948322884636647,95.63880000496283,14.421199972275645,"9706921350,9706921684,0;9706921684,9706921682,0;9706921682,9713848047,0;9713848047,9713848018,0;9713848018,9713848023,0;9713848023,12984979400,0;12984979400,9713848118,0;9713848118,9713848006,0;9713848006,9713847968,0;9713847968,9706921713,0;9706921713,9706921712,0;9706921712,9706921786,0;9706921786,9778914467,0;9778914467,9706887247,0;9706887247,9706857800,0;9706857800,9706857774,0;9706857774,9706857801,0;9706857801,9706857775,0;9706857775,9706857832,0;9706857832,9706857843,0;9706857843,7161807983,0;7161807983,7161812592,0;7161812592,499478563,0;499478563,499478564,0;499478564,7973114513,0;7973114513,7973099569,0;7973099569,7975273881,0;7975273881,7973099508,0;7973099508,7973099507,0;7973099507,7973114859,0;7973114859,8298792534,0;8298792534,8298792550,0;8298792550,7973114851,0;7973114851,7975286501,0;7975286501,8298792599,0;8298792599,1116501292,0;1116501292,7975286500,0;7975286500,1116501304,0;1116501304,1116501296,0;1116501296,7977050964,0;7977050964,7977056084,0;7977056084,7977050965,0;7977050965,7977056079,0;7977056079,7979256640,0;7979256640,7979256626,0;7979256626,7979256668,0;7979256668,7977056101,0;7977056101,7967831807,0;7967831807,7967774259,0;7967774259,503464976,0;503464976,7961771680,0;7961771680,1116492807,0;1116492807,7967774262,0;7967774262,503464985,0;503464985,2530277199,0;2530277199,564083084,0;564083084,5374860944,0;5374860944,5374860978,0;5374860978,5374861143,0;5374861143,9053077286,0;9053077286,13527622504,0;13527622504,13167173350,0;13167173350,13527622497,0;13527622497,564083093,0;564083093,6317320202,0;6317320202,564083165,0;564083165,13167173329,0;13167173329,6317320222,0;6317320222,6028645652,0;6028645652,2369336843,0;2369336843,2369336701,0;2369336701,12333484744,0;12333484744,2368579077,0;2368579077,2369336820,0;2369336820,2368578991,0;2368578991,8887740818,0;8887740818,8887717116,0;8887717116,6043430915,0;6043430915,4899192485,0;4899192485,564639012,0;564639012,564638925,0;564638925,504640818,0;504640818,504637096,0;504637096,2787061089,0;2787061089,564641522,0;564641522,11155489649,0;11155489649,11155489650,0;11155489650,2787061341,0;2787061341,2787061167,0"
simulated_extreme,120,0.2,0.1,21462930,universal,trusted,10287.541560917032,0.6394729567045524,0.8280776466145003,0.8219173776639992,0.4306448040059294,97.16290002688766,15.945299994200468,"9706921350,9706921684,0;9706921684,9706921682,0;9706921682,9713848047,0;9713848047,9713848018,0;9713848018,9713848023,0;9713848023,12984979400,0;12984979400,9713848118,0;9713848118,9713848006,0;9713848006,9713847968,0;9713847968,9706921713,0;9706921713,9706921712,0;9706921712,9706921786,0;9706921786,9778914467,0;9778914467,9706887247,0;9706887247,9706857800,0;9706857800,9706857774,0;9706857774,9706857801,0;9706857801,9706857775,0;9706857775,9706857832,0;9706857832,9706857843,0;9706857843,7161807983,0;7161807983,7161812592,0;7161812592,499478563,0;499478563,499478564,0;499478564,7973114513,0;7973114513,7973099569,0;7973099569,7975273881,0;7975273881,7973099508,0;7973099508,7973099507,0;7973099507,7973114859,0;7973114859,8298792534,0;8298792534,8298792550,0;8298792550,7973114851,0;7973114851,7975286501,0;7975286501,8298792599,0;8298792599,1116501292,0;1116501292,7975286500,0;7975286500,1116501304,0;1116501304,7975286429,0;7975286429,7975286583,0;7975286583,7977056082,0;7977056082,7977056084,0;7977056084,7977050965,0;7977050965,7977056079,0;7977056079,7979256640,0;7979256640,7979256626,0;7979256626,7979256668,0;7979256668,7977056101,0;7977056101,7967831807,0;7967831807,7967774259,0;7967774259,503464976,0;503464976,7961771680,0;7961771680,1116492807,0;1116492807,7967774262,0;7967774262,503464985,0;503464985,2530277199,0;2530277199,564083084,0;564083084,5374860944,0;5374860944,5374860978,0;5374860978,5374861143,0;5374861143,9053077286,0;9053077286,13527622504,0;13527622504,13167173350,0;13167173350,13527622497,0;13527622497,564083093,0;564083093,6317320202,0;6317320202,564083165,0;564083165,13167173329,0;13167173329,6317320222,0;6317320222,6028645652,0;6028645652,2369336843,0;2369336843,2369336701,0;2369336701,12333484744,0;12333484744,2368579077,0;2368579077,2369336820,0;2369336820,2368578991,0;2368578991,8887740818,0;8887740818,8887717116,0;8887717116,6043430915,0;6043430915,4899192485,0;4899192485,564639012,0;564639012,564638925,0;564638925,504640818,0;504640818,504637096,0;504637096,2787061089,0;2787061089,2787061351,0;2787061351,2787061330,0;2787061330,11155489650,0;11155489650,2787061341,0;2787061341,2787061167,0"
simulated_extreme,120,0.2,0.2,21462940,source_specific,risk,10297.182344079098,0.6370087923684875,0.8280776466145003,0.8219173776639992,0.4311778653622655,98.57399994507432,15.189199999440461,"9706921350,9706921684,0;9706921684,9706921682,0;9706921682,9713848047,0;9713848047,9713848018,0;9713848018,9713848023,0;9713848023,12984979400,0;12984979400,9713848118,0;9713848118,9713848006,0;9713848006,9713847968,0;9713847968,9706921713,0;9706921713,9706921712,0;9706921712,9706921786,0;9706921786,9778914467,0;9778914467,9706887247,0;9706887247,9706857800,0;9706857800,9706857774,0;9706857774,9706857801,0;9706857801,9706857775,0;9706857775,9706857832,0;9706857832,9706857843,0;9706857843,7161807983,0;7161807983,7161812592,0;7161812592,499478563,0;499478563,499478564,0;499478564,7973114513,0;7973114513,7973099569,0;7973099569,7975273881,0;7975273881,7973099508,0;7973099508,7973099507,0;7973099507,7973114859,0;7973114859,8298792534,0;8298792534,8298792550,0;8298792550,7973114851,0;7973114851,7975286501,0;7975286501,8298792599,0;8298792599,1116501292,0;1116501292,7975286500,0;7975286500,1116501304,0;1116501304,7975286429,0;7975286429,7975286583,0;7975286583,7977056082,0;7977056082,7977056084,0;7977056084,7977050965,0;7977050965,7977056079,0;7977056079,7979256640,0;7979256640,7979256626,0;7979256626,7979256668,0;7979256668,7977056101,0;7977056101,7967831807,0;7967831807,7967774259,0;7967774259,503464976,0;503464976,7961771680,0;7961771680,1116492807,0;1116492807,7967774262,0;7967774262,503464985,0;503464985,2530277199,0;2530277199,564083084,0;564083084,5374860944,0;5374860944,5374860978,0;5374860978,5374861143,0;5374861143,9053077286,0;9053077286,13527622504,0;13527622504,13167173350,0;13167173350,13527622497,0;13527622497,564083093,0;564083093,6317320202,0;6317320202,564083165,0;564083165,13167173329,0;13167173329,6317320222,0;6317320222,6028645652,0;6028645652,2369336843,0;2369336843,2369336701,0;2369336701,12333484744,0;12333484744,2368579077,0;2368579077,2369336820,0;2369336820,2368578991,0;2368578991,8887740818,0;8887740818,9570709534,0;9570709534,2369336807,0;2369336807,2368578970,0;2368578970,6043430915,0;6043430915,4899192485,0;4899192485,564639012,0;564639012,564638925,0;564638925,504640818,0;504640818,504637096,0;504637096,2787061089,0;2787061089,2787061351,0;2787061351,2787061330,0;2787061330,11155489650,0;11155489650,2787061341,0;2787061341,2787061167,0"
simulated_extreme,120,0.2,0.2,21462940,source_specific,risk_uncertainty,10297.182344079098,0.6370087923684875,0.8280776466145003,0.8219173776639992,0.4311778653622655,97.68059995258227,14.295800006948411,"9706921350,9706921684,0;9706921684,9706921682,0;9706921682,9713848047,0;9713848047,9713848018,0;9713848018,9713848023,0;9713848023,12984979400,0;12984979400,9713848118,0;9713848118,9713848006,0;9713848006,9713847968,0;9713847968,9706921713,0;9706921713,9706921712,0;9706921712,9706921786,0;9706921786,9778914467,0;9778914467,9706887247,0;9706887247,9706857800,0;9706857800,9706857774,0;9706857774,9706857801,0;9706857801,9706857775,0;9706857775,9706857832,0;9706857832,9706857843,0;9706857843,7161807983,0;7161807983,7161812592,0;7161812592,499478563,0;499478563,499478564,0;499478564,7973114513,0;7973114513,7973099569,0;7973099569,7975273881,0;7975273881,7973099508,0;7973099508,7973099507,0;7973099507,7973114859,0;7973114859,8298792534,0;8298792534,8298792550,0;8298792550,7973114851,0;7973114851,7975286501,0;7975286501,8298792599,0;8298792599,1116501292,0;1116501292,7975286500,0;7975286500,1116501304,0;1116501304,7975286429,0;7975286429,7975286583,0;7975286583,7977056082,0;7977056082,7977056084,0;7977056084,7977050965,0;7977050965,7977056079,0;7977056079,7979256640,0;7979256640,7979256626,0;7979256626,7979256668,0;7979256668,7977056101,0;7977056101,7967831807,0;7967831807,7967774259,0;7967774259,503464976,0;503464976,7961771680,0;7961771680,1116492807,0;1116492807,7967774262,0;7967774262,503464985,0;503464985,2530277199,0;2530277199,564083084,0;564083084,5374860944,0;5374860944,5374860978,0;5374860978,5374861143,0;5374861143,9053077286,0;9053077286,13527622504,0;13527622504,13167173350,0;13167173350,13527622497,0;13527622497,564083093,0;564083093,6317320202,0;6317320202,564083165,0;564083165,13167173329,0;13167173329,6317320222,0;6317320222,6028645652,0;6028645652,2369336843,0;2369336843,2369336701,0;2369336701,12333484744,0;12333484744,2368579077,0;2368579077,2369336820,0;2369336820,2368578991,0;2368578991,8887740818,0;8887740818,9570709534,0;9570709534,2369336807,0;2369336807,2368578970,0;2368578970,6043430915,0;6043430915,4899192485,0;4899192485,564639012,0;564639012,564638925,0;564638925,504640818,0;504640818,504637096,0;504637096,2787061089,0;2787061089,2787061351,0;2787061351,2787061330,0;2787061330,11155489650,0;11155489650,2787061341,0;2787061341,2787061167,0"
simulated_extreme,120,0.2,0.2,21462940,source_specific,shortest,10279.902722198703,0.6421914589263749,0.8280776466145003,0.8190917470674244,0.42948322884636647,99.63209996931255,16.24730002367869,"9706921350,9706921684,0;9706921684,9706921682,0;9706921682,9713848047,0;9713848047,9713848018,0;9713848018,9713848023,0;9713848023,12984979400,0;12984979400,9713848118,0;9713848118,9713848006,0;9713848006,9713847968,0;9713847968,9706921713,0;9706921713,9706921712,0;9706921712,9706921786,0;9706921786,9778914467,0;9778914467,9706887247,0;9706887247,9706857800,0;9706857800,9706857774,0;9706857774,9706857801,0;9706857801,9706857775,0;9706857775,9706857832,0;9706857832,9706857843,0;9706857843,7161807983,0;7161807983,7161812592,0;7161812592,499478563,0;499478563,499478564,0;499478564,7973114513,0;7973114513,7973099569,0;7973099569,7975273881,0;7975273881,7973099508,0;7973099508,7973099507,0;7973099507,7973114859,0;7973114859,8298792534,0;8298792534,8298792550,0;8298792550,7973114851,0;7973114851,7975286501,0;7975286501,8298792599,0;8298792599,1116501292,0;1116501292,7975286500,0;7975286500,1116501304,0;1116501304,1116501296,0;1116501296,7977050964,0;7977050964,7977056084,0;7977056084,7977050965,0;7977050965,7977056079,0;7977056079,7979256640,0;7979256640,7979256626,0;7979256626,7979256668,0;7979256668,7977056101,0;7977056101,7967831807,0;7967831807,7967774259,0;7967774259,503464976,0;503464976,7961771680,0;7961771680,1116492807,0;1116492807,7967774262,0;7967774262,503464985,0;503464985,2530277199,0;2530277199,564083084,0;564083084,5374860944,0;5374860944,5374860978,0;5374860978,5374861143,0;5374861143,9053077286,0;9053077286,13527622504,0;13527622504,13167173350,0;13167173350,13527622497,0;13527622497,564083093,0;564083093,6317320202,0;6317320202,564083165,0;564083165,13167173329,0;13167173329,6317320222,0;6317320222,6028645652,0;6028645652,2369336843,0;2369336843,2369336701,0;2369336701,12333484744,0;12333484744,2368579077,0;2368579077,2369336820,0;2369336820,2368578991,0;2368578991,8887740818,0;8887740818,8887717116,0;8887717116,6043430915,0;6043430915,4899192485,0;4899192485,564639012,0;564639012,564638925,0;564638925,504640818,0;504640818,504637096,0;504637096,2787061089,0;2787061089,564641522,0;564641522,11155489649,0;11155489649,11155489650,0;11155489650,2787061341,0;2787061341,2787061167,0"
simulated_extreme,120,0.2,0.2,21462940,source_specific,trusted,10297.182344079098,0.6370087923684875,0.8280776466145003,0.8219173776639992,0.4311778653622655,97.71259996341541,14.327800017781556,"9706921350,9706921684,0;9706921684,9706921682,0;9706921682,9713848047,0;9713848047,9713848018,0;9713848018,9713848023,0;9713848023,12984979400,0;12984979400,9713848118,0;9713848118,9713848006,0;9713848006,9713847968,0;9713847968,9706921713,0;9706921713,9706921712,0;9706921712,9706921786,0;9706921786,9778914467,0;9778914467,9706887247,0;9706887247,9706857800,0;9706857800,9706857774,0;9706857774,9706857801,0;9706857801,9706857775,0;9706857775,9706857832,0;9706857832,9706857843,0;9706857843,7161807983,0;7161807983,7161812592,0;7161812592,499478563,0;499478563,499478564,0;499478564,7973114513,0;7973114513,7973099569,0;7973099569,7975273881,0;7975273881,7973099508,0;7973099508,7973099507,0;7973099507,7973114859,0;7973114859,8298792534,0;8298792534,8298792550,0;8298792550,7973114851,0;7973114851,7975286501,0;7975286501,8298792599,0;8298792599,1116501292,0;1116501292,7975286500,0;7975286500,1116501304,0;1116501304,7975286429,0;7975286429,7975286583,0;7975286583,7977056082,0;7977056082,7977056084,0;7977056084,7977050965,0;7977050965,7977056079,0;7977056079,7979256640,0;7979256640,7979256626,0;7979256626,7979256668,0;7979256668,7977056101,0;7977056101,7967831807,0;7967831807,7967774259,0;7967774259,503464976,0;503464976,7961771680,0;7961771680,1116492807,0;1116492807,7967774262,0;7967774262,503464985,0;503464985,2530277199,0;2530277199,564083084,0;564083084,5374860944,0;5374860944,5374860978,0;5374860978,5374861143,0;5374861143,9053077286,0;9053077286,13527622504,0;13527622504,13167173350,0;13167173350,13527622497,0;13527622497,564083093,0;564083093,6317320202,0;6317320202,564083165,0;564083165,13167173329,0;13167173329,6317320222,0;6317320222,6028645652,0;6028645652,2369336843,0;2369336843,2369336701,0;2369336701,12333484744,0;12333484744,2368579077,0;2368579077,2369336820,0;2369336820,2368578991,0;2368578991,8887740818,0;8887740818,9570709534,0;9570709534,2369336807,0;2369336807,2368578970,0;2368578970,6043430915,0;6043430915,4899192485,0;4899192485,564639012,0;564639012,564638925,0;564638925,504640818,0;504640818,504637096,0;504637096,2787061089,0;2787061089,2787061351,0;2787061351,2787061330,0;2787061330,11155489650,0;11155489650,2787061341,0;2787061341,2787061167,0"
simulated_extreme,120,0.2,0.2,21462940,universal,risk,10297.182344079098,0.6370087923684875,0.8280776466145003,0.8219173776639992,0.4311778653622655,94.8225999600254,14.325500000268221,"9706921350,9706921684,0;9706921684,9706921682,0;9706921682,9713848047,0;9713848047,9713848018,0;9713848018,9713848023,0;9713848023,12984979400,0;12984979400,9713848118,0;9713848118,9713848006,0;9713848006,9713847968,0;9713847968,9706921713,0;9706921713,9706921712,0;9706921712,9706921786,0;9706921786,9778914467,0;9778914467,9706887247,0;9706887247,9706857800,0;9706857800,9706857774,0;9706857774,9706857801,0;9706857801,9706857775,0;9706857775,9706857832,0;9706857832,9706857843,0;9706857843,7161807983,0;7161807983,7161812592,0;7161812592,499478563,0;499478563,499478564,0;499478564,7973114513,0;7973114513,7973099569,0;7973099569,7975273881,0;7975273881,7973099508,0;7973099508,7973099507,0;7973099507,7973114859,0;7973114859,8298792534,0;8298792534,8298792550,0;8298792550,7973114851,0;7973114851,7975286501,0;7975286501,8298792599,0;8298792599,1116501292,0;1116501292,7975286500,0;7975286500,1116501304,0;1116501304,7975286429,0;7975286429,7975286583,0;7975286583,7977056082,0;7977056082,7977056084,0;7977056084,7977050965,0;7977050965,7977056079,0;7977056079,7979256640,0;7979256640,7979256626,0;7979256626,7979256668,0;7979256668,7977056101,0;7977056101,7967831807,0;7967831807,7967774259,0;7967774259,503464976,0;503464976,7961771680,0;7961771680,1116492807,0;1116492807,7967774262,0;7967774262,503464985,0;503464985,2530277199,0;2530277199,564083084,0;564083084,5374860944,0;5374860944,5374860978,0;5374860978,5374861143,0;5374861143,9053077286,0;9053077286,13527622504,0;13527622504,13167173350,0;13167173350,13527622497,0;13527622497,564083093,0;564083093,6317320202,0;6317320202,564083165,0;564083165,13167173329,0;13167173329,6317320222,0;6317320222,6028645652,0;6028645652,2369336843,0;2369336843,2369336701,0;2369336701,12333484744,0;12333484744,2368579077,0;2368579077,2369336820,0;2369336820,2368578991,0;2368578991,8887740818,0;8887740818,9570709534,0;9570709534,2369336807,0;2369336807,2368578970,0;2368578970,6043430915,0;6043430915,4899192485,0;4899192485,564639012,0;564639012,564638925,0;564638925,504640818,0;504640818,504637096,0;504637096,2787061089,0;2787061089,2787061351,0;2787061351,2787061330,0;2787061330,11155489650,0;11155489650,2787061341,0;2787061341,2787061167,0"
simulated_extreme,120,0.2,0.2,21462940,universal,risk_uncertainty,10297.182344079098,0.6370087923684875,0.8280776466145003,0.8219173776639992,0.4311778653622655,95.796599984169,15.299500024411827,"9706921350,9706921684,0;9706921684,9706921682,0;9706921682,9713848047,0;9713848047,9713848018,0;9713848018,9713848023,0;9713848023,12984979400,0;12984979400,9713848118,0;9713848118,9713848006,0;9713848006,9713847968,0;9713847968,9706921713,0;9706921713,9706921712,0;9706921712,9706921786,0;9706921786,9778914467,0;9778914467,9706887247,0;9706887247,9706857800,0;9706857800,9706857774,0;9706857774,9706857801,0;9706857801,9706857775,0;9706857775,9706857832,0;9706857832,9706857843,0;9706857843,7161807983,0;7161807983,7161812592,0;7161812592,499478563,0;499478563,499478564,0;499478564,7973114513,0;7973114513,7973099569,0;7973099569,7975273881,0;7975273881,7973099508,0;7973099508,7973099507,0;7973099507,7973114859,0;7973114859,8298792534,0;8298792534,8298792550,0;8298792550,7973114851,0;7973114851,7975286501,0;7975286501,8298792599,0;8298792599,1116501292,0;1116501292,7975286500,0;7975286500,1116501304,0;1116501304,7975286429,0;7975286429,7975286583,0;7975286583,7977056082,0;7977056082,7977056084,0;7977056084,7977050965,0;7977050965,7977056079,0;7977056079,7979256640,0;7979256640,7979256626,0;7979256626,7979256668,0;7979256668,7977056101,0;7977056101,7967831807,0;7967831807,7967774259,0;7967774259,503464976,0;503464976,7961771680,0;7961771680,1116492807,0;1116492807,7967774262,0;7967774262,503464985,0;503464985,2530277199,0;2530277199,564083084,0;564083084,5374860944,0;5374860944,5374860978,0;5374860978,5374861143,0;5374861143,9053077286,0;9053077286,13527622504,0;13527622504,13167173350,0;13167173350,13527622497,0;13527622497,564083093,0;564083093,6317320202,0;6317320202,564083165,0;564083165,13167173329,0;13167173329,6317320222,0;6317320222,6028645652,0;6028645652,2369336843,0;2369336843,2369336701,0;2369336701,12333484744,0;12333484744,2368579077,0;2368579077,2369336820,0;2369336820,2368578991,0;2368578991,8887740818,0;8887740818,9570709534,0;9570709534,2369336807,0;2369336807,2368578970,0;2368578970,6043430915,0;6043430915,4899192485,0;4899192485,564639012,0;564639012,564638925,0;564638925,504640818,0;504640818,504637096,0;504637096,2787061089,0;2787061089,2787061351,0;2787061351,2787061330,0;2787061330,11155489650,0;11155489650,2787061341,0;2787061341,2787061167,0"
simulated_extreme,120,0.2,0.2,21462940,universal,shortest,10279.902722198703,0.6421914589263749,0.8280776466145003,0.8190917470674244,0.42948322884636647,96.84259997447953,16.345500014722347,"9706921350,9706921684,0;9706921684,9706921682,0;9706921682,9713848047,0;9713848047,9713848018,0;9713848018,9713848023,0;9713848023,12984979400,0;12984979400,9713848118,0;9713848118,9713848006,0;9713848006,9713847968,0;9713847968,9706921713,0;9706921713,9706921712,0;9706921712,9706921786,0;9706921786,9778914467,0;9778914467,9706887247,0;9706887247,9706857800,0;9706857800,9706857774,0;9706857774,9706857801,0;9706857801,9706857775,0;9706857775,9706857832,0;9706857832,9706857843,0;9706857843,7161807983,0;7161807983,7161812592,0;7161812592,499478563,0;499478563,499478564,0;499478564,7973114513,0;7973114513,7973099569,0;7973099569,7975273881,0;7975273881,7973099508,0;7973099508,7973099507,0;7973099507,7973114859,0;7973114859,8298792534,0;8298792534,8298792550,0;8298792550,7973114851,0;7973114851,7975286501,0;7975286501,8298792599,0;8298792599,1116501292,0;1116501292,7975286500,0;7975286500,1116501304,0;1116501304,1116501296,0;1116501296,7977050964,0;7977050964,7977056084,0;7977056084,7977050965,0;7977050965,7977056079,0;7977056079,7979256640,0;7979256640,7979256626,0;7979256626,7979256668,0;7979256668,7977056101,0;7977056101,7967831807,0;7967831807,7967774259,0;7967774259,503464976,0;503464976,7961771680,0;7961771680,1116492807,0;1116492807,7967774262,0;7967774262,503464985,0;503464985,2530277199,0;2530277199,564083084,0;564083084,5374860944,0;5374860944,5374860978,0;5374860978,5374861143,0;5374861143,9053077286,0;9053077286,13527622504,0;13527622504,13167173350,0;13167173350,13527622497,0;13527622497,564083093,0;564083093,6317320202,0;6317320202,564083165,0;564083165,13167173329,0;13167173329,6317320222,0;6317320222,6028645652,0;6028645652,2369336843,0;2369336843,2369336701,0;2369336701,12333484744,0;12333484744,2368579077,0;2368579077,2369336820,0;2369336820,2368578991,0;2368578991,8887740818,0;8887740818,8887717116,0;8887717116,6043430915,0;6043430915,4899192485,0;4899192485,564639012,0;564639012,564638925,0;564638925,504640818,0;504640818,504637096,0;504637096,2787061089,0;2787061089,564641522,0;564641522,11155489649,0;11155489649,11155489650,0;11155489650,2787061341,0;2787061341,2787061167,0"
simulated_extreme,120,0.2,0.2,21462940,universal,trusted,10297.182344079098,0.6370087923684875,0.8280776466145003,0.8219173776639992,0.4311778653622655,95.88189993519336,15.38479997543618,"9706921350,9706921684,0;9706921684,9706921682,0;9706921682,9713848047,0;9713848047,9713848018,0;9713848018,9713848023,0;9713848023,12984979400,0;12984979400,9713848118,0;9713848118,9713848006,0;9713848006,9713847968,0;9713847968,9706921713,0;9706921713,9706921712,0;9706921712,9706921786,0;9706921786,9778914467,0;9778914467,9706887247,0;9706887247,9706857800,0;9706857800,9706857774,0;9706857774,9706857801,0;9706857801,9706857775,0;9706857775,9706857832,0;9706857832,9706857843,0;9706857843,7161807983,0;7161807983,7161812592,0;7161812592,499478563,0;499478563,499478564,0;499478564,7973114513,0;7973114513,7973099569,0;7973099569,7975273881,0;7975273881,7973099508,0;7973099508,7973099507,0;7973099507,7973114859,0;7973114859,8298792534,0;8298792534,8298792550,0;8298792550,7973114851,0;7973114851,7975286501,0;7975286501,8298792599,0;8298792599,1116501292,0;1116501292,7975286500,0;7975286500,1116501304,0;1116501304,7975286429,0;7975286429,7975286583,0;7975286583,7977056082,0;7977056082,7977056084,0;7977056084,7977050965,0;7977050965,7977056079,0;7977056079,7979256640,0;7979256640,7979256626,0;7979256626,7979256668,0;7979256668,7977056101,0;7977056101,7967831807,0;7967831807,7967774259,0;7967774259,503464976,0;503464976,7961771680,0;7961771680,1116492807,0;1116492807,7967774262,0;7967774262,503464985,0;503464985,2530277199,0;2530277199,564083084,0;564083084,5374860944,0;5374860944,5374860978,0;5374860978,5374861143,0;5374861143,9053077286,0;9053077286,13527622504,0;13527622504,13167173350,0;13167173350,13527622497,0;13527622497,564083093,0;564083093,6317320202,0;6317320202,564083165,0;564083165,13167173329,0;13167173329,6317320222,0;6317320222,6028645652,0;6028645652,2369336843,0;2369336843,2369336701,0;2369336701,12333484744,0;12333484744,2368579077,0;2368579077,2369336820,0;2369336820,2368578991,0;2368578991,8887740818,0;8887740818,9570709534,0;9570709534,2369336807,0;2369336807,2368578970,0;2368578970,6043430915,0;6043430915,4899192485,0;4899192485,564639012,0;564639012,564638925,0;564638925,504640818,0;504640818,504637096,0;504637096,2787061089,0;2787061089,2787061351,0;2787061351,2787061330,0;2787061330,11155489650,0;11155489650,2787061341,0;2787061341,2787061167,0"
simulated_extreme,120,0.4,0.0,21464920,source_specific,risk,10297.182344079098,0.6370087923684875,0.8280776466145003,0.8219173776639992,0.4311778653622655,93.4584999922663,15.375099959783256,"9706921350,9706921684,0;9706921684,9706921682,0;9706921682,9713848047,0;9713848047,9713848018,0;9713848018,9713848023,0;9713848023,12984979400,0;12984979400,9713848118,0;9713848118,9713848006,0;9713848006,9713847968,0;9713847968,9706921713,0;9706921713,9706921712,0;9706921712,9706921786,0;9706921786,9778914467,0;9778914467,9706887247,0;9706887247,9706857800,0;9706857800,9706857774,0;9706857774,9706857801,0;9706857801,9706857775,0;9706857775,9706857832,0;9706857832,9706857843,0;9706857843,7161807983,0;7161807983,7161812592,0;7161812592,499478563,0;499478563,499478564,0;499478564,7973114513,0;7973114513,7973099569,0;7973099569,7975273881,0;7975273881,7973099508,0;7973099508,7973099507,0;7973099507,7973114859,0;7973114859,8298792534,0;8298792534,8298792550,0;8298792550,7973114851,0;7973114851,7975286501,0;7975286501,8298792599,0;8298792599,1116501292,0;1116501292,7975286500,0;7975286500,1116501304,0;1116501304,7975286429,0;7975286429,7975286583,0;7975286583,7977056082,0;7977056082,7977056084,0;7977056084,7977050965,0;7977050965,7977056079,0;7977056079,7979256640,0;7979256640,7979256626,0;7979256626,7979256668,0;7979256668,7977056101,0;7977056101,7967831807,0;7967831807,7967774259,0;7967774259,503464976,0;503464976,7961771680,0;7961771680,1116492807,0;1116492807,7967774262,0;7967774262,503464985,0;503464985,2530277199,0;2530277199,564083084,0;564083084,5374860944,0;5374860944,5374860978,0;5374860978,5374861143,0;5374861143,9053077286,0;9053077286,13527622504,0;13527622504,13167173350,0;13167173350,13527622497,0;13527622497,564083093,0;564083093,6317320202,0;6317320202,564083165,0;564083165,13167173329,0;13167173329,6317320222,0;6317320222,6028645652,0;6028645652,2369336843,0;2369336843,2369336701,0;2369336701,12333484744,0;12333484744,2368579077,0;2368579077,2369336820,0;2369336820,2368578991,0;2368578991,8887740818,0;8887740818,9570709534,0;9570709534,2369336807,0;2369336807,2368578970,0;2368578970,6043430915,0;6043430915,4899192485,0;4899192485,564639012,0;564639012,564638925,0;564638925,504640818,0;504640818,504637096,0;504637096,2787061089,0;2787061089,2787061351,0;2787061351,2787061330,0;2787061330,11155489650,0;11155489650,2787061341,0;2787061341,2787061167,0"
simulated_extreme,120,0.4,0.0,21464920,source_specific,risk_uncertainty,10297.182344079098,0.6370087923684875,0.8280776466145003,0.8219173776639992,0.4311778653622655,92.68470003735274,14.6013000048697,"9706921350,9706921684,0;9706921684,9706921682,0;9706921682,9713848047,0;9713848047,9713848018,0;9713848018,9713848023,0;9713848023,12984979400,0;12984979400,9713848118,0;9713848118,9713848006,0;9713848006,9713847968,0;9713847968,9706921713,0;9706921713,9706921712,0;9706921712,9706921786,0;9706921786,9778914467,0;9778914467,9706887247,0;9706887247,9706857800,0;9706857800,9706857774,0;9706857774,9706857801,0;9706857801,9706857775,0;9706857775,9706857832,0;9706857832,9706857843,0;9706857843,7161807983,0;7161807983,7161812592,0;7161812592,499478563,0;499478563,499478564,0;499478564,7973114513,0;7973114513,7973099569,0;7973099569,7975273881,0;7975273881,7973099508,0;7973099508,7973099507,0;7973099507,7973114859,0;7973114859,8298792534,0;8298792534,8298792550,0;8298792550,7973114851,0;7973114851,7975286501,0;7975286501,8298792599,0;8298792599,1116501292,0;1116501292,7975286500,0;7975286500,1116501304,0;1116501304,7975286429,0;7975286429,7975286583,0;7975286583,7977056082,0;7977056082,7977056084,0;7977056084,7977050965,0;7977050965,7977056079,0;7977056079,7979256640,0;7979256640,7979256626,0;7979256626,7979256668,0;7979256668,7977056101,0;7977056101,7967831807,0;7967831807,7967774259,0;7967774259,503464976,0;503464976,7961771680,0;7961771680,1116492807,0;1116492807,7967774262,0;7967774262,503464985,0;503464985,2530277199,0;2530277199,564083084,0;564083084,5374860944,0;5374860944,5374860978,0;5374860978,5374861143,0;5374861143,9053077286,0;9053077286,13527622504,0;13527622504,13167173350,0;13167173350,13527622497,0;13527622497,564083093,0;564083093,6317320202,0;6317320202,564083165,0;564083165,13167173329,0;13167173329,6317320222,0;6317320222,6028645652,0;6028645652,2369336843,0;2369336843,2369336701,0;2369336701,12333484744,0;12333484744,2368579077,0;2368579077,2369336820,0;2369336820,2368578991,0;2368578991,8887740818,0;8887740818,9570709534,0;9570709534,2369336807,0;2369336807,2368578970,0;2368578970,6043430915,0;6043430915,4899192485,0;4899192485,564639012,0;564639012,564638925,0;564638925,504640818,0;504640818,504637096,0;504637096,2787061089,0;2787061089,2787061351,0;2787061351,2787061330,0;2787061330,11155489650,0;11155489650,2787061341,0;2787061341,2787061167,0"
simulated_extreme,120,0.4,0.0,21464920,source_specific,shortest,10279.902722198703,0.6421914589263749,0.8280776466145003,0.8190917470674244,0.42948322884636647,92.64510002685711,14.561699994374067,"9706921350,9706921684,0;9706921684,9706921682,0;9706921682,9713848047,0;9713848047,9713848018,0;9713848018,9713848023,0;9713848023,12984979400,0;12984979400,9713848118,0;9713848118,9713848006,0;9713848006,9713847968,0;9713847968,9706921713,0;9706921713,9706921712,0;9706921712,9706921786,0;9706921786,9778914467,0;9778914467,9706887247,0;9706887247,9706857800,0;9706857800,9706857774,0;9706857774,9706857801,0;9706857801,9706857775,0;9706857775,9706857832,0;9706857832,9706857843,0;9706857843,7161807983,0;7161807983,7161812592,0;7161812592,499478563,0;499478563,499478564,0;499478564,7973114513,0;7973114513,7973099569,0;7973099569,7975273881,0;7975273881,7973099508,0;7973099508,7973099507,0;7973099507,7973114859,0;7973114859,8298792534,0;8298792534,8298792550,0;8298792550,7973114851,0;7973114851,7975286501,0;7975286501,8298792599,0;8298792599,1116501292,0;1116501292,7975286500,0;7975286500,1116501304,0;1116501304,1116501296,0;1116501296,7977050964,0;7977050964,7977056084,0;7977056084,7977050965,0;7977050965,7977056079,0;7977056079,7979256640,0;7979256640,7979256626,0;7979256626,7979256668,0;7979256668,7977056101,0;7977056101,7967831807,0;7967831807,7967774259,0;7967774259,503464976,0;503464976,7961771680,0;7961771680,1116492807,0;1116492807,7967774262,0;7967774262,503464985,0;503464985,2530277199,0;2530277199,564083084,0;564083084,5374860944,0;5374860944,5374860978,0;5374860978,5374861143,0;5374861143,9053077286,0;9053077286,13527622504,0;13527622504,13167173350,0;13167173350,13527622497,0;13527622497,564083093,0;564083093,6317320202,0;6317320202,564083165,0;564083165,13167173329,0;13167173329,6317320222,0;6317320222,6028645652,0;6028645652,2369336843,0;2369336843,2369336701,0;2369336701,12333484744,0;12333484744,2368579077,0;2368579077,2369336820,0;2369336820,2368578991,0;2368578991,8887740818,0;8887740818,8887717116,0;8887717116,6043430915,0;6043430915,4899192485,0;4899192485,564639012,0;564639012,564638925,0;564638925,504640818,0;504640818,504637096,0;504637096,2787061089,0;2787061089,564641522,0;564641522,11155489649,0;11155489649,11155489650,0;11155489650,2787061341,0;2787061341,2787061167,0"
simulated_extreme,120,0.4,0.0,21464920,source_specific,trusted,10297.182344079098,0.6370087923684875,0.8280776466145003,0.8219173776639992,0.4311778653622655,92.57949999300763,14.496099960524589,"9706921350,9706921684,0;9706921684,9706921682,0;9706921682,9713848047,0;9713848047,9713848018,0;9713848018,9713848023,0;9713848023,12984979400,0;12984979400,9713848118,0;9713848118,9713848006,0;9713848006,9713847968,0;9713847968,9706921713,0;9706921713,9706921712,0;9706921712,9706921786,0;9706921786,9778914467,0;9778914467,9706887247,0;9706887247,9706857800,0;9706857800,9706857774,0;9706857774,9706857801,0;9706857801,9706857775,0;9706857775,9706857832,0;9706857832,9706857843,0;9706857843,7161807983,0;7161807983,7161812592,0;7161812592,499478563,0;499478563,499478564,0;499478564,7973114513,0;7973114513,7973099569,0;7973099569,7975273881,0;7975273881,7973099508,0;7973099508,7973099507,0;7973099507,7973114859,0;7973114859,8298792534,0;8298792534,8298792550,0;8298792550,7973114851,0;7973114851,7975286501,0;7975286501,8298792599,0;8298792599,1116501292,0;1116501292,7975286500,0;7975286500,1116501304,0;1116501304,7975286429,0;7975286429,7975286583,0;7975286583,7977056082,0;7977056082,7977056084,0;7977056084,7977050965,0;7977050965,7977056079,0;7977056079,7979256640,0;7979256640,7979256626,0;7979256626,7979256668,0;7979256668,7977056101,0;7977056101,7967831807,0;7967831807,7967774259,0;7967774259,503464976,0;503464976,7961771680,0;7961771680,1116492807,0;1116492807,7967774262,0;7967774262,503464985,0;503464985,2530277199,0;2530277199,564083084,0;564083084,5374860944,0;5374860944,5374860978,0;5374860978,5374861143,0;5374861143,9053077286,0;9053077286,13527622504,0;13527622504,13167173350,0;13167173350,13527622497,0;13527622497,564083093,0;564083093,6317320202,0;6317320202,564083165,0;564083165,13167173329,0;13167173329,6317320222,0;6317320222,6028645652,0;6028645652,2369336843,0;2369336843,2369336701,0;2369336701,12333484744,0;12333484744,2368579077,0;2368579077,2369336820,0;2369336820,2368578991,0;2368578991,8887740818,0;8887740818,9570709534,0;9570709534,2369336807,0;2369336807,2368578970,0;2368578970,6043430915,0;6043430915,4899192485,0;4899192485,564639012,0;564639012,564638925,0;564638925,504640818,0;504640818,504637096,0;504637096,2787061089,0;2787061089,2787061351,0;2787061351,2787061330,0;2787061330,11155489650,0;11155489650,2787061341,0;2787061341,2787061167,0"
simulated_extreme,120,0.4,0.0,21464920,universal,risk,10297.182344079098,0.6370087923684875,0.8280776466145003,0.8219173776639992,0.4311778653622655,90.52909997990355,13.804999995045364,"9706921350,9706921684,0;9706921684,9706921682,0;9706921682,9713848047,0;9713848047,9713848018,0;9713848018,9713848023,0;9713848023,12984979400,0;12984979400,9713848118,0;9713848118,9713848006,0;9713848006,9713847968,0;9713847968,9706921713,0;9706921713,9706921712,0;9706921712,9706921786,0;9706921786,9778914467,0;9778914467,9706887247,0;9706887247,9706857800,0;9706857800,9706857774,0;9706857774,9706857801,0;9706857801,9706857775,0;9706857775,9706857832,0;9706857832,9706857843,0;9706857843,7161807983,0;7161807983,7161812592,0;7161812592,499478563,0;499478563,499478564,0;499478564,7973114513,0;7973114513,7973099569,0;7973099569,7975273881,0;7975273881,7973099508,0;7973099508,7973099507,0;7973099507,7973114859,0;7973114859,8298792534,0;8298792534,8298792550,0;8298792550,7973114851,0;7973114851,7975286501,0;7975286501,8298792599,0;8298792599,1116501292,0;1116501292,7975286500,0;7975286500,1116501304,0;1116501304,7975286429,0;7975286429,7975286583,0;7975286583,7977056082,0;7977056082,7977056084,0;7977056084,7977050965,0;7977050965,7977056079,0;7977056079,7979256640,0;7979256640,7979256626,0;7979256626,7979256668,0;7979256668,7977056101,0;7977056101,7967831807,0;7967831807,7967774259,0;7967774259,503464976,0;503464976,7961771680,0;7961771680,1116492807,0;1116492807,7967774262,0;7967774262,503464985,0;503464985,2530277199,0;2530277199,564083084,0;564083084,5374860944,0;5374860944,5374860978,0;5374860978,5374861143,0;5374861143,9053077286,0;9053077286,13527622504,0;13527622504,13167173350,0;13167173350,13527622497,0;13527622497,564083093,0;564083093,6317320202,0;6317320202,564083165,0;564083165,13167173329,0;13167173329,6317320222,0;6317320222,6028645652,0;6028645652,2369336843,0;2369336843,2369336701,0;2369336701,12333484744,0;12333484744,2368579077,0;2368579077,2369336820,0;2369336820,2368578991,0;2368578991,8887740818,0;8887740818,9570709534,0;9570709534,2369336807,0;2369336807,2368578970,0;2368578970,6043430915,0;6043430915,4899192485,0;4899192485,564639012,0;564639012,564638925,0;564638925,504640818,0;504640818,504637096,0;504637096,2787061089,0;2787061089,2787061351,0;2787061351,2787061330,0;2787061330,11155489650,0;11155489650,2787061341,0;2787061341,2787061167,0"
simulated_extreme,120,0.4,0.0,21464920,universal,risk_uncertainty,10297.182344079098,0.6370087923684875,0.8280776466145003,0.8219173776639992,0.4311778653622655,91.71649999916553,14.99240001430735,"9706921350,9706921684,0;9706921684,9706921682,0;9706921682,9713848047,0;9713848047,9713848018,0;9713848018,9713848023,0;9713848023,12984979400,0;12984979400,9713848118,0;9713848118,9713848006,0;9713848006,9713847968,0;9713847968,9706921713,0;9706921713,9706921712,0;9706921712,9706921786,0;9706921786,9778914467,0;9778914467,9706887247,0;9706887247,9706857800,0;9706857800,9706857774,0;9706857774,9706857801,0;9706857801,9706857775,0;9706857775,9706857832,0;9706857832,9706857843,0;9706857843,7161807983,0;7161807983,7161812592,0;7161812592,499478563,0;499478563,499478564,0;499478564,7973114513,0;7973114513,7973099569,0;7973099569,7975273881,0;7975273881,7973099508,0;7973099508,7973099507,0;7973099507,7973114859,0;7973114859,8298792534,0;8298792534,8298792550,0;8298792550,7973114851,0;7973114851,7975286501,0;7975286501,8298792599,0;8298792599,1116501292,0;1116501292,7975286500,0;7975286500,1116501304,0;1116501304,7975286429,0;7975286429,7975286583,0;7975286583,7977056082,0;7977056082,7977056084,0;7977056084,7977050965,0;7977050965,7977056079,0;7977056079,7979256640,0;7979256640,7979256626,0;7979256626,7979256668,0;7979256668,7977056101,0;7977056101,7967831807,0;7967831807,7967774259,0;7967774259,503464976,0;503464976,7961771680,0;7961771680,1116492807,0;1116492807,7967774262,0;7967774262,503464985,0;503464985,2530277199,0;2530277199,564083084,0;564083084,5374860944,0;5374860944,5374860978,0;5374860978,5374861143,0;5374861143,9053077286,0;9053077286,13527622504,0;13527622504,13167173350,0;13167173350,13527622497,0;13527622497,564083093,0;564083093,6317320202,0;6317320202,564083165,0;564083165,13167173329,0;13167173329,6317320222,0;6317320222,6028645652,0;6028645652,2369336843,0;2369336843,2369336701,0;2369336701,12333484744,0;12333484744,2368579077,0;2368579077,2369336820,0;2369336820,2368578991,0;2368578991,8887740818,0;8887740818,9570709534,0;9570709534,2369336807,0;2369336807,2368578970,0;2368578970,6043430915,0;6043430915,4899192485,0;4899192485,564639012,0;564639012,564638925,0;564638925,504640818,0;504640818,504637096,0;504637096,2787061089,0;2787061089,2787061351,0;2787061351,2787061330,0;2787061330,11155489650,0;11155489650,2787061341,0;2787061341,2787061167,0"
simulated_extreme,120,0.4,0.0,21464920,universal,shortest,10279.902722198703,0.6421914589263749,0.8280776466145003,0.8190917470674244,0.42948322884636647,91.40229999320582,14.67820000834763,"9706921350,9706921684,0;9706921684,9706921682,0;9706921682,9713848047,0;9713848047,9713848018,0;9713848018,9713848023,0;9713848023,12984979400,0;12984979400,9713848118,0;9713848118,9713848006,0;9713848006,9713847968,0;9713847968,9706921713,0;9706921713,9706921712,0;9706921712,9706921786,0;9706921786,9778914467,0;9778914467,9706887247,0;9706887247,9706857800,0;9706857800,9706857774,0;9706857774,9706857801,0;9706857801,9706857775,0;9706857775,9706857832,0;9706857832,9706857843,0;9706857843,7161807983,0;7161807983,7161812592,0;7161812592,499478563,0;499478563,499478564,0;499478564,7973114513,0;7973114513,7973099569,0;7973099569,7975273881,0;7975273881,7973099508,0;7973099508,7973099507,0;7973099507,7973114859,0;7973114859,8298792534,0;8298792534,8298792550,0;8298792550,7973114851,0;7973114851,7975286501,0;7975286501,8298792599,0;8298792599,1116501292,0;1116501292,7975286500,0;7975286500,1116501304,0;1116501304,1116501296,0;1116501296,7977050964,0;7977050964,7977056084,0;7977056084,7977050965,0;7977050965,7977056079,0;7977056079,7979256640,0;7979256640,7979256626,0;7979256626,7979256668,0;7979256668,7977056101,0;7977056101,7967831807,0;7967831807,7967774259,0;7967774259,503464976,0;503464976,7961771680,0;7961771680,1116492807,0;1116492807,7967774262,0;7967774262,503464985,0;503464985,2530277199,0;2530277199,564083084,0;564083084,5374860944,0;5374860944,5374860978,0;5374860978,5374861143,0;5374861143,9053077286,0;9053077286,13527622504,0;13527622504,13167173350,0;13167173350,13527622497,0;13527622497,564083093,0;564083093,6317320202,0;6317320202,564083165,0;564083165,13167173329,0;13167173329,6317320222,0;6317320222,6028645652,0;6028645652,2369336843,0;2369336843,2369336701,0;2369336701,12333484744,0;12333484744,2368579077,0;2368579077,2369336820,0;2369336820,2368578991,0;2368578991,8887740818,0;8887740818,8887717116,0;8887717116,6043430915,0;6043430915,4899192485,0;4899192485,564639012,0;564639012,564638925,0;564638925,504640818,0;504640818,504637096,0;504637096,2787061089,0;2787061089,564641522,0;564641522,11155489649,0;11155489649,11155489650,0;11155489650,2787061341,0;2787061341,2787061167,0"
simulated_extreme,120,0.4,0.0,21464920,universal,trusted,10297.182344079098,0.6370087923684875,0.8280776466145003,0.8219173776639992,0.4311778653622655,89.99539993237704,13.271299947518855,"9706921350,9706921684,0;9706921684,9706921682,0;9706921682,9713848047,0;9713848047,9713848018,0;9713848018,9713848023,0;9713848023,12984979400,0;12984979400,9713848118,0;9713848118,9713848006,0;9713848006,9713847968,0;9713847968,9706921713,0;9706921713,9706921712,0;9706921712,9706921786,0;9706921786,9778914467,0;9778914467,9706887247,0;9706887247,9706857800,0;9706857800,9706857774,0;9706857774,9706857801,0;9706857801,9706857775,0;9706857775,9706857832,0;9706857832,9706857843,0;9706857843,7161807983,0;7161807983,7161812592,0;7161812592,499478563,0;499478563,499478564,0;499478564,7973114513,0;7973114513,7973099569,0;7973099569,7975273881,0;7975273881,7973099508,0;7973099508,7973099507,0;7973099507,7973114859,0;7973114859,8298792534,0;8298792534,8298792550,0;8298792550,7973114851,0;7973114851,7975286501,0;7975286501,8298792599,0;8298792599,1116501292,0;1116501292,7975286500,0;7975286500,1116501304,0;1116501304,7975286429,0;7975286429,7975286583,0;7975286583,7977056082,0;7977056082,7977056084,0;7977056084,7977050965,0;7977050965,7977056079,0;7977056079,7979256640,0;7979256640,7979256626,0;7979256626,7979256668,0;7979256668,7977056101,0;7977056101,7967831807,0;7967831807,7967774259,0;7967774259,503464976,0;503464976,7961771680,0;7961771680,1116492807,0;1116492807,7967774262,0;7967774262,503464985,0;503464985,2530277199,0;2530277199,564083084,0;564083084,5374860944,0;5374860944,5374860978,0;5374860978,5374861143,0;5374861143,9053077286,0;9053077286,13527622504,0;13527622504,13167173350,0;13167173350,13527622497,0;13527622497,564083093,0;564083093,6317320202,0;6317320202,564083165,0;564083165,13167173329,0;13167173329,6317320222,0;6317320222,6028645652,0;6028645652,2369336843,0;2369336843,2369336701,0;2369336701,12333484744,0;12333484744,2368579077,0;2368579077,2369336820,0;2369336820,2368578991,0;2368578991,8887740818,0;8887740818,9570709534,0;9570709534,2369336807,0;2369336807,2368578970,0;2368578970,6043430915,0;6043430915,4899192485,0;4899192485,564639012,0;564639012,564638925,0;564638925,504640818,0;504640818,504637096,0;504637096,2787061089,0;2787061089,2787061351,0;2787061351,2787061330,0;2787061330,11155489650,0;11155489650,2787061341,0;2787061341,2787061167,0"
simulated_extreme,120,0.4,0.1,21464930,source_specific,risk,10297.182344079098,0.6370087923684875,0.8280776466145003,0.8219173776639992,0.4311778653622655,95.82329995464534,14.031299971975386,"9706921350,9706921684,0;9706921684,9706921682,0;9706921682,9713848047,0;9713848047,9713848018,0;9713848018,9713848023,0;9713848023,12984979400,0;12984979400,9713848118,0;9713848118,9713848006,0;9713848006,9713847968,0;9713847968,9706921713,0;9706921713,9706921712,0;9706921712,9706921786,0;9706921786,9778914467,0;9778914467,9706887247,0;9706887247,9706857800,0;9706857800,9706857774,0;9706857774,9706857801,0;9706857801,9706857775,0;9706857775,9706857832,0;9706857832,9706857843,0;9706857843,7161807983,0;7161807983,7161812592,0;7161812592,499478563,0;499478563,499478564,0;499478564,7973114513,0;7973114513,7973099569,0;7973099569,7975273881,0;7975273881,7973099508,0;7973099508,7973099507,0;7973099507,7973114859,0;7973114859,8298792534,0;8298792534,8298792550,0;8298792550,7973114851,0;7973114851,7975286501,0;7975286501,8298792599,0;8298792599,1116501292,0;1116501292,7975286500,0;7975286500,1116501304,0;1116501304,7975286429,0;7975286429,7975286583,0;7975286583,7977056082,0;7977056082,7977056084,0;7977056084,7977050965,0;7977050965,7977056079,0;7977056079,7979256640,0;7979256640,7979256626,0;7979256626,7979256668,0;7979256668,7977056101,0;7977056101,7967831807,0;7967831807,7967774259,0;7967774259,503464976,0;503464976,7961771680,0;7961771680,1116492807,0;1116492807,7967774262,0;7967774262,503464985,0;503464985,2530277199,0;2530277199,564083084,0;564083084,5374860944,0;5374860944,5374860978,0;5374860978,5374861143,0;5374861143,9053077286,0;9053077286,13527622504,0;13527622504,13167173350,0;13167173350,13527622497,0;13527622497,564083093,0;564083093,6317320202,0;6317320202,564083165,0;564083165,13167173329,0;13167173329,6317320222,0;6317320222,6028645652,0;6028645652,2369336843,0;2369336843,2369336701,0;2369336701,12333484744,0;12333484744,2368579077,0;2368579077,2369336820,0;2369336820,2368578991,0;2368578991,8887740818,0;8887740818,9570709534,0;9570709534,2369336807,0;2369336807,2368578970,0;2368578970,6043430915,0;6043430915,4899192485,0;4899192485,564639012,0;564639012,564638925,0;564638925,504640818,0;504640818,504637096,0;504637096,2787061089,0;2787061089,2787061351,0;2787061351,2787061330,0;2787061330,11155489650,0;11155489650,2787061341,0;2787061341,2787061167,0"
simulated_extreme,120,0.4,0.1,21464930,source_specific,risk_uncertainty,10297.182344079098,0.6370087923684875,0.8280776466145003,0.8219173776639992,0.4311778653622655,97.04319998854771,15.251200005877763,"9706921350,9706921684,0;9706921684,9706921682,0;9706921682,9713848047,0;9713848047,9713848018,0;9713848018,9713848023,0;9713848023,12984979400,0;12984979400,9713848118,0;9713848118,9713848006,0;9713848006,9713847968,0;9713847968,9706921713,0;9706921713,9706921712,0;9706921712,9706921786,0;9706921786,9778914467,0;9778914467,9706887247,0;9706887247,9706857800,0;9706857800,9706857774,0;9706857774,9706857801,0;9706857801,9706857775,0;9706857775,9706857832,0;9706857832,9706857843,0;9706857843,7161807983,0;7161807983,7161812592,0;7161812592,499478563,0;499478563,499478564,0;499478564,7973114513,0;7973114513,7973099569,0;7973099569,7975273881,0;7975273881,7973099508,0;7973099508,7973099507,0;7973099507,7973114859,0;7973114859,8298792534,0;8298792534,8298792550,0;8298792550,7973114851,0;7973114851,7975286501,0;7975286501,8298792599,0;8298792599,1116501292,0;1116501292,7975286500,0;7975286500,1116501304,0;1116501304,7975286429,0;7975286429,7975286583,0;7975286583,7977056082,0;7977056082,7977056084,0;7977056084,7977050965,0;7977050965,7977056079,0;7977056079,7979256640,0;7979256640,7979256626,0;7979256626,7979256668,0;7979256668,7977056101,0;7977056101,7967831807,0;7967831807,7967774259,0;7967774259,503464976,0;503464976,7961771680,0;7961771680,1116492807,0;1116492807,7967774262,0;7967774262,503464985,0;503464985,2530277199,0;2530277199,564083084,0;564083084,5374860944,0;5374860944,5374860978,0;5374860978,5374861143,0;5374861143,9053077286,0;9053077286,13527622504,0;13527622504,13167173350,0;13167173350,13527622497,0;13527622497,564083093,0;564083093,6317320202,0;6317320202,564083165,0;564083165,13167173329,0;13167173329,6317320222,0;6317320222,6028645652,0;6028645652,2369336843,0;2369336843,2369336701,0;2369336701,12333484744,0;12333484744,2368579077,0;2368579077,2369336820,0;2369336820,2368578991,0;2368578991,8887740818,0;8887740818,9570709534,0;9570709534,2369336807,0;2369336807,2368578970,0;2368578970,6043430915,0;6043430915,4899192485,0;4899192485,564639012,0;564639012,564638925,0;564638925,504640818,0;504640818,504637096,0;504637096,2787061089,0;2787061089,2787061351,0;2787061351,2787061330,0;2787061330,11155489650,0;11155489650,2787061341,0;2787061341,2787061167,0"
simulated_extreme,120,0.4,0.1,21464930,source_specific,shortest,10279.902722198703,0.6421914589263749,0.8280776466145003,0.8190917470674244,0.42948322884636647,96.23019996797666,14.43819998530671,"9706921350,9706921684,0;9706921684,9706921682,0;9706921682,9713848047,0;9713848047,9713848018,0;9713848018,9713848023,0;9713848023,12984979400,0;12984979400,9713848118,0;9713848118,9713848006,0;9713848006,9713847968,0;9713847968,9706921713,0;9706921713,9706921712,0;9706921712,9706921786,0;9706921786,9778914467,0;9778914467,9706887247,0;9706887247,9706857800,0;9706857800,9706857774,0;9706857774,9706857801,0;9706857801,9706857775,0;9706857775,9706857832,0;9706857832,9706857843,0;9706857843,7161807983,0;7161807983,7161812592,0;7161812592,499478563,0;499478563,499478564,0;499478564,7973114513,0;7973114513,7973099569,0;7973099569,7975273881,0;7975273881,7973099508,0;7973099508,7973099507,0;7973099507,7973114859,0;7973114859,8298792534,0;8298792534,8298792550,0;8298792550,7973114851,0;7973114851,7975286501,0;7975286501,8298792599,0;8298792599,1116501292,0;1116501292,7975286500,0;7975286500,1116501304,0;1116501304,1116501296,0;1116501296,7977050964,0;7977050964,7977056084,0;7977056084,7977050965,0;7977050965,7977056079,0;7977056079,7979256640,0;7979256640,7979256626,0;7979256626,7979256668,0;7979256668,7977056101,0;7977056101,7967831807,0;7967831807,7967774259,0;7967774259,503464976,0;503464976,7961771680,0;7961771680,1116492807,0;1116492807,7967774262,0;7967774262,503464985,0;503464985,2530277199,0;2530277199,564083084,0;564083084,5374860944,0;5374860944,5374860978,0;5374860978,5374861143,0;5374861143,9053077286,0;9053077286,13527622504,0;13527622504,13167173350,0;13167173350,13527622497,0;13527622497,564083093,0;564083093,6317320202,0;6317320202,564083165,0;564083165,13167173329,0;13167173329,6317320222,0;6317320222,6028645652,0;6028645652,2369336843,0;2369336843,2369336701,0;2369336701,12333484744,0;12333484744,2368579077,0;2368579077,2369336820,0;2369336820,2368578991,0;2368578991,8887740818,0;8887740818,8887717116,0;8887717116,6043430915,0;6043430915,4899192485,0;4899192485,564639012,0;564639012,564638925,0;564638925,504640818,0;504640818,504637096,0;504637096,2787061089,0;2787061089,564641522,0;564641522,11155489649,0;11155489649,11155489650,0;11155489650,2787061341,0;2787061341,2787061167,0"
simulated_extreme,120,0.4,0.1,21464930,source_specific,trusted,10297.182344079098,0.6370087923684875,0.8280776466145003,0.8219173776639992,0.4311778653622655,96.21129994047806,14.419299957808107,"9706921350,9706921684,0;9706921684,9706921682,0;9706921682,9713848047,0;9713848047,9713848018,0;9713848018,9713848023,0;9713848023,12984979400,0;12984979400,9713848118,0;9713848118,9713848006,0;9713848006,9713847968,0;9713847968,9706921713,0;9706921713,9706921712,0;9706921712,9706921786,0;9706921786,9778914467,0;9778914467,9706887247,0;9706887247,9706857800,0;9706857800,9706857774,0;9706857774,9706857801,0;9706857801,9706857775,0;9706857775,9706857832,0;9706857832,9706857843,0;9706857843,7161807983,0;7161807983,7161812592,0;7161812592,499478563,0;499478563,499478564,0;499478564,7973114513,0;7973114513,7973099569,0;7973099569,7975273881,0;7975273881,7973099508,0;7973099508,7973099507,0;7973099507,7973114859,0;7973114859,8298792534,0;8298792534,8298792550,0;8298792550,7973114851,0;7973114851,7975286501,0;7975286501,8298792599,0;8298792599,1116501292,0;1116501292,7975286500,0;7975286500,1116501304,0;1116501304,7975286429,0;7975286429,7975286583,0;7975286583,7977056082,0;7977056082,7977056084,0;7977056084,7977050965,0;7977050965,7977056079,0;7977056079,7979256640,0;7979256640,7979256626,0;7979256626,7979256668,0;7979256668,7977056101,0;7977056101,7967831807,0;7967831807,7967774259,0;7967774259,503464976,0;503464976,7961771680,0;7961771680,1116492807,0;1116492807,7967774262,0;7967774262,503464985,0;503464985,2530277199,0;2530277199,564083084,0;564083084,5374860944,0;5374860944,5374860978,0;5374860978,5374861143,0;5374861143,9053077286,0;9053077286,13527622504,0;13527622504,13167173350,0;13167173350,13527622497,0;13527622497,564083093,0;564083093,6317320202,0;6317320202,564083165,0;564083165,13167173329,0;13167173329,6317320222,0;6317320222,6028645652,0;6028645652,2369336843,0;2369336843,2369336701,0;2369336701,12333484744,0;12333484744,2368579077,0;2368579077,2369336820,0;2369336820,2368578991,0;2368578991,8887740818,0;8887740818,9570709534,0;9570709534,2369336807,0;2369336807,2368578970,0;2368578970,6043430915,0;6043430915,4899192485,0;4899192485,564639012,0;564639012,564638925,0;564638925,504640818,0;504640818,504637096,0;504637096,2787061089,0;2787061089,2787061351,0;2787061351,2787061330,0;2787061330,11155489650,0;11155489650,2787061341,0;2787061341,2787061167,0"
simulated_extreme,120,0.4,0.1,21464930,universal,risk,10297.182344079098,0.6370087923684875,0.8280776466145003,0.8219173776639992,0.4311778653622655,95.03129991935566,14.566599973477423,"9706921350,9706921684,0;9706921684,9706921682,0;9706921682,9713848047,0;9713848047,9713848018,0;9713848018,9713848023,0;9713848023,12984979400,0;12984979400,9713848118,0;9713848118,9713848006,0;9713848006,9713847968,0;9713847968,9706921713,0;9706921713,9706921712,0;9706921712,9706921786,0;9706921786,9778914467,0;9778914467,9706887247,0;9706887247,9706857800,0;9706857800,9706857774,0;9706857774,9706857801,0;9706857801,9706857775,0;9706857775,9706857832,0;9706857832,9706857843,0;9706857843,7161807983,0;7161807983,7161812592,0;7161812592,499478563,0;499478563,499478564,0;499478564,7973114513,0;7973114513,7973099569,0;7973099569,7975273881,0;7975273881,7973099508,0;7973099508,7973099507,0;7973099507,7973114859,0;7973114859,8298792534,0;8298792534,8298792550,0;8298792550,7973114851,0;7973114851,7975286501,0;7975286501,8298792599,0;8298792599,1116501292,0;1116501292,7975286500,0;7975286500,1116501304,0;1116501304,7975286429,0;7975286429,7975286583,0;7975286583,7977056082,0;7977056082,7977056084,0;7977056084,7977050965,0;7977050965,7977056079,0;7977056079,7979256640,0;7979256640,7979256626,0;7979256626,7979256668,0;7979256668,7977056101,0;7977056101,7967831807,0;7967831807,7967774259,0;7967774259,503464976,0;503464976,7961771680,0;7961771680,1116492807,0;1116492807,7967774262,0;7967774262,503464985,0;503464985,2530277199,0;2530277199,564083084,0;564083084,5374860944,0;5374860944,5374860978,0;5374860978,5374861143,0;5374861143,9053077286,0;9053077286,13527622504,0;13527622504,13167173350,0;13167173350,13527622497,0;13527622497,564083093,0;564083093,6317320202,0;6317320202,564083165,0;564083165,13167173329,0;13167173329,6317320222,0;6317320222,6028645652,0;6028645652,2369336843,0;2369336843,2369336701,0;2369336701,12333484744,0;12333484744,2368579077,0;2368579077,2369336820,0;2369336820,2368578991,0;2368578991,8887740818,0;8887740818,9570709534,0;9570709534,2369336807,0;2369336807,2368578970,0;2368578970,6043430915,0;6043430915,4899192485,0;4899192485,564639012,0;564639012,564638925,0;564638925,504640818,0;504640818,504637096,0;504637096,2787061089,0;2787061089,2787061351,0;2787061351,2787061330,0;2787061330,11155489650,0;11155489650,2787061341,0;2787061341,2787061167,0"
simulated_extreme,120,0.4,0.1,21464930,universal,risk_uncertainty,10297.182344079098,0.6370087923684875,0.8280776466145003,0.8219173776639992,0.4311778653622655,96.80079994723201,16.33610000135377,"9706921350,9706921684,0;9706921684,9706921682,0;9706921682,9713848047,0;9713848047,9713848018,0;9713848018,9713848023,0;9713848023,12984979400,0;12984979400,9713848118,0;9713848118,9713848006,0;9713848006,9713847968,0;9713847968,9706921713,0;9706921713,9706921712,0;9706921712,9706921786,0;9706921786,9778914467,0;9778914467,9706887247,0;9706887247,9706857800,0;9706857800,9706857774,0;9706857774,9706857801,0;9706857801,9706857775,0;9706857775,9706857832,0;9706857832,9706857843,0;9706857843,7161807983,0;7161807983,7161812592,0;7161812592,499478563,0;499478563,499478564,0;499478564,7973114513,0;7973114513,7973099569,0;7973099569,7975273881,0;7975273881,7973099508,0;7973099508,7973099507,0;7973099507,7973114859,0;7973114859,8298792534,0;8298792534,8298792550,0;8298792550,7973114851,0;7973114851,7975286501,0;7975286501,8298792599,0;8298792599,1116501292,0;1116501292,7975286500,0;7975286500,1116501304,0;1116501304,7975286429,0;7975286429,7975286583,0;7975286583,7977056082,0;7977056082,7977056084,0;7977056084,7977050965,0;7977050965,7977056079,0;7977056079,7979256640,0;7979256640,7979256626,0;7979256626,7979256668,0;7979256668,7977056101,0;7977056101,7967831807,0;7967831807,7967774259,0;7967774259,503464976,0;503464976,7961771680,0;7961771680,1116492807,0;1116492807,7967774262,0;7967774262,503464985,0;503464985,2530277199,0;2530277199,564083084,0;564083084,5374860944,0;5374860944,5374860978,0;5374860978,5374861143,0;5374861143,9053077286,0;9053077286,13527622504,0;13527622504,13167173350,0;13167173350,13527622497,0;13527622497,564083093,0;564083093,6317320202,0;6317320202,564083165,0;564083165,13167173329,0;13167173329,6317320222,0;6317320222,6028645652,0;6028645652,2369336843,0;2369336843,2369336701,0;2369336701,12333484744,0;12333484744,2368579077,0;2368579077,2369336820,0;2369336820,2368578991,0;2368578991,8887740818,0;8887740818,9570709534,0;9570709534,2369336807,0;2369336807,2368578970,0;2368578970,6043430915,0;6043430915,4899192485,0;4899192485,564639012,0;564639012,564638925,0;564638925,504640818,0;504640818,504637096,0;504637096,2787061089,0;2787061089,2787061351,0;2787061351,2787061330,0;2787061330,11155489650,0;11155489650,2787061341,0;2787061341,2787061167,0"
simulated_extreme,120,0.4,0.1,21464930,universal,shortest,10279.902722198703,0.6421914589263749,0.8280776466145003,0.8190917470674244,0.42948322884636647,96.17139998590574,15.7067000400275,"9706921350,9706921684,0;9706921684,9706921682,0;9706921682,9713848047,0;9713848047,9713848018,0;9713848018,9713848023,0;9713848023,12984979400,0;12984979400,9713848118,0;9713848118,9713848006,0;9713848006,9713847968,0;9713847968,9706921713,0;9706921713,9706921712,0;9706921712,9706921786,0;9706921786,9778914467,0;9778914467,9706887247,0;9706887247,9706857800,0;9706857800,9706857774,0;9706857774,9706857801,0;9706857801,9706857775,0;9706857775,9706857832,0;9706857832,9706857843,0;9706857843,7161807983,0;7161807983,7161812592,0;7161812592,499478563,0;499478563,499478564,0;499478564,7973114513,0;7973114513,7973099569,0;7973099569,7975273881,0;7975273881,7973099508,0;7973099508,7973099507,0;7973099507,7973114859,0;7973114859,8298792534,0;8298792534,8298792550,0;8298792550,7973114851,0;7973114851,7975286501,0;7975286501,8298792599,0;8298792599,1116501292,0;1116501292,7975286500,0;7975286500,1116501304,0;1116501304,1116501296,0;1116501296,7977050964,0;7977050964,7977056084,0;7977056084,7977050965,0;7977050965,7977056079,0;7977056079,7979256640,0;7979256640,7979256626,0;7979256626,7979256668,0;7979256668,7977056101,0;7977056101,7967831807,0;7967831807,7967774259,0;7967774259,503464976,0;503464976,7961771680,0;7961771680,1116492807,0;1116492807,7967774262,0;7967774262,503464985,0;503464985,2530277199,0;2530277199,564083084,0;564083084,5374860944,0;5374860944,5374860978,0;5374860978,5374861143,0;5374861143,9053077286,0;9053077286,13527622504,0;13527622504,13167173350,0;13167173350,13527622497,0;13527622497,564083093,0;564083093,6317320202,0;6317320202,564083165,0;564083165,13167173329,0;13167173329,6317320222,0;6317320222,6028645652,0;6028645652,2369336843,0;2369336843,2369336701,0;2369336701,12333484744,0;12333484744,2368579077,0;2368579077,2369336820,0;2369336820,2368578991,0;2368578991,8887740818,0;8887740818,8887717116,0;8887717116,6043430915,0;6043430915,4899192485,0;4899192485,564639012,0;564639012,564638925,0;564638925,504640818,0;504640818,504637096,0;504637096,2787061089,0;2787061089,564641522,0;564641522,11155489649,0;11155489649,11155489650,0;11155489650,2787061341,0;2787061341,2787061167,0"
simulated_extreme,120,0.4,0.1,21464930,universal,trusted,10297.182344079098,0.6370087923684875,0.8280776466145003,0.8219173776639992,0.4311778653622655,96.16159996949136,15.696900023613125,"9706921350,9706921684,0;9706921684,9706921682,0;9706921682,9713848047,0;9713848047,9713848018,0;9713848018,9713848023,0;9713848023,12984979400,0;12984979400,9713848118,0;9713848118,9713848006,0;9713848006,9713847968,0;9713847968,9706921713,0;9706921713,9706921712,0;9706921712,9706921786,0;9706921786,9778914467,0;9778914467,9706887247,0;9706887247,9706857800,0;9706857800,9706857774,0;9706857774,9706857801,0;9706857801,9706857775,0;9706857775,9706857832,0;9706857832,9706857843,0;9706857843,7161807983,0;7161807983,7161812592,0;7161812592,499478563,0;499478563,499478564,0;499478564,7973114513,0;7973114513,7973099569,0;7973099569,7975273881,0;7975273881,7973099508,0;7973099508,7973099507,0;7973099507,7973114859,0;7973114859,8298792534,0;8298792534,8298792550,0;8298792550,7973114851,0;7973114851,7975286501,0;7975286501,8298792599,0;8298792599,1116501292,0;1116501292,7975286500,0;7975286500,1116501304,0;1116501304,7975286429,0;7975286429,7975286583,0;7975286583,7977056082,0;7977056082,7977056084,0;7977056084,7977050965,0;7977050965,7977056079,0;7977056079,7979256640,0;7979256640,7979256626,0;7979256626,7979256668,0;7979256668,7977056101,0;7977056101,7967831807,0;7967831807,7967774259,0;7967774259,503464976,0;503464976,7961771680,0;7961771680,1116492807,0;1116492807,7967774262,0;7967774262,503464985,0;503464985,2530277199,0;2530277199,564083084,0;564083084,5374860944,0;5374860944,5374860978,0;5374860978,5374861143,0;5374861143,9053077286,0;9053077286,13527622504,0;13527622504,13167173350,0;13167173350,13527622497,0;13527622497,564083093,0;564083093,6317320202,0;6317320202,564083165,0;564083165,13167173329,0;13167173329,6317320222,0;6317320222,6028645652,0;6028645652,2369336843,0;2369336843,2369336701,0;2369336701,12333484744,0;12333484744,2368579077,0;2368579077,2369336820,0;2369336820,2368578991,0;2368578991,8887740818,0;8887740818,9570709534,0;9570709534,2369336807,0;2369336807,2368578970,0;2368578970,6043430915,0;6043430915,4899192485,0;4899192485,564639012,0;564639012,564638925,0;564638925,504640818,0;504640818,504637096,0;504637096,2787061089,0;2787061089,2787061351,0;2787061351,2787061330,0;2787061330,11155489650,0;11155489650,2787061341,0;2787061341,2787061167,0"
simulated_extreme,120,0.4,0.2,21464940,source_specific,risk,10297.182344079098,0.6370087923684875,0.8280776466145003,0.8219173776639992,0.4311778653622655,94.77419999893755,14.087699993979186,"9706921350,9706921684,0;9706921684,9706921682,0;9706921682,9713848047,0;9713848047,9713848018,0;9713848018,9713848023,0;9713848023,12984979400,0;12984979400,9713848118,0;9713848118,9713848006,0;9713848006,9713847968,0;9713847968,9706921713,0;9706921713,9706921712,0;9706921712,9706921786,0;9706921786,9778914467,0;9778914467,9706887247,0;9706887247,9706857800,0;9706857800,9706857774,0;9706857774,9706857801,0;9706857801,9706857775,0;9706857775,9706857832,0;9706857832,9706857843,0;9706857843,7161807983,0;7161807983,7161812592,0;7161812592,499478563,0;499478563,499478564,0;499478564,7973114513,0;7973114513,7973099569,0;7973099569,7975273881,0;7975273881,7973099508,0;7973099508,7973099507,0;7973099507,7973114859,0;7973114859,8298792534,0;8298792534,8298792550,0;8298792550,7973114851,0;7973114851,7975286501,0;7975286501,8298792599,0;8298792599,1116501292,0;1116501292,7975286500,0;7975286500,1116501304,0;1116501304,7975286429,0;7975286429,7975286583,0;7975286583,7977056082,0;7977056082,7977056084,0;7977056084,7977050965,0;7977050965,7977056079,0;7977056079,7979256640,0;7979256640,7979256626,0;7979256626,7979256668,0;7979256668,7977056101,0;7977056101,7967831807,0;7967831807,7967774259,0;7967774259,503464976,0;503464976,7961771680,0;7961771680,1116492807,0;1116492807,7967774262,0;7967774262,503464985,0;503464985,2530277199,0;2530277199,564083084,0;564083084,5374860944,0;5374860944,5374860978,0;5374860978,5374861143,0;5374861143,9053077286,0;9053077286,13527622504,0;13527622504,13167173350,0;13167173350,13527622497,0;13527622497,564083093,0;564083093,6317320202,0;6317320202,564083165,0;564083165,13167173329,0;13167173329,6317320222,0;6317320222,6028645652,0;6028645652,2369336843,0;2369336843,2369336701,0;2369336701,12333484744,0;12333484744,2368579077,0;2368579077,2369336820,0;2369336820,2368578991,0;2368578991,8887740818,0;8887740818,9570709534,0;9570709534,2369336807,0;2369336807,2368578970,0;2368578970,6043430915,0;6043430915,4899192485,0;4899192485,564639012,0;564639012,564638925,0;564638925,504640818,0;504640818,504637096,0;504637096,2787061089,0;2787061089,2787061351,0;2787061351,2787061330,0;2787061330,11155489650,0;11155489650,2787061341,0;2787061341,2787061167,0"
simulated_extreme,120,0.4,0.2,21464940,source_specific,risk_uncertainty,10297.182344079098,0.6370087923684875,0.8280776466145003,0.8219173776639992,0.4311778653622655,96.6358000296168,15.949300024658442,"9706921350,9706921684,0;9706921684,9706921682,0;9706921682,9713848047,0;9713848047,9713848018,0;9713848018,9713848023,0;9713848023,12984979400,0;12984979400,9713848118,0;9713848118,9713848006,0;9713848006,9713847968,0;9713847968,9706921713,0;9706921713,9706921712,0;9706921712,9706921786,0;9706921786,9778914467,0;9778914467,9706887247,0;9706887247,9706857800,0;9706857800,9706857774,0;9706857774,9706857801,0;9706857801,9706857775,0;9706857775,9706857832,0;9706857832,9706857843,0;9706857843,7161807983,0;7161807983,7161812592,0;7161812592,499478563,0;499478563,499478564,0;499478564,7973114513,0;7973114513,7973099569,0;7973099569,7975273881,0;7975273881,7973099508,0;7973099508,7973099507,0;7973099507,7973114859,0;7973114859,8298792534,0;8298792534,8298792550,0;8298792550,7973114851,0;7973114851,7975286501,0;7975286501,8298792599,0;8298792599,1116501292,0;1116501292,7975286500,0;7975286500,1116501304,0;1116501304,7975286429,0;7975286429,7975286583,0;7975286583,7977056082,0;7977056082,7977056084,0;7977056084,7977050965,0;7977050965,7977056079,0;7977056079,7979256640,0;7979256640,7979256626,0;7979256626,7979256668,0;7979256668,7977056101,0;7977056101,7967831807,0;7967831807,7967774259,0;7967774259,503464976,0;503464976,7961771680,0;7961771680,1116492807,0;1116492807,7967774262,0;7967774262,503464985,0;503464985,2530277199,0;2530277199,564083084,0;564083084,5374860944,0;5374860944,5374860978,0;5374860978,5374861143,0;5374861143,9053077286,0;9053077286,13527622504,0;13527622504,13167173350,0;13167173350,13527622497,0;13527622497,564083093,0;564083093,6317320202,0;6317320202,564083165,0;564083165,13167173329,0;13167173329,6317320222,0;6317320222,6028645652,0;6028645652,2369336843,0;2369336843,2369336701,0;2369336701,12333484744,0;12333484744,2368579077,0;2368579077,2369336820,0;2369336820,2368578991,0;2368578991,8887740818,0;8887740818,9570709534,0;9570709534,2369336807,0;2369336807,2368578970,0;2368578970,6043430915,0;6043430915,4899192485,0;4899192485,564639012,0;564639012,564638925,0;564638925,504640818,0;504640818,504637096,0;504637096,2787061089,0;2787061089,2787061351,0;2787061351,2787061330,0;2787061330,11155489650,0;11155489650,2787061341,0;2787061341,2787061167,0"
simulated_extreme,120,0.4,0.2,21464940,source_specific,shortest,10279.902722198703,0.6421914589263749,0.8280776466145003,0.8190917470674244,0.42948322884636647,95.00050003407523,14.314000029116869,"9706921350,9706921684,0;9706921684,9706921682,0;9706921682,9713848047,0;9713848047,9713848018,0;9713848018,9713848023,0;9713848023,12984979400,0;12984979400,9713848118,0;9713848118,9713848006,0;9713848006,9713847968,0;9713847968,9706921713,0;9706921713,9706921712,0;9706921712,9706921786,0;9706921786,9778914467,0;9778914467,9706887247,0;9706887247,9706857800,0;9706857800,9706857774,0;9706857774,9706857801,0;9706857801,9706857775,0;9706857775,9706857832,0;9706857832,9706857843,0;9706857843,7161807983,0;7161807983,7161812592,0;7161812592,499478563,0;499478563,499478564,0;499478564,7973114513,0;7973114513,7973099569,0;7973099569,7975273881,0;7975273881,7973099508,0;7973099508,7973099507,0;7973099507,7973114859,0;7973114859,8298792534,0;8298792534,8298792550,0;8298792550,7973114851,0;7973114851,7975286501,0;7975286501,8298792599,0;8298792599,1116501292,0;1116501292,7975286500,0;7975286500,1116501304,0;1116501304,1116501296,0;1116501296,7977050964,0;7977050964,7977056084,0;7977056084,7977050965,0;7977050965,7977056079,0;7977056079,7979256640,0;7979256640,7979256626,0;7979256626,7979256668,0;7979256668,7977056101,0;7977056101,7967831807,0;7967831807,7967774259,0;7967774259,503464976,0;503464976,7961771680,0;7961771680,1116492807,0;1116492807,7967774262,0;7967774262,503464985,0;503464985,2530277199,0;2530277199,564083084,0;564083084,5374860944,0;5374860944,5374860978,0;5374860978,5374861143,0;5374861143,9053077286,0;9053077286,13527622504,0;13527622504,13167173350,0;13167173350,13527622497,0;13527622497,564083093,0;564083093,6317320202,0;6317320202,564083165,0;564083165,13167173329,0;13167173329,6317320222,0;6317320222,6028645652,0;6028645652,2369336843,0;2369336843,2369336701,0;2369336701,12333484744,0;12333484744,2368579077,0;2368579077,2369336820,0;2369336820,2368578991,0;2368578991,8887740818,0;8887740818,8887717116,0;8887717116,6043430915,0;6043430915,4899192485,0;4899192485,564639012,0;564639012,564638925,0;564638925,504640818,0;504640818,504637096,0;504637096,2787061089,0;2787061089,564641522,0;564641522,11155489649,0;11155489649,11155489650,0;11155489650,2787061341,0;2787061341,2787061167,0"
simulated_extreme,120,0.4,0.2,21464940,source_specific,trusted,10297.182344079098,0.6370087923684875,0.8280776466145003,0.8219173776639992,0.4311778653622655,96.21069999411702,15.52419998915866,"9706921350,9706921684,0;9706921684,9706921682,0;9706921682,9713848047,0;9713848047,9713848018,0;9713848018,9713848023,0;9713848023,12984979400,0;12984979400,9713848118,0;9713848118,9713848006,0;9713848006,9713847968,0;9713847968,9706921713,0;9706921713,9706921712,0;9706921712,9706921786,0;9706921786,9778914467,0;9778914467,9706887247,0;9706887247,9706857800,0;9706857800,9706857774,0;9706857774,9706857801,0;9706857801,9706857775,0;9706857775,9706857832,0;9706857832,9706857843,0;9706857843,7161807983,0;7161807983,7161812592,0;7161812592,499478563,0;499478563,499478564,0;499478564,7973114513,0;7973114513,7973099569,0;7973099569,7975273881,0;7975273881,7973099508,0;7973099508,7973099507,0;7973099507,7973114859,0;7973114859,8298792534,0;8298792534,8298792550,0;8298792550,7973114851,0;7973114851,7975286501,0;7975286501,8298792599,0;8298792599,1116501292,0;1116501292,7975286500,0;7975286500,1116501304,0;1116501304,7975286429,0;7975286429,7975286583,0;7975286583,7977056082,0;7977056082,7977056084,0;7977056084,7977050965,0;7977050965,7977056079,0;7977056079,7979256640,0;7979256640,7979256626,0;7979256626,7979256668,0;7979256668,7977056101,0;7977056101,7967831807,0;7967831807,7967774259,0;7967774259,503464976,0;503464976,7961771680,0;7961771680,1116492807,0;1116492807,7967774262,0;7967774262,503464985,0;503464985,2530277199,0;2530277199,564083084,0;564083084,5374860944,0;5374860944,5374860978,0;5374860978,5374861143,0;5374861143,9053077286,0;9053077286,13527622504,0;13527622504,13167173350,0;13167173350,13527622497,0;13527622497,564083093,0;564083093,6317320202,0;6317320202,564083165,0;564083165,13167173329,0;13167173329,6317320222,0;6317320222,6028645652,0;6028645652,2369336843,0;2369336843,2369336701,0;2369336701,12333484744,0;12333484744,2368579077,0;2368579077,2369336820,0;2369336820,2368578991,0;2368578991,8887740818,0;8887740818,9570709534,0;9570709534,2369336807,0;2369336807,2368578970,0;2368578970,6043430915,0;6043430915,4899192485,0;4899192485,564639012,0;564639012,564638925,0;564638925,504640818,0;504640818,504637096,0;504637096,2787061089,0;2787061089,2787061351,0;2787061351,2787061330,0;2787061330,11155489650,0;11155489650,2787061341,0;2787061341,2787061167,0"
simulated_extreme,120,0.4,0.2,21464940,universal,risk,10297.182344079098,0.6370087923684875,0.8280776466145003,0.8219173776639992,0.4311778653622655,93.56260002823547,14.668799994979054,"9706921350,9706921684,0;9706921684,9706921682,0;9706921682,9713848047,0;9713848047,9713848018,0;9713848018,9713848023,0;9713848023,12984979400,0;12984979400,9713848118,0;9713848118,9713848006,0;9713848006,9713847968,0;9713847968,9706921713,0;9706921713,9706921712,0;9706921712,9706921786,0;9706921786,9778914467,0;9778914467,9706887247,0;9706887247,9706857800,0;9706857800,9706857774,0;9706857774,9706857801,0;9706857801,9706857775,0;9706857775,9706857832,0;9706857832,9706857843,0;9706857843,7161807983,0;7161807983,7161812592,0;7161812592,499478563,0;499478563,499478564,0;499478564,7973114513,0;7973114513,7973099569,0;7973099569,7975273881,0;7975273881,7973099508,0;7973099508,7973099507,0;7973099507,7973114859,0;7973114859,8298792534,0;8298792534,8298792550,0;8298792550,7973114851,0;7973114851,7975286501,0;7975286501,8298792599,0;8298792599,1116501292,0;1116501292,7975286500,0;7975286500,1116501304,0;1116501304,7975286429,0;7975286429,7975286583,0;7975286583,7977056082,0;7977056082,7977056084,0;7977056084,7977050965,0;7977050965,7977056079,0;7977056079,7979256640,0;7979256640,7979256626,0;7979256626,7979256668,0;7979256668,7977056101,0;7977056101,7967831807,0;7967831807,7967774259,0;7967774259,503464976,0;503464976,7961771680,0;7961771680,1116492807,0;1116492807,7967774262,0;7967774262,503464985,0;503464985,2530277199,0;2530277199,564083084,0;564083084,5374860944,0;5374860944,5374860978,0;5374860978,5374861143,0;5374861143,9053077286,0;9053077286,13527622504,0;13527622504,13167173350,0;13167173350,13527622497,0;13527622497,564083093,0;564083093,6317320202,0;6317320202,564083165,0;564083165,13167173329,0;13167173329,6317320222,0;6317320222,6028645652,0;6028645652,2369336843,0;2369336843,2369336701,0;2369336701,12333484744,0;12333484744,2368579077,0;2368579077,2369336820,0;2369336820,2368578991,0;2368578991,8887740818,0;8887740818,9570709534,0;9570709534,2369336807,0;2369336807,2368578970,0;2368578970,6043430915,0;6043430915,4899192485,0;4899192485,564639012,0;564639012,564638925,0;564638925,504640818,0;504640818,504637096,0;504637096,2787061089,0;2787061089,2787061351,0;2787061351,2787061330,0;2787061330,11155489650,0;11155489650,2787061341,0;2787061341,2787061167,0"
simulated_extreme,120,0.4,0.2,21464940,universal,risk_uncertainty,10297.182344079098,0.6370087923684875,0.8280776466145003,0.8219173776639992,0.4311778653622655,94.38730007968843,15.493500046432018,"9706921350,9706921684,0;9706921684,9706921682,0;9706921682,9713848047,0;9713848047,9713848018,0;9713848018,9713848023,0;9713848023,12984979400,0;12984979400,9713848118,0;9713848118,9713848006,0;9713848006,9713847968,0;9713847968,9706921713,0;9706921713,9706921712,0;9706921712,9706921786,0;9706921786,9778914467,0;9778914467,9706887247,0;9706887247,9706857800,0;9706857800,9706857774,0;9706857774,9706857801,0;9706857801,9706857775,0;9706857775,9706857832,0;9706857832,9706857843,0;9706857843,7161807983,0;7161807983,7161812592,0;7161812592,499478563,0;499478563,499478564,0;499478564,7973114513,0;7973114513,7973099569,0;7973099569,7975273881,0;7975273881,7973099508,0;7973099508,7973099507,0;7973099507,7973114859,0;7973114859,8298792534,0;8298792534,8298792550,0;8298792550,7973114851,0;7973114851,7975286501,0;7975286501,8298792599,0;8298792599,1116501292,0;1116501292,7975286500,0;7975286500,1116501304,0;1116501304,7975286429,0;7975286429,7975286583,0;7975286583,7977056082,0;7977056082,7977056084,0;7977056084,7977050965,0;7977050965,7977056079,0;7977056079,7979256640,0;7979256640,7979256626,0;7979256626,7979256668,0;7979256668,7977056101,0;7977056101,7967831807,0;7967831807,7967774259,0;7967774259,503464976,0;503464976,7961771680,0;7961771680,1116492807,0;1116492807,7967774262,0;7967774262,503464985,0;503464985,2530277199,0;2530277199,564083084,0;564083084,5374860944,0;5374860944,5374860978,0;5374860978,5374861143,0;5374861143,9053077286,0;9053077286,13527622504,0;13527622504,13167173350,0;13167173350,13527622497,0;13527622497,564083093,0;564083093,6317320202,0;6317320202,564083165,0;564083165,13167173329,0;13167173329,6317320222,0;6317320222,6028645652,0;6028645652,2369336843,0;2369336843,2369336701,0;2369336701,12333484744,0;12333484744,2368579077,0;2368579077,2369336820,0;2369336820,2368578991,0;2368578991,8887740818,0;8887740818,9570709534,0;9570709534,2369336807,0;2369336807,2368578970,0;2368578970,6043430915,0;6043430915,4899192485,0;4899192485,564639012,0;564639012,564638925,0;564638925,504640818,0;504640818,504637096,0;504637096,2787061089,0;2787061089,2787061351,0;2787061351,2787061330,0;2787061330,11155489650,0;11155489650,2787061341,0;2787061341,2787061167,0"
simulated_extreme,120,0.4,0.2,21464940,universal,shortest,10279.902722198703,0.6421914589263749,0.8280776466145003,0.8190917470674244,0.42948322884636647,93.63640000810847,14.742599974852055,"9706921350,9706921684,0;9706921684,9706921682,0;9706921682,9713848047,0;9713848047,9713848018,0;9713848018,9713848023,0;9713848023,12984979400,0;12984979400,9713848118,0;9713848118,9713848006,0;9713848006,9713847968,0;9713847968,9706921713,0;9706921713,9706921712,0;9706921712,9706921786,0;9706921786,9778914467,0;9778914467,9706887247,0;9706887247,9706857800,0;9706857800,9706857774,0;9706857774,9706857801,0;9706857801,9706857775,0;9706857775,9706857832,0;9706857832,9706857843,0;9706857843,7161807983,0;7161807983,7161812592,0;7161812592,499478563,0;499478563,499478564,0;499478564,7973114513,0;7973114513,7973099569,0;7973099569,7975273881,0;7975273881,7973099508,0;7973099508,7973099507,0;7973099507,7973114859,0;7973114859,8298792534,0;8298792534,8298792550,0;8298792550,7973114851,0;7973114851,7975286501,0;7975286501,8298792599,0;8298792599,1116501292,0;1116501292,7975286500,0;7975286500,1116501304,0;1116501304,1116501296,0;1116501296,7977050964,0;7977050964,7977056084,0;7977056084,7977050965,0;7977050965,7977056079,0;7977056079,7979256640,0;7979256640,7979256626,0;7979256626,7979256668,0;7979256668,7977056101,0;7977056101,7967831807,0;7967831807,7967774259,0;7967774259,503464976,0;503464976,7961771680,0;7961771680,1116492807,0;1116492807,7967774262,0;7967774262,503464985,0;503464985,2530277199,0;2530277199,564083084,0;564083084,5374860944,0;5374860944,5374860978,0;5374860978,5374861143,0;5374861143,9053077286,0;9053077286,13527622504,0;13527622504,13167173350,0;13167173350,13527622497,0;13527622497,564083093,0;564083093,6317320202,0;6317320202,564083165,0;564083165,13167173329,0;13167173329,6317320222,0;6317320222,6028645652,0;6028645652,2369336843,0;2369336843,2369336701,0;2369336701,12333484744,0;12333484744,2368579077,0;2368579077,2369336820,0;2369336820,2368578991,0;2368578991,8887740818,0;8887740818,8887717116,0;8887717116,6043430915,0;6043430915,4899192485,0;4899192485,564639012,0;564639012,564638925,0;564638925,504640818,0;504640818,504637096,0;504637096,2787061089,0;2787061089,564641522,0;564641522,11155489649,0;11155489649,11155489650,0;11155489650,2787061341,0;2787061341,2787061167,0"
simulated_extreme,120,0.4,0.2,21464940,universal,trusted,10297.182344079098,0.6370087923684875,0.8280776466145003,0.8219173776639992,0.4311778653622655,93.42600003583357,14.532200002577156,"9706921350,9706921684,0;9706921684,9706921682,0;9706921682,9713848047,0;9713848047,9713848018,0;9713848018,9713848023,0;9713848023,12984979400,0;12984979400,9713848118,0;9713848118,9713848006,0;9713848006,9713847968,0;9713847968,9706921713,0;9706921713,9706921712,0;9706921712,9706921786,0;9706921786,9778914467,0;9778914467,9706887247,0;9706887247,9706857800,0;9706857800,9706857774,0;9706857774,9706857801,0;9706857801,9706857775,0;9706857775,9706857832,0;9706857832,9706857843,0;9706857843,7161807983,0;7161807983,7161812592,0;7161812592,499478563,0;499478563,499478564,0;499478564,7973114513,0;7973114513,7973099569,0;7973099569,7975273881,0;7975273881,7973099508,0;7973099508,7973099507,0;7973099507,7973114859,0;7973114859,8298792534,0;8298792534,8298792550,0;8298792550,7973114851,0;7973114851,7975286501,0;7975286501,8298792599,0;8298792599,1116501292,0;1116501292,7975286500,0;7975286500,1116501304,0;1116501304,7975286429,0;7975286429,7975286583,0;7975286583,7977056082,0;7977056082,7977056084,0;7977056084,7977050965,0;7977050965,7977056079,0;7977056079,7979256640,0;7979256640,7979256626,0;7979256626,7979256668,0;7979256668,7977056101,0;7977056101,7967831807,0;7967831807,7967774259,0;7967774259,503464976,0;503464976,7961771680,0;7961771680,1116492807,0;1116492807,7967774262,0;7967774262,503464985,0;503464985,2530277199,0;2530277199,564083084,0;564083084,5374860944,0;5374860944,5374860978,0;5374860978,5374861143,0;5374861143,9053077286,0;9053077286,13527622504,0;13527622504,13167173350,0;13167173350,13527622497,0;13527622497,564083093,0;564083093,6317320202,0;6317320202,564083165,0;564083165,13167173329,0;13167173329,6317320222,0;6317320222,6028645652,0;6028645652,2369336843,0;2369336843,2369336701,0;2369336701,12333484744,0;12333484744,2368579077,0;2368579077,2369336820,0;2369336820,2368578991,0;2368578991,8887740818,0;8887740818,9570709534,0;9570709534,2369336807,0;2369336807,2368578970,0;2368578970,6043430915,0;6043430915,4899192485,0;4899192485,564639012,0;564639012,564638925,0;564638925,504640818,0;504640818,504637096,0;504637096,2787061089,0;2787061089,2787061351,0;2787061351,2787061330,0;2787061330,11155489650,0;11155489650,2787061341,0;2787061341,2787061167,0"
