scenario_family,seed,timestamp,min,mean,p95,max,data_type,unit
moving_center,8101,2023-09-07 12:00:00+08:00,0.0,0.0,0.0,0.0,SIMULATED_TRUTH,dimensionless_index_0_1
moving_center,8101,2023-09-07 12:05:00+08:00,0.0,0.0012029209174215794,0.0018862357828766108,0.00610612565651536,SIMULATED_TRUTH,dimensionless_index_0_1
moving_center,8101,2023-09-07 12:10:00+08:00,0.0,0.00234618759714067,0.0037027825601398945,0.011760160326957703,SIMULATED_TRUTH,dimensionless_index_0_1
moving_center,8101,2023-09-07 12:15:00+08:00,0.0,0.0034335784148424864,0.005461083725094795,0.01699557714164257,SIMULATED_TRUTH,dimensionless_index_0_1
moving_center,8101,2023-09-07 12:20:00+08:00,0.0,0.005098170135170221,0.011760550551116467,0.026289060711860657,SIMULATED_TRUTH,dimensionless_index_0_1
moving_center,8101,2023-09-07 12:25:00+08:00,0.0,0.006685053464025259,0.01726020686328411,0.03580928593873978,SIMULATED_TRUTH,dimensionless_index_0_1
moving_center,8101,2023-09-07 12:30:00+08:00,0.0,0.00819876417517662,0.022706037387251854,0.043954186141490936,SIMULATED_TRUTH,dimensionless_index_0_1
moving_center,8101,2023-09-07 12:35:00+08:00,0.0,0.011498651467263699,0.03458678722381592,0.058034323155879974,SIMULATED_TRUTH,dimensionless_index_0_1
moving_center,8101,2023-09-07 12:40:00+08:00,0.0,0.014650723896920681,0.04548892378807068,0.0741310566663742,SIMULATED_TRUTH,dimensionless_index_0_1
moving_center,8101,2023-09-07 12:45:00+08:00,0.0,0.01766289956867695,0.056556470692157745,0.08775664865970612,SIMULATED_TRUTH,dimensionless_index_0_1
moving_center,8101,2023-09-07 12:50:00+08:00,0.0,0.022880366072058678,0.06773383170366287,0.1053735762834549,SIMULATED_TRUTH,dimensionless_index_0_1
moving_center,8101,2023-09-07 12:55:00+08:00,0.0,0.027861008420586586,0.08144111931324005,0.1251697987318039,SIMULATED_TRUTH,dimensionless_index_0_1
moving_center,8101,2023-09-07 13:00:00+08:00,0.0,0.03261740878224373,0.09892917424440384,0.14740431308746338,SIMULATED_TRUTH,dimensionless_index_0_1
moving_center,8101,2023-09-07 13:05:00+08:00,0.0,0.03871536999940872,0.11297502368688583,0.1647227257490158,SIMULATED_TRUTH,dimensionless_index_0_1
moving_center,8101,2023-09-07 13:10:00+08:00,0.0,0.04452615603804588,0.13175757229328156,0.19228845834732056,SIMULATED_TRUTH,dimensionless_index_0_1
moving_center,8101,2023-09-07 13:15:00+08:00,0.0,0.05006581172347069,0.15690618753433228,0.21907608211040497,SIMULATED_TRUTH,dimensionless_index_0_1
moving_center,8101,2023-09-07 13:20:00+08:00,0.0,0.05513133853673935,0.17070406675338745,0.23107515275478363,SIMULATED_TRUTH,dimensionless_index_0_1
moving_center,8101,2023-09-07 13:25:00+08:00,0.0,0.05994649976491928,0.18548469245433807,0.2690171003341675,SIMULATED_TRUTH,dimensionless_index_0_1
moving_center,8101,2023-09-07 13:30:00+08:00,0.0,0.06452679634094238,0.20393872261047363,0.3059674799442291,SIMULATED_TRUTH,dimensionless_index_0_1
moving_center,8101,2023-09-07 13:35:00+08:00,0.0,0.06767407059669495,0.20828145742416382,0.3136437237262726,SIMULATED_TRUTH,dimensionless_index_0_1
moving_center,8101,2023-09-07 13:40:00+08:00,0.0,0.0706576332449913,0.22117891907691956,0.32018783688545227,SIMULATED_TRUTH,dimensionless_index_0_1
moving_center,8101,2023-09-07 13:45:00+08:00,0.0,0.07348888367414474,0.23970268666744232,0.3485237956047058,SIMULATED_TRUTH,dimensionless_index_0_1
moving_center,8101,2023-09-07 13:50:00+08:00,0.0,0.07594698667526245,0.23700465261936188,0.33102694153785706,SIMULATED_TRUTH,dimensionless_index_0_1
moving_center,8101,2023-09-07 13:55:00+08:00,0.0,0.07827956229448318,0.23268570005893707,0.3312757909297943,SIMULATED_TRUTH,dimensionless_index_0_1
moving_center,8101,2023-09-07 14:00:00+08:00,0.0,0.08049553632736206,0.228321835398674,0.3555215895175934,SIMULATED_TRUTH,dimensionless_index_0_1
moving_center,8101,2023-09-07 14:05:00+08:00,0.0,0.08259570598602295,0.22405031323432922,0.3383358418941498,SIMULATED_TRUTH,dimensionless_index_0_1
moving_center,8101,2023-09-07 14:10:00+08:00,0.0,0.0845971554517746,0.21974211931228638,0.337528258562088,SIMULATED_TRUTH,dimensionless_index_0_1
moving_center,8101,2023-09-07 14:15:00+08:00,0.0,0.08650648593902588,0.22274836897850037,0.35125529766082764,SIMULATED_TRUTH,dimensionless_index_0_1
moving_center,8101,2023-09-07 14:20:00+08:00,0.0,0.08694089949131012,0.22441834211349487,0.3347891569137573,SIMULATED_TRUTH,dimensionless_index_0_1
moving_center,8101,2023-09-07 14:25:00+08:00,0.0,0.08737138658761978,0.22418956458568573,0.3193998336791992,SIMULATED_TRUTH,dimensionless_index_0_1
moving_center,8101,2023-09-07 14:30:00+08:00,0.0,0.08779733628034592,0.2359435111284256,0.32682281732559204,SIMULATED_TRUTH,dimensionless_index_0_1
moving_center,8101,2023-09-07 14:35:00+08:00,0.0,0.08637075871229172,0.2378721684217453,0.3243204951286316,SIMULATED_TRUTH,dimensionless_index_0_1
moving_center,8101,2023-09-07 14:40:00+08:00,0.0,0.08504348993301392,0.2396681159734726,0.32231706380844116,SIMULATED_TRUTH,dimensionless_index_0_1
moving_center,8101,2023-09-07 14:45:00+08:00,0.0,0.08380687236785889,0.23588453233242035,0.3295135200023651,SIMULATED_TRUTH,dimensionless_index_0_1
moving_center,8102,2023-09-07 12:00:00+08:00,0.0,0.0,0.0,0.0,SIMULATED_TRUTH,dimensionless_index_0_1
moving_center,8102,2023-09-07 12:05:00+08:00,0.0,0.0012029458303004503,0.001854149391874671,0.006525356788188219,SIMULATED_TRUTH,dimensionless_index_0_1
moving_center,8102,2023-09-07 12:10:00+08:00,0.0,0.0023462490644305944,0.0036257142201066017,0.012567583471536636,SIMULATED_TRUTH,dimensionless_index_0_1
moving_center,8102,2023-09-07 12:15:00+08:00,0.0,0.0034336859825998545,0.005345491226762533,0.018162449821829796,SIMULATED_TRUTH,dimensionless_index_0_1
moving_center,8102,2023-09-07 12:20:00+08:00,0.0,0.005097237881273031,0.01142809633165598,0.026552457362413406,SIMULATED_TRUTH,dimensionless_index_0_1
moving_center,8102,2023-09-07 12:25:00+08:00,0.0,0.0066831521689891815,0.01709432527422905,0.035619474947452545,SIMULATED_TRUTH,dimensionless_index_0_1
moving_center,8102,2023-09-07 12:30:00+08:00,0.0,0.008195958100259304,0.021966569125652313,0.04371640458703041,SIMULATED_TRUTH,dimensionless_index_0_1
moving_center,8102,2023-09-07 12:35:00+08:00,0.0,0.011502482928335667,0.034527502954006195,0.05621223896741867,SIMULATED_TRUTH,dimensionless_index_0_1
moving_center,8102,2023-09-07 12:40:00+08:00,0.0,0.014660865999758244,0.045365385711193085,0.07173807173967361,SIMULATED_TRUTH,dimensionless_index_0_1
moving_center,8102,2023-09-07 12:45:00+08:00,0.0,0.017679039388895035,0.05637621134519577,0.08488041162490845,SIMULATED_TRUTH,dimensionless_index_0_1
moving_center,8102,2023-09-07 12:50:00+08:00,0.0,0.022935260087251663,0.06737986207008362,0.10446012020111084,SIMULATED_TRUTH,dimensionless_index_0_1
moving_center,8102,2023-09-07 12:55:00+08:00,0.0,0.027952810749411583,0.08157534897327423,0.13313829898834229,SIMULATED_TRUTH,dimensionless_index_0_1
moving_center,8102,2023-09-07 13:00:00+08:00,0.0,0.032744377851486206,0.09946547448635101,0.15741384029388428,SIMULATED_TRUTH,dimensionless_index_0_1
moving_center,8102,2023-09-07 13:05:00+08:00,0.0,0.03890334069728851,0.11360762268304825,0.16663964092731476,SIMULATED_TRUTH,dimensionless_index_0_1
moving_center,8102,2023-09-07 13:10:00+08:00,0.0,0.04477227106690407,0.1337355673313141,0.19454628229141235,SIMULATED_TRUTH,dimensionless_index_0_1
moving_center,8102,2023-09-07 13:15:00+08:00,0.0,0.05036737024784088,0.15794751048088074,0.223438560962677,SIMULATED_TRUTH,dimensionless_index_0_1
moving_center,8102,2023-09-07 13:20:00+08:00,0.0,0.055466458201408386,0.17214587330818176,0.23760728538036346,SIMULATED_TRUTH,dimensionless_index_0_1
moving_center,8102,2023-09-07 13:25:00+08:00,0.0,0.06031346321105957,0.18755029141902924,0.26913341879844666,SIMULATED_TRUTH,dimensionless_index_0_1
moving_center,8102,2023-09-07 13:30:00+08:00,0.0,0.06492400169372559,0.20424877107143402,0.3038196265697479,SIMULATED_TRUTH,dimensionless_index_0_1
moving_center,8102,2023-09-07 13:35:00+08:00,0.0,0.06806308031082153,0.20655182003974915,0.31068065762519836,SIMULATED_TRUTH,dimensionless_index_0_1
moving_center,8102,2023-09-07 13:40:00+08:00,0.0,0.07103879749774933,0.22339989244937897,0.31995531916618347,SIMULATED_TRUTH,dimensionless_index_0_1
moving_center,8102,2023-09-07 13:45:00+08:00,0.0,0.07386256009340286,0.24634523689746857,0.34956294298171997,SIMULATED_TRUTH,dimensionless_index_0_1
moving_center,8102,2023-09-07 13:50:00+08:00,0.0,0.07630670070648193,0.24430780112743378,0.3333131670951843,SIMULATED_TRUTH,dimensionless_index_0_1
moving_center,8102,2023-09-07 13:55:00+08:00,0.0,0.07862582057714462,0.23904673755168915,0.3339950442314148,SIMULATED_TRUTH,dimensionless_index_0_1
moving_center,8102,2023-09-07 14:00:00+08:00,0.0,0.08082886040210724,0.2354566603899002,0.35793575644493103,SIMULATED_TRUTH,dimensionless_index_0_1
moving_center,8102,2023-09-07 14:05:00+08:00,0.0,0.08290384709835052,0.2284054458141327,0.34151366353034973,SIMULATED_TRUTH,dimensionless_index_0_1
moving_center,8102,2023-09-07 14:10:00+08:00,0.0,0.08488120138645172,0.2245737761259079,0.3377588987350464,SIMULATED_TRUTH,dimensionless_index_0_1
moving_center,8102,2023-09-07 14:15:00+08:00,0.0,0.08676747977733612,0.22737433016300201,0.35153669118881226,SIMULATED_TRUTH,dimensionless_index_0_1
moving_center,8102,2023-09-07 14:20:00+08:00,0.0,0.0872073844075203,0.22751103341579437,0.33505845069885254,SIMULATED_TRUTH,dimensionless_index_0_1
moving_center,8102,2023-09-07 14:25:00+08:00,0.0,0.0876431092619896,0.2278880923986435,0.3196578323841095,SIMULATED_TRUTH,dimensionless_index_0_1
moving_center,8102,2023-09-07 14:30:00+08:00,0.0,0.08807407319545746,0.23763759434223175,0.32877761125564575,SIMULATED_TRUTH,dimensionless_index_0_1
moving_center,8102,2023-09-07 14:35:00+08:00,0.0,0.08664097636938095,0.23736019432544708,0.3272762596607208,SIMULATED_TRUTH,dimensionless_index_0_1
moving_center,8102,2023-09-07 14:40:00+08:00,0.0,0.08530765026807785,0.23862895369529724,0.3258788585662842,SIMULATED_TRUTH,dimensionless_index_0_1
moving_center,8102,2023-09-07 14:45:00+08:00,0.0,0.08406541496515274,0.23334601521492004,0.33430707454681396,SIMULATED_TRUTH,dimensionless_index_0_1
moving_center,8103,2023-09-07 12:00:00+08:00,0.0,0.0,0.0,0.0,SIMULATED_TRUTH,dimensionless_index_0_1
moving_center,8103,2023-09-07 12:05:00+08:00,0.0,0.0012027283664792776,0.0018808944150805473,0.006289064418524504,SIMULATED_TRUTH,dimensionless_index_0_1
moving_center,8103,2023-09-07 12:10:00+08:00,0.0,0.002345811342820525,0.0036907761823385954,0.012112493626773357,SIMULATED_TRUTH,dimensionless_index_0_1
moving_center,8103,2023-09-07 12:15:00+08:00,0.0,0.0034330266062170267,0.005443849600851536,0.01750476285815239,SIMULATED_TRUTH,dimensionless_index_0_1
moving_center,8103,2023-09-07 12:20:00+08:00,0.0,0.005098669324070215,0.011667168699204922,0.027453631162643433,SIMULATED_TRUTH,dimensionless_index_0_1
moving_center,8103,2023-09-07 12:25:00+08:00,0.0,0.006686572916805744,0.01724734716117382,0.037462081760168076,SIMULATED_TRUTH,dimensionless_index_0_1
moving_center,8103,2023-09-07 12:30:00+08:00,0.0,0.00820127036422491,0.022449616342782974,0.04602467641234398,SIMULATED_TRUTH,dimensionless_index_0_1
moving_center,8103,2023-09-07 12:35:00+08:00,0.0,0.011513802222907543,0.03443827107548714,0.05720841884613037,SIMULATED_TRUTH,dimensionless_index_0_1
moving_center,8103,2023-09-07 12:40:00+08:00,0.0,0.014677958562970161,0.044641751796007156,0.07304637879133224,SIMULATED_TRUTH,dimensionless_index_0_1
moving_center,8103,2023-09-07 12:45:00+08:00,0.0,0.017701685428619385,0.05525660514831543,0.0864529237151146,SIMULATED_TRUTH,dimensionless_index_0_1
moving_center,8103,2023-09-07 12:50:00+08:00,0.0,0.022943750023841858,0.06747777760028839,0.10120892524719238,SIMULATED_TRUTH,dimensionless_index_0_1
moving_center,8103,2023-09-07 12:55:00+08:00,0.0,0.027947833761572838,0.08238416910171509,0.12812235951423645,SIMULATED_TRUTH,dimensionless_index_0_1
moving_center,8103,2023-09-07 13:00:00+08:00,0.0,0.03272658586502075,0.0999412015080452,0.15141427516937256,SIMULATED_TRUTH,dimensionless_index_0_1
moving_center,8103,2023-09-07 13:05:00+08:00,0.0,0.03883275389671326,0.11311616003513336,0.16749601066112518,SIMULATED_TRUTH,dimensionless_index_0_1
moving_center,8103,2023-09-07 13:10:00+08:00,0.0,0.04465141519904137,0.13259287178516388,0.19051159918308258,SIMULATED_TRUTH,dimensionless_index_0_1
moving_center,8103,2023-09-07 13:15:00+08:00,0.0,0.050198618322610855,0.15759748220443726,0.21401147544384003,SIMULATED_TRUTH,dimensionless_index_0_1
moving_center,8103,2023-09-07 13:20:00+08:00,0.0,0.055269088596105576,0.16912449896335602,0.23743152618408203,SIMULATED_TRUTH,dimensionless_index_0_1
moving_center,8103,2023-09-07 13:25:00+08:00,0.0,0.06008885055780411,0.18401691317558289,0.2713581621646881,SIMULATED_TRUTH,dimensionless_index_0_1
moving_center,8103,2023-09-07 13:30:00+08:00,0.0,0.06467347592115402,0.20050176978111267,0.3064919412136078,SIMULATED_TRUTH,dimensionless_index_0_1
moving_center,8103,2023-09-07 13:35:00+08:00,0.0,0.06781799346208572,0.20474903285503387,0.31436723470687866,SIMULATED_TRUTH,dimensionless_index_0_1
moving_center,8103,2023-09-07 13:40:00+08:00,0.0,0.07079879939556122,0.22060059010982513,0.3210810422897339,SIMULATED_TRUTH,dimensionless_index_0_1
moving_center,8103,2023-09-07 13:45:00+08:00,0.0,0.07362730801105499,0.24196885526180267,0.34886032342910767,SIMULATED_TRUTH,dimensionless_index_0_1
moving_center,8103,2023-09-07 13:50:00+08:00,0.0,0.07610002160072327,0.24238356947898865,0.33176735043525696,SIMULATED_TRUTH,dimensionless_index_0_1
moving_center,8103,2023-09-07 13:55:00+08:00,0.0,0.07844626903533936,0.2375815063714981,0.3370220363140106,SIMULATED_TRUTH,dimensionless_index_0_1
moving_center,8103,2023-09-07 14:00:00+08:00,0.0,0.08067507296800613,0.23504114151000977,0.3606231212615967,SIMULATED_TRUTH,dimensionless_index_0_1
moving_center,8103,2023-09-07 14:05:00+08:00,0.0,0.08276171237230301,0.22851304709911346,0.345051109790802,SIMULATED_TRUTH,dimensionless_index_0_1
moving_center,8103,2023-09-07 14:10:00+08:00,0.0,0.08475051075220108,0.22411638498306274,0.3397177755832672,SIMULATED_TRUTH,dimensionless_index_0_1
moving_center,8103,2023-09-07 14:15:00+08:00,0.0,0.08664803206920624,0.22306925058364868,0.34748396277427673,SIMULATED_TRUTH,dimensionless_index_0_1
moving_center,8103,2023-09-07 14:20:00+08:00,0.0,0.08709820359945297,0.2278147041797638,0.3311002850532532,SIMULATED_TRUTH,dimensionless_index_0_1
moving_center,8103,2023-09-07 14:25:00+08:00,0.0,0.08754372596740723,0.22528314590454102,0.31578806042671204,SIMULATED_TRUTH,dimensionless_index_0_1
moving_center,8103,2023-09-07 14:30:00+08:00,0.0,0.08798400312662125,0.2367234081029892,0.3277681767940521,SIMULATED_TRUTH,dimensionless_index_0_1
moving_center,8103,2023-09-07 14:35:00+08:00,0.0,0.08657132089138031,0.23976269364356995,0.32598164677619934,SIMULATED_TRUTH,dimensionless_index_0_1
moving_center,8103,2023-09-07 14:40:00+08:00,0.0,0.08525758981704712,0.23999328911304474,0.3243188261985779,SIMULATED_TRUTH,dimensionless_index_0_1
moving_center,8103,2023-09-07 14:45:00+08:00,0.0,0.08403413742780685,0.23591192066669464,0.3313170075416565,SIMULATED_TRUTH,dimensionless_index_0_1
moving_center,8104,2023-09-07 12:00:00+08:00,0.0,0.0,0.0,0.0,SIMULATED_TRUTH,dimensionless_index_0_1
moving_center,8104,2023-09-07 12:05:00+08:00,0.0,0.0012034688843414187,0.0018586334772408009,0.00649478891864419,SIMULATED_TRUTH,dimensionless_index_0_1
moving_center,8104,2023-09-07 12:10:00+08:00,0.0,0.002347288653254509,0.0036198527086526155,0.012508710846304893,SIMULATED_TRUTH,dimensionless_index_0_1
moving_center,8104,2023-09-07 12:15:00+08:00,0.0,0.00343523477204144,0.005324136931449175,0.018077367916703224,SIMULATED_TRUTH,dimensionless_index_0_1
moving_center,8104,2023-09-07 12:20:00+08:00,0.0,0.005102802999317646,0.011265285313129425,0.026424206793308258,SIMULATED_TRUTH,dimensionless_index_0_1
moving_center,8104,2023-09-07 12:25:00+08:00,0.0,0.006692609284073114,0.01705489493906498,0.03590255230665207,SIMULATED_TRUTH,dimensionless_index_0_1
moving_center,8104,2023-09-07 12:30:00+08:00,0.0,0.00820918008685112,0.022587036713957787,0.0440710224211216,SIMULATED_TRUTH,dimensionless_index_0_1
moving_center,8104,2023-09-07 12:35:00+08:00,0.0,0.011519950814545155,0.0351749062538147,0.05769336223602295,SIMULATED_TRUTH,dimensionless_index_0_1
moving_center,8104,2023-09-07 12:40:00+08:00,0.0,0.014682337641716003,0.04598068818449974,0.07195650786161423,SIMULATED_TRUTH,dimensionless_index_0_1
moving_center,8104,2023-09-07 12:45:00+08:00,0.0,0.017704296857118607,0.05692284554243088,0.08514295518398285,SIMULATED_TRUTH,dimensionless_index_0_1
moving_center,8104,2023-09-07 12:50:00+08:00,0.0,0.022935912013053894,0.06766502559185028,0.1038627028465271,SIMULATED_TRUTH,dimensionless_index_0_1
moving_center,8104,2023-09-07 12:55:00+08:00,0.0,0.027929674834012985,0.08268102258443832,0.1287408322095871,SIMULATED_TRUTH,dimensionless_index_0_1
moving_center,8104,2023-09-07 13:00:00+08:00,0.0,0.03269824758172035,0.10092585533857346,0.15260222554206848,SIMULATED_TRUTH,dimensionless_index_0_1
moving_center,8104,2023-09-07 13:05:00+08:00,0.0,0.03878605365753174,0.11369462311267853,0.1735137701034546,SIMULATED_TRUTH,dimensionless_index_0_1
moving_center,8104,2023-09-07 13:10:00+08:00,0.0,0.04458703473210335,0.13237588107585907,0.19176742434501648,SIMULATED_TRUTH,dimensionless_index_0_1
moving_center,8104,2023-09-07 13:15:00+08:00,0.0,0.05011722445487976,0.1592988520860672,0.22328411042690277,SIMULATED_TRUTH,dimensionless_index_0_1
moving_center,8104,2023-09-07 13:20:00+08:00,0.0,0.0551689937710762,0.17234598100185394,0.22629065811634064,SIMULATED_TRUTH,dimensionless_index_0_1
moving_center,8104,2023-09-07 13:25:00+08:00,0.0,0.059970926493406296,0.1864354908466339,0.2603655159473419,SIMULATED_TRUTH,dimensionless_index_0_1
moving_center,8104,2023-09-07 13:30:00+08:00,0.0,0.06453852355480194,0.20503966510295868,0.30028924345970154,SIMULATED_TRUTH,dimensionless_index_0_1
moving_center,8104,2023-09-07 13:35:00+08:00,0.0,0.06766436994075775,0.2074124813079834,0.3058103322982788,SIMULATED_TRUTH,dimensionless_index_0_1
moving_center,8104,2023-09-07 13:40:00+08:00,0.0,0.07062768936157227,0.2195114940404892,0.31648558378219604,SIMULATED_TRUTH,dimensionless_index_0_1
moving_center,8104,2023-09-07 13:45:00+08:00,0.0,0.073439821600914,0.2370457500219345,0.3466024100780487,SIMULATED_TRUTH,dimensionless_index_0_1
moving_center,8104,2023-09-07 13:50:00+08:00,0.0,0.07588864117860794,0.23397889733314514,0.3287237882614136,SIMULATED_TRUTH,dimensionless_index_0_1
moving_center,8104,2023-09-07 13:55:00+08:00,0.0,0.07821212708950043,0.22899441421031952,0.3359113931655884,SIMULATED_TRUTH,dimensionless_index_0_1
moving_center,8104,2023-09-07 14:00:00+08:00,0.0,0.08041925728321075,0.22488297522068024,0.3596370816230774,SIMULATED_TRUTH,dimensionless_index_0_1
moving_center,8104,2023-09-07 14:05:00+08:00,0.0,0.08250994980335236,0.2196587324142456,0.3437531888484955,SIMULATED_TRUTH,dimensionless_index_0_1
moving_center,8104,2023-09-07 14:10:00+08:00,0.0,0.08450214564800262,0.2149706929922104,0.3396014869213104,SIMULATED_TRUTH,dimensionless_index_0_1
moving_center,8104,2023-09-07 14:15:00+08:00,0.0,0.08640245348215103,0.2187928706407547,0.3539351224899292,SIMULATED_TRUTH,dimensionless_index_0_1
moving_center,8104,2023-09-07 14:20:00+08:00,0.0,0.08685123175382614,0.22099566459655762,0.33740007877349854,SIMULATED_TRUTH,dimensionless_index_0_1
moving_center,8104,2023-09-07 14:25:00+08:00,0.0,0.08729502558708191,0.22206734120845795,0.321946382522583,SIMULATED_TRUTH,dimensionless_index_0_1
moving_center,8104,2023-09-07 14:30:00+08:00,0.0,0.08773333579301834,0.23320089280605316,0.33014270663261414,SIMULATED_TRUTH,dimensionless_index_0_1
moving_center,8104,2023-09-07 14:35:00+08:00,0.0,0.08629617840051651,0.23716822266578674,0.32450902462005615,SIMULATED_TRUTH,dimensionless_index_0_1
moving_center,8104,2023-09-07 14:40:00+08:00,0.0,0.08495914191007614,0.2378687709569931,0.32254424691200256,SIMULATED_TRUTH,dimensionless_index_0_1
moving_center,8104,2023-09-07 14:45:00+08:00,0.0,0.08371349424123764,0.2331128865480423,0.32812589406967163,SIMULATED_TRUTH,dimensionless_index_0_1
moving_center,8105,2023-09-07 12:00:00+08:00,0.0,0.0,0.0,0.0,SIMULATED_TRUTH,dimensionless_index_0_1
moving_center,8105,2023-09-07 12:05:00+08:00,0.0,0.0012037531705573201,0.001855512848123908,0.006580437067896128,SIMULATED_TRUTH,dimensionless_index_0_1
moving_center,8105,2023-09-07 12:10:00+08:00,0.0,0.0023478264920413494,0.0036201761104166508,0.012673665769398212,SIMULATED_TRUTH,dimensionless_index_0_1
moving_center,8105,2023-09-07 12:15:00+08:00,0.0,0.003435998922213912,0.005335438530892134,0.018315758556127548,SIMULATED_TRUTH,dimensionless_index_0_1
moving_center,8105,2023-09-07 12:20:00+08:00,0.0,0.005104299169033766,0.01138285268098116,0.026783550158143044,SIMULATED_TRUTH,dimensionless_index_0_1
moving_center,8105,2023-09-07 12:25:00+08:00,0.0,0.006694742478430271,0.017235124483704567,0.03601667657494545,SIMULATED_TRUTH,dimensionless_index_0_1
moving_center,8105,2023-09-07 12:30:00+08:00,0.0,0.00821186788380146,0.022323504090309143,0.04421398788690567,SIMULATED_TRUTH,dimensionless_index_0_1
moving_center,8105,2023-09-07 12:35:00+08:00,0.0,0.011525091715157032,0.03519527241587639,0.0575401745736599,SIMULATED_TRUTH,dimensionless_index_0_1
moving_center,8105,2023-09-07 12:40:00+08:00,0.0,0.014689753763377666,0.044938039034605026,0.07300881296396255,SIMULATED_TRUTH,dimensionless_index_0_1
moving_center,8105,2023-09-07 12:45:00+08:00,0.0,0.017713820561766624,0.05605136603116989,0.08640777319669724,SIMULATED_TRUTH,dimensionless_index_0_1
moving_center,8105,2023-09-07 12:50:00+08:00,0.0,0.022953419014811516,0.06841271370649338,0.10044009238481522,SIMULATED_TRUTH,dimensionless_index_0_1
moving_center,8105,2023-09-07 12:55:00+08:00,0.0,0.027954718098044395,0.08288095146417618,0.12557503581047058,SIMULATED_TRUTH,dimensionless_index_0_1
moving_center,8105,2023-09-07 13:00:00+08:00,0.0,0.03273041173815727,0.10199794918298721,0.1525997519493103,SIMULATED_TRUTH,dimensionless_index_0_1
moving_center,8105,2023-09-07 13:05:00+08:00,0.0,0.03883514925837517,0.11412330716848373,0.17351093888282776,SIMULATED_TRUTH,dimensionless_index_0_1
moving_center,8105,2023-09-07 13:10:00+08:00,0.0,0.04465194791555405,0.1307227462530136,0.19608929753303528,SIMULATED_TRUTH,dimensionless_index_0_1
moving_center,8105,2023-09-07 13:15:00+08:00,0.0,0.05019693076610565,0.1562642902135849,0.22012749314308167,SIMULATED_TRUTH,dimensionless_index_0_1
moving_center,8105,2023-09-07 13:20:00+08:00,0.0,0.055287666618824005,0.17086143791675568,0.22141620516777039,SIMULATED_TRUTH,dimensionless_index_0_1
moving_center,8105,2023-09-07 13:25:00+08:00,0.0,0.06012645736336708,0.1856735348701477,0.26351940631866455,SIMULATED_TRUTH,dimensionless_index_0_1
moving_center,8105,2023-09-07 13:30:00+08:00,0.0,0.06472892314195633,0.2021011859178543,0.302977979183197,SIMULATED_TRUTH,dimensionless_index_0_1
moving_center,8105,2023-09-07 13:35:00+08:00,0.0,0.06788016110658646,0.20657218992710114,0.30951955914497375,SIMULATED_TRUTH,dimensionless_index_0_1
moving_center,8105,2023-09-07 13:40:00+08:00,0.0,0.07086750864982605,0.22222985327243805,0.3190041184425354,SIMULATED_TRUTH,dimensionless_index_0_1
moving_center,8105,2023-09-07 13:45:00+08:00,0.0,0.07370240241289139,0.23479565978050232,0.34875133633613586,SIMULATED_TRUTH,dimensionless_index_0_1
moving_center,8105,2023-09-07 13:50:00+08:00,0.0,0.0761786475777626,0.23176763951778412,0.33152756094932556,SIMULATED_TRUTH,dimensionless_index_0_1
moving_center,8105,2023-09-07 13:55:00+08:00,0.0,0.07852859050035477,0.2282412201166153,0.3325439989566803,SIMULATED_TRUTH,dimensionless_index_0_1
moving_center,8105,2023-09-07 14:00:00+08:00,0.0,0.08076120913028717,0.22504423558712006,0.3566474914550781,SIMULATED_TRUTH,dimensionless_index_0_1
moving_center,8105,2023-09-07 14:05:00+08:00,0.0,0.0828624814748764,0.22176384925842285,0.3398178815841675,SIMULATED_TRUTH,dimensionless_index_0_1
moving_center,8105,2023-09-07 14:10:00+08:00,0.0,0.0848652645945549,0.2215188443660736,0.337356299161911,SIMULATED_TRUTH,dimensionless_index_0_1
moving_center,8105,2023-09-07 14:15:00+08:00,0.0,0.08677614480257034,0.22342179715633392,0.35101431608200073,SIMULATED_TRUTH,dimensionless_index_0_1
moving_center,8105,2023-09-07 14:20:00+08:00,0.0,0.08719579875469208,0.22417892515659332,0.3345489203929901,SIMULATED_TRUTH,dimensionless_index_0_1
moving_center,8105,2023-09-07 14:25:00+08:00,0.0,0.08761254698038101,0.2257596254348755,0.3191603124141693,SIMULATED_TRUTH,dimensionless_index_0_1
moving_center,8105,2023-09-07 14:30:00+08:00,0.0,0.08802568912506104,0.23856179416179657,0.32861441373825073,SIMULATED_TRUTH,dimensionless_index_0_1
moving_center,8105,2023-09-07 14:35:00+08:00,0.0,0.08660627901554108,0.23972706496715546,0.32706695795059204,SIMULATED_TRUTH,dimensionless_index_0_1
moving_center,8105,2023-09-07 14:40:00+08:00,0.0,0.08528602868318558,0.23859184980392456,0.3256266415119171,SIMULATED_TRUTH,dimensionless_index_0_1
moving_center,8105,2023-09-07 14:45:00+08:00,0.0,0.08405626565217972,0.23541471362113953,0.3376845121383667,SIMULATED_TRUTH,dimensionless_index_0_1
moving_center,8106,2023-09-07 12:00:00+08:00,0.0,0.0,0.0,0.0,SIMULATED_TRUTH,dimensionless_index_0_1
moving_center,8106,2023-09-07 12:05:00+08:00,0.0,0.0012035795953124762,0.0018542815232649446,0.006118843797594309,SIMULATED_TRUTH,dimensionless_index_0_1
moving_center,8106,2023-09-07 12:10:00+08:00,0.0,0.0023474516347050667,0.0036179886665195227,0.011784655041992664,SIMULATED_TRUTH,dimensionless_index_0_1
moving_center,8106,2023-09-07 12:15:00+08:00,0.0,0.0034354000817984343,0.00533570209518075,0.017030974850058556,SIMULATED_TRUTH,dimensionless_index_0_1
moving_center,8106,2023-09-07 12:20:00+08:00,0.0,0.005102209746837616,0.011384822428226471,0.027288226410746574,SIMULATED_TRUTH,dimensionless_index_0_1
moving_center,8106,2023-09-07 12:25:00+08:00,0.0,0.006691133137792349,0.017240244895219803,0.0372273325920105,SIMULATED_TRUTH,dimensionless_index_0_1
moving_center,8106,2023-09-07 12:30:00+08:00,0.0,0.008206724189221859,0.022358302026987076,0.045730601996183395,SIMULATED_TRUTH,dimensionless_index_0_1
moving_center,8106,2023-09-07 12:35:00+08:00,0.0,0.01150680985301733,0.03468015044927597,0.0606706328690052,SIMULATED_TRUTH,dimensionless_index_0_1
moving_center,8106,2023-09-07 12:40:00+08:00,0.0,0.014658934436738491,0.04507078602910042,0.07759338617324829,SIMULATED_TRUTH,dimensionless_index_0_1
moving_center,8106,2023-09-07 12:45:00+08:00,0.0,0.01767103374004364,0.05608999356627464,0.09191818535327911,SIMULATED_TRUTH,dimensionless_index_0_1
moving_center,8106,2023-09-07 12:50:00+08:00,0.0,0.022878656163811684,0.06799335777759552,0.10256662964820862,SIMULATED_TRUTH,dimensionless_index_0_1
moving_center,8106,2023-09-07 12:55:00+08:00,0.0,0.027849741280078888,0.08148134499788284,0.1235618144273758,SIMULATED_TRUTH,dimensionless_index_0_1
moving_center,8106,2023-09-07 13:00:00+08:00,0.0,0.03259687125682831,0.09919855743646622,0.14595940709114075,SIMULATED_TRUTH,dimensionless_index_0_1
moving_center,8106,2023-09-07 13:05:00+08:00,0.0,0.038669154047966,0.11281177401542664,0.165165513753891,SIMULATED_TRUTH,dimensionless_index_0_1
moving_center,8106,2023-09-07 13:10:00+08:00,0.0,0.04445534572005272,0.13054226338863373,0.19671103358268738,SIMULATED_TRUTH,dimensionless_index_0_1
moving_center,8106,2023-09-07 13:15:00+08:00,0.0,0.04997146129608154,0.15515021979808807,0.22933737933635712,SIMULATED_TRUTH,dimensionless_index_0_1
moving_center,8106,2023-09-07 13:20:00+08:00,0.0,0.05502147972583771,0.17063641548156738,0.23399783670902252,SIMULATED_TRUTH,dimensionless_index_0_1
moving_center,8106,2023-09-07 13:25:00+08:00,0.0,0.059821806848049164,0.18607904016971588,0.2722535729408264,SIMULATED_TRUTH,dimensionless_index_0_1
moving_center,8106,2023-09-07 13:30:00+08:00,0.0,0.06438792496919632,0.2051970213651657,0.30639976263046265,SIMULATED_TRUTH,dimensionless_index_0_1
moving_center,8106,2023-09-07 13:35:00+08:00,0.0,0.0675240159034729,0.2068713754415512,0.31237125396728516,SIMULATED_TRUTH,dimensionless_index_0_1
moving_center,8106,2023-09-07 13:40:00+08:00,0.0,0.07049703598022461,0.219487264752388,0.3197486102581024,SIMULATED_TRUTH,dimensionless_index_0_1
moving_center,8106,2023-09-07 13:45:00+08:00,0.0,0.07331833243370056,0.23128391802310944,0.3493865728378296,SIMULATED_TRUTH,dimensionless_index_0_1
moving_center,8106,2023-09-07 13:50:00+08:00,0.0,0.0757962316274643,0.22795356810092926,0.33292514085769653,SIMULATED_TRUTH,dimensionless_index_0_1
moving_center,8106,2023-09-07 13:55:00+08:00,0.0,0.07814760506153107,0.22498467564582825,0.33328303694725037,SIMULATED_TRUTH,dimensionless_index_0_1
moving_center,8106,2023-09-07 14:00:00+08:00,0.0,0.08038149029016495,0.22262269258499146,0.35561874508857727,SIMULATED_TRUTH,dimensionless_index_0_1
moving_center,8106,2023-09-07 14:05:00+08:00,0.0,0.0824488177895546,0.21948082745075226,0.33846375346183777,SIMULATED_TRUTH,dimensionless_index_0_1
moving_center,8106,2023-09-07 14:10:00+08:00,0.0,0.0844193622469902,0.21543221175670624,0.33534571528434753,SIMULATED_TRUTH,dimensionless_index_0_1
moving_center,8106,2023-09-07 14:15:00+08:00,0.0,0.0862995907664299,0.22069565951824188,0.34837937355041504,SIMULATED_TRUTH,dimensionless_index_0_1
moving_center,8106,2023-09-07 14:20:00+08:00,0.0,0.08675159513950348,0.22519470751285553,0.3319712281227112,SIMULATED_TRUTH,dimensionless_index_0_1
moving_center,8106,2023-09-07 14:25:00+08:00,0.0,0.08719868212938309,0.22427137196063995,0.31771576404571533,SIMULATED_TRUTH,dimensionless_index_0_1
moving_center,8106,2023-09-07 14:30:00+08:00,0.0,0.08764030784368515,0.23608693480491638,0.3265852630138397,SIMULATED_TRUTH,dimensionless_index_0_1
moving_center,8106,2023-09-07 14:35:00+08:00,0.0,0.08622630685567856,0.24014979600906372,0.3225085139274597,SIMULATED_TRUTH,dimensionless_index_0_1
moving_center,8106,2023-09-07 14:40:00+08:00,0.0,0.08491121977567673,0.2404269427061081,0.3201335668563843,SIMULATED_TRUTH,dimensionless_index_0_1
moving_center,8106,2023-09-07 14:45:00+08:00,0.0,0.08368640393018723,0.23693792521953583,0.33407604694366455,SIMULATED_TRUTH,dimensionless_index_0_1
moving_center,8107,2023-09-07 12:00:00+08:00,0.0,0.0,0.0,0.0,SIMULATED_TRUTH,dimensionless_index_0_1
moving_center,8107,2023-09-07 12:05:00+08:00,0.0,0.0012029611971229315,0.0018799679819494486,0.00611537229269743,SIMULATED_TRUTH,dimensionless_index_0_1
moving_center,8107,2023-09-07 12:10:00+08:00,0.0,0.0023462686222046614,0.0036875088699162006,0.0117779690772295,SIMULATED_TRUTH,dimensionless_index_0_1
moving_center,8107,2023-09-07 12:15:00+08:00,0.0,0.003433700418099761,0.005438677966594696,0.017021313309669495,SIMULATED_TRUTH,dimensionless_index_0_1
moving_center,8107,2023-09-07 12:20:00+08:00,0.0,0.005100306123495102,0.011713054962456226,0.02726784721016884,SIMULATED_TRUTH,dimensionless_index_0_1
moving_center,8107,2023-09-07 12:25:00+08:00,0.0,0.006689132656902075,0.01734873279929161,0.03719840943813324,SIMULATED_TRUTH,dimensionless_index_0_1
moving_center,8107,2023-09-07 12:30:00+08:00,0.0,0.008204719051718712,0.022494876757264137,0.045694366097450256,SIMULATED_TRUTH,dimensionless_index_0_1
moving_center,8107,2023-09-07 12:35:00+08:00,0.0,0.011513088829815388,0.03450582176446915,0.05893310531973839,SIMULATED_TRUTH,dimensionless_index_0_1
moving_center,8107,2023-09-07 12:40:00+08:00,0.0,0.014673269353806973,0.04509183019399643,0.07531145215034485,SIMULATED_TRUTH,dimensionless_index_0_1
moving_center,8107,2023-09-07 12:45:00+08:00,0.0,0.017693201079964638,0.05616632476449013,0.08917541801929474,SIMULATED_TRUTH,dimensionless_index_0_1
moving_center,8107,2023-09-07 12:50:00+08:00,0.0,0.022913167253136635,0.06857126951217651,0.10394778102636337,SIMULATED_TRUTH,dimensionless_index_0_1
moving_center,8107,2023-09-07 12:55:00+08:00,0.0,0.02789611555635929,0.08280013501644135,0.1272285133600235,SIMULATED_TRUTH,dimensionless_index_0_1
moving_center,8107,2023-09-07 13:00:00+08:00,0.0,0.03265465050935745,0.1012248545885086,0.15034514665603638,SIMULATED_TRUTH,dimensionless_index_0_1
moving_center,8107,2023-09-07 13:05:00+08:00,0.0,0.03873332589864731,0.11453987658023834,0.16858942806720734,SIMULATED_TRUTH,dimensionless_index_0_1
moving_center,8107,2023-09-07 13:10:00+08:00,0.0,0.044525641947984695,0.1319921463727951,0.19299454987049103,SIMULATED_TRUTH,dimensionless_index_0_1
moving_center,8107,2023-09-07 13:15:00+08:00,0.0,0.0500476136803627,0.15693238377571106,0.22232408821582794,SIMULATED_TRUTH,dimensionless_index_0_1
moving_center,8107,2023-09-07 13:20:00+08:00,0.0,0.05509192496538162,0.17104271054267883,0.2253178209066391,SIMULATED_TRUTH,dimensionless_index_0_1
moving_center,8107,2023-09-07 13:25:00+08:00,0.0,0.059886738657951355,0.1865573227405548,0.2658662497997284,SIMULATED_TRUTH,dimensionless_index_0_1
moving_center,8107,2023-09-07 13:30:00+08:00,0.0,0.06444753706455231,0.20439036190509796,0.30497869849205017,SIMULATED_TRUTH,dimensionless_index_0_1
moving_center,8107,2023-09-07 13:35:00+08:00,0.0,0.06759349256753922,0.2071475386619568,0.3122796416282654,SIMULATED_TRUTH,dimensionless_index_0_1
moving_center,8107,2023-09-07 13:40:00+08:00,0.0,0.07057560235261917,0.21995550394058228,0.31850379705429077,SIMULATED_TRUTH,dimensionless_index_0_1
moving_center,8107,2023-09-07 13:45:00+08:00,0.0,0.07340530306100845,0.2344726324081421,0.34596118330955505,SIMULATED_TRUTH,dimensionless_index_0_1
moving_center,8107,2023-09-07 13:50:00+08:00,0.0,0.07587891072034836,0.23081281781196594,0.32803571224212646,SIMULATED_TRUTH,dimensionless_index_0_1
moving_center,8107,2023-09-07 13:55:00+08:00,0.0,0.07822619378566742,0.2268393188714981,0.3300715386867523,SIMULATED_TRUTH,dimensionless_index_0_1
moving_center,8107,2023-09-07 14:00:00+08:00,0.0,0.08045614510774612,0.22273759543895721,0.3544524312019348,SIMULATED_TRUTH,dimensionless_index_0_1
moving_center,8107,2023-09-07 14:05:00+08:00,0.0,0.08257356286048889,0.2192179262638092,0.33692848682403564,SIMULATED_TRUTH,dimensionless_index_0_1
moving_center,8107,2023-09-07 14:10:00+08:00,0.0,0.08459204435348511,0.2148645520210266,0.3364526033401489,SIMULATED_TRUTH,dimensionless_index_0_1
moving_center,8107,2023-09-07 14:15:00+08:00,0.0,0.08651813119649887,0.21971683204174042,0.35028842091560364,SIMULATED_TRUTH,dimensionless_index_0_1
moving_center,8107,2023-09-07 14:20:00+08:00,0.0,0.08695297688245773,0.2218048870563507,0.3352874219417572,SIMULATED_TRUTH,dimensionless_index_0_1
moving_center,8107,2023-09-07 14:25:00+08:00,0.0,0.0873841941356659,0.22397947311401367,0.32133764028549194,SIMULATED_TRUTH,dimensionless_index_0_1
moving_center,8107,2023-09-07 14:30:00+08:00,0.0,0.08781109750270844,0.23699991405010223,0.3277605473995209,SIMULATED_TRUTH,dimensionless_index_0_1
moving_center,8107,2023-09-07 14:35:00+08:00,0.0,0.08641263097524643,0.24013972282409668,0.3259718716144562,SIMULATED_TRUTH,dimensionless_index_0_1
moving_center,8107,2023-09-07 14:40:00+08:00,0.0,0.08511253446340561,0.23956820368766785,0.32430705428123474,SIMULATED_TRUTH,dimensionless_index_0_1
moving_center,8107,2023-09-07 14:45:00+08:00,0.0,0.08390218764543533,0.23671719431877136,0.33308908343315125,SIMULATED_TRUTH,dimensionless_index_0_1
moving_center,8108,2023-09-07 12:00:00+08:00,0.0,0.0,0.0,0.0,SIMULATED_TRUTH,dimensionless_index_0_1
moving_center,8108,2023-09-07 12:05:00+08:00,0.0,0.001202237792313099,0.0018586890073493123,0.0061852652579545975,SIMULATED_TRUTH,dimensionless_index_0_1
moving_center,8108,2023-09-07 12:10:00+08:00,0.0,0.0023448681458830833,0.0036283887457102537,0.011912580579519272,SIMULATED_TRUTH,dimensionless_index_0_1
moving_center,8108,2023-09-07 12:15:00+08:00,0.0,0.0034316652454435825,0.005340137518942356,0.017215851694345474,SIMULATED_TRUTH,dimensionless_index_0_1
moving_center,8108,2023-09-07 12:20:00+08:00,0.0,0.00509531470015645,0.011364907026290894,0.025897279381752014,SIMULATED_TRUTH,dimensionless_index_0_1
moving_center,8108,2023-09-07 12:25:00+08:00,0.0,0.006681323982775211,0.01718863844871521,0.03525325655937195,SIMULATED_TRUTH,dimensionless_index_0_1
moving_center,8108,2023-09-07 12:30:00+08:00,0.0,0.00819422211498022,0.0224580317735672,0.043257638812065125,SIMULATED_TRUTH,dimensionless_index_0_1
moving_center,8108,2023-09-07 12:35:00+08:00,0.0,0.011494492180645466,0.034661080688238144,0.05943888798356056,SIMULATED_TRUTH,dimensionless_index_0_1
moving_center,8108,2023-09-07 12:40:00+08:00,0.0,0.01464681327342987,0.04513733461499214,0.07597570866346359,SIMULATED_TRUTH,dimensionless_index_0_1
moving_center,8108,2023-09-07 12:45:00+08:00,0.0,0.017659122124314308,0.05559580773115158,0.0899738222360611,SIMULATED_TRUTH,dimensionless_index_0_1
moving_center,8108,2023-09-07 12:50:00+08:00,0.0,0.022869713604450226,0.06675278395414352,0.10502270609140396,SIMULATED_TRUTH,dimensionless_index_0_1
moving_center,8108,2023-09-07 12:55:00+08:00,0.0,0.027843475341796875,0.08131098002195358,0.12545524537563324,SIMULATED_TRUTH,dimensionless_index_0_1
moving_center,8108,2023-09-07 13:00:00+08:00,0.0,0.0325930118560791,0.09881553798913956,0.15245212614536285,SIMULATED_TRUTH,dimensionless_index_0_1
moving_center,8108,2023-09-07 13:05:00+08:00,0.0,0.03867200016975403,0.11128035932779312,0.1733417958021164,SIMULATED_TRUTH,dimensionless_index_0_1
moving_center,8108,2023-09-07 13:10:00+08:00,0.0,0.04446463659405708,0.13070514798164368,0.1910245269536972,SIMULATED_TRUTH,dimensionless_index_0_1
moving_center,8108,2023-09-07 13:15:00+08:00,0.0,0.04998695105314255,0.1585829257965088,0.22140094637870789,SIMULATED_TRUTH,dimensionless_index_0_1
moving_center,8108,2023-09-07 13:20:00+08:00,0.0,0.0550595223903656,0.17022070288658142,0.23099711537361145,SIMULATED_TRUTH,dimensionless_index_0_1
moving_center,8108,2023-09-07 13:25:00+08:00,0.0,0.05988131836056709,0.1838969737291336,0.2656172811985016,SIMULATED_TRUTH,dimensionless_index_0_1
moving_center,8108,2023-09-07 13:30:00+08:00,0.0,0.0644678846001625,0.20183065533638,0.29911214113235474,SIMULATED_TRUTH,dimensionless_index_0_1
moving_center,8108,2023-09-07 13:35:00+08:00,0.0,0.06762983649969101,0.2049182504415512,0.30418646335601807,SIMULATED_TRUTH,dimensionless_index_0_1
moving_center,8108,2023-09-07 13:40:00+08:00,0.0,0.07062756270170212,0.2209450751543045,0.31985175609588623,SIMULATED_TRUTH,dimensionless_index_0_1
moving_center,8108,2023-09-07 13:45:00+08:00,0.0,0.07347247749567032,0.23989728093147278,0.34947457909584045,SIMULATED_TRUTH,dimensionless_index_0_1
moving_center,8108,2023-09-07 13:50:00+08:00,0.0,0.07597833126783371,0.2377007156610489,0.3331187665462494,SIMULATED_TRUTH,dimensionless_index_0_1
moving_center,8108,2023-09-07 13:55:00+08:00,0.0,0.07835670560598373,0.23373091220855713,0.3335571587085724,SIMULATED_TRUTH,dimensionless_index_0_1
moving_center,8108,2023-09-07 14:00:00+08:00,0.0,0.08061660826206207,0.22950422763824463,0.3537858724594116,SIMULATED_TRUTH,dimensionless_index_0_1
moving_center,8108,2023-09-07 14:05:00+08:00,0.0,0.0827539712190628,0.2236466258764267,0.3360511362552643,SIMULATED_TRUTH,dimensionless_index_0_1
moving_center,8108,2023-09-07 14:10:00+08:00,0.0,0.08479127287864685,0.21985909342765808,0.33741530776023865,SIMULATED_TRUTH,dimensionless_index_0_1
moving_center,8108,2023-09-07 14:15:00+08:00,0.0,0.08673517405986786,0.22342273592948914,0.3511809706687927,SIMULATED_TRUTH,dimensionless_index_0_1
moving_center,8108,2023-09-07 14:20:00+08:00,0.0,0.08718129992485046,0.2260192334651947,0.3347375690937042,SIMULATED_TRUTH,dimensionless_index_0_1
moving_center,8108,2023-09-07 14:25:00+08:00,0.0,0.0876230001449585,0.2251971960067749,0.32105955481529236,SIMULATED_TRUTH,dimensionless_index_0_1
moving_center,8108,2023-09-07 14:30:00+08:00,0.0,0.0880596935749054,0.23841975629329681,0.32965701818466187,SIMULATED_TRUTH,dimensionless_index_0_1
moving_center,8108,2023-09-07 14:35:00+08:00,0.0,0.0866350382566452,0.24060145020484924,0.3249078094959259,SIMULATED_TRUTH,dimensionless_index_0_1
moving_center,8108,2023-09-07 14:40:00+08:00,0.0,0.08531009405851364,0.23992624878883362,0.32302480936050415,SIMULATED_TRUTH,dimensionless_index_0_1
moving_center,8108,2023-09-07 14:45:00+08:00,0.0,0.0840761661529541,0.23786666989326477,0.33017075061798096,SIMULATED_TRUTH,dimensionless_index_0_1
moving_center,8109,2023-09-07 12:00:00+08:00,0.0,0.0,0.0,0.0,SIMULATED_TRUTH,dimensionless_index_0_1
moving_center,8109,2023-09-07 12:05:00+08:00,0.0,0.0012036565458402038,0.0018776588840410113,0.006308507639914751,SIMULATED_TRUTH,dimensionless_index_0_1
moving_center,8109,2023-09-07 12:10:00+08:00,0.0,0.0023476413916796446,0.003685855073854327,0.012149940244853497,SIMULATED_TRUTH,dimensionless_index_0_1
moving_center,8109,2023-09-07 12:15:00+08:00,0.0,0.0034357320982962847,0.005435101687908173,0.017558880150318146,SIMULATED_TRUTH,dimensionless_index_0_1
moving_center,8109,2023-09-07 12:20:00+08:00,0.0,0.005104738287627697,0.011643342673778534,0.02592030167579651,SIMULATED_TRUTH,dimensionless_index_0_1
moving_center,8109,2023-09-07 12:25:00+08:00,0.0,0.006695874501019716,0.017148835584521294,0.03528593108057976,SIMULATED_TRUTH,dimensionless_index_0_1
moving_center,8109,2023-09-07 12:30:00+08:00,0.0,0.008213679306209087,0.022448474541306496,0.043298568576574326,SIMULATED_TRUTH,dimensionless_index_0_1
moving_center,8109,2023-09-07 12:35:00+08:00,0.0,0.011526997201144695,0.034647636115550995,0.059691380709409714,SIMULATED_TRUTH,dimensionless_index_0_1
moving_center,8109,2023-09-07 12:40:00+08:00,0.0,0.014691912569105625,0.04488241299986839,0.07630731165409088,SIMULATED_TRUTH,dimensionless_index_0_1
moving_center,8109,2023-09-07 12:45:00+08:00,0.0,0.01771637052297592,0.055407457053661346,0.09037239104509354,SIMULATED_TRUTH,dimensionless_index_0_1
moving_center,8109,2023-09-07 12:50:00+08:00,0.0,0.0229464340955019,0.06879175454378128,0.10168236494064331,SIMULATED_TRUTH,dimensionless_index_0_1
moving_center,8109,2023-09-07 12:55:00+08:00,0.0,0.027939198538661003,0.08249262720346451,0.12700140476226807,SIMULATED_TRUTH,dimensionless_index_0_1
moving_center,8109,2023-09-07 13:00:00+08:00,0.0,0.03270726278424263,0.10027981549501419,0.15007349848747253,SIMULATED_TRUTH,dimensionless_index_0_1
moving_center,8109,2023-09-07 13:05:00+08:00,0.0,0.03880000114440918,0.11471249163150787,0.16579066216945648,SIMULATED_TRUTH,dimensionless_index_0_1
moving_center,8109,2023-09-07 13:10:00+08:00,0.0,0.04460623115301132,0.13206027448177338,0.19247601926326752,SIMULATED_TRUTH,dimensionless_index_0_1
moving_center,8109,2023-09-07 13:15:00+08:00,0.0,0.05014194920659065,0.1565011441707611,0.21717359125614166,SIMULATED_TRUTH,dimensionless_index_0_1
moving_center,8109,2023-09-07 13:20:00+08:00,0.0,0.05521278828382492,0.17014482617378235,0.23804736137390137,SIMULATED_TRUTH,dimensionless_index_0_1
moving_center,8109,2023-09-07 13:25:00+08:00,0.0,0.06003314629197121,0.18442393839359283,0.2661094069480896,SIMULATED_TRUTH,dimensionless_index_0_1
moving_center,8109,2023-09-07 13:30:00+08:00,0.0,0.0646185502409935,0.20195777714252472,0.29854816198349,SIMULATED_TRUTH,dimensionless_index_0_1
moving_center,8109,2023-09-07 13:35:00+08:00,0.0,0.06775836646556854,0.2051447033882141,0.3034084141254425,SIMULATED_TRUTH,dimensionless_index_0_1
moving_center,8109,2023-09-07 13:40:00+08:00,0.0,0.07073500007390976,0.22166110575199127,0.31776461005210876,SIMULATED_TRUTH,dimensionless_index_0_1
moving_center,8109,2023-09-07 13:45:00+08:00,0.0,0.07355979830026627,0.24187374114990234,0.34769371151924133,SIMULATED_TRUTH,dimensionless_index_0_1
moving_center,8109,2023-09-07 13:50:00+08:00,0.0,0.07604316622018814,0.24030683934688568,0.32989487051963806,SIMULATED_TRUTH,dimensionless_index_0_1
moving_center,8109,2023-09-07 13:55:00+08:00,0.0,0.07839968800544739,0.23600997030735016,0.33493706583976746,SIMULATED_TRUTH,dimensionless_index_0_1
moving_center,8109,2023-09-07 14:00:00+08:00,0.0,0.08063838630914688,0.2333654910326004,0.35877206921577454,SIMULATED_TRUTH,dimensionless_index_0_1
moving_center,8109,2023-09-07 14:05:00+08:00,0.0,0.08274703472852707,0.2275424599647522,0.3426145315170288,SIMULATED_TRUTH,dimensionless_index_0_1
moving_center,8109,2023-09-07 14:10:00+08:00,0.0,0.08475666493177414,0.22319567203521729,0.33840152621269226,SIMULATED_TRUTH,dimensionless_index_0_1
moving_center,8109,2023-09-07 14:15:00+08:00,0.0,0.08667388558387756,0.22258560359477997,0.3524717688560486,SIMULATED_TRUTH,dimensionless_index_0_1
moving_center,8109,2023-09-07 14:20:00+08:00,0.0,0.08710619062185287,0.22387146949768066,0.33599984645843506,SIMULATED_TRUTH,dimensionless_index_0_1
moving_center,8109,2023-09-07 14:25:00+08:00,0.0,0.08753440529108047,0.22404931485652924,0.3206051290035248,SIMULATED_TRUTH,dimensionless_index_0_1
moving_center,8109,2023-09-07 14:30:00+08:00,0.0,0.08795792609453201,0.23696032166481018,0.32876065373420715,SIMULATED_TRUTH,dimensionless_index_0_1
moving_center,8109,2023-09-07 14:35:00+08:00,0.0,0.08653267472982407,0.2394217550754547,0.3272545337677002,SIMULATED_TRUTH,dimensionless_index_0_1
moving_center,8109,2023-09-07 14:40:00+08:00,0.0,0.08520659059286118,0.23960301280021667,0.3258526921272278,SIMULATED_TRUTH,dimensionless_index_0_1
moving_center,8109,2023-09-07 14:45:00+08:00,0.0,0.0839710459113121,0.2372911125421524,0.33112698793411255,SIMULATED_TRUTH,dimensionless_index_0_1
moving_center,8110,2023-09-07 12:00:00+08:00,0.0,0.0,0.0,0.0,SIMULATED_TRUTH,dimensionless_index_0_1
moving_center,8110,2023-09-07 12:05:00+08:00,0.0,0.0012034300016239285,0.0018630728591233492,0.006182026583701372,SIMULATED_TRUTH,dimensionless_index_0_1
moving_center,8110,2023-09-07 12:10:00+08:00,0.0,0.0023471792228519917,0.0036456286907196045,0.011906342580914497,SIMULATED_TRUTH,dimensionless_index_0_1
moving_center,8110,2023-09-07 12:15:00+08:00,0.0,0.0034350280184298754,0.005376574117690325,0.017206836491823196,SIMULATED_TRUTH,dimensionless_index_0_1
moving_center,8110,2023-09-07 12:20:00+08:00,0.0,0.0051027811132371426,0.011514363810420036,0.027525020763278008,SIMULATED_TRUTH,dimensionless_index_0_1
moving_center,8110,2023-09-07 12:25:00+08:00,0.0,0.006692654453217983,0.017253903672099113,0.037563398480415344,SIMULATED_TRUTH,dimensionless_index_0_1
moving_center,8110,2023-09-07 12:30:00+08:00,0.0,0.00820919405668974,0.022289901971817017,0.046151597052812576,SIMULATED_TRUTH,dimensionless_index_0_1
moving_center,8110,2023-09-07 12:35:00+08:00,0.0,0.011524831876158714,0.034930519759655,0.05999111756682396,SIMULATED_TRUTH,dimensionless_index_0_1
moving_center,8110,2023-09-07 12:40:00+08:00,0.0,0.014691675081849098,0.04563182592391968,0.07670096307992935,SIMULATED_TRUTH,dimensionless_index_0_1
moving_center,8110,2023-09-07 12:45:00+08:00,0.0,0.017717717215418816,0.05619148537516594,0.09084554016590118,SIMULATED_TRUTH,dimensionless_index_0_1
moving_center,8110,2023-09-07 12:50:00+08:00,0.0,0.022973472252488136,0.06804011017084122,0.10584183037281036,SIMULATED_TRUTH,dimensionless_index_0_1
moving_center,8110,2023-09-07 12:55:00+08:00,0.0,0.027990050613880157,0.08243516087532043,0.1284882128238678,SIMULATED_TRUTH,dimensionless_index_0_1
moving_center,8110,2023-09-07 13:00:00+08:00,0.0,0.03278020769357681,0.1001473069190979,0.1561899334192276,SIMULATED_TRUTH,dimensionless_index_0_1
moving_center,8110,2023-09-07 13:05:00+08:00,0.0,0.038906775414943695,0.11320387572050095,0.1776244044303894,SIMULATED_TRUTH,dimensionless_index_0_1
moving_center,8110,2023-09-07 13:10:00+08:00,0.0,0.04474455490708351,0.13312485814094543,0.19618797302246094,SIMULATED_TRUTH,dimensionless_index_0_1
moving_center,8110,2023-09-07 13:15:00+08:00,0.0,0.05030970275402069,0.16187280416488647,0.22827261686325073,SIMULATED_TRUTH,dimensionless_index_0_1
moving_center,8110,2023-09-07 13:20:00+08:00,0.0,0.05537833645939827,0.17451605200767517,0.23134571313858032,SIMULATED_TRUTH,dimensionless_index_0_1
moving_center,8110,2023-09-07 13:25:00+08:00,0.0,0.06019660830497742,0.18843668699264526,0.26233163475990295,SIMULATED_TRUTH,dimensionless_index_0_1
moving_center,8110,2023-09-07 13:30:00+08:00,0.0,0.06478001177310944,0.20723383128643036,0.3019653856754303,SIMULATED_TRUTH,dimensionless_index_0_1
moving_center,8110,2023-09-07 13:35:00+08:00,0.0,0.06789430975914001,0.20998559892177582,0.3081226646900177,SIMULATED_TRUTH,dimensionless_index_0_1
moving_center,8110,2023-09-07 13:40:00+08:00,0.0,0.07084675878286362,0.22169560194015503,0.3203190267086029,SIMULATED_TRUTH,dimensionless_index_0_1
moving_center,8110,2023-09-07 13:45:00+08:00,0.0,0.07364863157272339,0.24088884890079498,0.34987327456474304,SIMULATED_TRUTH,dimensionless_index_0_1
moving_center,8110,2023-09-07 13:50:00+08:00,0.0,0.07608584314584732,0.23725749552249908,0.33399590849876404,SIMULATED_TRUTH,dimensionless_index_0_1
moving_center,8110,2023-09-07 13:55:00+08:00,0.0,0.07839857041835785,0.23204968869686127,0.3353783190250397,SIMULATED_TRUTH,dimensionless_index_0_1
moving_center,8110,2023-09-07 14:00:00+08:00,0.0,0.0805957019329071,0.22898799180984497,0.3591638207435608,SIMULATED_TRUTH,dimensionless_index_0_1
moving_center,8110,2023-09-07 14:05:00+08:00,0.0,0.08267663419246674,0.2228161245584488,0.3431302309036255,SIMULATED_TRUTH,dimensionless_index_0_1
moving_center,8110,2023-09-07 14:10:00+08:00,0.0,0.08465985208749771,0.2184264361858368,0.3397282063961029,SIMULATED_TRUTH,dimensionless_index_0_1
moving_center,8110,2023-09-07 14:15:00+08:00,0.0,0.08655189722776413,0.21931153535842896,0.35414576530456543,SIMULATED_TRUTH,dimensionless_index_0_1
moving_center,8110,2023-09-07 14:20:00+08:00,0.0,0.08698573708534241,0.22205950319766998,0.33761894702911377,SIMULATED_TRUTH,dimensionless_index_0_1
moving_center,8110,2023-09-07 14:25:00+08:00,0.0,0.08741563558578491,0.2222602665424347,0.3221729099750519,SIMULATED_TRUTH,dimensionless_index_0_1
moving_center,8110,2023-09-07 14:30:00+08:00,0.0,0.0878409892320633,0.23455607891082764,0.32837989926338196,SIMULATED_TRUTH,dimensionless_index_0_1
moving_center,8110,2023-09-07 14:35:00+08:00,0.0,0.08641048520803452,0.23711970448493958,0.3267661929130554,SIMULATED_TRUTH,dimensionless_index_0_1
moving_center,8110,2023-09-07 14:40:00+08:00,0.0,0.08507975935935974,0.23954372107982635,0.32526421546936035,SIMULATED_TRUTH,dimensionless_index_0_1
moving_center,8110,2023-09-07 14:45:00+08:00,0.0,0.08384007215499878,0.23481614887714386,0.3292538523674011,SIMULATED_TRUTH,dimensionless_index_0_1
moving_center,8111,2023-09-07 12:00:00+08:00,0.0,0.0,0.0,0.0,SIMULATED_TRUTH,dimensionless_index_0_1
moving_center,8111,2023-09-07 12:05:00+08:00,0.0,0.00120325677562505,0.0018599525792524219,0.006328905466943979,SIMULATED_TRUTH,dimensionless_index_0_1
moving_center,8111,2023-09-07 12:10:00+08:00,0.0,0.0023468593135476112,0.00362825277261436,0.012189225293695927,SIMULATED_TRUTH,dimensionless_index_0_1
moving_center,8111,2023-09-07 12:15:00+08:00,0.0,0.0034345851745456457,0.00534701906144619,0.017615653574466705,SIMULATED_TRUTH,dimensionless_index_0_1
moving_center,8111,2023-09-07 12:20:00+08:00,0.0,0.0051087490282952785,0.011404619552195072,0.02647373639047146,SIMULATED_TRUTH,dimensionless_index_0_1
moving_center,8111,2023-09-07 12:25:00+08:00,0.0,0.006704825907945633,0.017291733995079994,0.03607138246297836,SIMULATED_TRUTH,dimensionless_index_0_1
moving_center,8111,2023-09-07 12:30:00+08:00,0.0,0.008227365091443062,0.022645017132163048,0.044282518327236176,SIMULATED_TRUTH,dimensionless_index_0_1
moving_center,8111,2023-09-07 12:35:00+08:00,0.0,0.011583634652197361,0.035274434834718704,0.059811875224113464,SIMULATED_TRUTH,dimensionless_index_0_1
moving_center,8111,2023-09-07 12:40:00+08:00,0.0,0.014789515174925327,0.04588834568858147,0.07646556198596954,SIMULATED_TRUTH,dimensionless_index_0_1
moving_center,8111,2023-09-07 12:45:00+08:00,0.0,0.017853062599897385,0.05698809400200844,0.090562604367733,SIMULATED_TRUTH,dimensionless_index_0_1
moving_center,8111,2023-09-07 12:50:00+08:00,0.0,0.023183727636933327,0.06857096403837204,0.10726471990346909,SIMULATED_TRUTH,dimensionless_index_0_1
moving_center,8111,2023-09-07 12:55:00+08:00,0.0,0.028272079303860664,0.08413400501012802,0.12825389206409454,SIMULATED_TRUTH,dimensionless_index_0_1
moving_center,8111,2023-09-07 13:00:00+08:00,0.0,0.03313102200627327,0.10323169082403183,0.15590114891529083,SIMULATED_TRUTH,dimensionless_index_0_1
moving_center,8111,2023-09-07 13:05:00+08:00,0.0,0.03931906446814537,0.1165151372551918,0.17729352414608002,SIMULATED_TRUTH,dimensionless_index_0_1
moving_center,8111,2023-09-07 13:10:00+08:00,0.0,0.045215457677841187,0.13353033363819122,0.2013508528470993,SIMULATED_TRUTH,dimensionless_index_0_1
moving_center,8111,2023-09-07 13:15:00+08:00,0.0,0.05083652585744858,0.16065244376659393,0.23039750754833221,SIMULATED_TRUTH,dimensionless_index_0_1
moving_center,8111,2023-09-07 13:20:00+08:00,0.0,0.05590597912669182,0.17663918435573578,0.2334989607334137,SIMULATED_TRUTH,dimensionless_index_0_1
moving_center,8111,2023-09-07 13:25:00+08:00,0.0,0.06072496995329857,0.19090130925178528,0.2672009766101837,SIMULATED_TRUTH,dimensionless_index_0_1
moving_center,8111,2023-09-07 13:30:00+08:00,0.0,0.06530901044607162,0.20812182128429413,0.30512741208076477,SIMULATED_TRUTH,dimensionless_index_0_1
moving_center,8111,2023-09-07 13:35:00+08:00,0.0,0.06841295212507248,0.20998229086399078,0.3124848008155823,SIMULATED_TRUTH,dimensionless_index_0_1
moving_center,8111,2023-09-07 13:40:00+08:00,0.0,0.07135558128356934,0.2218514084815979,0.31963759660720825,SIMULATED_TRUTH,dimensionless_index_0_1
moving_center,8111,2023-09-07 13:45:00+08:00,0.0,0.07414814829826355,0.23741020262241364,0.3492918312549591,SIMULATED_TRUTH,dimensionless_index_0_1
moving_center,8111,2023-09-07 13:50:00+08:00,0.0,0.07658722251653671,0.2344319075345993,0.3327167332172394,SIMULATED_TRUTH,dimensionless_index_0_1
moving_center,8111,2023-09-07 13:55:00+08:00,0.0,0.07890154421329498,0.23080790042877197,0.3333287537097931,SIMULATED_TRUTH,dimensionless_index_0_1
moving_center,8111,2023-09-07 14:00:00+08:00,0.0,0.08110006153583527,0.22659870982170105,0.35734421014785767,SIMULATED_TRUTH,dimensionless_index_0_1
moving_center,8111,2023-09-07 14:05:00+08:00,0.0,0.08317442983388901,0.2217465043067932,0.34073495864868164,SIMULATED_TRUTH,dimensionless_index_0_1
moving_center,8111,2023-09-07 14:10:00+08:00,0.0,0.08515115082263947,0.21761195361614227,0.33510440587997437,SIMULATED_TRUTH,dimensionless_index_0_1
moving_center,8111,2023-09-07 14:15:00+08:00,0.0,0.08703684061765671,0.22175896167755127,0.3468955457210541,SIMULATED_TRUTH,dimensionless_index_0_1
moving_center,8111,2023-09-07 14:20:00+08:00,0.0,0.0874626561999321,0.2254529595375061,0.33053743839263916,SIMULATED_TRUTH,dimensionless_index_0_1
moving_center,8111,2023-09-07 14:25:00+08:00,0.0,0.08788489550352097,0.2261069267988205,0.3162763714790344,SIMULATED_TRUTH,dimensionless_index_0_1
moving_center,8111,2023-09-07 14:30:00+08:00,0.0,0.08830296248197556,0.23633813858032227,0.326200008392334,SIMULATED_TRUTH,dimensionless_index_0_1
moving_center,8111,2023-09-07 14:35:00+08:00,0.0,0.08685111999511719,0.23700161278247833,0.3239704370498657,SIMULATED_TRUTH,dimensionless_index_0_1
moving_center,8111,2023-09-07 14:40:00+08:00,0.0,0.0854998305439949,0.23951397836208344,0.3218952417373657,SIMULATED_TRUTH,dimensionless_index_0_1
moving_center,8111,2023-09-07 14:45:00+08:00,0.0,0.0842403843998909,0.23602496087551117,0.33080795407295227,SIMULATED_TRUTH,dimensionless_index_0_1
moving_center,8112,2023-09-07 12:00:00+08:00,0.0,0.0,0.0,0.0,SIMULATED_TRUTH,dimensionless_index_0_1
moving_center,8112,2023-09-07 12:05:00+08:00,0.0,0.001202977728098631,0.0018463062588125467,0.006462705321609974,SIMULATED_TRUTH,dimensionless_index_0_1
moving_center,8112,2023-09-07 12:10:00+08:00,0.0,0.0023462979588657618,0.0036023184657096863,0.012446918524801731,SIMULATED_TRUTH,dimensionless_index_0_1
moving_center,8112,2023-09-07 12:15:00+08:00,0.0,0.003433739533647895,0.0053110369481146336,0.017988067120313644,SIMULATED_TRUTH,dimensionless_index_0_1
moving_center,8112,2023-09-07 12:20:00+08:00,0.0,0.005098918452858925,0.011316857300698757,0.027008056640625,SIMULATED_TRUTH,dimensionless_index_0_1
moving_center,8112,2023-09-07 12:25:00+08:00,0.0,0.006686352659016848,0.01706736721098423,0.03682970628142357,SIMULATED_TRUTH,dimensionless_index_0_1
moving_center,8112,2023-09-07 12:30:00+08:00,0.0,0.00820058025419712,0.02243451401591301,0.045232485979795456,SIMULATED_TRUTH,dimensionless_index_0_1
moving_center,8112,2023-09-07 12:35:00+08:00,0.0,0.011509058065712452,0.03532356023788452,0.057594165205955505,SIMULATED_TRUTH,dimensionless_index_0_1
moving_center,8112,2023-09-07 12:40:00+08:00,0.0,0.014669222757220268,0.045197561383247375,0.07355298846960068,SIMULATED_TRUTH,dimensionless_index_0_1
moving_center,8112,2023-09-07 12:45:00+08:00,0.0,0.01768903061747551,0.05583654344081879,0.08706184476613998,SIMULATED_TRUTH,dimensionless_index_0_1
moving_center,8112,2023-09-07 12:50:00+08:00,0.0,0.022925997152924538,0.06766890734434128,0.10269982367753983,SIMULATED_TRUTH,dimensionless_index_0_1
moving_center,8112,2023-09-07 12:55:00+08:00,0.0,0.027924997732043266,0.08172597736120224,0.13084723055362701,SIMULATED_TRUTH,dimensionless_index_0_1
moving_center,8112,2023-09-07 13:00:00+08:00,0.0,0.032698698341846466,0.10011383146047592,0.1546735018491745,SIMULATED_TRUTH,dimensionless_index_0_1
moving_center,8112,2023-09-07 13:05:00+08:00,0.0,0.03879152610898018,0.1121884360909462,0.17313507199287415,SIMULATED_TRUTH,dimensionless_index_0_1
moving_center,8112,2023-09-07 13:10:00+08:00,0.0,0.0445973239839077,0.13203999400138855,0.20219686627388,SIMULATED_TRUTH,dimensionless_index_0_1
moving_center,8112,2023-09-07 13:15:00+08:00,0.0,0.0501321405172348,0.1561077982187271,0.2269635796546936,SIMULATED_TRUTH,dimensionless_index_0_1
moving_center,8112,2023-09-07 13:20:00+08:00,0.0,0.055184539407491684,0.17152436077594757,0.22932234406471252,SIMULATED_TRUTH,dimensionless_index_0_1
moving_center,8112,2023-09-07 13:25:00+08:00,0.0,0.059987086802721024,0.18772536516189575,0.2669622600078583,SIMULATED_TRUTH,dimensionless_index_0_1
moving_center,8112,2023-09-07 13:30:00+08:00,0.0,0.06455526500940323,0.20401377975940704,0.3021416664123535,SIMULATED_TRUTH,dimensionless_index_0_1
moving_center,8112,2023-09-07 13:35:00+08:00,0.0,0.0676940456032753,0.20879630744457245,0.3083658218383789,SIMULATED_TRUTH,dimensionless_index_0_1
moving_center,8112,2023-09-07 13:40:00+08:00,0.0,0.07066964358091354,0.22084346413612366,0.3184764087200165,SIMULATED_TRUTH,dimensionless_index_0_1
moving_center,8112,2023-09-07 13:45:00+08:00,0.0,0.07349340617656708,0.23247595131397247,0.3483010530471802,SIMULATED_TRUTH,dimensionless_index_0_1
moving_center,8112,2023-09-07 13:50:00+08:00,0.0,0.07599405199289322,0.22969719767570496,0.3305465877056122,SIMULATED_TRUTH,dimensionless_index_0_1
moving_center,8112,2023-09-07 13:55:00+08:00,0.0,0.0783672034740448,0.22645534574985504,0.33043181896209717,SIMULATED_TRUTH,dimensionless_index_0_1
moving_center,8112,2023-09-07 14:00:00+08:00,0.0,0.08062192052602768,0.22215056419372559,0.35477229952812195,SIMULATED_TRUTH,dimensionless_index_0_1
moving_center,8112,2023-09-07 14:05:00+08:00,0.0,0.08274364471435547,0.21914006769657135,0.3373495638370514,SIMULATED_TRUTH,dimensionless_index_0_1
moving_center,8112,2023-09-07 14:10:00+08:00,0.0,0.08476582169532776,0.21580393612384796,0.3376566767692566,SIMULATED_TRUTH,dimensionless_index_0_1
moving_center,8112,2023-09-07 14:15:00+08:00,0.0,0.08669506758451462,0.2240854948759079,0.35049039125442505,SIMULATED_TRUTH,dimensionless_index_0_1
moving_center,8112,2023-09-07 14:20:00+08:00,0.0,0.08716671168804169,0.22693918645381927,0.3339961767196655,SIMULATED_TRUTH,dimensionless_index_0_1
moving_center,8112,2023-09-07 14:25:00+08:00,0.0,0.08763273805379868,0.22634002566337585,0.31972894072532654,SIMULATED_TRUTH,dimensionless_index_0_1
moving_center,8112,2023-09-07 14:30:00+08:00,0.0,0.08809264004230499,0.2363070845603943,0.3261019289493561,SIMULATED_TRUTH,dimensionless_index_0_1
moving_center,8112,2023-09-07 14:35:00+08:00,0.0,0.0866825208067894,0.2380191832780838,0.32275477051734924,SIMULATED_TRUTH,dimensionless_index_0_1
moving_center,8112,2023-09-07 14:40:00+08:00,0.0,0.08537128567695618,0.2405097782611847,0.32043030858039856,SIMULATED_TRUTH,dimensionless_index_0_1
moving_center,8112,2023-09-07 14:45:00+08:00,0.0,0.0841502770781517,0.23775731027126312,0.33863142132759094,SIMULATED_TRUTH,dimensionless_index_0_1
dual_center,8101,2023-09-07 12:00:00+08:00,0.0,0.0,0.0,0.0,SIMULATED_TRUTH,dimensionless_index_0_1
dual_center,8101,2023-09-07 12:05:00+08:00,0.0,0.0018872893415391445,0.004046632442623377,0.00889336597174406,SIMULATED_TRUTH,dimensionless_index_0_1
dual_center,8101,2023-09-07 12:10:00+08:00,0.0,0.0036793912295252085,0.0079043572768569,0.016585085541009903,SIMULATED_TRUTH,dimensionless_index_0_1
dual_center,8101,2023-09-07 12:15:00+08:00,0.0,0.005382420029491186,0.011587290093302727,0.023237520828843117,SIMULATED_TRUTH,dimensionless_index_0_1
dual_center,8101,2023-09-07 12:20:00+08:00,0.0,0.007753416430205107,0.017810530960559845,0.03471223637461662,SIMULATED_TRUTH,dimensionless_index_0_1
dual_center,8101,2023-09-07 12:25:00+08:00,0.0,0.010007316246628761,0.023662922903895378,0.04475726932287216,SIMULATED_TRUTH,dimensionless_index_0_1
dual_center,8101,2023-09-07 12:30:00+08:00,0.0,0.012151378206908703,0.02923630364239216,0.05341913551092148,SIMULATED_TRUTH,dimensionless_index_0_1
dual_center,8101,2023-09-07 12:35:00+08:00,0.0,0.015615643002092838,0.039430320262908936,0.07138779759407043,SIMULATED_TRUTH,dimensionless_index_0_1
dual_center,8101,2023-09-07 12:40:00+08:00,0.0,0.01890936866402626,0.049144111573696136,0.08688223361968994,SIMULATED_TRUTH,dimensionless_index_0_1
dual_center,8101,2023-09-07 12:45:00+08:00,0.0,0.02204303629696369,0.058501217514276505,0.10024313628673553,SIMULATED_TRUTH,dimensionless_index_0_1
dual_center,8101,2023-09-07 12:50:00+08:00,0.0,0.02693689428269863,0.07364673912525177,0.12433739006519318,SIMULATED_TRUTH,dimensionless_index_0_1
dual_center,8101,2023-09-07 12:55:00+08:00,0.0,0.031590431928634644,0.0882159024477005,0.14511394500732422,SIMULATED_TRUTH,dimensionless_index_0_1
dual_center,8101,2023-09-07 13:00:00+08:00,0.0,0.03601832687854767,0.10219050198793411,0.16302964091300964,SIMULATED_TRUTH,dimensionless_index_0_1
dual_center,8101,2023-09-07 13:05:00+08:00,0.0,0.04308914765715599,0.12484953552484512,0.19564363360404968,SIMULATED_TRUTH,dimensionless_index_0_1
dual_center,8101,2023-09-07 13:10:00+08:00,0.0,0.049812737852334976,0.14626188576221466,0.22379834949970245,SIMULATED_TRUTH,dimensionless_index_0_1
dual_center,8101,2023-09-07 13:15:00+08:00,0.0,0.05621024966239929,0.16622503101825714,0.24980080127716064,SIMULATED_TRUTH,dimensionless_index_0_1
dual_center,8101,2023-09-07 13:20:00+08:00,0.0,0.06573732197284698,0.19623629748821259,0.28917965292930603,SIMULATED_TRUTH,dimensionless_index_0_1
dual_center,8101,2023-09-07 13:25:00+08:00,0.0,0.07479851692914963,0.22528424859046936,0.32415109872817993,SIMULATED_TRUTH,dimensionless_index_0_1
dual_center,8101,2023-09-07 13:30:00+08:00,0.0,0.08342200517654419,0.25339648127555847,0.357790470123291,SIMULATED_TRUTH,dimensionless_index_0_1
dual_center,8101,2023-09-07 13:35:00+08:00,0.0,0.09394336491823196,0.2857193350791931,0.3890881836414337,SIMULATED_TRUTH,dimensionless_index_0_1
dual_center,8101,2023-09-07 13:40:00+08:00,0.0,0.10395745933055878,0.3168291747570038,0.4181601405143738,SIMULATED_TRUTH,dimensionless_index_0_1
dual_center,8101,2023-09-07 13:45:00+08:00,0.0,0.11349427700042725,0.34616851806640625,0.44516465067863464,SIMULATED_TRUTH,dimensionless_index_0_1
dual_center,8101,2023-09-07 13:50:00+08:00,0.0,0.12409647554159164,0.37512505054473877,0.4713609218597412,SIMULATED_TRUTH,dimensionless_index_0_1
dual_center,8101,2023-09-07 13:55:00+08:00,0.0,0.1341976523399353,0.4022796154022217,0.49747827649116516,SIMULATED_TRUTH,dimensionless_index_0_1
dual_center,8101,2023-09-07 14:00:00+08:00,0.0,0.14382652938365936,0.4283117949962616,0.5221842527389526,SIMULATED_TRUTH,dimensionless_index_0_1
dual_center,8101,2023-09-07 14:05:00+08:00,0.0,0.1534438580274582,0.45303764939308167,0.5455551147460938,SIMULATED_TRUTH,dimensionless_index_0_1
dual_center,8101,2023-09-07 14:10:00+08:00,0.0,0.16261957585811615,0.47647419571876526,0.5680457353591919,SIMULATED_TRUTH,dimensionless_index_0_1
dual_center,8101,2023-09-07 14:15:00+08:00,0.0,0.17137789726257324,0.5000195503234863,0.5902730226516724,SIMULATED_TRUTH,dimensionless_index_0_1
dual_center,8101,2023-09-07 14:20:00+08:00,0.0,0.17887108027935028,0.5230954885482788,0.6114434599876404,SIMULATED_TRUTH,dimensionless_index_0_1
dual_center,8101,2023-09-07 14:25:00+08:00,0.0,0.18603716790676117,0.545123279094696,0.6316072344779968,SIMULATED_TRUTH,dimensionless_index_0_1
dual_center,8101,2023-09-07 14:30:00+08:00,0.0,0.19289250671863556,0.5666134357452393,0.6508122682571411,SIMULATED_TRUTH,dimensionless_index_0_1
dual_center,8101,2023-09-07 14:35:00+08:00,0.0,0.19716595113277435,0.5834634900093079,0.6683156490325928,SIMULATED_TRUTH,dimensionless_index_0_1
dual_center,8101,2023-09-07 14:40:00+08:00,0.0,0.2012779414653778,0.6005651354789734,0.686028778553009,SIMULATED_TRUTH,dimensionless_index_0_1
dual_center,8101,2023-09-07 14:45:00+08:00,0.0,0.20523414015769958,0.6169520020484924,0.7037448287010193,SIMULATED_TRUTH,dimensionless_index_0_1
dual_center,8102,2023-09-07 12:00:00+08:00,0.0,0.0,0.0,0.0,SIMULATED_TRUTH,dimensionless_index_0_1
dual_center,8102,2023-09-07 12:05:00+08:00,0.0,0.0018844534642994404,0.004051278345286846,0.008733793161809444,SIMULATED_TRUTH,dimensionless_index_0_1
dual_center,8102,2023-09-07 12:10:00+08:00,0.0,0.0036738754715770483,0.007900100201368332,0.01626497320830822,SIMULATED_TRUTH,dimensionless_index_0_1
dual_center,8102,2023-09-07 12:15:00+08:00,0.0,0.005374368745833635,0.011555975303053856,0.02275913394987583,SIMULATED_TRUTH,dimensionless_index_0_1
dual_center,8102,2023-09-07 12:20:00+08:00,0.0,0.0077410112135112286,0.01777815632522106,0.034237395972013474,SIMULATED_TRUTH,dimensionless_index_0_1
dual_center,8102,2023-09-07 12:25:00+08:00,0.0,0.009990779682993889,0.023766156286001205,0.044135138392448425,SIMULATED_TRUTH,dimensionless_index_0_1
dual_center,8102,2023-09-07 12:30:00+08:00,0.0,0.012130916118621826,0.029487784951925278,0.05266999453306198,SIMULATED_TRUTH,dimensionless_index_0_1
dual_center,8102,2023-09-07 12:35:00+08:00,0.0,0.015588372014462948,0.03993331640958786,0.07036227732896805,SIMULATED_TRUTH,dimensionless_index_0_1
dual_center,8102,2023-09-07 12:40:00+08:00,0.0,0.018875617533922195,0.04973394051194191,0.08561839163303375,SIMULATED_TRUTH,dimensionless_index_0_1
dual_center,8102,2023-09-07 12:45:00+08:00,0.0,0.022003114223480225,0.059059955179691315,0.09877379238605499,SIMULATED_TRUTH,dimensionless_index_0_1
dual_center,8102,2023-09-07 12:50:00+08:00,0.0,0.026888089254498482,0.07429780811071396,0.12249438464641571,SIMULATED_TRUTH,dimensionless_index_0_1
dual_center,8102,2023-09-07 12:55:00+08:00,0.0,0.03153315186500549,0.08899097889661789,0.143497496843338,SIMULATED_TRUTH,dimensionless_index_0_1
dual_center,8102,2023-09-07 13:00:00+08:00,0.0,0.03595295175909996,0.10308173298835754,0.1619301736354828,SIMULATED_TRUTH,dimensionless_index_0_1
dual_center,8102,2023-09-07 13:05:00+08:00,0.0,0.04301270470023155,0.12608659267425537,0.19650977849960327,SIMULATED_TRUTH,dimensionless_index_0_1
dual_center,8102,2023-09-07 13:10:00+08:00,0.0,0.04972570389509201,0.14841711521148682,0.22624820470809937,SIMULATED_TRUTH,dimensionless_index_0_1
dual_center,8102,2023-09-07 13:15:00+08:00,0.0,0.05611308664083481,0.16925974190235138,0.2522789239883423,SIMULATED_TRUTH,dimensionless_index_0_1
dual_center,8102,2023-09-07 13:20:00+08:00,0.0,0.0656362920999527,0.20029348134994507,0.2910800874233246,SIMULATED_TRUTH,dimensionless_index_0_1
dual_center,8102,2023-09-07 13:25:00+08:00,0.0,0.0746937245130539,0.23004454374313354,0.32712191343307495,SIMULATED_TRUTH,dimensionless_index_0_1
dual_center,8102,2023-09-07 13:30:00+08:00,0.0,0.08331352472305298,0.2587960660457611,0.36060062050819397,SIMULATED_TRUTH,dimensionless_index_0_1
dual_center,8102,2023-09-07 13:35:00+08:00,0.0,0.09382457286119461,0.2907109558582306,0.3916984796524048,SIMULATED_TRUTH,dimensionless_index_0_1
dual_center,8102,2023-09-07 13:40:00+08:00,0.0,0.10382925719022751,0.32100290060043335,0.4205847978591919,SIMULATED_TRUTH,dimensionless_index_0_1
dual_center,8102,2023-09-07 13:45:00+08:00,0.0,0.11335748434066772,0.3501341938972473,0.44741687178611755,SIMULATED_TRUTH,dimensionless_index_0_1
dual_center,8102,2023-09-07 13:50:00+08:00,0.0,0.12396207451820374,0.37835434079170227,0.47366398572921753,SIMULATED_TRUTH,dimensionless_index_0_1
dual_center,8102,2023-09-07 13:55:00+08:00,0.0,0.1340656876564026,0.4049891531467438,0.49965688586235046,SIMULATED_TRUTH,dimensionless_index_0_1
dual_center,8102,2023-09-07 14:00:00+08:00,0.0,0.14369706809520721,0.43041953444480896,0.5242450833320618,SIMULATED_TRUTH,dimensionless_index_0_1
dual_center,8102,2023-09-07 14:05:00+08:00,0.0,0.1533164381980896,0.45513367652893066,0.5475045442581177,SIMULATED_TRUTH,dimensionless_index_0_1
dual_center,8102,2023-09-07 14:10:00+08:00,0.0,0.16249418258666992,0.4786560535430908,0.5699909925460815,SIMULATED_TRUTH,dimensionless_index_0_1
dual_center,8102,2023-09-07 14:15:00+08:00,0.0,0.1712544858455658,0.502480685710907,0.5921257734298706,SIMULATED_TRUTH,dimensionless_index_0_1
dual_center,8102,2023-09-07 14:20:00+08:00,0.0,0.17877636849880219,0.5254856944084167,0.6132081151008606,SIMULATED_TRUTH,dimensionless_index_0_1
dual_center,8102,2023-09-07 14:25:00+08:00,0.0,0.1859695017337799,0.5473434329032898,0.6332880258560181,SIMULATED_TRUTH,dimensionless_index_0_1
dual_center,8102,2023-09-07 14:30:00+08:00,0.0,0.19285035133361816,0.5687837600708008,0.6524131298065186,SIMULATED_TRUTH,dimensionless_index_0_1
dual_center,8102,2023-09-07 14:35:00+08:00,0.0,0.19714424014091492,0.584586501121521,0.6683529615402222,SIMULATED_TRUTH,dimensionless_index_0_1
dual_center,8102,2023-09-07 14:40:00+08:00,0.0,0.20127546787261963,0.5998069047927856,0.6854099035263062,SIMULATED_TRUTH,dimensionless_index_0_1
dual_center,8102,2023-09-07 14:45:00+08:00,0.0,0.20524977147579193,0.6142767667770386,0.7027475833892822,SIMULATED_TRUTH,dimensionless_index_0_1
dual_center,8103,2023-09-07 12:00:00+08:00,0.0,0.0,0.0,0.0,SIMULATED_TRUTH,dimensionless_index_0_1
dual_center,8103,2023-09-07 12:05:00+08:00,0.0,0.001887321239337325,0.004071091767400503,0.008695204742252827,SIMULATED_TRUTH,dimensionless_index_0_1
dual_center,8103,2023-09-07 12:10:00+08:00,0.0,0.0036794242914766073,0.007942169904708862,0.01619310863316059,SIMULATED_TRUTH,dimensionless_index_0_1
dual_center,8103,2023-09-07 12:15:00+08:00,0.0,0.00538242980837822,0.011625485494732857,0.02265857718884945,SIMULATED_TRUTH,dimensionless_index_0_1
dual_center,8103,2023-09-07 12:20:00+08:00,0.0,0.007753531448543072,0.017835503444075584,0.034295983612537384,SIMULATED_TRUTH,dimensionless_index_0_1
dual_center,8103,2023-09-07 12:25:00+08:00,0.0,0.010007481090724468,0.02377474494278431,0.04444500803947449,SIMULATED_TRUTH,dimensionless_index_0_1
dual_center,8103,2023-09-07 12:30:00+08:00,0.0,0.012151544913649559,0.029484214261174202,0.05317315831780434,SIMULATED_TRUTH,dimensionless_index_0_1
dual_center,8103,2023-09-07 12:35:00+08:00,0.0,0.015616183169186115,0.0398978628218174,0.07215314358472824,SIMULATED_TRUTH,dimensionless_index_0_1
dual_center,8103,2023-09-07 12:40:00+08:00,0.0,0.018910164013504982,0.04974450543522835,0.08847590535879135,SIMULATED_TRUTH,dimensionless_index_0_1
dual_center,8103,2023-09-07 12:45:00+08:00,0.0,0.022043989971280098,0.05908086895942688,0.10251346230506897,SIMULATED_TRUTH,dimensionless_index_0_1
dual_center,8103,2023-09-07 12:50:00+08:00,0.0,0.026938797906041145,0.07465025782585144,0.12893636524677277,SIMULATED_TRUTH,dimensionless_index_0_1
dual_center,8103,2023-09-07 12:55:00+08:00,0.0,0.03159308806061745,0.08939351886510849,0.1516600251197815,SIMULATED_TRUTH,dimensionless_index_0_1
dual_center,8103,2023-09-07 13:00:00+08:00,0.0,0.036021552979946136,0.10347449779510498,0.17120234668254852,SIMULATED_TRUTH,dimensionless_index_0_1
dual_center,8103,2023-09-07 13:05:00+08:00,0.0,0.0430946908891201,0.1270453780889511,0.2078850120306015,SIMULATED_TRUTH,dimensionless_index_0_1
dual_center,8103,2023-09-07 13:10:00+08:00,0.0,0.04982022941112518,0.1498369574546814,0.23943206667900085,SIMULATED_TRUTH,dimensionless_index_0_1
dual_center,8103,2023-09-07 13:15:00+08:00,0.0,0.05621939152479172,0.1712561547756195,0.26693519949913025,SIMULATED_TRUTH,dimensionless_index_0_1
dual_center,8103,2023-09-07 13:20:00+08:00,0.0,0.06574922800064087,0.2044191062450409,0.3046940863132477,SIMULATED_TRUTH,dimensionless_index_0_1
dual_center,8103,2023-09-07 13:25:00+08:00,0.0,0.0748128816485405,0.23510302603244781,0.3397677540779114,SIMULATED_TRUTH,dimensionless_index_0_1
dual_center,8103,2023-09-07 13:30:00+08:00,0.0,0.08343854546546936,0.26395055651664734,0.3723471462726593,SIMULATED_TRUTH,dimensionless_index_0_1
dual_center,8103,2023-09-07 13:35:00+08:00,0.0,0.09389603137969971,0.29509052634239197,0.402609646320343,SIMULATED_TRUTH,dimensionless_index_0_1
dual_center,8103,2023-09-07 13:40:00+08:00,0.0,0.10384989529848099,0.32485583424568176,0.4307200312614441,SIMULATED_TRUTH,dimensionless_index_0_1
dual_center,8103,2023-09-07 13:45:00+08:00,0.0,0.11332986503839493,0.3532692492008209,0.45683133602142334,SIMULATED_TRUTH,dimensionless_index_0_1
dual_center,8103,2023-09-07 13:50:00+08:00,0.0,0.12390217930078506,0.3813517987728119,0.48329082131385803,SIMULATED_TRUTH,dimensionless_index_0_1
dual_center,8103,2023-09-07 13:55:00+08:00,0.0,0.13397514820098877,0.4074626564979553,0.5087634921073914,SIMULATED_TRUTH,dimensionless_index_0_1
dual_center,8103,2023-09-07 14:00:00+08:00,0.0,0.14357739686965942,0.4331733286380768,0.5328595638275146,SIMULATED_TRUTH,dimensionless_index_0_1
dual_center,8103,2023-09-07 14:05:00+08:00,0.0,0.15318164229393005,0.45733270049095154,0.5556535124778748,SIMULATED_TRUTH,dimensionless_index_0_1
dual_center,8103,2023-09-07 14:10:00+08:00,0.0,0.1623450666666031,0.48053351044654846,0.578122615814209,SIMULATED_TRUTH,dimensionless_index_0_1
dual_center,8103,2023-09-07 14:15:00+08:00,0.0,0.1710917204618454,0.5043413639068604,0.5998708009719849,SIMULATED_TRUTH,dimensionless_index_0_1
dual_center,8103,2023-09-07 14:20:00+08:00,0.0,0.17857451736927032,0.5270814895629883,0.6205848455429077,SIMULATED_TRUTH,dimensionless_index_0_1
dual_center,8103,2023-09-07 14:25:00+08:00,0.0,0.1857304573059082,0.5495787858963013,0.640313982963562,SIMULATED_TRUTH,dimensionless_index_0_1
dual_center,8103,2023-09-07 14:30:00+08:00,0.0,0.19257588684558868,0.5704801082611084,0.6591050624847412,SIMULATED_TRUTH,dimensionless_index_0_1
dual_center,8103,2023-09-07 14:35:00+08:00,0.0,0.19687597453594208,0.587710976600647,0.6699350476264954,SIMULATED_TRUTH,dimensionless_index_0_1
dual_center,8103,2023-09-07 14:40:00+08:00,0.0,0.20101289451122284,0.6048377156257629,0.684044599533081,SIMULATED_TRUTH,dimensionless_index_0_1
dual_center,8103,2023-09-07 14:45:00+08:00,0.0,0.20499242842197418,0.6196975708007812,0.7012178301811218,SIMULATED_TRUTH,dimensionless_index_0_1
dual_center,8104,2023-09-07 12:00:00+08:00,0.0,0.0,0.0,0.0,SIMULATED_TRUTH,dimensionless_index_0_1
dual_center,8104,2023-09-07 12:05:00+08:00,0.0,0.001884528319351375,0.004092399030923843,0.008652430959045887,SIMULATED_TRUTH,dimensionless_index_0_1
dual_center,8104,2023-09-07 12:10:00+08:00,0.0,0.0036740268114954233,0.007960924878716469,0.01612415723502636,SIMULATED_TRUTH,dimensionless_index_0_1
dual_center,8104,2023-09-07 12:15:00+08:00,0.0,0.005374596454203129,0.011649043299257755,0.022591710090637207,SIMULATED_TRUTH,dimensionless_index_0_1
dual_center,8104,2023-09-07 12:20:00+08:00,0.0,0.0077412487007677555,0.01778205670416355,0.03390116989612579,SIMULATED_TRUTH,dimensionless_index_0_1
dual_center,8104,2023-09-07 12:25:00+08:00,0.0,0.00999103020876646,0.023620858788490295,0.04381241276860237,SIMULATED_TRUTH,dimensionless_index_0_1
dual_center,8104,2023-09-07 12:30:00+08:00,0.0,0.01213118340820074,0.029122063890099525,0.05240807309746742,SIMULATED_TRUTH,dimensionless_index_0_1
dual_center,8104,2023-09-07 12:35:00+08:00,0.0,0.01558816060423851,0.0394052229821682,0.07108119130134583,SIMULATED_TRUTH,dimensionless_index_0_1
dual_center,8104,2023-09-07 12:40:00+08:00,0.0,0.01887495443224907,0.049179501831531525,0.0871400535106659,SIMULATED_TRUTH,dimensionless_index_0_1
dual_center,8104,2023-09-07 12:45:00+08:00,0.0,0.022002022713422775,0.05845991522073746,0.10095065087080002,SIMULATED_TRUTH,dimensionless_index_0_1
dual_center,8104,2023-09-07 12:50:00+08:00,0.0,0.026884974911808968,0.0739487037062645,0.12693707644939423,SIMULATED_TRUTH,dimensionless_index_0_1
dual_center,8104,2023-09-07 12:55:00+08:00,0.0,0.031528111547231674,0.08863542228937149,0.14928536117076874,SIMULATED_TRUTH,dimensionless_index_0_1
dual_center,8104,2023-09-07 13:00:00+08:00,0.0,0.0359460711479187,0.10248883068561554,0.16850486397743225,SIMULATED_TRUTH,dimensionless_index_0_1
dual_center,8104,2023-09-07 13:05:00+08:00,0.0,0.04300003498792648,0.12509171664714813,0.20457570254802704,SIMULATED_TRUTH,dimensionless_index_0_1
dual_center,8104,2023-09-07 13:10:00+08:00,0.0,0.049707528203725815,0.1467404067516327,0.23559658229351044,SIMULATED_TRUTH,dimensionless_index_0_1
dual_center,8104,2023-09-07 13:15:00+08:00,0.0,0.05608965456485748,0.16736163198947906,0.2626713514328003,SIMULATED_TRUTH,dimensionless_index_0_1
dual_center,8104,2023-09-07 13:20:00+08:00,0.0,0.06556814163923264,0.19767315685749054,0.3007334768772125,SIMULATED_TRUTH,dimensionless_index_0_1
dual_center,8104,2023-09-07 13:25:00+08:00,0.0,0.07458309829235077,0.22707542777061462,0.33608880639076233,SIMULATED_TRUTH,dimensionless_index_0_1
dual_center,8104,2023-09-07 13:30:00+08:00,0.0,0.08316253125667572,0.25558680295944214,0.36892983317375183,SIMULATED_TRUTH,dimensionless_index_0_1
dual_center,8104,2023-09-07 13:35:00+08:00,0.0,0.09362635016441345,0.28784388303756714,0.3994353711605072,SIMULATED_TRUTH,dimensionless_index_0_1
dual_center,8104,2023-09-07 13:40:00+08:00,0.0,0.10358554124832153,0.3186532258987427,0.4277714788913727,SIMULATED_TRUTH,dimensionless_index_0_1
dual_center,8104,2023-09-07 13:45:00+08:00,0.0,0.11306997388601303,0.34864139556884766,0.45409247279167175,SIMULATED_TRUTH,dimensionless_index_0_1
dual_center,8104,2023-09-07 13:50:00+08:00,0.0,0.12365489453077316,0.3765345513820648,0.480490118265152,SIMULATED_TRUTH,dimensionless_index_0_1
dual_center,8104,2023-09-07 13:55:00+08:00,0.0,0.13373912870883942,0.40380483865737915,0.50611412525177,SIMULATED_TRUTH,dimensionless_index_0_1
dual_center,8104,2023-09-07 14:00:00+08:00,0.0,0.1433514654636383,0.42942386865615845,0.5303534269332886,SIMULATED_TRUTH,dimensionless_index_0_1
dual_center,8104,2023-09-07 14:05:00+08:00,0.0,0.15295493602752686,0.45407983660697937,0.5532827973365784,SIMULATED_TRUTH,dimensionless_index_0_1
dual_center,8104,2023-09-07 14:10:00+08:00,0.0,0.16211704909801483,0.477568656206131,0.5757569074630737,SIMULATED_TRUTH,dimensionless_index_0_1
dual_center,8104,2023-09-07 14:15:00+08:00,0.0,0.17086200416088104,0.5009480714797974,0.5976175665855408,SIMULATED_TRUTH,dimensionless_index_0_1
dual_center,8104,2023-09-07 14:20:00+08:00,0.0,0.17834590375423431,0.5233700275421143,0.6184387803077698,SIMULATED_TRUTH,dimensionless_index_0_1
dual_center,8104,2023-09-07 14:25:00+08:00,0.0,0.18550260365009308,0.545196533203125,0.6382699608802795,SIMULATED_TRUTH,dimensionless_index_0_1
dual_center,8104,2023-09-07 14:30:00+08:00,0.0,0.1923484355211258,0.5658107995986938,0.6571581959724426,SIMULATED_TRUTH,dimensionless_index_0_1
dual_center,8104,2023-09-07 14:35:00+08:00,0.0,0.19660547375679016,0.5826340317726135,0.6676015257835388,SIMULATED_TRUTH,dimensionless_index_0_1
dual_center,8104,2023-09-07 14:40:00+08:00,0.0,0.20070171356201172,0.5995510816574097,0.6846990585327148,SIMULATED_TRUTH,dimensionless_index_0_1
dual_center,8104,2023-09-07 14:45:00+08:00,0.0,0.20464275777339935,0.6156869530677795,0.7015333771705627,SIMULATED_TRUTH,dimensionless_index_0_1
dual_center,8105,2023-09-07 12:00:00+08:00,0.0,0.0,0.0,0.0,SIMULATED_TRUTH,dimensionless_index_0_1
dual_center,8105,2023-09-07 12:05:00+08:00,0.0,0.0018905488541349769,0.0041030156426131725,0.008861531503498554,SIMULATED_TRUTH,dimensionless_index_0_1
dual_center,8105,2023-09-07 12:10:00+08:00,0.0,0.003685763804242015,0.00801309384405613,0.016502859070897102,SIMULATED_TRUTH,dimensionless_index_0_1
dual_center,8105,2023-09-07 12:15:00+08:00,0.0,0.00539176631718874,0.011701781302690506,0.023092001676559448,SIMULATED_TRUTH,dimensionless_index_0_1
dual_center,8105,2023-09-07 12:20:00+08:00,0.0,0.0077690198086202145,0.017914893105626106,0.034757476300001144,SIMULATED_TRUTH,dimensionless_index_0_1
dual_center,8105,2023-09-07 12:25:00+08:00,0.0,0.010028880089521408,0.023821284994482994,0.04481665417551994,SIMULATED_TRUTH,dimensionless_index_0_1
dual_center,8105,2023-09-07 12:30:00+08:00,0.0,0.012178625911474228,0.02940230257809162,0.053490716964006424,SIMULATED_TRUTH,dimensionless_index_0_1
dual_center,8105,2023-09-07 12:35:00+08:00,0.0,0.015655025839805603,0.03968191146850586,0.07148623466491699,SIMULATED_TRUTH,dimensionless_index_0_1
dual_center,8105,2023-09-07 12:40:00+08:00,0.0,0.018960293382406235,0.04945046454668045,0.08741334080696106,SIMULATED_TRUTH,dimensionless_index_0_1
dual_center,8105,2023-09-07 12:45:00+08:00,0.0,0.02210494875907898,0.058832187205553055,0.10127037018537521,SIMULATED_TRUTH,dimensionless_index_0_1
dual_center,8105,2023-09-07 12:50:00+08:00,0.0,0.027018720284104347,0.07442127168178558,0.12734608352184296,SIMULATED_TRUTH,dimensionless_index_0_1
dual_center,8105,2023-09-07 12:55:00+08:00,0.0,0.03169118985533714,0.0893198549747467,0.14977116882801056,SIMULATED_TRUTH,dimensionless_index_0_1
dual_center,8105,2023-09-07 13:00:00+08:00,0.0,0.03613708168268204,0.10339635610580444,0.1690567135810852,SIMULATED_TRUTH,dimensionless_index_0_1
dual_center,8105,2023-09-07 13:05:00+08:00,0.0,0.043239615857601166,0.1259716898202896,0.2052527219057083,SIMULATED_TRUTH,dimensionless_index_0_1
dual_center,8105,2023-09-07 13:10:00+08:00,0.0,0.049993328750133514,0.1472836136817932,0.23638124763965607,SIMULATED_TRUTH,dimensionless_index_0_1
dual_center,8105,2023-09-07 13:15:00+08:00,0.0,0.056419488042593,0.16718487441539764,0.26354366540908813,SIMULATED_TRUTH,dimensionless_index_0_1
dual_center,8105,2023-09-07 13:20:00+08:00,0.0,0.06596598774194717,0.19680024683475494,0.3015437424182892,SIMULATED_TRUTH,dimensionless_index_0_1
dual_center,8105,2023-09-07 13:25:00+08:00,0.0,0.07504568248987198,0.2260049283504486,0.3368414342403412,SIMULATED_TRUTH,dimensionless_index_0_1
dual_center,8105,2023-09-07 13:30:00+08:00,0.0,0.08368677645921707,0.25413304567337036,0.3696289360523224,SIMULATED_TRUTH,dimensionless_index_0_1
dual_center,8105,2023-09-07 13:35:00+08:00,0.0,0.09422267973423004,0.2869335114955902,0.4000847339630127,SIMULATED_TRUTH,dimensionless_index_0_1
dual_center,8105,2023-09-07 13:40:00+08:00,0.0,0.1042509377002716,0.3177868127822876,0.42837467789649963,SIMULATED_TRUTH,dimensionless_index_0_1
dual_center,8105,2023-09-07 13:45:00+08:00,0.0,0.11380155384540558,0.34745731949806213,0.4546527862548828,SIMULATED_TRUTH,dimensionless_index_0_1
dual_center,8105,2023-09-07 13:50:00+08:00,0.0,0.12441311031579971,0.37597939372062683,0.4810631275177002,SIMULATED_TRUTH,dimensionless_index_0_1
dual_center,8105,2023-09-07 13:55:00+08:00,0.0,0.13452346622943878,0.40331533551216125,0.5066561698913574,SIMULATED_TRUTH,dimensionless_index_0_1
dual_center,8105,2023-09-07 14:00:00+08:00,0.0,0.14416132867336273,0.4287338852882385,0.5308661460876465,SIMULATED_TRUTH,dimensionless_index_0_1
dual_center,8105,2023-09-07 14:05:00+08:00,0.0,0.15378844738006592,0.453696608543396,0.5537678003311157,SIMULATED_TRUTH,dimensionless_index_0_1
dual_center,8105,2023-09-07 14:10:00+08:00,0.0,0.16297364234924316,0.47807735204696655,0.5762408971786499,SIMULATED_TRUTH,dimensionless_index_0_1
dual_center,8105,2023-09-07 14:15:00+08:00,0.0,0.17174112796783447,0.5016124844551086,0.5980785489082336,SIMULATED_TRUTH,dimensionless_index_0_1
dual_center,8105,2023-09-07 14:20:00+08:00,0.0,0.1792609989643097,0.5248115658760071,0.6188778281211853,SIMULATED_TRUTH,dimensionless_index_0_1
dual_center,8105,2023-09-07 14:25:00+08:00,0.0,0.18645228445529938,0.5464819669723511,0.6386881470680237,SIMULATED_TRUTH,dimensionless_index_0_1
dual_center,8105,2023-09-07 14:30:00+08:00,0.0,0.19333143532276154,0.5678372383117676,0.6575565338134766,SIMULATED_TRUTH,dimensionless_index_0_1
dual_center,8105,2023-09-07 14:35:00+08:00,0.0,0.19763460755348206,0.584457278251648,0.6679126620292664,SIMULATED_TRUTH,dimensionless_index_0_1
dual_center,8105,2023-09-07 14:40:00+08:00,0.0,0.20177480578422546,0.601249635219574,0.6852250099182129,SIMULATED_TRUTH,dimensionless_index_0_1
dual_center,8105,2023-09-07 14:45:00+08:00,0.0,0.2057577669620514,0.6163269877433777,0.7029567956924438,SIMULATED_TRUTH,dimensionless_index_0_1
dual_center,8106,2023-09-07 12:00:00+08:00,0.0,0.0,0.0,0.0,SIMULATED_TRUTH,dimensionless_index_0_1
dual_center,8106,2023-09-07 12:05:00+08:00,0.0,0.001890930812805891,0.004111743066459894,0.008938328363001347,SIMULATED_TRUTH,dimensionless_index_0_1
dual_center,8106,2023-09-07 12:10:00+08:00,0.0,0.003686486976221204,0.008007580414414406,0.016645878553390503,SIMULATED_TRUTH,dimensionless_index_0_1
dual_center,8106,2023-09-07 12:15:00+08:00,0.0,0.005392794031649828,0.011726759374141693,0.02329212613403797,SIMULATED_TRUTH,dimensionless_index_0_1
dual_center,8106,2023-09-07 12:20:00+08:00,0.0,0.007770666852593422,0.017930885776877403,0.03507255017757416,SIMULATED_TRUTH,dimensionless_index_0_1
dual_center,8106,2023-09-07 12:25:00+08:00,0.0,0.010031096637248993,0.023880446329712868,0.04523084685206413,SIMULATED_TRUTH,dimensionless_index_0_1
dual_center,8106,2023-09-07 12:30:00+08:00,0.0,0.012181363999843597,0.029571566730737686,0.053990382701158524,SIMULATED_TRUTH,dimensionless_index_0_1
dual_center,8106,2023-09-07 12:35:00+08:00,0.0,0.015658706426620483,0.040140777826309204,0.07217583060264587,SIMULATED_TRUTH,dimensionless_index_0_1
dual_center,8106,2023-09-07 12:40:00+08:00,0.0,0.01896485686302185,0.050113778561353683,0.0878572091460228,SIMULATED_TRUTH,dimensionless_index_0_1
dual_center,8106,2023-09-07 12:45:00+08:00,0.0,0.022110341116786003,0.059492532163858414,0.10137931257486343,SIMULATED_TRUTH,dimensionless_index_0_1
dual_center,8106,2023-09-07 12:50:00+08:00,0.0,0.02702496014535427,0.0750323012471199,0.1257726550102234,SIMULATED_TRUTH,dimensionless_index_0_1
dual_center,8106,2023-09-07 12:55:00+08:00,0.0,0.03169824555516243,0.08985656499862671,0.14680710434913635,SIMULATED_TRUTH,dimensionless_index_0_1
dual_center,8106,2023-09-07 13:00:00+08:00,0.0,0.0361449271440506,0.10381686687469482,0.16494518518447876,SIMULATED_TRUTH,dimensionless_index_0_1
dual_center,8106,2023-09-07 13:05:00+08:00,0.0,0.04324722662568092,0.12742741405963898,0.19797077775001526,SIMULATED_TRUTH,dimensionless_index_0_1
dual_center,8106,2023-09-07 13:10:00+08:00,0.0,0.050000760704278946,0.14986543357372284,0.2268136441707611,SIMULATED_TRUTH,dimensionless_index_0_1
dual_center,8106,2023-09-07 13:15:00+08:00,0.0,0.05642678588628769,0.17158547043800354,0.2531811594963074,SIMULATED_TRUTH,dimensionless_index_0_1
dual_center,8106,2023-09-07 13:20:00+08:00,0.0,0.06600905954837799,0.20456795394420624,0.2889663577079773,SIMULATED_TRUTH,dimensionless_index_0_1
dual_center,8106,2023-09-07 13:25:00+08:00,0.0,0.07512252777814865,0.23554642498493195,0.3209102749824524,SIMULATED_TRUTH,dimensionless_index_0_1
dual_center,8106,2023-09-07 13:30:00+08:00,0.0,0.08379554748535156,0.26521530747413635,0.3533429801464081,SIMULATED_TRUTH,dimensionless_index_0_1
dual_center,8106,2023-09-07 13:35:00+08:00,0.0,0.09429923444986343,0.2969323694705963,0.384956955909729,SIMULATED_TRUTH,dimensionless_index_0_1
dual_center,8106,2023-09-07 13:40:00+08:00,0.0,0.10429690778255463,0.32718896865844727,0.41432270407676697,SIMULATED_TRUTH,dimensionless_index_0_1
dual_center,8106,2023-09-07 13:45:00+08:00,0.0,0.1138184666633606,0.35594645142555237,0.44160011410713196,SIMULATED_TRUTH,dimensionless_index_0_1
dual_center,8106,2023-09-07 13:50:00+08:00,0.0,0.12441422045230865,0.38338416814804077,0.4677160084247589,SIMULATED_TRUTH,dimensionless_index_0_1
dual_center,8106,2023-09-07 13:55:00+08:00,0.0,0.1345093548297882,0.40982094407081604,0.4948265552520752,SIMULATED_TRUTH,dimensionless_index_0_1
dual_center,8106,2023-09-07 14:00:00+08:00,0.0,0.1441325843334198,0.43515872955322266,0.5212609767913818,SIMULATED_TRUTH,dimensionless_index_0_1
dual_center,8106,2023-09-07 14:05:00+08:00,0.0,0.15373149514198303,0.45950156450271606,0.5462668538093567,SIMULATED_TRUTH,dimensionless_index_0_1
dual_center,8106,2023-09-07 14:10:00+08:00,0.0,0.1628897339105606,0.4835793972015381,0.5699213743209839,SIMULATED_TRUTH,dimensionless_index_0_1
dual_center,8106,2023-09-07 14:15:00+08:00,0.0,0.17163141071796417,0.5074635744094849,0.5922976136207581,SIMULATED_TRUTH,dimensionless_index_0_1
dual_center,8106,2023-09-07 14:20:00+08:00,0.0,0.17912036180496216,0.5289118885993958,0.6134646534919739,SIMULATED_TRUTH,dimensionless_index_0_1
dual_center,8106,2023-09-07 14:25:00+08:00,0.0,0.18628235161304474,0.5500677227973938,0.6334877610206604,SIMULATED_TRUTH,dimensionless_index_0_1
dual_center,8106,2023-09-07 14:30:00+08:00,0.0,0.1931336671113968,0.571115255355835,0.6524288654327393,SIMULATED_TRUTH,dimensionless_index_0_1
dual_center,8106,2023-09-07 14:35:00+08:00,0.0,0.19740848243236542,0.5881035923957825,0.6703463792800903,SIMULATED_TRUTH,dimensionless_index_0_1
dual_center,8106,2023-09-07 14:40:00+08:00,0.0,0.20152170956134796,0.6046556234359741,0.6872956156730652,SIMULATED_TRUTH,dimensionless_index_0_1
dual_center,8106,2023-09-07 14:45:00+08:00,0.0,0.2054789960384369,0.6203972697257996,0.7033289074897766,SIMULATED_TRUTH,dimensionless_index_0_1
dual_center,8107,2023-09-07 12:00:00+08:00,0.0,0.0,0.0,0.0,SIMULATED_TRUTH,dimensionless_index_0_1
dual_center,8107,2023-09-07 12:05:00+08:00,0.0,0.001885642996057868,0.004076213575899601,0.008508658967912197,SIMULATED_TRUTH,dimensionless_index_0_1
dual_center,8107,2023-09-07 12:10:00+08:00,0.0,0.003676158841699362,0.007953401654958725,0.015867652371525764,SIMULATED_TRUTH,dimensionless_index_0_1
dual_center,8107,2023-09-07 12:15:00+08:00,0.0,0.005377660039812326,0.011646454222500324,0.02223231829702854,SIMULATED_TRUTH,dimensionless_index_0_1
dual_center,8107,2023-09-07 12:20:00+08:00,0.0,0.007745858281850815,0.01787683367729187,0.0329679399728775,SIMULATED_TRUTH,dimensionless_index_0_1
dual_center,8107,2023-09-07 12:25:00+08:00,0.0,0.009997052140533924,0.02382238395512104,0.04240228235721588,SIMULATED_TRUTH,dimensionless_index_0_1
dual_center,8107,2023-09-07 12:30:00+08:00,0.0,0.012138502672314644,0.029443195089697838,0.05057989060878754,SIMULATED_TRUTH,dimensionless_index_0_1
dual_center,8107,2023-09-07 12:35:00+08:00,0.0,0.015597880817949772,0.03979858011007309,0.06821846961975098,SIMULATED_TRUTH,dimensionless_index_0_1
dual_center,8107,2023-09-07 12:40:00+08:00,0.0,0.0188868697732687,0.04966661334037781,0.08357255160808563,SIMULATED_TRUTH,dimensionless_index_0_1
dual_center,8107,2023-09-07 12:45:00+08:00,0.0,0.022015947848558426,0.059042178094387054,0.09677704423666,SIMULATED_TRUTH,dimensionless_index_0_1
dual_center,8107,2023-09-07 12:50:00+08:00,0.0,0.02690240368247032,0.07449597120285034,0.12159782648086548,SIMULATED_TRUTH,dimensionless_index_0_1
dual_center,8107,2023-09-07 12:55:00+08:00,0.0,0.031548742204904556,0.08907594531774521,0.14294366538524628,SIMULATED_TRUTH,dimensionless_index_0_1
dual_center,8107,2023-09-07 13:00:00+08:00,0.0,0.035969652235507965,0.10309701412916183,0.16130106151103973,SIMULATED_TRUTH,dimensionless_index_0_1
dual_center,8107,2023-09-07 13:05:00+08:00,0.0,0.043029334396123886,0.1257520616054535,0.19573797285556793,SIMULATED_TRUTH,dimensionless_index_0_1
dual_center,8107,2023-09-07 13:10:00+08:00,0.0,0.04974208399653435,0.14756819605827332,0.2253536731004715,SIMULATED_TRUTH,dimensionless_index_0_1
dual_center,8107,2023-09-07 13:15:00+08:00,0.0,0.056129056960344315,0.16854475438594818,0.25128450989723206,SIMULATED_TRUTH,dimensionless_index_0_1
dual_center,8107,2023-09-07 13:20:00+08:00,0.0,0.06565737724304199,0.1996414065361023,0.29015639424324036,SIMULATED_TRUTH,dimensionless_index_0_1
dual_center,8107,2023-09-07 13:25:00+08:00,0.0,0.07471946626901627,0.2292078137397766,0.3262639045715332,SIMULATED_TRUTH,dimensionless_index_0_1
dual_center,8107,2023-09-07 13:30:00+08:00,0.0,0.08334355056285858,0.2571633756160736,0.35980361700057983,SIMULATED_TRUTH,dimensionless_index_0_1
dual_center,8107,2023-09-07 13:35:00+08:00,0.0,0.09387523680925369,0.2888728976249695,0.39095816016197205,SIMULATED_TRUTH,dimensionless_index_0_1
dual_center,8107,2023-09-07 13:40:00+08:00,0.0,0.10389895737171173,0.31902337074279785,0.4198971390724182,SIMULATED_TRUTH,dimensionless_index_0_1
dual_center,8107,2023-09-07 13:45:00+08:00,0.0,0.11344478279352188,0.3474251329898834,0.4467781186103821,SIMULATED_TRUTH,dimensionless_index_0_1
dual_center,8107,2023-09-07 13:50:00+08:00,0.0,0.12406010180711746,0.37506890296936035,0.473010778427124,SIMULATED_TRUTH,dimensionless_index_0_1
dual_center,8107,2023-09-07 13:55:00+08:00,0.0,0.13417360186576843,0.40218743681907654,0.499038964509964,SIMULATED_TRUTH,dimensionless_index_0_1
dual_center,8107,2023-09-07 14:00:00+08:00,0.0,0.1438141018152237,0.4276426136493683,0.5236606001853943,SIMULATED_TRUTH,dimensionless_index_0_1
dual_center,8107,2023-09-07 14:05:00+08:00,0.0,0.15344655513763428,0.4521559476852417,0.5469516515731812,SIMULATED_TRUTH,dimensionless_index_0_1
dual_center,8107,2023-09-07 14:10:00+08:00,0.0,0.16263648867607117,0.47603437304496765,0.5694393515586853,SIMULATED_TRUTH,dimensionless_index_0_1
dual_center,8107,2023-09-07 14:15:00+08:00,0.0,0.17140822112560272,0.4993732273578644,0.5916003584861755,SIMULATED_TRUTH,dimensionless_index_0_1
dual_center,8107,2023-09-07 14:20:00+08:00,0.0,0.17890775203704834,0.5220874547958374,0.6127076745033264,SIMULATED_TRUTH,dimensionless_index_0_1
dual_center,8107,2023-09-07 14:25:00+08:00,0.0,0.18607966601848602,0.5443645119667053,0.6328113675117493,SIMULATED_TRUTH,dimensionless_index_0_1
dual_center,8107,2023-09-07 14:30:00+08:00,0.0,0.19294030964374542,0.5660653710365295,0.6519591808319092,SIMULATED_TRUTH,dimensionless_index_0_1
dual_center,8107,2023-09-07 14:35:00+08:00,0.0,0.19722093641757965,0.5845716595649719,0.6658906936645508,SIMULATED_TRUTH,dimensionless_index_0_1
dual_center,8107,2023-09-07 14:40:00+08:00,0.0,0.20133967697620392,0.6020100116729736,0.6836546659469604,SIMULATED_TRUTH,dimensionless_index_0_1
dual_center,8107,2023-09-07 14:45:00+08:00,0.0,0.2053021937608719,0.6171531677246094,0.7014171481132507,SIMULATED_TRUTH,dimensionless_index_0_1
dual_center,8108,2023-09-07 12:00:00+08:00,0.0,0.0,0.0,0.0,SIMULATED_TRUTH,dimensionless_index_0_1
dual_center,8108,2023-09-07 12:05:00+08:00,0.0,0.0018859559204429388,0.004096779972314835,0.00874233152717352,SIMULATED_TRUTH,dimensionless_index_0_1
dual_center,8108,2023-09-07 12:10:00+08:00,0.0,0.0036768163554370403,0.007992296479642391,0.016303423792123795,SIMULATED_TRUTH,dimensionless_index_0_1
dual_center,8108,2023-09-07 12:15:00+08:00,0.0,0.005378687288612127,0.011692557483911514,0.022842882201075554,SIMULATED_TRUTH,dimensionless_index_0_1
dual_center,8108,2023-09-07 12:20:00+08:00,0.0,0.007748057134449482,0.017816754058003426,0.034257546067237854,SIMULATED_TRUTH,dimensionless_index_0_1
dual_center,8108,2023-09-07 12:25:00+08:00,0.0,0.010000449605286121,0.02367366850376129,0.044394198805093765,SIMULATED_TRUTH,dimensionless_index_0_1
dual_center,8108,2023-09-07 12:30:00+08:00,0.0,0.012143108993768692,0.0292462557554245,0.05311170592904091,SIMULATED_TRUTH,dimensionless_index_0_1
dual_center,8108,2023-09-07 12:35:00+08:00,0.0,0.015605613589286804,0.039398208260536194,0.07206704467535019,SIMULATED_TRUTH,dimensionless_index_0_1
dual_center,8108,2023-09-07 12:40:00+08:00,0.0,0.018897728994488716,0.04914276674389839,0.08836860954761505,SIMULATED_TRUTH,dimensionless_index_0_1
dual_center,8108,2023-09-07 12:45:00+08:00,0.0,0.022029927000403404,0.05834341049194336,0.102387934923172,SIMULATED_TRUTH,dimensionless_index_0_1
dual_center,8108,2023-09-07 12:50:00+08:00,0.0,0.026922790333628654,0.07328015565872192,0.12877577543258667,SIMULATED_TRUTH,dimensionless_index_0_1
dual_center,8108,2023-09-07 12:55:00+08:00,0.0,0.03157548978924751,0.08764626085758209,0.15146929025650024,SIMULATED_TRUTH,dimensionless_index_0_1
dual_center,8108,2023-09-07 13:00:00+08:00,0.0,0.03600266948342323,0.10143483430147171,0.17098568379878998,SIMULATED_TRUTH,dimensionless_index_0_1
dual_center,8108,2023-09-07 13:05:00+08:00,0.0,0.04307430237531662,0.12380463629961014,0.20761922001838684,SIMULATED_TRUTH,dimensionless_index_0_1
dual_center,8108,2023-09-07 13:10:00+08:00,0.0,0.049798812717199326,0.14540281891822815,0.23912401497364044,SIMULATED_TRUTH,dimensionless_index_0_1
dual_center,8108,2023-09-07 13:15:00+08:00,0.0,0.05619735270738602,0.16594891250133514,0.26659274101257324,SIMULATED_TRUTH,dimensionless_index_0_1
dual_center,8108,2023-09-07 13:20:00+08:00,0.0,0.06571688503026962,0.19730612635612488,0.3043759763240814,SIMULATED_TRUTH,dimensionless_index_0_1
dual_center,8108,2023-09-07 13:25:00+08:00,0.0,0.07477127760648727,0.22725658118724823,0.3394722640514374,SIMULATED_TRUTH,dimensionless_index_0_1
dual_center,8108,2023-09-07 13:30:00+08:00,0.0,0.08338862657546997,0.25626271963119507,0.37207266688346863,SIMULATED_TRUTH,dimensionless_index_0_1
dual_center,8108,2023-09-07 13:35:00+08:00,0.0,0.09389710426330566,0.28880777955055237,0.4023546874523163,SIMULATED_TRUTH,dimensionless_index_0_1
dual_center,8108,2023-09-07 13:40:00+08:00,0.0,0.10389939695596695,0.3197619616985321,0.4304831922054291,SIMULATED_TRUTH,dimensionless_index_0_1
dual_center,8108,2023-09-07 13:45:00+08:00,0.0,0.11342539638280869,0.34924858808517456,0.4566113352775574,SIMULATED_TRUTH,dimensionless_index_0_1
dual_center,8108,2023-09-07 13:50:00+08:00,0.0,0.12403000146150589,0.37791043519973755,0.4830658435821533,SIMULATED_TRUTH,dimensionless_index_0_1
dual_center,8108,2023-09-07 13:55:00+08:00,0.0,0.1341336965560913,0.404635488986969,0.5085506439208984,SIMULATED_TRUTH,dimensionless_index_0_1
dual_center,8108,2023-09-07 14:00:00+08:00,0.0,0.14376521110534668,0.43054458498954773,0.5326582193374634,SIMULATED_TRUTH,dimensionless_index_0_1
dual_center,8108,2023-09-07 14:05:00+08:00,0.0,0.15339988470077515,0.4557758569717407,0.5554630160331726,SIMULATED_TRUTH,dimensionless_index_0_1
dual_center,8108,2023-09-07 14:10:00+08:00,0.0,0.1625923365354538,0.479280948638916,0.577932596206665,SIMULATED_TRUTH,dimensionless_index_0_1
dual_center,8108,2023-09-07 14:15:00+08:00,0.0,0.17136681079864502,0.5027683973312378,0.599689781665802,SIMULATED_TRUTH,dimensionless_index_0_1
dual_center,8108,2023-09-07 14:20:00+08:00,0.0,0.17890457808971405,0.5250107049942017,0.6204124689102173,SIMULATED_TRUTH,dimensionless_index_0_1
dual_center,8108,2023-09-07 14:25:00+08:00,0.0,0.186113178730011,0.5469739437103271,0.6401498317718506,SIMULATED_TRUTH,dimensionless_index_0_1
dual_center,8108,2023-09-07 14:30:00+08:00,0.0,0.19300901889801025,0.5677530169487,0.6589486598968506,SIMULATED_TRUTH,dimensionless_index_0_1
dual_center,8108,2023-09-07 14:35:00+08:00,0.0,0.1973055899143219,0.5847441554069519,0.6697307825088501,SIMULATED_TRUTH,dimensionless_index_0_1
dual_center,8108,2023-09-07 14:40:00+08:00,0.0,0.2014395296573639,0.6010705828666687,0.6806135177612305,SIMULATED_TRUTH,dimensionless_index_0_1
dual_center,8108,2023-09-07 14:45:00+08:00,0.0,0.20541654527187347,0.6177076697349548,0.6973167657852173,SIMULATED_TRUTH,dimensionless_index_0_1
dual_center,8109,2023-09-07 12:00:00+08:00,0.0,0.0,0.0,0.0,SIMULATED_TRUTH,dimensionless_index_0_1
dual_center,8109,2023-09-07 12:05:00+08:00,0.0,0.0018857119139283895,0.004062401596456766,0.008940939791500568,SIMULATED_TRUTH,dimensionless_index_0_1
dual_center,8109,2023-09-07 12:10:00+08:00,0.0,0.0036763418465852737,0.00792316347360611,0.016673805192112923,SIMULATED_TRUTH,dimensionless_index_0_1
dual_center,8109,2023-09-07 12:15:00+08:00,0.0,0.005377994850277901,0.011588741093873978,0.023361826315522194,SIMULATED_TRUTH,dimensionless_index_0_1
dual_center,8109,2023-09-07 12:20:00+08:00,0.0,0.0077463784255087376,0.01773236319422722,0.034713927656412125,SIMULATED_TRUTH,dimensionless_index_0_1
dual_center,8109,2023-09-07 12:25:00+08:00,0.0,0.009997831657528877,0.023541832342743874,0.0445321649312973,SIMULATED_TRUTH,dimensionless_index_0_1
dual_center,8109,2023-09-07 12:30:00+08:00,0.0,0.012139600701630116,0.029077203944325447,0.05302378907799721,SIMULATED_TRUTH,dimensionless_index_0_1
dual_center,8109,2023-09-07 12:35:00+08:00,0.0,0.015599352307617664,0.03935670480132103,0.0698573961853981,SIMULATED_TRUTH,dimensionless_index_0_1
dual_center,8109,2023-09-07 12:40:00+08:00,0.0,0.018888847902417183,0.049123380333185196,0.08481469750404358,SIMULATED_TRUTH,dimensionless_index_0_1
dual_center,8109,2023-09-07 12:45:00+08:00,0.0,0.022018548101186752,0.058327507227659225,0.09823022782802582,SIMULATED_TRUTH,dimensionless_index_0_1
dual_center,8109,2023-09-07 12:50:00+08:00,0.0,0.026905866339802742,0.0740569606423378,0.12345686554908752,SIMULATED_TRUTH,dimensionless_index_0_1
dual_center,8109,2023-09-07 12:55:00+08:00,0.0,0.031553275883197784,0.08862248063087463,0.145151749253273,SIMULATED_TRUTH,dimensionless_index_0_1
dual_center,8109,2023-09-07 13:00:00+08:00,0.0,0.03597542271018028,0.10248313844203949,0.16380931437015533,SIMULATED_TRUTH,dimensionless_index_0_1
dual_center,8109,2023-09-07 13:05:00+08:00,0.0,0.04303722083568573,0.12528136372566223,0.19881513714790344,SIMULATED_TRUTH,dimensionless_index_0_1
dual_center,8109,2023-09-07 13:10:00+08:00,0.0,0.049752358347177505,0.14718474447727203,0.2289201021194458,SIMULATED_TRUTH,dimensionless_index_0_1
dual_center,8109,2023-09-07 13:15:00+08:00,0.0,0.056141965091228485,0.16837504506111145,0.2552492320537567,SIMULATED_TRUTH,dimensionless_index_0_1
dual_center,8109,2023-09-07 13:20:00+08:00,0.0,0.06568160653114319,0.20073337852954865,0.29383915662765503,SIMULATED_TRUTH,dimensionless_index_0_1
dual_center,8109,2023-09-07 13:25:00+08:00,0.0,0.07475484907627106,0.2321069985628128,0.3296847641468048,SIMULATED_TRUTH,dimensionless_index_0_1
dual_center,8109,2023-09-07 13:30:00+08:00,0.0,0.08338984847068787,0.2613632082939148,0.3629812002182007,SIMULATED_TRUTH,dimensionless_index_0_1
dual_center,8109,2023-09-07 13:35:00+08:00,0.0,0.09387056529521942,0.2929909825325012,0.393909752368927,SIMULATED_TRUTH,dimensionless_index_0_1
dual_center,8109,2023-09-07 13:40:00+08:00,0.0,0.10384654253721237,0.32343199849128723,0.42263883352279663,SIMULATED_TRUTH,dimensionless_index_0_1
dual_center,8109,2023-09-07 13:45:00+08:00,0.0,0.1133475974202156,0.35242894291877747,0.4493248462677002,SIMULATED_TRUTH,dimensionless_index_0_1
dual_center,8109,2023-09-07 13:50:00+08:00,0.0,0.12393465638160706,0.3794548809528351,0.475614994764328,SIMULATED_TRUTH,dimensionless_index_0_1
dual_center,8109,2023-09-07 13:55:00+08:00,0.0,0.13402171432971954,0.4063320457935333,0.5015024542808533,SIMULATED_TRUTH,dimensionless_index_0_1
dual_center,8109,2023-09-07 14:00:00+08:00,0.0,0.14363741874694824,0.4319406747817993,0.5259909629821777,SIMULATED_TRUTH,dimensionless_index_0_1
dual_center,8109,2023-09-07 14:05:00+08:00,0.0,0.15324841439723969,0.4567561745643616,0.5491560697555542,SIMULATED_TRUTH,dimensionless_index_0_1
dual_center,8109,2023-09-07 14:10:00+08:00,0.0,0.16241824626922607,0.48053839802742004,0.5716389417648315,SIMULATED_TRUTH,dimensionless_index_0_1
dual_center,8109,2023-09-07 14:15:00+08:00,0.0,0.17117108404636383,0.5044839978218079,0.5936954021453857,SIMULATED_TRUTH,dimensionless_index_0_1
dual_center,8109,2023-09-07 14:20:00+08:00,0.0,0.17867439985275269,0.5270483493804932,0.6147031188011169,SIMULATED_TRUTH,dimensionless_index_0_1
dual_center,8109,2023-09-07 14:25:00+08:00,0.0,0.18585002422332764,0.5489624738693237,0.6347119212150574,SIMULATED_TRUTH,dimensionless_index_0_1
dual_center,8109,2023-09-07 14:30:00+08:00,0.0,0.19271430373191833,0.5699191689491272,0.653769314289093,SIMULATED_TRUTH,dimensionless_index_0_1
dual_center,8109,2023-09-07 14:35:00+08:00,0.0,0.19701437652111053,0.5880377292633057,0.6629664301872253,SIMULATED_TRUTH,dimensionless_index_0_1
dual_center,8109,2023-09-07 14:40:00+08:00,0.0,0.20115149021148682,0.6058247685432434,0.6797097325325012,SIMULATED_TRUTH,dimensionless_index_0_1
dual_center,8109,2023-09-07 14:45:00+08:00,0.0,0.20513136684894562,0.6218059062957764,0.6971123218536377,SIMULATED_TRUTH,dimensionless_index_0_1
dual_center,8110,2023-09-07 12:00:00+08:00,0.0,0.0,0.0,0.0,SIMULATED_TRUTH,dimensionless_index_0_1
dual_center,8110,2023-09-07 12:05:00+08:00,0.0,0.001887952326796949,0.00409325584769249,0.008756347931921482,SIMULATED_TRUTH,dimensionless_index_0_1
dual_center,8110,2023-09-07 12:10:00+08:00,0.0,0.0036806873977184296,0.007974235340952873,0.016329562291502953,SIMULATED_TRUTH,dimensionless_index_0_1
dual_center,8110,2023-09-07 12:15:00+08:00,0.0,0.005384320393204689,0.011705218814313412,0.022879505529999733,SIMULATED_TRUTH,dimensionless_index_0_1
dual_center,8110,2023-09-07 12:20:00+08:00,0.0,0.007756579667329788,0.017999378964304924,0.03428160771727562,SIMULATED_TRUTH,dimensionless_index_0_1
dual_center,8110,2023-09-07 12:25:00+08:00,0.0,0.010011675767600536,0.023979732766747475,0.04442600533366203,SIMULATED_TRUTH,dimensionless_index_0_1
dual_center,8110,2023-09-07 12:30:00+08:00,0.0,0.01215687207877636,0.029623886570334435,0.05315017327666283,SIMULATED_TRUTH,dimensionless_index_0_1
dual_center,8110,2023-09-07 12:35:00+08:00,0.0,0.015623415820300579,0.039870165288448334,0.07212094217538834,SIMULATED_TRUTH,dimensionless_index_0_1
dual_center,8110,2023-09-07 12:40:00+08:00,0.0,0.018919292837381363,0.049683988094329834,0.08843577653169632,SIMULATED_TRUTH,dimensionless_index_0_1
dual_center,8110,2023-09-07 12:45:00+08:00,0.0,0.022054990753531456,0.059106383472681046,0.10246651619672775,SIMULATED_TRUTH,dimensionless_index_0_1
dual_center,8110,2023-09-07 12:50:00+08:00,0.0,0.026952054351568222,0.07453054934740067,0.12887629866600037,SIMULATED_TRUTH,dimensionless_index_0_1
dual_center,8110,2023-09-07 12:55:00+08:00,0.0,0.03160860762000084,0.08923651278018951,0.15158867835998535,SIMULATED_TRUTH,dimensionless_index_0_1
dual_center,8110,2023-09-07 13:00:00+08:00,0.0,0.03603934124112129,0.10331761837005615,0.17112129926681519,SIMULATED_TRUTH,dimensionless_index_0_1
dual_center,8110,2023-09-07 13:05:00+08:00,0.0,0.043114073574543,0.12564224004745483,0.20778559148311615,SIMULATED_TRUTH,dimensionless_index_0_1
dual_center,8110,2023-09-07 13:10:00+08:00,0.0,0.04984132945537567,0.14730770885944366,0.23931683599948883,SIMULATED_TRUTH,dimensionless_index_0_1
dual_center,8110,2023-09-07 13:15:00+08:00,0.0,0.056242283433675766,0.16851630806922913,0.26680710911750793,SIMULATED_TRUTH,dimensionless_index_0_1
dual_center,8110,2023-09-07 13:20:00+08:00,0.0,0.06577542424201965,0.20033426582813263,0.304575115442276,SIMULATED_TRUTH,dimensionless_index_0_1
dual_center,8110,2023-09-07 13:25:00+08:00,0.0,0.07484246045351028,0.23099948465824127,0.3396572470664978,SIMULATED_TRUTH,dimensionless_index_0_1
dual_center,8110,2023-09-07 13:30:00+08:00,0.0,0.08347155898809433,0.2595791220664978,0.3722445070743561,SIMULATED_TRUTH,dimensionless_index_0_1
dual_center,8110,2023-09-07 13:35:00+08:00,0.0,0.09398301690816879,0.291439026594162,0.4025143086910248,SIMULATED_TRUTH,dimensionless_index_0_1
dual_center,8110,2023-09-07 13:40:00+08:00,0.0,0.10398790240287781,0.32070350646972656,0.43063145875930786,SIMULATED_TRUTH,dimensionless_index_0_1
dual_center,8110,2023-09-07 13:45:00+08:00,0.0,0.11351615935564041,0.3497253358364105,0.4567490518093109,SIMULATED_TRUTH,dimensionless_index_0_1
dual_center,8110,2023-09-07 13:50:00+08:00,0.0,0.12415394186973572,0.3776041865348816,0.4832066595554352,SIMULATED_TRUTH,dimensionless_index_0_1
dual_center,8110,2023-09-07 13:55:00+08:00,0.0,0.1342889815568924,0.4039751887321472,0.5086838603019714,SIMULATED_TRUTH,dimensionless_index_0_1
dual_center,8110,2023-09-07 14:00:00+08:00,0.0,0.14395011961460114,0.42967668175697327,0.5327842831611633,SIMULATED_TRUTH,dimensionless_index_0_1
dual_center,8110,2023-09-07 14:05:00+08:00,0.0,0.15359549224376678,0.45414894819259644,0.5555822849273682,SIMULATED_TRUTH,dimensionless_index_0_1
dual_center,8110,2023-09-07 14:10:00+08:00,0.0,0.1627979427576065,0.4772987961769104,0.5780515074729919,SIMULATED_TRUTH,dimensionless_index_0_1
dual_center,8110,2023-09-07 14:15:00+08:00,0.0,0.1715816706418991,0.5012162923812866,0.5998030304908752,SIMULATED_TRUTH,dimensionless_index_0_1
dual_center,8110,2023-09-07 14:20:00+08:00,0.0,0.17910106480121613,0.5242351293563843,0.620520293712616,SIMULATED_TRUTH,dimensionless_index_0_1
dual_center,8110,2023-09-07 14:25:00+08:00,0.0,0.18629203736782074,0.5466675758361816,0.6402525305747986,SIMULATED_TRUTH,dimensionless_index_0_1
dual_center,8110,2023-09-07 14:30:00+08:00,0.0,0.19317097961902618,0.5681197047233582,0.6590465307235718,SIMULATED_TRUTH,dimensionless_index_0_1
dual_center,8110,2023-09-07 14:35:00+08:00,0.0,0.1974741518497467,0.5864729881286621,0.6698586344718933,SIMULATED_TRUTH,dimensionless_index_0_1
dual_center,8110,2023-09-07 14:40:00+08:00,0.0,0.20161430537700653,0.604600191116333,0.6832864880561829,SIMULATED_TRUTH,dimensionless_index_0_1
dual_center,8110,2023-09-07 14:45:00+08:00,0.0,0.2055971324443817,0.6210242509841919,0.6995364427566528,SIMULATED_TRUTH,dimensionless_index_0_1
dual_center,8111,2023-09-07 12:00:00+08:00,0.0,0.0,0.0,0.0,SIMULATED_TRUTH,dimensionless_index_0_1
dual_center,8111,2023-09-07 12:05:00+08:00,0.0,0.0018860221607610583,0.004139710683375597,0.00866362452507019,SIMULATED_TRUTH,dimensionless_index_0_1
dual_center,8111,2023-09-07 12:10:00+08:00,0.0,0.003676930908113718,0.008042290806770325,0.016134297475218773,SIMULATED_TRUTH,dimensionless_index_0_1
dual_center,8111,2023-09-07 12:15:00+08:00,0.0,0.005378833971917629,0.011767759919166565,0.022576283663511276,SIMULATED_TRUTH,dimensionless_index_0_1
dual_center,8111,2023-09-07 12:20:00+08:00,0.0,0.0077482834458351135,0.01797918975353241,0.03394894674420357,SIMULATED_TRUTH,dimensionless_index_0_1
dual_center,8111,2023-09-07 12:25:00+08:00,0.0,0.010000718757510185,0.023930560797452927,0.043755631893873215,SIMULATED_TRUTH,dimensionless_index_0_1
dual_center,8111,2023-09-07 12:30:00+08:00,0.0,0.012143388390541077,0.029540369287133217,0.05221197009086609,SIMULATED_TRUTH,dimensionless_index_0_1
dual_center,8111,2023-09-07 12:35:00+08:00,0.0,0.01560579240322113,0.04016668349504471,0.06972888857126236,SIMULATED_TRUTH,dimensionless_index_0_1
dual_center,8111,2023-09-07 12:40:00+08:00,0.0,0.01889774389564991,0.05019914731383324,0.0848337858915329,SIMULATED_TRUTH,dimensionless_index_0_1
dual_center,8111,2023-09-07 12:45:00+08:00,0.0,0.022029714658856392,0.059663400053977966,0.09785879403352737,SIMULATED_TRUTH,dimensionless_index_0_1
dual_center,8111,2023-09-07 12:50:00+08:00,0.0,0.02692171186208725,0.07506653666496277,0.12133597582578659,SIMULATED_TRUTH,dimensionless_index_0_1
dual_center,8111,2023-09-07 12:55:00+08:00,0.0,0.03157345578074455,0.0899726152420044,0.14158043265342712,SIMULATED_TRUTH,dimensionless_index_0_1
dual_center,8111,2023-09-07 13:00:00+08:00,0.0,0.035999614745378494,0.10419954359531403,0.15937408804893494,SIMULATED_TRUTH,dimensionless_index_0_1
dual_center,8111,2023-09-07 13:05:00+08:00,0.0,0.04306843504309654,0.1276073008775711,0.1933739334344864,SIMULATED_TRUTH,dimensionless_index_0_1
dual_center,8111,2023-09-07 13:10:00+08:00,0.0,0.049790073186159134,0.15000277757644653,0.22261376678943634,SIMULATED_TRUTH,dimensionless_index_0_1
dual_center,8111,2023-09-07 13:15:00+08:00,0.0,0.05618567392230034,0.1709282398223877,0.24823859333992004,SIMULATED_TRUTH,dimensionless_index_0_1
dual_center,8111,2023-09-07 13:20:00+08:00,0.0,0.06570524722337723,0.2019747644662857,0.2873270809650421,SIMULATED_TRUTH,dimensionless_index_0_1
dual_center,8111,2023-09-07 13:25:00+08:00,0.0,0.07475906610488892,0.2317962944507599,0.3236357867717743,SIMULATED_TRUTH,dimensionless_index_0_1
dual_center,8111,2023-09-07 13:30:00+08:00,0.0,0.08337527513504028,0.2600295841693878,0.35736238956451416,SIMULATED_TRUTH,dimensionless_index_0_1
dual_center,8111,2023-09-07 13:35:00+08:00,0.0,0.09386824071407318,0.29150155186653137,0.3886905312538147,SIMULATED_TRUTH,dimensionless_index_0_1
dual_center,8111,2023-09-07 13:40:00+08:00,0.0,0.10385524481534958,0.3219989836215973,0.4177907705307007,SIMULATED_TRUTH,dimensionless_index_0_1
dual_center,8111,2023-09-07 13:45:00+08:00,0.0,0.11336623877286911,0.3501131236553192,0.4448215365409851,SIMULATED_TRUTH,dimensionless_index_0_1
dual_center,8111,2023-09-07 13:50:00+08:00,0.0,0.12398693710565567,0.37805479764938354,0.47101014852523804,SIMULATED_TRUTH,dimensionless_index_0_1
dual_center,8111,2023-09-07 13:55:00+08:00,0.0,0.13410533964633942,0.4047260880470276,0.49714645743370056,SIMULATED_TRUTH,dimensionless_index_0_1
dual_center,8111,2023-09-07 14:00:00+08:00,0.0,0.14375025033950806,0.42985308170318604,0.5218703746795654,SIMULATED_TRUTH,dimensionless_index_0_1
dual_center,8111,2023-09-07 14:05:00+08:00,0.0,0.153391033411026,0.4545647203922272,0.5452581644058228,SIMULATED_TRUTH,dimensionless_index_0_1
dual_center,8111,2023-09-07 14:10:00+08:00,0.0,0.1625887006521225,0.47827205061912537,0.5677493810653687,SIMULATED_TRUTH,dimensionless_index_0_1
dual_center,8111,2023-09-07 14:15:00+08:00,0.0,0.1713676005601883,0.5016936659812927,0.5899907946586609,SIMULATED_TRUTH,dimensionless_index_0_1
dual_center,8111,2023-09-07 14:20:00+08:00,0.0,0.17888322472572327,0.5243978500366211,0.6111746430397034,SIMULATED_TRUTH,dimensionless_index_0_1
dual_center,8111,2023-09-07 14:25:00+08:00,0.0,0.18607039749622345,0.5465946197509766,0.6313512325286865,SIMULATED_TRUTH,dimensionless_index_0_1
dual_center,8111,2023-09-07 14:30:00+08:00,0.0,0.19294552505016327,0.5680217146873474,0.650568425655365,SIMULATED_TRUTH,dimensionless_index_0_1
dual_center,8111,2023-09-07 14:35:00+08:00,0.0,0.19723784923553467,0.5868447422981262,0.6675510406494141,SIMULATED_TRUTH,dimensionless_index_0_1
dual_center,8111,2023-09-07 14:40:00+08:00,0.0,0.20136764645576477,0.6043195128440857,0.6852800846099854,SIMULATED_TRUTH,dimensionless_index_0_1
dual_center,8111,2023-09-07 14:45:00+08:00,0.0,0.20534059405326843,0.619799792766571,0.7030107975006104,SIMULATED_TRUTH,dimensionless_index_0_1
dual_center,8112,2023-09-07 12:00:00+08:00,0.0,0.0,0.0,0.0,SIMULATED_TRUTH,dimensionless_index_0_1
dual_center,8112,2023-09-07 12:05:00+08:00,0.0,0.001892072963528335,0.004106452688574791,0.009086191654205322,SIMULATED_TRUTH,dimensionless_index_0_1
dual_center,8112,2023-09-07 12:10:00+08:00,0.0,0.003688708646222949,0.00799277238547802,0.016944682225584984,SIMULATED_TRUTH,dimensionless_index_0_1
dual_center,8112,2023-09-07 12:15:00+08:00,0.0,0.005396036896854639,0.011680303141474724,0.023741355165839195,SIMULATED_TRUTH,dimensionless_index_0_1
dual_center,8112,2023-09-07 12:20:00+08:00,0.0,0.0077753388322889805,0.01797320879995823,0.0353006049990654,SIMULATED_TRUTH,dimensionless_index_0_1
dual_center,8112,2023-09-07 12:25:00+08:00,0.0,0.010037112981081009,0.023981930688023567,0.04529799893498421,SIMULATED_TRUTH,dimensionless_index_0_1
dual_center,8112,2023-09-07 12:30:00+08:00,0.0,0.012188647873699665,0.029685303568840027,0.05394457280635834,SIMULATED_TRUTH,dimensionless_index_0_1
dual_center,8112,2023-09-07 12:35:00+08:00,0.0,0.015667904168367386,0.04028509557247162,0.07210001349449158,SIMULATED_TRUTH,dimensionless_index_0_1
dual_center,8112,2023-09-07 12:40:00+08:00,0.0,0.018975846469402313,0.0503743439912796,0.08776476979255676,SIMULATED_TRUTH,dimensionless_index_0_1
dual_center,8112,2023-09-07 12:45:00+08:00,0.0,0.022123008966445923,0.0600561797618866,0.10127253830432892,SIMULATED_TRUTH,dimensionless_index_0_1
dual_center,8112,2023-09-07 12:50:00+08:00,0.0,0.027040287852287292,0.07573989778757095,0.12564139068126678,SIMULATED_TRUTH,dimensionless_index_0_1
dual_center,8112,2023-09-07 12:55:00+08:00,0.0,0.03171604126691818,0.0907246321439743,0.14665473997592926,SIMULATED_TRUTH,dimensionless_index_0_1
dual_center,8112,2023-09-07 13:00:00+08:00,0.0,0.0361650250852108,0.10516586154699326,0.16477461159229279,SIMULATED_TRUTH,dimensionless_index_0_1
dual_center,8112,2023-09-07 13:05:00+08:00,0.0,0.043272193521261215,0.12880681455135345,0.19852903485298157,SIMULATED_TRUTH,dimensionless_index_0_1
dual_center,8112,2023-09-07 13:10:00+08:00,0.0,0.05003026872873306,0.15110866725444794,0.2285885065793991,SIMULATED_TRUTH,dimensionless_index_0_1
dual_center,8112,2023-09-07 13:15:00+08:00,0.0,0.056460533291101456,0.17208094894886017,0.2548806071281433,SIMULATED_TRUTH,dimensionless_index_0_1
dual_center,8112,2023-09-07 13:20:00+08:00,0.0,0.06600746512413025,0.20391374826431274,0.2934967577457428,SIMULATED_TRUTH,dimensionless_index_0_1
dual_center,8112,2023-09-07 13:25:00+08:00,0.0,0.07508761435747147,0.23438777029514313,0.3293667137622833,SIMULATED_TRUTH,dimensionless_index_0_1
dual_center,8112,2023-09-07 13:30:00+08:00,0.0,0.08372917026281357,0.2637646198272705,0.36268576979637146,SIMULATED_TRUTH,dimensionless_index_0_1
dual_center,8112,2023-09-07 13:35:00+08:00,0.0,0.09422196447849274,0.2952454686164856,0.3936353325843811,SIMULATED_TRUTH,dimensionless_index_0_1
dual_center,8112,2023-09-07 13:40:00+08:00,0.0,0.10420939326286316,0.32601937651634216,0.4223839342594147,SIMULATED_TRUTH,dimensionless_index_0_1
dual_center,8112,2023-09-07 13:45:00+08:00,0.0,0.11372130364179611,0.3546679615974426,0.44908806681632996,SIMULATED_TRUTH,dimensionless_index_0_1
dual_center,8112,2023-09-07 13:50:00+08:00,0.0,0.12431524693965912,0.3826006352901459,0.47537288069725037,SIMULATED_TRUTH,dimensionless_index_0_1
dual_center,8112,2023-09-07 13:55:00+08:00,0.0,0.13440880179405212,0.4090902805328369,0.5012734532356262,SIMULATED_TRUTH,dimensionless_index_0_1
dual_center,8112,2023-09-07 14:00:00+08:00,0.0,0.1440306454896927,0.43393829464912415,0.5257743000984192,SIMULATED_TRUTH,dimensionless_index_0_1
dual_center,8112,2023-09-07 14:05:00+08:00,0.0,0.1536521166563034,0.458751380443573,0.5489511489868164,SIMULATED_TRUTH,dimensionless_index_0_1
dual_center,8112,2023-09-07 14:10:00+08:00,0.0,0.16283194720745087,0.4825728237628937,0.571434497833252,SIMULATED_TRUTH,dimensionless_index_0_1
dual_center,8112,2023-09-07 14:15:00+08:00,0.0,0.17159433662891388,0.5063447952270508,0.5935006737709045,SIMULATED_TRUTH,dimensionless_index_0_1
dual_center,8112,2023-09-07 14:20:00+08:00,0.0,0.17909789085388184,0.5286180973052979,0.6145176291465759,SIMULATED_TRUTH,dimensionless_index_0_1
dual_center,8112,2023-09-07 14:25:00+08:00,0.0,0.18627379834651947,0.5498968958854675,0.6345352530479431,SIMULATED_TRUTH,dimensionless_index_0_1
dual_center,8112,2023-09-07 14:30:00+08:00,0.0,0.19313840568065643,0.5701082348823547,0.6536010503768921,SIMULATED_TRUTH,dimensionless_index_0_1
dual_center,8112,2023-09-07 14:35:00+08:00,0.0,0.19744382798671722,0.5866056680679321,0.67086261510849,SIMULATED_TRUTH,dimensionless_index_0_1
dual_center,8112,2023-09-07 14:40:00+08:00,0.0,0.20158614218235016,0.6013646125793457,0.6879057288169861,SIMULATED_TRUTH,dimensionless_index_0_1
dual_center,8112,2023-09-07 14:45:00+08:00,0.0,0.2055710107088089,0.6174857020378113,0.7055617570877075,SIMULATED_TRUTH,dimensionless_index_0_1
anisotropic_band,8101,2023-09-07 12:00:00+08:00,0.0,0.0,0.0,0.0,SIMULATED_TRUTH,dimensionless_index_0_1
anisotropic_band,8101,2023-09-07 12:05:00+08:00,0.0,0.0017756976885721087,0.00458324421197176,0.009139122441411018,SIMULATED_TRUTH,dimensionless_index_0_1
anisotropic_band,8101,2023-09-07 12:10:00+08:00,0.0,0.0034639090299606323,0.008970929309725761,0.01691271737217903,SIMULATED_TRUTH,dimensionless_index_0_1
anisotropic_band,8101,2023-09-07 12:15:00+08:00,0.0,0.005070128478109837,0.01314250286668539,0.0235248152166605,SIMULATED_TRUTH,dimensionless_index_0_1
anisotropic_band,8101,2023-09-07 12:20:00+08:00,0.0,0.007295005023479462,0.020003825426101685,0.03655098378658295,SIMULATED_TRUTH,dimensionless_index_0_1
anisotropic_band,8101,2023-09-07 12:25:00+08:00,0.0,0.009413322433829308,0.026652321219444275,0.04763083904981613,SIMULATED_TRUTH,dimensionless_index_0_1
anisotropic_band,8101,2023-09-07 12:30:00+08:00,0.0,0.011431485414505005,0.03291187435388565,0.057055190205574036,SIMULATED_TRUTH,dimensionless_index_0_1
anisotropic_band,8101,2023-09-07 12:35:00+08:00,0.0,0.014738894067704678,0.044220637530088425,0.07766573131084442,SIMULATED_TRUTH,dimensionless_index_0_1
anisotropic_band,8101,2023-09-07 12:40:00+08:00,0.0,0.0178891159594059,0.05510537698864937,0.09519673883914948,SIMULATED_TRUTH,dimensionless_index_0_1
anisotropic_band,8101,2023-09-07 12:45:00+08:00,0.0,0.020891468971967697,0.06599631160497665,0.11010833829641342,SIMULATED_TRUTH,dimensionless_index_0_1
anisotropic_band,8101,2023-09-07 12:50:00+08:00,0.0,0.025762274861335754,0.08134998381137848,0.1345689594745636,SIMULATED_TRUTH,dimensionless_index_0_1
anisotropic_band,8101,2023-09-07 12:55:00+08:00,0.0,0.03040229342877865,0.09729061275720596,0.155481219291687,SIMULATED_TRUTH,dimensionless_index_0_1
anisotropic_band,8101,2023-09-07 13:00:00+08:00,0.0,0.034825101494789124,0.11337465792894363,0.17351076006889343,SIMULATED_TRUTH,dimensionless_index_0_1
anisotropic_band,8101,2023-09-07 13:05:00+08:00,0.0,0.042220376431941986,0.14080815017223358,0.20826135575771332,SIMULATED_TRUTH,dimensionless_index_0_1
anisotropic_band,8101,2023-09-07 13:10:00+08:00,0.0,0.04926522821187973,0.16613994538784027,0.2427060753107071,SIMULATED_TRUTH,dimensionless_index_0_1
anisotropic_band,8101,2023-09-07 13:15:00+08:00,0.0,0.05598022788763046,0.19068217277526855,0.2740057408809662,SIMULATED_TRUTH,dimensionless_index_0_1
anisotropic_band,8101,2023-09-07 13:20:00+08:00,0.0,0.06596822291612625,0.21647609770298004,0.3119177222251892,SIMULATED_TRUTH,dimensionless_index_0_1
anisotropic_band,8101,2023-09-07 13:25:00+08:00,0.0,0.07548492401838303,0.2454407662153244,0.3442382216453552,SIMULATED_TRUTH,dimensionless_index_0_1
anisotropic_band,8101,2023-09-07 13:30:00+08:00,0.0,0.0845579132437706,0.2732490003108978,0.3736952543258667,SIMULATED_TRUTH,dimensionless_index_0_1
anisotropic_band,8101,2023-09-07 13:35:00+08:00,0.0,0.09568125009536743,0.29595673084259033,0.3986090123653412,SIMULATED_TRUTH,dimensionless_index_0_1
anisotropic_band,8101,2023-09-07 13:40:00+08:00,0.0,0.10628480464220047,0.3207521438598633,0.42578065395355225,SIMULATED_TRUTH,dimensionless_index_0_1
anisotropic_band,8101,2023-09-07 13:45:00+08:00,0.0,0.11639862507581711,0.3468778133392334,0.4512747824192047,SIMULATED_TRUTH,dimensionless_index_0_1
anisotropic_band,8101,2023-09-07 13:50:00+08:00,0.0,0.12757456302642822,0.3679921329021454,0.47525230050086975,SIMULATED_TRUTH,dimensionless_index_0_1
anisotropic_band,8101,2023-09-07 13:55:00+08:00,0.0,0.13823026418685913,0.3880005478858948,0.5003079175949097,SIMULATED_TRUTH,dimensionless_index_0_1
anisotropic_band,8101,2023-09-07 14:00:00+08:00,0.0,0.14839552342891693,0.40545621514320374,0.523793637752533,SIMULATED_TRUTH,dimensionless_index_0_1
anisotropic_band,8101,2023-09-07 14:05:00+08:00,0.0,0.15788982808589935,0.4141317903995514,0.5200113654136658,SIMULATED_TRUTH,dimensionless_index_0_1
anisotropic_band,8101,2023-09-07 14:10:00+08:00,0.0,0.16695398092269897,0.42548850178718567,0.5164660811424255,SIMULATED_TRUTH,dimensionless_index_0_1
anisotropic_band,8101,2023-09-07 14:15:00+08:00,0.0,0.17561152577400208,0.442889928817749,0.5292368531227112,SIMULATED_TRUTH,dimensionless_index_0_1
anisotropic_band,8101,2023-09-07 14:20:00+08:00,0.0,0.1817958801984787,0.4444357752799988,0.5314979553222656,SIMULATED_TRUTH,dimensionless_index_0_1
anisotropic_band,8101,2023-09-07 14:25:00+08:00,0.0,0.18771088123321533,0.45004627108573914,0.5350133776664734,SIMULATED_TRUTH,dimensionless_index_0_1
anisotropic_band,8101,2023-09-07 14:30:00+08:00,0.0,0.19336995482444763,0.46021589636802673,0.5542171597480774,SIMULATED_TRUTH,dimensionless_index_0_1
anisotropic_band,8101,2023-09-07 14:35:00+08:00,0.0,0.19583271443843842,0.4591720998287201,0.5532512068748474,SIMULATED_TRUTH,dimensionless_index_0_1
anisotropic_band,8101,2023-09-07 14:40:00+08:00,0.0,0.1982029676437378,0.45631444454193115,0.5620314478874207,SIMULATED_TRUTH,dimensionless_index_0_1
anisotropic_band,8101,2023-09-07 14:45:00+08:00,0.0,0.20048364996910095,0.4629017412662506,0.5805793404579163,SIMULATED_TRUTH,dimensionless_index_0_1
anisotropic_band,8102,2023-09-07 12:00:00+08:00,0.0,0.0,0.0,0.0,SIMULATED_TRUTH,dimensionless_index_0_1
anisotropic_band,8102,2023-09-07 12:05:00+08:00,0.0,0.0017862909007817507,0.004671044182032347,0.009030831977725029,SIMULATED_TRUTH,dimensionless_index_0_1
anisotropic_band,8102,2023-09-07 12:10:00+08:00,0.0,0.003484578337520361,0.009131387807428837,0.016712315380573273,SIMULATED_TRUTH,dimensionless_index_0_1
anisotropic_band,8102,2023-09-07 12:15:00+08:00,0.0,0.005100389011204243,0.013394580222666264,0.02324606478214264,SIMULATED_TRUTH,dimensionless_index_0_1
anisotropic_band,8102,2023-09-07 12:20:00+08:00,0.0,0.007344817742705345,0.02049739472568035,0.036094196140766144,SIMULATED_TRUTH,dimensionless_index_0_1
anisotropic_band,8102,2023-09-07 12:25:00+08:00,0.0,0.00948175135999918,0.027361389249563217,0.04702261462807655,SIMULATED_TRUTH,dimensionless_index_0_1
anisotropic_band,8102,2023-09-07 12:30:00+08:00,0.0,0.011517656967043877,0.03406895697116852,0.05631815642118454,SIMULATED_TRUTH,dimensionless_index_0_1
anisotropic_band,8102,2023-09-07 12:35:00+08:00,0.0,0.014859920367598534,0.04541514441370964,0.07662960141897202,SIMULATED_TRUTH,dimensionless_index_0_1
anisotropic_band,8102,2023-09-07 12:40:00+08:00,0.0,0.01804334670305252,0.05718536302447319,0.09390619397163391,SIMULATED_TRUTH,dimensionless_index_0_1
anisotropic_band,8102,2023-09-07 12:45:00+08:00,0.0,0.021077359095215797,0.06855268776416779,0.1086013987660408,SIMULATED_TRUTH,dimensionless_index_0_1
anisotropic_band,8102,2023-09-07 12:50:00+08:00,0.0,0.02599739283323288,0.08524967730045319,0.13270072638988495,SIMULATED_TRUTH,dimensionless_index_0_1
anisotropic_band,8102,2023-09-07 12:55:00+08:00,0.0,0.030684346333146095,0.1002025380730629,0.15424133837223053,SIMULATED_TRUTH,dimensionless_index_0_1
anisotropic_band,8102,2023-09-07 13:00:00+08:00,0.0,0.03515193611383438,0.11580611765384674,0.17480681836605072,SIMULATED_TRUTH,dimensionless_index_0_1
anisotropic_band,8102,2023-09-07 13:05:00+08:00,0.0,0.042609360069036484,0.13878780603408813,0.21694359183311462,SIMULATED_TRUTH,dimensionless_index_0_1
anisotropic_band,8102,2023-09-07 13:10:00+08:00,0.0,0.04971352219581604,0.16531600058078766,0.25289660692214966,SIMULATED_TRUTH,dimensionless_index_0_1
anisotropic_band,8102,2023-09-07 13:15:00+08:00,0.0,0.05648517608642578,0.190332293510437,0.28704801201820374,SIMULATED_TRUTH,dimensionless_index_0_1
anisotropic_band,8102,2023-09-07 13:20:00+08:00,0.0,0.06652942299842834,0.2164945900440216,0.323538601398468,SIMULATED_TRUTH,dimensionless_index_0_1
anisotropic_band,8102,2023-09-07 13:25:00+08:00,0.0,0.07609963417053223,0.24406668543815613,0.35619184374809265,SIMULATED_TRUTH,dimensionless_index_0_1
anisotropic_band,8102,2023-09-07 13:30:00+08:00,0.0,0.08522352576255798,0.27294960618019104,0.38541123270988464,SIMULATED_TRUTH,dimensionless_index_0_1
anisotropic_band,8102,2023-09-07 13:35:00+08:00,0.0,0.09632981568574905,0.2989612817764282,0.4138562083244324,SIMULATED_TRUTH,dimensionless_index_0_1
anisotropic_band,8102,2023-09-07 13:40:00+08:00,0.0,0.10691739618778229,0.3248356282711029,0.4432826042175293,SIMULATED_TRUTH,dimensionless_index_0_1
anisotropic_band,8102,2023-09-07 13:45:00+08:00,0.0,0.11701618880033493,0.3495347797870636,0.4708923101425171,SIMULATED_TRUTH,dimensionless_index_0_1
anisotropic_band,8102,2023-09-07 13:50:00+08:00,0.0,0.12812654674053192,0.36995449662208557,0.4780080318450928,SIMULATED_TRUTH,dimensionless_index_0_1
anisotropic_band,8102,2023-09-07 13:55:00+08:00,0.0,0.13871999084949493,0.38738784193992615,0.49555638432502747,SIMULATED_TRUTH,dimensionless_index_0_1
anisotropic_band,8102,2023-09-07 14:00:00+08:00,0.0,0.14882607758045197,0.407735139131546,0.5184798836708069,SIMULATED_TRUTH,dimensionless_index_0_1
anisotropic_band,8102,2023-09-07 14:05:00+08:00,0.0,0.15830443799495697,0.4177415370941162,0.5144146084785461,SIMULATED_TRUTH,dimensionless_index_0_1
anisotropic_band,8102,2023-09-07 14:10:00+08:00,0.0,0.16735342144966125,0.42824074625968933,0.5212148427963257,SIMULATED_TRUTH,dimensionless_index_0_1
anisotropic_band,8102,2023-09-07 14:15:00+08:00,0.0,0.17599648237228394,0.44301387667655945,0.529109537601471,SIMULATED_TRUTH,dimensionless_index_0_1
anisotropic_band,8102,2023-09-07 14:20:00+08:00,0.0,0.1821778118610382,0.4451066255569458,0.531536340713501,SIMULATED_TRUTH,dimensionless_index_0_1
anisotropic_band,8102,2023-09-07 14:25:00+08:00,0.0,0.1880900263786316,0.4527082145214081,0.5374342203140259,SIMULATED_TRUTH,dimensionless_index_0_1
anisotropic_band,8102,2023-09-07 14:30:00+08:00,0.0,0.19374652206897736,0.4612584710121155,0.5572265982627869,SIMULATED_TRUTH,dimensionless_index_0_1
anisotropic_band,8102,2023-09-07 14:35:00+08:00,0.0,0.19620244204998016,0.46225664019584656,0.5535241365432739,SIMULATED_TRUTH,dimensionless_index_0_1
anisotropic_band,8102,2023-09-07 14:40:00+08:00,0.0,0.19856621325016022,0.45889511704444885,0.5630641579627991,SIMULATED_TRUTH,dimensionless_index_0_1
anisotropic_band,8102,2023-09-07 14:45:00+08:00,0.0,0.2008407711982727,0.4627107083797455,0.5801300406455994,SIMULATED_TRUTH,dimensionless_index_0_1
anisotropic_band,8103,2023-09-07 12:00:00+08:00,0.0,0.0,0.0,0.0,SIMULATED_TRUTH,dimensionless_index_0_1
anisotropic_band,8103,2023-09-07 12:05:00+08:00,0.0,0.001784773194231093,0.004668471869081259,0.008967861533164978,SIMULATED_TRUTH,dimensionless_index_0_1
anisotropic_band,8103,2023-09-07 12:10:00+08:00,0.0,0.0034816167317330837,0.009159472770988941,0.016595784574747086,SIMULATED_TRUTH,dimensionless_index_0_1
anisotropic_band,8103,2023-09-07 12:15:00+08:00,0.0,0.00509605323895812,0.013461417518556118,0.023083975538611412,SIMULATED_TRUTH,dimensionless_index_0_1
anisotropic_band,8103,2023-09-07 12:20:00+08:00,0.0,0.007338190451264381,0.020416006445884705,0.03582857921719551,SIMULATED_TRUTH,dimensionless_index_0_1
anisotropic_band,8103,2023-09-07 12:25:00+08:00,0.0,0.009472964331507683,0.027168631553649902,0.04666893929243088,SIMULATED_TRUTH,dimensionless_index_0_1
anisotropic_band,8103,2023-09-07 12:30:00+08:00,0.0,0.011506826616823673,0.033773623406887054,0.05588958039879799,SIMULATED_TRUTH,dimensionless_index_0_1
anisotropic_band,8103,2023-09-07 12:35:00+08:00,0.0,0.014845650643110275,0.04502052068710327,0.07602709531784058,SIMULATED_TRUTH,dimensionless_index_0_1
anisotropic_band,8103,2023-09-07 12:40:00+08:00,0.0,0.01802585832774639,0.05642170086503029,0.09315574914216995,SIMULATED_TRUTH,dimensionless_index_0_1
anisotropic_band,8103,2023-09-07 12:45:00+08:00,0.0,0.021056845784187317,0.0678953006863594,0.1077251136302948,SIMULATED_TRUTH,dimensionless_index_0_1
anisotropic_band,8103,2023-09-07 12:50:00+08:00,0.0,0.02597201243042946,0.08523864299058914,0.1316143423318863,SIMULATED_TRUTH,dimensionless_index_0_1
anisotropic_band,8103,2023-09-07 12:55:00+08:00,0.0,0.030654408037662506,0.09975531697273254,0.1520407795906067,SIMULATED_TRUTH,dimensionless_index_0_1
anisotropic_band,8103,2023-09-07 13:00:00+08:00,0.0,0.03511770814657211,0.11467106640338898,0.17013166844844818,SIMULATED_TRUTH,dimensionless_index_0_1
anisotropic_band,8103,2023-09-07 13:05:00+08:00,0.0,0.042566653341054916,0.1387554556131363,0.2121422439813614,SIMULATED_TRUTH,dimensionless_index_0_1
anisotropic_band,8103,2023-09-07 13:10:00+08:00,0.0,0.049662794917821884,0.1663927286863327,0.25163260102272034,SIMULATED_TRUTH,dimensionless_index_0_1
anisotropic_band,8103,2023-09-07 13:15:00+08:00,0.0,0.05642683431506157,0.19098937511444092,0.2869701087474823,SIMULATED_TRUTH,dimensionless_index_0_1
anisotropic_band,8103,2023-09-07 13:20:00+08:00,0.0,0.06643544882535934,0.21609197556972504,0.3234688937664032,SIMULATED_TRUTH,dimensionless_index_0_1
anisotropic_band,8103,2023-09-07 13:25:00+08:00,0.0,0.07597192376852036,0.2439723163843155,0.3561294376850128,SIMULATED_TRUTH,dimensionless_index_0_1
anisotropic_band,8103,2023-09-07 13:30:00+08:00,0.0,0.08506385236978531,0.27267447113990784,0.3853553831577301,SIMULATED_TRUTH,dimensionless_index_0_1
anisotropic_band,8103,2023-09-07 13:35:00+08:00,0.0,0.09619592130184174,0.2972062826156616,0.41378355026245117,SIMULATED_TRUTH,dimensionless_index_0_1
anisotropic_band,8103,2023-09-07 13:40:00+08:00,0.0,0.10680808871984482,0.32324302196502686,0.4431992173194885,SIMULATED_TRUTH,dimensionless_index_0_1
anisotropic_band,8103,2023-09-07 13:45:00+08:00,0.0,0.11693034321069717,0.3498304784297943,0.4707988202571869,SIMULATED_TRUTH,dimensionless_index_0_1
anisotropic_band,8103,2023-09-07 13:50:00+08:00,0.0,0.12809379398822784,0.37147438526153564,0.47791042923927307,SIMULATED_TRUTH,dimensionless_index_0_1
anisotropic_band,8103,2023-09-07 13:55:00+08:00,0.0,0.13873793184757233,0.3892754018306732,0.5010613203048706,SIMULATED_TRUTH,dimensionless_index_0_1
anisotropic_band,8103,2023-09-07 14:00:00+08:00,0.0,0.14889249205589294,0.40690556168556213,0.5244998335838318,SIMULATED_TRUTH,dimensionless_index_0_1
anisotropic_band,8103,2023-09-07 14:05:00+08:00,0.0,0.1583925038576126,0.4172965884208679,0.5208237171173096,SIMULATED_TRUTH,dimensionless_index_0_1
anisotropic_band,8103,2023-09-07 14:10:00+08:00,0.0,0.1674620807170868,0.42754673957824707,0.5211025476455688,SIMULATED_TRUTH,dimensionless_index_0_1
anisotropic_band,8103,2023-09-07 14:15:00+08:00,0.0,0.1761246919631958,0.4427035450935364,0.5313853621482849,SIMULATED_TRUTH,dimensionless_index_0_1
anisotropic_band,8103,2023-09-07 14:20:00+08:00,0.0,0.18228153884410858,0.4430294930934906,0.5322719812393188,SIMULATED_TRUTH,dimensionless_index_0_1
anisotropic_band,8103,2023-09-07 14:25:00+08:00,0.0,0.1881701797246933,0.44769659638404846,0.5347747802734375,SIMULATED_TRUTH,dimensionless_index_0_1
anisotropic_band,8103,2023-09-07 14:30:00+08:00,0.0,0.193804070353508,0.4574662148952484,0.5511630773544312,SIMULATED_TRUTH,dimensionless_index_0_1
anisotropic_band,8103,2023-09-07 14:35:00+08:00,0.0,0.19622033834457397,0.4601244330406189,0.5511434674263,SIMULATED_TRUTH,dimensionless_index_0_1
anisotropic_band,8103,2023-09-07 14:40:00+08:00,0.0,0.19854611158370972,0.45557793974876404,0.5602074861526489,SIMULATED_TRUTH,dimensionless_index_0_1
anisotropic_band,8103,2023-09-07 14:45:00+08:00,0.0,0.20078420639038086,0.45920848846435547,0.5796594619750977,SIMULATED_TRUTH,dimensionless_index_0_1
anisotropic_band,8104,2023-09-07 12:00:00+08:00,0.0,0.0,0.0,0.0,SIMULATED_TRUTH,dimensionless_index_0_1
anisotropic_band,8104,2023-09-07 12:05:00+08:00,0.0,0.0017743587959557772,0.004571530036628246,0.008920547552406788,SIMULATED_TRUTH,dimensionless_index_0_1
anisotropic_band,8104,2023-09-07 12:10:00+08:00,0.0,0.0034612438175827265,0.008968597277998924,0.016508225351572037,SIMULATED_TRUTH,dimensionless_index_0_1
anisotropic_band,8104,2023-09-07 12:15:00+08:00,0.0,0.005066154059022665,0.013201839290559292,0.022962184622883797,SIMULATED_TRUTH,dimensionless_index_0_1
anisotropic_band,8104,2023-09-07 12:20:00+08:00,0.0,0.007288990076631308,0.019979320466518402,0.03562900051474571,SIMULATED_TRUTH,dimensionless_index_0_1
anisotropic_band,8104,2023-09-07 12:25:00+08:00,0.0,0.00940528605133295,0.026675431057810783,0.0464031957089901,SIMULATED_TRUTH,dimensionless_index_0_1
anisotropic_band,8104,2023-09-07 12:30:00+08:00,0.0,0.01142145600169897,0.03324197605252266,0.055567558854818344,SIMULATED_TRUTH,dimensionless_index_0_1
anisotropic_band,8104,2023-09-07 12:35:00+08:00,0.0,0.014725583605468273,0.04463909938931465,0.07557439804077148,SIMULATED_TRUTH,dimensionless_index_0_1
anisotropic_band,8104,2023-09-07 12:40:00+08:00,0.0,0.017872551456093788,0.05628415569663048,0.09259189665317535,SIMULATED_TRUTH,dimensionless_index_0_1
anisotropic_band,8104,2023-09-07 12:45:00+08:00,0.0,0.02087169513106346,0.06761390715837479,0.10706672072410583,SIMULATED_TRUTH,dimensionless_index_0_1
anisotropic_band,8104,2023-09-07 12:50:00+08:00,0.0,0.025737514719367027,0.08217592537403107,0.1307980865240097,SIMULATED_TRUTH,dimensionless_index_0_1
anisotropic_band,8104,2023-09-07 12:55:00+08:00,0.0,0.03037259168922901,0.09814035892486572,0.15152989327907562,SIMULATED_TRUTH,dimensionless_index_0_1
anisotropic_band,8104,2023-09-07 13:00:00+08:00,0.0,0.034790534526109695,0.113313227891922,0.17261002957820892,SIMULATED_TRUTH,dimensionless_index_0_1
anisotropic_band,8104,2023-09-07 13:05:00+08:00,0.0,0.04217885807156563,0.13456469774246216,0.20712628960609436,SIMULATED_TRUTH,dimensionless_index_0_1
anisotropic_band,8104,2023-09-07 13:10:00+08:00,0.0,0.04921679571270943,0.16087621450424194,0.23787333071231842,SIMULATED_TRUTH,dimensionless_index_0_1
anisotropic_band,8104,2023-09-07 13:15:00+08:00,0.0,0.05592495948076248,0.18604296445846558,0.27000004053115845,SIMULATED_TRUTH,dimensionless_index_0_1
anisotropic_band,8104,2023-09-07 13:20:00+08:00,0.0,0.06596456468105316,0.21358011662960052,0.30828341841697693,SIMULATED_TRUTH,dimensionless_index_0_1
anisotropic_band,8104,2023-09-07 13:25:00+08:00,0.0,0.07552997022867203,0.24398155510425568,0.3425408899784088,SIMULATED_TRUTH,dimensionless_index_0_1
anisotropic_band,8104,2023-09-07 13:30:00+08:00,0.0,0.08464892208576202,0.27313941717147827,0.3731958270072937,SIMULATED_TRUTH,dimensionless_index_0_1
anisotropic_band,8104,2023-09-07 13:35:00+08:00,0.0,0.0957215204834938,0.29740163683891296,0.3979590833187103,SIMULATED_TRUTH,dimensionless_index_0_1
anisotropic_band,8104,2023-09-07 13:40:00+08:00,0.0,0.10627744346857071,0.32101842761039734,0.42503461241722107,SIMULATED_TRUTH,dimensionless_index_0_1
anisotropic_band,8104,2023-09-07 13:45:00+08:00,0.0,0.11634650081396103,0.34669890999794006,0.45043855905532837,SIMULATED_TRUTH,dimensionless_index_0_1
anisotropic_band,8104,2023-09-07 13:50:00+08:00,0.0,0.12749892473220825,0.36604955792427063,0.46372124552726746,SIMULATED_TRUTH,dimensionless_index_0_1
anisotropic_band,8104,2023-09-07 13:55:00+08:00,0.0,0.1381330043077469,0.3856453597545624,0.4866706132888794,SIMULATED_TRUTH,dimensionless_index_0_1
anisotropic_band,8104,2023-09-07 14:00:00+08:00,0.0,0.14827841520309448,0.40653154253959656,0.5081820487976074,SIMULATED_TRUTH,dimensionless_index_0_1
anisotropic_band,8104,2023-09-07 14:05:00+08:00,0.0,0.15784333646297455,0.4155312180519104,0.5061835050582886,SIMULATED_TRUTH,dimensionless_index_0_1
anisotropic_band,8104,2023-09-07 14:10:00+08:00,0.0,0.16697445511817932,0.42584171891212463,0.5123987197875977,SIMULATED_TRUTH,dimensionless_index_0_1
anisotropic_band,8104,2023-09-07 14:15:00+08:00,0.0,0.17569555342197418,0.4436326026916504,0.5301037430763245,SIMULATED_TRUTH,dimensionless_index_0_1
anisotropic_band,8104,2023-09-07 14:20:00+08:00,0.0,0.18190206587314606,0.4447413384914398,0.5282427668571472,SIMULATED_TRUTH,dimensionless_index_0_1
anisotropic_band,8104,2023-09-07 14:25:00+08:00,0.0,0.1878378987312317,0.44981738924980164,0.5382711291313171,SIMULATED_TRUTH,dimensionless_index_0_1
anisotropic_band,8104,2023-09-07 14:30:00+08:00,0.0,0.1935165375471115,0.45749276876449585,0.5572871565818787,SIMULATED_TRUTH,dimensionless_index_0_1
anisotropic_band,8104,2023-09-07 14:35:00+08:00,0.0,0.1959863305091858,0.45778071880340576,0.5598921775817871,SIMULATED_TRUTH,dimensionless_index_0_1
anisotropic_band,8104,2023-09-07 14:40:00+08:00,0.0,0.19836294651031494,0.45748159289360046,0.5696970820426941,SIMULATED_TRUTH,dimensionless_index_0_1
anisotropic_band,8104,2023-09-07 14:45:00+08:00,0.0,0.20064938068389893,0.4635114371776581,0.579879879951477,SIMULATED_TRUTH,dimensionless_index_0_1
anisotropic_band,8105,2023-09-07 12:00:00+08:00,0.0,0.0,0.0,0.0,SIMULATED_TRUTH,dimensionless_index_0_1
anisotropic_band,8105,2023-09-07 12:05:00+08:00,0.0,0.00178079167380929,0.004619951359927654,0.009239669889211655,SIMULATED_TRUTH,dimensionless_index_0_1
anisotropic_band,8105,2023-09-07 12:10:00+08:00,0.0,0.0034738187678158283,0.009047015570104122,0.017098788172006607,SIMULATED_TRUTH,dimensionless_index_0_1
anisotropic_band,8105,2023-09-07 12:15:00+08:00,0.0,0.005084595642983913,0.013247585855424404,0.02378363162279129,SIMULATED_TRUTH,dimensionless_index_0_1
anisotropic_band,8105,2023-09-07 12:20:00+08:00,0.0,0.00731757003813982,0.020044850185513496,0.036975108087062836,SIMULATED_TRUTH,dimensionless_index_0_1
anisotropic_band,8105,2023-09-07 12:25:00+08:00,0.0,0.009443532675504684,0.02677474170923233,0.04819557070732117,SIMULATED_TRUTH,dimensionless_index_0_1
anisotropic_band,8105,2023-09-07 12:30:00+08:00,0.0,0.011468925513327122,0.03335706517100334,0.05773952230811119,SIMULATED_TRUTH,dimensionless_index_0_1
anisotropic_band,8105,2023-09-07 12:35:00+08:00,0.0,0.014789117500185966,0.04454050213098526,0.07862778007984161,SIMULATED_TRUTH,dimensionless_index_0_1
anisotropic_band,8105,2023-09-07 12:40:00+08:00,0.0,0.017951371148228645,0.05541902035474777,0.09639500081539154,SIMULATED_TRUTH,dimensionless_index_0_1
anisotropic_band,8105,2023-09-07 12:45:00+08:00,0.0,0.020965060219168663,0.06631137430667877,0.11150752753019333,SIMULATED_TRUTH,dimensionless_index_0_1
anisotropic_band,8105,2023-09-07 12:50:00+08:00,0.0,0.02585264854133129,0.08364413678646088,0.1363036185503006,SIMULATED_TRUTH,dimensionless_index_0_1
anisotropic_band,8105,2023-09-07 12:55:00+08:00,0.0,0.030508389696478844,0.09902654588222504,0.15750113129615784,SIMULATED_TRUTH,dimensionless_index_0_1
anisotropic_band,8105,2023-09-07 13:00:00+08:00,0.0,0.034945953637361526,0.1145186722278595,0.17577767372131348,SIMULATED_TRUTH,dimensionless_index_0_1
anisotropic_band,8105,2023-09-07 13:05:00+08:00,0.0,0.04236210510134697,0.13910551369190216,0.21132229268550873,SIMULATED_TRUTH,dimensionless_index_0_1
anisotropic_band,8105,2023-09-07 13:10:00+08:00,0.0,0.04942641779780388,0.1653905212879181,0.25065237283706665,SIMULATED_TRUTH,dimensionless_index_0_1
anisotropic_band,8105,2023-09-07 13:15:00+08:00,0.0,0.05615958571434021,0.1893959641456604,0.285846471786499,SIMULATED_TRUTH,dimensionless_index_0_1
anisotropic_band,8105,2023-09-07 13:20:00+08:00,0.0,0.06622301042079926,0.21542243659496307,0.32246342301368713,SIMULATED_TRUTH,dimensionless_index_0_1
anisotropic_band,8105,2023-09-07 13:25:00+08:00,0.0,0.0758112296462059,0.24425595998764038,0.3552297055721283,SIMULATED_TRUTH,dimensionless_index_0_1
anisotropic_band,8105,2023-09-07 13:30:00+08:00,0.0,0.08495206385850906,0.27298465371131897,0.3845502734184265,SIMULATED_TRUTH,dimensionless_index_0_1
anisotropic_band,8105,2023-09-07 13:35:00+08:00,0.0,0.09613330662250519,0.29906660318374634,0.4127357602119446,SIMULATED_TRUTH,dimensionless_index_0_1
anisotropic_band,8105,2023-09-07 13:40:00+08:00,0.0,0.1067926436662674,0.3239974081516266,0.4419964849948883,SIMULATED_TRUTH,dimensionless_index_0_1
anisotropic_band,8105,2023-09-07 13:45:00+08:00,0.0,0.11696012318134308,0.3474823534488678,0.4694507122039795,SIMULATED_TRUTH,dimensionless_index_0_1
anisotropic_band,8105,2023-09-07 13:50:00+08:00,0.0,0.1281564086675644,0.36766770482063293,0.47650280594825745,SIMULATED_TRUTH,dimensionless_index_0_1
anisotropic_band,8105,2023-09-07 13:55:00+08:00,0.0,0.13883206248283386,0.3884807229042053,0.4934380352497101,SIMULATED_TRUTH,dimensionless_index_0_1
anisotropic_band,8105,2023-09-07 14:00:00+08:00,0.0,0.149016872048378,0.4063006341457367,0.5160248875617981,SIMULATED_TRUTH,dimensionless_index_0_1
anisotropic_band,8105,2023-09-07 14:05:00+08:00,0.0,0.15860000252723694,0.41768085956573486,0.5118720531463623,SIMULATED_TRUTH,dimensionless_index_0_1
anisotropic_band,8105,2023-09-07 14:10:00+08:00,0.0,0.16774913668632507,0.4283158779144287,0.5107374787330627,SIMULATED_TRUTH,dimensionless_index_0_1
anisotropic_band,8105,2023-09-07 14:15:00+08:00,0.0,0.17648795247077942,0.4438474774360657,0.5256363749504089,SIMULATED_TRUTH,dimensionless_index_0_1
anisotropic_band,8105,2023-09-07 14:20:00+08:00,0.0,0.18265949189662933,0.4436391592025757,0.5270845890045166,SIMULATED_TRUTH,dimensionless_index_0_1
anisotropic_band,8105,2023-09-07 14:25:00+08:00,0.0,0.18856242299079895,0.4503759443759918,0.5352259278297424,SIMULATED_TRUTH,dimensionless_index_0_1
anisotropic_band,8105,2023-09-07 14:30:00+08:00,0.0,0.19421015679836273,0.4578801691532135,0.5544174313545227,SIMULATED_TRUTH,dimensionless_index_0_1
anisotropic_band,8105,2023-09-07 14:35:00+08:00,0.0,0.19667981564998627,0.45443013310432434,0.5556954145431519,SIMULATED_TRUTH,dimensionless_index_0_1
anisotropic_band,8105,2023-09-07 14:40:00+08:00,0.0,0.19905684888362885,0.45520466566085815,0.564852774143219,SIMULATED_TRUTH,dimensionless_index_0_1
anisotropic_band,8105,2023-09-07 14:45:00+08:00,0.0,0.20134422183036804,0.46304628252983093,0.5736879110336304,SIMULATED_TRUTH,dimensionless_index_0_1
anisotropic_band,8106,2023-09-07 12:00:00+08:00,0.0,0.0,0.0,0.0,SIMULATED_TRUTH,dimensionless_index_0_1
anisotropic_band,8106,2023-09-07 12:05:00+08:00,0.0,0.001780034857802093,0.004603188019245863,0.008938871324062347,SIMULATED_TRUTH,dimensionless_index_0_1
anisotropic_band,8106,2023-09-07 12:10:00+08:00,0.0,0.0034723200369626284,0.009031802415847778,0.016509978100657463,SIMULATED_TRUTH,dimensionless_index_0_1
anisotropic_band,8106,2023-09-07 12:15:00+08:00,0.0,0.005082370713353157,0.013286980800330639,0.02296462282538414,SIMULATED_TRUTH,dimensionless_index_0_1
anisotropic_band,8106,2023-09-07 12:20:00+08:00,0.0,0.007315235678106546,0.020105058327317238,0.03563299775123596,SIMULATED_TRUTH,dimensionless_index_0_1
anisotropic_band,8106,2023-09-07 12:25:00+08:00,0.0,0.009441083297133446,0.026862775906920433,0.0464085191488266,SIMULATED_TRUTH,dimensionless_index_0_1
anisotropic_band,8106,2023-09-07 12:30:00+08:00,0.0,0.01146635040640831,0.03345315530896187,0.05557400733232498,SIMULATED_TRUTH,dimensionless_index_0_1
anisotropic_band,8106,2023-09-07 12:35:00+08:00,0.0,0.014785660430788994,0.044943202286958694,0.07558345794677734,SIMULATED_TRUTH,dimensionless_index_0_1
anisotropic_band,8106,2023-09-07 12:40:00+08:00,0.0,0.017947083339095116,0.05662543326616287,0.0926031842827797,SIMULATED_TRUTH,dimensionless_index_0_1
anisotropic_band,8106,2023-09-07 12:45:00+08:00,0.0,0.020959995687007904,0.06776113063097,0.1070799008011818,SIMULATED_TRUTH,dimensionless_index_0_1
anisotropic_band,8106,2023-09-07 12:50:00+08:00,0.0,0.02583928033709526,0.08318637311458588,0.13081443309783936,SIMULATED_TRUTH,dimensionless_index_0_1
anisotropic_band,8106,2023-09-07 12:55:00+08:00,0.0,0.030487174168229103,0.09865378588438034,0.15431493520736694,SIMULATED_TRUTH,dimensionless_index_0_1
anisotropic_band,8106,2023-09-07 13:00:00+08:00,0.0,0.03491731733083725,0.1133645549416542,0.17580464482307434,SIMULATED_TRUTH,dimensionless_index_0_1
anisotropic_band,8106,2023-09-07 13:05:00+08:00,0.0,0.04230567812919617,0.14131702482700348,0.21547001600265503,SIMULATED_TRUTH,dimensionless_index_0_1
anisotropic_band,8106,2023-09-07 13:10:00+08:00,0.0,0.04934366047382355,0.16878002882003784,0.25116702914237976,SIMULATED_TRUTH,dimensionless_index_0_1
anisotropic_band,8106,2023-09-07 13:15:00+08:00,0.0,0.05605188384652138,0.1933252364397049,0.281625360250473,SIMULATED_TRUTH,dimensionless_index_0_1
anisotropic_band,8106,2023-09-07 13:20:00+08:00,0.0,0.06606392562389374,0.2164372354745865,0.31685805320739746,SIMULATED_TRUTH,dimensionless_index_0_1
anisotropic_band,8106,2023-09-07 13:25:00+08:00,0.0,0.07560337334871292,0.24510608613491058,0.3469201922416687,SIMULATED_TRUTH,dimensionless_index_0_1
anisotropic_band,8106,2023-09-07 13:30:00+08:00,0.0,0.08469787240028381,0.27508705854415894,0.37433499097824097,SIMULATED_TRUTH,dimensionless_index_0_1
anisotropic_band,8106,2023-09-07 13:35:00+08:00,0.0,0.09581690281629562,0.30013197660446167,0.4023038446903229,SIMULATED_TRUTH,dimensionless_index_0_1
anisotropic_band,8106,2023-09-07 13:40:00+08:00,0.0,0.1064164787530899,0.32319995760917664,0.42820191383361816,SIMULATED_TRUTH,dimensionless_index_0_1
anisotropic_band,8106,2023-09-07 13:45:00+08:00,0.0,0.11652658134698868,0.3471528887748718,0.4525115191936493,SIMULATED_TRUTH,dimensionless_index_0_1
anisotropic_band,8106,2023-09-07 13:50:00+08:00,0.0,0.12765483558177948,0.3658718764781952,0.4736621081829071,SIMULATED_TRUTH,dimensionless_index_0_1
anisotropic_band,8106,2023-09-07 13:55:00+08:00,0.0,0.13826553523540497,0.386696457862854,0.49864083528518677,SIMULATED_TRUTH,dimensionless_index_0_1
anisotropic_band,8106,2023-09-07 14:00:00+08:00,0.0,0.1483883261680603,0.40507540106773376,0.5220544934272766,SIMULATED_TRUTH,dimensionless_index_0_1
anisotropic_band,8106,2023-09-07 14:05:00+08:00,0.0,0.157918781042099,0.41350099444389343,0.5181167125701904,SIMULATED_TRUTH,dimensionless_index_0_1
anisotropic_band,8106,2023-09-07 14:10:00+08:00,0.0,0.16701719164848328,0.4260592758655548,0.5144256353378296,SIMULATED_TRUTH,dimensionless_index_0_1
anisotropic_band,8106,2023-09-07 14:15:00+08:00,0.0,0.17570722103118896,0.44186636805534363,0.5299862623214722,SIMULATED_TRUTH,dimensionless_index_0_1
anisotropic_band,8106,2023-09-07 14:20:00+08:00,0.0,0.18188592791557312,0.4442196786403656,0.5327328443527222,SIMULATED_TRUTH,dimensionless_index_0_1
anisotropic_band,8106,2023-09-07 14:25:00+08:00,0.0,0.18779584765434265,0.44952192902565,0.5353531837463379,SIMULATED_TRUTH,dimensionless_index_0_1
anisotropic_band,8106,2023-09-07 14:30:00+08:00,0.0,0.19345039129257202,0.45810452103614807,0.5523169040679932,SIMULATED_TRUTH,dimensionless_index_0_1
anisotropic_band,8106,2023-09-07 14:35:00+08:00,0.0,0.19586840271949768,0.45671921968460083,0.5537702441215515,SIMULATED_TRUTH,dimensionless_index_0_1
anisotropic_band,8106,2023-09-07 14:40:00+08:00,0.0,0.19819670915603638,0.4555773138999939,0.5626305341720581,SIMULATED_TRUTH,dimensionless_index_0_1
anisotropic_band,8106,2023-09-07 14:45:00+08:00,0.0,0.20043811202049255,0.4601622223854065,0.5798163414001465,SIMULATED_TRUTH,dimensionless_index_0_1
anisotropic_band,8107,2023-09-07 12:00:00+08:00,0.0,0.0,0.0,0.0,SIMULATED_TRUTH,dimensionless_index_0_1
anisotropic_band,8107,2023-09-07 12:05:00+08:00,0.0,0.001774085802026093,0.004615785554051399,0.009138085879385471,SIMULATED_TRUTH,dimensionless_index_0_1
anisotropic_band,8107,2023-09-07 12:10:00+08:00,0.0,0.0034607360139489174,0.009027008898556232,0.016910798847675323,SIMULATED_TRUTH,dimensionless_index_0_1
anisotropic_band,8107,2023-09-07 12:15:00+08:00,0.0,0.005065445322543383,0.013223662972450256,0.02352214604616165,SIMULATED_TRUTH,dimensionless_index_0_1
anisotropic_band,8107,2023-09-07 12:20:00+08:00,0.0,0.007286970503628254,0.020046286284923553,0.03654661029577255,SIMULATED_TRUTH,dimensionless_index_0_1
anisotropic_band,8107,2023-09-07 12:25:00+08:00,0.0,0.009402059949934483,0.02676362730562687,0.047625016421079636,SIMULATED_TRUTH,dimensionless_index_0_1
anisotropic_band,8107,2023-09-07 12:30:00+08:00,0.0,0.011417116038501263,0.03330672159790993,0.05704813450574875,SIMULATED_TRUTH,dimensionless_index_0_1
anisotropic_band,8107,2023-09-07 12:35:00+08:00,0.0,0.014717266894876957,0.04478396102786064,0.07765581458806992,SIMULATED_TRUTH,dimensionless_index_0_1
anisotropic_band,8107,2023-09-07 12:40:00+08:00,0.0,0.017860518768429756,0.05575938522815704,0.09518438577651978,SIMULATED_TRUTH,dimensionless_index_0_1
anisotropic_band,8107,2023-09-07 12:45:00+08:00,0.0,0.020856190472841263,0.066718690097332,0.11009391397237778,SIMULATED_TRUTH,dimensionless_index_0_1
anisotropic_band,8107,2023-09-07 12:50:00+08:00,0.0,0.025714922696352005,0.08138560503721237,0.13455107808113098,SIMULATED_TRUTH,dimensionless_index_0_1
anisotropic_band,8107,2023-09-07 12:55:00+08:00,0.0,0.03034338727593422,0.09665916860103607,0.15546287596225739,SIMULATED_TRUTH,dimensionless_index_0_1
anisotropic_band,8107,2023-09-07 13:00:00+08:00,0.0,0.03475513309240341,0.11290028691291809,0.17712141573429108,SIMULATED_TRUTH,dimensionless_index_0_1
anisotropic_band,8107,2023-09-07 13:05:00+08:00,0.0,0.042135514318943024,0.13651572167873383,0.21259135007858276,SIMULATED_TRUTH,dimensionless_index_0_1
anisotropic_band,8107,2023-09-07 13:10:00+08:00,0.0,0.049166154116392136,0.1616840809583664,0.24386264383792877,SIMULATED_TRUTH,dimensionless_index_0_1
anisotropic_band,8107,2023-09-07 13:15:00+08:00,0.0,0.05586759373545647,0.18523454666137695,0.2745295763015747,SIMULATED_TRUTH,dimensionless_index_0_1
anisotropic_band,8107,2023-09-07 13:20:00+08:00,0.0,0.06592917442321777,0.21387475728988647,0.3096289038658142,SIMULATED_TRUTH,dimensionless_index_0_1
anisotropic_band,8107,2023-09-07 13:25:00+08:00,0.0,0.07551594078540802,0.2432125210762024,0.34228697419166565,SIMULATED_TRUTH,dimensionless_index_0_1
anisotropic_band,8107,2023-09-07 13:30:00+08:00,0.0,0.08465562015771866,0.27234068512916565,0.37012842297554016,SIMULATED_TRUTH,dimensionless_index_0_1
anisotropic_band,8107,2023-09-07 13:35:00+08:00,0.0,0.09577947854995728,0.297719269990921,0.39386364817619324,SIMULATED_TRUTH,dimensionless_index_0_1
anisotropic_band,8107,2023-09-07 13:40:00+08:00,0.0,0.10638415068387985,0.32156839966773987,0.41975948214530945,SIMULATED_TRUTH,dimensionless_index_0_1
anisotropic_band,8107,2023-09-07 13:45:00+08:00,0.0,0.11649956554174423,0.3470838963985443,0.44690513610839844,SIMULATED_TRUTH,dimensionless_index_0_1
anisotropic_band,8107,2023-09-07 13:50:00+08:00,0.0,0.1276904195547104,0.3658263087272644,0.4735233187675476,SIMULATED_TRUTH,dimensionless_index_0_1
anisotropic_band,8107,2023-09-07 13:55:00+08:00,0.0,0.1383609175682068,0.3838244378566742,0.4984737038612366,SIMULATED_TRUTH,dimensionless_index_0_1
anisotropic_band,8107,2023-09-07 14:00:00+08:00,0.0,0.14854086935520172,0.40434667468070984,0.5218607783317566,SIMULATED_TRUTH,dimensionless_index_0_1
anisotropic_band,8107,2023-09-07 14:05:00+08:00,0.0,0.1581076979637146,0.4139838218688965,0.5179160833358765,SIMULATED_TRUTH,dimensionless_index_0_1
anisotropic_band,8107,2023-09-07 14:10:00+08:00,0.0,0.1672414094209671,0.42660149931907654,0.5142185091972351,SIMULATED_TRUTH,dimensionless_index_0_1
anisotropic_band,8107,2023-09-07 14:15:00+08:00,0.0,0.17596563696861267,0.4442298412322998,0.5279890298843384,SIMULATED_TRUTH,dimensionless_index_0_1
anisotropic_band,8107,2023-09-07 14:20:00+08:00,0.0,0.18216800689697266,0.444736123085022,0.5253909230232239,SIMULATED_TRUTH,dimensionless_index_0_1
anisotropic_band,8107,2023-09-07 14:25:00+08:00,0.0,0.18810003995895386,0.4500359296798706,0.5344756245613098,SIMULATED_TRUTH,dimensionless_index_0_1
anisotropic_band,8107,2023-09-07 14:30:00+08:00,0.0,0.19377531111240387,0.458798885345459,0.5537140965461731,SIMULATED_TRUTH,dimensionless_index_0_1
anisotropic_band,8107,2023-09-07 14:35:00+08:00,0.0,0.1962326169013977,0.4553334712982178,0.5529001355171204,SIMULATED_TRUTH,dimensionless_index_0_1
anisotropic_band,8107,2023-09-07 14:40:00+08:00,0.0,0.19859741628170013,0.45677733421325684,0.5616261959075928,SIMULATED_TRUTH,dimensionless_index_0_1
anisotropic_band,8107,2023-09-07 14:45:00+08:00,0.0,0.2008727639913559,0.4618256688117981,0.5804265737533569,SIMULATED_TRUTH,dimensionless_index_0_1
anisotropic_band,8108,2023-09-07 12:00:00+08:00,0.0,0.0,0.0,0.0,SIMULATED_TRUTH,dimensionless_index_0_1
anisotropic_band,8108,2023-09-07 12:05:00+08:00,0.0,0.001782077713869512,0.004629656206816435,0.008816265501081944,SIMULATED_TRUTH,dimensionless_index_0_1
anisotropic_band,8108,2023-09-07 12:10:00+08:00,0.0,0.00347636709921062,0.009071268141269684,0.016279073432087898,SIMULATED_TRUTH,dimensionless_index_0_1
anisotropic_band,8108,2023-09-07 12:15:00+08:00,0.0,0.005088381003588438,0.013280896469950676,0.022596202790737152,SIMULATED_TRUTH,dimensionless_index_0_1
anisotropic_band,8108,2023-09-07 12:20:00+08:00,0.0,0.007324033882468939,0.02010847069323063,0.034303609281778336,SIMULATED_TRUTH,dimensionless_index_0_1
anisotropic_band,8108,2023-09-07 12:25:00+08:00,0.0,0.009452633559703827,0.026927107945084572,0.04463840276002884,SIMULATED_TRUTH,dimensionless_index_0_1
anisotropic_band,8108,2023-09-07 12:30:00+08:00,0.0,0.01148061640560627,0.03355742618441582,0.0534290187060833,SIMULATED_TRUTH,dimensionless_index_0_1
anisotropic_band,8108,2023-09-07 12:35:00+08:00,0.0,0.014803175814449787,0.04541526362299919,0.07256799936294556,SIMULATED_TRUTH,dimensionless_index_0_1
anisotropic_band,8108,2023-09-07 12:40:00+08:00,0.0,0.017967864871025085,0.05670912563800812,0.088847316801548,SIMULATED_TRUTH,dimensionless_index_0_1
anisotropic_band,8108,2023-09-07 12:45:00+08:00,0.0,0.020984046161174774,0.06721634417772293,0.10295740514993668,SIMULATED_TRUTH,dimensionless_index_0_1
anisotropic_band,8108,2023-09-07 12:50:00+08:00,0.0,0.025866860523819923,0.08186643570661545,0.13120508193969727,SIMULATED_TRUTH,dimensionless_index_0_1
anisotropic_band,8108,2023-09-07 12:55:00+08:00,0.0,0.03051835298538208,0.09726101160049438,0.1551162302494049,SIMULATED_TRUTH,dimensionless_index_0_1
anisotropic_band,8108,2023-09-07 13:00:00+08:00,0.0,0.03495213761925697,0.11297649890184402,0.17558783292770386,SIMULATED_TRUTH,dimensionless_index_0_1
anisotropic_band,8108,2023-09-07 13:05:00+08:00,0.0,0.042346611618995667,0.13584794104099274,0.21620531380176544,SIMULATED_TRUTH,dimensionless_index_0_1
anisotropic_band,8108,2023-09-07 13:10:00+08:00,0.0,0.049390703439712524,0.16171756386756897,0.25203007459640503,SIMULATED_TRUTH,dimensionless_index_0_1
anisotropic_band,8108,2023-09-07 13:15:00+08:00,0.0,0.056104980409145355,0.18713484704494476,0.2825973927974701,SIMULATED_TRUTH,dimensionless_index_0_1
anisotropic_band,8108,2023-09-07 13:20:00+08:00,0.0,0.06615106016397476,0.21397241950035095,0.317687451839447,SIMULATED_TRUTH,dimensionless_index_0_1
anisotropic_band,8108,2023-09-07 13:25:00+08:00,0.0,0.07572255283594131,0.24109970033168793,0.3476278781890869,SIMULATED_TRUTH,dimensionless_index_0_1
anisotropic_band,8108,2023-09-07 13:30:00+08:00,0.0,0.08484724909067154,0.2705192267894745,0.3750664293766022,SIMULATED_TRUTH,dimensionless_index_0_1
anisotropic_band,8108,2023-09-07 13:35:00+08:00,0.0,0.09593026340007782,0.2966611087322235,0.40317657589912415,SIMULATED_TRUTH,dimensionless_index_0_1
anisotropic_band,8108,2023-09-07 13:40:00+08:00,0.0,0.10649596154689789,0.32223939895629883,0.4292054772377014,SIMULATED_TRUTH,dimensionless_index_0_1
anisotropic_band,8108,2023-09-07 13:45:00+08:00,0.0,0.11657415330410004,0.34640729427337646,0.4536445438861847,SIMULATED_TRUTH,dimensionless_index_0_1
anisotropic_band,8108,2023-09-07 13:50:00+08:00,0.0,0.12773385643959045,0.36559632420539856,0.4631560444831848,SIMULATED_TRUTH,dimensionless_index_0_1
anisotropic_band,8108,2023-09-07 13:55:00+08:00,0.0,0.13837528228759766,0.38429638743400574,0.4837079346179962,SIMULATED_TRUTH,dimensionless_index_0_1
anisotropic_band,8108,2023-09-07 14:00:00+08:00,0.0,0.1485280692577362,0.40515610575675964,0.504748523235321,SIMULATED_TRUTH,dimensionless_index_0_1
anisotropic_band,8108,2023-09-07 14:05:00+08:00,0.0,0.15807577967643738,0.41512614488601685,0.5076830983161926,SIMULATED_TRUTH,dimensionless_index_0_1
anisotropic_band,8108,2023-09-07 14:10:00+08:00,0.0,0.1671913117170334,0.4270389676094055,0.5144251585006714,SIMULATED_TRUTH,dimensionless_index_0_1
anisotropic_band,8108,2023-09-07 14:15:00+08:00,0.0,0.1758982092142105,0.4415034055709839,0.5282577276229858,SIMULATED_TRUTH,dimensionless_index_0_1
anisotropic_band,8108,2023-09-07 14:20:00+08:00,0.0,0.18206676840782166,0.4421471953392029,0.5303738117218018,SIMULATED_TRUTH,dimensionless_index_0_1
anisotropic_band,8108,2023-09-07 14:25:00+08:00,0.0,0.18796686828136444,0.44740986824035645,0.5368738174438477,SIMULATED_TRUTH,dimensionless_index_0_1
anisotropic_band,8108,2023-09-07 14:30:00+08:00,0.0,0.1936119645833969,0.45470044016838074,0.5529607534408569,SIMULATED_TRUTH,dimensionless_index_0_1
anisotropic_band,8108,2023-09-07 14:35:00+08:00,0.0,0.19604820013046265,0.45948565006256104,0.5592249035835266,SIMULATED_TRUTH,dimensionless_index_0_1
anisotropic_band,8108,2023-09-07 14:40:00+08:00,0.0,0.19839343428611755,0.45757409930229187,0.5689268708229065,SIMULATED_TRUTH,dimensionless_index_0_1
anisotropic_band,8108,2023-09-07 14:45:00+08:00,0.0,0.20065052807331085,0.4625685513019562,0.5782874226570129,SIMULATED_TRUTH,dimensionless_index_0_1
anisotropic_band,8109,2023-09-07 12:00:00+08:00,0.0,0.0,0.0,0.0,SIMULATED_TRUTH,dimensionless_index_0_1
anisotropic_band,8109,2023-09-07 12:05:00+08:00,0.0,0.0017762286588549614,0.00456214090809226,0.008869064040482044,SIMULATED_TRUTH,dimensionless_index_0_1
anisotropic_band,8109,2023-09-07 12:10:00+08:00,0.0,0.0034649299923330545,0.00895346887409687,0.016412951052188873,SIMULATED_TRUTH,dimensionless_index_0_1
anisotropic_band,8109,2023-09-07 12:15:00+08:00,0.0,0.005071602761745453,0.013174789026379585,0.022829663008451462,SIMULATED_TRUTH,dimensionless_index_0_1
anisotropic_band,8109,2023-09-07 12:20:00+08:00,0.0,0.007297065574675798,0.019990503787994385,0.03541183844208717,SIMULATED_TRUTH,dimensionless_index_0_1
anisotropic_band,8109,2023-09-07 12:25:00+08:00,0.0,0.009415941312909126,0.02659512683749199,0.04611403867602348,SIMULATED_TRUTH,dimensionless_index_0_1
anisotropic_band,8109,2023-09-07 12:30:00+08:00,0.0,0.011434635147452354,0.03298461437225342,0.055217161774635315,SIMULATED_TRUTH,dimensionless_index_0_1
anisotropic_band,8109,2023-09-07 12:35:00+08:00,0.0,0.014741385355591774,0.04442599043250084,0.07508179545402527,SIMULATED_TRUTH,dimensionless_index_0_1
anisotropic_band,8109,2023-09-07 12:40:00+08:00,0.0,0.017891021445393562,0.05612467601895332,0.09197834879159927,SIMULATED_TRUTH,dimensionless_index_0_1
anisotropic_band,8109,2023-09-07 12:45:00+08:00,0.0,0.020892854779958725,0.0674227625131607,0.10635028779506683,SIMULATED_TRUTH,dimensionless_index_0_1
anisotropic_band,8109,2023-09-07 12:50:00+08:00,0.0,0.025759493932127953,0.08273383975028992,0.12990988790988922,SIMULATED_TRUTH,dimensionless_index_0_1
anisotropic_band,8109,2023-09-07 12:55:00+08:00,0.0,0.030395666137337685,0.09772662818431854,0.15005603432655334,SIMULATED_TRUTH,dimensionless_index_0_1
anisotropic_band,8109,2023-09-07 13:00:00+08:00,0.0,0.03481493517756462,0.11196786165237427,0.1674688756465912,SIMULATED_TRUTH,dimensionless_index_0_1
anisotropic_band,8109,2023-09-07 13:05:00+08:00,0.0,0.04220433533191681,0.1352481096982956,0.2056322544813156,SIMULATED_TRUTH,dimensionless_index_0_1
anisotropic_band,8109,2023-09-07 13:10:00+08:00,0.0,0.04924387112259865,0.16069674491882324,0.23980960249900818,SIMULATED_TRUTH,dimensionless_index_0_1
anisotropic_band,8109,2023-09-07 13:15:00+08:00,0.0,0.05595408380031586,0.1862080842256546,0.2734173536300659,SIMULATED_TRUTH,dimensionless_index_0_1
anisotropic_band,8109,2023-09-07 13:20:00+08:00,0.0,0.06600114703178406,0.21384885907173157,0.31134137511253357,SIMULATED_TRUTH,dimensionless_index_0_1
anisotropic_band,8109,2023-09-07 13:25:00+08:00,0.0,0.0755741074681282,0.24217653274536133,0.3452772796154022,SIMULATED_TRUTH,dimensionless_index_0_1
anisotropic_band,8109,2023-09-07 13:30:00+08:00,0.0,0.08470066636800766,0.27194738388061523,0.3756444454193115,SIMULATED_TRUTH,dimensionless_index_0_1
anisotropic_band,8109,2023-09-07 13:35:00+08:00,0.0,0.09584672003984451,0.2959184944629669,0.40114569664001465,SIMULATED_TRUTH,dimensionless_index_0_1
anisotropic_band,8109,2023-09-07 13:40:00+08:00,0.0,0.10647250711917877,0.320467472076416,0.42869246006011963,SIMULATED_TRUTH,dimensionless_index_0_1
anisotropic_band,8109,2023-09-07 13:45:00+08:00,0.0,0.11660800874233246,0.3466496467590332,0.4545385539531708,SIMULATED_TRUTH,dimensionless_index_0_1
anisotropic_band,8109,2023-09-07 13:50:00+08:00,0.0,0.1277638077735901,0.3647018074989319,0.4609319865703583,SIMULATED_TRUTH,dimensionless_index_0_1
anisotropic_band,8109,2023-09-07 13:55:00+08:00,0.0,0.13840098679065704,0.3832438886165619,0.4822884202003479,SIMULATED_TRUTH,dimensionless_index_0_1
anisotropic_band,8109,2023-09-07 14:00:00+08:00,0.0,0.14854921400547028,0.40468522906303406,0.5041528344154358,SIMULATED_TRUTH,dimensionless_index_0_1
anisotropic_band,8109,2023-09-07 14:05:00+08:00,0.0,0.15814746916294098,0.413960337638855,0.5121652483940125,SIMULATED_TRUTH,dimensionless_index_0_1
anisotropic_band,8109,2023-09-07 14:10:00+08:00,0.0,0.16731098294258118,0.42576730251312256,0.5197446942329407,SIMULATED_TRUTH,dimensionless_index_0_1
anisotropic_band,8109,2023-09-07 14:15:00+08:00,0.0,0.17606346309185028,0.44266843795776367,0.5289793610572815,SIMULATED_TRUTH,dimensionless_index_0_1
anisotropic_band,8109,2023-09-07 14:20:00+08:00,0.0,0.18225975334644318,0.44342362880706787,0.5293574333190918,SIMULATED_TRUTH,dimensionless_index_0_1
anisotropic_band,8109,2023-09-07 14:25:00+08:00,0.0,0.18818601965904236,0.44976285099983215,0.5371439456939697,SIMULATED_TRUTH,dimensionless_index_0_1
anisotropic_band,8109,2023-09-07 14:30:00+08:00,0.0,0.19385579228401184,0.45812466740608215,0.5543230772018433,SIMULATED_TRUTH,dimensionless_index_0_1
anisotropic_band,8109,2023-09-07 14:35:00+08:00,0.0,0.19629932940006256,0.4605799913406372,0.5571441650390625,SIMULATED_TRUTH,dimensionless_index_0_1
anisotropic_band,8109,2023-09-07 14:40:00+08:00,0.0,0.19865109026432037,0.45843425393104553,0.5665250420570374,SIMULATED_TRUTH,dimensionless_index_0_1
anisotropic_band,8109,2023-09-07 14:45:00+08:00,0.0,0.20091404020786285,0.46321141719818115,0.5755758285522461,SIMULATED_TRUTH,dimensionless_index_0_1
anisotropic_band,8110,2023-09-07 12:00:00+08:00,0.0,0.0,0.0,0.0,SIMULATED_TRUTH,dimensionless_index_0_1
anisotropic_band,8110,2023-09-07 12:05:00+08:00,0.0,0.0017775946762412786,0.004560759291052818,0.008891250006854534,SIMULATED_TRUTH,dimensionless_index_0_1
anisotropic_band,8110,2023-09-07 12:10:00+08:00,0.0,0.0034675842616707087,0.008942433632910252,0.016454007476568222,SIMULATED_TRUTH,dimensionless_index_0_1
anisotropic_band,8110,2023-09-07 12:15:00+08:00,0.0,0.005075471941381693,0.013151542283594608,0.022886771708726883,SIMULATED_TRUTH,dimensionless_index_0_1
anisotropic_band,8110,2023-09-07 12:20:00+08:00,0.0,0.00730611989274621,0.02016213722527027,0.035505421459674835,SIMULATED_TRUTH,dimensionless_index_0_1
anisotropic_band,8110,2023-09-07 12:25:00+08:00,0.0,0.009429902769625187,0.02714606374502182,0.046238649636507034,SIMULATED_TRUTH,dimensionless_index_0_1
anisotropic_band,8110,2023-09-07 12:30:00+08:00,0.0,0.011453244835138321,0.033912092447280884,0.05536816269159317,SIMULATED_TRUTH,dimensionless_index_0_1
anisotropic_band,8110,2023-09-07 12:35:00+08:00,0.0,0.014775278978049755,0.04531063511967659,0.07529407739639282,SIMULATED_TRUTH,dimensionless_index_0_1
anisotropic_band,8110,2023-09-07 12:40:00+08:00,0.0,0.017939379438757896,0.0572194866836071,0.09224274754524231,SIMULATED_TRUTH,dimensionless_index_0_1
anisotropic_band,8110,2023-09-07 12:45:00+08:00,0.0,0.02095491625368595,0.06836175173521042,0.10665902495384216,SIMULATED_TRUTH,dimensionless_index_0_1
anisotropic_band,8110,2023-09-07 12:50:00+08:00,0.0,0.025853246450424194,0.08298107981681824,0.1302926391363144,SIMULATED_TRUTH,dimensionless_index_0_1
anisotropic_band,8110,2023-09-07 12:55:00+08:00,0.0,0.030519377440214157,0.09928188472986221,0.15414109826087952,SIMULATED_TRUTH,dimensionless_index_0_1
anisotropic_band,8110,2023-09-07 13:00:00+08:00,0.0,0.03496697172522545,0.11503942310810089,0.1768716424703598,SIMULATED_TRUTH,dimensionless_index_0_1
anisotropic_band,8110,2023-09-07 13:05:00+08:00,0.0,0.0424075685441494,0.13971082866191864,0.21953628957271576,SIMULATED_TRUTH,dimensionless_index_0_1
anisotropic_band,8110,2023-09-07 13:10:00+08:00,0.0,0.049495335668325424,0.16713640093803406,0.2559397220611572,SIMULATED_TRUTH,dimensionless_index_0_1
anisotropic_band,8110,2023-09-07 13:15:00+08:00,0.0,0.05625101551413536,0.19219858944416046,0.28700077533721924,SIMULATED_TRUTH,dimensionless_index_0_1
anisotropic_band,8110,2023-09-07 13:20:00+08:00,0.0,0.06629299372434616,0.21793197095394135,0.3214446008205414,SIMULATED_TRUTH,dimensionless_index_0_1
anisotropic_band,8110,2023-09-07 13:25:00+08:00,0.0,0.07586085796356201,0.24696655571460724,0.3508336544036865,SIMULATED_TRUTH,dimensionless_index_0_1
anisotropic_band,8110,2023-09-07 13:30:00+08:00,0.0,0.08498232811689377,0.27621346712112427,0.37838006019592285,SIMULATED_TRUTH,dimensionless_index_0_1
anisotropic_band,8110,2023-09-07 13:35:00+08:00,0.0,0.09606538712978363,0.30032169818878174,0.4071301519870758,SIMULATED_TRUTH,dimensionless_index_0_1
anisotropic_band,8110,2023-09-07 13:40:00+08:00,0.0,0.10663114488124847,0.3238520324230194,0.4337516129016876,SIMULATED_TRUTH,dimensionless_index_0_1
anisotropic_band,8110,2023-09-07 13:45:00+08:00,0.0,0.11670942604541779,0.34876197576522827,0.45877745747566223,SIMULATED_TRUTH,dimensionless_index_0_1
anisotropic_band,8110,2023-09-07 13:50:00+08:00,0.0,0.1278502643108368,0.3695699870586395,0.4685438871383667,SIMULATED_TRUTH,dimensionless_index_0_1
anisotropic_band,8110,2023-09-07 13:55:00+08:00,0.0,0.13847297430038452,0.38910987973213196,0.49088940024375916,SIMULATED_TRUTH,dimensionless_index_0_1
anisotropic_band,8110,2023-09-07 14:00:00+08:00,0.0,0.14860722422599792,0.40709009766578674,0.5130712389945984,SIMULATED_TRUTH,dimensionless_index_0_1
anisotropic_band,8110,2023-09-07 14:05:00+08:00,0.0,0.15816707909107208,0.4184070825576782,0.5088130831718445,SIMULATED_TRUTH,dimensionless_index_0_1
anisotropic_band,8110,2023-09-07 14:10:00+08:00,0.0,0.16729333996772766,0.4300994873046875,0.5150802731513977,SIMULATED_TRUTH,dimensionless_index_0_1
anisotropic_band,8110,2023-09-07 14:15:00+08:00,0.0,0.17600977420806885,0.44572144746780396,0.5294885635375977,SIMULATED_TRUTH,dimensionless_index_0_1
anisotropic_band,8110,2023-09-07 14:20:00+08:00,0.0,0.18217432498931885,0.4471229612827301,0.527029812335968,SIMULATED_TRUTH,dimensionless_index_0_1
anisotropic_band,8110,2023-09-07 14:25:00+08:00,0.0,0.18807046115398407,0.45311495661735535,0.537262499332428,SIMULATED_TRUTH,dimensionless_index_0_1
anisotropic_band,8110,2023-09-07 14:30:00+08:00,0.0,0.19371159374713898,0.4602925777435303,0.5563366413116455,SIMULATED_TRUTH,dimensionless_index_0_1
anisotropic_band,8110,2023-09-07 14:35:00+08:00,0.0,0.19612842798233032,0.4597129821777344,0.5542445182800293,SIMULATED_TRUTH,dimensionless_index_0_1
anisotropic_band,8110,2023-09-07 14:40:00+08:00,0.0,0.19845515489578247,0.45640698075294495,0.5619387626647949,SIMULATED_TRUTH,dimensionless_index_0_1
anisotropic_band,8110,2023-09-07 14:45:00+08:00,0.0,0.20069453120231628,0.4617718458175659,0.5722668766975403,SIMULATED_TRUTH,dimensionless_index_0_1
anisotropic_band,8111,2023-09-07 12:00:00+08:00,0.0,0.0,0.0,0.0,SIMULATED_TRUTH,dimensionless_index_0_1
anisotropic_band,8111,2023-09-07 12:05:00+08:00,0.0,0.0017822661902755499,0.004594380967319012,0.008983032777905464,SIMULATED_TRUTH,dimensionless_index_0_1
anisotropic_band,8111,2023-09-07 12:10:00+08:00,0.0,0.0034767347387969494,0.009006055071949959,0.016623860225081444,SIMULATED_TRUTH,dimensionless_index_0_1
anisotropic_band,8111,2023-09-07 12:15:00+08:00,0.0,0.0050889174453914165,0.013231729157269001,0.02312302775681019,SIMULATED_TRUTH,dimensionless_index_0_1
anisotropic_band,8111,2023-09-07 12:20:00+08:00,0.0,0.007327581290155649,0.020061487331986427,0.03589257597923279,SIMULATED_TRUTH,dimensionless_index_0_1
anisotropic_band,8111,2023-09-07 12:25:00+08:00,0.0,0.009459038265049458,0.0268782339990139,0.046754151582717896,SIMULATED_TRUTH,dimensionless_index_0_1
anisotropic_band,8111,2023-09-07 12:30:00+08:00,0.0,0.01148973312228918,0.03340468183159828,0.055992837995290756,SIMULATED_TRUTH,dimensionless_index_0_1
anisotropic_band,8111,2023-09-07 12:35:00+08:00,0.0,0.014825908467173576,0.0449833907186985,0.07617225497961044,SIMULATED_TRUTH,dimensionless_index_0_1
anisotropic_band,8111,2023-09-07 12:40:00+08:00,0.0,0.01800352893769741,0.055986836552619934,0.0933365523815155,SIMULATED_TRUTH,dimensionless_index_0_1
anisotropic_band,8111,2023-09-07 12:45:00+08:00,0.0,0.021031999960541725,0.06689321994781494,0.10793623328208923,SIMULATED_TRUTH,dimensionless_index_0_1
anisotropic_band,8111,2023-09-07 12:50:00+08:00,0.0,0.025953250005841255,0.08371953666210175,0.13187608122825623,SIMULATED_TRUTH,dimensionless_index_0_1
anisotropic_band,8111,2023-09-07 12:55:00+08:00,0.0,0.030641265213489532,0.10034171491861343,0.15234555304050446,SIMULATED_TRUTH,dimensionless_index_0_1
anisotropic_band,8111,2023-09-07 13:00:00+08:00,0.0,0.03510976582765579,0.11720919609069824,0.1730029135942459,SIMULATED_TRUTH,dimensionless_index_0_1
anisotropic_band,8111,2023-09-07 13:05:00+08:00,0.0,0.04259130358695984,0.1410151720046997,0.21467852592468262,SIMULATED_TRUTH,dimensionless_index_0_1
anisotropic_band,8111,2023-09-07 13:10:00+08:00,0.0,0.04971814155578613,0.16697052121162415,0.2502380609512329,SIMULATED_TRUTH,dimensionless_index_0_1
anisotropic_band,8111,2023-09-07 13:15:00+08:00,0.0,0.05651112645864487,0.19194410741329193,0.2805790603160858,SIMULATED_TRUTH,dimensionless_index_0_1
anisotropic_band,8111,2023-09-07 13:20:00+08:00,0.0,0.06661406904459,0.2174677699804306,0.31596532464027405,SIMULATED_TRUTH,dimensionless_index_0_1
anisotropic_band,8111,2023-09-07 13:25:00+08:00,0.0,0.07624045014381409,0.24680696427822113,0.3470430374145508,SIMULATED_TRUTH,dimensionless_index_0_1
anisotropic_band,8111,2023-09-07 13:30:00+08:00,0.0,0.08541809767484665,0.27574560046195984,0.37722453474998474,SIMULATED_TRUTH,dimensionless_index_0_1
anisotropic_band,8111,2023-09-07 13:35:00+08:00,0.0,0.09657789021730423,0.2992090880870819,0.40320199728012085,SIMULATED_TRUTH,dimensionless_index_0_1
anisotropic_band,8111,2023-09-07 13:40:00+08:00,0.0,0.10721687227487564,0.32298022508621216,0.4310528337955475,SIMULATED_TRUTH,dimensionless_index_0_1
anisotropic_band,8111,2023-09-07 13:45:00+08:00,0.0,0.11736509203910828,0.34826868772506714,0.4571842551231384,SIMULATED_TRUTH,dimensionless_index_0_1
anisotropic_band,8111,2023-09-07 13:50:00+08:00,0.0,0.12856018543243408,0.3696395456790924,0.47383418679237366,SIMULATED_TRUTH,dimensionless_index_0_1
anisotropic_band,8111,2023-09-07 13:55:00+08:00,0.0,0.13923487067222595,0.3906472623348236,0.498848021030426,SIMULATED_TRUTH,dimensionless_index_0_1
anisotropic_band,8111,2023-09-07 14:00:00+08:00,0.0,0.149418905377388,0.40910470485687256,0.5222945809364319,SIMULATED_TRUTH,dimensionless_index_0_1
anisotropic_band,8111,2023-09-07 14:05:00+08:00,0.0,0.15902623534202576,0.41971543431282043,0.5183653235435486,SIMULATED_TRUTH,dimensionless_index_0_1
anisotropic_band,8111,2023-09-07 14:10:00+08:00,0.0,0.16819842159748077,0.43147435784339905,0.5146822929382324,SIMULATED_TRUTH,dimensionless_index_0_1
anisotropic_band,8111,2023-09-07 14:15:00+08:00,0.0,0.17695920169353485,0.44681814312934875,0.5292409658432007,SIMULATED_TRUTH,dimensionless_index_0_1
anisotropic_band,8111,2023-09-07 14:20:00+08:00,0.0,0.18319907784461975,0.44851168990135193,0.5308974981307983,SIMULATED_TRUTH,dimensionless_index_0_1
anisotropic_band,8111,2023-09-07 14:25:00+08:00,0.0,0.18916743993759155,0.4565156400203705,0.535423994064331,SIMULATED_TRUTH,dimensionless_index_0_1
anisotropic_band,8111,2023-09-07 14:30:00+08:00,0.0,0.19487783312797546,0.46419790387153625,0.5548400282859802,SIMULATED_TRUTH,dimensionless_index_0_1
anisotropic_band,8111,2023-09-07 14:35:00+08:00,0.0,0.19731296598911285,0.4594522714614868,0.5514221787452698,SIMULATED_TRUTH,dimensionless_index_0_1
anisotropic_band,8111,2023-09-07 14:40:00+08:00,0.0,0.19965682923793793,0.4579489827156067,0.5599201917648315,SIMULATED_TRUTH,dimensionless_index_0_1
anisotropic_band,8111,2023-09-07 14:45:00+08:00,0.0,0.2019122689962387,0.4635905623435974,0.5739831924438477,SIMULATED_TRUTH,dimensionless_index_0_1
anisotropic_band,8112,2023-09-07 12:00:00+08:00,0.0,0.0,0.0,0.0,SIMULATED_TRUTH,dimensionless_index_0_1
anisotropic_band,8112,2023-09-07 12:05:00+08:00,0.0,0.001778557663783431,0.004555090330541134,0.008709222078323364,SIMULATED_TRUTH,dimensionless_index_0_1
anisotropic_band,8112,2023-09-07 12:10:00+08:00,0.0,0.0034694692585617304,0.008937545120716095,0.016117149963974953,SIMULATED_TRUTH,dimensionless_index_0_1
anisotropic_band,8112,2023-09-07 12:15:00+08:00,0.0,0.005078242626041174,0.013140796683728695,0.022418217733502388,SIMULATED_TRUTH,dimensionless_index_0_1
anisotropic_band,8112,2023-09-07 12:20:00+08:00,0.0,0.007308235391974449,0.02002030983567238,0.03473760187625885,SIMULATED_TRUTH,dimensionless_index_0_1
anisotropic_band,8112,2023-09-07 12:25:00+08:00,0.0,0.009431416168808937,0.02681572176516056,0.04521627724170685,SIMULATED_TRUTH,dimensionless_index_0_1
anisotropic_band,8112,2023-09-07 12:30:00+08:00,0.0,0.011454205960035324,0.03345562890172005,0.05412927269935608,SIMULATED_TRUTH,dimensionless_index_0_1
anisotropic_band,8112,2023-09-07 12:35:00+08:00,0.0,0.014770866371691227,0.04519825056195259,0.07355242222547531,SIMULATED_TRUTH,dimensionless_index_0_1
anisotropic_band,8112,2023-09-07 12:40:00+08:00,0.0,0.017929915338754654,0.05641402676701546,0.09007345139980316,SIMULATED_TRUTH,dimensionless_index_0_1
anisotropic_band,8112,2023-09-07 12:45:00+08:00,0.0,0.020940696820616722,0.06749799102544785,0.1041259765625,SIMULATED_TRUTH,dimensionless_index_0_1
anisotropic_band,8112,2023-09-07 12:50:00+08:00,0.0,0.02582487091422081,0.08239176124334335,0.12715227901935577,SIMULATED_TRUTH,dimensionless_index_0_1
anisotropic_band,8112,2023-09-07 12:55:00+08:00,0.0,0.03047765977680683,0.09828229248523712,0.14719991385936737,SIMULATED_TRUTH,dimensionless_index_0_1
anisotropic_band,8112,2023-09-07 13:00:00+08:00,0.0,0.03491267189383507,0.11436524242162704,0.16658945381641388,SIMULATED_TRUTH,dimensionless_index_0_1
anisotropic_band,8112,2023-09-07 13:05:00+08:00,0.0,0.04232515022158623,0.13683193922042847,0.20646055042743683,SIMULATED_TRUTH,dimensionless_index_0_1
anisotropic_band,8112,2023-09-07 13:10:00+08:00,0.0,0.049386389553546906,0.1647416055202484,0.24059243500232697,SIMULATED_TRUTH,dimensionless_index_0_1
anisotropic_band,8112,2023-09-07 13:15:00+08:00,0.0,0.056117020547389984,0.19085925817489624,0.2697153091430664,SIMULATED_TRUTH,dimensionless_index_0_1
anisotropic_band,8112,2023-09-07 13:20:00+08:00,0.0,0.06619105488061905,0.21762773394584656,0.3066958785057068,SIMULATED_TRUTH,dimensionless_index_0_1
anisotropic_band,8112,2023-09-07 13:25:00+08:00,0.0,0.07578947395086288,0.24701201915740967,0.3397926390171051,SIMULATED_TRUTH,dimensionless_index_0_1
anisotropic_band,8112,2023-09-07 13:30:00+08:00,0.0,0.084940105676651,0.274766206741333,0.37073656916618347,SIMULATED_TRUTH,dimensionless_index_0_1
anisotropic_band,8112,2023-09-07 13:35:00+08:00,0.0,0.09606306999921799,0.29698118567466736,0.3947586119174957,SIMULATED_TRUTH,dimensionless_index_0_1
anisotropic_band,8112,2023-09-07 13:40:00+08:00,0.0,0.10666656494140625,0.32040494680404663,0.4213608503341675,SIMULATED_TRUTH,dimensionless_index_0_1
anisotropic_band,8112,2023-09-07 13:45:00+08:00,0.0,0.11678050458431244,0.346145361661911,0.4463207423686981,SIMULATED_TRUTH,dimensionless_index_0_1
anisotropic_band,8112,2023-09-07 13:50:00+08:00,0.0,0.12798726558685303,0.3672294020652771,0.4675932824611664,SIMULATED_TRUTH,dimensionless_index_0_1
anisotropic_band,8112,2023-09-07 13:55:00+08:00,0.0,0.13867305219173431,0.3876495361328125,0.49133309721946716,SIMULATED_TRUTH,dimensionless_index_0_1
anisotropic_band,8112,2023-09-07 14:00:00+08:00,0.0,0.1488676816225052,0.4068434536457062,0.5135854482650757,SIMULATED_TRUTH,dimensionless_index_0_1
anisotropic_band,8112,2023-09-07 14:05:00+08:00,0.0,0.15846699476242065,0.4163011610507965,0.5093456506729126,SIMULATED_TRUTH,dimensionless_index_0_1
anisotropic_band,8112,2023-09-07 14:10:00+08:00,0.0,0.1676313430070877,0.42952048778533936,0.5082805752754211,SIMULATED_TRUTH,dimensionless_index_0_1
anisotropic_band,8112,2023-09-07 14:15:00+08:00,0.0,0.17638440430164337,0.44650933146476746,0.5285835266113281,SIMULATED_TRUTH,dimensionless_index_0_1
anisotropic_band,8112,2023-09-07 14:20:00+08:00,0.0,0.18258751928806305,0.44698765873908997,0.5308184623718262,SIMULATED_TRUTH,dimensionless_index_0_1
anisotropic_band,8112,2023-09-07 14:25:00+08:00,0.0,0.1885204017162323,0.45127394795417786,0.5385140180587769,SIMULATED_TRUTH,dimensionless_index_0_1
anisotropic_band,8112,2023-09-07 14:30:00+08:00,0.0,0.19419658184051514,0.4602574408054352,0.5575160384178162,SIMULATED_TRUTH,dimensionless_index_0_1
anisotropic_band,8112,2023-09-07 14:35:00+08:00,0.0,0.19665159285068512,0.4564679265022278,0.5556725263595581,SIMULATED_TRUTH,dimensionless_index_0_1
anisotropic_band,8112,2023-09-07 14:40:00+08:00,0.0,0.19901473820209503,0.4538877606391907,0.5632885694503784,SIMULATED_TRUTH,dimensionless_index_0_1
anisotropic_band,8112,2023-09-07 14:45:00+08:00,0.0,0.20128892362117767,0.4594646692276001,0.5719220042228699,SIMULATED_TRUTH,dimensionless_index_0_1
