{"type":"FeatureCollection","features":[{"type":"Feature","properties":{},"geometry":{"type":"MultiLineString","coordinates":[[[113.880048,22.509619],[113.882807,22.511626]],[[113.880112,22.507542],[113.881739,22.504901]],[[113.880013,22.515136],[113.882695,22.511741]],[[113.881864,22.504971],[113.88024,22.507609]],[[113.884004,22.523035],[113.882861,22.522306],[113.88091,22.521632],[113.880033,22.520842]],[[113.88016,22.515786],[113.882454,22.517019]],[[113.881174,22.506597],[113.880431,22.507781]],[[113.880489,22.521535],[113.880142,22.521184]],[[113.880247,22.520436],[113.881171,22.521358]],[[113.881578,22.50481],[113.880659,22.504526]],[[113.882202,22.52622],[113.880092,22.530404]],[[113.880153,22.529485],[113.882044,22.526129]],[[113.880739,22.506174],[113.881578,22.50481]],[[113.882363,22.517112],[113.880628,22.516107]],[[113.880535,22.521082],[113.884094,22.522919]],[[113.880009,22.550462],[113.880408,22.5504]],[[113.880414,22.550484],[113.880077,22.550543]],[[113.881164,22.504497],[113.881676,22.504666]],[[113.881174,22.506597],[113.883193,22.508343]],[[113.882108,22.505109],[113.881174,22.506597]],[[113.882695,22.511741],[113.881134,22.510596]],[[113.880652,22.556279],[113.880185,22.556256]],[[113.880393,22.548633],[113.880529,22.550377]],[[113.880408,22.5504],[113.880393,22.548633]],[[113.880393,22.548633],[113.88046,22.547285],[113.882621,22.546529],[113.884596,22.545295],[113.886022,22.546518]],[[113.880493,22.567158],[113.880511,22.566843],[113.880046,22.566412]],[[113.880414,22.550484],[113.880408,22.5504]],[[113.880408,22.5504],[113.880529,22.550377]],[[113.880503,22.552638],[113.880414,22.550484]],[[113.880533,22.550464],[113.880414,22.550484]],[[113.883274,22.564643],[113.88224,22.566042],[113.88002,22.568157]],[[113.88031,22.556086],[113.880599,22.556077]],[[113.880126,22.566345],[113.880625,22.566756],[113.880944,22.566733]],[[113.880529,22.550377],[113.880533,22.550464]],[[113.880529,22.550377],[113.882128,22.550015]],[[113.880533,22.550464],[113.880582,22.5516]],[[113.882148,22.5501],[113.880533,22.550464]],[[113.881739,22.504901],[113.881578,22.50481]],[[113.881578,22.50481],[113.881676,22.504666]],[[113.880509,22.552745],[113.880503,22.552638]],[[113.880503,22.552638],[113.880611,22.552628]],[[113.880584,22.554453],[113.880509,22.552745]],[[113.880617,22.552735],[113.880509,22.552745]],[[113.880193,22.567438],[113.880493,22.567158]],[[113.880582,22.5516],[113.880611,22.552628]],[[113.880582,22.5516],[113.882399,22.551157]],[[113.881676,22.504666],[113.881829,22.504755]],[[113.881676,22.504666],[113.884046,22.500868]],[[113.88044,22.573805],[113.880125,22.57411]],[[113.880611,22.552628],[113.880617,22.552735]],[[113.880611,22.552628],[113.882655,22.552198]],[[113.880617,22.552735],[113.880682,22.55445]],[[113.882702,22.552307],[113.880617,22.552735]],[[113.880599,22.556077],[113.880584,22.554453]],[[113.880682,22.55445],[113.880584,22.554453]],[[113.880311,22.567475],[113.882821,22.565021],[113.883162,22.564525]],[[113.880511,22.559313],[113.882242,22.557629]],[[113.881864,22.504971],[113.881739,22.504901]],[[113.881739,22.504901],[113.881829,22.504755]],[[113.880599,22.556077],[113.880735,22.556099]],[[113.880652,22.556279],[113.880599,22.556077]],[[113.880682,22.55445],[113.880735,22.556099]],[[113.883406,22.552998],[113.881982,22.55438],[113.880682,22.55445]],[[113.882242,22.557629],[113.880652,22.556279]],[[113.880735,22.556099],[113.880652,22.556279]],[[113.880289,22.572599],[113.88035,22.572652]],[[113.881829,22.504755],[113.881953,22.504827]],[[113.881829,22.504755],[113.88356,22.501933]],[[113.880178,22.578796],[113.881308,22.577683]],[[113.882108,22.505109],[113.881864,22.504971]],[[113.881953,22.504827],[113.881864,22.504971]],[[113.88035,22.572652],[113.880421,22.572715]],[[113.88035,22.572652],[113.881395,22.571641]],[[113.880735,22.556099],[113.882369,22.557503]],[[113.880493,22.567158],[113.880944,22.566733]],[[113.880421,22.572715],[113.88097,22.573183]],[[113.881483,22.5717],[113.880421,22.572715]],[[113.881953,22.504827],[113.882195,22.504966]],[[113.882364,22.504159],[113.881953,22.504827]],[[113.880988,22.574287],[113.88044,22.573805]],[[113.88044,22.573805],[113.88097,22.573183]],[[113.881037,22.59438],[113.880005,22.596001]],[[113.882002,22.580344],[113.880331,22.581706]],[[113.882195,22.504966],[113.882108,22.505109]],[[113.883549,22.502638],[113.882195,22.504966]],[[113.88001,22.602843],[113.882908,22.602164]],[[113.881955,22.5175],[113.882363,22.517112]],[[113.882976,22.602221],[113.880079,22.602942]],[[113.88136,22.584475],[113.880475,22.585394]],[[113.880944,22.566733],[113.883162,22.564525]],[[113.884049,22.501409],[113.882364,22.504159]],[[113.884475,22.500176],[113.884468,22.500903],[113.882364,22.504159]],[[113.880925,22.603971],[113.880135,22.604217]],[[113.880943,22.568491],[113.881047,22.568585]],[[113.882934,22.565257],[113.882606,22.565846],[113.880385,22.567991],[113.880943,22.568491]],[[113.884273,22.565362],[113.880943,22.568491]],[[113.880997,22.569811],[113.881523,22.570267]],[[113.881395,22.571641],[113.880199,22.570597],[113.880997,22.569811]],[[113.881047,22.568585],[113.880356,22.569257],[113.880997,22.569811]],[[113.881673,22.569147],[113.880997,22.569811]],[[113.881047,22.568585],[113.881673,22.569147]],[[113.881137,22.592983],[113.880501,22.592928]],[[113.880001,22.615226],[113.880553,22.614557]],[[113.881277,22.55873],[113.882603,22.559877]],[[113.881277,22.55873],[113.880279,22.559696],[113.881611,22.560855]],[[113.882334,22.557707],[113.881277,22.55873]],[[113.880836,22.578316],[113.881781,22.57741]],[[113.88097,22.573183],[113.881586,22.573708]],[[113.882202,22.52622],[113.882044,22.526129]],[[113.882044,22.526129],[113.88249,22.524982],[113.884004,22.523035]],[[113.882044,22.526129],[113.884155,22.523146]],[[113.880966,22.575255],[113.880454,22.574804],[113.880988,22.574287]],[[113.881695,22.574909],[113.880988,22.574287]],[[113.880988,22.574287],[113.881586,22.573708]],[[113.883162,22.564525],[113.881303,22.56286]],[[113.880887,22.582257],[113.881873,22.582618]],[[113.882474,22.517204],[113.882363,22.517112]],[[113.882363,22.517112],[113.882454,22.517019]],[[113.881908,22.577518],[113.881011,22.578383]],[[113.880893,22.584085],[113.88136,22.584475]],[[113.882397,22.526333],[113.882202,22.52622]],[[113.884295,22.523248],[113.882202,22.52622]],[[113.880769,22.590336],[113.880846,22.590479]],[[113.880846,22.590479],[113.880683,22.590422],[113.880769,22.590336]],[[113.880769,22.590336],[113.88428,22.586846]],[[113.880774,22.612321],[113.880262,22.613392]],[[113.882454,22.517019],[113.882575,22.517113]],[[113.882454,22.517019],[113.885616,22.514019]],[[113.883938,22.518511],[113.882474,22.517204]],[[113.882474,22.517204],[113.880963,22.518651],[113.882634,22.519664]],[[113.882575,22.517113],[113.882474,22.517204]],[[113.882267,22.589061],[113.880846,22.590479]],[[113.883536,22.520492],[113.882419,22.521487]],[[113.885754,22.603711],[113.882992,22.606776],[113.880418,22.610592]],[[113.885616,22.514019],[113.8841,22.51254],[113.882695,22.511741]],[[113.882695,22.511741],[113.882807,22.511626]],[[113.882575,22.517113],[113.88404,22.518407]],[[113.884075,22.515688],[113.882575,22.517113]],[[113.881611,22.560855],[113.883105,22.56215]],[[113.882516,22.563705],[113.880469,22.561943],[113.881611,22.560855]],[[113.881611,22.560855],[113.882603,22.559877]],[[113.884552,22.527975],[113.882397,22.526333]],[[113.884442,22.523356],[113.882397,22.526333]],[[113.881483,22.5717],[113.881395,22.571641]],[[113.881395,22.571641],[113.882165,22.570886]],[[113.881308,22.577683],[113.881297,22.577144],[113.880029,22.575927],[113.881691,22.577333]],[[113.881308,22.577683],[113.881691,22.577333]],[[113.881368,22.575225],[113.881695,22.574909]],[[113.882807,22.511626],[113.8842,22.512422],[113.885731,22.513914]],[[113.882807,22.511626],[113.884817,22.509749]],[[113.882634,22.519664],[113.883536,22.520492]],[[113.882634,22.519664],[113.883938,22.518511]],[[113.882789,22.58564],[113.881122,22.587353]],[[113.883335,22.573324],[113.881483,22.5717]],[[113.882244,22.570954],[113.881483,22.5717]],[[113.881523,22.570267],[113.88224,22.570811]],[[113.882165,22.570886],[113.881523,22.570267]],[[113.882201,22.569617],[113.881523,22.570267]],[[113.880553,22.614557],[113.880377,22.613697],[113.881801,22.612728],[113.8827,22.612725]],[[113.880553,22.614557],[113.880784,22.614461]],[[113.88134,22.594621],[113.881037,22.59438]],[[113.881137,22.592983],[113.881037,22.59438]],[[113.881673,22.569147],[113.882201,22.569617]],[[113.883008,22.567834],[113.881673,22.569147]],[[113.881899,22.593037],[113.881137,22.592983]],[[113.881152,22.592799],[113.881137,22.592983]],[[113.881152,22.592799],[113.891839,22.593447]],[[113.881152,22.592799],[113.880199,22.592679],[113.884958,22.59291]],[[113.881586,22.573708],[113.882304,22.57432]],[[113.882128,22.550015],[113.882148,22.5501]],[[113.882128,22.550015],[113.884946,22.54883]],[[113.88136,22.584475],[113.882789,22.58564]],[[113.88354,22.58189],[113.882477,22.582864],[113.88136,22.584475]],[[113.880925,22.603971],[113.881612,22.605217]],[[113.883192,22.602846],[113.881313,22.603446],[113.880925,22.603971]],[[113.883367,22.60349],[113.880925,22.603971]],[[113.882148,22.5501],[113.882399,22.551157]],[[113.884991,22.548901],[113.882148,22.5501]],[[113.880822,22.609766],[113.883452,22.60597],[113.885721,22.603564]],[[113.882792,22.601281],[113.881036,22.60054]],[[113.881582,22.612036],[113.881236,22.612434],[113.880774,22.612321]],[[113.88104,22.611954],[113.880774,22.612321]],[[113.881067,22.600481],[113.882797,22.60121]],[[113.880784,22.614461],[113.881063,22.614142],[113.88243,22.614144],[113.883055,22.613597]],[[113.88418,22.613043],[113.883965,22.61396],[113.883257,22.614462],[113.882739,22.614626],[113.881964,22.614396],[113.880784,22.614461]],[[113.881695,22.574909],[113.882304,22.57432]],[[113.883193,22.508343],[113.884817,22.509749]],[[113.88573,22.504723],[113.883193,22.508343]],[[113.88164,22.577968],[113.880559,22.579035],[113.882002,22.580344]],[[113.882018,22.577613],[113.88164,22.577968]],[[113.883379,22.578916],[113.882231,22.577925],[113.88164,22.577968]],[[113.881781,22.57741],[113.881691,22.577333]],[[113.881691,22.577333],[113.881764,22.577265]],[[113.881764,22.577265],[113.881854,22.577343]],[[113.881764,22.577265],[113.880109,22.575828],[113.881609,22.576965],[113.882226,22.576843]],[[113.881764,22.577265],[113.882226,22.576843]],[[113.881908,22.577518],[113.881781,22.57741]],[[113.881781,22.57741],[113.881854,22.577343]],[[113.882334,22.557707],[113.882242,22.557629]],[[113.882242,22.557629],[113.882369,22.557503]],[[113.882399,22.551157],[113.883325,22.551413],[113.88424,22.551385],[113.884457,22.551581]],[[113.882399,22.551157],[113.882655,22.552198]],[[113.881582,22.612036],[113.88104,22.611954]],[[113.882231,22.611135],[113.88104,22.611954]],[[113.881854,22.577343],[113.88198,22.577453]],[[113.881854,22.577343],[113.888869,22.57093],[113.892333,22.567262]],[[113.88356,22.501933],[113.884046,22.500868]],[[113.88356,22.501933],[113.883921,22.501342]],[[113.883549,22.502638],[113.88573,22.504723]],[[113.884894,22.500263],[113.883549,22.502638]],[[113.88536,22.560321],[113.882334,22.557707]],[[113.882461,22.557583],[113.882334,22.557707]],[[113.882018,22.577613],[113.881908,22.577518]],[[113.88198,22.577453],[113.881908,22.577518]],[[113.882369,22.557503],[113.882461,22.557583]],[[113.882369,22.557503],[113.88535,22.554659]],[[113.881873,22.582618],[113.881834,22.58295]],[[113.88198,22.577453],[113.882088,22.577547]],[[113.884567,22.575127],[113.88198,22.577453]],[[113.882317,22.580579],[113.881873,22.582618]],[[113.882461,22.557583],[113.883812,22.558749]],[[113.884343,22.555785],[113.882461,22.557583]],[[113.882244,22.570954],[113.882165,22.570886]],[[113.882165,22.570886],[113.88224,22.570811]],[[113.883437,22.578827],[113.882018,22.577613]],[[113.882088,22.577547],[113.882018,22.577613]],[[113.882201,22.569617],[113.882861,22.570205]],[[113.882002,22.580344],[113.882317,22.580579]],[[113.883379,22.578916],[113.882002,22.580344]],[[113.882655,22.552198],[113.882702,22.552307]],[[113.882655,22.552198],[113.884457,22.551581]],[[113.88224,22.570811],[113.882319,22.57088]],[[113.88224,22.570811],[113.882861,22.570205]],[[113.882088,22.577547],[113.883481,22.57876]],[[113.882403,22.577251],[113.882088,22.577547]],[[113.882637,22.571231],[113.882244,22.570954]],[[113.882319,22.57088],[113.882244,22.570954]],[[113.882702,22.552307],[113.883475,22.55293]],[[113.883406,22.552998],[113.882702,22.552307]],[[113.886268,22.55084],[113.882702,22.552307]],[[113.882319,22.57088],[113.882637,22.571231]],[[113.883597,22.569635],[113.882319,22.57088]],[[113.882516,22.563705],[113.883213,22.564441]],[[113.883105,22.56215],[113.883498,22.562675],[113.882516,22.563705]],[[113.882603,22.559877],[113.883821,22.561048]],[[113.882603,22.559877],[113.882748,22.559737]],[[113.882226,22.576843],[113.883694,22.575505]],[[113.884046,22.500868],[113.883966,22.500024]],[[113.882304,22.57432],[113.883694,22.575505]],[[113.882304,22.57432],[113.883335,22.573324]],[[113.891835,22.593545],[113.881899,22.593037]],[[113.89183,22.593658],[113.881899,22.593037]],[[113.883536,22.520492],[113.884905,22.521884]],[[113.884046,22.500868],[113.884475,22.500176]],[[113.882169,22.61206],[113.881582,22.612036]],[[113.882317,22.580579],[113.88354,22.58189]],[[113.882403,22.577251],[113.882429,22.577755],[113.883516,22.578707]],[[113.884567,22.575127],[113.882403,22.577251]],[[113.882637,22.571231],[113.88415,22.572536]],[[113.883102,22.590912],[113.882267,22.589061]],[[113.884396,22.586937],[113.882267,22.589061]],[[113.886254,22.520529],[113.883938,22.518511]],[[113.884536,22.50008],[113.884379,22.500018]],[[113.884414,22.500101],[113.884475,22.500176]],[[113.884075,22.515688],[113.885529,22.517103]],[[113.885721,22.514126],[113.884075,22.515688]],[[113.882861,22.570205],[113.884221,22.568897]],[[113.88404,22.518407],[113.886349,22.52043]],[[113.88404,22.518407],[113.885529,22.517103]],[[113.884475,22.500176],[113.884536,22.50008]],[[113.883468,22.561815],[113.883105,22.56215]],[[113.884155,22.523146],[113.884004,22.523035]],[[113.884004,22.523035],[113.884094,22.522919]],[[113.883008,22.567834],[113.883549,22.568308]],[[113.883407,22.567436],[113.883008,22.567834]],[[113.884894,22.500263],[113.884536,22.50008]],[[113.884536,22.50008],[113.884582,22.500009],[113.884943,22.500178]],[[113.88535,22.554659],[113.883406,22.552998]],[[113.883475,22.55293],[113.883406,22.552998]],[[113.884094,22.522919],[113.884246,22.523026]],[[113.884094,22.522919],[113.884905,22.521884]],[[113.883274,22.564643],[113.883162,22.564525]],[[113.883162,22.564525],[113.883213,22.564441]],[[113.883213,22.564441],[113.883337,22.564583]],[[113.883213,22.564441],[113.883486,22.564175]],[[113.883475,22.55293],[113.885427,22.554585]],[[113.884295,22.523248],[113.884155,22.523146]],[[113.884155,22.523146],[113.884246,22.523026]],[[113.8827,22.612725],[113.882697,22.612174],[113.882169,22.61206]],[[113.882169,22.61206],[113.882298,22.61142]],[[113.882789,22.58564],[113.88428,22.586846]],[[113.884273,22.565362],[113.883274,22.564643]],[[113.883337,22.564583],[113.883274,22.564643]],[[113.882302,22.611305],[113.882231,22.611135]],[[113.883317,22.610921],[113.883132,22.610735],[113.882231,22.611135]],[[113.884246,22.523026],[113.884391,22.523127]],[[113.884246,22.523026],[113.88639,22.520645]],[[113.883337,22.564583],[113.88474,22.565629]],[[113.886839,22.561636],[113.883337,22.564583]],[[113.882298,22.61142],[113.882302,22.611305]],[[113.882797,22.611332],[113.882298,22.61142]],[[113.882302,22.611305],[113.882748,22.61128],[113.882797,22.611332]],[[113.884442,22.523356],[113.884295,22.523248]],[[113.884391,22.523127],[113.884295,22.523248]],[[113.883468,22.561815],[113.884785,22.56298]],[[113.883743,22.56152],[113.883468,22.561815]],[[113.889399,22.505582],[113.887168,22.502165],[113.886257,22.501215],[113.884894,22.500263]],[[113.884943,22.500178],[113.884894,22.500263]],[[113.884391,22.523127],[113.884539,22.52323]],[[113.886513,22.52075],[113.884391,22.523127]],[[113.883407,22.567436],[113.883938,22.567924],[113.883549,22.568308]],[[113.884936,22.565938],[113.883407,22.567436]],[[113.883486,22.564175],[113.884785,22.56298]],[[113.883486,22.564175],[113.886165,22.561866]],[[113.884943,22.500178],[113.886003,22.500787],[113.887291,22.502037]],[[113.885024,22.500034],[113.884943,22.500178]],[[113.886453,22.524977],[113.884442,22.523356]],[[113.884539,22.52323],[113.884442,22.523356]],[[113.884734,22.574553],[113.883335,22.573324]],[[113.883335,22.573324],[113.88415,22.572536]],[[113.884817,22.509749],[113.886056,22.508586]],[[113.884539,22.52323],[113.886554,22.524882]],[[113.886643,22.520861],[113.884539,22.52323]],[[113.882849,22.601294],[113.882792,22.601281]],[[113.882908,22.602164],[113.882792,22.601281]],[[113.882792,22.601281],[113.882797,22.60121]],[[113.882797,22.60121],[113.882849,22.601294]],[[113.882797,22.60121],[113.883374,22.600031],[113.882849,22.601294]],[[113.883549,22.568308],[113.884221,22.568897]],[[113.883821,22.561048],[113.883743,22.56152]],[[113.883743,22.56152],[113.885134,22.561473],[113.885115,22.561003]],[[113.884045,22.601691],[113.882849,22.601294]],[[113.882849,22.601294],[113.88297,22.602151]],[[113.883812,22.558749],[113.885335,22.560063]],[[113.883812,22.558749],[113.884867,22.557733]],[[113.885029,22.580191],[113.883379,22.578916]],[[113.883379,22.578916],[113.883437,22.578827]],[[113.883461,22.578848],[113.883379,22.578916]],[[113.883597,22.569635],[113.885622,22.571113]],[[113.886243,22.567069],[113.883597,22.569635]],[[113.885161,22.528568],[113.884552,22.527975]],[[113.884552,22.527975],[113.885333,22.527056],[113.885884,22.525613],[113.886453,22.524977]],[[113.885646,22.526551],[113.885284,22.527263],[113.884552,22.527975]],[[113.883821,22.561048],[113.885115,22.561003]],[[113.882976,22.602221],[113.882908,22.602164]],[[113.882908,22.602164],[113.88297,22.602151]],[[113.883461,22.578848],[113.883437,22.578827]],[[113.883437,22.578827],[113.883481,22.57876]],[[113.885029,22.580191],[113.883461,22.578848]],[[113.883524,22.578797],[113.883461,22.578848]],[[113.8827,22.612725],[113.883601,22.612737]],[[113.883481,22.57876],[113.883524,22.578797]],[[113.883481,22.57876],[113.883516,22.578707]],[[113.88297,22.602151],[113.882976,22.602221]],[[113.88297,22.602151],[113.884236,22.601795]],[[113.882976,22.602221],[113.883192,22.602846]],[[113.884329,22.601819],[113.882976,22.602221]],[[113.883516,22.578707],[113.883573,22.578756]],[[113.883516,22.578707],[113.88471,22.577079],[113.885863,22.575906]],[[113.883524,22.578797],[113.885073,22.58014]],[[113.883573,22.578756],[113.883524,22.578797]],[[113.882797,22.611332],[113.8831,22.611324]],[[113.883573,22.578756],[113.885073,22.58014]],[[113.885929,22.575963],[113.883573,22.578756]],[[113.885058,22.580788],[113.88354,22.58189]],[[113.883694,22.575505],[113.884734,22.574553]],[[113.884905,22.521884],[113.886254,22.520529]],[[113.884946,22.54883],[113.884397,22.548005]],[[113.883192,22.602846],[113.883338,22.602803],[113.883583,22.603448]],[[113.883132,22.605859],[113.883883,22.604851]],[[113.8845,22.547942],[113.885046,22.548772]],[[113.884541,22.555592],[113.884343,22.555785]],[[113.884589,22.555811],[113.884454,22.555782],[113.884343,22.555785]],[[113.883055,22.613597],[113.883056,22.613131]],[[113.883055,22.613597],[113.882852,22.613358],[113.883056,22.613131]],[[113.883056,22.613131],[113.883585,22.613142]],[[113.8831,22.611324],[113.883317,22.610921]],[[113.8831,22.611324],[113.883313,22.611318]],[[113.883585,22.613142],[113.883695,22.613544],[113.883561,22.613607],[113.883055,22.613597]],[[113.884457,22.551581],[113.885045,22.551324]],[[113.885484,22.566412],[113.884103,22.567762]],[[113.883367,22.60349],[113.883883,22.604851]],[[113.883583,22.603448],[113.883367,22.60349]],[[113.884936,22.565938],[113.884273,22.565362]],[[113.884221,22.568897],[113.886167,22.567004]],[[113.88415,22.572536],[113.885592,22.573782]],[[113.88415,22.572536],[113.885622,22.571113]],[[113.884541,22.555592],[113.884589,22.555811]],[[113.885432,22.55473],[113.884541,22.555592]],[[113.88689,22.530608],[113.885161,22.528568]],[[113.885161,22.528568],[113.885653,22.527759]],[[113.883313,22.611318],[113.883317,22.610921]],[[113.883643,22.61177],[113.883309,22.611773],[113.883313,22.611318]],[[113.883313,22.611318],[113.883635,22.611315]],[[113.88573,22.504723],[113.887878,22.506912]],[[113.886852,22.502765],[113.88573,22.504723]],[[113.88579,22.556844],[113.884589,22.555811]],[[113.883583,22.603448],[113.884052,22.604686]],[[113.884016,22.603308],[113.883583,22.603448]],[[113.885529,22.517103],[113.88762,22.519139]],[[113.885529,22.517103],[113.886784,22.516002]],[[113.885721,22.514126],[113.885616,22.514019]],[[113.885616,22.514019],[113.885731,22.513914]],[[113.885387,22.549521],[113.884881,22.549781]],[[113.887235,22.515607],[113.885721,22.514126]],[[113.885837,22.514022],[113.885721,22.514126]],[[113.884991,22.548901],[113.884946,22.54883]],[[113.884946,22.54883],[113.885046,22.548772]],[[113.885731,22.513914],[113.885837,22.514022]],[[113.885731,22.513914],[113.890548,22.50968],[113.891414,22.509164],[113.891516,22.508885]],[[113.884936,22.551125],[113.885045,22.551324]],[[113.885387,22.549521],[113.884991,22.548901]],[[113.885093,22.548844],[113.884991,22.548901]],[[113.883585,22.613142],[113.883601,22.612737]],[[113.883601,22.612737],[113.883682,22.612133]],[[113.883643,22.61177],[113.883635,22.611315]],[[113.883635,22.611315],[113.8838,22.610413],[113.885951,22.606984],[113.886489,22.60536]],[[113.885046,22.548772],[113.885093,22.548844]],[[113.885046,22.548772],[113.886817,22.547576],[113.886803,22.547267]],[[113.885837,22.514022],[113.889442,22.517523]],[[113.891734,22.509226],[113.890663,22.50976],[113.885837,22.514022]],[[113.883682,22.612133],[113.883643,22.61177]],[[113.884867,22.557733],[113.886153,22.558775]],[[113.884867,22.557733],[113.88579,22.556844]],[[113.885093,22.548844],[113.886294,22.550692]],[[113.887244,22.547656],[113.88685,22.547651],[113.885093,22.548844]],[[113.885045,22.551324],[113.886188,22.550751]],[[113.884785,22.56298],[113.886165,22.561866]],[[113.88418,22.613043],[113.883682,22.612133]],[[113.88474,22.565629],[113.88501,22.565865]],[[113.886449,22.563991],[113.88474,22.565629]],[[113.88428,22.586846],[113.884396,22.586937]],[[113.88428,22.586846],[113.885925,22.585211]],[[113.883883,22.604851],[113.884052,22.604686]],[[113.885646,22.526551],[113.886137,22.527029]],[[113.886501,22.525029],[113.88596,22.52567],[113.885646,22.526551]],[[113.886056,22.508586],[113.887878,22.506912]],[[113.887939,22.506971],[113.886056,22.508586]],[[113.886899,22.573022],[113.884567,22.575127]],[[113.885653,22.527759],[113.887799,22.529876]],[[113.885653,22.527759],[113.886137,22.527029]],[[113.884045,22.601691],[113.8844,22.601747]],[[113.884236,22.601795],[113.884045,22.601691]],[[113.885284,22.587614],[113.884396,22.586937]],[[113.888321,22.583021],[113.884396,22.586937]],[[113.884396,22.586937],[113.884513,22.586936],[113.885569,22.587691],[113.88608,22.587912]],[[113.884052,22.604686],[113.885601,22.603041]],[[113.884734,22.574553],[113.885592,22.573782]],[[113.885484,22.566412],[113.884936,22.565938]],[[113.88501,22.565865],[113.884936,22.565938]],[[113.885925,22.585211],[113.88456,22.584302]],[[113.885115,22.561003],[113.885104,22.560578],[113.88536,22.560321]],[[113.88501,22.565865],[113.886246,22.566925]],[[113.886697,22.564205],[113.88501,22.565865]],[[113.886188,22.550751],[113.885387,22.549521]],[[113.884329,22.601819],[113.884236,22.601795]],[[113.884236,22.601795],[113.8844,22.601747]],[[113.885432,22.55473],[113.88535,22.554659]],[[113.88535,22.554659],[113.885427,22.554585]],[[113.885029,22.601988],[113.884329,22.601819]],[[113.885427,22.554585],[113.885509,22.554659]],[[113.885427,22.554585],[113.887887,22.552257]],[[113.886769,22.555884],[113.885432,22.55473]],[[113.885509,22.554659],[113.885432,22.55473]],[[113.885335,22.560063],[113.886753,22.56129]],[[113.88558,22.559674],[113.885335,22.560063]],[[113.8844,22.601747],[113.884936,22.601888]],[[113.886607,22.561433],[113.88536,22.560321]],[[113.88639,22.520645],[113.886254,22.520529]],[[113.886254,22.520529],[113.886349,22.52043]],[[113.884334,22.612975],[113.88418,22.613043]],[[113.885509,22.554659],[113.886837,22.555817]],[[113.886752,22.553503],[113.885509,22.554659]],[[113.886137,22.527029],[113.888316,22.529477]],[[113.886137,22.527029],[113.88644,22.526185],[113.886943,22.525595]],[[113.886349,22.52043],[113.886489,22.520546]],[[113.886349,22.52043],[113.88762,22.519139]],[[113.885373,22.580487],[113.885029,22.580191]],[[113.886513,22.52075],[113.88639,22.520645]],[[113.88639,22.520645],[113.886489,22.520546]],[[113.885058,22.580788],[113.885373,22.580487]],[[113.885438,22.580543],[113.885058,22.580788]],[[113.885073,22.58014],[113.885426,22.580444]],[[113.88558,22.559674],[113.885978,22.559894],[113.887483,22.559878],[113.888396,22.559268],[113.888567,22.559406]],[[113.886153,22.558775],[113.88558,22.559674]],[[113.885516,22.56319],[113.886391,22.563941]],[[113.886489,22.520546],[113.886615,22.52065]],[[113.886489,22.520546],[113.889485,22.517781]],[[113.886167,22.567004],[113.885484,22.566412]],[[113.886643,22.520861],[113.886513,22.52075]],[[113.886615,22.52065],[113.886513,22.52075]],[[113.886501,22.525029],[113.886453,22.524977]],[[113.886453,22.524977],[113.886554,22.524882]],[[113.884958,22.59291],[113.88604,22.592979]],[[113.884958,22.59291],[113.884998,22.591902]],[[113.886963,22.525579],[113.886501,22.525029]],[[113.886601,22.52493],[113.886501,22.525029]],[[113.884998,22.591902],[113.88634,22.592386]],[[113.884998,22.591902],[113.88463,22.591508],[113.885071,22.590389]],[[113.886022,22.546518],[113.888841,22.548858]],[[113.886803,22.547267],[113.886022,22.546518]],[[113.887317,22.558157],[113.88579,22.556844]],[[113.88579,22.556844],[113.886769,22.555884]],[[113.886615,22.52065],[113.886742,22.520756]],[[113.889609,22.517902],[113.886615,22.52065]],[[113.885284,22.587614],[113.883549,22.589347],[113.883827,22.589964],[113.885071,22.590389]],[[113.885071,22.590389],[113.885482,22.589381]],[[113.888863,22.522837],[113.886643,22.520861]],[[113.886742,22.520756],[113.886643,22.520861]],[[113.886554,22.524882],[113.886601,22.52493]],[[113.886554,22.524882],[113.888863,22.522837]],[[113.886784,22.516002],[113.888863,22.518026]],[[113.886784,22.516002],[113.887235,22.515607]],[[113.886601,22.52493],[113.888082,22.527108]],[[113.887388,22.524255],[113.886601,22.52493]],[[113.885438,22.580543],[113.885373,22.580487]],[[113.885373,22.580487],[113.885426,22.580444]],[[113.886742,22.520756],[113.888977,22.522738]],[[113.889769,22.518058],[113.886742,22.520756]],[[113.885622,22.571113],[113.886412,22.571825]],[[113.885622,22.571113],[113.886797,22.569977]],[[113.884936,22.601888],[113.885231,22.601997]],[[113.884936,22.601888],[113.885029,22.601988]],[[113.885426,22.580444],[113.885491,22.580499]],[[113.885426,22.580444],[113.888092,22.577799]],[[113.888218,22.582932],[113.885438,22.580543]],[[113.885491,22.580499],[113.885438,22.580543]],[[113.885592,22.573782],[113.887092,22.572437]],[[113.886054,22.587976],[113.885284,22.587614]],[[113.885491,22.580499],[113.888265,22.582885]],[[113.888147,22.577846],[113.885491,22.580499]],[[113.886943,22.525595],[113.886735,22.525322]],[[113.885231,22.601997],[113.885029,22.601988]],[[113.885601,22.603041],[113.885029,22.601988]],[[113.886268,22.55084],[113.886188,22.550751]],[[113.886188,22.550751],[113.886294,22.550692]],[[113.887291,22.502037],[113.889552,22.50547]],[[113.887291,22.502037],[113.888379,22.501094]],[[113.887887,22.552257],[113.886268,22.55084]],[[113.886372,22.550781],[113.886268,22.55084]],[[113.886294,22.550692],[113.886372,22.550781]],[[113.886294,22.550692],[113.88723,22.55012]],[[113.886877,22.525189],[113.888088,22.527102]],[[113.886153,22.558775],[113.886432,22.558797],[113.886741,22.558704],[113.887317,22.558157]],[[113.885482,22.589381],[113.887432,22.590076]],[[113.885482,22.589381],[113.886054,22.587976]],[[113.886372,22.550781],[113.887964,22.552181]],[[113.88884,22.549049],[113.886372,22.550781]],[[113.888919,22.529045],[113.886943,22.525595]],[[113.886943,22.525595],[113.886963,22.525579]],[[113.886498,22.602872],[113.885948,22.602267],[113.885231,22.601997]],[[113.888935,22.529033],[113.886963,22.525579]],[[113.886165,22.561866],[113.886607,22.561433]],[[113.885863,22.575906],[113.885929,22.575963]],[[113.885863,22.575906],[113.887143,22.574642]],[[113.88689,22.530608],[113.887799,22.529876]],[[113.888988,22.529166],[113.88689,22.530608]],[[113.889324,22.517624],[113.887235,22.515607]],[[113.885929,22.575963],[113.888092,22.577799]],[[113.887209,22.574699],[113.885929,22.575963]],[[113.886243,22.567069],[113.886167,22.567004]],[[113.886167,22.567004],[113.886246,22.566925]],[[113.886246,22.566925],[113.886323,22.566991]],[[113.886246,22.566925],[113.887942,22.565275]],[[113.88812,22.568698],[113.886243,22.567069]],[[113.886323,22.566991],[113.886243,22.567069]],[[113.886391,22.563941],[113.886449,22.563991]],[[113.886391,22.563941],[113.88733,22.563006],[113.887833,22.563433]],[[113.886323,22.566991],[113.887078,22.567662]],[[113.887659,22.565691],[113.886323,22.566991]],[[113.885925,22.585211],[113.888218,22.582932]],[[113.887244,22.547656],[113.886803,22.547267]],[[113.886449,22.563991],[113.886697,22.564205]],[[113.885601,22.603041],[113.885721,22.603564]],[[113.887388,22.524255],[113.889252,22.526099]],[[113.888927,22.522898],[113.887388,22.524255]],[[113.886752,22.553503],[113.888081,22.55465]],[[113.887967,22.552325],[113.886752,22.553503]],[[113.886839,22.561636],[113.886607,22.561433]],[[113.886607,22.561433],[113.886753,22.56129]],[[113.888298,22.557207],[113.886769,22.555884]],[[113.886769,22.555884],[113.886837,22.555817]],[[113.886412,22.571825],[113.887092,22.572437]],[[113.887595,22.570682],[113.886412,22.571825]],[[113.888075,22.588716],[113.886054,22.587976]],[[113.886054,22.587976],[113.88608,22.587912]],[[113.887878,22.506912],[113.887939,22.506971]],[[113.887878,22.506912],[113.889399,22.505582]],[[113.885721,22.603564],[113.885754,22.603711]],[[113.885721,22.603564],[113.886498,22.602872]],[[113.88762,22.519139],[113.888863,22.518026]],[[113.88608,22.587912],[113.888105,22.588654]],[[113.885754,22.603711],[113.886075,22.605156],[113.886489,22.60536]],[[113.886569,22.60299],[113.885754,22.603711]],[[113.886837,22.555817],[113.888374,22.557135]],[[113.889446,22.505656],[113.887939,22.506971]],[[113.88604,22.592979],[113.886326,22.592996]],[[113.88604,22.592979],[113.88634,22.592386]],[[113.886753,22.56129],[113.886984,22.561491]],[[113.886753,22.56129],[113.887405,22.56065]],[[113.886697,22.564205],[113.886898,22.564377]],[[113.888353,22.562911],[113.886839,22.561636]],[[113.886984,22.561491],[113.886839,22.561636]],[[113.887112,22.549962],[113.88723,22.55012]],[[113.888088,22.548395],[113.887244,22.547656]],[[113.886898,22.564377],[113.887942,22.565275]],[[113.886898,22.564377],[113.887833,22.563433]],[[113.88723,22.55012],[113.888735,22.548957]],[[113.886984,22.561491],[113.888476,22.562776]],[[113.887722,22.560793],[113.886984,22.561491]],[[113.886797,22.569977],[113.887595,22.570682]],[[113.886797,22.569977],[113.88812,22.568698]],[[113.888379,22.501094],[113.889027,22.500485]],[[113.889076,22.500532],[113.888379,22.501094]],[[113.886326,22.592996],[113.887936,22.593089]],[[113.886411,22.592411],[113.886326,22.592996]],[[113.88634,22.592386],[113.886411,22.592411]],[[113.88634,22.592386],[113.887432,22.590076]],[[113.887799,22.529876],[113.888316,22.529477]],[[113.887503,22.590101],[113.886411,22.592411]],[[113.892495,22.567384],[113.886899,22.573022]],[[113.891906,22.568223],[113.888042,22.57215],[113.886899,22.573022]],[[113.887078,22.567662],[113.888196,22.568625]],[[113.887078,22.567662],[113.888451,22.566382]],[[113.887317,22.558157],[113.888298,22.557207]],[[113.888082,22.527108],[113.88905,22.528945]],[[113.888088,22.527102],[113.888082,22.527108]],[[113.888088,22.527102],[113.889068,22.52893]],[[113.889252,22.526099],[113.888088,22.527102]],[[113.887092,22.572437],[113.889596,22.569981]],[[113.887405,22.56065],[113.888567,22.559406]],[[113.887405,22.56065],[113.894469,22.553914]],[[113.886569,22.60299],[113.886498,22.602872]],[[113.886498,22.602872],[113.895022,22.596636]],[[113.887209,22.574699],[113.887143,22.574642]],[[113.887143,22.574642],[113.88719,22.574596]],[[113.886489,22.60536],[113.886813,22.603996]],[[113.88719,22.574596],[113.887256,22.574653]],[[113.88719,22.574596],[113.889009,22.572803]],[[113.886813,22.603924],[113.886569,22.60299]],[[113.895105,22.596726],[113.886569,22.60299]],[[113.889349,22.576543],[113.887209,22.574699]],[[113.887256,22.574653],[113.887209,22.574699]],[[113.889027,22.500485],[113.888889,22.500346]],[[113.888088,22.548395],[113.887823,22.548649]],[[113.887256,22.574653],[113.889395,22.576497]],[[113.889073,22.572859],[113.887256,22.574653]],[[113.888932,22.500297],[113.889077,22.500442]],[[113.888316,22.529477],[113.888919,22.529045]],[[113.889076,22.500532],[113.889027,22.500485]],[[113.889027,22.500485],[113.889077,22.500442]],[[113.887967,22.552325],[113.887887,22.552257]],[[113.887887,22.552257],[113.887964,22.552181]],[[113.89468,22.554098],[113.887722,22.560793]],[[113.888137,22.560508],[113.887722,22.560793]],[[113.889077,22.500442],[113.889125,22.500489]],[[113.889077,22.500442],[113.889224,22.500314]],[[113.891848,22.504167],[113.890753,22.502216],[113.889076,22.500532]],[[113.889125,22.500489],[113.889076,22.500532]],[[113.887659,22.565691],[113.888451,22.566382]],[[113.888533,22.56485],[113.887659,22.565691]],[[113.887964,22.552181],[113.888046,22.552251]],[[113.887964,22.552181],[113.890074,22.550122]],[[113.889125,22.500489],[113.890843,22.502196],[113.891945,22.50416]],[[113.889276,22.500362],[113.889125,22.500489]],[[113.889302,22.553472],[113.887967,22.552325]],[[113.888046,22.552251],[113.887967,22.552325]],[[113.886813,22.603924],[113.88795,22.603955],[113.888902,22.603694]],[[113.886813,22.603996],[113.886813,22.603924]],[[113.888948,22.603754],[113.887958,22.604016],[113.887423,22.604018],[113.886813,22.603996]],[[113.888735,22.548957],[113.888088,22.548395]],[[113.88892,22.569393],[113.887595,22.570682]],[[113.888046,22.552251],[113.889383,22.553395]],[[113.889083,22.5513],[113.888046,22.552251]],[[113.887833,22.563433],[113.888901,22.564347]],[[113.887833,22.563433],[113.888353,22.562911]],[[113.888863,22.518026],[113.889324,22.517624]],[[113.888081,22.55465],[113.889611,22.555971]],[[113.888081,22.55465],[113.889302,22.553472]],[[113.888927,22.522898],[113.888863,22.522837]],[[113.888863,22.522837],[113.888977,22.522738]],[[113.887942,22.565275],[113.888901,22.564347]],[[113.89063,22.524905],[113.888927,22.522898]],[[113.889039,22.522798],[113.888927,22.522898]],[[113.887432,22.590076],[113.887503,22.590101]],[[113.887432,22.590076],[113.888075,22.588716]],[[113.888977,22.522738],[113.889039,22.522798]],[[113.888977,22.522738],[113.891908,22.520173]],[[113.888137,22.560508],[113.88949,22.561806]],[[113.889433,22.559342],[113.888137,22.560508]],[[113.889446,22.505656],[113.889399,22.505582]],[[113.889399,22.505582],[113.889552,22.50547]],[[113.888146,22.588742],[113.887503,22.590101]],[[113.889039,22.522798],[113.891266,22.525439],[113.892055,22.526697]],[[113.891968,22.520231],[113.889039,22.522798]],[[113.888701,22.537985],[113.889808,22.538006]],[[113.888988,22.529166],[113.888919,22.529045]],[[113.888919,22.529045],[113.888935,22.529033]],[[113.891516,22.508885],[113.889446,22.505656]],[[113.889597,22.505543],[113.889446,22.505656]],[[113.889485,22.558545],[113.889441,22.558193],[113.888298,22.557207]],[[113.888298,22.557207],[113.888374,22.557135]],[[113.889003,22.529155],[113.888935,22.529033]],[[113.888935,22.529033],[113.88905,22.528945]],[[113.889904,22.531726],[113.889669,22.530551],[113.888988,22.529166]],[[113.889003,22.529155],[113.888988,22.529166]],[[113.888374,22.557135],[113.889524,22.558114],[113.889901,22.558152]],[[113.888374,22.557135],[113.889611,22.555971]],[[113.889915,22.531672],[113.889687,22.530521],[113.889003,22.529155]],[[113.88912,22.529066],[113.889003,22.529155]],[[113.88892,22.569393],[113.88812,22.568698]],[[113.88812,22.568698],[113.888196,22.568625]],[[113.889552,22.50547],[113.889597,22.505543]],[[113.889552,22.50547],[113.891848,22.504167]],[[113.88905,22.528945],[113.88912,22.529066]],[[113.88905,22.528945],[113.889068,22.52893]],[[113.889068,22.52893],[113.889137,22.529053]],[[113.889068,22.52893],[113.890803,22.527624]],[[113.889485,22.517781],[113.889324,22.517624]],[[113.889324,22.517624],[113.889442,22.517523]],[[113.889597,22.505543],[113.891652,22.508724]],[[113.891888,22.504241],[113.889597,22.505543]],[[113.888196,22.568625],[113.888999,22.569316]],[[113.888196,22.568625],[113.889536,22.567329]],[[113.889429,22.563813],[113.888353,22.562911]],[[113.88912,22.529066],[113.889847,22.5305],[113.890053,22.531571]],[[113.889137,22.529053],[113.88912,22.529066]],[[113.890148,22.544116],[113.888813,22.543086]],[[113.888813,22.543086],[113.889644,22.541006]],[[113.889764,22.541101],[113.888813,22.543086]],[[113.889137,22.529053],[113.889826,22.53035],[113.890074,22.531555]],[[113.892003,22.526927],[113.889137,22.529053]],[[113.88884,22.549049],[113.888735,22.548957]],[[113.888735,22.548957],[113.888841,22.548858]],[[113.889442,22.517523],[113.889603,22.517678]],[[113.889442,22.517523],[113.894617,22.513045],[113.894608,22.512653]],[[113.889252,22.526099],[113.890803,22.527624]],[[113.89063,22.524905],[113.889252,22.526099]],[[113.888092,22.577799],[113.888147,22.577846]],[[113.888092,22.577799],[113.889349,22.576543]],[[113.889009,22.572803],[113.888235,22.572126]],[[113.889609,22.517902],[113.889485,22.517781]],[[113.889485,22.517781],[113.889603,22.517678]],[[113.888476,22.562776],[113.889555,22.563691]],[[113.888476,22.562776],[113.88949,22.561806]],[[113.889405,22.576591],[113.888147,22.577846]],[[113.888567,22.559406],[113.889485,22.558545]],[[113.888841,22.548858],[113.888948,22.548951]],[[113.888841,22.548858],[113.889772,22.54685],[113.890934,22.545423]],[[113.890074,22.550122],[113.88884,22.549049]],[[113.888948,22.548951],[113.88884,22.549049]],[[113.888451,22.566382],[113.889536,22.567329]],[[113.888451,22.566382],[113.889318,22.565535]],[[113.888533,22.56485],[113.889318,22.565535]],[[113.889522,22.56389],[113.888533,22.56485]],[[113.889603,22.517678],[113.889727,22.517798]],[[113.889603,22.517678],[113.894966,22.513007]],[[113.889769,22.518058],[113.889609,22.517902]],[[113.889727,22.517798],[113.889609,22.517902]],[[113.887936,22.593089],[113.889084,22.593214]],[[113.888923,22.590995],[113.887936,22.593089]],[[113.888948,22.548951],[113.890185,22.550003]],[[113.89104,22.545484],[113.889896,22.546918],[113.889395,22.548337],[113.888948,22.548951]],[[113.888146,22.588742],[113.888075,22.588716]],[[113.888075,22.588716],[113.888105,22.588654]],[[113.888321,22.583021],[113.888218,22.582932]],[[113.888218,22.582932],[113.888265,22.582885]],[[113.888105,22.588654],[113.888175,22.58868]],[[113.888105,22.588654],[113.890124,22.584383]],[[113.888265,22.582885],[113.888368,22.582974]],[[113.888265,22.582885],[113.890639,22.580514]],[[113.889727,22.517798],[113.889887,22.517953]],[[113.891278,22.516439],[113.889727,22.517798]],[[113.889713,22.589316],[113.888146,22.588742]],[[113.888175,22.58868],[113.888146,22.588742]],[[113.888175,22.58868],[113.889742,22.589255]],[[113.889289,22.586324],[113.888175,22.58868]],[[113.891908,22.520173],[113.889769,22.518058]],[[113.889887,22.517953],[113.889769,22.518058]],[[113.890124,22.584383],[113.888321,22.583021]],[[113.888368,22.582974],[113.888321,22.583021]],[[113.888368,22.582974],[113.890164,22.584332]],[[113.892277,22.579066],[113.888368,22.582974]],[[113.890384,22.552429],[113.889083,22.5513]],[[113.890193,22.550226],[113.889083,22.5513]],[[113.889887,22.517953],[113.892027,22.520068]],[[113.891278,22.516439],[113.889887,22.517953]],[[113.888901,22.564347],[113.889429,22.563813]],[[113.889596,22.569981],[113.88892,22.569393]],[[113.888999,22.569316],[113.88892,22.569393]],[[113.890833,22.554788],[113.889302,22.553472]],[[113.889302,22.553472],[113.889383,22.553395]],[[113.889797,22.531806],[113.889904,22.531726]],[[113.888999,22.569316],[113.889679,22.569901]],[[113.888999,22.569316],[113.890324,22.568016]],[[113.889764,22.541101],[113.889644,22.541006]],[[113.889644,22.541006],[113.889667,22.540893]],[[113.889383,22.553395],[113.89091,22.554715]],[[113.889383,22.553395],[113.890384,22.552429]],[[113.889667,22.540893],[113.889789,22.540984]],[[113.889667,22.540893],[113.889765,22.540245]],[[113.889869,22.534869],[113.889904,22.531726]],[[113.889904,22.531726],[113.889918,22.531715]],[[113.889918,22.531715],[113.889915,22.531672]],[[113.889915,22.531672],[113.890053,22.531571]],[[113.889934,22.531916],[113.889918,22.531715]],[[113.889918,22.531715],[113.890057,22.531611]],[[113.889073,22.572859],[113.889009,22.572803]],[[113.889009,22.572803],[113.890822,22.570969]],[[113.8899,22.534868],[113.889934,22.531916]],[[113.890073,22.531815],[113.889934,22.531916]],[[113.889867,22.534946],[113.889869,22.534869]],[[113.889867,22.534946],[113.888712,22.534901],[113.889869,22.534869]],[[113.889869,22.534869],[113.8899,22.534868]],[[113.889899,22.534947],[113.889867,22.534946]],[[113.889808,22.538006],[113.889867,22.534946]],[[113.889765,22.540245],[113.889808,22.538006]],[[113.889808,22.538006],[113.889839,22.538006]],[[113.889819,22.540854],[113.889765,22.540245]],[[113.889765,22.540245],[113.889839,22.538006]],[[113.889899,22.534947],[113.8899,22.534868]],[[113.8899,22.534868],[113.890027,22.534868]],[[113.890025,22.53495],[113.889899,22.534947]],[[113.889839,22.538006],[113.889899,22.534947]],[[113.889957,22.541262],[113.889764,22.541101]],[[113.889789,22.540984],[113.889764,22.541101]],[[113.889839,22.538006],[113.889966,22.538008]],[[113.891202,22.574697],[113.889073,22.572859]],[[113.89088,22.571048],[113.889073,22.572859]],[[113.889789,22.540984],[113.889869,22.541048]],[[113.889819,22.540854],[113.889789,22.540984]],[[113.889869,22.541048],[113.889819,22.540854]],[[113.889966,22.538008],[113.889819,22.540854]],[[113.890053,22.531571],[113.890057,22.531611]],[[113.890053,22.531571],[113.890074,22.531555]],[[113.889433,22.559342],[113.889447,22.559687],[113.890319,22.560835]],[[113.88992,22.558887],[113.889433,22.559342]],[[113.890057,22.531611],[113.890073,22.531815]],[[113.890057,22.531611],[113.890078,22.531596]],[[113.890074,22.531555],[113.890078,22.531596]],[[113.890074,22.531555],[113.892758,22.529573]],[[113.890073,22.531815],[113.890027,22.534868]],[[113.890088,22.531803],[113.890073,22.531815]],[[113.890078,22.531596],[113.890088,22.531803]],[[113.890078,22.531596],[113.89276,22.529598]],[[113.889318,22.565535],[113.890408,22.566486]],[[113.889318,22.565535],[113.890227,22.564646],[113.891308,22.565616]],[[113.889869,22.541048],[113.890206,22.541325]],[[113.889957,22.541262],[113.889869,22.541048]],[[113.889485,22.558545],[113.889901,22.558152]],[[113.890088,22.531803],[113.890042,22.534869]],[[113.892782,22.529807],[113.890088,22.531803]],[[113.890027,22.534868],[113.890042,22.534869]],[[113.890027,22.534868],[113.890025,22.53495]],[[113.890041,22.53495],[113.890025,22.53495]],[[113.890025,22.53495],[113.889966,22.538008]],[[113.889966,22.538008],[113.889988,22.538009]],[[113.890042,22.534869],[113.892749,22.534906]],[[113.890042,22.534869],[113.890041,22.53495]],[[113.892772,22.535012],[113.890041,22.53495]],[[113.890041,22.53495],[113.889988,22.538009]],[[113.889988,22.538009],[113.889968,22.540665],[113.890206,22.541325]],[[113.889988,22.538009],[113.890791,22.538022]],[[113.889522,22.56389],[113.889429,22.563813]],[[113.889429,22.563813],[113.889555,22.563691]],[[113.889611,22.555971],[113.890833,22.554788]],[[113.88949,22.561806],[113.8904,22.560936]],[[113.892589,22.543478],[113.889957,22.541262]],[[113.892568,22.543505],[113.889957,22.541262]],[[113.891421,22.565507],[113.889522,22.56389]],[[113.889642,22.563766],[113.889522,22.56389]],[[113.889944,22.591414],[113.888923,22.590995]],[[113.889713,22.589316],[113.888923,22.590995]],[[113.889555,22.563691],[113.889642,22.563766]],[[113.889555,22.563691],[113.891318,22.562015]],[[113.889536,22.567329],[113.890324,22.568016]],[[113.889536,22.567329],[113.890408,22.566486]],[[113.889405,22.576591],[113.889349,22.576543]],[[113.889349,22.576543],[113.889395,22.576497]],[[113.889642,22.563766],[113.889859,22.563951]],[[113.890656,22.562807],[113.889642,22.563766]],[[113.889395,22.576497],[113.889451,22.576545]],[[113.889395,22.576497],[113.891202,22.574697]],[[113.892175,22.578979],[113.889405,22.576591]],[[113.889451,22.576545],[113.889405,22.576591]],[[113.890206,22.541325],[113.892649,22.543347]],[[113.890206,22.541325],[113.892643,22.54336]],[[113.890148,22.544116],[113.891336,22.544972]],[[113.891262,22.545053],[113.890148,22.544116]],[[113.889596,22.569981],[113.889679,22.569901]],[[113.889451,22.576545],[113.892222,22.578933]],[[113.891257,22.574745],[113.889451,22.576545]],[[113.889084,22.593214],[113.891842,22.593391]],[[113.889084,22.593214],[113.889944,22.591414]],[[113.891938,22.526798],[113.89063,22.524905]],[[113.890193,22.550226],[113.890074,22.550122]],[[113.890074,22.550122],[113.890185,22.550003]],[[113.889901,22.558152],[113.891987,22.556157]],[[113.889289,22.586324],[113.89066,22.58689]],[[113.890194,22.584409],[113.889289,22.586324]],[[113.888948,22.603754],[113.888902,22.603694]],[[113.888902,22.603694],[113.89047,22.602483]],[[113.890357,22.558479],[113.88992,22.558887]],[[113.89138,22.559833],[113.890334,22.558917],[113.890172,22.558857],[113.88992,22.558887]],[[113.889679,22.569901],[113.890948,22.568561]],[[113.891232,22.604097],[113.889682,22.604431],[113.888948,22.603754]],[[113.890512,22.602545],[113.888948,22.603754]],[[113.889859,22.563951],[113.890938,22.564711]],[[113.889859,22.563951],[113.891543,22.565389]],[[113.890185,22.550003],[113.890308,22.550103]],[[113.890185,22.550003],[113.893479,22.546833]],[[113.894375,22.553832],[113.890193,22.550226]],[[113.890308,22.550103],[113.890193,22.550226]],[[113.890803,22.527624],[113.891938,22.526798]],[[113.890308,22.550103],[113.894483,22.553726]],[[113.893584,22.546915],[113.890308,22.550103]],[[113.89091,22.554715],[113.891439,22.554169],[113.891465,22.553475],[113.890384,22.552429]],[[113.894957,22.513209],[113.891278,22.516439]],[[113.894957,22.513209],[113.892904,22.51503],[113.891278,22.516439]],[[113.892775,22.529743],[113.890968,22.531082]],[[113.890357,22.558479],[113.890387,22.558861],[113.891485,22.559824]],[[113.891739,22.557141],[113.890357,22.558479]],[[113.890319,22.560835],[113.8904,22.560936]],[[113.890319,22.560835],[113.89138,22.559833]],[[113.891734,22.509226],[113.891516,22.508885]],[[113.890767,22.589701],[113.889713,22.589316]],[[113.889742,22.589255],[113.889713,22.589316]],[[113.889742,22.589255],[113.892289,22.590189]],[[113.890261,22.587917],[113.889742,22.589255]],[[113.8904,22.560936],[113.891318,22.562015]],[[113.891652,22.508724],[113.892102,22.508796],[113.893988,22.50771]],[[113.891652,22.508724],[113.892007,22.509271]],[[113.890324,22.568016],[113.890948,22.568561]],[[113.890324,22.568016],[113.890929,22.567422]],[[113.890408,22.566486],[113.891757,22.567663]],[[113.890408,22.566486],[113.891308,22.565616]],[[113.889643,22.601235],[113.89047,22.602483]],[[113.894608,22.512653],[113.892998,22.511027],[113.891734,22.509226]],[[113.891888,22.504241],[113.891848,22.504167]],[[113.891848,22.504167],[113.891945,22.50416]],[[113.890934,22.545423],[113.891262,22.545053]],[[113.890934,22.545423],[113.891012,22.545412],[113.89104,22.545484]],[[113.893988,22.50771],[113.89322,22.506648],[113.891888,22.504241]],[[113.891945,22.50416],[113.891888,22.504241]],[[113.892241,22.591851],[113.889944,22.591414]],[[113.889944,22.591414],[113.890611,22.590025]],[[113.890194,22.584409],[113.890124,22.584383]],[[113.890124,22.584383],[113.890164,22.584332]],[[113.891945,22.50416],[113.892083,22.504408]],[[113.890164,22.584332],[113.891536,22.584632]],[[113.890164,22.584332],[113.890194,22.584409]],[[113.890164,22.584332],[113.890622,22.58349]],[[113.891353,22.545124],[113.89104,22.545484]],[[113.891193,22.555097],[113.890833,22.554788]],[[113.890656,22.562807],[113.891887,22.56384]],[[113.891529,22.561957],[113.890656,22.562807]],[[113.891511,22.584697],[113.890194,22.584409]],[[113.89091,22.554715],[113.891273,22.555028]],[[113.892083,22.504408],[113.894087,22.507686]],[[113.892083,22.504408],[113.892548,22.501983],[113.892433,22.500398]],[[113.892007,22.509271],[113.893257,22.511013],[113.895114,22.512878]],[[113.894034,22.507773],[113.89215,22.50884],[113.892007,22.509271]],[[113.890261,22.587917],[113.892734,22.588459]],[[113.89066,22.58689],[113.890261,22.587917]],[[113.890639,22.580514],[113.890462,22.580393]],[[113.891353,22.545124],[113.891262,22.545053]],[[113.891262,22.545053],[113.891336,22.544972]],[[113.891336,22.544972],[113.891424,22.545042]],[[113.891336,22.544972],[113.892568,22.543505]],[[113.891968,22.520231],[113.891908,22.520173]],[[113.891908,22.520173],[113.892027,22.520068]],[[113.893479,22.546833],[113.891353,22.545124]],[[113.891424,22.545042],[113.891353,22.545124]],[[113.890938,22.564711],[113.891629,22.565306]],[[113.890938,22.564711],[113.891887,22.56384]],[[113.89088,22.571048],[113.890822,22.570969]],[[113.890822,22.570969],[113.894018,22.567795]],[[113.890822,22.570969],[113.890866,22.570964],[113.890918,22.571009]],[[113.895435,22.523722],[113.894475,22.522415],[113.891968,22.520231]],[[113.892092,22.520126],[113.891968,22.520231]],[[113.891273,22.555028],[113.891271,22.555105],[113.891193,22.555097]],[[113.891987,22.556157],[113.892011,22.555813],[113.891193,22.555097]],[[113.891424,22.545042],[113.893569,22.546744]],[[113.892678,22.543596],[113.891424,22.545042]],[[113.890639,22.580514],[113.892175,22.578979]],[[113.893008,22.572897],[113.89088,22.571048]],[[113.890918,22.571009],[113.89088,22.571048]],[[113.892027,22.520068],[113.892092,22.520126]],[[113.892027,22.520068],[113.894238,22.518227]],[[113.890948,22.568561],[113.891757,22.567663]],[[113.891273,22.555028],[113.892099,22.555721],[113.892463,22.555695]],[[113.890918,22.571009],[113.891531,22.571538]],[[113.891397,22.570516],[113.890918,22.571009]],[[113.892003,22.526927],[113.891938,22.526798]],[[113.891938,22.526798],[113.892055,22.526697]],[[113.892092,22.520126],[113.894706,22.522426],[113.895556,22.52361]],[[113.894238,22.518227],[113.892092,22.520126]],[[113.892758,22.529573],[113.892003,22.526927]],[[113.892125,22.526825],[113.892003,22.526927]],[[113.89066,22.58689],[113.891482,22.58707]],[[113.890927,22.586201],[113.89066,22.58689]],[[113.89192,22.590518],[113.890611,22.590025]],[[113.890611,22.590025],[113.890767,22.589701]],[[113.892055,22.526697],[113.892125,22.526825]],[[113.892055,22.526697],[113.893837,22.525135]],[[113.891318,22.562015],[113.892529,22.56084]],[[113.892529,22.56084],[113.89138,22.559833]],[[113.89138,22.559833],[113.891485,22.559824]],[[113.892125,22.526825],[113.892886,22.52947]],[[113.895499,22.523862],[113.892125,22.526825]],[[113.89047,22.602483],[113.890512,22.602545]],[[113.89047,22.602483],[113.891826,22.601422],[113.892607,22.601158]],[[113.892616,22.590378],[113.890767,22.589701]],[[113.891308,22.565616],[113.891421,22.565507]],[[113.890512,22.602545],[113.890861,22.603073]],[[113.892603,22.601231],[113.891869,22.601482],[113.890512,22.602545]],[[113.891485,22.559824],[113.892586,22.560788]],[[113.891485,22.559824],[113.893051,22.558264]],[[113.890927,22.586201],[113.8916,22.586349]],[[113.891314,22.585205],[113.890927,22.586201]],[[113.891257,22.574745],[113.891202,22.574697]],[[113.891202,22.574697],[113.893008,22.572897]],[[113.892333,22.567262],[113.89187,22.566691],[113.891421,22.565507]],[[113.891421,22.565507],[113.891543,22.565389]],[[113.89273,22.563004],[113.891529,22.561957]],[[113.89261,22.56091],[113.891529,22.561957]],[[113.892575,22.575884],[113.891257,22.574745]],[[113.893062,22.572943],[113.891257,22.574745]],[[113.892022,22.571029],[113.891397,22.570516]],[[113.89375,22.568186],[113.891397,22.570516]],[[113.891543,22.565389],[113.892095,22.565813],[113.893332,22.566158]],[[113.891543,22.565389],[113.891629,22.565306]],[[113.893051,22.558264],[113.891739,22.557141]],[[113.89477,22.554176],[113.891739,22.557141]],[[113.891629,22.565306],[113.892585,22.565735],[113.89373,22.56538],[113.891887,22.56384]],[[113.891531,22.571538],[113.893052,22.572853]],[[113.892022,22.571029],[113.891531,22.571538]],[[113.890861,22.603073],[113.891232,22.604097]],[[113.890861,22.603073],[113.892659,22.60219]],[[113.891314,22.585205],[113.891864,22.585326]],[[113.891511,22.584697],[113.891314,22.585205]],[[113.891987,22.556157],[113.892463,22.555695]],[[113.891757,22.567663],[113.891967,22.567349]],[[113.891887,22.56384],[113.89273,22.563004]],[[113.892959,22.585013],[113.891511,22.584697]],[[113.891536,22.584632],[113.891511,22.584697]],[[113.89276,22.529598],[113.892758,22.529573]],[[113.892758,22.529573],[113.892886,22.52947]],[[113.892775,22.529743],[113.89276,22.529598]],[[113.89276,22.529598],[113.89289,22.529502]],[[113.891536,22.584632],[113.893941,22.585158]],[[113.891482,22.58707],[113.892927,22.587387]],[[113.891482,22.58707],[113.891664,22.586363]],[[113.892782,22.529807],[113.892775,22.529743]],[[113.892904,22.529647],[113.892775,22.529743]],[[113.892785,22.531381],[113.892782,22.529807]],[[113.89291,22.529709],[113.892782,22.529807]],[[113.894956,22.553034],[113.895627,22.552361],[113.895667,22.551275],[113.892402,22.54837]],[[113.892918,22.531427],[113.892785,22.531381]],[[113.892749,22.534906],[113.892785,22.531381]],[[113.892785,22.531381],[113.892919,22.531334]],[[113.892772,22.535012],[113.892749,22.534906]],[[113.892749,22.534906],[113.892875,22.534907]],[[113.8916,22.586349],[113.891664,22.586363]],[[113.891864,22.585326],[113.8916,22.586349]],[[113.892678,22.543596],[113.892568,22.543505]],[[113.892568,22.543505],[113.892589,22.543478]],[[113.892886,22.52947],[113.89289,22.529502]],[[113.892886,22.52947],[113.895983,22.527205]],[[113.89289,22.529502],[113.892904,22.529647]],[[113.89289,22.529502],[113.895983,22.527287]],[[113.893112,22.538011],[113.893122,22.536649],[113.892772,22.535012]],[[113.892898,22.535012],[113.892772,22.535012]],[[113.892696,22.543565],[113.892589,22.543478]],[[113.892589,22.543478],[113.892643,22.54336]],[[113.893425,22.60351],[113.891232,22.604097]],[[113.892904,22.529647],[113.89291,22.529709]],[[113.895985,22.527414],[113.892904,22.529647]],[[113.89291,22.529709],[113.892919,22.531334]],[[113.89599,22.527508],[113.89291,22.529709]],[[113.891664,22.586363],[113.892561,22.58656]],[[113.89289,22.571734],[113.892022,22.571029]],[[113.892643,22.54336],[113.892757,22.543454]],[[113.892643,22.54336],[113.892649,22.543347]],[[113.892649,22.543347],[113.892764,22.54344]],[[113.892649,22.543347],[113.893003,22.542236],[113.893068,22.540563]],[[113.892919,22.531334],[113.894014,22.531356]],[[113.892919,22.531334],[113.892918,22.531427]],[[113.893973,22.531444],[113.893461,22.531439],[113.892918,22.531427]],[[113.892918,22.531427],[113.892875,22.534907]],[[113.894902,22.545454],[113.892678,22.543596]],[[113.892696,22.543565],[113.892678,22.543596]],[[113.892875,22.534907],[113.892898,22.535012]],[[113.892875,22.534907],[113.896624,22.534936]],[[113.89492,22.545435],[113.892696,22.543565]],[[113.892757,22.543454],[113.892696,22.543565]],[[113.892898,22.535012],[113.893274,22.536472],[113.893261,22.538015]],[[113.896621,22.535058],[113.892898,22.535012]],[[113.893376,22.524578],[113.89316,22.524309]],[[113.892463,22.555695],[113.894375,22.553832]],[[113.893962,22.508945],[113.893164,22.509353],[113.892882,22.508947],[113.893526,22.508768]],[[113.892757,22.543454],[113.895016,22.545331]],[[113.892764,22.54344],[113.892757,22.543454]],[[113.892764,22.54344],[113.895021,22.545326]],[[113.893214,22.540565],[113.893137,22.542373],[113.892764,22.54344]],[[113.891864,22.585326],[113.892824,22.585537]],[[113.892495,22.567384],[113.892333,22.567262]],[[113.892333,22.567262],[113.893332,22.566158]],[[113.89261,22.56091],[113.892529,22.56084]],[[113.892529,22.56084],[113.892586,22.560788]],[[113.893837,22.525135],[113.893376,22.524578]],[[113.893376,22.524578],[113.893867,22.524188],[113.89434,22.524681]],[[113.891932,22.593664],[113.89183,22.593658]],[[113.895022,22.596636],[113.894111,22.595801],[113.892671,22.595249],[113.892173,22.594915],[113.891844,22.59442],[113.89183,22.593658]],[[113.89183,22.593658],[113.891835,22.593545]],[[113.891937,22.593551],[113.891835,22.593545]],[[113.891835,22.593545],[113.891839,22.593447]],[[113.891839,22.593447],[113.891941,22.593453]],[[113.891839,22.593447],[113.891842,22.593391]],[[113.891842,22.593391],[113.891944,22.593398]],[[113.891842,22.593391],[113.892241,22.591851]],[[113.892277,22.579066],[113.892175,22.578979]],[[113.892175,22.578979],[113.892222,22.578933]],[[113.892586,22.560788],[113.892665,22.560857]],[[113.892586,22.560788],[113.894379,22.559402]],[[113.893112,22.538011],[113.893261,22.538015]],[[113.893111,22.53809],[113.893112,22.538011]],[[113.893068,22.540563],[113.893111,22.53809]],[[113.893111,22.53809],[113.893262,22.538092]],[[113.893801,22.561948],[113.89261,22.56091]],[[113.892665,22.560857],[113.89261,22.56091]],[[113.893068,22.540563],[113.893214,22.540565]],[[113.892222,22.578933],[113.892323,22.57902]],[[113.892222,22.578933],[113.894023,22.577134]],[[113.893962,22.508945],[113.893808,22.50868]],[[113.894018,22.567795],[113.892495,22.567384]],[[113.893489,22.566287],[113.892495,22.567384]],[[113.892665,22.560857],[113.893853,22.561897]],[[113.893885,22.559907],[113.892665,22.560857]],[[113.894186,22.593824],[113.891932,22.593664]],[[113.891932,22.593664],[113.891933,22.594386],[113.892247,22.594864],[113.894124,22.595714],[113.895073,22.596595]],[[113.891937,22.593551],[113.891932,22.593664]],[[113.894186,22.593824],[113.891937,22.593551]],[[113.891941,22.593453],[113.891937,22.593551]],[[113.891941,22.593453],[113.894255,22.593729]],[[113.891944,22.593398],[113.891941,22.593453]],[[113.891944,22.593398],[113.892856,22.593456]],[[113.892419,22.591467],[113.891944,22.593398]],[[113.893073,22.579753],[113.892277,22.579066]],[[113.892323,22.57902],[113.892277,22.579066]],[[113.892813,22.556411],[113.893541,22.55705]],[[113.892323,22.57902],[113.893119,22.579706]],[[113.894135,22.577209],[113.892323,22.57902]],[[113.893261,22.538015],[113.896574,22.53807]],[[113.893261,22.538015],[113.893262,22.538092]],[[113.893262,22.538092],[113.893214,22.540565]],[[113.893262,22.538092],[113.894556,22.538111]],[[113.893214,22.540565],[113.894499,22.540584]],[[113.894671,22.564694],[113.89273,22.563004]],[[113.89273,22.563004],[113.893801,22.561948]],[[113.894034,22.507773],[113.893988,22.50771]],[[113.893988,22.50771],[113.894087,22.507686]],[[113.894041,22.508905],[113.893962,22.508945]],[[113.895618,22.509682],[113.894034,22.507773]],[[113.894087,22.507686],[113.894034,22.507773]],[[113.894087,22.507686],[113.895678,22.509621]],[[113.894023,22.577134],[113.892575,22.575884]],[[113.894364,22.574074],[113.892575,22.575884]],[[113.892241,22.591851],[113.892342,22.591453]],[[113.892289,22.590189],[113.892632,22.590314]],[[113.892734,22.588459],[113.892289,22.590189]],[[113.894379,22.559402],[113.893051,22.558264]],[[113.892342,22.591453],[113.892419,22.591467]],[[113.892342,22.591453],[113.892616,22.590378]],[[113.893837,22.525135],[113.89434,22.524681]],[[113.892419,22.591467],[113.8933,22.591646],[113.894151,22.592332],[113.893997,22.592676],[113.892856,22.593456]],[[113.892697,22.590371],[113.892419,22.591467]],[[113.89322,22.572002],[113.89289,22.571734]],[[113.895203,22.569391],[113.89289,22.571734]],[[113.892561,22.58656],[113.893109,22.586681]],[[113.892561,22.58656],[113.892824,22.585537]],[[113.893584,22.546915],[113.893479,22.546833]],[[113.893479,22.546833],[113.893569,22.546744]],[[113.892303,22.599647],[113.892607,22.601158]],[[113.893569,22.546744],[113.893675,22.546828]],[[113.893569,22.546744],[113.894902,22.545454]],[[113.896687,22.549375],[113.893584,22.546915]],[[113.893675,22.546828],[113.893584,22.546915]],[[113.892616,22.590378],[113.892632,22.590314]],[[113.892697,22.590371],[113.892616,22.590378]],[[113.893062,22.572943],[113.893008,22.572897]],[[113.893008,22.572897],[113.893052,22.572853]],[[113.89775,22.521646],[113.894238,22.518227]],[[113.892632,22.590314],[113.892697,22.590371]],[[113.892632,22.590314],[113.893084,22.588535]],[[113.892897,22.578659],[113.893237,22.578954]],[[113.896694,22.531554],[113.893973,22.531444]],[[113.896696,22.531473],[113.893973,22.531444]],[[113.893052,22.572853],[113.893106,22.572899]],[[113.893052,22.572853],[113.894682,22.571236]],[[113.894364,22.574074],[113.893062,22.572943]],[[113.893106,22.572899],[113.893062,22.572943]],[[113.894014,22.531356],[113.896699,22.531314]],[[113.894014,22.531356],[113.896697,22.531393]],[[113.892734,22.588459],[113.893084,22.588535]],[[113.893005,22.587405],[113.892734,22.588459]],[[113.893425,22.587497],[113.892697,22.590371]],[[113.893675,22.546828],[113.896751,22.549309]],[[113.89502,22.545553],[113.893675,22.546828]],[[113.893106,22.572899],[113.894411,22.574027]],[[113.893817,22.572191],[113.893106,22.572899]],[[113.892824,22.585537],[113.893373,22.585657],[113.893109,22.586681]],[[113.892824,22.585537],[113.892959,22.585013]],[[113.893332,22.566158],[113.893489,22.566287]],[[113.893332,22.566158],[113.894671,22.564694]],[[113.893541,22.55705],[113.89537,22.558639]],[[113.893541,22.55705],[113.893692,22.556766]],[[113.89489,22.581318],[113.893073,22.579753]],[[113.893119,22.579706],[113.893073,22.579753]],[[113.893924,22.585225],[113.892959,22.585013]],[[113.892603,22.601231],[113.892659,22.60219]],[[113.892607,22.601158],[113.892603,22.601231]],[[113.894949,22.600769],[113.894234,22.60109],[113.892603,22.601231]],[[113.892607,22.601158],[113.894216,22.60102],[113.894932,22.60069]],[[113.892927,22.587387],[113.893005,22.587405]],[[113.893109,22.586681],[113.892927,22.587387]],[[113.894966,22.513007],[113.894608,22.512653]],[[113.89434,22.524681],[113.895435,22.523722]],[[113.893119,22.579706],[113.894936,22.581272]],[[113.893577,22.57925],[113.893119,22.579706]],[[113.892856,22.593456],[113.894255,22.593729]],[[113.892659,22.60219],[113.893425,22.60351]],[[113.89519,22.601697],[113.892659,22.60219]],[[113.893005,22.587405],[113.893351,22.587481]],[[113.893489,22.566287],[113.894227,22.567584]],[[113.894917,22.564703],[113.893489,22.566287]],[[113.893084,22.588535],[113.893351,22.587481]],[[113.894491,22.562521],[113.893801,22.561948]],[[113.893801,22.561948],[113.893853,22.561897]],[[113.894506,22.5606],[113.893885,22.559907]],[[113.895459,22.558714],[113.893885,22.559907]],[[113.893853,22.561897],[113.894539,22.562473]],[[113.893853,22.561897],[113.894939,22.561083]],[[113.89507,22.513109],[113.894957,22.513209]],[[113.895264,22.5133],[113.895119,22.513236],[113.895055,22.513218],[113.895,22.513209],[113.894957,22.513209]],[[113.89507,22.513109],[113.894966,22.513007]],[[113.894966,22.513007],[113.895114,22.512878]],[[113.895203,22.569391],[113.89375,22.568186]],[[113.894121,22.567826],[113.89375,22.568186]],[[113.893351,22.587481],[113.893425,22.587497]],[[113.893351,22.587481],[113.893924,22.585225]],[[113.895264,22.5133],[113.89507,22.513109]],[[113.895216,22.512979],[113.89507,22.513109]],[[113.893997,22.585241],[113.893425,22.587497]],[[113.895114,22.512878],[113.895216,22.512979]],[[113.895114,22.512878],[113.89765,22.510752]],[[113.894499,22.540584],[113.894556,22.538111]],[[113.894499,22.540584],[113.896527,22.540613]],[[113.896574,22.538158],[113.894556,22.538111]],[[113.893817,22.572191],[113.89511,22.573284]],[[113.894742,22.571268],[113.893817,22.572191]],[[113.895266,22.507814],[113.895529,22.507861]],[[113.895678,22.509621],[113.895808,22.50936],[113.895299,22.508901],[113.895266,22.507814]],[[113.895266,22.507814],[113.895463,22.507361]],[[113.895216,22.512979],[113.897785,22.515502]],[[113.897779,22.510858],[113.895216,22.512979]],[[113.894121,22.567826],[113.894018,22.567795]],[[113.894018,22.567795],[113.894227,22.567584]],[[113.900943,22.518877],[113.895264,22.5133]],[[113.894469,22.553914],[113.894375,22.553832]],[[113.894375,22.553832],[113.894483,22.553726]],[[113.895463,22.507361],[113.895262,22.507262],[113.895334,22.506909],[113.896244,22.505265]],[[113.895463,22.507361],[113.896121,22.506364],[113.896437,22.505272]],[[113.896319,22.569612],[113.894121,22.567826]],[[113.894282,22.567656],[113.894121,22.567826]],[[113.89468,22.554098],[113.894469,22.553914]],[[113.894469,22.553914],[113.894578,22.553808]],[[113.894483,22.553726],[113.894578,22.553808]],[[113.894483,22.553726],[113.89581,22.552421]],[[113.895561,22.508889],[113.895529,22.507861]],[[113.895529,22.507861],[113.896092,22.506867]],[[113.894379,22.559402],[113.89537,22.558639]],[[113.894227,22.567584],[113.894282,22.567656]],[[113.894227,22.567584],[113.896985,22.564857]],[[113.895683,22.602487],[113.894722,22.602656],[113.893425,22.60351]],[[113.894023,22.577134],[113.89582,22.575339]],[[113.894578,22.553808],[113.89479,22.553993]],[[113.894578,22.553808],[113.899479,22.54909]],[[113.894282,22.567656],[113.896406,22.569525]],[[113.895405,22.566535],[113.894282,22.567656]],[[113.893997,22.585241],[113.893924,22.585225]],[[113.893924,22.585225],[113.893941,22.585158]],[[113.89765,22.510752],[113.895618,22.509682]],[[113.895618,22.509682],[113.895678,22.509621]],[[113.893941,22.585158],[113.894014,22.585174]],[[113.893941,22.585158],[113.894305,22.58388],[113.895934,22.582219]],[[113.894939,22.561083],[113.894506,22.5606]],[[113.894506,22.5606],[113.896192,22.559352]],[[113.894135,22.577209],[113.894897,22.578642]],[[113.895911,22.575433],[113.894135,22.577209]],[[113.895704,22.563544],[113.894491,22.562521]],[[113.894539,22.562473],[113.894491,22.562521]],[[113.89477,22.554176],[113.89468,22.554098]],[[113.89479,22.553993],[113.89468,22.554098]],[[113.895678,22.509621],[113.897733,22.510692]],[[113.898833,22.584693],[113.897457,22.585973],[113.893997,22.585241]],[[113.894014,22.585174],[113.893997,22.585241]],[[113.89502,22.545553],[113.894902,22.545454]],[[113.894902,22.545454],[113.89492,22.545435]],[[113.894014,22.585174],[113.897455,22.585909],[113.898764,22.584657]],[[113.895989,22.582266],[113.894379,22.583896],[113.894014,22.585174]],[[113.895039,22.545533],[113.89492,22.545435]],[[113.89492,22.545435],[113.895016,22.545331]],[[113.894539,22.562473],[113.895741,22.563512]],[[113.897227,22.56046],[113.894539,22.562473]],[[113.895499,22.523862],[113.895435,22.523722]],[[113.895435,22.523722],[113.895556,22.52361]],[[113.897811,22.556816],[113.89477,22.554176]],[[113.894879,22.55407],[113.89477,22.554176]],[[113.89479,22.553993],[113.894879,22.55407]],[[113.897331,22.55157],[113.89479,22.553993]],[[113.89582,22.575339],[113.894364,22.574074]],[[113.894411,22.574027],[113.894364,22.574074]],[[113.895016,22.545331],[113.895136,22.545432]],[[113.895016,22.545331],[113.895021,22.545326]],[[113.895983,22.527205],[113.895985,22.525468],[113.895499,22.523862]],[[113.895618,22.523749],[113.895499,22.523862]],[[113.895021,22.545326],[113.895152,22.545415]],[[113.895021,22.545326],[113.895887,22.544173],[113.896296,22.543199],[113.896527,22.540613]],[[113.899623,22.548951],[113.898008,22.547983],[113.89502,22.545553]],[[113.895039,22.545533],[113.89502,22.545553]],[[113.895136,22.545432],[113.895039,22.545533]],[[113.894411,22.574027],[113.895871,22.575289]],[[113.895556,22.52361],[113.895618,22.523749]],[[113.895556,22.52361],[113.89775,22.521646]],[[113.894879,22.55407],[113.897935,22.556717]],[[113.895453,22.553519],[113.894879,22.55407]],[[113.894671,22.564694],[113.894796,22.564557]],[[113.895618,22.523749],[113.895885,22.524408]],[[113.897858,22.521751],[113.895618,22.523749]],[[113.895136,22.545432],[113.89813,22.54786],[113.899748,22.548831]],[[113.895152,22.545415],[113.895136,22.545432]],[[113.896218,22.543845],[113.895152,22.545415]],[[113.897336,22.518777],[113.895831,22.51711]],[[113.894796,22.564557],[113.895704,22.563544]],[[113.894796,22.564557],[113.901177,22.559638]],[[113.894682,22.571236],[113.894742,22.571268]],[[113.894682,22.571236],[113.896319,22.569612]],[[113.894438,22.593898],[113.894186,22.593824]],[[113.894939,22.561083],[113.89553,22.560649]],[[113.896244,22.505265],[113.89621,22.504667]],[[113.895951,22.517012],[113.897464,22.518681]],[[113.894742,22.571268],[113.896019,22.572414]],[[113.895517,22.570509],[113.894742,22.571268]],[[113.894255,22.593729],[113.894485,22.593782]],[[113.896244,22.505265],[113.896437,22.505272]],[[113.897601,22.562501],[113.894917,22.564703]],[[113.895903,22.564006],[113.894917,22.564703]],[[113.895885,22.524408],[113.896115,22.52556],[113.896114,22.527121]],[[113.895885,22.524408],[113.898948,22.523505],[113.898666,22.522584],[113.897858,22.521751]],[[113.895015,22.568237],[113.896048,22.567084]],[[113.896437,22.505272],[113.896481,22.503648]],[[113.895983,22.527287],[113.895983,22.527205]],[[113.895983,22.527205],[113.896114,22.527121]],[[113.895985,22.527414],[113.895983,22.527287]],[[113.895983,22.527287],[113.896116,22.52721]],[[113.89599,22.527508],[113.895985,22.527414]],[[113.896119,22.527329],[113.895985,22.527414]],[[113.896699,22.531314],[113.896664,22.529848],[113.89599,22.527508]],[[113.896122,22.527437],[113.89599,22.527508]],[[113.895453,22.553519],[113.897387,22.555152]],[[113.896714,22.552356],[113.895453,22.553519]],[[113.894897,22.578642],[113.897064,22.578793]],[[113.894897,22.578642],[113.895562,22.579656],[113.895759,22.579546]],[[113.89537,22.558639],[113.895459,22.558714]],[[113.89537,22.558639],[113.897811,22.556816]],[[113.895934,22.582219],[113.89489,22.581318]],[[113.89489,22.581318],[113.894936,22.581272]],[[113.896114,22.527121],[113.896116,22.52721]],[[113.896114,22.527121],[113.897704,22.526299],[113.901116,22.525136]],[[113.896116,22.52721],[113.896119,22.527329]],[[113.896116,22.52721],[113.898966,22.526052],[113.90157,22.525645]],[[113.896119,22.527329],[113.896122,22.527437]],[[113.901582,22.525821],[113.898803,22.526255],[113.896119,22.527329]],[[113.896122,22.527437],[113.896804,22.52977],[113.896867,22.531316]],[[113.901601,22.526119],[113.89899,22.526421],[113.896122,22.527437]],[[113.89511,22.573284],[113.896591,22.57458]],[[113.89511,22.573284],[113.896019,22.572414]],[[113.894936,22.581272],[113.895981,22.582173]],[[113.894936,22.581272],[113.896454,22.580033]],[[113.895536,22.569056],[113.895203,22.569391]],[[113.896192,22.559352],[113.895459,22.558714]],[[113.89673,22.557785],[113.895459,22.558714]],[[113.896048,22.567084],[113.895405,22.566535]],[[113.897134,22.564826],[113.895405,22.566535]],[[113.89581,22.552421],[113.895854,22.551713],[113.896057,22.551391],[113.896141,22.549942]],[[113.89581,22.552421],[113.896167,22.551946]],[[113.896913,22.571523],[113.895517,22.570509]],[[113.896366,22.569652],[113.895517,22.570509]],[[113.895704,22.563544],[113.895741,22.563512]],[[113.895741,22.563512],[113.898176,22.561686]],[[113.895105,22.596726],[113.895022,22.596636]],[[113.895022,22.596636],[113.895073,22.596595]],[[113.894949,22.600769],[113.894932,22.60069]],[[113.894932,22.60069],[113.895364,22.600188],[113.895576,22.599372]],[[113.896676,22.540615],[113.896614,22.542441],[113.896218,22.543845]],[[113.896218,22.543845],[113.898668,22.543891]],[[113.89519,22.601697],[113.894949,22.600769]],[[113.895663,22.599394],[113.895434,22.60022],[113.894949,22.600769]],[[113.895073,22.596595],[113.895154,22.596686]],[[113.895073,22.596595],[113.898841,22.593447],[113.904721,22.58732]],[[113.896141,22.549942],[113.896118,22.551373],[113.895876,22.551857],[113.896167,22.551946]],[[113.896687,22.549375],[113.896141,22.549942]],[[113.896301,22.598084],[113.895105,22.596726]],[[113.895154,22.596686],[113.895105,22.596726]],[[113.895154,22.596686],[113.896372,22.59802]],[[113.904826,22.587403],[113.900139,22.592371],[113.895154,22.596686]],[[113.896167,22.551946],[113.897335,22.55059]],[[113.895903,22.564006],[113.896985,22.564857]],[[113.897601,22.562501],[113.895903,22.564006]],[[113.896697,22.531393],[113.896699,22.531314]],[[113.896699,22.531314],[113.896867,22.531316]],[[113.896696,22.531473],[113.896697,22.531393]],[[113.896697,22.531393],[113.896866,22.531395]],[[113.896694,22.531554],[113.896696,22.531473]],[[113.896865,22.531474],[113.896696,22.531473]],[[113.896624,22.534936],[113.896694,22.531554]],[[113.896863,22.531555],[113.896694,22.531554]],[[113.896779,22.535061],[113.896621,22.535058]],[[113.896574,22.53807],[113.896621,22.535058]],[[113.896621,22.535058],[113.896624,22.534936]],[[113.896624,22.534936],[113.896782,22.534939]],[[113.896574,22.538158],[113.896574,22.53807]],[[113.896574,22.53807],[113.89673,22.538072]],[[113.896527,22.540613],[113.896574,22.538158]],[[113.896729,22.538161],[113.896574,22.538158]],[[113.896527,22.540613],[113.896676,22.540615]],[[113.895683,22.602487],[113.89519,22.601697]],[[113.896834,22.600985],[113.89519,22.601697]],[[113.895911,22.575433],[113.89582,22.575339]],[[113.89582,22.575339],[113.895871,22.575289]],[[113.897244,22.560268],[113.896192,22.559352]],[[113.897358,22.568573],[113.896401,22.567796],[113.896048,22.567084]],[[113.896048,22.567084],[113.897788,22.565386]],[[113.895871,22.575289],[113.895953,22.575391]],[[113.895871,22.575289],[113.896591,22.57458]],[[113.900136,22.535126],[113.897735,22.535081],[113.896779,22.535061]],[[113.896779,22.535061],[113.89673,22.538072]],[[113.896782,22.534939],[113.896779,22.535061]],[[113.896863,22.531555],[113.896782,22.534939]],[[113.896782,22.534939],[113.899447,22.534987]],[[113.896867,22.531316],[113.896866,22.531395]],[[113.896866,22.531395],[113.896865,22.531474]],[[113.896866,22.531395],[113.90133,22.531456]],[[113.896865,22.531474],[113.896863,22.531555]],[[113.901327,22.531534],[113.896865,22.531474]],[[113.89673,22.538072],[113.896729,22.538161]],[[113.89673,22.538072],[113.896839,22.538074],[113.897732,22.538097],[113.900079,22.538138]],[[113.896729,22.538161],[113.896676,22.540615]],[[113.898757,22.538189],[113.896729,22.538161]],[[113.896676,22.540615],[113.898714,22.540632]],[[113.897466,22.576773],[113.895911,22.575433]],[[113.895953,22.575391],[113.895911,22.575433]],[[113.896019,22.572414],[113.897485,22.573709]],[[113.896019,22.572414],[113.896913,22.571523]],[[113.895953,22.575391],[113.897506,22.576729]],[[113.89924,22.572123],[113.895953,22.575391]],[[113.897542,22.510118],[113.8981,22.509776],[113.90021,22.509291]],[[113.895989,22.582266],[113.895934,22.582219]],[[113.895934,22.582219],[113.895981,22.582173]],[[113.897335,22.55059],[113.897339,22.549926],[113.896687,22.549375]],[[113.896751,22.549309],[113.896687,22.549375]],[[113.895663,22.599394],[113.895576,22.599372]],[[113.895576,22.599372],[113.895837,22.598603],[113.896301,22.598084]],[[113.895981,22.582173],[113.896035,22.582219]],[[113.895981,22.582173],[113.898704,22.57945]],[[113.89688,22.583034],[113.895989,22.582266]],[[113.896035,22.582219],[113.895989,22.582266]],[[113.896751,22.549309],[113.897638,22.549908]],[[113.896035,22.582219],[113.896948,22.583006]],[[113.899621,22.578631],[113.896035,22.582219]],[[113.896366,22.569652],[113.896319,22.569612]],[[113.896319,22.569612],[113.896406,22.569525]],[[113.898384,22.554142],[113.897682,22.553527],[113.898204,22.552905],[113.897233,22.552068],[113.896836,22.552461],[113.896714,22.552356]],[[113.897331,22.55157],[113.896714,22.552356]],[[113.896473,22.599611],[113.895663,22.599394]],[[113.896359,22.59815],[113.895895,22.598679],[113.895663,22.599394]],[[113.897779,22.510858],[113.89765,22.510752]],[[113.89765,22.510752],[113.897733,22.510692]],[[113.897675,22.570776],[113.896366,22.569652]],[[113.896454,22.569567],[113.896366,22.569652]],[[113.896406,22.569525],[113.896454,22.569567]],[[113.896406,22.569525],[113.897358,22.568573]],[[113.897733,22.510692],[113.897865,22.510794]],[[113.897733,22.510692],[113.90021,22.509291]],[[113.896834,22.600985],[113.897113,22.601641],[113.896948,22.602204],[113.896523,22.602464],[113.895683,22.602487]],[[113.896454,22.569567],[113.899238,22.571949]],[[113.897409,22.568615],[113.896454,22.569567]],[[113.89673,22.557785],[113.898404,22.559255]],[[113.897886,22.556882],[113.89673,22.557785]],[[113.900291,22.513299],[113.897779,22.510858]],[[113.897865,22.510794],[113.897779,22.510858]],[[113.897865,22.510794],[113.900357,22.513238]],[[113.900316,22.509401],[113.897865,22.510794]],[[113.897785,22.515502],[113.899573,22.517274]],[[113.900291,22.513299],[113.897785,22.515502]],[[113.897858,22.521751],[113.89775,22.521646]],[[113.89775,22.521646],[113.899067,22.520485]],[[113.896591,22.57458],[113.897485,22.573709]],[[113.899185,22.520595],[113.897858,22.521751]],[[113.896985,22.564857],[113.897071,22.564773]],[[113.897335,22.55059],[113.897638,22.549908]],[[113.897689,22.551226],[113.897331,22.55157]],[[113.896359,22.59815],[113.896301,22.598084]],[[113.896301,22.598084],[113.896372,22.59802]],[[113.896913,22.571523],[113.897675,22.570776]],[[113.897071,22.564773],[113.897134,22.564826]],[[113.897071,22.564773],[113.898044,22.5638]],[[113.896429,22.598083],[113.896359,22.59815]],[[113.896372,22.59802],[113.896429,22.598083]],[[113.896372,22.59802],[113.89734,22.597176],[113.898297,22.59672]],[[113.898176,22.561686],[113.897227,22.56046]],[[113.897227,22.56046],[113.897244,22.560268]],[[113.897134,22.564826],[113.897788,22.565386]],[[113.898105,22.563854],[113.897134,22.564826]],[[113.897244,22.560268],[113.898404,22.559255]],[[113.897387,22.555152],[113.89862,22.556193]],[[113.897387,22.555152],[113.898384,22.554142]],[[113.898324,22.596794],[113.897301,22.5973],[113.896429,22.598083]],[[113.896473,22.599611],[113.896834,22.600985]],[[113.898725,22.597941],[113.896473,22.599611]],[[113.898764,22.584657],[113.89688,22.583034]],[[113.89688,22.583034],[113.896948,22.583006]],[[113.897638,22.549908],[113.899479,22.54909]],[[113.896948,22.583006],[113.898813,22.584614]],[[113.896948,22.583006],[113.897672,22.582639],[113.898313,22.583142],[113.899822,22.583626]],[[113.897056,22.579012],[113.897064,22.578793]],[[113.897064,22.578793],[113.898773,22.578915],[113.898704,22.57945]],[[113.897064,22.578793],[113.897184,22.577262],[113.897466,22.576773]],[[113.899466,22.549549],[113.897689,22.551226]],[[113.898196,22.550901],[113.897689,22.551226]],[[113.897409,22.568615],[113.897358,22.568573]],[[113.897358,22.568573],[113.897543,22.568388]],[[113.897593,22.568431],[113.897409,22.568615]],[[113.900887,22.560073],[113.897601,22.562501]],[[113.897543,22.568388],[113.897593,22.568431]],[[113.897543,22.568388],[113.899273,22.566657]],[[113.897886,22.556882],[113.897811,22.556816]],[[113.897811,22.556816],[113.897935,22.556717]],[[113.897593,22.568431],[113.898008,22.568785]],[[113.898552,22.56747],[113.897593,22.568431]],[[113.897485,22.573709],[113.899146,22.57204]],[[113.899548,22.558307],[113.897886,22.556882]],[[113.89801,22.556782],[113.897886,22.556882]],[[113.897962,22.564641],[113.89772,22.564441]],[[113.899568,22.578586],[113.897466,22.576773]],[[113.897466,22.576773],[113.897506,22.576729]],[[113.897935,22.556717],[113.89801,22.556782]],[[113.897935,22.556717],[113.89862,22.556193]],[[113.897506,22.576729],[113.897888,22.577059]],[[113.898447,22.563396],[113.89848,22.563149],[113.897837,22.562571]],[[113.897788,22.565386],[113.898227,22.565762]],[[113.899146,22.57204],[113.897675,22.570776]],[[113.89801,22.556782],[113.89967,22.558219]],[[113.898697,22.556258],[113.89801,22.556782]],[[113.898584,22.550613],[113.898196,22.550901]],[[113.90184,22.553734],[113.898527,22.550953],[113.898414,22.550892],[113.898196,22.550901]],[[113.898471,22.565526],[113.898695,22.565309],[113.897962,22.564641]],[[113.898471,22.565526],[113.897722,22.564882],[113.897962,22.564641]],[[113.897962,22.564641],[113.898466,22.564151]],[[113.898044,22.5638],[113.898105,22.563854]],[[113.898044,22.5638],[113.898447,22.563396]],[[113.899185,22.520595],[113.899067,22.520485]],[[113.899067,22.520485],[113.899162,22.52039]],[[113.898105,22.563854],[113.898466,22.564151]],[[113.899175,22.562783],[113.898105,22.563854]],[[113.898008,22.568785],[113.900375,22.570808]],[[113.898008,22.568785],[113.898963,22.567833]],[[113.898176,22.561686],[113.900794,22.559744]],[[113.898384,22.554142],[113.899743,22.555333]],[[113.898384,22.554142],[113.899504,22.553008]],[[113.900078,22.538213],[113.899124,22.538198],[113.898757,22.538189]],[[113.898714,22.540632],[113.898757,22.538189]],[[113.897888,22.577059],[113.899611,22.578543]],[[113.897888,22.577059],[113.901073,22.573881]],[[113.899162,22.52039],[113.899283,22.520509]],[[113.899162,22.52039],[113.900943,22.518877]],[[113.898668,22.543891],[113.898714,22.540632]],[[113.898714,22.540632],[113.900032,22.540649]],[[113.900818,22.522377],[113.899185,22.520595]],[[113.899283,22.520509],[113.899185,22.520595]],[[113.898609,22.547034],[113.898668,22.543891]],[[113.898668,22.543891],[113.899965,22.543916]],[[113.898227,22.565762],[113.899273,22.566657]],[[113.898227,22.565762],[113.898471,22.565526]],[[113.898584,22.550613],[113.898673,22.550996],[113.901891,22.553695]],[[113.898947,22.550271],[113.898584,22.550613]],[[113.898404,22.559255],[113.899548,22.558307]],[[113.899283,22.520509],[113.900716,22.521927],[113.900818,22.522377]],[[113.901042,22.518976],[113.899283,22.520509]],[[113.898447,22.563396],[113.899118,22.562734]],[[113.89862,22.556193],[113.898697,22.556258]],[[113.89862,22.556193],[113.899167,22.555775]],[[113.898466,22.564151],[113.898603,22.564264]],[[113.898466,22.564151],[113.899505,22.563072]],[[113.898697,22.556258],[113.900875,22.558097]],[[113.899244,22.555841],[113.898697,22.556258]],[[113.899573,22.517274],[113.899837,22.517536]],[[113.899573,22.517274],[113.899926,22.517184],[113.899837,22.517536]],[[113.898603,22.564264],[113.899256,22.564681],[113.9003,22.56448],[113.899842,22.563587]],[[113.899842,22.563587],[113.898603,22.564264]],[[113.898963,22.567833],[113.898552,22.56747]],[[113.899322,22.566699],[113.898552,22.56747]],[[113.899466,22.549549],[113.898975,22.550244]],[[113.899447,22.534987],[113.900139,22.534938]],[[113.899447,22.534987],[113.900138,22.535]],[[113.899837,22.517536],[113.901081,22.518766]],[[113.899244,22.555841],[113.899167,22.555775]],[[113.899167,22.555775],[113.899743,22.555333]],[[113.90021,22.509291],[113.900316,22.509401]],[[113.90021,22.509291],[113.902206,22.508609],[113.904184,22.508277],[113.911723,22.508006]],[[113.898324,22.596794],[113.898297,22.59672]],[[113.898297,22.59672],[113.898914,22.59657],[113.900015,22.596513]],[[113.898963,22.567833],[113.89974,22.567057]],[[113.898704,22.57945],[113.899568,22.578586]],[[113.898725,22.597941],[113.898324,22.596794]],[[113.900014,22.596585],[113.898324,22.596794]],[[113.901343,22.557636],[113.899244,22.555841]],[[113.900168,22.555135],[113.899244,22.555841]],[[113.899118,22.562734],[113.899175,22.562783]],[[113.899118,22.562734],[113.901186,22.560669]],[[113.900316,22.509401],[113.901643,22.510204],[113.902287,22.510925],[113.902466,22.511992],[113.901993,22.512183]],[[113.911721,22.508113],[113.904203,22.508415],[113.902244,22.508744],[113.900316,22.509401]],[[113.899919,22.549104],[113.899466,22.549549]],[[113.899479,22.54909],[113.899623,22.548951]],[[113.899175,22.562783],[113.899505,22.563072]],[[113.901247,22.560729],[113.899175,22.562783]],[[113.903598,22.516611],[113.900291,22.513299]],[[113.900357,22.513238],[113.900291,22.513299]],[[113.900357,22.513238],[113.903692,22.516527]],[[113.901993,22.512183],[113.901629,22.512737],[113.900999,22.512602],[113.900357,22.513238]],[[113.898833,22.584693],[113.898764,22.584657]],[[113.898764,22.584657],[113.898813,22.584614]],[[113.898813,22.584614],[113.898889,22.584647]],[[113.898813,22.584614],[113.899822,22.583626]],[[113.899919,22.549104],[113.899623,22.548951]],[[113.899623,22.548951],[113.899748,22.548831]],[[113.90114,22.585278],[113.898833,22.584693]],[[113.898889,22.584647],[113.898833,22.584693]],[[113.89924,22.572123],[113.899146,22.57204]],[[113.899146,22.57204],[113.899238,22.571949]],[[113.899273,22.566657],[113.899322,22.566699]],[[113.899273,22.566657],[113.901292,22.564636]],[[113.898889,22.584647],[113.901194,22.585224]],[[113.902474,22.581091],[113.898889,22.584647]],[[113.899322,22.566699],[113.89974,22.567057]],[[113.902086,22.56393],[113.899322,22.566699]],[[113.899748,22.548831],[113.900039,22.548981]],[[113.899748,22.548831],[113.903005,22.545283],[113.90451,22.544558]],[[113.899238,22.571949],[113.899333,22.57203]],[[113.899238,22.571949],[113.900375,22.570808]],[[113.901064,22.55954],[113.899548,22.558307]],[[113.900794,22.559744],[113.900819,22.55946],[113.899548,22.558307]],[[113.901072,22.573694],[113.89924,22.572123]],[[113.899333,22.57203],[113.89924,22.572123]],[[113.899505,22.563072],[113.899959,22.563469]],[[113.906058,22.59651],[113.90621,22.597076],[113.907347,22.598366],[113.907006,22.599228],[113.906346,22.599592],[113.904056,22.598943],[113.901812,22.599321],[113.901149,22.598997],[113.900012,22.597952],[113.898725,22.597941]],[[113.900138,22.535],[113.900139,22.534938]],[[113.900139,22.534938],[113.901313,22.535021]],[[113.900138,22.535],[113.900136,22.535126]],[[113.900138,22.535],[113.901313,22.535021]],[[113.90048,22.535132],[113.900265,22.535128],[113.900136,22.535126]],[[113.900136,22.535126],[113.900079,22.538138]],[[113.900079,22.538138],[113.900078,22.538213]],[[113.900079,22.538138],[113.904051,22.538182],[113.904627,22.537561]],[[113.900078,22.538213],[113.900032,22.540649]],[[113.904601,22.538743],[113.904292,22.538279],[113.900078,22.538213]],[[113.900032,22.540649],[113.899965,22.543916]],[[113.899333,22.57203],[113.902992,22.575162]],[[113.902197,22.569167],[113.899333,22.57203]],[[113.899965,22.543916],[113.899941,22.545234]],[[113.899941,22.545234],[113.899888,22.544035],[113.899965,22.543916]],[[113.899965,22.543916],[113.901493,22.543944]],[[113.899941,22.545234],[113.899913,22.547044]],[[113.89967,22.558219],[113.901033,22.559304],[113.901378,22.559298]],[[113.89967,22.558219],[113.901137,22.559484]],[[113.899743,22.555333],[113.90184,22.553734]],[[113.906958,22.552741],[113.899919,22.549104]],[[113.900039,22.548981],[113.899919,22.549104]],[[113.900039,22.548981],[113.907045,22.552594]],[[113.904508,22.544715],[113.902865,22.545588],[113.900039,22.548981]],[[113.89974,22.567057],[113.902101,22.569077]],[[113.899959,22.563469],[113.899842,22.563587]],[[113.902175,22.535164],[113.90068,22.535187],[113.90048,22.535132]],[[113.902175,22.535164],[113.90048,22.535132]],[[113.901116,22.525136],[113.900818,22.522377]],[[113.899621,22.578631],[113.899568,22.578586]],[[113.899568,22.578586],[113.899611,22.578543]],[[113.901042,22.518976],[113.900943,22.518877]],[[113.900943,22.518877],[113.901081,22.518766]],[[113.899611,22.578543],[113.899664,22.578589]],[[113.899611,22.578543],[113.900701,22.577453]],[[113.899959,22.563469],[113.901292,22.564636]],[[113.90241,22.581036],[113.899621,22.578631]],[[113.899664,22.578589],[113.899621,22.578631]],[[113.900168,22.555135],[113.902164,22.55683]],[[113.901926,22.553807],[113.900168,22.555135]],[[113.899664,22.578589],[113.902453,22.580993]],[[113.900754,22.577498],[113.899664,22.578589]],[[113.904874,22.525437],[113.904633,22.523862],[113.904054,22.52237],[113.903124,22.521068],[113.901042,22.518976]],[[113.901182,22.518863],[113.901042,22.518976]],[[113.901081,22.518766],[113.901182,22.518863]],[[113.901081,22.518766],[113.903598,22.516611]],[[113.901182,22.518863],[113.903525,22.521279]],[[113.902299,22.517927],[113.901182,22.518863]],[[113.90157,22.525645],[113.901116,22.525136]],[[113.899822,22.583626],[113.90241,22.581036]],[[113.900375,22.570808],[113.902101,22.569077]],[[113.901313,22.535021],[113.904668,22.535082]],[[113.900794,22.559744],[113.901064,22.55954]],[[113.901582,22.525821],[113.90157,22.525645]],[[113.90157,22.525645],[113.90451,22.525655]],[[113.901601,22.526119],[113.901582,22.525821]],[[113.904503,22.525835],[113.901582,22.525821]],[[113.900875,22.558097],[113.901438,22.558576]],[[113.900875,22.558097],[113.901343,22.557636]],[[113.900014,22.596585],[113.900015,22.596513]],[[113.900015,22.596513],[113.900113,22.594335],[113.900402,22.59326],[113.900998,22.592225],[113.902622,22.590592]],[[113.900015,22.596513],[113.900096,22.596512]],[[113.900094,22.596585],[113.900014,22.596585]],[[113.901993,22.512183],[113.90191,22.512167]],[[113.901745,22.532553],[113.901807,22.527221],[113.901601,22.526119]],[[113.901309,22.559752],[113.900887,22.560073]],[[113.90165,22.560206],[113.901309,22.559942],[113.900887,22.560073]],[[113.900096,22.596512],[113.900094,22.596585]],[[113.90268,22.590637],[113.901059,22.592266],[113.90055,22.593097],[113.900187,22.594344],[113.900096,22.596512]],[[113.900096,22.596512],[113.90606,22.596435]],[[113.906058,22.59651],[113.900094,22.596585]],[[113.901177,22.559638],[113.901064,22.55954]],[[113.901064,22.55954],[113.901137,22.559484]],[[113.900701,22.577453],[113.900754,22.577498]],[[113.900701,22.577453],[113.901562,22.576592]],[[113.901137,22.559484],[113.90125,22.559582]],[[113.901137,22.559484],[113.901378,22.559298]],[[113.901493,22.543944],[113.901564,22.540701]],[[113.901627,22.545591],[113.901493,22.543944]],[[113.901493,22.543944],[113.90166,22.543948],[113.901719,22.540703]],[[113.900754,22.577498],[113.903543,22.579903]],[[113.901615,22.576637],[113.900754,22.577498]],[[113.901309,22.559752],[113.901177,22.559638]],[[113.901177,22.559638],[113.90125,22.559582]],[[113.901186,22.560669],[113.901247,22.560729]],[[113.901186,22.560669],[113.90165,22.560206]],[[113.90125,22.559582],[113.901383,22.559696]],[[113.90125,22.559582],[113.904505,22.556382]],[[113.901247,22.560729],[113.901463,22.561142]],[[113.901714,22.560258],[113.901247,22.560729]],[[113.901343,22.557636],[113.902164,22.55683]],[[113.901736,22.560119],[113.901309,22.559752]],[[113.901383,22.559696],[113.901309,22.559752]],[[113.902299,22.517927],[113.902536,22.518148]],[[113.903684,22.5167],[113.902299,22.517927]],[[113.901378,22.559298],[113.901844,22.558915]],[[113.901383,22.559696],[113.901799,22.560056]],[[113.902104,22.559117],[113.901383,22.559696]],[[113.901268,22.573857],[113.901072,22.573694]],[[113.901073,22.573881],[113.901072,22.573694]],[[113.901268,22.573857],[113.901073,22.573881]],[[113.901292,22.564636],[113.902041,22.563886]],[[113.901438,22.558576],[113.901844,22.558915]],[[113.901438,22.558576],[113.902713,22.557295]],[[113.901463,22.561142],[113.902344,22.562812]],[[113.903192,22.561963],[113.901808,22.560776],[113.901463,22.561142]],[[113.902896,22.575257],[113.901268,22.573857]],[[113.902536,22.518148],[113.90338,22.517582],[113.903538,22.519021],[113.902707,22.519705],[113.901992,22.519089],[113.902047,22.518568],[113.902536,22.518148]],[[113.904665,22.535196],[113.903876,22.535217],[113.902175,22.535164]],[[113.901714,22.560258],[113.90165,22.560206]],[[113.90165,22.560206],[113.901736,22.560119]],[[113.901926,22.553807],[113.90184,22.553734]],[[113.90184,22.553734],[113.901891,22.553695]],[[113.903514,22.586317],[113.902532,22.585653],[113.90114,22.585278]],[[113.901194,22.585224],[113.90114,22.585278]],[[113.903259,22.561434],[113.901714,22.560258]],[[113.901798,22.560173],[113.901714,22.560258]],[[113.901798,22.560173],[113.901736,22.560119]],[[113.901736,22.560119],[113.901799,22.560056]],[[113.901891,22.553695],[113.901978,22.553768]],[[113.901194,22.585224],[113.902753,22.585688],[113.903514,22.586317]],[[113.902878,22.583539],[113.901194,22.585224]],[[113.903746,22.55536],[113.901926,22.553807]],[[113.901978,22.553768],[113.901926,22.553807]],[[113.901799,22.560056],[113.90186,22.560109]],[[113.901799,22.560056],[113.901837,22.560017]],[[113.903259,22.561434],[113.901798,22.560173]],[[113.90186,22.560109],[113.901798,22.560173]],[[113.901844,22.558915],[113.904499,22.556141]],[[113.901837,22.560017],[113.901899,22.56007]],[[113.902104,22.559117],[113.901618,22.559687],[113.901837,22.560017]],[[113.901837,22.560017],[113.903736,22.558135]],[[113.901978,22.553768],[113.904299,22.555749],[113.904681,22.555543]],[[113.90186,22.560109],[113.903319,22.561368]],[[113.901899,22.56007],[113.90186,22.560109]],[[113.901899,22.56007],[113.903319,22.561368]],[[113.903803,22.558192],[113.901899,22.56007]],[[113.901562,22.576592],[113.901615,22.576637]],[[113.901562,22.576592],[113.902896,22.575257]],[[113.901615,22.576637],[113.903467,22.578195]],[[113.902948,22.575302],[113.901615,22.576637]],[[113.904324,22.556864],[113.902104,22.559117]],[[113.902164,22.55683],[113.902713,22.557295]],[[113.902164,22.55683],[113.903746,22.55536]],[[113.902086,22.56393],[113.902041,22.563886]],[[113.902041,22.563886],[113.902564,22.563363]],[[113.904671,22.566496],[113.902086,22.56393]],[[113.902651,22.563364],[113.902086,22.56393]],[[113.902101,22.569077],[113.902197,22.569167]],[[113.902101,22.569077],[113.904671,22.566496]],[[113.902197,22.569167],[113.904503,22.571165]],[[113.903787,22.567608],[113.902197,22.569167]],[[113.902344,22.562812],[113.902558,22.563222]],[[113.902344,22.562812],[113.903192,22.561963]],[[113.903684,22.5167],[113.903598,22.516611]],[[113.903598,22.516611],[113.903692,22.516527]],[[113.902558,22.563222],[113.902688,22.563239]],[[113.902564,22.563363],[113.902558,22.563222]],[[113.902564,22.563363],[113.902688,22.563239]],[[113.902713,22.557295],[113.904219,22.555783]],[[113.903525,22.521279],[113.904569,22.52223],[113.908631,22.52225]],[[113.903525,22.521279],[113.904776,22.523713]],[[113.908631,22.52225],[113.903684,22.5167]],[[113.903776,22.516614],[113.903684,22.5167]],[[113.903692,22.516527],[113.903776,22.516614]],[[113.903692,22.516527],[113.904899,22.515798]],[[113.902651,22.563364],[113.90347,22.564788]],[[113.903966,22.562048],[113.902651,22.563364]],[[113.902688,22.563239],[113.903602,22.562308]],[[113.903776,22.516614],[113.904563,22.517446]],[[113.904959,22.515887],[113.903776,22.516614]],[[113.902474,22.581091],[113.90241,22.581036]],[[113.90241,22.581036],[113.902453,22.580993]],[[113.902453,22.580993],[113.902517,22.581048]],[[113.902453,22.580993],[113.903543,22.579903]],[[113.903989,22.582397],[113.902474,22.581091]],[[113.902517,22.581048],[113.902474,22.581091]],[[113.902517,22.581048],[113.904031,22.582353]],[[113.904089,22.579474],[113.902517,22.581048]],[[113.903602,22.562308],[113.903192,22.561963]],[[113.902948,22.575302],[113.902896,22.575257]],[[113.902896,22.575257],[113.902992,22.575162]],[[113.904396,22.576545],[113.902948,22.575302]],[[113.903044,22.575206],[113.902948,22.575302]],[[113.903919,22.562007],[113.903259,22.561434]],[[113.902622,22.590592],[113.90268,22.590637]],[[113.902622,22.590592],[113.90532,22.587755]],[[113.902992,22.575162],[113.903044,22.575206]],[[113.902992,22.575162],[113.905829,22.572325]],[[113.903319,22.561368],[113.903987,22.56194]],[[113.904362,22.514718],[113.90452,22.514063]],[[113.90268,22.590637],[113.90361,22.591403]],[[113.90532,22.587755],[113.90268,22.590637]],[[113.903044,22.575206],[113.905842,22.577601]],[[113.90588,22.572369],[113.903044,22.575206]],[[113.902878,22.583539],[113.904675,22.585117]],[[113.903989,22.582397],[113.902878,22.583539]],[[113.90393,22.564356],[113.903405,22.563739]],[[113.904899,22.515798],[113.903625,22.515408],[113.903272,22.514874],[113.903389,22.513965],[113.90452,22.514063]],[[113.90452,22.514063],[113.904656,22.514065]],[[113.90347,22.564788],[113.905068,22.5661]],[[113.90393,22.564356],[113.90347,22.564788]],[[113.904563,22.517446],[113.906353,22.519392]],[[113.905823,22.516858],[113.904563,22.517446]],[[113.904219,22.555783],[113.903746,22.55536]],[[113.903602,22.562308],[113.903919,22.562007]],[[113.903736,22.558135],[113.903803,22.558192]],[[113.903736,22.558135],[113.90528,22.556627]],[[113.904498,22.525954],[113.904503,22.525835]],[[113.904503,22.525835],[113.90451,22.525655]],[[113.904886,22.525842],[113.904503,22.525835]],[[113.90451,22.525655],[113.904882,22.525663]],[[113.90451,22.525655],[113.904553,22.525456],[113.904874,22.525437]],[[113.903803,22.558192],[113.905152,22.559328]],[[113.90528,22.556627],[113.903803,22.558192]],[[113.904899,22.515798],[113.906318,22.515104]],[[113.904787,22.522297],[113.905234,22.52332],[113.907237,22.525153],[113.908062,22.524549],[113.909031,22.524398],[113.908351,22.522345]],[[113.904787,22.522297],[113.904439,22.522426],[113.904776,22.523713]],[[113.908351,22.522345],[113.904787,22.522297]],[[113.903787,22.567608],[113.905326,22.568912]],[[113.904763,22.566582],[113.903787,22.567608]],[[113.903966,22.562048],[113.903919,22.562007]],[[113.903919,22.562007],[113.903987,22.56194]],[[113.904776,22.523713],[113.905061,22.525452]],[[113.905083,22.516092],[113.904959,22.515887]],[[113.908446,22.514983],[113.906818,22.51503],[113.904959,22.515887]],[[113.903543,22.579903],[113.905117,22.578327]],[[113.905989,22.563809],[113.903966,22.562048]],[[113.904034,22.561981],[113.903966,22.562048]],[[113.904207,22.564264],[113.90393,22.564356]],[[113.903987,22.56194],[113.904034,22.561981]],[[113.903987,22.56194],[113.904942,22.560996]],[[113.906318,22.515104],[113.905094,22.51333]],[[113.904034,22.561981],[113.906785,22.564385]],[[113.904674,22.561355],[113.904034,22.561981]],[[113.904076,22.560422],[113.904163,22.560333]],[[113.903514,22.586317],[113.904721,22.58732]],[[113.903514,22.586317],[113.904675,22.585117]],[[113.904719,22.585155],[113.903514,22.586317]],[[113.904874,22.525437],[113.905061,22.525452]],[[113.904882,22.525663],[113.904874,22.525437]],[[113.905823,22.516858],[113.905083,22.516092]],[[113.906409,22.51683],[113.905373,22.516105],[113.905275,22.516063],[113.905083,22.516092]],[[113.904665,22.535196],[113.904668,22.535082]],[[113.904668,22.535082],[113.904758,22.531477]],[[113.904668,22.535082],[113.904876,22.535085]],[[113.904627,22.537561],[113.904665,22.535196]],[[113.904875,22.535198],[113.904665,22.535196]],[[113.904882,22.525663],[113.905059,22.525666]],[[113.904886,22.525842],[113.904882,22.525663]],[[113.904946,22.531547],[113.904758,22.531477]],[[113.904794,22.529948],[113.904553,22.529475],[113.904088,22.529351],[113.903616,22.529993],[113.903628,22.531404],[113.904758,22.531477]],[[113.904758,22.531477],[113.904794,22.529948]],[[113.904758,22.531477],[113.904946,22.531477]],[[113.904794,22.529948],[113.904887,22.525975]],[[113.904887,22.525975],[113.904886,22.525842]],[[113.905057,22.525845],[113.904886,22.525842]],[[113.904499,22.556141],[113.904219,22.555783]],[[113.904601,22.538743],[113.904627,22.537561]],[[113.90451,22.544558],[113.904601,22.538743]],[[113.905055,22.525996],[113.904887,22.525975]],[[113.904508,22.544715],[113.90451,22.544558]],[[113.90451,22.544558],[113.904715,22.544518]],[[113.907318,22.550872],[113.905752,22.549621],[113.905035,22.548508],[113.904549,22.546925],[113.904508,22.544715]],[[113.904714,22.544673],[113.904508,22.544715]],[[113.904163,22.560333],[113.904942,22.560996]],[[113.904163,22.560333],[113.905152,22.559328]],[[113.904396,22.576545],[113.903831,22.577255]],[[113.907177,22.552854],[113.904324,22.556864]],[[113.907281,22.552908],[113.906065,22.555126],[113.904324,22.556864]],[[113.904503,22.571165],[113.90403,22.571633]],[[113.905061,22.525452],[113.905059,22.525666]],[[113.905061,22.525452],[113.905806,22.525461],[113.906933,22.525546],[113.909564,22.525619]],[[113.905059,22.525666],[113.909599,22.525769]],[[113.905059,22.525666],[113.905057,22.525845]],[[113.905057,22.525845],[113.905055,22.525996]],[[113.90964,22.525944],[113.906113,22.525864],[113.905057,22.525845]],[[113.9078,22.526051],[113.905055,22.525996]],[[113.905055,22.525996],[113.904946,22.531477]],[[113.904608,22.564317],[113.904207,22.564264]],[[113.904207,22.564264],[113.904224,22.56387],[113.904528,22.563554]],[[113.904946,22.531477],[113.904946,22.531547]],[[113.904946,22.531477],[113.907048,22.531212]],[[113.904946,22.531547],[113.904876,22.535085]],[[113.907048,22.531274],[113.904946,22.531547]],[[113.90361,22.591403],[113.904483,22.59212]],[[113.906494,22.590964],[113.905269,22.590475],[113.90361,22.591403]],[[113.904814,22.537776],[113.905297,22.538283]],[[113.904814,22.537776],[113.904807,22.538661]],[[113.904875,22.535198],[113.904814,22.537776]],[[113.904876,22.535085],[113.904875,22.535198]],[[113.904876,22.535085],[113.907075,22.535116]],[[113.907043,22.53524],[113.904875,22.535198]],[[113.904807,22.538661],[113.904715,22.544518]],[[113.905297,22.538283],[113.904807,22.538661]],[[113.904715,22.544518],[113.904714,22.544673]],[[113.904715,22.544518],[113.909684,22.54454]],[[113.904714,22.544673],[113.904703,22.546901],[113.905082,22.548206],[113.905956,22.549561],[113.907379,22.550722]],[[113.909681,22.544691],[113.904714,22.544673]],[[113.904499,22.556141],[113.904681,22.555543]],[[113.904505,22.556382],[113.906958,22.552741]],[[113.904505,22.556382],[113.907019,22.552773]],[[113.904681,22.555543],[113.904574,22.554133]],[[113.904192,22.582572],[113.903989,22.582397]],[[113.904031,22.582353],[113.903989,22.582397]],[[113.905821,22.580976],[113.904089,22.579474]],[[113.905806,22.577754],[113.904089,22.579474]],[[113.904031,22.582353],[113.904236,22.582529]],[[113.904158,22.577508],[113.905117,22.578327]],[[113.90582,22.583975],[113.904192,22.582572]],[[113.904192,22.582572],[113.904236,22.582529]],[[113.906882,22.560769],[113.905813,22.561806],[113.905341,22.561393],[113.905051,22.56168],[113.904674,22.561355]],[[113.906007,22.560046],[113.904674,22.561355]],[[113.904887,22.564401],[113.904608,22.564317]],[[113.904608,22.564317],[113.904979,22.563969]],[[113.904236,22.582529],[113.905863,22.583932]],[[113.904236,22.582529],[113.905821,22.580976]],[[113.904503,22.571165],[113.905829,22.572325]],[[113.905374,22.57034],[113.904503,22.571165]],[[113.905743,22.5777],[113.904396,22.576545]],[[113.905297,22.538283],[113.905815,22.538289]],[[113.904763,22.566582],[113.904671,22.566496]],[[113.904671,22.566496],[113.905068,22.5661]],[[113.906192,22.517203],[113.905823,22.516858]],[[113.906336,22.567897],[113.904763,22.566582]],[[113.906793,22.564552],[113.904763,22.566582]],[[113.904942,22.560996],[113.90595,22.559998]],[[113.905989,22.563809],[113.905347,22.564449],[113.904887,22.564401]],[[113.90572,22.565449],[113.905005,22.564916],[113.904887,22.564401]],[[113.905152,22.559328],[113.90595,22.559998]],[[113.904483,22.59212],[113.905552,22.593724]],[[113.904483,22.59212],[113.905576,22.591493]],[[113.905068,22.5661],[113.90572,22.565449]],[[113.90762,22.558339],[113.90528,22.556627]],[[113.904675,22.585117],[113.904719,22.585155]],[[113.904675,22.585117],[113.90582,22.583975]],[[113.907565,22.519813],[113.907919,22.519634],[113.907549,22.518868],[113.906192,22.517203]],[[113.906409,22.51683],[113.906192,22.517203]],[[113.905884,22.583991],[113.904719,22.585155]],[[113.906318,22.515104],[113.907263,22.514831],[113.908517,22.514855]],[[113.905815,22.538289],[113.905815,22.538414]],[[113.905815,22.538289],[113.907566,22.538309]],[[113.904721,22.58732],[113.904826,22.587403]],[[113.904721,22.58732],[113.910155,22.581501]],[[113.905815,22.538414],[113.906185,22.539031]],[[113.90628,22.543949],[113.90746,22.544204],[113.907467,22.543727],[113.90519,22.539791],[113.905229,22.538483],[113.905815,22.538414]],[[113.905815,22.538414],[113.907019,22.538432]],[[113.904826,22.587403],[113.90532,22.587755]],[[113.910269,22.5816],[113.904826,22.587403]],[[113.908774,22.516477],[113.906409,22.51683]],[[113.906353,22.519392],[113.908813,22.522254]],[[113.906353,22.519392],[113.906923,22.519077],[113.907565,22.519813]],[[113.905326,22.568912],[113.905374,22.57034]],[[113.906336,22.567897],[113.905326,22.568912]],[[113.905117,22.578327],[113.905743,22.5777]],[[113.905374,22.57034],[113.906697,22.571457]],[[113.906068,22.543944],[113.90628,22.543949]],[[113.906185,22.539031],[113.906377,22.539351]],[[113.906185,22.539031],[113.907019,22.538432]],[[113.906252,22.537117],[113.907017,22.537126]],[[113.909679,22.544816],[113.906105,22.544809]],[[113.90572,22.565449],[113.906723,22.564447]],[[113.90628,22.543949],[113.906231,22.544127]],[[113.906377,22.539351],[113.906564,22.539662]],[[113.906377,22.539351],[113.907578,22.538718]],[[113.911455,22.587507],[113.907435,22.587544],[113.906721,22.587582],[113.90567,22.58775],[113.905454,22.587773],[113.90532,22.587755]],[[113.910736,22.582008],[113.907151,22.585605],[113.90532,22.587755]],[[113.90595,22.559998],[113.906007,22.560046]],[[113.90595,22.559998],[113.90762,22.558339]],[[113.906007,22.560046],[113.906882,22.560769]],[[113.90762,22.558339],[113.906007,22.560046]],[[113.90636,22.544272],[113.909686,22.544447]],[[113.906723,22.564447],[113.905989,22.563809]],[[113.905829,22.572325],[113.90588,22.572369]],[[113.905829,22.572325],[113.906697,22.571457]],[[113.906564,22.539662],[113.90871,22.54326]],[[113.906564,22.539662],[113.907801,22.538995]],[[113.905806,22.577754],[113.905743,22.5777]],[[113.905743,22.5777],[113.905842,22.577601]],[[113.906749,22.5715],[113.90588,22.572369]],[[113.907545,22.579248],[113.905806,22.577754]],[[113.905905,22.577655],[113.905806,22.577754]],[[113.905842,22.577601],[113.905905,22.577655]],[[113.905842,22.577601],[113.908678,22.574652]],[[113.906828,22.593118],[113.905576,22.591493]],[[113.905576,22.591493],[113.906494,22.590964]],[[113.907422,22.582366],[113.905821,22.580976]],[[113.905821,22.580976],[113.907545,22.579248]],[[113.905905,22.577655],[113.909258,22.580524]],[[113.908171,22.575384],[113.905905,22.577655]],[[113.905552,22.593724],[113.906121,22.594839]],[[113.905552,22.593724],[113.906828,22.593118]],[[113.905884,22.583991],[113.90582,22.583975]],[[113.90582,22.583975],[113.905863,22.583932]],[[113.905863,22.583932],[113.905884,22.583991]],[[113.905863,22.583932],[113.907422,22.582366]],[[113.907048,22.531212],[113.907048,22.531274]],[[113.907048,22.531212],[113.910259,22.531242]],[[113.907048,22.531274],[113.907075,22.535116]],[[113.910262,22.531293],[113.907048,22.531274]],[[113.905884,22.583991],[113.906762,22.584733]],[[113.907465,22.582403],[113.905884,22.583991]],[[113.907043,22.53524],[113.907017,22.537126]],[[113.908321,22.535258],[113.907043,22.53524]],[[113.907017,22.537126],[113.907434,22.537131]],[[113.908919,22.567987],[113.906336,22.567897]],[[113.907075,22.535116],[113.910268,22.535164]],[[113.907019,22.538432],[113.907563,22.538441]],[[113.907458,22.52031],[113.907771,22.520053],[113.907565,22.519813]],[[113.907019,22.552773],[113.906958,22.552741]],[[113.906958,22.552741],[113.907045,22.552594]],[[113.906793,22.564552],[113.906723,22.564447]],[[113.906723,22.564447],[113.906785,22.564385]],[[113.907177,22.552854],[113.907019,22.552773]],[[113.907019,22.552773],[113.90711,22.552628]],[[113.90606,22.596435],[113.906058,22.59651]],[[113.906162,22.595444],[113.90606,22.596435]],[[113.907045,22.552594],[113.90711,22.552628]],[[113.907045,22.552594],[113.907318,22.550872]],[[113.906785,22.564385],[113.906879,22.564466]],[[113.906785,22.564385],[113.908802,22.562369]],[[113.908919,22.567987],[113.908813,22.566371],[113.906793,22.564552]],[[113.906879,22.564466],[113.906793,22.564552]],[[113.906882,22.560769],[113.908802,22.562369]],[[113.906121,22.594839],[113.906162,22.595444]],[[113.906121,22.594839],[113.907066,22.594075],[113.906828,22.593118]],[[113.90711,22.552628],[113.907266,22.552708]],[[113.90711,22.552628],[113.908005,22.551222]],[[113.906697,22.571457],[113.906749,22.5715]],[[113.906697,22.571457],[113.907018,22.571155],[113.907446,22.570998],[113.908843,22.570923]],[[113.906162,22.595444],[113.906901,22.595471],[113.908726,22.59391],[113.908916,22.593432]],[[113.906879,22.564466],[113.908084,22.565502]],[[113.908897,22.562448],[113.906879,22.564466]],[[113.908841,22.570986],[113.907461,22.571067],[113.906749,22.5715]],[[113.907281,22.552908],[113.907177,22.552854]],[[113.907266,22.552708],[113.907177,22.552854]],[[113.907799,22.526203],[113.9078,22.526051]],[[113.909659,22.526022],[113.9078,22.526051]],[[113.907563,22.538441],[113.907566,22.538309]],[[113.907566,22.538309],[113.90828,22.538317]],[[113.907578,22.538718],[113.907563,22.538441]],[[113.907563,22.538441],[113.909077,22.53846]],[[113.907266,22.552708],[113.907368,22.552761]],[[113.908129,22.551285],[113.907266,22.552708]],[[113.907578,22.538718],[113.907801,22.538995]],[[113.908005,22.551222],[113.907318,22.550872]],[[113.907318,22.550872],[113.907379,22.550722]],[[113.914625,22.559149],[113.910782,22.554813],[113.907281,22.552908]],[[113.907368,22.552761],[113.907281,22.552908]],[[113.907379,22.550722],[113.908081,22.551095]],[[113.907379,22.550722],[113.907794,22.55027],[113.908625,22.550119]],[[113.906828,22.593118],[113.907854,22.592428],[113.906494,22.590964]],[[113.907368,22.552761],[113.910887,22.554677],[113.914857,22.559152]],[[113.910346,22.552409],[113.908379,22.551762],[113.907839,22.552066],[113.907368,22.552761]],[[113.907801,22.538995],[113.908241,22.539221]],[[113.908512,22.514991],[113.908446,22.514983]],[[113.908774,22.516477],[113.908446,22.514983]],[[113.908446,22.514983],[113.908517,22.514855]],[[113.911108,22.51526],[113.908512,22.514991]],[[113.908512,22.514991],[113.909333,22.517736],[113.91006,22.518366],[113.911122,22.51884]],[[113.908517,22.514855],[113.908512,22.514991]],[[113.908517,22.514855],[113.910921,22.515048],[113.912173,22.513797]],[[113.908666,22.52231],[113.908351,22.522345]],[[113.910632,22.560541],[113.90762,22.558339]],[[113.911515,22.51338],[113.911152,22.513644],[113.910647,22.513303],[113.910932,22.512114],[113.909524,22.511908],[113.908561,22.51256],[113.908632,22.514419]],[[113.910267,22.535306],[113.908321,22.535258]],[[113.908293,22.537363],[113.908321,22.535258]],[[113.908241,22.539221],[113.908628,22.539866]],[[113.908241,22.539221],[113.909218,22.538704]],[[113.90828,22.538317],[113.908293,22.537363]],[[113.908293,22.537363],[113.909147,22.537373]],[[113.908631,22.52225],[113.908813,22.522254]],[[113.908666,22.52231],[113.908631,22.52225]],[[113.90828,22.538317],[113.909081,22.538327]],[[113.911422,22.519103],[113.909979,22.518427],[113.909388,22.517971],[113.908774,22.516477]],[[113.908129,22.551285],[113.908005,22.551222]],[[113.908005,22.551222],[113.908081,22.551095]],[[113.909564,22.525619],[113.908666,22.52231]],[[113.908813,22.522254],[113.908666,22.52231]],[[113.908081,22.551095],[113.908202,22.551156]],[[113.908081,22.551095],[113.908625,22.550119]],[[113.907465,22.582403],[113.907422,22.582366]],[[113.907422,22.582366],[113.909153,22.580628]],[[113.910346,22.552409],[113.908129,22.551285]],[[113.908202,22.551156],[113.908129,22.551285]],[[113.909197,22.580665],[113.907465,22.582403]],[[113.908813,22.522254],[113.909693,22.525626]],[[113.909153,22.580628],[113.907545,22.579248]],[[113.908202,22.551156],[113.911488,22.5527]],[[113.908753,22.550139],[113.908202,22.551156]],[[113.90779,22.573088],[113.908772,22.573096]],[[113.908628,22.539866],[113.908968,22.54046],[113.909736,22.540134]],[[113.909596,22.539344],[113.908628,22.539866]],[[113.908084,22.565502],[113.908936,22.566513],[113.909002,22.56799]],[[113.908084,22.565502],[113.909944,22.563612],[113.909932,22.563334],[113.908897,22.562448]],[[113.908625,22.550119],[113.908753,22.550139]],[[113.908625,22.550119],[113.90919,22.548783],[113.909679,22.544816]],[[113.910681,22.579105],[113.908171,22.575384]],[[113.908747,22.574704],[113.908171,22.575384]],[[113.908753,22.550139],[113.909478,22.550595],[113.91017,22.551912],[113.911488,22.5527]],[[113.909839,22.544818],[113.909454,22.548094],[113.908753,22.550139]],[[113.909077,22.53846],[113.909218,22.538704]],[[113.909081,22.538327],[113.909077,22.53846]],[[113.909081,22.538327],[113.909135,22.538327]],[[113.909147,22.537373],[113.909158,22.536519]],[[113.909135,22.538327],[113.909147,22.537373]],[[113.909135,22.538327],[113.910189,22.538339]],[[113.909218,22.538704],[113.909596,22.539344]],[[113.909564,22.525619],[113.909693,22.525626]],[[113.909599,22.525769],[113.909564,22.525619]],[[113.908403,22.57834],[113.910015,22.57977]],[[113.909599,22.525769],[113.909726,22.525773]],[[113.90964,22.525944],[113.909599,22.525769]],[[113.908802,22.562369],[113.908897,22.562448]],[[113.908802,22.562369],[113.910632,22.560541]],[[113.909765,22.525947],[113.90964,22.525944]],[[113.909659,22.526022],[113.90964,22.525944]],[[113.910259,22.531242],[113.909659,22.526022]],[[113.909781,22.526021],[113.909659,22.526022]],[[113.909693,22.525626],[113.911163,22.525778]],[[113.909693,22.525626],[113.909726,22.525773]],[[113.910764,22.560603],[113.908897,22.562448]],[[113.909726,22.525773],[113.912104,22.526021],[113.914541,22.526837]],[[113.909726,22.525773],[113.909765,22.525947]],[[113.908678,22.574652],[113.908747,22.574704]],[[113.908678,22.574652],[113.908772,22.573096]],[[113.914541,22.526944],[113.912081,22.526146],[113.91113,22.526005],[113.909765,22.525947]],[[113.909765,22.525947],[113.909781,22.526021]],[[113.909781,22.526021],[113.910369,22.531241]],[[113.911158,22.526062],[113.910701,22.526028],[113.909781,22.526021]],[[113.908772,22.573096],[113.908841,22.570986]],[[113.908747,22.574704],[113.912361,22.577472]],[[113.908861,22.573133],[113.908747,22.574704]],[[113.908841,22.570986],[113.908843,22.570923]],[[113.908937,22.570966],[113.908841,22.570986]],[[113.908843,22.570923],[113.908937,22.570966]],[[113.908843,22.570923],[113.908919,22.567987]],[[113.909002,22.56799],[113.908919,22.567987]],[[113.909596,22.539344],[113.909837,22.539462],[113.909776,22.540116]],[[113.909692,22.548782],[113.909466,22.54899],[113.909379,22.549242]],[[113.908937,22.570966],[113.908861,22.573133]],[[113.908861,22.573133],[113.910521,22.573164]],[[113.909692,22.548782],[113.909405,22.54951]],[[113.909002,22.56799],[113.908937,22.570966]],[[113.908937,22.570966],[113.911329,22.57101]],[[113.909815,22.543087],[113.909568,22.543066],[113.909736,22.540134]],[[113.909736,22.540134],[113.909776,22.540116]],[[113.909776,22.540116],[113.910113,22.540141]],[[113.909686,22.544447],[113.909854,22.54445]],[[113.909684,22.54454],[113.909686,22.544447]],[[113.909686,22.544447],[113.909815,22.543087]],[[113.909684,22.54454],[113.90985,22.544543]],[[113.909681,22.544691],[113.909684,22.54454]],[[113.909679,22.544816],[113.909681,22.544691]],[[113.909844,22.544694],[113.909681,22.544691]],[[113.909839,22.544818],[113.909679,22.544816]],[[113.910179,22.524125],[113.910383,22.525097],[113.911161,22.525206]],[[113.909815,22.543087],[113.910113,22.540141]],[[113.912458,22.544767],[113.911488,22.545626],[113.910254,22.54819],[113.909692,22.548782]],[[113.909844,22.544694],[113.909839,22.544818]],[[113.912697,22.54435],[113.911526,22.54476],[113.909839,22.544818]],[[113.90985,22.544543],[113.909844,22.544694]],[[113.912697,22.54435],[113.911249,22.544662],[113.909844,22.544694]],[[113.90985,22.544543],[113.91053,22.544557],[113.910831,22.544555],[113.911587,22.544483],[113.913596,22.543856]],[[113.909854,22.54445],[113.90985,22.544543]],[[113.909854,22.54445],[113.910564,22.544465],[113.910797,22.544467],[113.911123,22.544441],[113.912283,22.544187]],[[113.910281,22.539684],[113.909854,22.54445]],[[113.911422,22.519103],[113.91043,22.519718]],[[113.909197,22.580665],[113.909153,22.580628]],[[113.909153,22.580628],[113.909258,22.580524]],[[113.910262,22.531293],[113.910259,22.531242]],[[113.910259,22.531242],[113.910369,22.531241]],[[113.910268,22.535164],[113.910262,22.531293]],[[113.910372,22.531293],[113.910262,22.531293]],[[113.910155,22.581501],[113.909197,22.580665]],[[113.909301,22.580561],[113.909197,22.580665]],[[113.910113,22.540141],[113.910143,22.539694]],[[113.910143,22.539694],[113.910189,22.538339]],[[113.910143,22.539694],[113.910281,22.539684]],[[113.910189,22.538339],[113.910267,22.535306]],[[113.910268,22.535164],[113.910424,22.535173]],[[113.910267,22.535306],[113.910268,22.535164]],[[113.909258,22.580524],[113.909301,22.580561]],[[113.909258,22.580524],[113.910015,22.57977]],[[113.910422,22.535313],[113.910267,22.535306]],[[113.910369,22.531241],[113.910372,22.531293]],[[113.910369,22.531241],[113.91201,22.5312]],[[113.910372,22.531293],[113.910424,22.535173]],[[113.91202,22.531258],[113.910372,22.531293]],[[113.909301,22.580561],[113.910258,22.581392]],[[113.910057,22.579807],[113.909301,22.580561]],[[113.910894,22.511287],[113.912088,22.510749],[113.912565,22.509302]],[[113.910422,22.535313],[113.910281,22.539684]],[[113.910281,22.539684],[113.914047,22.539041]],[[113.910424,22.535173],[113.911941,22.535298]],[[113.910424,22.535173],[113.910422,22.535313]],[[113.911928,22.535411],[113.910422,22.535313]],[[113.913332,22.517462],[113.911108,22.51526]],[[113.911164,22.515234],[113.911108,22.51526]],[[113.911164,22.515234],[113.917303,22.521099]],[[113.913568,22.512255],[113.911164,22.515234]],[[113.910566,22.55251],[113.910346,22.552409]],[[113.911122,22.51884],[113.912345,22.51964],[113.913167,22.520852]],[[113.911122,22.51884],[113.912561,22.518149]],[[113.91201,22.5312],[113.911598,22.529945],[113.911115,22.52663]],[[113.911115,22.52663],[113.911158,22.526062]],[[113.911115,22.52663],[113.911682,22.526502],[113.914105,22.527121]],[[113.911163,22.525778],[113.911161,22.525206]],[[113.911161,22.525206],[113.911317,22.524566],[113.911957,22.524583]],[[113.918345,22.555755],[113.916957,22.555609],[113.9151,22.555064],[113.910566,22.55251]],[[113.913212,22.554321],[113.910566,22.55251]],[[113.911163,22.525778],[113.91162,22.525865]],[[113.914541,22.526981],[113.911158,22.526062]],[[113.910015,22.57977],[113.910057,22.579807]],[[113.910015,22.57977],[113.910681,22.579105]],[[113.911515,22.51338],[113.912173,22.513797]],[[113.914856,22.508981],[113.912342,22.510926],[113.911475,22.511243],[113.910924,22.512791],[113.911515,22.51338]],[[113.91163,22.508338],[113.911715,22.508339]],[[113.912361,22.577472],[113.910057,22.579807]],[[113.913062,22.520897],[113.912325,22.519736],[113.911422,22.519103]],[[113.912503,22.541361],[113.911583,22.54122],[113.910944,22.5407]],[[113.911715,22.508339],[113.911721,22.508113]],[[113.911715,22.508339],[113.911767,22.508339]],[[113.911721,22.508113],[113.911723,22.508006]],[[113.911773,22.508111],[113.911721,22.508113]],[[113.911723,22.508006],[113.911786,22.505403],[113.911908,22.505046],[113.912243,22.504798],[113.914892,22.50399]],[[113.911723,22.508006],[113.911776,22.508005]],[[113.911773,22.508111],[113.911767,22.508339]],[[113.911767,22.508339],[113.914457,22.508373]],[[113.911776,22.508005],[113.911773,22.508111]],[[113.914797,22.507997],[113.911773,22.508111]],[[113.914894,22.504038],[113.911955,22.505075],[113.911776,22.508005]],[[113.911776,22.508005],[113.914891,22.507916]],[[113.910269,22.5816],[113.910155,22.581501]],[[113.910155,22.581501],[113.910258,22.581392]],[[113.910764,22.560603],[113.910632,22.560541]],[[113.910632,22.560541],[113.911439,22.559688],[113.912241,22.559271],[113.914625,22.559149]],[[113.910258,22.581392],[113.910372,22.58149]],[[113.910258,22.581392],[113.916881,22.574291]],[[113.910736,22.582008],[113.910269,22.5816]],[[113.910372,22.58149],[113.910269,22.5816]],[[113.914727,22.559266],[113.912389,22.559355],[113.911459,22.559833],[113.910764,22.560603]],[[113.912561,22.518149],[113.911764,22.517084]],[[113.911767,22.574326],[113.910521,22.573164]],[[113.910521,22.573164],[113.910635,22.57258],[113.911304,22.572291]],[[113.914618,22.502917],[113.912112,22.503247]],[[113.910372,22.58149],[113.910842,22.581901]],[[113.914816,22.576662],[113.910372,22.58149]],[[113.91162,22.525865],[113.912674,22.526134]],[[113.91162,22.525865],[113.911957,22.524583]],[[113.913062,22.520897],[113.911855,22.521468]],[[113.910681,22.579105],[113.912361,22.577472]],[[113.912173,22.513797],[113.91419,22.511336],[113.915421,22.510377]],[[113.911957,22.524583],[113.911958,22.52443]],[[113.911685,22.537422],[113.911765,22.538287]],[[113.911928,22.535411],[113.911685,22.537422]],[[113.914424,22.53713],[113.911685,22.537422]],[[113.914039,22.584867],[113.910736,22.582008]],[[113.910842,22.581901],[113.910736,22.582008]],[[113.911488,22.5527],[113.915559,22.555029],[113.918329,22.555576]],[[113.910842,22.581901],[113.912425,22.58327]],[[113.910842,22.581901],[113.913932,22.578746]],[[113.912141,22.580652],[113.910842,22.581901]],[[113.91202,22.531258],[113.91201,22.5312]],[[113.91201,22.5312],[113.912219,22.531194]],[[113.912218,22.531253],[113.91202,22.531258]],[[113.914268,22.535579],[113.911928,22.535411]],[[113.911941,22.535298],[113.914248,22.535465]],[[113.912407,22.533944],[113.911941,22.535298]],[[113.912565,22.509302],[113.912759,22.508826],[113.913914,22.508843]],[[113.912565,22.509302],[113.913387,22.509307],[113.913913,22.508895]],[[113.911329,22.57101],[113.913118,22.57107],[113.914171,22.57198]],[[113.911304,22.572291],[113.911329,22.57101]],[[113.912219,22.531194],[113.912218,22.531253]],[[113.912219,22.531194],[113.91361,22.531193]],[[113.912218,22.531253],[113.912296,22.532721]],[[113.91361,22.531193],[113.912218,22.531253]],[[113.911304,22.572291],[113.912813,22.573306]],[[113.912561,22.518149],[113.913332,22.517462]],[[113.912674,22.526134],[113.914541,22.526787]],[[113.912674,22.526134],[113.912791,22.525878]],[[113.912283,22.544187],[113.914331,22.54361]],[[113.912283,22.544187],[113.913596,22.543856]],[[113.912463,22.588331],[113.911455,22.587507]],[[113.911455,22.587507],[113.914039,22.584867]],[[113.914096,22.584927],[113.911455,22.587507]],[[113.913561,22.576297],[113.912339,22.575241],[113.912355,22.574855],[113.911767,22.574326]],[[113.912813,22.573306],[113.911767,22.574326]],[[113.912691,22.54227],[113.912503,22.541361]],[[113.912503,22.541361],[113.912616,22.541036],[113.914384,22.540588]],[[113.913567,22.546821],[113.913656,22.544551],[113.912722,22.545031],[113.912458,22.544767]],[[113.917812,22.543293],[113.915257,22.54363],[113.912458,22.544767]],[[113.913485,22.500315],[113.914454,22.500277]],[[113.914231,22.523183],[113.913062,22.520897]],[[113.913167,22.520852],[113.913062,22.520897]],[[113.913167,22.520852],[113.914189,22.522701],[113.914554,22.524867]],[[113.914231,22.523183],[113.913142,22.523249]],[[113.91554,22.543419],[113.912697,22.54435]],[[113.917213,22.521252],[113.913332,22.517462]],[[113.915905,22.514864],[113.913568,22.512255]],[[113.915463,22.510491],[113.914272,22.511397],[113.913568,22.512255]],[[113.913703,22.582003],[113.912141,22.580652]],[[113.913978,22.578811],[113.912141,22.580652]],[[113.913561,22.576297],[113.912361,22.577472]],[[113.912425,22.58327],[113.912469,22.583307]],[[113.912425,22.58327],[113.913703,22.582003]],[[113.914248,22.535465],[113.91361,22.531193]],[[113.91361,22.531193],[113.914364,22.528958],[113.914541,22.526981]],[[113.913688,22.53119],[113.91361,22.531193]],[[113.912469,22.583307],[113.91413,22.584776]],[[113.91375,22.582043],[113.912469,22.583307]],[[113.913688,22.53119],[113.914343,22.535468]],[[113.914657,22.527021],[113.91444,22.528972],[113.913688,22.53119]],[[113.915386,22.531164],[113.913688,22.53119]],[[113.918387,22.556048],[113.915183,22.55541],[113.913212,22.554321]],[[113.916722,22.559172],[113.917285,22.556254],[113.914662,22.555406],[113.913078,22.554482],[113.913212,22.554321]],[[113.913234,22.553438],[113.915731,22.554873],[113.917842,22.555267]],[[113.91427,22.589886],[113.912463,22.588331]],[[113.912463,22.588331],[113.910635,22.590176],[113.910601,22.591491],[113.912092,22.592073],[113.91427,22.589886]],[[113.914171,22.57198],[113.912813,22.573306]],[[113.914454,22.500277],[113.914618,22.502917]],[[113.915275,22.500048],[113.914454,22.500277]],[[113.913596,22.543856],[113.914331,22.54361]],[[113.913517,22.54753],[113.913567,22.546821]],[[113.918239,22.546457],[113.913567,22.546821]],[[113.914457,22.508373],[113.914546,22.508375]],[[113.914582,22.508564],[113.914457,22.508373]],[[113.914457,22.508373],[113.914797,22.507997]],[[113.914618,22.502917],[113.914892,22.50399]],[[113.914546,22.508375],[113.914582,22.508564]],[[113.915047,22.50804],[113.914546,22.508375]],[[113.914541,22.526787],[113.914231,22.523183]],[[113.914582,22.508564],[113.914856,22.508981]],[[113.914047,22.539041],[113.914384,22.540588]],[[113.914047,22.539041],[113.914706,22.538928]],[[113.914797,22.507997],[113.914891,22.507916]],[[113.915045,22.507987],[113.914797,22.507997]],[[113.914892,22.50399],[113.914894,22.504038]],[[113.914892,22.50399],[113.916959,22.503297]],[[113.914894,22.504038],[113.91504,22.507849]],[[113.916985,22.503363],[113.914894,22.504038]],[[113.914248,22.535465],[113.914343,22.535468]],[[113.914268,22.535579],[113.914248,22.535465]],[[113.914856,22.508981],[113.915421,22.510377]],[[113.914372,22.535585],[113.914268,22.535579]],[[113.914424,22.53713],[113.914268,22.535579]],[[113.914891,22.507916],[113.91504,22.507849]],[[113.914891,22.507916],[113.915042,22.507911]],[[113.914554,22.524867],[113.914806,22.525021]],[[113.914554,22.524867],[113.914576,22.525246]],[[113.914343,22.535468],[113.914372,22.535585]],[[113.914343,22.535468],[113.916167,22.535468]],[[113.914541,22.526787],[113.91466,22.526827]],[[113.914541,22.526837],[113.914541,22.526787]],[[113.914541,22.526837],[113.914659,22.526879]],[[113.914541,22.526944],[113.914541,22.526837]],[[113.914576,22.525246],[113.91466,22.526827]],[[113.914806,22.525021],[113.914576,22.525246]],[[113.914658,22.526985],[113.914541,22.526944]],[[113.914541,22.526981],[113.914541,22.526944]],[[113.914657,22.527021],[113.914541,22.526981]],[[113.915457,22.535596],[113.914448,22.535587],[113.914372,22.535585]],[[113.914372,22.535585],[113.914582,22.537604]],[[113.91504,22.507849],[113.915042,22.507911]],[[113.91504,22.507849],[113.918301,22.507743],[113.918568,22.50744]],[[113.915042,22.507911],[113.915045,22.507987]],[[113.915042,22.507911],[113.918706,22.507796]],[[113.915045,22.507987],[113.915047,22.50804]],[[113.918643,22.50787],[113.915045,22.507987]],[[113.918299,22.508164],[113.91815,22.507946],[113.915047,22.50804]],[[113.914706,22.538928],[113.914424,22.53713]],[[113.91466,22.526827],[113.915888,22.527215]],[[113.91466,22.526827],[113.914659,22.526879]],[[113.914659,22.526879],[113.915909,22.527276],[113.916779,22.52738],[113.917425,22.527329],[113.918587,22.527062]],[[113.914659,22.526879],[113.914658,22.526985]],[[113.918619,22.527188],[113.916572,22.527485],[113.914658,22.526985]],[[113.914658,22.526985],[113.914657,22.527021]],[[113.916563,22.527525],[113.914657,22.527021]],[[113.916155,22.573706],[113.913561,22.576297]],[[113.914384,22.540588],[113.914597,22.541682]],[[113.914384,22.540588],[113.914964,22.540452]],[[113.914331,22.54361],[113.915453,22.543294]],[[113.91603,22.53439],[113.914798,22.534525],[113.914595,22.533172]],[[113.914595,22.533172],[113.915386,22.531164]],[[113.915855,22.533017],[113.914595,22.533172]],[[113.914806,22.525021],[113.916941,22.524709]],[[113.917517,22.522375],[113.914792,22.52234],[113.914896,22.521211]],[[113.914582,22.537604],[113.91481,22.538908]],[[113.914582,22.537604],[113.915721,22.53745]],[[113.916287,22.56309],[113.91411,22.563072]],[[113.91375,22.582043],[113.913703,22.582003]],[[113.913703,22.582003],[113.915547,22.580176]],[[113.914964,22.540452],[113.914706,22.538928]],[[113.914706,22.538928],[113.91481,22.538908]],[[113.915598,22.580221],[113.91375,22.582043]],[[113.915421,22.510377],[113.915463,22.510491]],[[113.915421,22.510377],[113.918299,22.508164]],[[113.91481,22.538908],[113.91557,22.543271]],[[113.91481,22.538908],[113.916742,22.538596]],[[113.913978,22.578811],[113.913932,22.578746]],[[113.913932,22.578746],[113.917473,22.575232],[113.917864,22.575122],[113.918377,22.57537]],[[113.913932,22.578746],[113.913956,22.578735],[113.914008,22.57878]],[[113.915463,22.510491],[113.917151,22.512779]],[[113.918782,22.50799],[113.915463,22.510491]],[[113.915547,22.580176],[113.913978,22.578811]],[[113.914008,22.57878],[113.913978,22.578811]],[[113.914008,22.57878],[113.915613,22.580162]],[[113.921518,22.577393],[113.917657,22.575251],[113.914008,22.57878]],[[113.914171,22.57198],[113.916155,22.573706]],[[113.9158,22.500057],[113.917083,22.503255]],[[113.915453,22.543294],[113.914964,22.540452]],[[113.914096,22.584927],[113.914039,22.584867]],[[113.914039,22.584867],[113.91413,22.584776]],[[113.914727,22.559266],[113.914625,22.559149]],[[113.914625,22.559149],[113.914857,22.559152]],[[113.917784,22.588093],[113.914096,22.584927]],[[113.914195,22.584833],[113.914096,22.584927]],[[113.916959,22.503297],[113.915982,22.500834]],[[113.91413,22.584776],[113.914195,22.584833]],[[113.917583,22.56248],[113.914727,22.559266]],[[113.914958,22.559268],[113.914727,22.559266]],[[113.916046,22.531143],[113.915386,22.531164]],[[113.914195,22.584833],[113.918136,22.588242]],[[113.914857,22.559152],[113.914958,22.559268]],[[113.914857,22.559152],[113.916722,22.559172]],[[113.91996,22.519304],[113.915905,22.514864]],[[113.916727,22.51418],[113.915905,22.514864]],[[113.915457,22.535596],[113.915721,22.53745]],[[113.916181,22.535578],[113.915457,22.535596]],[[113.914803,22.590335],[113.91427,22.589886]],[[113.914958,22.559268],[113.917755,22.562405]],[[113.916697,22.559286],[113.914958,22.559268]],[[113.91554,22.543419],[113.915453,22.543294]],[[113.915453,22.543294],[113.91557,22.543271]],[[113.915888,22.527215],[113.917146,22.527304],[113.918577,22.527023]],[[113.915888,22.527215],[113.916552,22.52615],[113.916941,22.524709]],[[113.91557,22.543271],[113.91554,22.543419]],[[113.917812,22.543293],[113.91554,22.543419]],[[113.916979,22.57437],[113.914816,22.576662]],[[113.917473,22.574766],[113.915911,22.575682],[113.914816,22.576662]],[[113.91557,22.543271],[113.917005,22.543159]],[[113.915721,22.53745],[113.916531,22.537344]],[[113.914803,22.590335],[113.914115,22.590867],[113.913419,22.591917],[113.912666,22.592309],[113.913264,22.592686],[113.914522,22.592597]],[[113.914522,22.592597],[113.915179,22.591133]],[[113.914522,22.592597],[113.914742,22.592586]],[[113.915855,22.533017],[113.91603,22.53439]],[[113.916046,22.531143],[113.915855,22.533017]],[[113.916556,22.527766],[113.916046,22.531143]],[[113.917537,22.530913],[113.916046,22.531143]],[[113.91603,22.53439],[113.916167,22.535468]],[[113.920694,22.618568],[113.92047,22.608105],[113.919776,22.606257],[113.917404,22.602751],[113.916644,22.601214],[113.914843,22.594832],[113.914637,22.59332],[113.914742,22.592586]],[[113.914742,22.592586],[113.915502,22.590925]],[[113.915502,22.590925],[113.914803,22.590335]],[[113.916167,22.535468],[113.916181,22.535578]],[[113.916167,22.535468],[113.919848,22.535333]],[[113.916181,22.535578],[113.916531,22.537344]],[[113.919852,22.535443],[113.916181,22.535578]],[[113.916678,22.513437],[113.916727,22.51418]],[[113.917151,22.512779],[113.916544,22.513176],[113.916678,22.513437]],[[113.916678,22.513437],[113.917346,22.513044]],[[113.916985,22.503363],[113.916959,22.503297]],[[113.916959,22.503297],[113.917083,22.503255]],[[113.917663,22.513473],[113.916727,22.51418]],[[113.918568,22.50744],[113.916985,22.503363]],[[113.917111,22.503322],[113.916985,22.503363]],[[113.917083,22.503255],[113.917111,22.503322]],[[113.917083,22.503255],[113.919807,22.50237]],[[113.916563,22.527525],[113.916556,22.527766]],[[113.917341,22.528632],[113.917299,22.527774],[113.916556,22.527766]],[[113.917773,22.527409],[113.917111,22.527516],[113.916838,22.527529],[113.916692,22.52753],[113.916563,22.527525]],[[113.917111,22.503322],[113.918853,22.507746]],[[113.918021,22.503028],[113.917111,22.503322]],[[113.917005,22.543159],[113.916343,22.541165]],[[113.917644,22.532277],[113.916585,22.532344]],[[113.915598,22.580221],[113.915547,22.580176]],[[113.915547,22.580176],[113.915613,22.580162]],[[113.916531,22.537344],[113.919703,22.537524]],[[113.916531,22.537344],[113.916742,22.538596]],[[113.91727,22.581675],[113.915598,22.580221]],[[113.915613,22.580162],[113.915598,22.580221]],[[113.915613,22.580162],[113.917315,22.581627]],[[113.917151,22.512779],[113.917346,22.513044]],[[113.916941,22.524709],[113.916984,22.524702]],[[113.9156,22.591005],[113.915502,22.590925]],[[113.915502,22.590925],[113.917522,22.58896]],[[113.917726,22.523337],[113.917203,22.523382],[113.916984,22.524702]],[[113.916984,22.524702],[113.917966,22.524522]],[[113.916742,22.538596],[113.919475,22.538721]],[[113.916742,22.538596],[113.917433,22.541698]],[[113.918473,22.547358],[113.917107,22.547916],[113.91655,22.547893]],[[113.915707,22.591091],[113.9156,22.591005]],[[113.920872,22.617426],[113.920597,22.608085],[113.919888,22.606199],[113.917515,22.602691],[113.916611,22.600678],[113.914797,22.593804],[113.914937,22.592336],[113.9156,22.591005]],[[113.9156,22.591005],[113.917522,22.58896]],[[113.917346,22.513044],[113.917663,22.513473]],[[113.916335,22.565234],[113.916205,22.565192]],[[113.920456,22.570601],[113.916372,22.568015],[113.916176,22.567529],[113.916205,22.565192]],[[113.916205,22.565192],[113.916287,22.56309]],[[113.916205,22.565192],[113.916336,22.565167]],[[113.917517,22.522375],[113.917213,22.521252]],[[113.917213,22.521252],[113.917303,22.521099]],[[113.917351,22.521181],[113.917213,22.521252]],[[113.916415,22.563143],[113.916287,22.56309]],[[113.916287,22.56309],[113.917583,22.56248]],[[113.915707,22.591091],[113.915072,22.592371],[113.914936,22.59379],[113.916746,22.600643],[113.917393,22.602195],[113.92001,22.606136],[113.920735,22.608063],[113.92101,22.617422]],[[113.917718,22.589068],[113.915707,22.591091]],[[113.917303,22.521099],[113.917351,22.521181]],[[113.917303,22.521099],[113.91996,22.519304]],[[113.916336,22.565167],[113.916335,22.565234]],[[113.916415,22.563143],[113.916336,22.565167]],[[113.916336,22.565167],[113.918498,22.5652]],[[113.916335,22.565234],[113.916315,22.566304]],[[113.917162,22.565245],[113.916335,22.565234]],[[113.916315,22.566304],[113.916381,22.567787],[113.917436,22.568588]],[[113.916315,22.566304],[113.917146,22.566315],[113.917162,22.565245]],[[113.916881,22.574291],[113.916155,22.573706]],[[113.917672,22.56257],[113.916415,22.563143]],[[113.917351,22.521181],[113.918117,22.524479]],[[113.920001,22.519425],[113.917351,22.521181]],[[113.917663,22.513473],[113.918983,22.515262]],[[113.918606,22.513111],[113.917663,22.513473]],[[113.917005,22.543159],[113.918965,22.543076]],[[113.917726,22.523337],[113.917517,22.522375]],[[113.916697,22.559286],[113.916722,22.559172]],[[113.919067,22.559328],[113.916697,22.559286]],[[113.916722,22.559172],[113.919044,22.559223]],[[113.91826,22.503166],[113.918021,22.503028]],[[113.918342,22.502925],[113.918021,22.503028]],[[113.917537,22.530913],[113.917482,22.530275]],[[113.917482,22.530275],[113.917428,22.529637],[113.919093,22.5293]],[[113.917482,22.530275],[113.918058,22.530159]],[[113.917644,22.532277],[113.917537,22.530913]],[[113.918199,22.530785],[113.917537,22.530913]],[[113.917966,22.524522],[113.917726,22.523337]],[[113.919197,22.505652],[113.91826,22.503166]],[[113.918342,22.502925],[113.91826,22.503166]],[[113.918518,22.532106],[113.917644,22.532277]],[[113.918103,22.511876],[113.918606,22.513111]],[[113.919086,22.511119],[113.918103,22.511876]],[[113.918103,22.511876],[113.91852,22.511732]],[[113.919093,22.5293],[113.918516,22.52762],[113.917949,22.527653],[113.917773,22.527409]],[[113.918626,22.527216],[113.917773,22.527409]],[[113.919807,22.502465],[113.918342,22.502925]],[[113.918299,22.508164],[113.918643,22.50787]],[[113.918577,22.527023],[113.917966,22.524522]],[[113.917966,22.524522],[113.918117,22.524479]],[[113.916979,22.57437],[113.916881,22.574291]],[[113.916881,22.574291],[113.917697,22.573418]],[[113.918642,22.565324],[113.918493,22.565264],[113.917162,22.565245]],[[113.920086,22.503566],[113.918548,22.503062]],[[113.917473,22.574766],[113.916979,22.57437]],[[113.917778,22.573483],[113.916979,22.57437]],[[113.918117,22.524479],[113.918726,22.526987]],[[113.918117,22.524479],[113.91996,22.523743]],[[113.918199,22.530785],[113.918058,22.530159]],[[113.918058,22.530159],[113.919237,22.529925]],[[113.918706,22.507796],[113.918568,22.50744]],[[113.917141,22.572978],[113.917697,22.573418]],[[113.917141,22.572978],[113.916583,22.57337],[113.916194,22.572993],[113.916584,22.57265],[113.917141,22.572978]],[[113.920456,22.570601],[113.918974,22.571168],[113.917141,22.572978]],[[113.918948,22.543252],[113.917812,22.543293]],[[113.919021,22.512969],[113.91852,22.511732]],[[113.91852,22.511732],[113.919234,22.511485]],[[113.918643,22.50787],[113.918711,22.507809]],[[113.918733,22.507865],[113.918643,22.50787]],[[113.918711,22.507809],[113.918706,22.507796]],[[113.918706,22.507796],[113.918736,22.507795]],[[113.918518,22.532106],[113.918199,22.530785]],[[113.919369,22.530539],[113.918199,22.530785]],[[113.918733,22.507865],[113.918711,22.507809]],[[113.918711,22.507809],[113.918736,22.507795]],[[113.918767,22.513056],[113.918606,22.513111]],[[113.918782,22.50799],[113.918733,22.507865]],[[113.918897,22.507857],[113.918733,22.507865]],[[113.918736,22.507795],[113.918853,22.507746]],[[113.918736,22.507795],[113.91887,22.507789]],[[113.918702,22.545227],[113.917938,22.54529]],[[113.919889,22.510725],[113.918782,22.50799]],[[113.918925,22.507926],[113.918782,22.50799]],[[113.917436,22.568588],[113.920547,22.570544]],[[113.917436,22.568588],[113.917791,22.568493],[113.919897,22.566395]],[[113.917672,22.56257],[113.917583,22.56248]],[[113.917583,22.56248],[113.917755,22.562405]],[[113.919874,22.50061],[113.919024,22.500022]],[[113.918853,22.507746],[113.91887,22.507789]],[[113.918853,22.507746],[113.919662,22.50771]],[[113.91887,22.507789],[113.918897,22.507857]],[[113.91887,22.507789],[113.923574,22.507839]],[[113.919873,22.514536],[113.918767,22.513056]],[[113.919021,22.512969],[113.918767,22.513056]],[[113.919667,22.564293],[113.917672,22.56257]],[[113.917847,22.562496],[113.917672,22.56257]],[[113.917842,22.555267],[113.918322,22.555289]],[[113.917842,22.555267],[113.918144,22.55483],[113.918289,22.552413]],[[113.918897,22.507857],[113.918925,22.507926]],[[113.923572,22.507911],[113.918897,22.507857]],[[113.917312,22.581711],[113.91727,22.581675]],[[113.91727,22.581675],[113.917315,22.581627]],[[113.918925,22.507926],[113.920424,22.511608]],[[113.922537,22.507942],[113.918925,22.507926]],[[113.916869,22.60054],[113.917333,22.60181],[113.920138,22.60607],[113.920732,22.607429],[113.920986,22.609072],[113.921128,22.617419]],[[113.917718,22.589068],[113.915662,22.591365],[113.915042,22.593116],[113.915361,22.595282],[113.916869,22.60054]],[[113.916869,22.60054],[113.918082,22.599809]],[[113.92121,22.5851],[113.917312,22.581711]],[[113.917358,22.581665],[113.917312,22.581711]],[[113.917315,22.581627],[113.917358,22.581665]],[[113.917315,22.581627],[113.921518,22.577393]],[[113.918377,22.57537],[113.918445,22.57518],[113.917473,22.574766]],[[113.917778,22.573483],[113.918167,22.574157],[113.917473,22.574766]],[[113.917755,22.562405],[113.917847,22.562496]],[[113.917755,22.562405],[113.919579,22.561611]],[[113.917358,22.581665],[113.921281,22.585042]],[[113.921568,22.57743],[113.917358,22.581665]],[[113.918587,22.527062],[113.918577,22.527023]],[[113.918577,22.527023],[113.918726,22.526987]],[[113.918619,22.527188],[113.918587,22.527062]],[[113.918587,22.527062],[113.918735,22.527025]],[[113.918272,22.569318],[113.917629,22.571625]],[[113.918626,22.527216],[113.918619,22.527188]],[[113.918764,22.527154],[113.918619,22.527188]],[[113.919093,22.5293],[113.918626,22.527216]],[[113.91877,22.527178],[113.918626,22.527216]],[[113.919641,22.531889],[113.918518,22.532106]],[[113.917847,22.562496],[113.919784,22.564176]],[[113.919671,22.561706],[113.917847,22.562496]],[[113.919665,22.51275],[113.919021,22.512969]],[[113.919197,22.505652],[113.919861,22.507442]],[[113.921816,22.504779],[113.919197,22.505652]],[[113.918726,22.526987],[113.918735,22.527025]],[[113.918726,22.526987],[113.922877,22.525948]],[[113.917697,22.573418],[113.917778,22.573483]],[[113.917697,22.573418],[113.921037,22.570949]],[[113.919234,22.511485],[113.919086,22.511119]],[[113.919889,22.510725],[113.919086,22.511119]],[[113.918735,22.527025],[113.918764,22.527154]],[[113.918735,22.527025],[113.924541,22.525615]],[[113.918764,22.527154],[113.91877,22.527178]],[[113.922513,22.526263],[113.918764,22.527154]],[[113.91877,22.527178],[113.918905,22.527798]],[[113.920376,22.526795],[113.91877,22.527178]],[[113.921811,22.571291],[113.92149,22.571932],[113.919854,22.573324],[113.919204,22.573463],[113.918172,22.573293],[113.917778,22.573483]],[[113.918322,22.555289],[113.918289,22.552413]],[[113.918289,22.552413],[113.918371,22.549248]],[[113.91852,22.549281],[113.918371,22.549248]],[[113.918371,22.549248],[113.918489,22.547891]],[[113.918371,22.549248],[113.91852,22.549217]],[[113.919949,22.566441],[113.917905,22.568478],[113.917937,22.568867]],[[113.919736,22.512726],[113.919234,22.511485]],[[113.917522,22.58896],[113.917876,22.588494],[113.917784,22.588093]],[[113.918905,22.527798],[113.919527,22.530506]],[[113.918905,22.527798],[113.919687,22.527643]],[[113.918489,22.547891],[113.918473,22.547358]],[[113.918473,22.547358],[113.918702,22.545227]],[[113.918322,22.555289],[113.9184,22.555291]],[[113.918329,22.555576],[113.918322,22.555289]],[[113.918489,22.547891],[113.918794,22.544961]],[[113.918329,22.555576],[113.918406,22.555579]],[[113.918345,22.555755],[113.918329,22.555576]],[[113.918422,22.555757],[113.918345,22.555755]],[[113.918387,22.556048],[113.918345,22.555755]],[[113.918417,22.553543],[113.918559,22.554974],[113.918966,22.555288]],[[113.918417,22.553543],[113.9184,22.555291]],[[113.918433,22.552932],[113.918417,22.553543]],[[113.919416,22.5545],[113.919492,22.552989],[113.918433,22.552932]],[[113.918485,22.551129],[113.918433,22.552932]],[[113.91852,22.549217],[113.91852,22.549281]],[[113.918635,22.547901],[113.91852,22.549217]],[[113.91852,22.549217],[113.920654,22.549155]],[[113.91852,22.549281],[113.918499,22.550353]],[[113.920653,22.549214],[113.91852,22.549281]],[[113.918499,22.550353],[113.918485,22.551129]],[[113.920452,22.551558],[113.920472,22.550382],[113.918499,22.550353]],[[113.920452,22.551558],[113.918485,22.551129]],[[113.9184,22.555291],[113.918966,22.555288]],[[113.9184,22.555291],[113.918406,22.555579]],[[113.918467,22.55605],[113.918387,22.556048]],[[113.919044,22.559223],[113.918387,22.556048]],[[113.918406,22.555579],[113.928546,22.555101]],[[113.918406,22.555579],[113.918422,22.555757]],[[113.928554,22.55528],[113.918929,22.555748],[113.918489,22.555759],[113.918422,22.555757]],[[113.918422,22.555757],[113.918467,22.55605]],[[113.918167,22.588394],[113.917718,22.589068]],[[113.918961,22.544813],[113.918635,22.547901]],[[113.918862,22.546312],[113.918635,22.547901]],[[113.918702,22.545227],[113.918794,22.544961]],[[113.928561,22.555395],[113.924592,22.555589],[113.923842,22.555813],[113.918991,22.556061],[113.918467,22.55605]],[[113.918467,22.55605],[113.919171,22.559241]],[[113.918167,22.588394],[113.917784,22.588093]],[[113.919237,22.529925],[113.919093,22.5293]],[[113.918794,22.544961],[113.918948,22.543252]],[[113.920086,22.503566],[113.919722,22.504521]],[[113.919662,22.50771],[113.919861,22.507442]],[[113.919662,22.50771],[113.920017,22.507712]],[[113.919807,22.502465],[113.919807,22.50237]],[[113.919807,22.50237],[113.919874,22.50061]],[[113.919807,22.50237],[113.919888,22.502364]],[[113.919887,22.502452],[113.919807,22.502465]],[[113.919874,22.50061],[113.919875,22.500168]],[[113.91996,22.500653],[113.919874,22.50061]],[[113.918961,22.544813],[113.918862,22.546312]],[[113.920775,22.546261],[113.918862,22.546312]],[[113.919369,22.530539],[113.919237,22.529925]],[[113.918948,22.543252],[113.918965,22.543076]],[[113.919129,22.543244],[113.918948,22.543252]],[[113.918965,22.543076],[113.919475,22.538721]],[[113.918965,22.543076],[113.919143,22.543072]],[[113.919888,22.502364],[113.919887,22.502452]],[[113.91996,22.500653],[113.919888,22.502364]],[[113.919888,22.502364],[113.91997,22.502363],[113.920108,22.502369],[113.921406,22.502499]],[[113.920495,22.502491],[113.920065,22.502451],[113.919887,22.502452]],[[113.918498,22.5652],[113.918687,22.565274]],[[113.918498,22.5652],[113.918858,22.565103]],[[113.920532,22.514001],[113.919919,22.51339],[113.919665,22.51275]],[[113.919736,22.512726],[113.919665,22.51275]],[[113.919092,22.543628],[113.918961,22.544813]],[[113.919965,22.500161],[113.91996,22.500653]],[[113.92206,22.500764],[113.91996,22.500653]],[[113.920586,22.512437],[113.919736,22.512726]],[[113.919861,22.507442],[113.920017,22.507712]],[[113.919641,22.531889],[113.919369,22.530539]],[[113.919527,22.530506],[113.919369,22.530539]],[[113.918377,22.57537],[113.921606,22.577351]],[[113.919129,22.543244],[113.919092,22.543628]],[[113.919092,22.543628],[113.9208,22.543606]],[[113.920574,22.521436],[113.919619,22.520979]],[[113.919143,22.543072],[113.919129,22.543244]],[[113.920551,22.543188],[113.919129,22.543244]],[[113.919897,22.566395],[113.918642,22.565324]],[[113.918642,22.565324],[113.918687,22.565274]],[[113.918136,22.588242],[113.918182,22.588284]],[[113.918136,22.588242],[113.920744,22.585634]],[[113.919636,22.53873],[113.919143,22.543072]],[[113.919143,22.543072],[113.922351,22.542904]],[[113.92028,22.511656],[113.919889,22.510725]],[[113.919856,22.589796],[113.918167,22.588394]],[[113.918182,22.588284],[113.918167,22.588394]],[[113.918687,22.565274],[113.918849,22.565397]],[[113.918687,22.565274],[113.918858,22.565103]],[[113.918182,22.588284],[113.919856,22.589796]],[[113.921454,22.585279],[113.918182,22.588284]],[[113.921853,22.504136],[113.920086,22.503566]],[[113.920495,22.502491],[113.920086,22.503566]],[[113.920017,22.507712],[113.921452,22.50773]],[[113.918966,22.555288],[113.923022,22.555083]],[[113.919527,22.530506],[113.919875,22.532703]],[[113.921952,22.529999],[113.919527,22.530506]],[[113.918082,22.599809],[113.918094,22.600168],[113.919442,22.600352],[113.919673,22.599853],[113.919541,22.599268],[113.920064,22.598619],[113.919961,22.598328],[113.919314,22.598001],[113.918082,22.599809]],[[113.918849,22.565397],[113.91997,22.56637]],[[113.918858,22.565103],[113.918849,22.565397]],[[113.918858,22.565103],[113.919667,22.564293]],[[113.919475,22.538721],[113.919636,22.53873]],[[113.919475,22.538721],[113.919703,22.537524]],[[113.919848,22.535333],[113.919641,22.531889]],[[113.919044,22.559223],[113.919171,22.559241]],[[113.919067,22.559328],[113.919044,22.559223]],[[113.91915,22.559689],[113.919067,22.559328]],[[113.91919,22.559323],[113.919067,22.559328]],[[113.91996,22.519304],[113.922003,22.517858]],[[113.920001,22.519425],[113.9204,22.519911]],[[113.920817,22.51885],[113.920001,22.519425]],[[113.91941,22.56086],[113.91915,22.559689]],[[113.91941,22.56086],[113.919104,22.559869],[113.91915,22.559689]],[[113.919171,22.559241],[113.922496,22.558603],[113.91919,22.559323]],[[113.919171,22.559241],[113.91919,22.559323]],[[113.91996,22.523743],[113.919716,22.52311],[113.920574,22.521436]],[[113.91996,22.523743],[113.922182,22.522827]],[[113.919565,22.541671],[113.921002,22.541694],[113.921028,22.540289],[113.922321,22.54031]],[[113.919636,22.53873],[113.922419,22.538888]],[[113.919993,22.535438],[113.919636,22.53873]],[[113.91919,22.559323],[113.919227,22.559497]],[[113.919703,22.537524],[113.919852,22.535443]],[[113.920586,22.512437],[113.92028,22.511656]],[[113.92028,22.511656],[113.920424,22.511608]],[[113.919227,22.559497],[113.919556,22.560676],[113.919543,22.560978]],[[113.919227,22.559497],[113.919543,22.560978]],[[113.921936,22.50263],[113.920495,22.502491]],[[113.919875,22.532703],[113.91999,22.53533]],[[113.923231,22.532666],[113.919875,22.532703]],[[113.919852,22.535443],[113.919848,22.535333]],[[113.919848,22.535333],[113.91999,22.53533]],[[113.919993,22.535438],[113.919852,22.535443]],[[113.920424,22.511608],[113.921162,22.5135]],[[113.920424,22.511608],[113.921761,22.511164],[113.92211,22.510791],[113.923041,22.510774]],[[113.919579,22.561611],[113.91941,22.56086]],[[113.91999,22.53533],[113.919993,22.535438]],[[113.91999,22.53533],[113.923156,22.535356]],[[113.922702,22.535445],[113.919993,22.535438]],[[113.9204,22.519911],[113.921213,22.520812]],[[113.921223,22.519339],[113.9204,22.519911]],[[113.922003,22.517858],[113.921697,22.515313],[113.920586,22.512437]],[[113.919543,22.560978],[113.919681,22.561585]],[[113.919671,22.561706],[113.919579,22.561611]],[[113.919579,22.561611],[113.919681,22.561585]],[[113.920986,22.526646],[113.92119,22.527363],[113.921687,22.527348],[113.92183,22.528176],[113.921052,22.528272],[113.920965,22.527793],[113.920439,22.527869],[113.920376,22.526795]],[[113.920986,22.526646],[113.920376,22.526795]],[[113.919784,22.564176],[113.920565,22.563317],[113.919671,22.561706]],[[113.919681,22.561585],[113.919671,22.561706]],[[113.919681,22.561585],[113.923199,22.560956],[113.919671,22.561706]],[[113.920574,22.521436],[113.921213,22.520812]],[[113.924809,22.567108],[113.922061,22.565841],[113.919667,22.564293]],[[113.919667,22.564293],[113.919784,22.564176]],[[113.919784,22.564176],[113.922389,22.565811],[113.925017,22.566997]],[[113.920817,22.51885],[113.921223,22.519339]],[[113.92203,22.518008],[113.920817,22.51885]],[[113.919949,22.566441],[113.919897,22.566395]],[[113.919897,22.566395],[113.91997,22.56637]],[[113.91997,22.56637],[113.922054,22.56824],[113.919949,22.566441]],[[113.91997,22.56637],[113.919949,22.566441]],[[113.921406,22.502499],[113.921941,22.502548]],[[113.921406,22.502499],[113.921492,22.500925]],[[113.921162,22.5135],[113.921935,22.515831]],[[113.923501,22.513139],[113.922518,22.513133],[113.921162,22.5135]],[[113.920799,22.543551],[113.920551,22.543188]],[[113.921007,22.543174],[113.920551,22.543188]],[[113.922513,22.526263],[113.920986,22.526646]],[[113.922989,22.551648],[113.920452,22.551558]],[[113.921452,22.50773],[113.921866,22.507739]],[[113.921452,22.50773],[113.921634,22.5075]],[[113.921666,22.519128],[113.921223,22.519339]],[[113.921213,22.520812],[113.92139,22.520991]],[[113.920654,22.549155],[113.920653,22.549214]],[[113.923023,22.549228],[113.920653,22.549214]],[[113.920696,22.547667],[113.920654,22.549155]],[[113.920654,22.549155],[113.923018,22.549154]],[[113.920775,22.546261],[113.920696,22.547667]],[[113.922799,22.547693],[113.920696,22.547667]],[[113.920799,22.543551],[113.9208,22.543606]],[[113.921007,22.543174],[113.920799,22.543551]],[[113.9208,22.543606],[113.920804,22.544484]],[[113.9208,22.543606],[113.922347,22.543468]],[[113.920804,22.544484],[113.920775,22.546261]],[[113.920804,22.544484],[113.922386,22.544392]],[[113.921634,22.5075],[113.921866,22.507739]],[[113.921816,22.504779],[113.921634,22.5075]],[[113.922533,22.54604],[113.920775,22.546261]],[[113.919856,22.589796],[113.92047,22.58998],[113.923922,22.588818],[113.92484,22.589756]],[[113.92139,22.520991],[113.9219,22.521631],[113.922182,22.522827]],[[113.92139,22.520991],[113.922223,22.520506],[113.921666,22.519128]],[[113.921853,22.504136],[113.921816,22.504779]],[[113.922917,22.504798],[113.921816,22.504779]],[[113.921936,22.50263],[113.921853,22.504136]],[[113.92236,22.543104],[113.921007,22.543174]],[[113.924303,22.502728],[113.921936,22.50263]],[[113.921941,22.502548],[113.921936,22.50263]],[[113.921941,22.502548],[113.924314,22.502644]],[[113.92206,22.500764],[113.921941,22.502548]],[[113.921037,22.570949],[113.920456,22.570601]],[[113.920547,22.570544],[113.920456,22.570601]],[[113.921866,22.507739],[113.923576,22.507776]],[[113.924553,22.500877],[113.92206,22.500764]],[[113.922307,22.518996],[113.921666,22.519128]],[[113.920547,22.570544],[113.921123,22.570889]],[[113.921656,22.569514],[113.920547,22.570544]],[[113.921935,22.515831],[113.922173,22.517788]],[[113.922636,22.515622],[113.921935,22.515831]],[[113.92203,22.518008],[113.922003,22.517858]],[[113.922003,22.517858],[113.922173,22.517788]],[[113.922307,22.518996],[113.92203,22.518008]],[[113.922196,22.517936],[113.92203,22.518008]],[[113.922841,22.505844],[113.922336,22.50582]],[[113.922173,22.517788],[113.924184,22.517828]],[[113.922173,22.517788],[113.922196,22.517936]],[[113.922196,22.517936],[113.922404,22.518844]],[[113.92479,22.517955],[113.922196,22.517936]],[[113.921811,22.571291],[113.921037,22.570949]],[[113.921037,22.570949],[113.921123,22.570889]],[[113.921952,22.529999],[113.92194,22.52929],[113.923192,22.529153]],[[113.923236,22.52973],[113.921952,22.529999]],[[113.920744,22.585634],[113.92121,22.5851]],[[113.920744,22.585634],[113.921316,22.585193]],[[113.922182,22.522827],[113.922877,22.525948]],[[113.922182,22.522827],[113.923623,22.522312]],[[113.921123,22.570889],[113.921827,22.571205]],[[113.921123,22.570889],[113.921714,22.570226],[113.921656,22.569514]],[[113.922537,22.507942],[113.922918,22.510062]],[[113.923571,22.507961],[113.922537,22.507942]],[[113.923623,22.522312],[113.922307,22.518996]],[[113.922404,22.518844],[113.922891,22.519855]],[[113.922404,22.518844],[113.924349,22.523853],[113.924639,22.525282]],[[113.920225,22.619147],[113.920694,22.618568]],[[113.923842,22.505881],[113.922841,22.505844]],[[113.922841,22.505844],[113.922917,22.504798]],[[113.922733,22.516499],[113.922636,22.515622]],[[113.923972,22.515583],[113.922636,22.515622]],[[113.920687,22.618811],[113.920341,22.61923]],[[113.92399,22.504821],[113.923432,22.504806],[113.922917,22.504798]],[[113.922556,22.526248],[113.922513,22.526263]],[[113.922672,22.526235],[113.922513,22.526263]],[[113.921316,22.585193],[113.92121,22.5851]],[[113.92121,22.5851],[113.921281,22.585042]],[[113.924535,22.525719],[113.922556,22.526248]],[[113.922672,22.526235],[113.922556,22.526248]],[[113.922918,22.510062],[113.923041,22.510774]],[[113.924333,22.510075],[113.922918,22.510062]],[[113.921281,22.585042],[113.921397,22.585142]],[[113.921281,22.585042],[113.923777,22.582341],[113.921958,22.577942],[113.921568,22.57743]],[[113.921656,22.569514],[113.921883,22.568825],[113.924809,22.567108]],[[113.923457,22.5681],[113.921656,22.569514]],[[113.921454,22.585279],[113.921316,22.585193]],[[113.921316,22.585193],[113.921397,22.585142]],[[113.922351,22.542904],[113.922321,22.54031]],[[113.922321,22.54031],[113.922419,22.538888]],[[113.921568,22.57743],[113.921518,22.577393]],[[113.921518,22.577393],[113.921606,22.577351]],[[113.924528,22.525909],[113.922672,22.526235]],[[113.924522,22.526046],[113.922672,22.526235]],[[113.923041,22.510774],[113.923501,22.513139]],[[113.923041,22.510774],[113.924321,22.510792]],[[113.922419,22.538888],[113.923065,22.535723]],[[113.921606,22.577351],[113.921568,22.57743]],[[113.921397,22.585142],[113.921454,22.585279]],[[113.921397,22.585142],[113.923131,22.584414],[113.92486,22.584342]],[[113.92236,22.543104],[113.922351,22.542904]],[[113.922351,22.542904],[113.926933,22.542637]],[[113.922386,22.544392],[113.922347,22.543468]],[[113.922347,22.543468],[113.922371,22.54335]],[[113.922347,22.543468],[113.922403,22.543465]],[[113.922371,22.54335],[113.92236,22.543104]],[[113.926929,22.542906],[113.92236,22.543104]],[[113.921606,22.577351],[113.921985,22.577821],[113.923843,22.582262],[113.923676,22.582791],[113.92239,22.584105]],[[113.920707,22.619611],[113.920687,22.618811]],[[113.920687,22.618811],[113.920694,22.618568]],[[113.921027,22.618399],[113.920687,22.618811]],[[113.920694,22.618568],[113.921023,22.618169]],[[113.922891,22.519855],[113.922917,22.519921]],[[113.922891,22.519855],[113.924206,22.519443]],[[113.922371,22.54335],[113.922403,22.543465]],[[113.924854,22.584552],[113.923051,22.58467],[113.921454,22.585279]],[[113.922917,22.519921],[113.923808,22.522138]],[[113.924212,22.519511],[113.922917,22.519921]],[[113.922403,22.543465],[113.922449,22.544388]],[[113.922403,22.543465],[113.923299,22.54343]],[[113.922533,22.54604],[113.922386,22.544392]],[[113.922386,22.544392],[113.922449,22.544388]],[[113.924645,22.571602],[113.923093,22.571568],[113.921811,22.571291]],[[113.921827,22.571205],[113.921811,22.571291]],[[113.921827,22.571205],[113.92293,22.571458],[113.924645,22.571488]],[[113.923457,22.5681],[113.922327,22.569276],[113.921827,22.571205]],[[113.922449,22.544388],[113.922587,22.546034]],[[113.922449,22.544388],[113.923325,22.544343]],[[113.922877,22.525948],[113.923124,22.525886]],[[113.920873,22.61758],[113.920872,22.617426]],[[113.92101,22.617422],[113.920872,22.617426]],[[113.923134,22.535457],[113.922702,22.535445]],[[113.923065,22.535723],[113.922702,22.535445]],[[113.922671,22.54691],[113.922533,22.54604]],[[113.922587,22.546034],[113.922533,22.54604]],[[113.923192,22.529153],[113.922974,22.526767]],[[113.922587,22.546034],[113.922727,22.54691]],[[113.92457,22.545842],[113.922587,22.546034]],[[113.92101,22.617422],[113.921023,22.618169]],[[113.921128,22.617419],[113.92101,22.617422]],[[113.921023,22.618169],[113.921027,22.618399]],[[113.921023,22.618169],[113.921146,22.618026]],[[113.921027,22.618399],[113.921043,22.619322]],[[113.921152,22.61825],[113.921027,22.618399]],[[113.923124,22.525886],[113.924541,22.525299]],[[113.923124,22.525886],[113.924542,22.525558]],[[113.922799,22.547693],[113.922671,22.54691]],[[113.922727,22.54691],[113.922671,22.54691]],[[113.921128,22.617419],[113.921146,22.618026]],[[113.92155,22.617556],[113.921309,22.61742],[113.921128,22.617419]],[[113.923671,22.507964],[113.923571,22.507961]],[[113.923571,22.507961],[113.923572,22.507911]],[[113.923572,22.507911],[113.923574,22.507839]],[[113.923672,22.507912],[113.923572,22.507911]],[[113.923574,22.507839],[113.923576,22.507776]],[[113.923574,22.507839],[113.923674,22.507841]],[[113.923576,22.507776],[113.923842,22.505881]],[[113.923576,22.507776],[113.923675,22.507778]],[[113.921146,22.618026],[113.921152,22.61825]],[[113.921146,22.618026],[113.92155,22.617556]],[[113.922727,22.54691],[113.922855,22.547694]],[[113.924552,22.546925],[113.922727,22.54691]],[[113.921152,22.61825],[113.921159,22.618785]],[[113.921676,22.617629],[113.921152,22.61825]],[[113.923501,22.513139],[113.923599,22.513651]],[[113.924738,22.513074],[113.923501,22.513139]],[[113.923202,22.533973],[113.923075,22.533975]],[[113.923236,22.52973],[113.923192,22.529153]],[[113.924369,22.50798],[113.923671,22.507964]],[[113.923672,22.507912],[113.923671,22.507964]],[[113.923674,22.507841],[113.923672,22.507912]],[[113.927161,22.50798],[113.925309,22.507939],[113.923672,22.507912]],[[113.923675,22.507778],[113.923674,22.507841]],[[113.923674,22.507841],[113.927172,22.507904]],[[113.923675,22.507778],[113.926443,22.507832]],[[113.923934,22.505884],[113.923675,22.507778]],[[113.923018,22.549154],[113.922799,22.547693]],[[113.922855,22.547694],[113.922799,22.547693]],[[113.923065,22.535723],[113.923134,22.535457]],[[113.923489,22.535466],[113.923065,22.535723]],[[113.92326,22.530352],[113.923236,22.52973]],[[113.923877,22.529611],[113.923236,22.52973]],[[113.923599,22.513651],[113.923776,22.514568]],[[113.923599,22.513651],[113.925014,22.513655]],[[113.922855,22.547694],[113.923074,22.54916]],[[113.923489,22.535466],[113.923134,22.535457]],[[113.923134,22.535457],[113.923156,22.535356]],[[113.923231,22.532666],[113.92326,22.530352]],[[113.92326,22.530352],[113.923636,22.53029]],[[113.923156,22.535356],[113.923202,22.533973]],[[113.923156,22.535356],[113.924811,22.535382]],[[113.923202,22.533973],[113.923231,22.532666]],[[113.924058,22.533979],[113.923202,22.533973]],[[113.924014,22.532701],[113.923231,22.532666]],[[113.923934,22.505884],[113.923842,22.505881]],[[113.923842,22.505881],[113.92399,22.504821]],[[113.924083,22.504823],[113.923934,22.505884]],[[113.924083,22.504823],[113.92399,22.504821]],[[113.92399,22.504821],[113.924303,22.502728]],[[113.923776,22.514568],[113.923972,22.515583]],[[113.924936,22.514565],[113.923776,22.514568]],[[113.923018,22.549154],[113.923074,22.54916]],[[113.923023,22.549228],[113.923018,22.549154]],[[113.923079,22.549232],[113.923023,22.549228]],[[113.922989,22.551648],[113.923023,22.549228]],[[113.924541,22.525299],[113.924319,22.524063],[113.923623,22.522312]],[[113.923022,22.555083],[113.922989,22.551648]],[[113.923049,22.551649],[113.922989,22.551648]],[[113.921676,22.617629],[113.92155,22.617556]],[[113.92155,22.617556],[113.92555,22.612529],[113.926831,22.609821],[113.927431,22.607239],[113.927393,22.603949],[113.925202,22.589641]],[[113.923074,22.54916],[113.92453,22.549203]],[[113.923074,22.54916],[113.923079,22.549232]],[[113.925571,22.549295],[113.923079,22.549232]],[[113.923079,22.549232],[113.923071,22.550344]],[[113.923071,22.550344],[113.923049,22.551649]],[[113.923071,22.550344],[113.925047,22.550375]],[[113.926985,22.504962],[113.924083,22.504823]],[[113.9244,22.502731],[113.924083,22.504823]],[[113.923049,22.551649],[113.923022,22.555083]],[[113.924975,22.551682],[113.923049,22.551649]],[[113.923022,22.555083],[113.928543,22.554981]],[[113.923293,22.543217],[113.923299,22.54343]],[[113.923299,22.54343],[113.923325,22.544343]],[[113.926838,22.535511],[113.923489,22.535466]],[[113.924848,22.616967],[113.9226,22.618072],[113.921676,22.617629]],[[113.925431,22.590214],[113.927476,22.603174],[113.927565,22.607384],[113.926857,22.610238],[113.926007,22.612035],[113.924612,22.61409],[113.921676,22.617629]],[[113.923808,22.522138],[113.924091,22.522234],[113.925754,22.521729]],[[113.923808,22.522138],[113.923959,22.522544]],[[113.923325,22.544343],[113.92459,22.544277]],[[113.923972,22.515583],[113.924064,22.516388]],[[113.924917,22.515595],[113.923972,22.515583]],[[113.9244,22.502731],[113.924303,22.502728]],[[113.924303,22.502728],[113.924314,22.502644]],[[113.924314,22.502644],[113.92441,22.50265]],[[113.924314,22.502644],[113.924553,22.500877]],[[113.924064,22.516388],[113.924734,22.516413]],[[113.924064,22.516388],[113.924184,22.517828]],[[113.923959,22.522544],[113.924135,22.522962]],[[113.925777,22.521814],[113.924063,22.522333],[113.923959,22.522544]],[[113.927356,22.502855],[113.9244,22.502731]],[[113.92441,22.50265],[113.9244,22.502731]],[[113.92441,22.50265],[113.927362,22.502789]],[[113.924643,22.500879],[113.92441,22.50265]],[[113.923877,22.529611],[113.924284,22.529333]],[[113.924297,22.52982],[113.924144,22.529638],[113.923992,22.529604],[113.923877,22.529611]],[[113.924333,22.510075],[113.924369,22.50798]],[[113.927153,22.508035],[113.926157,22.50801],[113.924369,22.50798]],[[113.924321,22.510792],[113.924333,22.510075]],[[113.924738,22.513074],[113.924303,22.512199],[113.924321,22.510792]],[[113.924321,22.510792],[113.925476,22.510809]],[[113.924643,22.500879],[113.924553,22.500877]],[[113.924553,22.500877],[113.924631,22.50026]],[[113.924206,22.519443],[113.924177,22.518148]],[[113.924184,22.517828],[113.92756,22.517876]],[[113.923416,22.57929],[113.922864,22.579268]],[[113.924212,22.519511],[113.924206,22.519443]],[[113.924206,22.519443],[113.924397,22.519444],[113.92516,22.519496]],[[113.925178,22.519562],[113.924408,22.519512],[113.924212,22.519511]],[[113.927382,22.501003],[113.924643,22.500879]],[[113.924671,22.500671],[113.924643,22.500879]],[[113.922934,22.579181],[113.923386,22.579198]],[[113.925144,22.532741],[113.924014,22.532701]],[[113.924014,22.532701],[113.924058,22.533979]],[[113.924811,22.535382],[113.924514,22.533984],[113.924058,22.533979]],[[113.924297,22.52982],[113.924284,22.529333]],[[113.924284,22.529333],[113.924522,22.526046]],[[113.92557,22.532693],[113.924516,22.530748],[113.924297,22.52982]],[[113.924973,22.567163],[113.923457,22.5681]],[[113.925014,22.513655],[113.924738,22.513074]],[[113.925624,22.512948],[113.924738,22.513074]],[[113.924442,22.529014],[113.924688,22.529256],[113.925328,22.528959]],[[113.924442,22.529014],[113.924458,22.529846]],[[113.924635,22.526021],[113.924442,22.529014]],[[113.924522,22.526046],[113.924528,22.525909]],[[113.924635,22.526021],[113.924522,22.526046]],[[113.924542,22.525558],[113.924541,22.525299]],[[113.924541,22.525299],[113.924639,22.525282]],[[113.924528,22.525909],[113.924535,22.525719]],[[113.92464,22.525884],[113.924528,22.525909]],[[113.924535,22.525719],[113.924541,22.525615]],[[113.924647,22.525693],[113.924535,22.525719]],[[113.924541,22.525615],[113.924542,22.525558]],[[113.924542,22.525558],[113.924649,22.525534]],[[113.924541,22.525615],[113.924651,22.525588]],[[113.924458,22.529846],[113.924755,22.530932],[113.925784,22.532849]],[[113.927609,22.528404],[113.925373,22.528999],[113.924649,22.529398],[113.924458,22.529846]],[[113.923386,22.579198],[113.923456,22.5792]],[[113.923416,22.57929],[113.923386,22.579198]],[[113.923386,22.579198],[113.923259,22.578078],[113.923532,22.57677],[113.923314,22.575352],[113.923702,22.574314],[113.924438,22.573213],[113.924645,22.571602]],[[113.924941,22.57933],[113.923416,22.57929]],[[113.923456,22.5792],[113.923416,22.57929]],[[113.925136,22.517963],[113.92479,22.517955]],[[113.92516,22.519496],[113.92479,22.517955]],[[113.924639,22.525282],[113.924649,22.525534]],[[113.924639,22.525282],[113.926651,22.524939]],[[113.92464,22.525884],[113.924635,22.526021]],[[113.928941,22.525063],[113.924635,22.526021]],[[113.923456,22.5792],[113.924415,22.579224],[113.924944,22.579217]],[[113.924792,22.571603],[113.92465,22.572968],[113.92347,22.575336],[113.923672,22.576931],[113.923367,22.577975],[113.923456,22.5792]],[[113.924647,22.525693],[113.92464,22.525884]],[[113.927558,22.525105],[113.92464,22.525884]],[[113.924649,22.525534],[113.924651,22.525588]],[[113.924649,22.525534],[113.928671,22.524651]],[[113.924651,22.525588],[113.924647,22.525693]],[[113.927558,22.525105],[113.924647,22.525693]],[[113.924651,22.525588],[113.928784,22.52471]],[[113.924917,22.515595],[113.924936,22.514565]],[[113.924936,22.514565],[113.925014,22.513655]],[[113.92597,22.514582],[113.924936,22.514565]],[[113.927444,22.515621],[113.924917,22.515595]],[[113.92479,22.52351],[113.926183,22.523184]],[[113.92497,22.552479],[113.924342,22.552467]],[[113.927566,22.518003],[113.927179,22.518003],[113.925136,22.517963]],[[113.925136,22.517963],[113.925011,22.51848],[113.925237,22.519501]],[[113.92457,22.545842],[113.92459,22.544277]],[[113.92459,22.544277],[113.924618,22.543459],[113.924869,22.54336],[113.925275,22.543554],[113.925953,22.544424],[113.92609,22.544323]],[[113.924552,22.546925],[113.92457,22.545842]],[[113.927171,22.546546],[113.926648,22.545894],[113.926579,22.545877],[113.92457,22.545842]],[[113.92516,22.519496],[113.925237,22.519501]],[[113.925178,22.519562],[113.92516,22.519496]],[[113.92453,22.549203],[113.924552,22.546925]],[[113.926508,22.546957],[113.924552,22.546925]],[[113.924811,22.535382],[113.926306,22.53541],[113.92682,22.53543]],[[113.925255,22.519569],[113.925178,22.519562]],[[113.925754,22.521729],[113.925178,22.519562]],[[113.92453,22.549203],[113.925573,22.549224]],[[113.925237,22.519501],[113.927663,22.51965]],[[113.925237,22.519501],[113.925255,22.519569]],[[113.927667,22.519716],[113.925255,22.519569]],[[113.925255,22.519569],[113.92582,22.521708]],[[113.925476,22.510809],[113.925624,22.512948]],[[113.925476,22.510809],[113.927273,22.510837]],[[113.925316,22.532871],[113.925144,22.532741]],[[113.925144,22.532741],[113.92527,22.532675],[113.925362,22.532746]],[[113.926368,22.512928],[113.925624,22.512948]],[[113.925328,22.528959],[113.925294,22.527689],[113.925556,22.527483]],[[113.925328,22.528959],[113.927664,22.528331]],[[113.925316,22.532871],[113.926155,22.534453],[113.92638,22.534347]],[[113.925362,22.532746],[113.925316,22.532871]],[[113.925362,22.532746],[113.92557,22.532693]],[[113.924975,22.551682],[113.92497,22.552479]],[[113.925047,22.550375],[113.924975,22.551682]],[[113.925926,22.551699],[113.924975,22.551682]],[[113.926819,22.552512],[113.92497,22.552479]],[[113.925047,22.550375],[113.925853,22.550388],[113.925948,22.550445],[113.925926,22.551699]],[[113.925556,22.527483],[113.925558,22.52672],[113.925956,22.526409],[113.927741,22.52602],[113.928388,22.526649]],[[113.925556,22.527483],[113.927425,22.52724]],[[113.924645,22.571488],[113.924792,22.571603]],[[113.924645,22.571602],[113.924645,22.571488]],[[113.924645,22.571488],[113.928528,22.571443]],[[113.924792,22.571603],[113.924645,22.571602]],[[113.925777,22.521814],[113.925754,22.521729]],[[113.925754,22.521729],[113.92582,22.521708]],[[113.926183,22.523184],[113.925777,22.521814]],[[113.925842,22.521794],[113.925777,22.521814]],[[113.926924,22.535434],[113.92557,22.532693]],[[113.92638,22.534347],[113.92557,22.532693]],[[113.924973,22.567163],[113.924809,22.567108]],[[113.924809,22.567108],[113.925017,22.566997]],[[113.92582,22.521708],[113.925842,22.521794]],[[113.925842,22.521794],[113.926183,22.523184]],[[113.928482,22.571607],[113.924792,22.571603]],[[113.928911,22.567587],[113.926862,22.567565],[113.924973,22.567163]],[[113.92518,22.567048],[113.924973,22.567163]],[[113.925017,22.566997],[113.92518,22.567048]],[[113.925017,22.566997],[113.926907,22.566163],[113.928939,22.565576]],[[113.925784,22.532849],[113.92698,22.534874]],[[113.925784,22.532849],[113.927019,22.535437]],[[113.926443,22.507832],[113.927181,22.507841]],[[113.926985,22.504962],[113.926443,22.507832]],[[113.927513,22.512978],[113.926368,22.512928]],[[113.926368,22.512928],[113.927509,22.512919]],[[113.928475,22.549334],[113.927842,22.54934],[113.925571,22.549295]],[[113.927142,22.549425],[113.925571,22.549295]],[[113.925573,22.549224],[113.928456,22.54926]],[[113.925573,22.549224],[113.926938,22.549157]],[[113.92518,22.567048],[113.927352,22.567455],[113.928913,22.567428]],[[113.928936,22.565702],[113.92518,22.567048]],[[113.926651,22.524939],[113.926183,22.523184]],[[113.926183,22.523184],[113.92728,22.522897]],[[113.927296,22.522954],[113.926183,22.523184]],[[113.92486,22.584342],[113.924941,22.57933]],[[113.924941,22.57933],[113.924944,22.579217]],[[113.925012,22.579331],[113.924941,22.57933]],[[113.924944,22.579217],[113.925031,22.577636],[113.925433,22.576216],[113.926254,22.574963],[113.928003,22.572939],[113.928629,22.571606]],[[113.924944,22.579217],[113.925013,22.579217]],[[113.925202,22.589641],[113.924913,22.587278],[113.924854,22.584552]],[[113.924854,22.584552],[113.92486,22.584342]],[[113.924919,22.584552],[113.924854,22.584552]],[[113.92486,22.584342],[113.924924,22.584347]],[[113.925012,22.579331],[113.925013,22.579217]],[[113.925013,22.579217],[113.925097,22.577644],[113.925501,22.576259],[113.926323,22.57502],[113.928401,22.572772]],[[113.925013,22.579217],[113.92517,22.579217]],[[113.924924,22.584347],[113.925012,22.579331]],[[113.925168,22.579334],[113.925012,22.579331]],[[113.925202,22.589641],[113.924919,22.584552]],[[113.924919,22.584552],[113.924924,22.584347]],[[113.925083,22.584553],[113.924919,22.584552]],[[113.924924,22.584347],[113.925087,22.584358]],[[113.92517,22.579217],[113.925168,22.579334]],[[113.927854,22.57359],[113.926452,22.575125],[113.925652,22.576314],[113.925246,22.577675],[113.92517,22.579217]],[[113.92517,22.579217],[113.925224,22.579217]],[[113.925168,22.579334],[113.925087,22.584358]],[[113.925223,22.579335],[113.925168,22.579334]],[[113.925087,22.584358],[113.92515,22.584362]],[[113.925087,22.584358],[113.925083,22.584553]],[[113.925083,22.584553],[113.92512,22.587359],[113.925431,22.590214]],[[113.925146,22.584553],[113.925083,22.584553]],[[113.925224,22.579217],[113.925223,22.579335]],[[113.927854,22.57359],[113.925931,22.575982],[113.925307,22.577673],[113.925224,22.579217]],[[113.925224,22.579217],[113.926234,22.579236],[113.926733,22.579265],[113.927507,22.579264],[113.928293,22.579064]],[[113.925223,22.579335],[113.92515,22.584362]],[[113.928328,22.579148],[113.927447,22.579359],[113.925223,22.579335]],[[113.925146,22.584553],[113.925199,22.587604]],[[113.92515,22.584362],[113.925146,22.584553]],[[113.932271,22.583588],[113.931605,22.583719],[113.928661,22.584564],[113.925146,22.584553]],[[113.92515,22.584362],[113.926059,22.584391]],[[113.926832,22.551715],[113.925926,22.551699]],[[113.927659,22.505046],[113.926985,22.504962]],[[113.927356,22.502855],[113.926985,22.504962]],[[113.932271,22.583588],[113.928812,22.584693],[113.925217,22.584725]],[[113.925199,22.587604],[113.925607,22.590179],[113.926298,22.590985],[113.927889,22.592093],[113.928563,22.593361],[113.928519,22.594702],[113.927417,22.596912],[113.927228,22.597882],[113.928074,22.600482],[113.928729,22.60404],[113.930032,22.606019],[113.932401,22.607826]],[[113.925199,22.587604],[113.925331,22.587571]],[[113.92682,22.53543],[113.92638,22.534347]],[[113.927181,22.500067],[113.927382,22.501003]],[[113.925431,22.590214],[113.925202,22.589641]],[[113.926651,22.524939],[113.928671,22.524651]],[[113.925331,22.587571],[113.925706,22.589432],[113.926746,22.589259],[113.927142,22.588793]],[[113.925331,22.587571],[113.926956,22.587149],[113.927185,22.587577]],[[113.927352,22.508041],[113.927153,22.508035]],[[113.927273,22.510837],[113.927153,22.508035]],[[113.927153,22.508035],[113.927161,22.50798]],[[113.927161,22.50798],[113.927172,22.507904]],[[113.927344,22.507983],[113.927161,22.50798]],[[113.927172,22.507904],[113.927181,22.507841]],[[113.927172,22.507904],[113.927335,22.507907]],[[113.927181,22.507841],[113.927659,22.505046]],[[113.927181,22.507841],[113.927326,22.507841]],[[113.928111,22.501049],[113.927382,22.501003]],[[113.927382,22.501003],[113.927362,22.502789]],[[113.928035,22.502894],[113.927356,22.502855]],[[113.927362,22.502789],[113.927356,22.502855]],[[113.927362,22.502789],[113.928047,22.502836]],[[113.932462,22.60803],[113.929879,22.606091],[113.928631,22.604069],[113.927902,22.600455],[113.927075,22.59806],[113.927225,22.596955],[113.928376,22.594603],[113.928427,22.593508],[113.927797,22.592228],[113.926158,22.591116],[113.925431,22.590214]],[[113.924848,22.616967],[113.924502,22.616025],[113.924596,22.615636],[113.92581,22.613739],[113.926958,22.61331]],[[113.926958,22.61331],[113.925866,22.615165],[113.925439,22.616455],[113.924848,22.616967]],[[113.927326,22.507841],[113.927335,22.507907]],[[113.928166,22.502902],[113.927326,22.507841]],[[113.927326,22.507841],[113.927614,22.507843],[113.929685,22.507888]],[[113.927335,22.507907],[113.927344,22.507983]],[[113.927335,22.507907],[113.93274,22.507973]],[[113.927509,22.512919],[113.927273,22.510837]],[[113.927509,22.512919],[113.927392,22.51262],[113.927273,22.510837]],[[113.927344,22.507983],[113.927352,22.508041]],[[113.932742,22.508062],[113.927344,22.507983]],[[113.927352,22.508041],[113.927604,22.510842]],[[113.928704,22.508065],[113.927352,22.508041]],[[113.926938,22.549157],[113.926914,22.547677],[113.926508,22.546957]],[[113.927171,22.546546],[113.926508,22.546957]],[[113.92682,22.53543],[113.926924,22.535434]],[[113.926838,22.535511],[113.92682,22.53543]],[[113.927044,22.538559],[113.926838,22.535511]],[[113.926943,22.53551],[113.926838,22.535511]],[[113.926924,22.535434],[113.927019,22.535437]],[[113.926943,22.53551],[113.926924,22.535434]],[[113.927044,22.538559],[113.926943,22.53551]],[[113.927036,22.535505],[113.926943,22.53551]],[[113.92698,22.534874],[113.927309,22.535454]],[[113.92698,22.534874],[113.927095,22.535441]],[[113.927659,22.505046],[113.928035,22.502894]],[[113.92728,22.522897],[113.927296,22.522954]],[[113.92728,22.522897],[113.928067,22.522576]],[[113.927539,22.517238],[113.927444,22.515621]],[[113.927444,22.515621],[113.927516,22.513066]],[[113.927543,22.515622],[113.927444,22.515621]],[[113.927509,22.512919],[113.927661,22.512923]],[[113.927513,22.512978],[113.927509,22.512919]],[[113.927664,22.512985],[113.927513,22.512978]],[[113.927516,22.513066],[113.927513,22.512978]],[[113.927019,22.535437],[113.927095,22.535441]],[[113.927019,22.535437],[113.927036,22.535505]],[[113.927296,22.522954],[113.927535,22.523828]],[[113.928174,22.522951],[113.927296,22.522954]],[[113.927543,22.515622],[113.927516,22.513066]],[[113.927036,22.535505],[113.927163,22.538393]],[[113.927095,22.535441],[113.927036,22.535505]],[[113.927604,22.510842],[113.927658,22.512876]],[[113.927604,22.510842],[113.927522,22.511046],[113.927658,22.512876]],[[113.927604,22.510842],[113.928632,22.510859]],[[113.926929,22.542906],[113.926933,22.542637]],[[113.926933,22.542637],[113.927044,22.538559]],[[113.926933,22.542637],[113.927066,22.542628]],[[113.927329,22.546348],[113.926941,22.544898],[113.926929,22.542906]],[[113.927063,22.5429],[113.926929,22.542906]],[[113.927095,22.535441],[113.927309,22.535454]],[[113.927539,22.517238],[113.927543,22.515622]],[[113.92756,22.517876],[113.927539,22.517238]],[[113.926059,22.584391],[113.928598,22.58422],[113.931258,22.58361]],[[113.926059,22.584391],[113.928623,22.584352],[113.931258,22.58361]],[[113.927658,22.512876],[113.927661,22.512923]],[[113.927661,22.512923],[113.927664,22.512985]],[[113.927661,22.512923],[113.929198,22.512938]],[[113.929198,22.513031],[113.927664,22.512985]],[[113.927664,22.512985],[113.927666,22.51307]],[[113.927666,22.51307],[113.927793,22.515141]],[[113.927666,22.51307],[113.9277,22.515139]],[[113.927566,22.518003],[113.92756,22.517876]],[[113.92756,22.517876],[113.92774,22.517863]],[[113.927663,22.51965],[113.927566,22.518003]],[[113.927744,22.517986],[113.927566,22.518003]],[[113.926832,22.551715],[113.926819,22.552512]],[[113.927087,22.551717],[113.926832,22.551715]],[[113.926819,22.552512],[113.926796,22.553784]],[[113.92847,22.552541],[113.926819,22.552512]],[[113.927066,22.542628],[113.927063,22.5429]],[[113.927163,22.538393],[113.927066,22.542628]],[[113.927066,22.542628],[113.928761,22.542522]],[[113.928049,22.522521],[113.927753,22.521757],[113.927572,22.51984]],[[113.927309,22.535454],[113.927163,22.538393]],[[113.927063,22.5429],[113.927107,22.544949],[113.927492,22.546327]],[[113.929317,22.542801],[113.927063,22.5429]],[[113.926938,22.549157],[113.928269,22.549161],[113.928375,22.548982]],[[113.927425,22.52724],[113.927664,22.528331]],[[113.928388,22.526649],[113.927492,22.527034],[113.927425,22.52724]],[[113.9277,22.515139],[113.927726,22.517368]],[[113.9277,22.515139],[113.927793,22.515141]],[[113.927667,22.519716],[113.927663,22.51965]],[[113.927663,22.51965],[113.927809,22.519633]],[[113.928166,22.502902],[113.928035,22.502894]],[[113.928035,22.502894],[113.928047,22.502836]],[[113.928049,22.522521],[113.927667,22.519716]],[[113.927813,22.5197],[113.927667,22.519716]],[[113.928047,22.502836],[113.928176,22.502845]],[[113.928047,22.502836],[113.928364,22.501365]],[[113.927726,22.517368],[113.92774,22.517863]],[[113.927793,22.515141],[113.927726,22.517368]],[[113.928845,22.524849],[113.927558,22.525105]],[[113.927793,22.515141],[113.93138,22.515204],[113.931438,22.515218],[113.931861,22.516842]],[[113.928364,22.501365],[113.928111,22.501049]],[[113.928111,22.501049],[113.928484,22.500735],[113.928364,22.501365]],[[113.92774,22.517863],[113.927744,22.517986]],[[113.92774,22.517863],[113.931027,22.517063]],[[113.927744,22.517986],[113.927809,22.519633]],[[113.931051,22.517146],[113.927744,22.517986]],[[113.927294,22.546497],[113.927171,22.546546]],[[113.930157,22.502995],[113.928166,22.502902]],[[113.928176,22.502845],[113.928166,22.502902]],[[113.928518,22.551746],[113.927087,22.551717]],[[113.927087,22.551717],[113.927142,22.549425]],[[113.928537,22.549584],[113.927142,22.549425]],[[113.927609,22.528404],[113.927626,22.528633]],[[113.927678,22.528395],[113.927609,22.528404]],[[113.928176,22.502845],[113.930144,22.502925]],[[113.928584,22.500911],[113.928176,22.502845]],[[113.927809,22.519633],[113.927813,22.5197]],[[113.927809,22.519633],[113.929458,22.519255]],[[113.927813,22.5197],[113.927839,22.52002]],[[113.929467,22.519325],[113.927813,22.5197]],[[113.927626,22.528633],[113.928029,22.52963],[113.929784,22.530345]],[[113.929784,22.530345],[113.92973,22.528993],[113.929362,22.528366],[113.927626,22.528633]],[[113.927839,22.52002],[113.927993,22.52112]],[[113.927839,22.52002],[113.927934,22.521345],[113.928194,22.522521]],[[113.927664,22.528331],[113.927678,22.528395]],[[113.927664,22.528331],[113.930224,22.528067]],[[113.930261,22.528144],[113.927678,22.528395]],[[113.928588,22.549258],[113.927329,22.546348]],[[113.928375,22.548982],[113.927329,22.546348]],[[113.928563,22.545773],[113.927406,22.545764]],[[113.927993,22.52112],[113.929694,22.52102]],[[113.927993,22.52112],[113.92802,22.521365]],[[113.92802,22.521365],[113.928194,22.522521]],[[113.929701,22.521075],[113.92802,22.521365]],[[113.927492,22.546327],[113.928763,22.549019]],[[113.927492,22.546327],[113.928693,22.549256]],[[113.928067,22.522576],[113.928049,22.522521]],[[113.928174,22.522951],[113.928067,22.522576]],[[113.928754,22.524644],[113.928174,22.522951]],[[113.928194,22.522521],[113.928566,22.522662],[113.929894,22.522516]],[[113.928194,22.522521],[113.928309,22.52293]],[[113.928309,22.52293],[113.928856,22.524635]],[[113.929419,22.522644],[113.928309,22.52293]],[[113.928632,22.510859],[113.929252,22.510899]],[[113.928632,22.510859],[113.928675,22.509167]],[[113.928675,22.509167],[113.928704,22.508065]],[[113.930454,22.50953],[113.930365,22.509175],[113.928675,22.509167]],[[113.932742,22.508113],[113.928704,22.508065]],[[113.928388,22.526649],[113.928937,22.527088],[113.929668,22.526852]],[[113.928671,22.524651],[113.928754,22.524644]],[[113.928784,22.52471],[113.928754,22.524644]],[[113.928754,22.524644],[113.928856,22.524635]],[[113.928845,22.524849],[113.928784,22.52471]],[[113.928784,22.52471],[113.928882,22.524694]],[[113.928941,22.525063],[113.928845,22.524849]],[[113.928945,22.524835],[113.928845,22.524849]],[[113.928856,22.524635],[113.928882,22.524694]],[[113.928856,22.524635],[113.930723,22.524508]],[[113.928882,22.524694],[113.928945,22.524835]],[[113.928882,22.524694],[113.932037,22.524504]],[[113.928456,22.54926],[113.928375,22.548982]],[[113.933164,22.609855],[113.932405,22.610856],[113.930088,22.61266],[113.926958,22.61331]],[[113.929198,22.512938],[113.929198,22.513031]],[[113.929252,22.510899],[113.929198,22.512938]],[[113.929198,22.512938],[113.932109,22.512982]],[[113.928869,22.571605],[113.928509,22.572668],[113.927854,22.57359]],[[113.929731,22.571594],[113.927854,22.57359]],[[113.932114,22.513072],[113.929198,22.513031]],[[113.929252,22.510899],[113.930141,22.510913],[113.930445,22.510664],[113.930454,22.50953]],[[113.928945,22.524835],[113.929042,22.525053]],[[113.936812,22.524622],[113.928945,22.524835]],[[113.929668,22.526852],[113.928941,22.525063]],[[113.929042,22.525053],[113.928941,22.525063]],[[113.928475,22.549334],[113.928456,22.54926]],[[113.928456,22.54926],[113.928588,22.549258]],[[113.928537,22.549584],[113.928475,22.549334]],[[113.928607,22.549332],[113.928475,22.549334]],[[113.928563,22.545773],[113.92857,22.544064],[113.930836,22.544087]],[[113.930874,22.54579],[113.928563,22.545773]],[[113.929042,22.525053],[113.930403,22.528054]],[[113.933251,22.524945],[113.929042,22.525053]],[[113.928693,22.550396],[113.928537,22.549584]],[[113.928607,22.549332],[113.928588,22.549258]],[[113.928588,22.549258],[113.928693,22.549256]],[[113.928693,22.550396],[113.928607,22.549332]],[[113.928709,22.549331],[113.928607,22.549332]],[[113.928761,22.542522],[113.932962,22.542297],[113.938656,22.542541]],[[113.928761,22.542522],[113.932721,22.542387],[113.939196,22.542699]],[[113.928546,22.555101],[113.928543,22.554981]],[[113.928543,22.554981],[113.928693,22.550396]],[[113.928543,22.554981],[113.928704,22.554974]],[[113.928554,22.55528],[113.928546,22.555101]],[[113.928546,22.555101],[113.928706,22.555095]],[[113.930696,22.500706],[113.929753,22.500601]],[[113.929753,22.500601],[113.929926,22.501774]],[[113.929773,22.50007],[113.929753,22.500601]],[[113.928561,22.555395],[113.928554,22.55528]],[[113.928711,22.555277],[113.928554,22.55528]],[[113.928693,22.549256],[113.928709,22.549331]],[[113.928693,22.549256],[113.928822,22.549255]],[[113.928981,22.559022],[113.928561,22.555395]],[[113.928715,22.555389],[113.928561,22.555395]],[[113.928709,22.549331],[113.928821,22.550674]],[[113.928837,22.54933],[113.928709,22.549331]],[[113.928763,22.549019],[113.932306,22.549206]],[[113.928763,22.549019],[113.928822,22.549255]],[[113.929685,22.507888],[113.930409,22.507902]],[[113.929685,22.507888],[113.930069,22.507615]],[[113.929467,22.519325],[113.929458,22.519255]],[[113.929458,22.519255],[113.929519,22.519242]],[[113.929694,22.52102],[113.929467,22.519325]],[[113.929529,22.51931],[113.929467,22.519325]],[[113.928822,22.549255],[113.928837,22.54933]],[[113.928822,22.549255],[113.932306,22.549206]],[[113.93268,22.523746],[113.931983,22.523821],[113.931801,22.52414],[113.929644,22.5242],[113.929419,22.522644]],[[113.929904,22.522591],[113.929419,22.522644]],[[113.928704,22.554974],[113.928706,22.555095]],[[113.928821,22.550674],[113.928704,22.554974]],[[113.928704,22.554974],[113.934479,22.554962]],[[113.928706,22.555095],[113.928711,22.555277]],[[113.928706,22.555095],[113.930163,22.555097],[113.937488,22.555335],[113.940382,22.555196]],[[113.928837,22.54933],[113.928883,22.549592]],[[113.932308,22.549337],[113.928837,22.54933]],[[113.928711,22.555277],[113.928715,22.555389]],[[113.932143,22.555366],[113.930213,22.555263],[113.928711,22.555277]],[[113.928715,22.555389],[113.929148,22.559091]],[[113.932143,22.555366],[113.928715,22.555389]],[[113.928883,22.549592],[113.928821,22.550674]],[[113.929519,22.519242],[113.929529,22.51931]],[[113.929519,22.519242],[113.931568,22.518782]],[[113.929529,22.51931],[113.929757,22.521013]],[[113.931588,22.518847],[113.929529,22.51931]],[[113.929926,22.501774],[113.92995,22.50191]],[[113.931925,22.500842],[113.93243,22.50107],[113.932297,22.501849],[113.930873,22.501774],[113.929926,22.501774]],[[113.931079,22.549376],[113.92918,22.549409],[113.928883,22.549592]],[[113.92995,22.50191],[113.930144,22.502925]],[[113.932234,22.503058],[113.932257,22.502001],[113.930358,22.501879],[113.92995,22.50191]],[[113.928328,22.579148],[113.928293,22.579064]],[[113.928293,22.579064],[113.928374,22.579033]],[[113.928482,22.571607],[113.928528,22.571443]],[[113.928629,22.571606],[113.928482,22.571607]],[[113.9325,22.582062],[113.931035,22.582005],[113.930329,22.581795],[113.929783,22.58149],[113.929086,22.580788],[113.928328,22.579148]],[[113.92841,22.579115],[113.928328,22.579148]],[[113.928528,22.571443],[113.928896,22.568396]],[[113.928528,22.571443],[113.928676,22.571445]],[[113.928374,22.579033],[113.92841,22.579115]],[[113.928374,22.579033],[113.929318,22.578428],[113.932162,22.575794],[113.933009,22.575422],[113.934034,22.5753]],[[113.929701,22.521075],[113.929694,22.52102]],[[113.929694,22.52102],[113.929757,22.521013]],[[113.92841,22.579115],[113.929173,22.580775],[113.929939,22.581505],[113.93092,22.581909],[113.932501,22.581983]],[[113.930488,22.577442],[113.929109,22.57871],[113.92841,22.579115]],[[113.929894,22.522516],[113.929701,22.521075]],[[113.929764,22.521068],[113.929701,22.521075]],[[113.930144,22.502925],[113.932234,22.503058]],[[113.930144,22.502925],[113.930157,22.502995]],[[113.928629,22.571606],[113.928676,22.571445]],[[113.928869,22.571605],[113.928629,22.571606]],[[113.929757,22.521013],[113.929764,22.521068]],[[113.929757,22.521013],[113.932123,22.52074]],[[113.932775,22.503163],[113.930157,22.502995]],[[113.930157,22.502995],[113.930069,22.507615]],[[113.929764,22.521068],[113.929957,22.522509]],[[113.932136,22.520794],[113.929764,22.521068]],[[113.930069,22.507615],[113.930409,22.507902]],[[113.928676,22.571445],[113.928896,22.568396]],[[113.928676,22.571445],[113.928909,22.571447]],[[113.930224,22.528067],[113.929668,22.526852]],[[113.933646,22.542837],[113.930217,22.542876],[113.929317,22.542801]],[[113.940553,22.543032],[113.932728,22.542691],[113.929317,22.542801]],[[113.928978,22.563773],[113.928981,22.559022]],[[113.928978,22.563773],[113.928723,22.56366],[113.928981,22.559022]],[[113.92922,22.552546],[113.932007,22.552594]],[[113.928939,22.565576],[113.928978,22.563773]],[[113.928936,22.565702],[113.928939,22.565576]],[[113.928939,22.565576],[113.929103,22.565538]],[[113.928913,22.567428],[113.928936,22.565702]],[[113.9291,22.565667],[113.928936,22.565702]],[[113.929904,22.522591],[113.929894,22.522516]],[[113.929894,22.522516],[113.929957,22.522509]],[[113.929967,22.522584],[113.929904,22.522591]],[[113.928911,22.567587],[113.928913,22.567428]],[[113.928913,22.567428],[113.929071,22.56741]],[[113.928896,22.568396],[113.928911,22.567587]],[[113.929069,22.567571],[113.928911,22.567587]],[[113.928909,22.571447],[113.928869,22.571605]],[[113.929408,22.571598],[113.928869,22.571605]],[[113.929957,22.522509],[113.929967,22.522584]],[[113.929957,22.522509],[113.932502,22.522222]],[[113.929784,22.530345],[113.931477,22.530409]],[[113.929148,22.559091],[113.929306,22.559691]],[[113.929148,22.559091],[113.929155,22.563118]],[[113.930981,22.522474],[113.929967,22.522584]],[[113.929068,22.568401],[113.928909,22.571447]],[[113.928909,22.571447],[113.929064,22.571449]],[[113.929155,22.563118],[113.929103,22.565538]],[[113.929284,22.562141],[113.929155,22.563118]],[[113.929103,22.565538],[113.9291,22.565667]],[[113.929103,22.565538],[113.932033,22.565209],[113.942315,22.565001],[113.948271,22.564494]],[[113.9291,22.565667],[113.929071,22.56741]],[[113.948308,22.564613],[113.942302,22.565143],[113.931983,22.565337],[113.9291,22.565667]],[[113.929071,22.56741],[113.929069,22.567571]],[[113.929071,22.56741],[113.93082,22.567041]],[[113.929069,22.567571],[113.929068,22.568401]],[[113.93109,22.567125],[113.929069,22.567571]],[[113.929068,22.568401],[113.929064,22.571449]],[[113.930409,22.507902],[113.932739,22.5079]],[[113.929306,22.559691],[113.929306,22.559764]],[[113.929306,22.559691],[113.931746,22.559729]],[[113.929306,22.559764],[113.929284,22.562141]],[[113.931745,22.559802],[113.929306,22.559764]],[[113.929064,22.571449],[113.929491,22.571438]],[[113.929284,22.562141],[113.931697,22.562185]],[[113.932183,22.50955],[113.930454,22.50953]],[[113.931925,22.500842],[113.930696,22.500706]],[[113.930696,22.500706],[113.930769,22.500232],[113.931374,22.500291]],[[113.929156,22.57198],[113.929408,22.571598]],[[113.930261,22.528144],[113.930224,22.528067]],[[113.930224,22.528067],[113.930403,22.528054]],[[113.931477,22.530409],[113.930261,22.528144]],[[113.930441,22.52813],[113.930261,22.528144]],[[113.929408,22.571598],[113.929491,22.571438]],[[113.929731,22.571594],[113.929408,22.571598]],[[113.930403,22.528054],[113.930441,22.52813]],[[113.930403,22.528054],[113.931587,22.528024]],[[113.930441,22.52813],[113.932244,22.53113],[113.9358,22.534154],[113.93733,22.535061]],[[113.934202,22.528058],[113.930441,22.52813]],[[113.929491,22.571438],[113.931632,22.567095]],[[113.929491,22.571438],[113.929852,22.571426]],[[113.930723,22.524508],[113.932734,22.524265]],[[113.930723,22.524508],[113.932037,22.524504]],[[113.93082,22.567041],[113.929812,22.566877]],[[113.929852,22.571426],[113.929731,22.571594]],[[113.934105,22.571508],[113.929731,22.571594]],[[113.931051,22.517146],[113.931027,22.517063]],[[113.931027,22.517063],[113.931118,22.517039]],[[113.931568,22.518782],[113.931051,22.517146]],[[113.931142,22.517122],[113.931051,22.517146]],[[113.939221,22.565839],[113.934773,22.566199],[113.932184,22.566974],[113.931338,22.567817],[113.929852,22.571426]],[[113.929852,22.571426],[113.934106,22.571334]],[[113.930981,22.522474],[113.930998,22.522605]],[[113.932518,22.522305],[113.930981,22.522474]],[[113.931118,22.517039],[113.931142,22.517122]],[[113.931118,22.517039],[113.931861,22.516842]],[[113.931142,22.517122],[113.93165,22.518763]],[[113.933864,22.516478],[113.931142,22.517122]],[[113.930856,22.54699],[113.930874,22.54579]],[[113.933592,22.545526],[113.931751,22.545552],[113.930874,22.54579]],[[113.930856,22.54699],[113.93258,22.547025],[113.933559,22.547036]],[[113.930886,22.547824],[113.930856,22.54699]],[[113.932968,22.500958],[113.931925,22.500842]],[[113.931588,22.518847],[113.931568,22.518782]],[[113.931568,22.518782],[113.93165,22.518763]],[[113.932123,22.52074],[113.931588,22.518847]],[[113.93167,22.518828],[113.931588,22.518847]],[[113.93165,22.518763],[113.93167,22.518828]],[[113.93165,22.518763],[113.934443,22.518125]],[[113.93167,22.518828],[113.932202,22.520731]],[[113.934468,22.518194],[113.93167,22.518828]],[[113.937283,22.535183],[113.935483,22.534091],[113.932619,22.531704],[113.931477,22.530409]],[[113.931295,22.549595],[113.931079,22.549376]],[[113.93141,22.549371],[113.931079,22.549376]],[[113.931587,22.528024],[113.93158,22.527166]],[[113.93158,22.527166],[113.930889,22.526765],[113.931077,22.526009],[113.931568,22.525825],[113.933509,22.525804]],[[113.933922,22.527143],[113.93158,22.527166]],[[113.930723,22.57754],[113.930488,22.577442]],[[113.93271,22.575616],[113.931918,22.576063],[113.930488,22.577442]],[[113.931587,22.528024],[113.934179,22.527984]],[[113.931861,22.516842],[113.932774,22.516634]],[[113.932234,22.503058],[113.932777,22.503072]],[[113.93109,22.567125],[113.93082,22.567041]],[[113.93082,22.567041],[113.932145,22.56659]],[[113.932007,22.552594],[113.931295,22.549595]],[[113.93141,22.549371],[113.931295,22.549595]],[[113.932109,22.512982],[113.932183,22.50955]],[[113.93272,22.509557],[113.932183,22.50955]],[[113.932114,22.513072],[113.932109,22.512982]],[[113.932109,22.512982],[113.932722,22.512985]],[[113.932774,22.516634],[113.93271,22.516401],[113.933228,22.516263],[113.932114,22.513072]],[[113.932739,22.513082],[113.932114,22.513072]],[[113.93272,22.57592],[113.932718,22.576829],[113.93136,22.578112],[113.930723,22.57754]],[[113.93272,22.57592],[113.93198,22.576336],[113.930723,22.57754]],[[113.932308,22.549337],[113.93141,22.549371]],[[113.931632,22.567095],[113.931426,22.567155],[113.93109,22.567125]],[[113.931838,22.566871],[113.93109,22.567125]],[[113.932037,22.524504],[113.933395,22.524464]],[[113.932037,22.524504],[113.932917,22.524502],[113.933395,22.524464]],[[113.932136,22.520794],[113.932123,22.52074]],[[113.932123,22.52074],[113.932202,22.520731]],[[113.932502,22.522222],[113.932136,22.520794]],[[113.932217,22.520785],[113.932136,22.520794]],[[113.932202,22.520731],[113.932217,22.520785]],[[113.932202,22.520731],[113.935012,22.520406],[113.935171,22.520125]],[[113.932217,22.520785],[113.932577,22.522214]],[[113.935345,22.520593],[113.935076,22.520457],[113.932217,22.520785]],[[113.931952,22.536733],[113.933048,22.536951]],[[113.932775,22.503163],[113.932777,22.503072]],[[113.932777,22.503072],[113.932968,22.500958]],[[113.932777,22.503072],[113.932979,22.503069]],[[113.932978,22.503187],[113.932775,22.503163]],[[113.932739,22.5079],[113.932775,22.503163]],[[113.932064,22.536452],[113.933091,22.536631]],[[113.93274,22.507973],[113.932739,22.5079]],[[113.932739,22.5079],[113.932943,22.507899]],[[113.932742,22.508062],[113.93274,22.507973]],[[113.93274,22.507973],[113.932943,22.507975]],[[113.932742,22.508113],[113.932742,22.508062]],[[113.932943,22.508064],[113.932742,22.508062]],[[113.932943,22.508117],[113.932742,22.508113]],[[113.93272,22.509557],[113.932742,22.508113]],[[113.932722,22.512985],[113.93272,22.509557]],[[113.933178,22.500969],[113.932968,22.500958]],[[113.932968,22.500958],[113.93299,22.500743]],[[113.932518,22.522305],[113.932502,22.522222]],[[113.932502,22.522222],[113.932577,22.522214]],[[113.932739,22.513082],[113.932722,22.512985]],[[113.932722,22.512985],[113.932934,22.512985]],[[113.93268,22.523746],[113.932518,22.522305]],[[113.932593,22.522297],[113.932518,22.522305]],[[113.93382,22.516354],[113.932739,22.513082]],[[113.932953,22.513084],[113.932739,22.513082]],[[113.932979,22.503069],[113.932978,22.503187]],[[113.933178,22.500969],[113.932979,22.503069]],[[113.932979,22.503069],[113.933908,22.503006]],[[113.933886,22.503286],[113.932978,22.503187]],[[113.932978,22.503187],[113.932972,22.505377]],[[113.931828,22.555682],[113.931746,22.559729]],[[113.931746,22.559729],[113.931745,22.559802]],[[113.931746,22.559729],[113.934288,22.559769]],[[113.931745,22.559802],[113.931722,22.561112]],[[113.934286,22.559843],[113.931745,22.559802]],[[113.932577,22.522214],[113.932593,22.522297]],[[113.932577,22.522214],[113.934789,22.521965]],[[113.931697,22.562185],[113.931674,22.563287]],[[113.931722,22.561112],[113.931697,22.562185]],[[113.931697,22.562185],[113.934243,22.56223]],[[113.931722,22.561112],[113.934263,22.561147]],[[113.931674,22.563287],[113.931708,22.563972],[113.932601,22.564443],[113.934197,22.5645]],[[113.931674,22.563287],[113.934223,22.56332]],[[113.932593,22.522297],[113.932713,22.523365]],[[113.934799,22.522052],[113.932593,22.522297]],[[113.932972,22.505377],[113.932943,22.507899]],[[113.935322,22.505398],[113.932972,22.505377]],[[113.931258,22.58361],[113.932467,22.583365]],[[113.931632,22.567095],[113.931838,22.566871]],[[113.932901,22.56651],[113.931632,22.567095]],[[113.932943,22.507899],[113.932943,22.507975]],[[113.932943,22.507899],[113.936234,22.507924]],[[113.932943,22.507975],[113.932943,22.508064]],[[113.932943,22.507975],[113.936244,22.507978]],[[113.932943,22.508064],[113.932943,22.508117]],[[113.936262,22.508064],[113.932943,22.508064]],[[113.93431,22.508156],[113.932943,22.508117]],[[113.932943,22.508117],[113.932937,22.509153]],[[113.932937,22.509153],[113.934459,22.509233]],[[113.932937,22.509153],[113.932934,22.512985]],[[113.932774,22.516634],[113.93382,22.516354]],[[113.932007,22.552594],[113.934494,22.552633]],[[113.933199,22.500757],[113.933178,22.500969]],[[113.934747,22.500963],[113.933178,22.500969]],[[113.932734,22.524265],[113.93268,22.523746]],[[113.932752,22.523739],[113.93268,22.523746]],[[113.932934,22.512985],[113.932953,22.513084]],[[113.932934,22.512985],[113.935425,22.513002]],[[113.932713,22.523365],[113.932752,22.523739]],[[113.934799,22.522052],[113.934802,22.523179],[113.932713,22.523365]],[[113.934368,22.513109],[113.933488,22.513094],[113.932953,22.513084]],[[113.932953,22.513084],[113.934014,22.516298]],[[113.932734,22.524265],[113.932805,22.524264]],[[113.932752,22.523739],[113.932805,22.524264]],[[113.931838,22.566871],[113.932145,22.56659]],[[113.932901,22.56651],[113.931838,22.566871]],[[113.932805,22.524264],[113.934773,22.524301]],[[113.932706,22.55539],[113.932143,22.555366]],[[113.932306,22.549206],[113.933832,22.549214]],[[113.933861,22.549359],[113.932308,22.549337]],[[113.932145,22.56659],[113.933157,22.565972],[113.934312,22.565672],[113.939251,22.565642]],[[113.932145,22.56659],[113.934805,22.565881],[113.939251,22.565642]],[[113.933509,22.525804],[113.933251,22.524945]],[[113.933336,22.524942],[113.933251,22.524945]],[[113.933336,22.524942],[113.933595,22.525802]],[[113.936282,22.524903],[113.933336,22.524942]],[[113.940384,22.555387],[113.937719,22.555535],[113.932706,22.55539]],[[113.934353,22.555703],[113.932706,22.55539]],[[113.933395,22.524464],[113.934773,22.524301]],[[113.933395,22.524464],[113.936729,22.52438]],[[113.93526,22.5036],[113.934929,22.503321],[113.933886,22.503286]],[[113.933886,22.503286],[113.933908,22.503006]],[[113.933908,22.503006],[113.934897,22.502994],[113.935155,22.502691]],[[113.933922,22.527143],[113.933509,22.525804]],[[113.933509,22.525804],[113.933595,22.525802]],[[113.932462,22.583569],[113.932271,22.583588]],[[113.933595,22.525802],[113.934011,22.527142]],[[113.933595,22.525802],[113.93639,22.525753]],[[113.933864,22.516478],[113.93382,22.516354]],[[113.93382,22.516354],[113.934014,22.516298]],[[113.934443,22.518125],[113.933864,22.516478]],[[113.934062,22.516431],[113.933864,22.516478]],[[113.932456,22.583887],[113.932462,22.583569]],[[113.932462,22.583569],[113.932467,22.583365]],[[113.932652,22.583549],[113.932462,22.583569]],[[113.932467,22.583365],[113.9325,22.582062]],[[113.932467,22.583365],[113.932653,22.58335]],[[113.9325,22.582062],[113.932501,22.581983]],[[113.932501,22.581983],[113.932679,22.580958],[113.933709,22.579354],[113.934004,22.578071]],[[113.932501,22.581983],[113.932696,22.581966]],[[113.932694,22.582049],[113.9325,22.582062]],[[113.948411,22.565073],[113.943355,22.565546],[113.935149,22.565906],[113.933695,22.566181],[113.932901,22.56651]],[[113.939221,22.565839],[113.9349,22.566045],[113.932901,22.56651]],[[113.934014,22.516298],[113.934062,22.516431]],[[113.934014,22.516298],[113.935063,22.515928]],[[113.93271,22.575616],[113.93272,22.57592]],[[113.934038,22.575383],[113.93271,22.575616]],[[113.934062,22.516431],[113.934646,22.518075]],[[113.936982,22.515877],[113.934062,22.516431]],[[113.934459,22.509233],[113.93431,22.508156]],[[113.934872,22.508163],[113.93431,22.508156]],[[113.932653,22.58335],[113.932652,22.583549]],[[113.932694,22.582049],[113.932653,22.58335]],[[113.932653,22.58335],[113.933221,22.583309]],[[113.932652,22.583549],[113.932646,22.583875]],[[113.933918,22.583508],[113.932652,22.583549]],[[113.932696,22.581966],[113.932694,22.582049]],[[113.93372,22.579623],[113.932924,22.580787],[113.932696,22.581966]],[[113.932696,22.581966],[113.933968,22.581707],[113.936897,22.581722]],[[113.936894,22.581818],[113.933998,22.581799],[113.932694,22.582049]],[[113.934179,22.527984],[113.933922,22.527143]],[[113.934011,22.527142],[113.933922,22.527143]],[[113.937235,22.542994],[113.933646,22.542837]],[[113.933646,22.542837],[113.933592,22.545526]],[[113.933592,22.545526],[113.933559,22.547036]],[[113.937149,22.546086],[113.935605,22.545586],[113.93524,22.545547],[113.933592,22.545526]],[[113.933559,22.547036],[113.937128,22.547192]],[[113.933559,22.547036],[113.933832,22.549214]],[[113.934011,22.527142],[113.93427,22.527983]],[[113.936425,22.527107],[113.934011,22.527142]],[[113.934368,22.513109],[113.935063,22.515928]],[[113.93542,22.513127],[113.934368,22.513109]],[[113.934454,22.509707],[113.934459,22.509233]],[[113.934459,22.509233],[113.934662,22.509235]],[[113.932401,22.607826],[113.932661,22.608008]],[[113.932462,22.60803],[113.932401,22.607826]],[[113.932401,22.607826],[113.932329,22.606015],[113.933272,22.603917],[113.937178,22.600168],[113.941085,22.596903]],[[113.934202,22.528058],[113.934179,22.527984]],[[113.934179,22.527984],[113.93427,22.527983]],[[113.934724,22.529358],[113.934202,22.528058]],[[113.934292,22.528055],[113.934202,22.528058]],[[113.934468,22.518194],[113.934443,22.518125]],[[113.934443,22.518125],[113.934646,22.518075]],[[113.933164,22.609855],[113.932462,22.60803]],[[113.932661,22.608008],[113.932462,22.60803]],[[113.934662,22.509235],[113.934657,22.509707]],[[113.934872,22.508163],[113.934681,22.508352],[113.934662,22.509235]],[[113.934662,22.509235],[113.935487,22.509244]],[[113.935171,22.520125],[113.934468,22.518194]],[[113.934671,22.518145],[113.934468,22.518194]],[[113.93427,22.527983],[113.934292,22.528055]],[[113.93427,22.527983],[113.936448,22.527942]],[[113.934292,22.528055],[113.934799,22.529331]],[[113.936449,22.528009],[113.934292,22.528055]],[[113.933832,22.549214],[113.933861,22.549359]],[[113.933832,22.549214],[113.937091,22.549267]],[[113.933861,22.549359],[113.934494,22.552633]],[[113.937089,22.549387],[113.933861,22.549359]],[[113.934646,22.518075],[113.934671,22.518145]],[[113.934646,22.518075],[113.9374,22.517399]],[[113.932661,22.608008],[113.933287,22.609799]],[[113.94116,22.596996],[113.937994,22.599619],[113.933804,22.603574],[113.932723,22.605788],[113.932661,22.608008]],[[113.935369,22.508169],[113.934872,22.508163]],[[113.935155,22.502691],[113.935044,22.500491]],[[113.933221,22.583309],[113.933889,22.583148],[113.936861,22.583193]],[[113.933221,22.583309],[113.937407,22.583368],[113.938269,22.583214]],[[113.934671,22.518145],[113.935959,22.52181]],[[113.937422,22.517478],[113.934671,22.518145]],[[113.93519,22.502998],[113.935155,22.502691]],[[113.935686,22.503],[113.935599,22.503063],[113.93519,22.502998]],[[113.935235,22.503379],[113.93519,22.502998]],[[113.934789,22.521965],[113.934799,22.522052]],[[113.934789,22.521965],[113.935813,22.521842]],[[113.935843,22.521923],[113.934799,22.522052]],[[113.934773,22.524301],[113.936645,22.524139]],[[113.93526,22.5036],[113.935235,22.503379]],[[113.935235,22.503379],[113.935722,22.503363]],[[113.936234,22.507924],[113.93526,22.5036]],[[113.935568,22.530313],[113.934724,22.529358]],[[113.934799,22.529331],[113.934724,22.529358]],[[113.935063,22.515928],[113.935953,22.515683]],[[113.934799,22.529331],[113.935625,22.530262]],[[113.936467,22.528788],[113.934799,22.529331]],[[113.936919,22.5797],[113.93372,22.579623]],[[113.934134,22.578074],[113.93372,22.579623]],[[113.935369,22.508169],[113.935487,22.509244]],[[113.936277,22.50816],[113.935369,22.508169]],[[113.940387,22.555676],[113.937823,22.55579],[113.934353,22.555703]],[[113.934353,22.555703],[113.934333,22.557296]],[[113.93448,22.616291],[113.934232,22.612659],[113.933164,22.609855]],[[113.933287,22.609799],[113.933164,22.609855]],[[113.934303,22.558635],[113.934288,22.559769]],[[113.934333,22.557296],[113.934303,22.558635]],[[113.934303,22.558635],[113.937364,22.558673]],[[113.937393,22.557339],[113.934333,22.557296]],[[113.934288,22.559769],[113.934286,22.559843]],[[113.934288,22.559769],[113.93734,22.559816]],[[113.934286,22.559843],[113.934263,22.561147]],[[113.937338,22.559891],[113.934286,22.559843]],[[113.934263,22.561147],[113.934243,22.56223]],[[113.934263,22.561147],[113.937311,22.561189]],[[113.935345,22.520593],[113.935171,22.520125]],[[113.934243,22.56223],[113.934223,22.56332]],[[113.934243,22.56223],[113.937287,22.562285]],[[113.934223,22.56332],[113.934197,22.5645]],[[113.934223,22.56332],[113.937264,22.563359]],[[113.937236,22.564542],[113.934197,22.5645]],[[113.934494,22.552633],[113.937031,22.552687]],[[113.934494,22.552633],[113.934479,22.554962]],[[113.934105,22.571508],[113.934106,22.571334]],[[113.934106,22.571334],[113.934202,22.570857],[113.934269,22.571335]],[[113.934106,22.571334],[113.934269,22.571335]],[[113.934034,22.5753],[113.934105,22.571508]],[[113.934266,22.571506],[113.934105,22.571508]],[[113.935487,22.509244],[113.935469,22.510335]],[[113.935487,22.509244],[113.936397,22.509253]],[[113.934479,22.554962],[113.940379,22.55494]],[[113.935469,22.510335],[113.935462,22.510773]],[[113.935469,22.510335],[113.936426,22.51035]],[[113.934038,22.575383],[113.934034,22.5753]],[[113.934034,22.5753],[113.934169,22.575293]],[[113.935462,22.510773],[113.935425,22.513002]],[[113.936418,22.510788],[113.935462,22.510773]],[[113.934004,22.578071],[113.934038,22.575383]],[[113.934166,22.575378],[113.934038,22.575383]],[[113.935953,22.515683],[113.93542,22.513876],[113.93542,22.513127]],[[113.936371,22.513136],[113.93542,22.513127]],[[113.935425,22.513002],[113.93637,22.513012]],[[113.933287,22.609799],[113.934437,22.613048],[113.934819,22.619974]],[[113.935716,22.500385],[113.935669,22.502714]],[[113.934134,22.578074],[113.934004,22.578071]],[[113.935669,22.502714],[113.935895,22.502971],[113.936377,22.503031]],[[113.935669,22.502714],[113.935686,22.503]],[[113.935686,22.503],[113.935722,22.503363]],[[113.937564,22.583493],[113.937118,22.58371],[113.933918,22.583508]],[[113.937564,22.583493],[113.933918,22.583508]],[[113.935722,22.503363],[113.935749,22.503629]],[[113.935813,22.521842],[113.935345,22.520593]],[[113.935749,22.503629],[113.936547,22.507927]],[[113.938897,22.503374],[113.936139,22.503349],[113.935749,22.503629]],[[113.934166,22.575378],[113.934148,22.576973]],[[113.934169,22.575293],[113.934166,22.575378]],[[113.937009,22.575332],[113.934166,22.575378]],[[113.934266,22.571506],[113.934169,22.575293]],[[113.934169,22.575293],[113.937016,22.575263]],[[113.934269,22.571335],[113.934266,22.571506]],[[113.934269,22.571335],[113.936711,22.571345]],[[113.935726,22.571513],[113.934266,22.571506]],[[113.934148,22.576973],[113.934134,22.578074]],[[113.936974,22.577024],[113.934148,22.576973]],[[113.936951,22.578139],[113.934134,22.578074]],[[113.936872,22.531372],[113.935568,22.530313]],[[113.935625,22.530262],[113.935568,22.530313]],[[113.935625,22.530262],[113.936924,22.531313]],[[113.937369,22.529945],[113.936461,22.529852],[113.935625,22.530262]],[[113.935843,22.521923],[113.935813,22.521842]],[[113.935813,22.521842],[113.935959,22.52181]],[[113.935953,22.515683],[113.936863,22.515468]],[[113.936645,22.524139],[113.935843,22.521923]],[[113.935989,22.5219],[113.935843,22.521923]],[[113.936244,22.507978],[113.936234,22.507924]],[[113.936234,22.507924],[113.936547,22.507927]],[[113.936262,22.508064],[113.936244,22.507978]],[[113.936244,22.507978],[113.936561,22.507968]],[[113.936377,22.503031],[113.936381,22.501851]],[[113.936277,22.50816],[113.936262,22.508064]],[[113.936599,22.50806],[113.936262,22.508064]],[[113.935959,22.52181],[113.935989,22.5219]],[[113.935959,22.52181],[113.938479,22.521177]],[[113.936377,22.503031],[113.938902,22.50306]],[[113.93707,22.50366],[113.936965,22.504956],[113.936327,22.505489]],[[113.936339,22.508682],[113.936277,22.50816]],[[113.936646,22.50816],[113.936277,22.50816]],[[113.935989,22.5219],[113.936741,22.524135]],[[113.940719,22.520728],[113.935989,22.5219]],[[113.936397,22.509253],[113.936339,22.508682]],[[113.936339,22.508682],[113.936551,22.508454],[113.936786,22.508583]],[[113.936426,22.51035],[113.936397,22.509253]],[[113.936418,22.510788],[113.936426,22.51035]],[[113.936426,22.51035],[113.937045,22.510359]],[[113.93637,22.513012],[113.936418,22.510788]],[[113.937048,22.510799],[113.936418,22.510788]],[[113.936371,22.513136],[113.93637,22.513012]],[[113.93637,22.513012],[113.937033,22.513023]],[[113.937031,22.51315],[113.936371,22.513136]],[[113.936863,22.515468],[113.936371,22.513136]],[[113.936547,22.507927],[113.936561,22.507968]],[[113.936547,22.507927],[113.937385,22.507936]],[[113.936561,22.507968],[113.936599,22.50806]],[[113.936561,22.507968],[113.937385,22.507936]],[[113.936599,22.50806],[113.936646,22.50816]],[[113.938803,22.50802],[113.936599,22.50806]],[[113.936646,22.50816],[113.936786,22.508583]],[[113.938796,22.508159],[113.936646,22.50816]],[[113.93639,22.525753],[113.936282,22.524903]],[[113.93653,22.524899],[113.936282,22.524903]],[[113.936425,22.527107],[113.93639,22.525753]],[[113.936452,22.525752],[113.93639,22.525753]],[[113.936786,22.508583],[113.937045,22.510359]],[[113.936452,22.525752],[113.936486,22.527106]],[[113.93653,22.524899],[113.936452,22.525752]],[[113.938095,22.527064],[113.937986,22.526267],[113.937011,22.525764],[113.936921,22.525749],[113.936452,22.525752]],[[113.936448,22.527942],[113.936425,22.527107]],[[113.936425,22.527107],[113.936486,22.527106]],[[113.936449,22.528009],[113.936448,22.527942]],[[113.936448,22.527942],[113.936513,22.527941]],[[113.936467,22.528788],[113.936449,22.528009]],[[113.936514,22.528008],[113.936449,22.528009]],[[113.937021,22.502728],[113.937312,22.501727],[113.936981,22.500639],[113.937067,22.500087]],[[113.936908,22.524896],[113.93653,22.524899]],[[113.936486,22.527106],[113.936513,22.527941]],[[113.936486,22.527106],[113.938095,22.527064]],[[113.936528,22.528788],[113.936467,22.528788]],[[113.936513,22.527941],[113.936514,22.528008]],[[113.936513,22.527941],[113.936959,22.527938],[113.937108,22.52796],[113.937479,22.528086],[113.93824,22.529004]],[[113.936514,22.528008],[113.936528,22.528788]],[[113.938179,22.52905],[113.937444,22.528154],[113.937095,22.528028],[113.936848,22.528003],[113.936514,22.528008]],[[113.937795,22.529462],[113.936528,22.528788]],[[113.936729,22.52438],[113.936645,22.524139]],[[113.936645,22.524139],[113.936741,22.524135]],[[113.936982,22.515877],[113.936863,22.515468]],[[113.936863,22.515468],[113.93721,22.515381]],[[113.936812,22.524622],[113.936729,22.52438]],[[113.936729,22.52438],[113.936826,22.524378]],[[113.937045,22.510359],[113.937048,22.510799]],[[113.937045,22.510359],[113.938745,22.510386]],[[113.936741,22.524135],[113.936826,22.524378]],[[113.936741,22.524135],[113.938762,22.524088]],[[113.937048,22.510799],[113.937033,22.513023]],[[113.938737,22.510827],[113.937048,22.510799]],[[113.935726,22.571513],[113.935682,22.573164]],[[113.936708,22.571516],[113.935726,22.571513]],[[113.937033,22.513023],[113.937031,22.51315]],[[113.937033,22.513023],[113.938534,22.51305],[113.938723,22.513056]],[[113.93874,22.513181],[113.938596,22.513177],[113.937181,22.513153],[113.937031,22.51315]],[[113.937031,22.51315],[113.93721,22.515381]],[[113.9374,22.517399],[113.936982,22.515877]],[[113.937325,22.515793],[113.936982,22.515877]],[[113.936908,22.524896],[113.936812,22.524622]],[[113.93691,22.52462],[113.936812,22.524622]],[[113.936826,22.524378],[113.93691,22.52462]],[[113.936826,22.524378],[113.94065,22.524323]],[[113.93691,22.52462],[113.937006,22.524895]],[[113.94096,22.524538],[113.93691,22.52462]],[[113.939588,22.524873],[113.939083,22.525134],[113.938641,22.52587],[113.938026,22.526039],[113.937592,22.525936],[113.937274,22.525697],[113.936908,22.524896]],[[113.937006,22.524895],[113.936908,22.524896]],[[113.936748,22.568891],[113.935951,22.568886]],[[113.93721,22.515381],[113.937325,22.515793]],[[113.93721,22.515381],[113.939166,22.514886]],[[113.937006,22.524895],[113.937551,22.525819],[113.938114,22.525959],[113.938537,22.525797],[113.938676,22.525412],[113.938504,22.525109],[113.937602,22.524892]],[[113.937602,22.524892],[113.937006,22.524895]],[[113.937385,22.507936],[113.938814,22.507761]],[[113.937385,22.507936],[113.938806,22.507953]],[[113.936952,22.531435],[113.936872,22.531372]],[[113.936872,22.531372],[113.936924,22.531313]],[[113.936924,22.531313],[113.937008,22.531376]],[[113.936924,22.531313],[113.937841,22.530255]],[[113.938432,22.532317],[113.937596,22.531931],[113.936952,22.531435]],[[113.937008,22.531376],[113.936952,22.531435]],[[113.938543,22.536806],[113.936865,22.53619]],[[113.936865,22.53619],[113.936294,22.537737],[113.937429,22.539235]],[[113.937283,22.535183],[113.936865,22.53619]],[[113.937325,22.515793],[113.937752,22.517312]],[[113.939281,22.515316],[113.937325,22.515793]],[[113.937008,22.531376],[113.938456,22.532255]],[[113.93792,22.530312],[113.937008,22.531376]],[[113.937422,22.517478],[113.9374,22.517399]],[[113.9374,22.517399],[113.937752,22.517312]],[[113.938479,22.521177],[113.937422,22.517478]],[[113.937774,22.517392],[113.937422,22.517478]],[[113.937841,22.530255],[113.937369,22.529945]],[[113.937369,22.529945],[113.937795,22.529462]],[[113.940664,22.535776],[113.938692,22.535617],[113.937283,22.535183]],[[113.93733,22.535061],[113.937283,22.535183]],[[113.93733,22.535061],[113.938764,22.535504],[113.940666,22.535665]],[[113.938432,22.532317],[113.93733,22.535061]],[[113.937752,22.517312],[113.937774,22.517392]],[[113.937752,22.517312],[113.93968,22.516839]],[[113.939588,22.524873],[113.937602,22.524892]],[[113.937774,22.517392],[113.938823,22.521091]],[[113.939705,22.516928],[113.937774,22.517392]],[[113.938091,22.546126],[113.937149,22.546086]],[[113.937149,22.546086],[113.937128,22.547192]],[[113.937235,22.542994],[113.937149,22.546086]],[[113.937128,22.547192],[113.937091,22.549267]],[[113.937128,22.547192],[113.937939,22.547205],[113.93909,22.547232]],[[113.937091,22.549267],[113.940269,22.549841]],[[113.937091,22.549267],[113.937089,22.549387]],[[113.940265,22.549952],[113.937089,22.549387]],[[113.937089,22.549387],[113.937031,22.552687]],[[113.940551,22.543138],[113.937235,22.542994]],[[113.937031,22.552687],[113.940416,22.552748]],[[113.936711,22.571345],[113.936748,22.568891]],[[113.93862,22.568902],[113.936748,22.568891]],[[113.936708,22.571516],[113.936711,22.571345]],[[113.936711,22.571345],[113.943403,22.571351]],[[113.9434,22.571513],[113.936708,22.571516]],[[113.937429,22.539235],[113.938272,22.540309]],[[113.938519,22.539229],[113.937429,22.539235]],[[113.937795,22.529462],[113.938179,22.52905]],[[113.93792,22.530312],[113.937841,22.530255]],[[113.937841,22.530255],[113.938564,22.529419]],[[113.938456,22.532255],[113.938638,22.531272],[113.93792,22.530312]],[[113.938639,22.529469],[113.93792,22.530312]],[[113.937374,22.558196],[113.937393,22.557339]],[[113.940497,22.557368],[113.937393,22.557339]],[[113.937364,22.558673],[113.937374,22.558196]],[[113.940547,22.558228],[113.937374,22.558196]],[[113.93734,22.559816],[113.937364,22.558673]],[[113.937338,22.559891],[113.93734,22.559816]],[[113.93734,22.559816],[113.940511,22.559819]],[[113.937311,22.561189],[113.937338,22.559891]],[[113.940511,22.559888],[113.937338,22.559891]],[[113.940613,22.564553],[113.937413,22.56459],[113.937236,22.564542]],[[113.937236,22.564542],[113.937264,22.563359]],[[113.937236,22.564542],[113.940568,22.564478]],[[113.937287,22.562285],[113.937311,22.561189]],[[113.937311,22.561189],[113.940578,22.561233]],[[113.937264,22.563359],[113.937287,22.562285]],[[113.937287,22.562285],[113.940614,22.562344]],[[113.937264,22.563359],[113.940586,22.5634]],[[113.936974,22.577024],[113.937009,22.575332]],[[113.937009,22.575332],[113.937016,22.575263]],[[113.937959,22.575293],[113.937009,22.575332]],[[113.936951,22.578139],[113.936974,22.577024]],[[113.937928,22.577041],[113.936974,22.577024]],[[113.936919,22.5797],[113.936951,22.578139]],[[113.936951,22.578139],[113.937929,22.578149]],[[113.937016,22.575263],[113.939239,22.575073],[113.941334,22.575116]],[[113.936897,22.581722],[113.936919,22.5797]],[[113.936919,22.5797],[113.939119,22.579735]],[[113.938095,22.527064],[113.938644,22.527065],[113.938852,22.527113],[113.939514,22.527561]],[[113.936861,22.583193],[113.936894,22.581818]],[[113.936861,22.583193],[113.938269,22.583214]],[[113.936894,22.581818],[113.936897,22.581722]],[[113.938564,22.529419],[113.938179,22.52905]],[[113.938179,22.52905],[113.93824,22.529004]],[[113.93824,22.529004],[113.938614,22.529363]],[[113.93824,22.529004],[113.939514,22.527561]],[[113.938479,22.521177],[113.938823,22.521091]],[[113.938902,22.50306],[113.938935,22.500914]],[[113.938897,22.503374],[113.938902,22.50306]],[[113.938902,22.50306],[113.939015,22.503061]],[[113.938872,22.504756],[113.938897,22.503374]],[[113.939011,22.503374],[113.938897,22.503374]],[[113.938737,22.510827],[113.938745,22.510386]],[[113.938745,22.510386],[113.938796,22.508159]],[[113.938723,22.513056],[113.938737,22.510827]],[[113.938796,22.508159],[113.938803,22.50802]],[[113.938925,22.508156],[113.938796,22.508159]],[[113.938814,22.507761],[113.938872,22.504756]],[[113.938872,22.504756],[113.938987,22.504757]],[[113.938803,22.50802],[113.938806,22.507953]],[[113.938928,22.508015],[113.938803,22.50802]],[[113.938806,22.507953],[113.938814,22.507761]],[[113.938806,22.507953],[113.938929,22.507954]],[[113.938814,22.507761],[113.938935,22.507691]],[[113.938723,22.513056],[113.938842,22.51306]],[[113.93874,22.513181],[113.938723,22.513056]],[[113.93886,22.513184],[113.93874,22.513181]],[[113.939166,22.514886],[113.93874,22.513181]],[[113.939064,22.500351],[113.939015,22.503061]],[[113.939015,22.503061],[113.939011,22.503374]],[[113.939011,22.503374],[113.938987,22.504757]],[[113.938987,22.504757],[113.938982,22.505011]],[[113.938987,22.504757],[113.939674,22.504723],[113.939741,22.504097],[113.940311,22.503857]],[[113.938982,22.505011],[113.938935,22.507691]],[[113.940282,22.505069],[113.939964,22.504837],[113.939124,22.504834],[113.938982,22.505011]],[[113.938935,22.507691],[113.938929,22.507954]],[[113.938935,22.507691],[113.940044,22.506468],[113.940282,22.505069]],[[113.938929,22.507954],[113.938928,22.508015]],[[113.938929,22.507954],[113.93983,22.507964]],[[113.938928,22.508015],[113.938925,22.508156]],[[113.93983,22.507964],[113.938928,22.508015]],[[113.938925,22.508156],[113.938842,22.51306]],[[113.944918,22.508147],[113.938925,22.508156]],[[113.940533,22.546177],[113.938091,22.546126]],[[113.939023,22.544698],[113.93834,22.545277],[113.938091,22.546126]],[[113.938842,22.51306],[113.939943,22.513117],[113.940665,22.513556],[113.941658,22.516401]],[[113.938842,22.51306],[113.93886,22.513184]],[[113.939491,22.532524],[113.938432,22.532317]],[[113.938432,22.532317],[113.938456,22.532255]],[[113.93886,22.513184],[113.939809,22.516807]],[[113.94152,22.516402],[113.940582,22.513611],[113.93992,22.513224],[113.939443,22.513188],[113.93886,22.513184]],[[113.938272,22.540309],[113.939246,22.54145],[113.940576,22.541508]],[[113.940594,22.540316],[113.938272,22.540309]],[[113.938456,22.532255],[113.939492,22.532472]],[[113.938639,22.529469],[113.938564,22.529419]],[[113.938564,22.529419],[113.938614,22.529363]],[[113.938614,22.529363],[113.938686,22.529417]],[[113.938823,22.521091],[113.940686,22.520595]],[[113.940751,22.530088],[113.939539,22.52989],[113.938639,22.529469]],[[113.938686,22.529417],[113.938639,22.529469]],[[113.938762,22.524088],[113.94065,22.524323]],[[113.938762,22.524088],[113.940968,22.52404]],[[113.938686,22.529417],[113.939413,22.52978],[113.940753,22.530001]],[[113.938543,22.536806],[113.938519,22.539229]],[[113.940648,22.536836],[113.938543,22.536806]],[[113.939537,22.539248],[113.938519,22.539229]],[[113.939005,22.583346],[113.937564,22.583493]],[[113.938761,22.53019],[113.939763,22.531106],[113.939492,22.532472]],[[113.939281,22.515316],[113.939166,22.514886]],[[113.938656,22.542541],[113.940559,22.542625]],[[113.938656,22.542541],[113.939196,22.542699]],[[113.93968,22.516839],[113.939281,22.515316]],[[113.937928,22.577041],[113.937959,22.575293]],[[113.941334,22.575216],[113.937959,22.575293]],[[113.937929,22.578149],[113.937928,22.577041]],[[113.939207,22.577064],[113.937928,22.577041]],[[113.937929,22.578149],[113.941277,22.578185]],[[113.942919,22.503611],[113.942605,22.504984],[113.941204,22.50735],[113.940698,22.50783],[113.93983,22.507964]],[[113.93983,22.507964],[113.941844,22.507986]],[[113.939705,22.516928],[113.93968,22.516839]],[[113.93968,22.516839],[113.939809,22.516807]],[[113.940686,22.520595],[113.939705,22.516928]],[[113.939835,22.516899],[113.939705,22.516928]],[[113.938269,22.583214],[113.939006,22.583231]],[[113.939514,22.527561],[113.939884,22.527774],[113.940787,22.527784]],[[113.940955,22.524849],[113.939588,22.524873]],[[113.939196,22.542699],[113.940557,22.542756]],[[113.939809,22.516807],[113.939835,22.516899]],[[113.939809,22.516807],[113.94152,22.516402]],[[113.939835,22.516899],[113.940807,22.520546]],[[113.942846,22.517965],[113.942485,22.517238],[113.941448,22.516553],[113.939835,22.516899]],[[113.939492,22.532472],[113.939491,22.532524]],[[113.939492,22.532472],[113.940714,22.532484]],[[113.940712,22.532551],[113.939491,22.532524]],[[113.940311,22.503857],[113.940342,22.502131]],[[113.940282,22.505069],[113.940311,22.503857]],[[113.94061,22.539305],[113.939537,22.539248]],[[113.939537,22.539248],[113.940611,22.539225]],[[113.94842,22.56518],[113.944,22.5656],[113.939221,22.565839]],[[113.939251,22.565642],[113.948399,22.565005]],[[113.939006,22.583231],[113.939194,22.583235]],[[113.939005,22.583346],[113.939006,22.583231]],[[113.938945,22.587033],[113.939005,22.583346]],[[113.939193,22.583349],[113.939005,22.583346]],[[113.939143,22.589229],[113.938945,22.587033]],[[113.938945,22.587033],[113.939146,22.587035]],[[113.939038,22.583053],[113.939093,22.580967]],[[113.939194,22.583235],[113.939632,22.583245]],[[113.939194,22.583235],[113.939193,22.583349]],[[113.939193,22.583349],[113.939146,22.587035]],[[113.940502,22.583569],[113.93978,22.583371],[113.939632,22.583356],[113.939193,22.583349]],[[113.93925,22.581754],[113.941213,22.581779]],[[113.941211,22.581863],[113.939248,22.581846]],[[113.941225,22.581053],[113.939269,22.581034]],[[113.939146,22.587035],[113.939284,22.589199]],[[113.939146,22.587035],[113.941232,22.587057]],[[113.940297,22.593853],[113.939143,22.589229]],[[113.939284,22.589199],[113.939143,22.589229]],[[113.940496,22.529037],[113.940767,22.529037]],[[113.940719,22.520728],[113.940686,22.520595]],[[113.940686,22.520595],[113.940807,22.520546]],[[113.940968,22.52404],[113.940971,22.521976],[113.940719,22.520728]],[[113.940841,22.520679],[113.940719,22.520728]],[[113.94065,22.524323],[113.940964,22.524318]],[[113.939284,22.589199],[113.940145,22.592541]],[[113.940928,22.589088],[113.939284,22.589199]],[[113.940807,22.520546],[113.940841,22.520679]],[[113.940807,22.520546],[113.943237,22.519352]],[[113.940841,22.520679],[113.941082,22.522125],[113.94106,22.524038]],[[113.94328,22.519471],[113.940841,22.520679]],[[113.940416,22.552748],[113.940265,22.549952]],[[113.940265,22.549952],[113.940269,22.549841]],[[113.940407,22.549918],[113.940265,22.549952]],[[113.940269,22.549841],[113.940407,22.549918]],[[113.940269,22.549841],[113.940533,22.546177]],[[113.940767,22.529037],[113.940787,22.527784]],[[113.940787,22.527784],[113.940826,22.527297]],[[113.940753,22.530001],[113.940767,22.529037]],[[113.940751,22.530088],[113.940753,22.530001]],[[113.940753,22.530001],[113.940945,22.530001]],[[113.940714,22.532484],[113.940751,22.530088]],[[113.940944,22.530087],[113.940751,22.530088]],[[113.940998,22.527399],[113.940826,22.527297]],[[113.940826,22.527297],[113.940955,22.524849]],[[113.940826,22.527297],[113.941,22.527299]],[[113.940714,22.532484],[113.940895,22.532488]],[[113.940712,22.532551],[113.940714,22.532484]],[[113.940894,22.532555],[113.940712,22.532551]],[[113.940666,22.535665],[113.940712,22.532551]],[[113.940666,22.535665],[113.940831,22.535668]],[[113.940664,22.535776],[113.940666,22.535665]],[[113.940829,22.535781],[113.940664,22.535776]],[[113.940648,22.536836],[113.940664,22.535776]],[[113.940611,22.539225],[113.940648,22.536836]],[[113.939632,22.583245],[113.943239,22.583439]],[[113.939632,22.583245],[113.941187,22.58327]],[[113.94061,22.539305],[113.940611,22.539225]],[[113.940611,22.539225],[113.940759,22.539227]],[[113.940594,22.540316],[113.94061,22.539305]],[[113.940758,22.539308],[113.94061,22.539305]],[[113.940576,22.541508],[113.940594,22.540316]],[[113.940559,22.542625],[113.940576,22.541508]],[[113.940964,22.524318],[113.940968,22.52404]],[[113.940968,22.52404],[113.94106,22.524038]],[[113.940559,22.542625],[113.94069,22.542631]],[[113.940557,22.542756],[113.940559,22.542625]],[[113.940557,22.542756],[113.940688,22.542762]],[[113.940553,22.543032],[113.940557,22.542756]],[[113.94096,22.524538],[113.940964,22.524318]],[[113.940964,22.524318],[113.941055,22.524317]],[[113.940955,22.524849],[113.94096,22.524538]],[[113.94105,22.524537],[113.94096,22.524538]],[[113.940682,22.543037],[113.940553,22.543032]],[[113.940551,22.543138],[113.940553,22.543032]],[[113.94068,22.543144],[113.940551,22.543138]],[[113.940533,22.546177],[113.940551,22.543138]],[[113.941044,22.524847],[113.940955,22.524849]],[[113.940407,22.549918],[113.940669,22.549925],[113.941606,22.549934]],[[113.940407,22.549918],[113.940416,22.551386]],[[113.940633,22.548134],[113.940407,22.549918]],[[113.940416,22.551386],[113.940537,22.55275]],[[113.940416,22.551386],[113.941583,22.551314]],[[113.940533,22.546177],[113.940672,22.546179]],[[113.940379,22.55494],[113.940416,22.552748]],[[113.940416,22.552748],[113.940537,22.55275]],[[113.94106,22.524038],[113.941055,22.524317]],[[113.94106,22.524038],[113.944788,22.523944],[113.948966,22.523547]],[[113.940382,22.555196],[113.940379,22.55494]],[[113.940379,22.55494],[113.940511,22.554927]],[[113.941055,22.524317],[113.94105,22.524537]],[[113.941055,22.524317],[113.945187,22.524237],[113.949011,22.523857]],[[113.94105,22.524537],[113.941044,22.524847]],[[113.949038,22.524044],[113.945265,22.524434],[113.94105,22.524537]],[[113.941044,22.524847],[113.941,22.527299]],[[113.945197,22.524763],[113.941044,22.524847]],[[113.940384,22.555387],[113.940382,22.555196]],[[113.940382,22.555196],[113.940514,22.555186]],[[113.941,22.527299],[113.940998,22.527399]],[[113.941,22.527299],[113.943074,22.527332]],[[113.940998,22.527399],[113.940945,22.530001]],[[113.943071,22.527423],[113.940998,22.527399]],[[113.940387,22.555676],[113.940384,22.555387]],[[113.940516,22.555377],[113.940384,22.555387]],[[113.940945,22.530001],[113.940944,22.530087]],[[113.940945,22.530001],[113.943021,22.530001]],[[113.940944,22.530087],[113.940895,22.532488]],[[113.94302,22.530068],[113.940944,22.530087]],[[113.940895,22.532488],[113.942976,22.532515]],[[113.940895,22.532488],[113.940894,22.532555]],[[113.942975,22.532584],[113.941572,22.532569],[113.940894,22.532555]],[[113.940894,22.532555],[113.940831,22.535668]],[[113.940497,22.557368],[113.940387,22.555676]],[[113.940519,22.555667],[113.940387,22.555676]],[[113.940831,22.535668],[113.940829,22.535781]],[[113.940831,22.535668],[113.94504,22.535708]],[[113.945039,22.535837],[113.943033,22.535814],[113.941007,22.535785],[113.940829,22.535781]],[[113.940829,22.535781],[113.940807,22.536834]],[[113.942149,22.536855],[113.940807,22.536834]],[[113.940807,22.536834],[113.940759,22.539227]],[[113.940759,22.539227],[113.940758,22.539308]],[[113.940759,22.539227],[113.942101,22.539245]],[[113.940758,22.539308],[113.940712,22.541548]],[[113.942099,22.539333],[113.940758,22.539308]],[[113.940712,22.541548],[113.944903,22.541728]],[[113.940712,22.541548],[113.94069,22.542631]],[[113.94069,22.542631],[113.944899,22.542808]],[[113.94069,22.542631],[113.940688,22.542762]],[[113.940688,22.542762],[113.944897,22.542918]],[[113.940688,22.542762],[113.940682,22.543037]],[[113.944892,22.543208],[113.940682,22.543037]],[[113.940682,22.543037],[113.94068,22.543144]],[[113.94489,22.543325],[113.94068,22.543144]],[[113.94068,22.543144],[113.940672,22.546179]],[[113.940672,22.546179],[113.940633,22.548134]],[[113.940672,22.546179],[113.942766,22.546207]],[[113.940633,22.548134],[113.94172,22.547974],[113.942424,22.547176]],[[113.940537,22.55275],[113.940511,22.554927]],[[113.940537,22.55275],[113.941558,22.552768]],[[113.940511,22.554927],[113.940514,22.555186]],[[113.940511,22.554927],[113.944164,22.5547],[113.949354,22.555791],[113.95275,22.556057]],[[113.940514,22.555186],[113.940516,22.555377]],[[113.940514,22.555186],[113.944285,22.555045],[113.950207,22.556061],[113.952744,22.556201]],[[113.940516,22.555377],[113.940519,22.555667]],[[113.952737,22.556372],[113.949479,22.556128],[113.944249,22.55519],[113.940516,22.555377]],[[113.940519,22.555667],[113.940615,22.557362]],[[113.943523,22.555541],[113.940519,22.555667]],[[113.940547,22.558228],[113.940497,22.557368]],[[113.940615,22.557362],[113.940497,22.557368]],[[113.940511,22.559819],[113.940598,22.559826]],[[113.940511,22.559888],[113.940511,22.559819]],[[113.940511,22.559819],[113.940547,22.558228]],[[113.940593,22.559897],[113.940511,22.559888]],[[113.940578,22.561233],[113.940511,22.559888]],[[113.940615,22.557362],[113.940598,22.559826]],[[113.943657,22.555835],[113.942621,22.557076],[113.940615,22.557362]],[[113.942846,22.517965],[113.942562,22.51722],[113.94152,22.516402]],[[113.94152,22.516402],[113.941658,22.516401]],[[113.944521,22.558884],[113.943459,22.559001],[113.94168,22.559863],[113.941072,22.559937],[113.940593,22.559897]],[[113.940593,22.559897],[113.940713,22.562346]],[[113.940598,22.559826],[113.940593,22.559897]],[[113.940598,22.559826],[113.941237,22.559854],[113.941599,22.559799],[113.943424,22.558929],[113.94456,22.558803]],[[113.940614,22.562344],[113.940578,22.561233]],[[113.940568,22.564478],[113.940586,22.5634]],[[113.940586,22.5634],[113.940614,22.562344]],[[113.940614,22.562344],[113.940713,22.562346]],[[113.940613,22.564553],[113.940568,22.564478]],[[113.940568,22.564478],[113.940648,22.564474]],[[113.941658,22.516401],[113.942751,22.517127],[113.942977,22.517931]],[[113.941658,22.516401],[113.942674,22.517146],[113.942977,22.517931]],[[113.941844,22.507986],[113.9424,22.507686],[113.942507,22.505898],[113.942904,22.505577],[113.943495,22.50553]],[[113.941844,22.507986],[113.944921,22.50802]],[[113.940648,22.564474],[113.940613,22.564553]],[[113.94368,22.564251],[113.940613,22.564553]],[[113.940713,22.562346],[113.940648,22.564474]],[[113.940648,22.564474],[113.943722,22.564162]],[[113.940713,22.562346],[113.943816,22.562402]],[[113.940145,22.592541],[113.940438,22.593799]],[[113.940145,22.592541],[113.941739,22.592062]],[[113.940188,22.593916],[113.940297,22.593853]],[[113.943239,22.583637],[113.940502,22.583569]],[[113.941333,22.583754],[113.940502,22.583569]],[[113.941085,22.596903],[113.940297,22.593853]],[[113.940297,22.593853],[113.940438,22.593799]],[[113.940438,22.593799],[113.941186,22.59683]],[[113.940438,22.593799],[113.941976,22.59255]],[[113.94131,22.584966],[113.940727,22.5849]],[[113.941606,22.549934],[113.941583,22.551314]],[[113.941606,22.549934],[113.94269,22.549678]],[[113.941583,22.551314],[113.941558,22.552768]],[[113.941583,22.551314],[113.943203,22.551338]],[[113.941558,22.552768],[113.94154,22.553871],[113.941932,22.553879],[113.946363,22.553942],[113.946384,22.552856]],[[113.941558,22.552768],[113.945977,22.552848]],[[113.942589,22.588724],[113.941109,22.589081],[113.94101,22.589091],[113.940928,22.589088]],[[113.940928,22.589088],[113.9413,22.590644]],[[113.942149,22.536855],[113.94212,22.538287]],[[113.945001,22.536894],[113.942149,22.536855]],[[113.94212,22.538287],[113.942101,22.539245]],[[113.94212,22.538287],[113.943681,22.538307]],[[113.942101,22.539245],[113.942099,22.539333]],[[113.942101,22.539245],[113.943669,22.539267]],[[113.943666,22.539361],[113.942099,22.539333]],[[113.941334,22.575216],[113.941334,22.575116]],[[113.941334,22.575116],[113.943343,22.575105]],[[113.941277,22.578185],[113.941334,22.575216]],[[113.943341,22.575202],[113.941334,22.575216]],[[113.941225,22.581053],[113.941277,22.578185]],[[113.943281,22.578201],[113.941277,22.578185]],[[113.941213,22.581779],[113.941225,22.581053]],[[113.941211,22.581863],[113.941213,22.581779]],[[113.941213,22.581779],[113.943262,22.581702]],[[113.941187,22.58327],[113.941211,22.581863]],[[113.943255,22.582],[113.943049,22.581879],[113.941211,22.581863]],[[113.941187,22.58327],[113.941843,22.583281]],[[113.941232,22.587057],[113.9413,22.585524]],[[113.941232,22.587057],[113.943245,22.587078]],[[113.94131,22.584966],[113.941333,22.583754]],[[113.943169,22.583802],[113.943034,22.583784],[113.941333,22.583754]],[[113.9413,22.585524],[113.94131,22.584966]],[[113.9413,22.585524],[113.943263,22.585554]],[[113.94116,22.596996],[113.941085,22.596903]],[[113.941085,22.596903],[113.941186,22.59683]],[[113.943237,22.519352],[113.942846,22.517965]],[[113.9413,22.590644],[113.941739,22.592062]],[[113.9413,22.590644],[113.942907,22.590329]],[[113.941255,22.596919],[113.94116,22.596996]],[[113.941186,22.59683],[113.941255,22.596919]],[[113.941186,22.59683],[113.945147,22.594017],[113.948484,22.59223],[113.949693,22.590763]],[[113.942977,22.517931],[113.943338,22.51931]],[[113.942278,22.550345],[113.943142,22.550343]],[[113.949807,22.590802],[113.948555,22.592315],[113.945215,22.594105],[113.941255,22.596919]],[[113.942424,22.547176],[113.943016,22.547537]],[[113.942424,22.547176],[113.942766,22.546207]],[[113.94328,22.519471],[113.943237,22.519352]],[[113.943237,22.519352],[113.943338,22.51931]],[[113.943071,22.527423],[113.94305,22.528513]],[[113.943074,22.527332],[113.943071,22.527423]],[[113.945161,22.527448],[113.943071,22.527423]],[[113.945184,22.525701],[113.943432,22.526057],[113.943107,22.526521],[113.943074,22.527332]],[[113.943074,22.527332],[113.945162,22.527364]],[[113.94305,22.528513],[113.943021,22.530001]],[[113.94305,22.528513],[113.945146,22.52854]],[[113.943021,22.530001],[113.94302,22.530068]],[[113.943021,22.530001],[113.945126,22.530018]],[[113.94302,22.530068],[113.942976,22.532515]],[[113.945125,22.530091],[113.94302,22.530068]],[[113.942976,22.532515],[113.942975,22.532584]],[[113.942976,22.532515],[113.945084,22.532545]],[[113.945057,22.534421],[113.943025,22.53431],[113.942975,22.532584]],[[113.945083,22.532615],[113.942975,22.532584]],[[113.943374,22.519434],[113.94328,22.519471]],[[113.943656,22.503853],[113.943655,22.503777]],[[113.943338,22.51931],[113.943374,22.519434]],[[113.943338,22.51931],[113.947894,22.51853],[113.948248,22.518106]],[[113.941739,22.592062],[113.941976,22.59255]],[[113.94269,22.549678],[113.943142,22.550343]],[[113.94269,22.549678],[113.943989,22.548675]],[[113.942766,22.546207],[113.944836,22.546234]],[[113.948393,22.519218],[113.947809,22.518736],[113.943374,22.519434]],[[113.941976,22.59255],[113.94399,22.590865]],[[113.943016,22.547537],[113.943438,22.547807],[113.943989,22.548675]],[[113.943016,22.547537],[113.943148,22.547337],[113.944853,22.547362]],[[113.943142,22.550343],[113.943212,22.550799]],[[113.943142,22.550343],[113.943439,22.550211]],[[113.943212,22.550799],[113.943203,22.551338]],[[113.944053,22.550798],[113.943212,22.550799]],[[113.943203,22.551338],[113.944206,22.550968]],[[113.943681,22.538307],[113.943669,22.539267]],[[113.943681,22.538307],[113.944993,22.538328]],[[113.943669,22.539267],[113.943666,22.539361]],[[113.944972,22.539385],[113.943666,22.539361]],[[113.943669,22.539267],[113.944972,22.539285]],[[113.942589,22.588724],[113.942907,22.590329]],[[113.943245,22.587078],[113.943219,22.588615],[113.942589,22.588724]],[[113.943439,22.550211],[113.944064,22.550266]],[[113.943439,22.550211],[113.94389,22.549365],[113.944824,22.549044]],[[113.944254,22.555605],[113.943523,22.555541]],[[113.943657,22.555835],[113.943523,22.555541]],[[113.944254,22.555605],[113.943657,22.555835]],[[113.942907,22.590329],[113.94399,22.590865]],[[113.9434,22.571513],[113.943403,22.571351]],[[113.943403,22.571351],[113.943568,22.57135]],[[113.943343,22.575105],[113.9434,22.571513]],[[113.943566,22.571514],[113.9434,22.571513]],[[113.943341,22.575202],[113.943343,22.575105]],[[113.943343,22.575105],[113.943526,22.575103]],[[113.943281,22.578201],[113.943341,22.575202]],[[113.943525,22.575199],[113.943341,22.575202]],[[113.943262,22.581702],[113.943281,22.578201]],[[113.943466,22.578202],[113.943281,22.578201]],[[113.943989,22.548675],[113.944832,22.548504]],[[113.943239,22.583439],[113.943255,22.582]],[[113.943255,22.582],[113.943262,22.581702]],[[113.943239,22.583637],[113.943239,22.583439]],[[113.943239,22.583439],[113.943345,22.58344]],[[113.943279,22.584148],[113.943239,22.583637]],[[113.943341,22.583639],[113.943239,22.583637]],[[113.943722,22.564162],[113.94368,22.564251]],[[113.945403,22.564065],[113.94368,22.564251]],[[113.943279,22.584148],[113.94327,22.585043]],[[113.943341,22.583639],[113.943279,22.584148]],[[113.943816,22.562402],[113.943722,22.564162]],[[113.943722,22.564162],[113.945404,22.563979]],[[113.943568,22.57135],[113.943566,22.571514]],[[113.943568,22.57135],[113.946309,22.571337]],[[113.943566,22.571514],[113.943551,22.572771]],[[113.946598,22.571501],[113.943566,22.571514]],[[113.94327,22.585043],[113.943263,22.585554]],[[113.94327,22.585043],[113.943818,22.585043]],[[113.943263,22.585554],[113.943256,22.586149]],[[113.943256,22.586149],[113.943245,22.587078]],[[113.943256,22.586149],[113.943967,22.586097],[113.943818,22.585043]],[[113.943551,22.572771],[113.943526,22.575103]],[[113.945509,22.574176],[113.943829,22.572833],[113.943714,22.572783],[113.943652,22.572773],[113.943551,22.572771]],[[113.943245,22.587078],[113.946055,22.587107]],[[113.944053,22.550798],[113.944064,22.550266]],[[113.944064,22.550266],[113.944419,22.54973],[113.9454,22.549653]],[[113.944064,22.550266],[113.945396,22.550117]],[[113.944206,22.550968],[113.944053,22.550798]],[[113.943418,22.57989],[113.943359,22.582601]],[[113.943462,22.578468],[113.943418,22.57989]],[[113.943418,22.57989],[113.944566,22.579905],[113.944563,22.580046]],[[113.943359,22.582601],[113.943657,22.583342],[113.947282,22.583399]],[[113.943359,22.582601],[113.943345,22.58344]],[[113.943526,22.575103],[113.943525,22.575199]],[[113.943526,22.575103],[113.943708,22.575104],[113.943858,22.575142],[113.943525,22.575199]],[[113.948372,22.583879],[113.943334,22.58385]],[[113.943525,22.575199],[113.943466,22.578202]],[[113.943345,22.58344],[113.943341,22.583639]],[[113.943345,22.58344],[113.947442,22.583505]],[[113.949465,22.583729],[113.943341,22.583639]],[[113.943466,22.578202],[113.943462,22.578468]],[[113.944302,22.578145],[113.943462,22.578468]],[[113.944484,22.56131],[113.943816,22.562402]],[[113.94842,22.56518],[113.948361,22.567003],[113.943717,22.566956]],[[113.944206,22.550968],[113.944758,22.550576],[113.945392,22.550507]],[[113.945687,22.555841],[113.944254,22.555605]],[[113.944694,22.584218],[113.94363,22.584208]],[[113.944302,22.578145],[113.944329,22.578449],[113.943939,22.578676]],[[113.943818,22.585043],[113.944536,22.585043]],[[113.945184,22.525701],[113.945197,22.524763]],[[113.945297,22.524756],[113.945197,22.524763]],[[113.945162,22.527364],[113.945184,22.525701]],[[113.945282,22.525694],[113.945184,22.525701]],[[113.945161,22.527448],[113.945162,22.527364]],[[113.945162,22.527364],[113.945255,22.527365]],[[113.945146,22.52854],[113.945161,22.527448]],[[113.945254,22.527449],[113.945161,22.527448]],[[113.945126,22.530018],[113.945146,22.52854]],[[113.945146,22.52854],[113.945236,22.528542]],[[113.945125,22.530091],[113.945126,22.530018]],[[113.945126,22.530018],[113.945213,22.53002]],[[113.945084,22.532545],[113.945125,22.530091]],[[113.945212,22.530093],[113.945125,22.530091]],[[113.945083,22.532615],[113.945084,22.532545]],[[113.945084,22.532545],[113.945171,22.532546]],[[113.945057,22.534421],[113.945083,22.532615]],[[113.94517,22.532616],[113.945083,22.532615]],[[113.944993,22.538328],[113.945001,22.536894]],[[113.945001,22.536894],[113.945039,22.535837]],[[113.945099,22.536895],[113.945001,22.536894]],[[113.94504,22.535708],[113.945057,22.534421]],[[113.945153,22.534422],[113.945057,22.534421]],[[113.944521,22.558884],[113.944493,22.560195]],[[113.94456,22.558803],[113.944521,22.558884]],[[113.946964,22.558939],[113.946513,22.558901],[113.944521,22.558884]],[[113.944493,22.560195],[113.944484,22.56131]],[[113.944493,22.560195],[113.945459,22.56021]],[[113.944903,22.541728],[113.945011,22.541733]],[[113.944899,22.542808],[113.944903,22.541728]],[[113.944903,22.541728],[113.94494,22.540529]],[[113.945039,22.535837],[113.94504,22.535708]],[[113.94504,22.535708],[113.94514,22.535708]],[[113.945135,22.535838],[113.945039,22.535837]],[[113.94494,22.540529],[113.944972,22.539385]],[[113.94494,22.540529],[113.945025,22.54053]],[[113.944484,22.56131],[113.94544,22.561324]],[[113.944972,22.539385],[113.944972,22.539285]],[[113.944972,22.539285],[113.944993,22.538328]],[[113.944972,22.539285],[113.945066,22.539286]],[[113.944993,22.538328],[113.945087,22.53833]],[[113.945063,22.539386],[113.944972,22.539385]],[[113.944899,22.542808],[113.944984,22.542812]],[[113.944897,22.542918],[113.944899,22.542808]],[[113.944897,22.542918],[113.944982,22.542921]],[[113.944892,22.543208],[113.944897,22.542918]],[[113.945297,22.524756],[113.945282,22.525694]],[[113.949076,22.524326],[113.945297,22.524756]],[[113.944975,22.543212],[113.944892,22.543208]],[[113.94489,22.543325],[113.944892,22.543208]],[[113.944972,22.543328],[113.94489,22.543325]],[[113.944836,22.546234],[113.94489,22.543325]],[[113.945282,22.525694],[113.945255,22.527365]],[[113.947522,22.5274],[113.947481,22.526395],[113.946985,22.525774],[113.946507,22.525619],[113.945282,22.525694]],[[113.944873,22.546336],[113.944836,22.546234]],[[113.944836,22.546234],[113.944922,22.546235]],[[113.945687,22.555841],[113.945336,22.557265],[113.94456,22.558803]],[[113.94456,22.558803],[113.946516,22.558822],[113.947018,22.558859]],[[113.945255,22.527365],[113.945254,22.527449]],[[113.945255,22.527365],[113.947522,22.5274]],[[113.945254,22.527449],[113.945236,22.528542]],[[113.947521,22.527475],[113.945254,22.527449]],[[113.945236,22.528542],[113.945213,22.53002]],[[113.945236,22.528542],[113.947506,22.528571]],[[113.945213,22.53002],[113.945212,22.530093]],[[113.945213,22.53002],[113.947487,22.530051]],[[113.945212,22.530093],[113.945171,22.532546]],[[113.947486,22.530131],[113.945212,22.530093]],[[113.945171,22.532546],[113.94517,22.532616]],[[113.945171,22.532546],[113.947454,22.532579]],[[113.94517,22.532616],[113.945153,22.534422]],[[113.947454,22.532648],[113.94517,22.532616]],[[113.944873,22.546336],[113.944853,22.547362]],[[113.944922,22.546235],[113.944873,22.546336]],[[113.944853,22.547362],[113.944832,22.548504]],[[113.944832,22.548504],[113.945738,22.548777],[113.946015,22.54967]],[[113.944832,22.548504],[113.944824,22.549044]],[[113.944824,22.549044],[113.945335,22.54915],[113.9454,22.549653]],[[113.945153,22.534422],[113.94514,22.535708]],[[113.947429,22.53446],[113.945153,22.534422]],[[113.945099,22.536895],[113.945087,22.53833]],[[113.945135,22.535838],[113.945099,22.536895]],[[113.94621,22.536911],[113.945099,22.536895]],[[113.945827,22.503881],[113.945817,22.504348]],[[113.945025,22.54053],[113.945011,22.541733]],[[113.945063,22.539386],[113.945025,22.54053]],[[113.945025,22.54053],[113.946164,22.540544]],[[113.94514,22.535708],[113.945135,22.535838]],[[113.947192,22.535867],[113.945135,22.535838]],[[113.94773,22.543437],[113.944972,22.543328]],[[113.944972,22.543328],[113.94495,22.545018]],[[113.944975,22.543212],[113.944972,22.543328]],[[113.948634,22.543385],[113.944975,22.543212]],[[113.944982,22.542921],[113.944975,22.543212]],[[113.94514,22.535708],[113.94741,22.53572]],[[113.944982,22.542921],[113.947198,22.543]],[[113.944984,22.542812],[113.944982,22.542921]],[[113.944984,22.542812],[113.947198,22.543]],[[113.945011,22.541733],[113.944984,22.542812]],[[113.945011,22.541733],[113.946153,22.541785]],[[113.945066,22.539286],[113.945063,22.539386]],[[113.947142,22.539419],[113.945063,22.539386]],[[113.945087,22.53833],[113.945066,22.539286]],[[113.945066,22.539286],[113.947143,22.539319]],[[113.947885,22.545654],[113.94579,22.546252],[113.944922,22.546235]],[[113.94495,22.545018],[113.944922,22.546235]],[[113.944922,22.546235],[113.947857,22.54556]],[[113.94495,22.545018],[113.947713,22.545041]],[[113.945844,22.506093],[113.946001,22.507339]],[[113.94399,22.590865],[113.945372,22.589339],[113.946055,22.587107]],[[113.946093,22.577778],[113.944302,22.578145]],[[113.9454,22.549653],[113.946015,22.54967]],[[113.9454,22.549653],[113.945396,22.550117]],[[113.945396,22.550117],[113.945392,22.550507]],[[113.945392,22.550507],[113.946005,22.550508]],[[113.9447,22.583951],[113.944694,22.584218]],[[113.944694,22.584218],[113.945802,22.584235]],[[113.948248,22.518106],[113.947808,22.514899],[113.946425,22.508255],[113.946386,22.507371],[113.946958,22.506107],[113.946568,22.504093],[113.946588,22.500425]],[[113.946703,22.500229],[113.946691,22.504299],[113.947068,22.50585],[113.946534,22.507961],[113.948052,22.515343],[113.949097,22.523533]],[[113.945459,22.56021],[113.94544,22.561324]],[[113.945459,22.56021],[113.946701,22.56023]],[[113.94544,22.561324],[113.945404,22.563979]],[[113.94544,22.561324],[113.946641,22.561341]],[[113.945404,22.563979],[113.945403,22.564065]],[[113.945404,22.563979],[113.946597,22.56385]],[[113.946642,22.563931],[113.945403,22.564065]],[[113.947513,22.556182],[113.945687,22.555841]],[[113.94621,22.536911],[113.946197,22.538322],[113.947156,22.538391]],[[113.947177,22.536926],[113.94621,22.536911]],[[113.946153,22.541785],[113.946164,22.540544]],[[113.946164,22.540544],[113.947131,22.540556]],[[113.946153,22.541785],[113.947144,22.54182]],[[113.946015,22.54967],[113.946005,22.550508]],[[113.946005,22.550508],[113.948888,22.550566]],[[113.946005,22.550508],[113.945977,22.552848]],[[113.945977,22.552848],[113.946384,22.552856]],[[113.947098,22.576772],[113.945509,22.574176]],[[113.945509,22.574176],[113.945576,22.574124]],[[113.946194,22.573061],[113.945913,22.573033],[113.945336,22.572345],[113.944463,22.572937],[113.945576,22.574124]],[[113.945576,22.574124],[113.946302,22.573559],[113.946194,22.573061]],[[113.946384,22.552856],[113.948719,22.552898]],[[113.947014,22.578751],[113.945985,22.579582]],[[113.946194,22.573061],[113.946349,22.571964],[113.946597,22.571713]],[[113.946093,22.577778],[113.947014,22.578751]],[[113.947342,22.577052],[113.946093,22.577778]],[[113.946338,22.568868],[113.946329,22.569615]],[[113.946338,22.568868],[113.944695,22.568966],[113.944688,22.570023],[113.946324,22.570043]],[[113.948893,22.56977],[113.94808,22.568915],[113.946599,22.568857],[113.946338,22.568868]],[[113.946329,22.569615],[113.947329,22.569592]],[[113.946329,22.569615],[113.946324,22.570043]],[[113.946324,22.570043],[113.946309,22.571337]],[[113.946309,22.571337],[113.94983,22.571346]],[[113.946055,22.587107],[113.946328,22.58714]],[[113.947192,22.535867],[113.947177,22.536926]],[[113.950326,22.535868],[113.947192,22.535867]],[[113.947177,22.536926],[113.947156,22.538391]],[[113.950165,22.53769],[113.949289,22.536972],[113.949164,22.536953],[113.947177,22.536926]],[[113.946597,22.56385],[113.946641,22.561341]],[[113.946641,22.561341],[113.946701,22.56023]],[[113.946641,22.561341],[113.946706,22.561342]],[[113.947156,22.538391],[113.948786,22.538408],[113.950165,22.53769]],[[113.947156,22.538391],[113.947143,22.539319]],[[113.946642,22.563931],[113.946597,22.56385]],[[113.946597,22.56385],[113.946672,22.563842]],[[113.947143,22.539319],[113.947142,22.539419]],[[113.947143,22.539319],[113.947218,22.53932],[113.948881,22.539359],[113.949001,22.539357]],[[113.947142,22.539419],[113.947131,22.540556]],[[113.949022,22.539441],[113.947142,22.539419]],[[113.947131,22.540556],[113.947144,22.54182]],[[113.947131,22.540556],[113.949037,22.540578]],[[113.946701,22.56023],[113.946964,22.558939]],[[113.946701,22.56023],[113.946764,22.560231]],[[113.946672,22.563842],[113.946642,22.563931]],[[113.948047,22.563778],[113.946642,22.563931]],[[113.946706,22.561342],[113.946672,22.563842]],[[113.946764,22.560231],[113.946706,22.561342]],[[113.946706,22.561342],[113.951104,22.561406]],[[113.947144,22.54182],[113.949043,22.541902]],[[113.946672,22.563842],[113.948021,22.563696]],[[113.947282,22.583399],[113.947054,22.582948],[113.945753,22.582888],[113.945773,22.582681],[113.946257,22.582649]],[[113.947035,22.558948],[113.946764,22.560231]],[[113.947521,22.527475],[113.947522,22.5274]],[[113.947522,22.5274],[113.949319,22.527428],[113.94933,22.527497]],[[113.947521,22.527475],[113.947506,22.528571]],[[113.94933,22.527497],[113.947521,22.527475]],[[113.947506,22.528571],[113.947487,22.530051]],[[113.947198,22.543],[113.948058,22.543295],[113.949088,22.543333]],[[113.947487,22.530051],[113.947486,22.530131]],[[113.947487,22.530051],[113.949696,22.530083]],[[113.947486,22.530131],[113.947454,22.532579]],[[113.949701,22.530167],[113.947486,22.530131]],[[113.947454,22.532579],[113.947454,22.532648]],[[113.947454,22.532579],[113.947619,22.532582],[113.949447,22.532626],[113.949507,22.532622],[113.94975,22.532376]],[[113.946597,22.571713],[113.946598,22.571501]],[[113.949248,22.571507],[113.946598,22.571501]],[[113.947454,22.532648],[113.947429,22.53446]],[[113.949786,22.532916],[113.949518,22.532691],[113.948351,22.532664],[113.947454,22.532648]],[[113.94667,22.572097],[113.946597,22.571713]],[[113.947429,22.53446],[113.94741,22.53572]],[[113.947429,22.53446],[113.949681,22.534487]],[[113.94741,22.53572],[113.950255,22.535738]],[[113.946328,22.58714],[113.947687,22.587321]],[[113.946328,22.58714],[113.946574,22.585383]],[[113.947035,22.558948],[113.946964,22.558939]],[[113.946964,22.558939],[113.947018,22.558859]],[[113.947018,22.558859],[113.951138,22.559748],[113.952497,22.559782],[113.952676,22.559625]],[[113.947018,22.558859],[113.947035,22.558948]],[[113.947018,22.558859],[113.947513,22.556182]],[[113.951134,22.559826],[113.947035,22.558948]],[[113.948393,22.519218],[113.948248,22.518106]],[[113.948634,22.543385],[113.948146,22.543451],[113.94773,22.543437]],[[113.94773,22.543437],[113.947713,22.545041]],[[113.947713,22.545041],[113.947857,22.54556]],[[113.947713,22.545041],[113.948856,22.544918]],[[113.947014,22.578751],[113.947813,22.579627]],[[113.948076,22.577894],[113.947014,22.578751]],[[113.952731,22.556527],[113.950544,22.556634],[113.947513,22.556182]],[[113.947342,22.577052],[113.947098,22.576772]],[[113.949397,22.5755],[113.947984,22.576124],[113.947098,22.576772]],[[113.948966,22.523547],[113.948393,22.519218]],[[113.947857,22.54556],[113.948986,22.545697]],[[113.947857,22.54556],[113.947885,22.545654]],[[113.947885,22.545654],[113.948032,22.547655],[113.948914,22.54773]],[[113.948975,22.545764],[113.948249,22.545665],[113.948007,22.545654],[113.947885,22.545654]],[[113.948014,22.577823],[113.947342,22.577052]],[[113.947282,22.583399],[113.947442,22.583505]],[[113.948893,22.56977],[113.947564,22.570615]],[[113.947336,22.583264],[113.947338,22.583068]],[[113.947338,22.583068],[113.947376,22.582704],[113.948123,22.582489]],[[113.947338,22.583068],[113.948086,22.583064],[113.948123,22.582489]],[[113.947442,22.583505],[113.949449,22.583541]],[[113.948021,22.563696],[113.948047,22.563778]],[[113.948021,22.563696],[113.951088,22.563363]],[[113.948047,22.563778],[113.948271,22.564494]],[[113.951087,22.56345],[113.948047,22.563778]],[[113.949011,22.523857],[113.948966,22.523547]],[[113.948966,22.523547],[113.949097,22.523533]],[[113.949038,22.524044],[113.949011,22.523857]],[[113.949011,22.523857],[113.949134,22.523843]],[[113.947813,22.579627],[113.94905,22.58097]],[[113.948849,22.578805],[113.947813,22.579627]],[[113.949076,22.524326],[113.949038,22.524044]],[[113.949156,22.524031],[113.949038,22.524044]],[[113.949097,22.543407],[113.948634,22.543385]],[[113.948218,22.585298],[113.947971,22.585571],[113.947687,22.587321]],[[113.947687,22.587321],[113.949748,22.586778]],[[113.949612,22.529003],[113.949076,22.524326]],[[113.94919,22.524313],[113.949076,22.524326]],[[113.949097,22.523533],[113.949134,22.523843]],[[113.949097,22.523533],[113.961248,22.52231],[113.976247,22.522609],[113.979548,22.52242],[113.984724,22.523209],[113.989651,22.524653]],[[113.949134,22.523843],[113.949156,22.524031]],[[113.949134,22.523843],[113.960252,22.522651],[113.979826,22.522644],[113.984671,22.52334],[113.988573,22.524474]],[[113.949156,22.524031],[113.94919,22.524313]],[[113.993881,22.527324],[113.990669,22.525486],[113.98725,22.524179],[113.980202,22.52275],[113.978141,22.522944],[113.959905,22.522864],[113.949156,22.524031]],[[113.948271,22.564494],[113.948308,22.564613]],[[113.948271,22.564494],[113.95267,22.563856]],[[113.94919,22.524313],[113.94989,22.53011]],[[113.960982,22.523139],[113.94919,22.524313]],[[113.948076,22.577894],[113.948014,22.577823]],[[113.948014,22.577823],[113.94909,22.577146]],[[113.948308,22.564613],[113.948399,22.565005]],[[113.952662,22.563987],[113.948308,22.564613]],[[113.948522,22.555206],[113.948719,22.552898]],[[113.948849,22.578805],[113.948076,22.577894]],[[113.948399,22.565005],[113.948411,22.565073]],[[113.948399,22.565005],[113.95264,22.564377]],[[113.948411,22.565073],[113.94842,22.56518]],[[113.952634,22.564482],[113.948411,22.565073]],[[113.948856,22.544918],[113.94917,22.544804]],[[113.949084,22.54514],[113.948856,22.544918]],[[113.95263,22.564559],[113.94842,22.56518]],[[113.949022,22.539441],[113.949001,22.539357]],[[113.949001,22.539357],[113.949041,22.539353]],[[113.948719,22.552898],[113.948758,22.552448]],[[113.949037,22.540578],[113.949022,22.539441]],[[113.949071,22.539435],[113.949022,22.539441]],[[113.949041,22.539353],[113.949071,22.539435]],[[113.949041,22.539353],[113.950684,22.538533]],[[113.948758,22.552448],[113.948888,22.550566]],[[113.948758,22.552448],[113.952847,22.552489]],[[113.949037,22.540578],[113.949096,22.540579]],[[113.949043,22.541902],[113.949037,22.540578]],[[113.949612,22.529003],[113.94933,22.527497]],[[113.948123,22.582489],[113.948314,22.582433]],[[113.949071,22.539435],[113.949096,22.540579]],[[113.95073,22.538608],[113.949071,22.539435]],[[113.94958,22.570132],[113.949291,22.570615],[113.948393,22.571011]],[[113.948888,22.550566],[113.948914,22.54773]],[[113.948914,22.54773],[113.948975,22.545764]],[[113.949043,22.541902],[113.95005,22.541927]],[[113.949043,22.541902],[113.949088,22.543333]],[[113.949096,22.540579],[113.949043,22.541902]],[[113.949056,22.545776],[113.948975,22.545764]],[[113.948975,22.545764],[113.948986,22.545697]],[[113.948986,22.545697],[113.949068,22.545712]],[[113.948986,22.545697],[113.949084,22.54514]],[[113.948888,22.550566],[113.950379,22.550979]],[[113.950379,22.551074],[113.948888,22.550566]],[[113.948978,22.547886],[113.948888,22.550566]],[[113.948978,22.547886],[113.950453,22.548099]],[[113.949056,22.545776],[113.948978,22.547886]],[[113.949088,22.543333],[113.95098,22.543133],[113.953982,22.543207]],[[113.949088,22.543333],[113.949097,22.543407]],[[113.953976,22.543465],[113.951248,22.543455],[113.949097,22.543407]],[[113.949097,22.543407],[113.949301,22.54458],[113.949068,22.545712]],[[113.94917,22.544804],[113.949097,22.543407]],[[113.950491,22.546],[113.949056,22.545776]],[[113.949068,22.545712],[113.949056,22.545776]],[[113.949068,22.545712],[113.950495,22.545947]],[[113.949084,22.54514],[113.94917,22.544804]],[[113.948218,22.585298],[113.948372,22.583879]],[[113.949509,22.584973],[113.948218,22.585298]],[[113.948663,22.583883],[113.948372,22.583879]],[[113.949696,22.530083],[113.949612,22.529003]],[[113.949696,22.530083],[113.94989,22.53011]],[[113.949701,22.530167],[113.949696,22.530083]],[[113.949753,22.531109],[113.949701,22.530167]],[[113.94989,22.53011],[113.949701,22.530167]],[[113.94958,22.570132],[113.949015,22.569681],[113.948893,22.56977]],[[113.950403,22.535734],[113.950001,22.53448],[113.949753,22.531109]],[[113.94975,22.532376],[113.949753,22.531109]],[[113.949895,22.534623],[113.949681,22.534487]],[[113.949681,22.534487],[113.949857,22.534315]],[[113.949786,22.532916],[113.94975,22.532376]],[[113.949857,22.534315],[113.949786,22.532916]],[[113.94989,22.53011],[113.950033,22.53233]],[[113.948849,22.578805],[113.949157,22.578839],[113.949295,22.578553]],[[113.949283,22.58013],[113.948849,22.578805]],[[113.949895,22.534623],[113.949857,22.534315]],[[113.950255,22.535738],[113.949895,22.534623]],[[113.950033,22.53233],[113.950309,22.534645],[113.950731,22.535719]],[[113.950033,22.53233],[113.950168,22.53441],[113.950626,22.535725]],[[113.949712,22.571951],[113.94959,22.571617],[113.949248,22.571507]],[[113.949785,22.571502],[113.949248,22.571507]],[[113.95005,22.541927],[113.950093,22.540293],[113.951331,22.539591]],[[113.95005,22.541927],[113.951456,22.541924],[113.952078,22.541185],[113.952121,22.540894],[113.951331,22.539591]],[[113.950684,22.538533],[113.950165,22.53769]],[[113.949283,22.58013],[113.949295,22.578553]],[[113.949295,22.578553],[113.949461,22.575506]],[[113.950326,22.535868],[113.950255,22.535738]],[[113.950255,22.535738],[113.950403,22.535734]],[[113.949449,22.583541],[113.949283,22.58013]],[[113.949461,22.575506],[113.949397,22.5755]],[[113.949397,22.5755],[113.949466,22.575432]],[[113.951628,22.537826],[113.950326,22.535868]],[[113.950474,22.535861],[113.950326,22.535868]],[[113.949461,22.575506],[113.949466,22.575432]],[[113.949585,22.575458],[113.949461,22.575506]],[[113.950161,22.570594],[113.94958,22.570132]],[[113.949466,22.575432],[113.949712,22.571951]],[[113.949466,22.575432],[113.94959,22.575384]],[[113.950474,22.535861],[113.950403,22.535734]],[[113.950403,22.535734],[113.950626,22.535725]],[[113.949474,22.5792],[113.949944,22.5795],[113.95097,22.57907]],[[113.949474,22.5792],[113.94948,22.580224]],[[113.949585,22.575458],[113.949474,22.5792]],[[113.94959,22.575384],[113.949585,22.575458]],[[113.95121,22.574911],[113.949585,22.575458]],[[113.94948,22.580224],[113.949499,22.581423]],[[113.949496,22.580112],[113.94948,22.580224]],[[113.949976,22.5715],[113.94959,22.575384]],[[113.94959,22.575384],[113.951144,22.57484]],[[113.949811,22.579668],[113.949496,22.580112]],[[113.949852,22.580049],[113.949496,22.580112]],[[113.951628,22.537826],[113.950474,22.535861]],[[113.950698,22.535848],[113.950474,22.535861]],[[113.949465,22.583729],[113.949449,22.583541]],[[113.949449,22.583541],[113.949614,22.583543]],[[113.949499,22.581423],[113.949535,22.582497]],[[113.949724,22.581417],[113.949499,22.581423]],[[113.949712,22.571951],[113.949785,22.571502]],[[113.949748,22.586778],[113.949465,22.583729]],[[113.949631,22.583729],[113.949465,22.583729]],[[113.949535,22.582497],[113.949614,22.583543]],[[113.949881,22.582471],[113.949535,22.582497]],[[113.949785,22.571502],[113.94983,22.571346]],[[113.949976,22.5715],[113.949785,22.571502]],[[113.94983,22.571346],[113.950161,22.570594]],[[113.94983,22.571346],[113.950026,22.571343]],[[113.950626,22.535725],[113.950698,22.535848]],[[113.950626,22.535725],[113.950731,22.535719]],[[113.949614,22.583543],[113.949631,22.583729]],[[113.949614,22.583543],[113.950342,22.583551]],[[113.950894,22.583902],[113.949631,22.583729]],[[113.949631,22.583729],[113.950066,22.588465]],[[113.953702,22.583798],[113.949631,22.583729]],[[113.950698,22.535848],[113.951641,22.537443]],[[113.950801,22.53584],[113.950698,22.535848]],[[113.950379,22.550979],[113.952763,22.551046]],[[113.950379,22.550979],[113.950379,22.551074]],[[113.950379,22.550979],[113.950453,22.548099]],[[113.952761,22.551173],[113.950379,22.551074]],[[113.950379,22.551074],[113.950502,22.551817],[113.952469,22.551836],[113.952761,22.551173]],[[113.952819,22.546064],[113.950491,22.546]],[[113.950491,22.546],[113.950453,22.548099]],[[113.950495,22.545947],[113.950491,22.546]],[[113.950495,22.545947],[113.952819,22.546064]],[[113.950453,22.548099],[113.953102,22.548169]],[[113.949724,22.581417],[113.94986,22.582089]],[[113.949947,22.580259],[113.949662,22.58029],[113.949724,22.581417]],[[113.950731,22.535719],[113.950801,22.53584]],[[113.950731,22.535719],[113.959131,22.534593]],[[113.95073,22.538608],[113.950684,22.538533]],[[113.950684,22.538533],[113.951724,22.537987]],[[113.950026,22.571343],[113.949976,22.5715]],[[113.952146,22.571464],[113.949976,22.5715]],[[113.949811,22.579668],[113.949852,22.580049]],[[113.950976,22.579139],[113.949811,22.579668]],[[113.951331,22.539591],[113.95073,22.538608]],[[113.951769,22.538065],[113.95073,22.538608]],[[113.950801,22.53584],[113.951641,22.537443]],[[113.959131,22.53475],[113.950801,22.53584]],[[113.952919,22.564514],[113.952455,22.566606],[113.950026,22.571343]],[[113.950026,22.571343],[113.952219,22.571311]],[[113.949947,22.580259],[113.949852,22.580049]],[[113.949693,22.590763],[113.949964,22.589513],[113.949748,22.586778]],[[113.94986,22.582089],[113.949881,22.582471]],[[113.950604,22.582015],[113.94986,22.582089]],[[113.949807,22.590802],[113.949693,22.590763]],[[113.949693,22.590763],[113.949829,22.590751]],[[113.949881,22.582471],[113.949926,22.583178],[113.950124,22.583291]],[[113.949834,22.584899],[113.951065,22.584629]],[[113.950604,22.582015],[113.949947,22.580259]],[[113.950161,22.570594],[113.950213,22.570489]],[[113.950213,22.570489],[113.952356,22.565742],[113.95263,22.564559]],[[113.950213,22.570489],[113.952339,22.566512],[113.95278,22.564536]],[[113.958002,22.596349],[113.957088,22.595167],[113.952436,22.591612],[113.95148,22.591171],[113.949807,22.590802]],[[113.949829,22.590751],[113.949807,22.590802]],[[113.949829,22.590751],[113.951505,22.591113],[113.952086,22.591334]],[[113.950066,22.588465],[113.950115,22.589526],[113.949829,22.590751]],[[113.951402,22.588526],[113.950066,22.588465]],[[113.950342,22.583551],[113.950848,22.583465]],[[113.950342,22.583551],[113.953566,22.583594]],[[113.950481,22.586339],[113.951383,22.586024]],[[113.950848,22.583465],[113.950604,22.582015]],[[113.952675,22.559993],[113.951134,22.559826]],[[113.951134,22.559826],[113.951104,22.561406]],[[113.951104,22.561406],[113.951088,22.563363]],[[113.951724,22.537987],[113.951628,22.537826]],[[113.951641,22.537443],[113.951931,22.537934]],[[113.951088,22.563363],[113.951087,22.56345]],[[113.951088,22.563363],[113.952698,22.56327]],[[113.952694,22.563371],[113.951087,22.56345]],[[113.951769,22.538065],[113.951724,22.537987]],[[113.951724,22.537987],[113.951931,22.537934]],[[113.952542,22.539395],[113.951769,22.538065]],[[113.951931,22.537934],[113.951769,22.538065]],[[113.950848,22.583465],[113.953084,22.583497],[113.953566,22.583594]],[[113.95097,22.57907],[113.951047,22.579106]],[[113.950976,22.579139],[113.95097,22.57907]],[[113.95097,22.57907],[113.952178,22.578451],[113.952538,22.576846]],[[113.955225,22.583612],[113.951322,22.579632],[113.950976,22.579139]],[[113.951047,22.579106],[113.950976,22.579139]],[[113.951011,22.583929],[113.950894,22.583902]],[[113.950949,22.584025],[113.950894,22.583902]],[[113.951931,22.537934],[113.952743,22.539279]],[[113.951047,22.579106],[113.955336,22.583613]],[[113.953424,22.575389],[113.952559,22.576949],[113.952269,22.57845],[113.951047,22.579106]],[[113.95121,22.574911],[113.951144,22.57484]],[[113.951144,22.57484],[113.95116,22.573627],[113.9516,22.5726]],[[113.951144,22.57484],[113.951241,22.574841]],[[113.951065,22.584629],[113.950949,22.584025]],[[113.951011,22.583929],[113.950949,22.584025]],[[113.95331,22.583931],[113.953112,22.583963],[113.951138,22.583939],[113.951011,22.583929]],[[113.953649,22.574915],[113.95121,22.574911]],[[113.951674,22.572622],[113.951247,22.573644],[113.951241,22.574841]],[[113.951241,22.574841],[113.9537,22.574853]],[[113.951383,22.586024],[113.951065,22.584629]],[[113.953192,22.550048],[113.951884,22.55004]],[[113.951674,22.572622],[113.9516,22.5726]],[[113.9516,22.5726],[113.952146,22.571464]],[[113.955477,22.571755],[113.953972,22.571807],[113.954034,22.573232],[113.951674,22.572622]],[[113.952219,22.571461],[113.951674,22.572622]],[[113.951402,22.588526],[113.951555,22.587679],[113.951383,22.586024]],[[113.951383,22.586024],[113.953705,22.585826]],[[113.952086,22.591334],[113.950372,22.589982],[113.950685,22.589254],[113.951402,22.588526]],[[113.954108,22.543209],[113.953904,22.54166],[113.952542,22.539395]],[[113.953982,22.543207],[113.953779,22.541672],[113.952542,22.539395]],[[113.952743,22.539279],[113.95415,22.54148],[113.954445,22.543215]],[[113.952743,22.539279],[113.95403,22.541504],[113.954274,22.543212]],[[113.952146,22.571464],[113.952219,22.571311]],[[113.952219,22.571461],[113.952146,22.571464]],[[113.952219,22.571311],[113.954221,22.567045],[113.954625,22.566464]],[[113.952219,22.571311],[113.952294,22.571308]],[[113.952294,22.571308],[113.952219,22.571461]],[[113.955449,22.571332],[113.952219,22.571461]],[[113.952819,22.546064],[113.953931,22.546213]],[[113.953102,22.548169],[113.952819,22.546064]],[[113.958395,22.565113],[113.955771,22.565846],[113.954693,22.566557],[113.952294,22.571308]],[[113.952294,22.571308],[113.955472,22.571189]],[[113.952761,22.551173],[113.952763,22.551046]],[[113.952763,22.551046],[113.953192,22.550048]],[[113.952835,22.556529],[113.952731,22.556527]],[[113.952676,22.559625],[113.952731,22.556527]],[[113.952731,22.556527],[113.952737,22.556372]],[[113.952842,22.556377],[113.952737,22.556372]],[[113.952737,22.556372],[113.952744,22.556201]],[[113.952744,22.556201],[113.952849,22.556206]],[[113.952744,22.556201],[113.95275,22.556057]],[[113.95275,22.556057],[113.952855,22.55606]],[[113.95275,22.556057],[113.953074,22.552713]],[[113.952675,22.559993],[113.952676,22.559625]],[[113.952698,22.56327],[113.952675,22.559993]],[[113.953074,22.552713],[113.952847,22.552489]],[[113.952847,22.552489],[113.953114,22.552312]],[[113.95263,22.564559],[113.952634,22.564482]],[[113.95278,22.564536],[113.95263,22.564559]],[[113.952634,22.564482],[113.95264,22.564377]],[[113.95264,22.564377],[113.952662,22.563987]],[[113.95264,22.564377],[113.952791,22.564353]],[[113.952662,22.563987],[113.95267,22.563856]],[[113.952813,22.563963],[113.952662,22.563987]],[[113.95267,22.563856],[113.952694,22.563371]],[[113.95267,22.563856],[113.95282,22.563831]],[[113.952977,22.556533],[113.952835,22.556529]],[[113.952844,22.563274],[113.952835,22.556529]],[[113.952835,22.556529],[113.952842,22.556377]],[[113.952983,22.556383],[113.952842,22.556377]],[[113.952842,22.556377],[113.952849,22.556206]],[[113.952849,22.556206],[113.952991,22.556211]],[[113.952849,22.556206],[113.952855,22.55606]],[[113.952694,22.563371],[113.952698,22.56327]],[[113.952842,22.563366],[113.952694,22.563371]],[[113.952855,22.55606],[113.952997,22.556064]],[[113.952855,22.55606],[113.953415,22.551983],[113.9548,22.548566],[113.954134,22.545264],[113.954103,22.543468]],[[113.952698,22.56327],[113.952844,22.563274]],[[113.952086,22.591334],[113.957274,22.595235],[113.958045,22.596305]],[[113.953102,22.548169],[113.954361,22.548334],[113.95464,22.548126]],[[113.954618,22.548586],[113.953102,22.548169]],[[113.953192,22.550048],[113.953102,22.548169]],[[113.95278,22.564536],[113.952791,22.564353]],[[113.952919,22.564514],[113.95278,22.564536]],[[113.952791,22.564353],[113.952813,22.563963]],[[113.952791,22.564353],[113.952933,22.56433]],[[113.952923,22.558715],[113.95298,22.563499]],[[113.952977,22.556533],[113.952923,22.558715]],[[113.953062,22.556535],[113.952923,22.558715]],[[113.952813,22.563963],[113.95282,22.563831]],[[113.95296,22.563938],[113.952813,22.563963]],[[113.953062,22.556535],[113.952977,22.556533]],[[113.952983,22.556383],[113.952977,22.556533]],[[113.953068,22.556387],[113.952983,22.556383]],[[113.952991,22.556211],[113.952983,22.556383]],[[113.95282,22.563831],[113.952842,22.563366]],[[113.95282,22.563831],[113.952967,22.563807]],[[113.952991,22.556211],[113.953076,22.556215]],[[113.952997,22.556064],[113.952991,22.556211]],[[113.952538,22.576846],[113.952284,22.576579],[113.952875,22.575539],[113.952754,22.575367],[113.953098,22.57516]],[[113.952538,22.576846],[113.953649,22.574915]],[[113.952997,22.556064],[113.953082,22.556066]],[[113.95329,22.55361],[113.952997,22.556064]],[[113.953074,22.552713],[113.953114,22.552312]],[[113.952842,22.563366],[113.952844,22.563274]],[[113.95291,22.563311],[113.952842,22.563366]],[[113.952844,22.563274],[113.95291,22.563311]],[[113.953114,22.552312],[113.954618,22.548586]],[[113.95291,22.563311],[113.95298,22.563499]],[[113.961794,22.557005],[113.953062,22.556535]],[[113.953068,22.556387],[113.953062,22.556535]],[[113.961769,22.556838],[113.953068,22.556387]],[[113.953076,22.556215],[113.953068,22.556387]],[[113.953076,22.556215],[113.961742,22.55666]],[[113.953082,22.556066],[113.953076,22.556215]],[[113.953082,22.556066],[113.955556,22.556145],[113.958724,22.556127],[113.961714,22.556477]],[[113.95329,22.55361],[113.953082,22.556066]],[[113.952933,22.56433],[113.952919,22.564514]],[[113.960798,22.563371],[113.952919,22.564514]],[[113.95296,22.563938],[113.952933,22.56433]],[[113.952933,22.56433],[113.959194,22.56328],[113.960876,22.563198]],[[113.952967,22.563807],[113.95296,22.563938]],[[113.961175,22.56234],[113.95296,22.563938]],[[113.95298,22.563499],[113.952967,22.563807]],[[113.952967,22.563807],[113.961268,22.562119]],[[113.953403,22.552838],[113.95329,22.55361]],[[113.954271,22.543472],[113.954298,22.545263],[113.954901,22.547603],[113.95494,22.548654],[113.953689,22.551591],[113.953403,22.552838]],[[113.954439,22.543476],[113.95443,22.545365],[113.95511,22.547899],[113.955128,22.548748],[113.953403,22.552838]],[[113.954103,22.543468],[113.953976,22.543465]],[[113.954157,22.546001],[113.953976,22.543465]],[[113.953976,22.543465],[113.953982,22.543207]],[[113.953982,22.543207],[113.954108,22.543209]],[[113.954266,22.546395],[113.953931,22.546213]],[[113.953931,22.546213],[113.954157,22.546001]],[[113.954103,22.543468],[113.954108,22.543209]],[[113.954108,22.543209],[113.954274,22.543212]],[[113.954271,22.543472],[113.954103,22.543468]],[[113.953424,22.575389],[113.955226,22.575669],[113.956585,22.574487]],[[113.953729,22.574898],[113.953424,22.575389]],[[113.95347,22.58405],[113.95331,22.583931]],[[113.953542,22.583852],[113.95331,22.583931]],[[113.954266,22.546395],[113.954157,22.546001]],[[113.954274,22.543212],[113.954271,22.543472]],[[113.954274,22.543212],[113.954445,22.543215]],[[113.954439,22.543476],[113.954271,22.543472]],[[113.95464,22.548126],[113.954266,22.546395]],[[113.953649,22.574915],[113.9537,22.574853]],[[113.953729,22.574898],[113.953649,22.574915]],[[113.95347,22.58405],[113.953705,22.585826]],[[113.953542,22.583852],[113.95347,22.58405]],[[113.9537,22.574853],[113.953729,22.574898]],[[113.9537,22.574853],[113.955565,22.573128]],[[113.955569,22.573171],[113.953729,22.574898]],[[113.953702,22.583798],[113.953542,22.583852]],[[113.959642,22.543388],[113.958215,22.543545],[113.957447,22.543547],[113.954439,22.543476]],[[113.954445,22.543215],[113.954439,22.543476]],[[113.954445,22.543215],[113.959607,22.543149]],[[113.953566,22.583594],[113.955225,22.583612]],[[113.953805,22.587017],[113.953491,22.587406]],[[113.955377,22.583829],[113.953702,22.583798]],[[113.953705,22.585826],[113.953805,22.587017]],[[113.954618,22.548586],[113.95464,22.548126]],[[113.953805,22.587017],[113.954466,22.587945]],[[113.954625,22.566464],[113.954449,22.56528]],[[113.954625,22.566464],[113.955749,22.565784],[113.958388,22.565037]],[[113.955477,22.571755],[113.955449,22.571332]],[[113.955449,22.571332],[113.955472,22.571189]],[[113.955514,22.57133],[113.955449,22.571332]],[[113.955472,22.571189],[113.955514,22.57133]],[[113.955472,22.571189],[113.957753,22.571012],[113.960216,22.570402]],[[113.955565,22.573128],[113.955477,22.571755]],[[113.955377,22.583829],[113.955225,22.583612]],[[113.955225,22.583612],[113.955336,22.583613]],[[113.955514,22.57133],[113.955543,22.571752]],[[113.960243,22.570586],[113.957782,22.571162],[113.955514,22.57133]],[[113.955543,22.571752],[113.95563,22.57311]],[[113.955543,22.571752],[113.958006,22.57161],[113.958665,22.571423],[113.958609,22.5711]],[[113.955569,22.573171],[113.955565,22.573128]],[[113.955565,22.573128],[113.95563,22.57311]],[[113.955336,22.583613],[113.955472,22.58383]],[[113.955336,22.583613],[113.955669,22.583618],[113.956577,22.583755],[113.960608,22.584868]],[[113.95563,22.57311],[113.955569,22.573171]],[[113.955474,22.584362],[113.955377,22.583829]],[[113.955472,22.58383],[113.955377,22.583829]],[[113.95563,22.57311],[113.95846,22.572844]],[[113.955472,22.58383],[113.955557,22.584332]],[[113.960518,22.584978],[113.956941,22.583986],[113.95613,22.583855],[113.955916,22.583842],[113.95569,22.583834],[113.955472,22.58383]],[[113.955564,22.584387],[113.955474,22.584362]],[[113.95684,22.58963],[113.95638,22.588394],[113.955474,22.584362]],[[113.955474,22.584362],[113.955557,22.584332]],[[113.955557,22.584332],[113.955564,22.584387]],[[113.955557,22.584332],[113.955978,22.584334],[113.956636,22.584414],[113.958063,22.584786]],[[113.955564,22.584387],[113.956347,22.587785]],[[113.958043,22.58485],[113.956512,22.584458],[113.956031,22.584399],[113.955802,22.584389],[113.955564,22.584387]],[[113.956347,22.587785],[113.956906,22.5896]],[[113.957998,22.587797],[113.956347,22.587785]],[[113.957593,22.532879],[113.958379,22.532311],[113.958717,22.531561],[113.958569,22.529068],[113.958309,22.528768],[113.958127,22.527257],[113.958306,22.526712]],[[113.95801,22.586277],[113.956771,22.586305]],[[113.95693,22.58965],[113.95684,22.58963]],[[113.959283,22.5923],[113.95859,22.592148],[113.958075,22.591773],[113.95684,22.58963]],[[113.95684,22.58963],[113.956906,22.5896]],[[113.956906,22.5896],[113.95693,22.58965]],[[113.956906,22.5896],[113.959328,22.589611]],[[113.95693,22.58965],[113.958144,22.59174],[113.959283,22.592232]],[[113.959321,22.589667],[113.95693,22.58965]],[[113.958749,22.52811],[113.95862,22.526088]],[[113.958928,22.528191],[113.958749,22.52811]],[[113.958928,22.530997],[113.958749,22.52811]],[[113.958749,22.52811],[113.958916,22.52803]],[[113.958916,22.52803],[113.958928,22.528191]],[[113.959004,22.525502],[113.958824,22.526077],[113.958916,22.52803]],[[113.958916,22.52803],[113.962184,22.528053]],[[113.958928,22.528191],[113.959109,22.530998]],[[113.962181,22.528209],[113.958928,22.528191]],[[113.959131,22.534593],[113.958928,22.530997]],[[113.959109,22.530998],[113.958928,22.530997]],[[113.959109,22.530998],[113.959283,22.534552]],[[113.962127,22.53101],[113.959109,22.530998]],[[113.958388,22.565037],[113.958395,22.565113]],[[113.958388,22.565037],[113.960314,22.564502]],[[113.958395,22.565113],[113.958145,22.568143],[113.959093,22.568491]],[[113.960302,22.564579],[113.958395,22.565113]],[[113.959607,22.543149],[113.95898,22.538638]],[[113.95898,22.538638],[113.959131,22.53475]],[[113.959116,22.538634],[113.95898,22.538638]],[[113.959131,22.53475],[113.959131,22.534593]],[[113.959131,22.534593],[113.959283,22.534552]],[[113.959284,22.534713],[113.959131,22.53475]],[[113.957998,22.587797],[113.95801,22.586277]],[[113.95801,22.586277],[113.958043,22.58485]],[[113.96017,22.586311],[113.95801,22.586277]],[[113.960378,22.585512],[113.958043,22.58485]],[[113.958043,22.58485],[113.958063,22.584786]],[[113.958063,22.584786],[113.960395,22.585449]],[[113.959778,22.587809],[113.957998,22.587797]],[[113.959116,22.538634],[113.959787,22.543111]],[[113.959208,22.536247],[113.959116,22.538634]],[[113.960457,22.538432],[113.959116,22.538634]],[[113.958763,22.597475],[113.957801,22.598579]],[[113.959528,22.536259],[113.959208,22.536247]],[[113.959284,22.534713],[113.959208,22.536247]],[[113.959283,22.534552],[113.959284,22.534713]],[[113.959283,22.534552],[113.962077,22.533686]],[[113.962138,22.533809],[113.959284,22.534713]],[[113.95846,22.572844],[113.958573,22.574946]],[[113.95846,22.572844],[113.959992,22.572665]],[[113.958086,22.596366],[113.958002,22.596349]],[[113.958763,22.597475],[113.958002,22.596349]],[[113.958002,22.596349],[113.958045,22.596305]],[[113.958045,22.596305],[113.958086,22.596366]],[[113.958045,22.596305],[113.959167,22.596233]],[[113.958086,22.596366],[113.960042,22.599425]],[[113.959183,22.596306],[113.958086,22.596366]],[[113.961854,22.53496],[113.961066,22.534418],[113.959792,22.534848],[113.959484,22.535154]],[[113.959549,22.536311],[113.959445,22.537485]],[[113.959549,22.536311],[113.959528,22.536259]],[[113.959528,22.536259],[113.95955,22.536194]],[[113.959561,22.535755],[113.95955,22.536194]],[[113.95955,22.536194],[113.959734,22.536261],[113.959644,22.536348],[113.959549,22.536311]],[[113.959642,22.543388],[113.959607,22.543149]],[[113.959607,22.543149],[113.959787,22.543111]],[[113.960237,22.547102],[113.959642,22.543388]],[[113.959823,22.543349],[113.959642,22.543388]],[[113.959787,22.543111],[113.959823,22.543349]],[[113.959787,22.543111],[113.961356,22.542496]],[[113.959823,22.543349],[113.959946,22.544131]],[[113.963306,22.542475],[113.959823,22.543349]],[[113.959974,22.599463],[113.958763,22.597475]],[[113.959946,22.544131],[113.96039,22.54709]],[[113.960785,22.544093],[113.959946,22.544131]],[[113.960625,22.549677],[113.960237,22.547102]],[[113.96039,22.54709],[113.960237,22.547102]],[[113.959167,22.596233],[113.95924,22.596236]],[[113.959183,22.596306],[113.959167,22.596233]],[[113.959167,22.596233],[113.959283,22.5923]],[[113.959298,22.590831],[113.959321,22.589667]],[[113.959321,22.589667],[113.959328,22.589611]],[[113.959411,22.589667],[113.959321,22.589667]],[[113.959283,22.592232],[113.959298,22.590831]],[[113.959298,22.590831],[113.959384,22.590831]],[[113.959328,22.589611],[113.959778,22.587809]],[[113.959328,22.589611],[113.959417,22.589612]],[[113.961664,22.596721],[113.959183,22.596306]],[[113.95924,22.596236],[113.959183,22.596306]],[[113.960457,22.538432],[113.960817,22.538129]],[[113.961023,22.538352],[113.960457,22.538432]],[[113.959283,22.592232],[113.959367,22.592235]],[[113.959283,22.5923],[113.959283,22.592232]],[[113.959367,22.592303],[113.959283,22.5923]],[[113.95924,22.596236],[113.961663,22.59666]],[[113.959274,22.595328],[113.95924,22.596236]],[[113.959299,22.594668],[113.959274,22.595328]],[[113.959274,22.595328],[113.96004,22.595329],[113.960923,22.595475],[113.961009,22.595018],[113.961578,22.595047],[113.961663,22.59666]],[[113.959352,22.593244],[113.959299,22.594668]],[[113.959299,22.594668],[113.960064,22.594681],[113.9602,22.594781]],[[113.959384,22.590831],[113.959367,22.592235]],[[113.959411,22.589667],[113.959384,22.590831]],[[113.959384,22.590831],[113.959594,22.59083]],[[113.959417,22.589612],[113.959411,22.589667]],[[113.960469,22.589674],[113.959411,22.589667]],[[113.96006,22.587072],[113.959417,22.589612]],[[113.959417,22.589612],[113.960469,22.589618]],[[113.959367,22.592235],[113.959367,22.592303]],[[113.959367,22.592235],[113.960303,22.592251],[113.960343,22.592297],[113.960303,22.592314],[113.959456,22.592305],[113.959367,22.592303]],[[113.959367,22.592303],[113.959352,22.593244]],[[113.959352,22.593244],[113.960198,22.593259]],[[113.96039,22.54709],[113.960509,22.54786]],[[113.961064,22.547014],[113.96039,22.54709]],[[113.962277,22.523212],[113.960982,22.523139]],[[113.977413,22.523176],[113.962309,22.522974],[113.960982,22.523139]],[[113.960509,22.54786],[113.960782,22.549659]],[[113.963463,22.547901],[113.960509,22.54786]],[[113.959992,22.572665],[113.960159,22.572891]],[[113.959992,22.572665],[113.9603,22.572593]],[[113.960431,22.591349],[113.959593,22.591342],[113.959594,22.59083]],[[113.959594,22.59083],[113.959596,22.589833],[113.960469,22.589841]],[[113.959594,22.59083],[113.960343,22.590829]],[[113.959778,22.587809],[113.96017,22.586311]],[[113.961094,22.552734],[113.960625,22.549677]],[[113.960782,22.549659],[113.960625,22.549677]],[[113.960216,22.570402],[113.960302,22.564579]],[[113.960302,22.564579],[113.960314,22.564502]],[[113.960384,22.564556],[113.960302,22.564579]],[[113.960314,22.564502],[113.960798,22.563371]],[[113.960314,22.564502],[113.960429,22.564471]],[[113.960894,22.545188],[113.960785,22.544093]],[[113.962933,22.543578],[113.960785,22.544093]],[[113.960159,22.572891],[113.960178,22.573587],[113.960663,22.573549],[113.960159,22.572891]],[[113.960243,22.570586],[113.960216,22.570402]],[[113.960216,22.570402],[113.960294,22.570381]],[[113.960294,22.570381],[113.960243,22.570586]],[[113.962232,22.570072],[113.960243,22.570586]],[[113.960384,22.564556],[113.960294,22.570381]],[[113.960429,22.564471],[113.960384,22.564556]],[[113.962971,22.563847],[113.960384,22.564556]],[[113.960294,22.570381],[113.962193,22.569889]],[[113.960935,22.563376],[113.960429,22.564471]],[[113.960429,22.564471],[113.962866,22.563801]],[[113.961023,22.538352],[113.961056,22.538579]],[[113.961796,22.538243],[113.961023,22.538352]],[[113.960782,22.549659],[113.961243,22.552715]],[[113.961264,22.549633],[113.960782,22.549659]],[[113.961064,22.547014],[113.960894,22.545188]],[[113.960894,22.545188],[113.962922,22.545212]],[[113.9603,22.572593],[113.962356,22.574027],[113.962947,22.572841],[113.962984,22.572049],[113.963736,22.571698]],[[113.9603,22.572593],[113.962014,22.571148],[113.962232,22.570072]],[[113.961299,22.587518],[113.96006,22.587072]],[[113.960253,22.586328],[113.96006,22.587072]],[[113.960253,22.586328],[113.96017,22.586311]],[[113.96017,22.586311],[113.960378,22.585512]],[[113.963656,22.547192],[113.962429,22.547002],[113.961064,22.547014]],[[113.964776,22.587615],[113.963617,22.58758],[113.960253,22.586328]],[[113.960459,22.585534],[113.960253,22.586328]],[[113.960529,22.600284],[113.959974,22.599463]],[[113.959974,22.599463],[113.960042,22.599425]],[[113.960935,22.563376],[113.960798,22.563371]],[[113.960798,22.563371],[113.960876,22.563198]],[[113.960042,22.599425],[113.960511,22.600216]],[[113.960042,22.599425],[113.961901,22.598433],[113.963927,22.598424],[113.964404,22.598756],[113.964376,22.599708]],[[113.961714,22.556477],[113.961094,22.552734]],[[113.961243,22.552715],[113.961094,22.552734]],[[113.960459,22.585534],[113.960378,22.585512]],[[113.960378,22.585512],[113.960395,22.585449]],[[113.960876,22.563198],[113.96101,22.563208]],[[113.960876,22.563198],[113.960901,22.563143]],[[113.960395,22.585449],[113.960476,22.585471]],[[113.960395,22.585449],[113.960518,22.584978]],[[113.960901,22.563143],[113.961175,22.56234]],[[113.960901,22.563143],[113.961275,22.562317]],[[113.961356,22.542496],[113.961999,22.542165]],[[113.961356,22.542496],[113.962255,22.542159]],[[113.962866,22.563801],[113.960935,22.563376]],[[113.96101,22.563208],[113.960935,22.563376]],[[113.964866,22.58577],[113.962217,22.58586],[113.961481,22.585779],[113.960459,22.585534]],[[113.960476,22.585471],[113.960459,22.585534]],[[113.960469,22.589925],[113.960343,22.590829]],[[113.960343,22.590829],[113.960588,22.590828]],[[113.960476,22.585471],[113.962194,22.585813],[113.964869,22.5857]],[[113.960598,22.585],[113.960476,22.585471]],[[113.961264,22.549633],[113.963175,22.549682],[113.96351,22.549657],[113.963656,22.547192]],[[113.961264,22.549633],[113.96191,22.552587]],[[113.960598,22.585],[113.960518,22.584978]],[[113.960518,22.584978],[113.960608,22.584868]],[[113.96101,22.563208],[113.96314,22.563727]],[[113.961418,22.562285],[113.96101,22.563208]],[[113.961243,22.552715],[113.961448,22.554036]],[[113.96191,22.552587],[113.961243,22.552715]],[[113.960431,22.591349],[113.960488,22.592091]],[[113.960574,22.591256],[113.960431,22.591349]],[[113.960469,22.589618],[113.960469,22.589674]],[[113.960469,22.589618],[113.961575,22.589614]],[[113.960469,22.589674],[113.960469,22.589841]],[[113.961574,22.589667],[113.960469,22.589674]],[[113.960469,22.589841],[113.960469,22.589925]],[[113.960469,22.589841],[113.961572,22.589851]],[[113.960588,22.590828],[113.960469,22.589925]],[[113.964738,22.585339],[113.96248,22.585421],[113.960598,22.585]],[[113.960608,22.584868],[113.960598,22.585]],[[113.960608,22.584868],[113.962828,22.585321],[113.968313,22.58509],[113.969478,22.58544],[113.972312,22.586866],[113.974446,22.587036]],[[113.960488,22.592091],[113.960487,22.592323]],[[113.960559,22.592091],[113.960488,22.592091]],[[113.961745,22.536075],[113.961957,22.536092]],[[113.961175,22.56234],[113.961268,22.562119]],[[113.961275,22.562317],[113.961175,22.56234]],[[113.960574,22.591256],[113.960559,22.592091]],[[113.960574,22.591256],[113.960577,22.591086],[113.961559,22.5911]],[[113.961549,22.592095],[113.960559,22.592091]],[[113.960588,22.590828],[113.961562,22.590826]],[[113.961854,22.53496],[113.962045,22.534995]],[[113.961878,22.535334],[113.961854,22.53496]],[[113.961268,22.562119],[113.962057,22.560005]],[[113.961268,22.562119],[113.961376,22.562095]],[[113.961448,22.554036],[113.961835,22.556494]],[[113.961448,22.554036],[113.962908,22.553999],[113.963804,22.554579]],[[113.961796,22.538243],[113.961999,22.542165]],[[113.961957,22.536092],[113.961796,22.538243]],[[113.961275,22.562317],[113.961376,22.562095]],[[113.961418,22.562285],[113.961275,22.562317]],[[113.960511,22.600216],[113.961021,22.600258],[113.961722,22.599771],[113.962189,22.599629],[113.964376,22.599708]],[[113.960511,22.600216],[113.960529,22.600284]],[[113.964376,22.599708],[113.96216,22.599701],[113.96108,22.600303],[113.960529,22.600284]],[[113.961376,22.562095],[113.962167,22.560038]],[[113.961376,22.562095],[113.961512,22.562064]],[[113.962045,22.534995],[113.961957,22.536092]],[[113.961447,22.562219],[113.961418,22.562285]],[[113.966435,22.561138],[113.961418,22.562285]],[[113.962395,22.523217],[113.962277,22.523212]],[[113.962225,22.525877],[113.962277,22.523212]],[[113.962225,22.525877],[113.962345,22.525881]],[[113.962222,22.526049],[113.962225,22.525877]],[[113.962342,22.526052],[113.962222,22.526049]],[[113.962184,22.528053],[113.962222,22.526049]],[[113.962181,22.528209],[113.962184,22.528053]],[[113.962184,22.528053],[113.962308,22.528053]],[[113.962127,22.53101],[113.962181,22.528209]],[[113.962306,22.52821],[113.962181,22.528209]],[[113.962077,22.533686],[113.962127,22.53101]],[[113.962258,22.531011],[113.962127,22.53101]],[[113.961512,22.562064],[113.961447,22.562219]],[[113.961558,22.562054],[113.961447,22.562219]],[[113.962118,22.534102],[113.962045,22.534995]],[[113.962138,22.533809],[113.962077,22.533686]],[[113.962077,22.533686],[113.962213,22.533642]],[[113.962118,22.534102],[113.964774,22.535254],[113.965842,22.535089]],[[113.962138,22.533809],[113.962118,22.534102]],[[113.962265,22.56005],[113.961512,22.562064]],[[113.961512,22.562064],[113.961558,22.562054]],[[113.962213,22.533642],[113.962138,22.533809]],[[113.96578,22.532517],[113.962138,22.533809]],[[113.962395,22.523217],[113.962345,22.525881]],[[113.976495,22.523326],[113.962395,22.523217]],[[113.962345,22.525881],[113.962342,22.526052]],[[113.962345,22.525881],[113.973651,22.525922]],[[113.962342,22.526052],[113.962308,22.528053]],[[113.965862,22.526055],[113.962342,22.526052]],[[113.962371,22.560051],[113.961558,22.562054]],[[113.961558,22.562054],[113.966391,22.560975]],[[113.962308,22.528053],[113.962306,22.52821]],[[113.962308,22.528053],[113.965802,22.528077]],[[113.961999,22.542165],[113.962255,22.542159]],[[113.962306,22.52821],[113.962258,22.531011]],[[113.965799,22.52823],[113.962306,22.52821]],[[113.962258,22.531011],[113.962213,22.533642]],[[113.965747,22.531025],[113.962258,22.531011]],[[113.962213,22.533642],[113.965722,22.53239]],[[113.961714,22.556477],[113.961835,22.556494]],[[113.961742,22.55666],[113.961714,22.556477]],[[113.961742,22.55666],[113.961864,22.556675]],[[113.961769,22.556838],[113.961742,22.55666]],[[113.961894,22.556857],[113.961769,22.556838]],[[113.961794,22.557005],[113.961769,22.556838]],[[113.961919,22.557015],[113.961794,22.557005]],[[113.961868,22.557487],[113.961794,22.557005]],[[113.966619,22.552629],[113.964526,22.551751],[113.963632,22.551672],[113.962901,22.551866],[113.96191,22.552587]],[[113.961835,22.556494],[113.966561,22.557161]],[[113.961835,22.556494],[113.961864,22.556675]],[[113.961864,22.556675],[113.965536,22.557356],[113.96735,22.557484],[113.969876,22.557309],[113.973884,22.556485],[113.976509,22.556822]],[[113.961864,22.556675],[113.961894,22.556857]],[[113.962175,22.559976],[113.961868,22.557487]],[[113.962057,22.560005],[113.961868,22.557487]],[[113.976343,22.556936],[113.973655,22.556659],[113.969921,22.557473],[113.967796,22.557631],[113.965607,22.557561],[113.961894,22.556857]],[[113.961894,22.556857],[113.961919,22.557015]],[[113.966223,22.558023],[113.961919,22.557015]],[[113.961919,22.557015],[113.962003,22.557534]],[[113.962255,22.542159],[113.964486,22.541606],[113.966925,22.540628]],[[113.962003,22.557534],[113.962376,22.559945]],[[113.962003,22.557534],[113.962277,22.559958]],[[113.962167,22.560038],[113.962057,22.560005]],[[113.962057,22.560005],[113.962175,22.559976]],[[113.962265,22.56005],[113.962167,22.560038]],[[113.962167,22.560038],[113.962175,22.559976]],[[113.962175,22.559976],[113.962277,22.559958]],[[113.961574,22.589667],[113.961575,22.589614]],[[113.961575,22.589614],[113.964328,22.588434],[113.964776,22.587615]],[[113.961572,22.589851],[113.961574,22.589667]],[[113.964848,22.587643],[113.964416,22.588467],[113.961574,22.589667]],[[113.961562,22.590826],[113.961572,22.589851]],[[113.961559,22.5911],[113.961562,22.590826]],[[113.961549,22.592095],[113.961559,22.5911]],[[113.961547,22.592328],[113.961549,22.592095]],[[113.962371,22.560051],[113.962285,22.560052],[113.962265,22.56005]],[[113.962277,22.559958],[113.962265,22.56005]],[[113.962277,22.559958],[113.962376,22.559945]],[[113.962376,22.559945],[113.962371,22.560051]],[[113.966097,22.559557],[113.962371,22.560051]],[[113.962376,22.559945],[113.966091,22.559434]],[[113.962232,22.570072],[113.962193,22.569889]],[[113.962193,22.569889],[113.965171,22.569263],[113.966565,22.56869]],[[113.966575,22.568872],[113.965107,22.569434],[113.962232,22.570072]],[[113.961663,22.59666],[113.963948,22.596828],[113.966683,22.595684],[113.967901,22.595592],[113.968734,22.59574],[113.972191,22.597191]],[[113.961663,22.59666],[113.961664,22.596721]],[[113.972188,22.597257],[113.968923,22.595865],[113.967905,22.595638],[113.966712,22.595739],[113.964072,22.59686],[113.961664,22.596721]],[[113.962922,22.545212],[113.962933,22.543578]],[[113.963744,22.543551],[113.962933,22.543578]],[[113.963909,22.545688],[113.962922,22.545212]],[[113.962858,22.555795],[113.963804,22.554579]],[[113.963522,22.542704],[113.963306,22.542475]],[[113.964048,22.542087],[113.963306,22.542475]],[[113.962971,22.563847],[113.962866,22.563801]],[[113.962866,22.563801],[113.96314,22.563727]],[[113.966565,22.56869],[113.966245,22.567226],[113.96535,22.565627],[113.96417,22.564494],[113.962971,22.563847]],[[113.963246,22.563771],[113.962971,22.563847]],[[113.963744,22.543551],[113.963522,22.542704]],[[113.964951,22.541778],[113.963637,22.542459],[113.963522,22.542704]],[[113.962957,22.570039],[113.963736,22.571698]],[[113.96314,22.563727],[113.963246,22.563771]],[[113.96314,22.563727],[113.966854,22.562719]],[[113.963246,22.563771],[113.964551,22.564565],[113.965616,22.56569],[113.966441,22.567205],[113.966743,22.56859]],[[113.966877,22.562778],[113.963246,22.563771]],[[113.963656,22.547192],[113.963909,22.545688]],[[113.963656,22.547192],[113.964062,22.546932],[113.966759,22.547619],[113.967011,22.544886]],[[113.963825,22.54382],[113.963744,22.543551]],[[113.964093,22.544548],[113.963825,22.54382]],[[113.963825,22.54382],[113.964558,22.54306],[113.966777,22.542713]],[[113.963909,22.545688],[113.964093,22.544548]],[[113.971322,22.539262],[113.964048,22.542087]],[[113.964951,22.541778],[113.964048,22.542087]],[[113.963804,22.554579],[113.96566,22.555818],[113.966578,22.555849]],[[113.967011,22.544886],[113.965237,22.544868],[113.964093,22.544548]],[[113.963736,22.571698],[113.963839,22.571919]],[[113.967056,22.540984],[113.964951,22.541778]],[[113.964819,22.58673],[113.964021,22.586764],[113.964171,22.585839]],[[113.965799,22.52823],[113.965802,22.528077]],[[113.965802,22.528077],[113.965862,22.526055]],[[113.965802,22.528077],[113.965962,22.528073]],[[113.965747,22.531025],[113.965799,22.52823]],[[113.965938,22.52823],[113.965799,22.52823]],[[113.965722,22.53239],[113.965747,22.531025]],[[113.965882,22.531025],[113.965747,22.531025]],[[113.96578,22.532517],[113.965722,22.53239]],[[113.965722,22.53239],[113.965855,22.532342]],[[113.966007,22.52605],[113.965862,22.526055]],[[113.96578,22.532517],[113.965842,22.535089]],[[113.965855,22.532342],[113.96578,22.532517]],[[113.96953,22.531171],[113.96578,22.532517]],[[113.965938,22.52823],[113.965882,22.531025]],[[113.965962,22.528073],[113.965938,22.52823]],[[113.969454,22.52825],[113.965938,22.52823]],[[113.964376,22.599708],[113.96467,22.602206],[113.963837,22.603237],[113.963315,22.606296],[113.964883,22.608255],[113.965044,22.609126],[113.965731,22.610381]],[[113.965882,22.531025],[113.965855,22.532342]],[[113.965855,22.532342],[113.969473,22.531033]],[[113.966007,22.52605],[113.965962,22.528073]],[[113.965962,22.528073],[113.969458,22.528102]],[[113.973648,22.526088],[113.966007,22.52605]],[[113.964869,22.5857],[113.964738,22.585339]],[[113.965096,22.585315],[113.964738,22.585339]],[[113.965842,22.535089],[113.966292,22.534956]],[[113.964848,22.587643],[113.964776,22.587615]],[[113.964776,22.587615],[113.964819,22.58673]],[[113.964776,22.587615],[113.964852,22.587578]],[[113.964819,22.58673],[113.964866,22.58577]],[[113.964866,22.58577],[113.964869,22.5857]],[[113.964946,22.585763],[113.964866,22.58577]],[[113.964869,22.5857],[113.964949,22.585694]],[[113.964852,22.587578],[113.964848,22.587643]],[[113.970116,22.586543],[113.969579,22.587287],[113.968931,22.587624],[113.964848,22.587643]],[[113.964946,22.585763],[113.964852,22.587578]],[[113.964852,22.587578],[113.968925,22.587549],[113.969538,22.587209],[113.970037,22.586502]],[[113.964949,22.585694],[113.964946,22.585763]],[[113.970037,22.586502],[113.967858,22.585665],[113.964946,22.585763]],[[113.965096,22.585315],[113.964949,22.585694]],[[113.964949,22.585694],[113.967892,22.585611],[113.970063,22.586457]],[[113.970225,22.585979],[113.96899,22.585358],[113.968086,22.585172],[113.965096,22.585315]],[[113.966097,22.559557],[113.966091,22.559434]],[[113.966091,22.559434],[113.9664,22.558258],[113.966223,22.558023]],[[113.966091,22.559434],[113.96621,22.559425]],[[113.966391,22.560975],[113.966097,22.559557]],[[113.966213,22.559543],[113.966097,22.559557]],[[113.966747,22.558055],[113.966223,22.558023]],[[113.96621,22.559425],[113.966213,22.559543]],[[113.966747,22.558055],[113.966468,22.558315],[113.96621,22.559425]],[[113.96621,22.559425],[113.970283,22.558741]],[[113.966213,22.559543],[113.966524,22.560946]],[[113.970283,22.558741],[113.966213,22.559543]],[[113.967011,22.544886],[113.966635,22.54345],[113.966777,22.542713]],[[113.966777,22.542713],[113.967072,22.54266]],[[113.966435,22.561138],[113.966391,22.560975]],[[113.966391,22.560975],[113.966524,22.560946]],[[113.9699,22.552675],[113.966755,22.552636],[113.966619,22.552629]],[[113.966601,22.554107],[113.966619,22.552629]],[[113.966854,22.562719],[113.966435,22.561138]],[[113.966567,22.561108],[113.966435,22.561138]],[[113.966578,22.555849],[113.966601,22.554107]],[[113.969877,22.55415],[113.966601,22.554107]],[[113.966561,22.557161],[113.966578,22.555849]],[[113.966578,22.555849],[113.969605,22.555877],[113.969838,22.555671]],[[113.966561,22.557161],[113.968002,22.557207],[113.969267,22.557107]],[[113.966925,22.540628],[113.967483,22.54028],[113.971983,22.538613],[113.977032,22.536387],[113.978258,22.536203],[113.981838,22.536105]],[[113.966925,22.540628],[113.972442,22.538576],[113.977028,22.536512],[113.981884,22.53624]],[[113.966524,22.560946],[113.966567,22.561108]],[[113.966524,22.560946],[113.971686,22.559443],[113.976173,22.557053]],[[113.966567,22.561108],[113.966973,22.562683]],[[113.976347,22.557093],[113.971821,22.559529],[113.966567,22.561108]],[[113.967056,22.540984],[113.967071,22.5424]],[[113.968407,22.540477],[113.967056,22.540984]],[[113.96867,22.543818],[113.968374,22.544954],[113.967521,22.544888],[113.967011,22.544886]],[[113.967071,22.5424],[113.967072,22.54266]],[[113.968674,22.542427],[113.967071,22.5424]],[[113.968673,22.543212],[113.967161,22.542993],[113.967072,22.54266]],[[113.969983,22.557835],[113.969045,22.55795],[113.968469,22.557988],[113.967022,22.558032],[113.966772,22.558055],[113.966747,22.558055]],[[113.966575,22.568872],[113.966565,22.56869]],[[113.966565,22.56869],[113.966743,22.56859]],[[113.983199,22.586164],[113.981524,22.58606],[113.978903,22.586324],[113.973178,22.58618],[113.970589,22.585287],[113.968715,22.583934],[113.966935,22.581315],[113.966172,22.578766],[113.966128,22.5744],[113.966575,22.568872]],[[113.966759,22.568781],[113.966575,22.568872]],[[113.965731,22.610381],[113.966814,22.612397],[113.967844,22.616583],[113.969148,22.619882]],[[113.972188,22.597257],[113.972093,22.60346],[113.971794,22.603928],[113.971885,22.605858],[113.971681,22.606602],[113.971183,22.60686],[113.970885,22.607347],[113.970834,22.608796],[113.971032,22.609163],[113.970237,22.609953],[113.967396,22.610233],[113.966739,22.60999],[113.965731,22.610381]],[[113.966877,22.562778],[113.966854,22.562719]],[[113.966854,22.562719],[113.966973,22.562683]],[[113.966743,22.56859],[113.966759,22.568781]],[[113.966743,22.56859],[113.969426,22.567059]],[[113.968982,22.565868],[113.967434,22.563964],[113.966877,22.562778]],[[113.966992,22.562741],[113.966877,22.562778]],[[113.966759,22.568781],[113.966628,22.578802],[113.967293,22.581461],[113.968842,22.583814],[113.970699,22.585147],[113.973356,22.586023],[113.98315,22.585993]],[[113.969921,22.56695],[113.966759,22.568781]],[[113.966973,22.562683],[113.966992,22.562741]],[[113.966973,22.562683],[113.971102,22.561213]],[[113.966992,22.562741],[113.967144,22.563133]],[[113.969218,22.561957],[113.966992,22.562741]],[[113.967144,22.563133],[113.9684,22.565033]],[[113.969574,22.563547],[113.96822,22.563434],[113.967506,22.563088],[113.967144,22.563133]],[[113.968385,22.56272],[113.967919,22.562691]],[[113.968407,22.540477],[113.968682,22.541297]],[[113.971322,22.539262],[113.968407,22.540477]],[[113.968737,22.566052],[113.968064,22.565943]],[[113.968682,22.541297],[113.968675,22.542291]],[[113.969806,22.5409],[113.968682,22.541297]],[[113.968675,22.542291],[113.968674,22.542427]],[[113.969795,22.542292],[113.968675,22.542291]],[[113.968674,22.542427],[113.968673,22.543212]],[[113.968673,22.543212],[113.96867,22.543818]],[[113.96867,22.543818],[113.971198,22.543848]],[[113.969522,22.562707],[113.969142,22.562766],[113.968385,22.56272]],[[113.969388,22.562379],[113.968385,22.56272]],[[113.9684,22.565033],[113.969871,22.566802]],[[113.9684,22.565033],[113.968821,22.564633],[113.968875,22.564267],[113.971588,22.56388]],[[113.969458,22.528102],[113.969454,22.52825]],[[113.969458,22.528102],[113.973588,22.528111]],[[113.969454,22.52825],[113.969473,22.531033]],[[113.973274,22.528252],[113.969454,22.52825]],[[113.969473,22.531033],[113.96953,22.531171]],[[113.969473,22.531033],[113.97356,22.529532]],[[113.968737,22.566052],[113.968771,22.566145]],[[113.968982,22.565868],[113.968737,22.566052]],[[113.973621,22.529676],[113.96953,22.531171]],[[113.968771,22.566145],[113.969384,22.566709],[113.9686,22.567152],[113.968204,22.56629],[113.968771,22.566145]],[[113.969791,22.566849],[113.968982,22.565868]],[[113.969267,22.557107],[113.969219,22.556834]],[[113.969267,22.557107],[113.970742,22.556888]],[[113.969388,22.562379],[113.969218,22.561957]],[[113.971102,22.561213],[113.969218,22.561957]],[[113.969795,22.542292],[113.969806,22.5409]],[[113.970844,22.540938],[113.970235,22.540763],[113.969806,22.5409]],[[113.971221,22.542924],[113.969795,22.542292]],[[113.969795,22.542292],[113.971058,22.541862]],[[113.969443,22.562515],[113.969388,22.562379]],[[113.969522,22.562707],[113.969443,22.562515]],[[113.969443,22.562515],[113.970178,22.56232]],[[113.969426,22.567059],[113.969544,22.566642]],[[113.969426,22.567059],[113.969791,22.566849]],[[113.969569,22.562959],[113.969522,22.562707]],[[113.969574,22.563547],[113.969569,22.562959]],[[113.971295,22.56245],[113.969569,22.562959]],[[113.971458,22.563272],[113.969947,22.563655],[113.969574,22.563547]],[[113.969877,22.55415],[113.9699,22.552675]],[[113.97201,22.552038],[113.9699,22.552675]],[[113.969838,22.555671],[113.969877,22.55415]],[[113.971421,22.556132],[113.970926,22.555704],[113.970812,22.555685],[113.969838,22.555671]],[[113.969983,22.557835],[113.970283,22.558741]],[[113.976173,22.557053],[113.973795,22.556816],[113.969983,22.557835]],[[113.969921,22.56695],[113.969791,22.566849]],[[113.969791,22.566849],[113.969871,22.566802]],[[113.969871,22.566802],[113.969921,22.56695]],[[113.969871,22.566802],[113.972036,22.565548]],[[113.972127,22.565706],[113.969921,22.56695]],[[113.970283,22.558741],[113.970597,22.559682]],[[113.971152,22.541651],[113.970844,22.540938]],[[113.971347,22.540764],[113.970844,22.540938]],[[113.970116,22.586543],[113.970037,22.586502]],[[113.970037,22.586502],[113.970063,22.586457]],[[113.970063,22.586457],[113.970143,22.586498]],[[113.970063,22.586457],[113.970225,22.585979]],[[113.971058,22.541862],[113.971249,22.541869]],[[113.971058,22.541862],[113.971152,22.541651]],[[113.970742,22.556888],[113.974291,22.553812]],[[113.970742,22.556888],[113.973253,22.55634],[113.974905,22.556371],[113.976672,22.556706]],[[113.977778,22.587551],[113.972654,22.587557],[113.971394,22.587222],[113.970116,22.586543]],[[113.970143,22.586498],[113.970116,22.586543]],[[113.970143,22.586498],[113.97142,22.587173],[113.972673,22.587499],[113.977785,22.587501]],[[113.970536,22.586146],[113.970143,22.586498]],[[113.971249,22.541869],[113.971152,22.541651]],[[113.970536,22.586146],[113.970225,22.585979]],[[113.970804,22.560263],[113.971102,22.561213]],[[113.971221,22.542924],[113.971198,22.543848]],[[113.971198,22.543848],[113.973259,22.543873]],[[113.972401,22.541936],[113.97208,22.542923],[113.971221,22.542924]],[[113.971249,22.541869],[113.97174,22.541694]],[[113.971322,22.539262],[113.971723,22.540046]],[[113.98189,22.536475],[113.977438,22.536644],[113.971322,22.539262]],[[113.986628,22.536496],[113.977546,22.536755],[113.971322,22.539262]],[[113.971347,22.540764],[113.97174,22.541694]],[[113.971723,22.540046],[113.971347,22.540764]],[[113.977831,22.587176],[113.972918,22.587144],[113.970536,22.586146]],[[113.971102,22.561213],[113.971295,22.56245]],[[113.97409,22.560108],[113.971102,22.561213]],[[113.971723,22.540046],[113.972668,22.540441]],[[113.97174,22.541694],[113.972407,22.541719]],[[113.971295,22.56245],[113.971458,22.563272]],[[113.971458,22.563272],[113.971588,22.56388]],[[113.971588,22.56388],[113.972036,22.565548]],[[113.971588,22.56388],[113.973526,22.563238],[113.974868,22.561745]],[[113.97201,22.552038],[113.972295,22.551544]],[[113.972531,22.552074],[113.972302,22.551979],[113.97201,22.552038]],[[113.972407,22.541719],[113.972401,22.541936]],[[113.972401,22.541936],[113.973333,22.541938]],[[113.972668,22.540441],[113.972407,22.541719]],[[113.972295,22.551544],[113.972531,22.552074]],[[113.972295,22.551544],[113.972296,22.549459],[113.974397,22.548286]],[[113.972036,22.565548],[113.972127,22.565706]],[[113.972036,22.565548],[113.97565,22.56349]],[[113.972668,22.540441],[113.973581,22.54076]],[[113.972127,22.565706],[113.97338,22.567653]],[[113.972505,22.565505],[113.972127,22.565706]],[[113.97407,22.55359],[113.972531,22.552074]],[[113.973576,22.528562],[113.973274,22.528252]],[[113.973584,22.528253],[113.973274,22.528252]],[[113.972493,22.565902],[113.973061,22.565571]],[[113.974913,22.564109],[113.972505,22.565505]],[[113.972938,22.565381],[113.972505,22.565505]],[[113.97356,22.529532],[113.973576,22.528562]],[[113.973576,22.528562],[113.973584,22.528253]],[[113.973584,22.528253],[113.973588,22.528111]],[[113.973723,22.528254],[113.973584,22.528253]],[[113.973588,22.528111],[113.973648,22.526088]],[[113.973588,22.528111],[113.973727,22.528112]],[[113.973621,22.529676],[113.97356,22.529532]],[[113.97356,22.529532],[113.973701,22.52948]],[[113.973648,22.526088],[113.973651,22.525922]],[[113.973651,22.525922],[113.973687,22.524996]],[[113.973651,22.525922],[113.973774,22.525925]],[[113.97377,22.52609],[113.973648,22.526088]],[[113.974397,22.548286],[113.97343,22.546497],[113.973333,22.541938]],[[113.973333,22.541938],[113.973581,22.54076]],[[113.973759,22.529623],[113.973621,22.529676]],[[113.972191,22.597191],[113.972188,22.597257]],[[113.974819,22.596393],[113.972715,22.597179],[113.972188,22.597257]],[[113.972191,22.597191],[113.972335,22.597195],[113.972471,22.597173],[113.972729,22.5971],[113.976477,22.595595],[113.976951,22.594843],[113.977058,22.592856]],[[113.973723,22.528254],[113.973701,22.52948]],[[113.973727,22.528112],[113.973723,22.528254]],[[113.973774,22.525925],[113.977623,22.526]],[[113.973774,22.525925],[113.97377,22.52609]],[[113.973795,22.524996],[113.973774,22.525925]],[[113.97377,22.52609],[113.973727,22.528112]],[[113.977623,22.526138],[113.97377,22.52609]],[[113.973701,22.52948],[113.973759,22.529623]],[[113.973701,22.52948],[113.977626,22.528248]],[[113.972938,22.565381],[113.973061,22.565571]],[[113.974913,22.564109],[113.972938,22.565381]],[[113.977629,22.528409],[113.973759,22.529623]],[[113.973581,22.54076],[113.975063,22.541271],[113.975932,22.541012],[113.977591,22.541]],[[113.973581,22.54076],[113.973999,22.539903]],[[113.973061,22.565571],[113.973544,22.565288]],[[113.973999,22.539903],[113.973981,22.538434],[113.974719,22.538087]],[[113.973999,22.539903],[113.976351,22.539915],[113.977208,22.53964]],[[113.97645,22.535122],[113.975993,22.535308],[113.975162,22.535244],[113.974133,22.535757]],[[113.97407,22.55359],[113.974128,22.553594],[113.974171,22.553589],[113.974214,22.553572],[113.976895,22.55137],[113.982179,22.548183]],[[113.974291,22.553812],[113.97407,22.55359]],[[113.97409,22.560108],[113.974868,22.561745]],[[113.976393,22.559715],[113.975158,22.559709],[113.97409,22.560108]],[[113.974397,22.548286],[113.974441,22.548285],[113.974493,22.548292],[113.97522,22.548432],[113.975742,22.54845],[113.977166,22.54821],[113.978478,22.546958]],[[113.97441,22.55393],[113.974291,22.553812]],[[113.974291,22.553812],[113.976661,22.551836],[113.97968,22.550067]],[[113.974719,22.538087],[113.974991,22.537959]],[[113.97493,22.53812],[113.974804,22.538077],[113.974719,22.538087]],[[113.975266,22.553581],[113.973824,22.554844],[113.973162,22.555014],[113.97441,22.55393]],[[113.97978,22.550183],[113.976735,22.551952],[113.97441,22.55393]],[[113.974873,22.568194],[113.974175,22.56837]],[[113.97672,22.565683],[113.974293,22.566343]],[[113.97493,22.53812],[113.974984,22.538377],[113.977278,22.538402]],[[113.974991,22.537959],[113.97493,22.53812]],[[113.974991,22.537959],[113.97648,22.537205]],[[113.973532,22.619648],[113.973412,22.618377],[113.973728,22.617617],[113.974121,22.617048],[113.974947,22.61632],[113.97668,22.616075],[113.977198,22.61582],[113.978472,22.613744],[113.980147,22.612206],[113.981085,22.608713]],[[113.974868,22.561745],[113.97565,22.56349]],[[113.974868,22.561745],[113.975591,22.561235],[113.976387,22.561008]],[[113.981151,22.608734],[113.980219,22.612239],[113.978506,22.613807],[113.977207,22.615916],[113.976628,22.616161],[113.975012,22.616379],[113.974146,22.617119],[113.973503,22.61834],[113.973604,22.619657]],[[113.974873,22.568194],[113.974749,22.567815]],[[113.975725,22.563624],[113.974913,22.564109]],[[113.974446,22.587036],[113.977942,22.586825]],[[113.974446,22.587036],[113.977852,22.587032]],[[113.975847,22.567948],[113.974873,22.568194]],[[113.980679,22.551245],[113.976274,22.554548],[113.975266,22.553581]],[[113.980055,22.550522],[113.977964,22.551503],[113.975266,22.553581]],[[113.974819,22.596393],[113.97485,22.597297]],[[113.977126,22.592858],[113.977045,22.594706],[113.97682,22.595324],[113.976186,22.595855],[113.974819,22.596393]],[[113.977623,22.526],[113.977345,22.5238],[113.977001,22.523436],[113.976495,22.523326]],[[113.977413,22.523176],[113.976495,22.523326]],[[113.97565,22.56349],[113.975725,22.563624]],[[113.97565,22.56349],[113.978146,22.562074]],[[113.975725,22.563624],[113.97672,22.565683]],[[113.978217,22.562214],[113.975725,22.563624]],[[113.975847,22.567948],[113.975947,22.568248]],[[113.976197,22.566432],[113.976787,22.567712],[113.975847,22.567948]],[[113.976347,22.557093],[113.976173,22.557053]],[[113.976173,22.557053],[113.976343,22.556936]],[[113.976516,22.556972],[113.976343,22.556936]],[[113.976343,22.556936],[113.976509,22.556822]],[[113.979022,22.557814],[113.976347,22.557093]],[[113.976516,22.556972],[113.976347,22.557093]],[[113.976393,22.559715],[113.976387,22.561008]],[[113.977395,22.559728],[113.976393,22.559715]],[[113.976387,22.561008],[113.977699,22.561131]],[[113.976509,22.556822],[113.976676,22.556859]],[[113.976509,22.556822],[113.976672,22.556706]],[[113.983166,22.558451],[113.976516,22.556972]],[[113.976676,22.556859],[113.976516,22.556972]],[[113.976672,22.556706],[113.97684,22.556742]],[[113.976672,22.556706],[113.981791,22.552602]],[[113.976676,22.556859],[113.983151,22.558234]],[[113.97684,22.556742],[113.976676,22.556859]],[[113.978639,22.523313],[113.977413,22.523176]],[[113.97684,22.556742],[113.977726,22.556915]],[[113.981869,22.552697],[113.97684,22.556742]],[[113.97672,22.565683],[113.977281,22.566928]],[[113.97672,22.565683],[113.979502,22.564937]],[[113.977623,22.526138],[113.977623,22.526]],[[113.977623,22.526],[113.977736,22.525999]],[[113.977626,22.528248],[113.977623,22.526138]],[[113.977735,22.526138],[113.977623,22.526138]],[[113.977629,22.528409],[113.977626,22.528248]],[[113.977626,22.528248],[113.977713,22.528241]],[[113.977718,22.528401],[113.977629,22.528409]],[[113.977736,22.525999],[113.977735,22.526138]],[[113.978639,22.523313],[113.977906,22.523708],[113.977736,22.525999]],[[113.977735,22.526138],[113.977724,22.526932]],[[113.977724,22.526932],[113.977713,22.528241]],[[113.977724,22.526932],[113.978043,22.52693]],[[113.977713,22.528241],[113.977718,22.528401]],[[113.977713,22.528241],[113.977941,22.528245],[113.978154,22.528261],[113.978691,22.528335],[113.987436,22.529899]],[[113.988473,22.530242],[113.978686,22.528496],[113.978168,22.52842],[113.977856,22.528397],[113.977718,22.528401]],[[113.977591,22.541],[113.978106,22.541495],[113.978192,22.542517],[113.9789,22.54329],[113.97883,22.5445],[113.977643,22.545399],[113.977691,22.546245],[113.978478,22.546958]],[[113.977591,22.541],[113.97899,22.53963],[113.980614,22.539528]],[[113.980748,22.528335],[113.978919,22.52808],[113.97823,22.52757],[113.978043,22.52693]],[[113.978043,22.52693],[113.978223,22.523717],[113.98118,22.523542]],[[113.977395,22.559728],[113.977699,22.561131]],[[113.978778,22.559754],[113.977395,22.559728]],[[113.976824,22.592791],[113.977066,22.592795]],[[113.977058,22.592856],[113.976822,22.592852]],[[113.977726,22.556915],[113.983134,22.557987]],[[113.977726,22.556915],[113.978121,22.556413],[113.978585,22.556691],[113.980474,22.557074],[113.981033,22.555352]],[[113.977699,22.561131],[113.978146,22.562074]],[[113.977126,22.592858],[113.977058,22.592856]],[[113.977058,22.592856],[113.977066,22.592795]],[[113.977066,22.592795],[113.97754,22.589296]],[[113.977066,22.592795],[113.977134,22.592796]],[[113.981186,22.523308],[113.979154,22.523338],[113.978639,22.523313]],[[113.981981,22.593478],[113.9796,22.592916],[113.977126,22.592858]],[[113.977134,22.592796],[113.977126,22.592858]],[[113.977606,22.589322],[113.977134,22.592796]],[[113.977134,22.592796],[113.979213,22.59283],[113.979621,22.592853],[113.982016,22.593428]],[[113.977606,22.589322],[113.97754,22.589296]],[[113.97754,22.589296],[113.977778,22.587551]],[[113.978146,22.562074],[113.978217,22.562214]],[[113.978146,22.562074],[113.979405,22.561512]],[[113.978478,22.546958],[113.97974,22.547212],[113.981338,22.547206]],[[113.982016,22.593428],[113.980082,22.590987],[113.978738,22.589872],[113.977606,22.589322]],[[113.977849,22.587551],[113.977606,22.589322]],[[113.978217,22.562214],[113.979502,22.564937]],[[113.978517,22.562066],[113.978217,22.562214]],[[113.977778,22.587551],[113.977785,22.587501]],[[113.977849,22.587551],[113.977778,22.587551]],[[113.977785,22.587501],[113.977831,22.587176]],[[113.977785,22.587501],[113.977857,22.5875]],[[113.977831,22.587176],[113.977852,22.587032]],[[113.977907,22.587176],[113.977831,22.587176]],[[113.977852,22.587032],[113.977942,22.586825]],[[113.977852,22.587032],[113.977929,22.587032]],[[113.977857,22.5875],[113.977849,22.587551]],[[113.988405,22.590702],[113.98293,22.588612],[113.980725,22.587641],[113.979814,22.587529],[113.977849,22.587551]],[[113.977907,22.587176],[113.977857,22.5875]],[[113.977857,22.5875],[113.979654,22.587455],[113.980739,22.587585],[113.983242,22.588667]],[[113.977929,22.587032],[113.977907,22.587176]],[[113.983319,22.588185],[113.980897,22.587422],[113.979276,22.587206],[113.978079,22.587174],[113.977907,22.587176]],[[113.977942,22.586825],[113.977929,22.587032]],[[113.977929,22.587032],[113.978174,22.587031],[113.979307,22.58706],[113.980174,22.587126]],[[113.977942,22.586825],[113.980174,22.587126]],[[113.983335,22.560664],[113.978714,22.562077],[113.978517,22.562066]],[[113.983328,22.560578],[113.978517,22.562066]],[[113.978778,22.559754],[113.97908,22.560663]],[[113.979022,22.557814],[113.978778,22.559754]],[[113.983185,22.558728],[113.979022,22.557814]],[[113.97908,22.560663],[113.979405,22.561512]],[[113.979297,22.560602],[113.97908,22.560663]],[[113.980614,22.539528],[113.980515,22.539035],[113.979844,22.538776]],[[113.979405,22.561512],[113.983318,22.560445]],[[113.97978,22.550183],[113.97968,22.550067]],[[113.97968,22.550067],[113.979767,22.550021]],[[113.979767,22.550021],[113.979869,22.550136]],[[113.979767,22.550021],[113.981897,22.548712],[113.986,22.545326]],[[113.980055,22.550522],[113.97978,22.550183]],[[113.979869,22.550136],[113.97978,22.550183]],[[113.979502,22.564937],[113.980295,22.566622]],[[113.979502,22.564937],[113.982585,22.564112]],[[113.979869,22.550136],[113.980129,22.550436]],[[113.986096,22.545428],[113.982502,22.548454],[113.979869,22.550136]],[[113.980679,22.551245],[113.980055,22.550522]],[[113.980129,22.550436],[113.981901,22.552521]],[[113.986299,22.545643],[113.982566,22.548764],[113.980129,22.550436]],[[113.980614,22.539528],[113.98412,22.53937],[113.984694,22.53859],[113.986572,22.538699]],[[113.98188,22.56265],[113.980179,22.563342]],[[113.98118,22.523542],[113.982238,22.523639],[113.98212,22.524197]],[[113.981186,22.523308],[113.98118,22.523542]],[[113.988241,22.524808],[113.985061,22.523865],[113.981186,22.523308]],[[113.981791,22.552602],[113.980679,22.551245]],[[113.980174,22.587126],[113.983247,22.587976]],[[113.982428,22.554231],[113.982743,22.555632],[113.981033,22.555352]],[[113.981033,22.555352],[113.982428,22.554231]],[[113.981338,22.547206],[113.982179,22.548183]],[[113.981338,22.547206],[113.981741,22.54612],[113.982877,22.54564]],[[113.981884,22.53624],[113.981838,22.536105]],[[113.981838,22.536105],[113.987651,22.535984],[113.991138,22.535167]],[[113.981337,22.561277],[113.98188,22.56265]],[[113.98189,22.536475],[113.981884,22.53624]],[[113.981884,22.53624],[113.987829,22.536085],[113.99267,22.534912]],[[113.992638,22.535147],[113.987747,22.536343],[113.98189,22.536475]],[[113.981869,22.552697],[113.981791,22.552602]],[[113.981791,22.552602],[113.981901,22.552521]],[[113.981994,22.545306],[113.982151,22.545443],[113.982742,22.54527]],[[113.982796,22.553967],[113.981869,22.552697]],[[113.981981,22.552615],[113.981869,22.552697]],[[113.981901,22.552521],[113.981981,22.552615]],[[113.981901,22.552521],[113.985855,22.549989],[113.989155,22.548312],[113.992096,22.547177],[113.996511,22.545875]],[[113.981981,22.552615],[113.982967,22.553895]],[[113.996726,22.54596],[113.992652,22.547144],[113.989266,22.548457],[113.986006,22.550034],[113.981981,22.552615]],[[113.982179,22.548183],[113.987068,22.544161],[113.988124,22.543807],[113.991272,22.543369]],[[113.98188,22.56265],[113.982585,22.564112]],[[113.983074,22.562379],[113.98188,22.56265]],[[113.980927,22.611452],[113.980876,22.610737],[113.981341,22.608792]],[[113.981151,22.608734],[113.981085,22.608713]],[[113.981085,22.608713],[113.981953,22.606374],[113.982457,22.605827],[113.983791,22.605375],[113.984584,22.605302],[113.98803,22.606059],[113.988965,22.605716],[113.989605,22.605063],[113.990106,22.602567],[113.991375,22.601385],[113.991665,22.600731],[113.991417,22.599927],[113.990447,22.599295],[113.990162,22.59894],[113.990039,22.597545],[113.990213,22.595011]],[[113.981341,22.608792],[113.981151,22.608734]],[[113.990326,22.595003],[113.990135,22.596333],[113.990235,22.598869],[113.991583,22.599897],[113.991851,22.6006],[113.991597,22.601282],[113.990148,22.602663],[113.989624,22.605157],[113.988945,22.605824],[113.988049,22.60614],[113.984737,22.60538],[113.983615,22.605457],[113.982745,22.60577],[113.982069,22.606329],[113.981151,22.608734]],[[113.982428,22.554231],[113.982796,22.553967]],[[113.982742,22.54527],[113.98267,22.545072]],[[113.981341,22.608792],[113.981568,22.608351],[113.983145,22.609043]],[[113.982877,22.54564],[113.982742,22.54527]],[[113.982742,22.54527],[113.983468,22.545037]],[[113.982877,22.54564],[113.984279,22.545152],[113.985889,22.543934],[113.986234,22.541867],[113.986966,22.54154]],[[113.983134,22.557987],[113.982796,22.553967]],[[113.982796,22.553967],[113.982967,22.553895]],[[113.982585,22.564112],[113.9841,22.563711]],[[113.98204,22.593513],[113.981981,22.593478]],[[113.981981,22.593478],[113.982016,22.593428]],[[113.982016,22.593428],[113.983331,22.59441]],[[113.98204,22.593513],[113.982016,22.593428]],[[113.982016,22.593428],[113.984109,22.590266],[113.985393,22.590194]],[[113.983292,22.59445],[113.98204,22.593513]],[[113.982967,22.553895],[113.983201,22.555312]],[[113.982967,22.553895],[113.983475,22.553689]],[[113.983134,22.557987],[113.98331,22.558012]],[[113.983151,22.558234],[113.983134,22.557987]],[[113.983201,22.555312],[113.983779,22.555471]],[[113.983201,22.555312],[113.983202,22.555655]],[[113.983202,22.555655],[113.98331,22.558012]],[[113.983779,22.555471],[113.983202,22.555655]],[[113.983151,22.558234],[113.983335,22.558274]],[[113.983166,22.558451],[113.983151,22.558234]],[[113.983352,22.558491],[113.983166,22.558451]],[[113.983185,22.558728],[113.983166,22.558451]],[[113.983374,22.558767],[113.983185,22.558728]],[[113.983318,22.560445],[113.983185,22.558728]],[[113.98331,22.558012],[113.986203,22.558561],[113.988163,22.558599]],[[113.98331,22.558012],[113.983335,22.558274]],[[113.983335,22.558274],[113.987369,22.558978]],[[113.983335,22.558274],[113.983352,22.558491]],[[113.987144,22.559155],[113.983352,22.558491]],[[113.983352,22.558491],[113.983374,22.558767]],[[113.983328,22.560578],[113.983318,22.560445]],[[113.983318,22.560445],[113.983494,22.560397]],[[113.983475,22.553689],[113.983802,22.553997],[113.983943,22.554771]],[[113.983475,22.553689],[113.984069,22.553394]],[[113.983335,22.560664],[113.983328,22.560578]],[[113.983504,22.56053],[113.983328,22.560578]],[[113.986803,22.559409],[113.983374,22.558767]],[[113.983374,22.558767],[113.983494,22.560397]],[[113.9841,22.563711],[113.983647,22.563067],[113.983335,22.560664]],[[113.98351,22.560615],[113.983335,22.560664]],[[113.983494,22.560397],[113.983504,22.56053]],[[113.983494,22.560397],[113.986803,22.559409]],[[113.983504,22.56053],[113.98351,22.560615]],[[113.987234,22.559497],[113.983504,22.56053]],[[113.98351,22.560615],[113.983644,22.5626],[113.984204,22.563684]],[[113.984915,22.560249],[113.98351,22.560615]],[[113.983972,22.555513],[113.983779,22.555471]],[[113.98315,22.585993],[113.983382,22.586026]],[[113.983199,22.586164],[113.98315,22.585993]],[[113.98315,22.585993],[113.983404,22.584478]],[[113.983377,22.586186],[113.983199,22.586164]],[[113.983366,22.586412],[113.983199,22.586164]],[[113.983943,22.554771],[113.983972,22.555513]],[[113.984711,22.553857],[113.983943,22.554771]],[[113.986564,22.537232],[113.984329,22.537111]],[[113.983247,22.587976],[113.983344,22.588014]],[[113.983319,22.588185],[113.983247,22.587976]],[[113.983247,22.587976],[113.983366,22.586412]],[[113.983242,22.588667],[113.991141,22.59169]],[[113.983319,22.588185],[113.983242,22.588667]],[[113.985274,22.556196],[113.983972,22.555513]],[[113.984711,22.553857],[113.984069,22.553394]],[[113.984069,22.553394],[113.984149,22.553349]],[[113.995617,22.592877],[113.983319,22.588185]],[[113.983344,22.588014],[113.983319,22.588185]],[[113.983382,22.586026],[113.983404,22.584478]],[[113.983404,22.584478],[113.987543,22.567654],[113.987346,22.566627],[113.986876,22.565891],[113.9841,22.563711]],[[113.983469,22.586504],[113.983366,22.586412]],[[113.983366,22.586412],[113.983377,22.586186]],[[113.9835,22.586202],[113.983377,22.586186]],[[113.983377,22.586186],[113.983382,22.586026]],[[113.983382,22.586026],[113.983521,22.586045]],[[113.983344,22.588014],[113.995692,22.592707]],[[113.983469,22.586504],[113.983344,22.588014]],[[113.984149,22.553349],[113.984765,22.553793]],[[113.984149,22.553349],[113.98563,22.552702],[113.986291,22.553192],[113.985948,22.55463]],[[113.985218,22.595352],[113.984161,22.5951],[113.983292,22.59445]],[[113.983292,22.59445],[113.983331,22.59441]],[[113.989247,22.586947],[113.984075,22.586702],[113.983469,22.586504]],[[113.9835,22.586202],[113.983469,22.586504]],[[113.989247,22.586947],[113.9835,22.586202]],[[113.983521,22.586045],[113.9835,22.586202]],[[113.983331,22.59441],[113.984208,22.595051],[113.985277,22.595292]],[[113.983331,22.59441],[113.983953,22.593782]],[[113.983521,22.586045],[113.989504,22.586829]],[[113.983727,22.584815],[113.983521,22.586045]],[[113.984404,22.60304],[113.983684,22.603909],[113.983621,22.604513],[113.982935,22.604879],[113.983145,22.605428]],[[113.9841,22.563711],[113.984204,22.563684]],[[113.983727,22.584815],[113.98393,22.58564],[113.984497,22.585995],[113.989504,22.586829]],[[113.984204,22.563684],[113.987094,22.565845],[113.987663,22.56664],[113.987906,22.567686],[113.983727,22.584815]],[[113.984204,22.563684],[113.98504,22.563465]],[[113.985922,22.554709],[113.984711,22.553857]],[[113.984765,22.553793],[113.984711,22.553857]],[[113.984765,22.553793],[113.985948,22.55463]],[[113.985396,22.561768],[113.984915,22.560249]],[[113.987234,22.559497],[113.984915,22.560249]],[[113.984196,22.599876],[113.983564,22.598393],[113.983519,22.597445],[113.9839,22.596686],[113.985218,22.595352]],[[113.98527,22.595355],[113.983908,22.596797],[113.983598,22.597443],[113.983607,22.598269],[113.984196,22.599876]],[[113.984196,22.599876],[113.987416,22.598818]],[[113.987416,22.598818],[113.987211,22.598959],[113.984196,22.599876]],[[113.98504,22.563465],[113.986555,22.564892],[113.988,22.565342]],[[113.98504,22.563465],[113.985835,22.563243]],[[113.989402,22.556396],[113.98662,22.556502],[113.985274,22.556196]],[[113.985922,22.554709],[113.985274,22.556196]],[[113.985396,22.561768],[113.985975,22.563141]],[[113.985885,22.563139],[113.985396,22.561768]],[[113.986096,22.545428],[113.986,22.545326]],[[113.986,22.545326],[113.987814,22.544132],[113.991267,22.543708]],[[113.986299,22.545643],[113.986096,22.545428]],[[113.991393,22.543866],[113.987865,22.544254],[113.986096,22.545428]],[[113.989402,22.556396],[113.988147,22.555369],[113.985922,22.554709]],[[113.985948,22.55463],[113.985922,22.554709]],[[113.985948,22.55463],[113.988187,22.555297],[113.989519,22.556391]],[[113.985959,22.563304],[113.985835,22.563243]],[[113.985835,22.563243],[113.985885,22.563139]],[[113.985885,22.563139],[113.985915,22.563131],[113.985975,22.563141]],[[113.991378,22.544159],[113.987941,22.544535],[113.986299,22.545643]],[[113.98527,22.595355],[113.985218,22.595352]],[[113.985218,22.595352],[113.985277,22.595292]],[[113.986018,22.563253],[113.98648,22.564492],[113.985959,22.563304]],[[113.986018,22.563253],[113.985959,22.563304]],[[113.986947,22.595138],[113.986012,22.595339],[113.985748,22.595362],[113.98547,22.595363],[113.98527,22.595355]],[[113.985277,22.595292],[113.98527,22.595355]],[[113.985975,22.563141],[113.986018,22.563253]],[[113.985277,22.595292],[113.985725,22.595308],[113.985993,22.595288],[113.986964,22.59507]],[[113.986564,22.537232],[113.986572,22.538699]],[[113.986628,22.536496],[113.986564,22.537232]],[[113.986572,22.538699],[113.986935,22.539082],[113.986804,22.540688],[113.986966,22.54154]],[[113.988847,22.536227],[113.986628,22.536496]],[[113.986966,22.54154],[113.98922,22.541522]],[[113.987436,22.529899],[113.988538,22.530101]],[[113.987436,22.529899],[113.987495,22.529531]],[[113.987721,22.55936],[113.987043,22.559415],[113.986803,22.559409]],[[113.986803,22.559409],[113.987144,22.559155]],[[113.988626,22.529774],[113.987674,22.529729],[113.987495,22.529531]],[[113.987495,22.529531],[113.988084,22.525866]],[[113.988759,22.559097],[113.987635,22.559168],[113.987144,22.559155]],[[113.987144,22.559155],[113.987369,22.558978]],[[113.987771,22.539045],[113.987674,22.538713]],[[113.987674,22.538713],[113.986865,22.538659],[113.986726,22.538311],[113.987774,22.538324],[113.987674,22.538713]],[[113.987721,22.55936],[113.987234,22.559497]],[[113.987771,22.539045],[113.987695,22.538999]],[[113.987812,22.539069],[113.987771,22.539045]],[[113.988084,22.525866],[113.988241,22.524808]],[[113.988084,22.525866],[113.988353,22.525668],[113.989154,22.525792],[113.989284,22.525983]],[[113.987369,22.558978],[113.989956,22.558611],[113.992803,22.557346]],[[113.987369,22.558978],[113.990447,22.558309],[113.992803,22.557346]],[[113.989568,22.525336],[113.988241,22.524808]],[[113.988759,22.559097],[113.987721,22.55936]],[[113.987416,22.598818],[113.986597,22.596541],[113.986947,22.595138]],[[113.986947,22.595138],[113.986964,22.59507]],[[113.987034,22.59512],[113.986947,22.595138]],[[113.986964,22.59507],[113.987029,22.595055]],[[113.987029,22.595055],[113.987034,22.59512]],[[113.987029,22.595055],[113.987848,22.594933]],[[113.987034,22.59512],[113.986688,22.596574],[113.987416,22.598818]],[[113.990213,22.595011],[113.987034,22.59512]],[[113.988573,22.524474],[113.989651,22.524653]],[[113.988573,22.524474],[113.991258,22.525558],[113.99391,22.527136]],[[113.993265,22.531112],[113.988473,22.530242]],[[113.99058,22.532411],[113.988844,22.532663],[113.988309,22.530608],[113.988473,22.530242]],[[113.988538,22.530101],[113.988473,22.530242]],[[113.988538,22.530101],[113.993286,22.53097]],[[113.988626,22.529774],[113.988538,22.530101]],[[113.989284,22.525983],[113.988626,22.529774]],[[113.988163,22.558599],[113.988136,22.558439]],[[113.988163,22.558599],[113.989737,22.558294],[113.991267,22.5577]],[[113.988677,22.539117],[113.989347,22.539152]],[[113.988677,22.539117],[113.988847,22.536227]],[[113.988908,22.536213],[113.988677,22.539117]],[[113.988908,22.536213],[113.988847,22.536227]],[[113.992621,22.535267],[113.988908,22.536213]],[[113.989568,22.525336],[113.989284,22.525983]],[[113.987848,22.594933],[113.988385,22.592666]],[[113.987848,22.594933],[113.990276,22.594935]],[[114.007993,22.557848],[114.003313,22.55602],[113.997556,22.555898],[113.995364,22.556374],[113.99051,22.558628],[113.988759,22.559097]],[[113.993827,22.527673],[113.989568,22.525336]],[[113.98922,22.541522],[113.991388,22.541683]],[[113.98922,22.541522],[113.989347,22.539152]],[[113.989651,22.524653],[113.990881,22.525096]],[[113.989347,22.539152],[113.990381,22.539205]],[[113.991121,22.591736],[113.988405,22.590702]],[[113.988385,22.592666],[113.988405,22.590702]],[[113.988385,22.592666],[113.990808,22.592569]],[[113.989519,22.556391],[113.989402,22.556396]],[[113.990482,22.556627],[113.990016,22.556434],[113.989761,22.556392],[113.989519,22.556391]],[[113.988893,22.588491],[113.989034,22.587758],[113.989563,22.587745]],[[113.989004,22.58898],[113.989639,22.589216]],[[113.989004,22.58898],[113.9887,22.589706],[113.990302,22.590322]],[[113.989245,22.58844],[113.989004,22.58898]],[[114.005771,22.590726],[114.002736,22.591042],[113.999676,22.590692],[113.991822,22.587642],[113.989247,22.586947]],[[113.989245,22.58844],[113.990856,22.589064]],[[113.989563,22.587745],[113.989245,22.58844]],[[113.992997,22.532782],[113.99058,22.532411]],[[113.991138,22.535167],[113.990488,22.533499],[113.99058,22.532411]],[[113.989504,22.586829],[113.992095,22.58757],[113.999143,22.590371],[114.001728,22.590841],[114.004183,22.590768]],[[113.990881,22.525096],[113.991939,22.525449],[113.993418,22.524892],[113.994019,22.525027],[113.994328,22.525551],[113.994154,22.526968]],[[113.990881,22.525096],[113.993891,22.526805]],[[113.989563,22.587745],[113.991161,22.588372]],[[113.990482,22.556627],[113.991704,22.557247],[113.992373,22.557179]],[[113.991267,22.5577],[113.991349,22.55734],[113.990482,22.556627]],[[113.991138,22.535167],[113.992685,22.534804]],[[113.99092,22.550426],[113.990678,22.549582],[113.992078,22.549125]],[[113.991267,22.543708],[113.991272,22.543369]],[[113.991272,22.543369],[113.991574,22.541904]],[[113.991267,22.543708],[113.991567,22.54375]],[[113.991393,22.543866],[113.991267,22.543708]],[[113.990302,22.590322],[113.990348,22.59034]],[[113.990856,22.589064],[113.990302,22.590322]],[[113.990213,22.595011],[113.990276,22.594935]],[[113.990326,22.595003],[113.990213,22.595011]],[[113.990348,22.59034],[113.990325,22.590391]],[[113.991574,22.541904],[113.991388,22.541683]],[[113.991388,22.541683],[113.991639,22.541493]],[[113.990348,22.59034],[113.99056,22.590419]],[[113.993789,22.545085],[113.991378,22.544159]],[[113.991378,22.544159],[113.991393,22.543866]],[[113.990276,22.594935],[113.990326,22.595003]],[[113.990276,22.594935],[113.991979,22.59481]],[[113.996708,22.54583],[113.991393,22.543866]],[[113.991567,22.54375],[113.991393,22.543866]],[[113.994657,22.595262],[113.993237,22.59482],[113.990326,22.595003]],[[113.991574,22.541904],[113.991639,22.541493]],[[113.990536,22.590471],[113.99056,22.590419]],[[113.991567,22.54375],[113.996953,22.54578]],[[113.991813,22.541811],[113.991567,22.54375]],[[113.991567,22.54375],[113.992365,22.543765],[113.997367,22.545695]],[[113.991267,22.5577],[113.992373,22.557179]],[[113.99056,22.590419],[113.990573,22.590424]],[[113.990573,22.590424],[113.992108,22.590988],[113.992576,22.590296]],[[113.991129,22.589169],[113.990573,22.590424]],[[113.991639,22.541493],[113.992317,22.537218]],[[113.991869,22.541416],[113.991813,22.541811]],[[113.992094,22.54163],[113.991813,22.541811]],[[113.992317,22.537218],[113.99196,22.537171]],[[113.991869,22.541416],[113.992094,22.54163]],[[113.992012,22.540475],[113.991869,22.541416]],[[113.990856,22.589064],[113.991129,22.589169]],[[113.991161,22.588372],[113.990856,22.589064]],[[113.990808,22.592569],[113.991312,22.592609]],[[113.991121,22.591736],[113.990808,22.592569]],[[113.992069,22.540103],[113.992012,22.540475]],[[113.992345,22.5403],[113.992012,22.540475]],[[113.992069,22.540103],[113.992345,22.5403]],[[113.992817,22.535231],[113.992069,22.540103]],[[113.992094,22.54163],[113.992908,22.541636]],[[113.991129,22.589169],[113.992786,22.58981],[113.992576,22.590296]],[[113.991435,22.58848],[113.991129,22.589169]],[[113.991161,22.588372],[113.991435,22.58848]],[[113.993478,22.592635],[113.991121,22.591736]],[[113.991141,22.59169],[113.991121,22.591736]],[[113.992317,22.537218],[113.992621,22.535267]],[[113.991141,22.59169],[113.995417,22.593326]],[[113.992078,22.549125],[113.992576,22.550264],[113.992522,22.550671]],[[113.992078,22.549125],[113.995931,22.547817],[113.997413,22.547872]],[[113.992345,22.5403],[113.99615,22.54035]],[[113.991312,22.592609],[113.993267,22.593571]],[[113.991312,22.592609],[113.991979,22.59481]],[[113.991435,22.58848],[113.993258,22.589171],[113.994088,22.590235]],[[113.992621,22.535267],[113.992638,22.535147]],[[113.992817,22.535231],[113.992621,22.535267]],[[113.992638,22.535147],[113.99267,22.534912]],[[113.992837,22.53511],[113.992638,22.535147]],[[113.99267,22.534912],[113.992685,22.534804]],[[113.99267,22.534912],[113.992875,22.534876]],[[113.992685,22.534804],[113.992997,22.532782]],[[113.992685,22.534804],[113.992894,22.534765]],[[113.993789,22.545085],[113.993672,22.545437],[113.993924,22.546051],[113.992512,22.546322]],[[113.992837,22.53511],[113.992817,22.535231]],[[113.996256,22.535164],[113.992817,22.535231]],[[113.992875,22.534876],[113.992837,22.53511]],[[114.002843,22.536127],[113.996331,22.535021],[113.992837,22.53511]],[[113.992373,22.557179],[113.99526,22.556192]],[[113.992894,22.534765],[113.992875,22.534876]],[[113.992875,22.534876],[113.995719,22.534709],[114.001428,22.53558]],[[113.993461,22.531151],[113.992894,22.534765]],[[113.992894,22.534765],[113.996129,22.534632],[114.001428,22.53558]],[[113.992997,22.532782],[113.993265,22.531112]],[[113.992576,22.590296],[113.991915,22.590056]],[[113.993461,22.531151],[113.993265,22.531112]],[[113.993265,22.531112],[113.993286,22.53097]],[[113.993286,22.53097],[113.993469,22.531008]],[[113.993286,22.53097],[113.993827,22.527673]],[[113.991979,22.59481],[113.992909,22.594744]],[[113.992803,22.557346],[113.99526,22.556192]],[[114.003599,22.533173],[113.996588,22.531956],[113.993461,22.531151]],[[113.993469,22.531008],[113.993461,22.531151]],[[113.993469,22.531008],[113.997044,22.531905],[114.003629,22.533033]],[[113.99403,22.527799],[113.993469,22.531008]],[[113.99403,22.527799],[113.993827,22.527673]],[[113.993827,22.527673],[113.993881,22.527324]],[[113.993891,22.526805],[113.993955,22.526845]],[[113.993955,22.526845],[113.994059,22.525487],[113.993717,22.525121],[113.993166,22.525103],[113.992837,22.525369],[113.992782,22.52587],[113.993891,22.526805]],[[113.994081,22.52746],[113.993881,22.527324]],[[113.993881,22.527324],[113.99391,22.527136]],[[113.99391,22.527136],[113.994108,22.527275]],[[113.99391,22.527136],[113.993955,22.526845]],[[113.993955,22.526845],[113.994154,22.526968]],[[114.003851,22.530289],[114.001512,22.530394],[113.999019,22.530039],[113.996668,22.529281],[113.99403,22.527799]],[[113.994081,22.52746],[113.99403,22.527799]],[[114.014432,22.530894],[114.01017,22.529955],[114.008489,22.529774],[114.002645,22.530265],[113.999588,22.530032],[113.996709,22.529076],[113.994081,22.52746]],[[113.994108,22.527275],[113.994081,22.52746]],[[113.994108,22.527275],[113.997347,22.529188],[114.000236,22.529982],[114.00304,22.530104],[114.008053,22.529594]],[[113.994154,22.526968],[113.994108,22.527275]],[[113.994154,22.526968],[113.996825,22.528763],[113.999659,22.529747],[114.002032,22.529979],[114.006933,22.529513],[114.008053,22.529594]],[[113.996511,22.545875],[113.995249,22.545657],[113.993789,22.545085]],[[113.992909,22.594744],[113.993033,22.594572]],[[113.992909,22.594744],[113.993191,22.594744]],[[113.993033,22.594572],[113.993191,22.594744]],[[113.993033,22.594572],[113.993267,22.593571]],[[113.993191,22.594744],[113.994687,22.595184]],[[113.993267,22.593571],[113.995077,22.594178]],[[113.993267,22.593571],[113.993511,22.592909]],[[113.99374,22.592735],[113.993478,22.592635]],[[113.993511,22.592909],[113.993478,22.592635]],[[113.99374,22.592735],[113.993511,22.592909]],[[113.995398,22.593368],[113.99374,22.592735]],[[113.993931,22.590596],[113.993875,22.590748]],[[113.993931,22.590596],[113.994427,22.590671]],[[113.994088,22.590235],[113.993931,22.590596]],[[113.994088,22.590235],[113.994427,22.590671]],[[113.994427,22.590671],[113.996153,22.591608],[113.996453,22.591199]],[[113.99526,22.556192],[113.99757,22.555703],[114.002796,22.555749],[114.004456,22.556106],[114.007749,22.557522]],[[113.994731,22.595305],[113.994657,22.595262]],[[113.994731,22.595305],[113.994646,22.595354],[113.994657,22.595262]],[[113.994657,22.595262],[113.994687,22.595184]],[[113.994687,22.595184],[113.99476,22.595229]],[[113.994687,22.595184],[113.995077,22.594178]],[[114.002455,22.599465],[114.000985,22.599201],[114.000363,22.598964],[113.994731,22.595305]],[[113.99476,22.595229],[113.994731,22.595305]],[[113.99476,22.595229],[113.996172,22.596148]],[[113.995157,22.594203],[113.99476,22.595229]],[[114.001019,22.535912],[113.996256,22.535164]],[[113.996256,22.535164],[113.996225,22.536974]],[[113.994807,22.603215],[113.994806,22.602906]],[[113.995077,22.594178],[113.995157,22.594203]],[[113.995077,22.594178],[113.995398,22.593368]],[[113.995157,22.594203],[113.996963,22.594763]],[[113.995476,22.593398],[113.995157,22.594203]],[[113.995476,22.593398],[113.995398,22.593368]],[[113.995398,22.593368],[113.995417,22.593326]],[[113.995417,22.593326],[113.995495,22.593355]],[[113.995417,22.593326],[113.995617,22.592877]],[[113.997267,22.594081],[113.995476,22.593398]],[[113.995495,22.593355],[113.995476,22.593398]],[[113.996726,22.54596],[113.996511,22.545875]],[[113.996511,22.545875],[113.996708,22.54583]],[[113.995495,22.593355],[113.997286,22.59404]],[[113.995694,22.592906],[113.995495,22.593355]],[[113.995694,22.592906],[113.995617,22.592877]],[[113.995617,22.592877],[113.995692,22.592707]],[[113.996933,22.545916],[113.996708,22.54583]],[[113.996708,22.54583],[113.996953,22.54578]],[[113.995692,22.592707],[113.995769,22.592737]],[[113.995692,22.592707],[113.995774,22.592636],[113.995769,22.592737]],[[114.003767,22.599313],[113.999639,22.594835],[113.998062,22.593858],[113.995694,22.592906]],[[113.995769,22.592737],[113.995694,22.592906]],[[113.997677,22.54652],[113.996726,22.54596]],[[113.996933,22.545916],[113.996726,22.54596]],[[113.995769,22.592737],[113.998296,22.593783],[113.999808,22.594739],[114.003932,22.599212]],[[113.995815,22.592544],[113.997294,22.593105]],[[114.006601,22.549376],[114.00505,22.547861],[114.003569,22.547037],[113.998205,22.546335],[113.996933,22.545916]],[[113.997174,22.545865],[113.996933,22.545916]],[[113.996953,22.54578],[113.997174,22.545865]],[[113.996953,22.54578],[113.997367,22.545695]],[[113.997174,22.545865],[113.998012,22.546141],[114.003536,22.546874],[114.005144,22.547759],[114.006741,22.549272]],[[113.997605,22.545774],[113.997174,22.545865]],[[113.996172,22.596148],[113.996369,22.596096]],[[113.996172,22.596148],[113.996401,22.596299]],[[113.997367,22.545695],[113.997605,22.545774]],[[113.997367,22.545695],[114.000726,22.545027],[114.003462,22.544086],[114.006522,22.542375],[114.009079,22.540339]],[[114.001281,22.55049],[113.997293,22.550346]],[[113.997293,22.550346],[113.997413,22.547872]],[[113.997293,22.550346],[113.999056,22.550332]],[[113.997413,22.547872],[113.998918,22.548065]],[[113.997413,22.547872],[113.997677,22.54652]],[[113.996369,22.596096],[113.996401,22.596299]],[[113.996963,22.594763],[113.996369,22.596096]],[[113.996401,22.596299],[113.997422,22.596971]],[[113.997605,22.545774],[114.003738,22.546685],[114.005106,22.547419],[114.006974,22.549026]],[[114.009217,22.540421],[114.007193,22.54209],[114.004074,22.543927],[114.000855,22.545107],[113.997605,22.545774]],[[114.000801,22.546924],[113.997677,22.54652]],[[113.996963,22.594763],[113.998845,22.59578]],[[113.997267,22.594081],[113.996963,22.594763]],[[113.999409,22.595113],[113.997267,22.594081]],[[113.997286,22.59404],[113.997267,22.594081]],[[113.997286,22.59404],[113.999444,22.595073]],[[113.997422,22.596971],[113.997576,22.59695]],[[113.997422,22.596971],[113.997573,22.59707]],[[113.997573,22.59707],[114.0005,22.598964],[114.003377,22.599487]],[[113.997576,22.59695],[113.997573,22.59707]],[[113.997576,22.59695],[113.998845,22.59578]],[[113.998918,22.548065],[114.000602,22.548288]],[[113.999056,22.550332],[113.999168,22.548902],[113.998918,22.548065]],[[113.998818,22.554369],[113.998909,22.553118]],[[113.998909,22.553118],[114.000018,22.553146]],[[113.998909,22.553118],[113.999009,22.55157]],[[113.999009,22.55157],[113.99901,22.550975]],[[114.000067,22.551591],[113.999009,22.55157]],[[113.999056,22.550332],[114.001284,22.550381]],[[114.000191,22.537043],[114.000038,22.537876]],[[113.998845,22.59578],[113.999837,22.597535],[114.001019,22.598342]],[[113.998845,22.59578],[113.999409,22.595113]],[[114.001153,22.537196],[114.000191,22.537043]],[[114.000191,22.537043],[113.99954,22.53696],[113.998966,22.539975],[114.000561,22.540246]],[[114.000018,22.553146],[114.001229,22.553177]],[[114.000018,22.553146],[114.00009,22.553692],[114.000736,22.554312],[114.001218,22.554365]],[[114.000067,22.551591],[114.000018,22.553146]],[[114.001246,22.551615],[114.000067,22.551591]],[[114.000561,22.540246],[114.002161,22.540547]],[[114.000561,22.540246],[114.000884,22.538581]],[[114.003377,22.599487],[113.999409,22.595113]],[[113.999409,22.595113],[113.999444,22.595073]],[[113.999444,22.595073],[114.003435,22.599472]],[[114.002034,22.547054],[114.001853,22.54858],[114.000602,22.548288]],[[114.000801,22.546924],[114.000602,22.548288]],[[114.000884,22.538581],[114.002515,22.538887]],[[114.000884,22.538581],[114.001153,22.537196]],[[114.002843,22.536127],[114.001019,22.535912]],[[114.001302,22.536428],[114.001019,22.535912]],[[114.002034,22.547054],[114.000801,22.546924]],[[113.99968,22.600001],[114.001779,22.600237],[114.002458,22.599946]],[[114.002773,22.537467],[114.001153,22.537196]],[[114.001153,22.537196],[114.001302,22.536428]],[[114.002931,22.536699],[114.001302,22.536428]],[[114.001428,22.53558],[114.003068,22.53585]],[[114.001229,22.553177],[114.001246,22.551615]],[[114.001246,22.551615],[114.001281,22.55049]],[[114.002555,22.551635],[114.001246,22.551615]],[[114.001281,22.55049],[114.001284,22.550381]],[[114.003936,22.550522],[114.001281,22.55049]],[[114.001284,22.550381],[114.003937,22.550457]],[[114.001284,22.550381],[114.00131,22.548697],[114.003968,22.548693]],[[114.001229,22.553177],[114.002514,22.553203]],[[114.001218,22.554365],[114.001229,22.553177]],[[114.001217,22.554484],[114.001218,22.554365]],[[114.003859,22.554952],[114.003735,22.55517],[114.00144,22.55515],[114.001217,22.554484]],[[114.001217,22.554484],[114.003877,22.554504]],[[114.003876,22.540063],[114.003696,22.540968],[114.002161,22.540547]],[[114.002161,22.540547],[114.002325,22.539779]],[[114.003986,22.547544],[114.002034,22.547054]],[[114.001729,22.564848],[114.002064,22.56322]],[[114.002325,22.539779],[114.003876,22.540063]],[[114.002325,22.539779],[114.002515,22.538887]],[[114.002515,22.538887],[114.002773,22.537467]],[[114.002839,22.537478],[114.002515,22.538887]],[[114.002064,22.56322],[114.002443,22.5629],[114.002427,22.562321]],[[114.002064,22.56322],[114.002648,22.56299],[114.0027,22.562682]],[[114.002839,22.537478],[114.002773,22.537467]],[[114.002773,22.537467],[114.002931,22.536699]],[[114.003039,22.536164],[114.002843,22.536127]],[[114.004293,22.537722],[114.002839,22.537478]],[[114.002998,22.536709],[114.002839,22.537478]],[[114.002514,22.553203],[114.003889,22.553237]],[[114.002514,22.553203],[114.002555,22.551635]],[[114.003916,22.551656],[114.002555,22.551635]],[[114.002931,22.536699],[114.003039,22.536164]],[[114.002998,22.536709],[114.00445,22.536954]],[[114.003113,22.536178],[114.002998,22.536709]],[[114.003113,22.536178],[114.003039,22.536164]],[[114.003039,22.536164],[114.003068,22.53585]],[[114.003068,22.53585],[114.003186,22.53587]],[[114.003068,22.53585],[114.003599,22.533173]],[[114.004827,22.536476],[114.003113,22.536178]],[[114.003186,22.53587],[114.003113,22.536178]],[[114.003186,22.53587],[114.004311,22.536068]],[[114.003728,22.533215],[114.003186,22.53587]],[[114.003728,22.533215],[114.003599,22.533173]],[[114.003599,22.533173],[114.003629,22.533033]],[[114.003629,22.533033],[114.003756,22.533075]],[[114.003629,22.533033],[114.0041,22.53055],[114.003851,22.530289]],[[114.006188,22.534259],[114.003728,22.533215]],[[114.003756,22.533075],[114.003728,22.533215]],[[114.003756,22.533075],[114.006244,22.53413]],[[114.004931,22.530174],[114.004216,22.530832],[114.003756,22.533075]],[[114.004931,22.530174],[114.003851,22.530289]],[[114.002546,22.599481],[114.002455,22.599465]],[[114.002458,22.599946],[114.002455,22.599465]],[[114.002543,22.599931],[114.00249,22.600746],[114.002458,22.599946]],[[114.002458,22.599946],[114.002543,22.599931]],[[114.00343,22.599548],[114.002546,22.599481]],[[114.002546,22.599481],[114.002543,22.599931]],[[114.002543,22.599931],[114.002843,22.599902]],[[114.003876,22.540063],[114.005806,22.540415]],[[114.004293,22.537722],[114.003876,22.540063]],[[114.00357,22.565575],[114.003413,22.565528]],[[114.00357,22.565575],[114.003011,22.566759],[114.0037,22.566769],[114.002884,22.567537],[114.003984,22.567443]],[[114.004848,22.563748],[114.00357,22.565575]],[[114.004206,22.547664],[114.003986,22.547544]],[[114.003968,22.548693],[114.003986,22.547544]],[[114.003937,22.550457],[114.003968,22.548693]],[[114.003936,22.550522],[114.003937,22.550457]],[[114.003937,22.550457],[114.004004,22.550457]],[[114.003916,22.551656],[114.003936,22.550522]],[[114.004003,22.550522],[114.003936,22.550522]],[[114.003889,22.553237],[114.003916,22.551656]],[[114.003981,22.551657],[114.003916,22.551656]],[[114.003889,22.553237],[114.003957,22.553239]],[[114.003877,22.554504],[114.003889,22.553237]],[[114.003859,22.554952],[114.003877,22.554504]],[[114.003946,22.554953],[114.003859,22.554952]],[[114.004311,22.536068],[114.011639,22.537314]],[[114.004311,22.536068],[114.005092,22.53606],[114.005754,22.536161]],[[114.004004,22.550457],[114.004003,22.550522]],[[114.004206,22.547664],[114.004004,22.550457]],[[114.004004,22.550457],[114.004866,22.550368],[114.005599,22.55003]],[[114.004003,22.550522],[114.003981,22.551657]],[[114.005598,22.550112],[114.004847,22.55044],[114.004003,22.550522]],[[114.003981,22.551657],[114.003957,22.553239]],[[114.005592,22.551677],[114.003981,22.551657]],[[114.003957,22.553239],[114.006328,22.553283]],[[114.003957,22.553239],[114.003946,22.554953]],[[114.006052,22.538017],[114.004293,22.537722]],[[114.00445,22.536954],[114.004293,22.537722]],[[114.003946,22.554953],[114.004141,22.555475],[114.00571,22.556126]],[[114.005674,22.548881],[114.004206,22.547664]],[[114.00445,22.536954],[114.006203,22.537252]],[[114.005577,22.552415],[114.004951,22.552411],[114.004956,22.551968],[114.004326,22.551964]],[[114.00343,22.599548],[114.003377,22.599487]],[[114.003377,22.599487],[114.003435,22.599472]],[[114.003435,22.599472],[114.00343,22.599548]],[[114.00381,22.599361],[114.00343,22.599548]],[[114.013491,22.530791],[114.00968,22.529974],[114.007303,22.529922],[114.004931,22.530174]],[[114.003435,22.599472],[114.003767,22.599313]],[[114.011451,22.537598],[114.004827,22.536476]],[[114.00628,22.536855],[114.004827,22.536476]],[[114.00449,22.600178],[114.003518,22.599729]],[[114.00381,22.599361],[114.003767,22.599313]],[[114.003767,22.599313],[114.003932,22.599212]],[[114.00449,22.600178],[114.00381,22.599361]],[[114.003972,22.599259],[114.00381,22.599361]],[[114.003932,22.599212],[114.003972,22.599259]],[[114.003932,22.599212],[114.00518,22.59821]],[[114.003972,22.599259],[114.005413,22.600978]],[[114.005225,22.598249],[114.003972,22.599259]],[[114.004183,22.590768],[114.00983,22.589972]],[[114.004183,22.590768],[114.009838,22.590045]],[[114.004848,22.563748],[114.005278,22.564279]],[[114.004908,22.563439],[114.004848,22.563748]],[[114.006153,22.565551],[114.00492,22.566749]],[[114.005278,22.564279],[114.005095,22.564265]],[[114.005806,22.540415],[114.005606,22.541061]],[[114.005754,22.536161],[114.005834,22.536175]],[[114.005754,22.536161],[114.006188,22.534259]],[[114.005834,22.536175],[114.011722,22.537177]],[[114.006254,22.534274],[114.005834,22.536175]],[[114.011029,22.606534],[114.008145,22.60341],[114.005551,22.601381],[114.00449,22.600178]],[[114.005278,22.564279],[114.005392,22.564718],[114.00621,22.565258],[114.006153,22.565551]],[[114.005879,22.540292],[114.005806,22.540415]],[[114.005598,22.550112],[114.005599,22.55003]],[[114.005599,22.55003],[114.006601,22.549376]],[[114.005592,22.551677],[114.005598,22.550112]],[[114.006662,22.549443],[114.005598,22.550112]],[[114.006153,22.565551],[114.005824,22.566678],[114.005247,22.567161]],[[114.005577,22.552415],[114.005592,22.551677]],[[114.007915,22.551693],[114.005592,22.551677]],[[114.005572,22.552671],[114.005577,22.552415]],[[114.005879,22.540292],[114.005788,22.539471],[114.006224,22.539545]],[[114.006196,22.53975],[114.005879,22.540292]],[[114.008186,22.538375],[114.006052,22.538017]],[[114.006052,22.538017],[114.005939,22.538592],[114.00808,22.538951]],[[114.006052,22.538017],[114.006203,22.537252]],[[114.008096,22.545147],[114.005946,22.544936]],[[114.00571,22.556126],[114.010011,22.558014]],[[114.009204,22.552932],[114.007574,22.554225],[114.006373,22.554859],[114.00571,22.556126]],[[114.006254,22.534274],[114.006188,22.534259]],[[114.006188,22.534259],[114.006244,22.53413]],[[114.006244,22.53413],[114.01166,22.533807]],[[114.006244,22.53413],[114.006254,22.534274]],[[114.011621,22.533915],[114.011141,22.533843],[114.006987,22.534322],[114.006254,22.534274]],[[114.006203,22.537252],[114.008307,22.53763],[114.008186,22.538375]],[[114.006203,22.537252],[114.00628,22.536855]],[[114.007668,22.539993],[114.006196,22.53975]],[[114.006196,22.53975],[114.006224,22.539545]],[[114.008332,22.537201],[114.00628,22.536855]],[[114.006224,22.539545],[114.007648,22.539836]],[[114.005225,22.598249],[114.00518,22.59821]],[[114.00518,22.59821],[114.005558,22.597822],[114.005225,22.598249]],[[114.006374,22.600622],[114.005225,22.598249]],[[114.006328,22.553283],[114.00632,22.554118]],[[114.006328,22.553283],[114.007109,22.553297]],[[114.005413,22.600978],[114.008256,22.603308],[114.011069,22.606369]],[[114.006374,22.600622],[114.005413,22.600978]],[[114.006662,22.549443],[114.006601,22.549376]],[[114.006601,22.549376],[114.006741,22.549272]],[[114.008048,22.551302],[114.006662,22.549443]],[[114.006824,22.54936],[114.006662,22.549443]],[[114.005771,22.590726],[114.009848,22.590138]],[[114.009857,22.590219],[114.005771,22.590726]],[[114.006741,22.549272],[114.006824,22.54936]],[[114.006741,22.549272],[114.009238,22.547819]],[[114.006824,22.54936],[114.00936,22.552835]],[[114.008128,22.548676],[114.006824,22.54936]],[[114.007648,22.539836],[114.008531,22.540014]],[[114.007668,22.539993],[114.007648,22.539836]],[[114.007648,22.539836],[114.00808,22.538951]],[[114.007668,22.539993],[114.008531,22.540014]],[[114.006374,22.600622],[114.007035,22.601356],[114.007942,22.601728],[114.009612,22.600753]],[[114.00785,22.600048],[114.006374,22.600622]],[[114.008053,22.529594],[114.009738,22.529714]],[[114.007542,22.561964],[114.008768,22.562902],[114.010247,22.563553],[114.010829,22.564339]],[[114.007542,22.561964],[114.00667,22.561328],[114.006594,22.561034],[114.00773,22.559303],[114.008387,22.559264],[114.008823,22.559849]],[[114.008899,22.560105],[114.007542,22.561964]],[[114.007971,22.543142],[114.008545,22.541805]],[[114.00808,22.538951],[114.009193,22.539148]],[[114.00808,22.538951],[114.008186,22.538375]],[[114.007749,22.557522],[114.009863,22.558246]],[[114.007749,22.557522],[114.009757,22.558413]],[[114.008426,22.551818],[114.007915,22.551693]],[[114.007915,22.551693],[114.008048,22.551302]],[[114.010212,22.545191],[114.008096,22.545147]],[[114.008401,22.544279],[114.008096,22.545147]],[[114.009543,22.566666],[114.010076,22.568319],[114.008035,22.5684],[114.007899,22.567737],[114.007659,22.567656]],[[114.01137,22.537712],[114.008332,22.537201]],[[114.008332,22.537201],[114.008714,22.537749]],[[114.008426,22.551818],[114.008048,22.551302]],[[114.008265,22.541723],[114.008545,22.541805]],[[114.008265,22.541723],[114.005675,22.543524],[114.00615,22.544133],[114.008401,22.544279]],[[114.008265,22.541723],[114.009602,22.540649]],[[114.010002,22.550471],[114.008128,22.548676]],[[114.009398,22.547825],[114.008128,22.548676]],[[114.009668,22.558553],[114.007993,22.557848]],[[114.009567,22.558711],[114.007993,22.557848]],[[114.009203,22.541998],[114.008401,22.544279]],[[114.010016,22.544298],[114.008401,22.544279]],[[114.008531,22.540014],[114.009079,22.540339]],[[114.008545,22.541805],[114.009203,22.541998]],[[114.009204,22.552932],[114.008426,22.551818]],[[114.009079,22.540339],[114.009217,22.540421]],[[114.009079,22.540339],[114.01137,22.537712]],[[114.009217,22.540421],[114.009602,22.540649]],[[114.011546,22.537741],[114.009217,22.540421]],[[114.009203,22.541998],[114.009969,22.542222]],[[114.008823,22.559849],[114.009067,22.55975]],[[114.008823,22.559849],[114.008899,22.560105]],[[114.009067,22.55975],[114.008899,22.560105]],[[114.009238,22.547819],[114.009398,22.547825]],[[114.009238,22.547819],[114.011265,22.545287]],[[114.010794,22.555426],[114.01005,22.555055],[114.009204,22.552932]],[[114.009204,22.552932],[114.00936,22.552835]],[[114.009567,22.558711],[114.009067,22.55975]],[[114.009738,22.529714],[114.01466,22.530783]],[[114.009738,22.529714],[114.010233,22.529675],[114.014727,22.530645]],[[114.011645,22.549124],[114.009398,22.547825]],[[114.011772,22.544435],[114.011081,22.545782],[114.009398,22.547825]],[[114.009398,22.547825],[114.009526,22.547806],[114.009698,22.547864],[114.011691,22.549077]],[[114.010412,22.540877],[114.009602,22.540649]],[[114.009602,22.540649],[114.010263,22.540108]],[[114.00936,22.552835],[114.010286,22.555057],[114.012206,22.55527]],[[114.00936,22.552835],[114.010528,22.552427]],[[114.010495,22.552558],[114.00936,22.552835]],[[114.01083,22.565206],[114.009754,22.565478],[114.00913,22.564932]],[[114.00913,22.564932],[114.009002,22.565367],[114.009543,22.566666]],[[114.010829,22.564339],[114.00913,22.564932]],[[114.014719,22.560302],[114.011674,22.559622],[114.009567,22.558711]],[[114.009668,22.558553],[114.009567,22.558711]],[[114.008283,22.619823],[114.008121,22.615113],[114.008331,22.613349],[114.010548,22.608154],[114.011029,22.606534]],[[114.009969,22.542222],[114.01065,22.542421]],[[114.009969,22.542222],[114.010412,22.540877]],[[114.014741,22.560161],[114.012374,22.559638],[114.009668,22.558553]],[[114.009757,22.558413],[114.009668,22.558553]],[[114.010212,22.545191],[114.01053,22.544427],[114.010016,22.544298]],[[114.010016,22.544298],[114.01065,22.542421]],[[114.009543,22.566666],[114.011154,22.566172]],[[114.009757,22.558413],[114.012067,22.559357],[114.014765,22.559997]],[[114.009863,22.558246],[114.009757,22.558413]],[[114.011268,22.606716],[114.008471,22.613375],[114.008286,22.61511],[114.008449,22.619894]],[[114.010634,22.552156],[114.010002,22.550471]],[[114.010002,22.550471],[114.011645,22.549124]],[[114.011706,22.549161],[114.010002,22.550471]],[[114.009863,22.558246],[114.013155,22.559336]],[[114.010011,22.558014],[114.009863,22.558246]],[[114.010412,22.540877],[114.010631,22.54021],[114.010263,22.540108]],[[114.010263,22.540108],[114.011049,22.539468],[114.011849,22.539282],[114.012531,22.538582]],[[114.011265,22.545287],[114.010212,22.545191]],[[114.010011,22.558014],[114.013155,22.559336]],[[114.010794,22.555426],[114.010757,22.556772],[114.010011,22.558014]],[[114.011095,22.541069],[114.010412,22.540877]],[[114.01065,22.542421],[114.012175,22.542908]],[[114.01065,22.542421],[114.011095,22.541069]],[[114.011001,22.5524],[114.010495,22.552558]],[[114.010858,22.55269],[114.010702,22.552561],[114.010495,22.552558]],[[114.010528,22.552427],[114.010634,22.552156]],[[114.010528,22.552427],[114.010923,22.552305]],[[114.010634,22.552156],[114.010923,22.552305]],[[114.009838,22.590045],[114.00983,22.589972]],[[114.00983,22.589972],[114.008327,22.577923],[114.00848,22.575001],[114.009103,22.572906],[114.013212,22.565995],[114.014235,22.563204]],[[114.00983,22.589972],[114.010343,22.589949]],[[114.009848,22.590138],[114.009838,22.590045]],[[114.009838,22.590045],[114.010352,22.590026]],[[114.009857,22.590219],[114.009848,22.590138]],[[114.009848,22.590138],[114.010363,22.590123]],[[114.011069,22.606369],[114.011382,22.604512],[114.011363,22.602262],[114.009857,22.590219]],[[114.010372,22.590199],[114.009857,22.590219]],[[114.01214,22.541362],[114.011095,22.541069]],[[114.015447,22.555488],[114.010883,22.55544],[114.010794,22.555426]],[[114.012574,22.554144],[114.011965,22.553577],[114.011161,22.553324],[114.010858,22.55269]],[[114.011001,22.5524],[114.010858,22.55269]],[[114.010923,22.552305],[114.012515,22.551438],[114.01354,22.550272]],[[114.013684,22.550338],[114.012428,22.551689],[114.011001,22.5524]],[[114.011546,22.537741],[114.01137,22.537712]],[[114.01137,22.537712],[114.011451,22.537598]],[[114.010829,22.564339],[114.010842,22.564429]],[[114.01236,22.565789],[114.011897,22.564543],[114.010842,22.564429]],[[114.010842,22.564429],[114.01083,22.565206]],[[114.01083,22.565206],[114.011154,22.566172]],[[114.011265,22.545287],[114.01167,22.544409]],[[114.011632,22.537628],[114.011451,22.537598]],[[114.011451,22.537598],[114.011639,22.537314]],[[114.010343,22.589949],[114.010352,22.590026]],[[114.014414,22.563229],[114.013589,22.566215],[114.009971,22.572234],[114.009257,22.573749],[114.008743,22.575905],[114.008787,22.578487],[114.010343,22.589949]],[[114.010343,22.589949],[114.010997,22.589958],[114.012212,22.590106],[114.014093,22.590678]],[[114.010352,22.590026],[114.010363,22.590123]],[[114.010352,22.590026],[114.011207,22.590039],[114.012002,22.590149],[114.014093,22.590678]],[[114.010363,22.590123],[114.010372,22.590199]],[[114.010363,22.590123],[114.010634,22.590119],[114.011316,22.59015],[114.012212,22.590281],[114.013256,22.59053],[114.014318,22.590908]],[[114.010372,22.590199],[114.011819,22.601811],[114.0118,22.604088],[114.011319,22.606556]],[[114.014318,22.590908],[114.012042,22.590317],[114.011294,22.590226],[114.010812,22.590193],[114.010372,22.590199]],[[114.012567,22.535735],[114.011795,22.534968],[114.011536,22.534364],[114.011621,22.533915]],[[114.011621,22.533915],[114.01166,22.533807]],[[114.013828,22.538102],[114.011546,22.537741]],[[114.011632,22.537628],[114.011546,22.537741]],[[114.01166,22.533807],[114.011916,22.533292],[114.013671,22.531571],[114.014352,22.531452]],[[114.013817,22.537985],[114.011632,22.537628]],[[114.011833,22.537348],[114.011632,22.537628]],[[114.011639,22.537314],[114.011833,22.537348]],[[114.011639,22.537314],[114.011722,22.537177]],[[114.011722,22.537177],[114.011924,22.537213]],[[114.011722,22.537177],[114.012567,22.535735]],[[114.011154,22.566172],[114.011675,22.566279],[114.012097,22.566861],[114.011479,22.567903]],[[114.011154,22.566172],[114.01236,22.565789]],[[114.011772,22.544435],[114.01167,22.544409]],[[114.01167,22.544409],[114.012175,22.542908]],[[114.011833,22.537348],[114.012561,22.537475]],[[114.011924,22.537213],[114.011833,22.537348]],[[114.011706,22.549161],[114.011645,22.549124]],[[114.011645,22.549124],[114.011691,22.549077]],[[114.011924,22.537213],[114.018679,22.538402]],[[114.012784,22.535832],[114.011924,22.537213]],[[114.014246,22.545176],[114.011772,22.544435]],[[114.012268,22.543041],[114.011772,22.544435]],[[114.011691,22.549077],[114.011752,22.549114]],[[114.011691,22.549077],[114.01315,22.547063]],[[114.01354,22.550272],[114.011706,22.549161]],[[114.011752,22.549114],[114.011706,22.549161]],[[114.01196,22.539336],[114.012155,22.539612],[114.012681,22.539715]],[[114.011752,22.549114],[114.013574,22.550223]],[[114.013211,22.547095],[114.011752,22.549114]],[[114.012661,22.541508],[114.01214,22.541362]],[[114.012681,22.539715],[114.01214,22.541362]],[[114.012175,22.542908],[114.012305,22.542927]],[[114.012268,22.543041],[114.012175,22.542908]],[[114.012175,22.542908],[114.012661,22.541508]],[[114.013568,22.543435],[114.012268,22.543041]],[[114.012305,22.542927],[114.012268,22.543041]],[[114.012305,22.542927],[114.014765,22.543659]],[[114.013448,22.539587],[114.012305,22.542927]],[[114.011268,22.606716],[114.011029,22.606534]],[[114.011029,22.606534],[114.011069,22.606369]],[[114.012784,22.535832],[114.012567,22.535735]],[[114.012567,22.535735],[114.014352,22.531452]],[[114.011069,22.606369],[114.011319,22.606556]],[[114.012561,22.537475],[114.023219,22.539278]],[[114.012561,22.537475],[114.013914,22.538002]],[[114.012206,22.55527],[114.012696,22.555277]],[[114.012206,22.55527],[114.012506,22.555071]],[[114.012681,22.539715],[114.013209,22.539818]],[[114.012661,22.541508],[114.013209,22.539818]],[[114.014185,22.534915],[114.013505,22.535834],[114.013101,22.535936],[114.012784,22.535832]],[[114.014565,22.531521],[114.012784,22.535832]],[[114.01486,22.610711],[114.013436,22.608312],[114.011268,22.606716]],[[114.011319,22.606556],[114.011268,22.606716]],[[114.011319,22.606556],[114.013408,22.608026],[114.014772,22.610339]],[[114.012506,22.555071],[114.012696,22.555277]],[[114.012506,22.555071],[114.012574,22.554144]],[[114.012574,22.554144],[114.014588,22.552394],[114.013684,22.550338]],[[114.01236,22.565789],[114.013188,22.565443],[114.013651,22.56334],[114.014235,22.563204]],[[114.012696,22.555277],[114.015503,22.555312]],[[114.013209,22.539818],[114.013317,22.53952]],[[114.014432,22.530894],[114.013491,22.530791]],[[114.014474,22.53118],[114.013491,22.530791]],[[114.013211,22.547095],[114.01315,22.547063]],[[114.01315,22.547063],[114.014246,22.545176]],[[114.013448,22.539587],[114.013317,22.53952]],[[114.013317,22.53952],[114.013828,22.538102]],[[114.013317,22.53952],[114.013471,22.539522]],[[114.014992,22.548212],[114.013211,22.547095]],[[114.014308,22.545194],[114.013211,22.547095]],[[114.015776,22.539987],[114.013448,22.539587]],[[114.013471,22.539522],[114.013448,22.539587]],[[114.013568,22.543435],[114.013366,22.544021]],[[114.013471,22.539522],[114.01579,22.539919]],[[114.013917,22.538117],[114.013471,22.539522]],[[114.013155,22.559336],[114.014793,22.559817]],[[114.014731,22.543762],[114.013568,22.543435]],[[114.014185,22.534915],[114.013761,22.535731]],[[114.013684,22.550338],[114.01354,22.550272]],[[114.01354,22.550272],[114.013574,22.550223]],[[114.013914,22.538002],[114.013817,22.537985]],[[114.013828,22.538102],[114.013817,22.537985]],[[114.013917,22.538117],[114.013828,22.538102]],[[114.013574,22.550223],[114.013684,22.550338]],[[114.013574,22.550223],[114.014992,22.548212]],[[114.023155,22.539543],[114.013914,22.538002]],[[114.013914,22.538002],[114.013917,22.538117]],[[114.018117,22.538812],[114.013917,22.538117]],[[114.017274,22.544209],[114.016542,22.546249],[114.013684,22.550338]],[[114.015489,22.533804],[114.015266,22.534252],[114.014523,22.534545],[114.014185,22.534915]],[[114.014352,22.531452],[114.014565,22.531521]],[[114.014352,22.531452],[114.014474,22.53118]],[[114.014588,22.530932],[114.014432,22.530894]],[[114.014677,22.531235],[114.014474,22.53118]],[[114.014474,22.53118],[114.014588,22.530932]],[[114.014308,22.545194],[114.014246,22.545176]],[[114.014246,22.545176],[114.014731,22.543762]],[[114.014565,22.531521],[114.015095,22.531798],[114.015218,22.532173]],[[114.014677,22.531235],[114.014565,22.531521]],[[114.014792,22.53098],[114.014588,22.530932]],[[114.014588,22.530932],[114.01466,22.530783]],[[114.016616,22.545776],[114.014308,22.545194]],[[114.014796,22.543773],[114.014308,22.545194]],[[114.01466,22.530783],[114.014863,22.530827]],[[114.01466,22.530783],[114.014727,22.530645]],[[114.0181,22.531932],[114.014677,22.531235]],[[114.014792,22.53098],[114.014677,22.531235]],[[114.014727,22.530645],[114.01493,22.530686]],[[114.014727,22.530645],[114.016192,22.528312],[114.017521,22.526842],[114.01905,22.52557],[114.037999,22.515043]],[[114.02545,22.531391],[114.022653,22.532032],[114.020558,22.532167],[114.014792,22.53098]],[[114.014863,22.530827],[114.014792,22.53098]],[[114.014863,22.530827],[114.019943,22.53193],[114.023226,22.531749]],[[114.01493,22.530686],[114.014863,22.530827]],[[114.01493,22.530686],[114.016181,22.530943]],[[114.03806,22.515143],[114.019908,22.52515],[114.017041,22.527544],[114.01493,22.530686]],[[114.014235,22.563204],[114.014414,22.563229]],[[114.014235,22.563204],[114.014719,22.560302]],[[114.014796,22.543773],[114.014731,22.543762]],[[114.014731,22.543762],[114.014765,22.543659]],[[114.014765,22.543659],[114.01483,22.54367]],[[114.014765,22.543659],[114.015439,22.541686]],[[114.017131,22.544185],[114.014796,22.543773]],[[114.01483,22.54367],[114.014796,22.543773]],[[114.01483,22.54367],[114.017149,22.544096]],[[114.015498,22.54173],[114.01483,22.54367]],[[114.014414,22.563229],[114.014522,22.563233],[114.014622,22.563219],[114.014755,22.563118],[114.014993,22.561804],[114.015387,22.561278],[114.015846,22.561069],[114.017237,22.561024],[114.017452,22.560751]],[[114.014874,22.560323],[114.014414,22.563229]],[[114.015218,22.532173],[114.015448,22.532558],[114.016163,22.532696]],[[114.015218,22.532173],[114.015361,22.532731]],[[114.014874,22.560323],[114.014719,22.560302]],[[114.014719,22.560302],[114.014741,22.560161]],[[114.014992,22.548212],[114.016616,22.545776]],[[114.014897,22.560182],[114.014741,22.560161]],[[114.014741,22.560161],[114.014765,22.559997]],[[114.014093,22.590678],[114.023934,22.593999],[114.026178,22.594522],[114.028782,22.594803],[114.033474,22.594486],[114.042227,22.592289],[114.046329,22.592179]],[[114.014765,22.559997],[114.014923,22.560014]],[[114.014765,22.559997],[114.014793,22.559817]],[[114.015361,22.532731],[114.015543,22.53363]],[[114.016163,22.532696],[114.015361,22.532731]],[[114.014793,22.559817],[114.014951,22.559838]],[[114.014793,22.559817],[114.015107,22.557979]],[[114.014909,22.556618],[114.015125,22.556645]],[[114.017303,22.560605],[114.014874,22.560323]],[[114.014897,22.560182],[114.014874,22.560323]],[[114.02495,22.560957],[114.021549,22.560337],[114.014897,22.560182]],[[114.014923,22.560014],[114.014897,22.560182]],[[114.014923,22.560014],[114.021406,22.560157],[114.02501,22.560788]],[[114.014951,22.559838],[114.014923,22.560014]],[[114.015543,22.53363],[114.015489,22.533804]],[[114.017656,22.5341],[114.015666,22.533773],[114.015489,22.533804]],[[114.014951,22.559838],[114.015821,22.559914],[114.018661,22.559733]],[[114.015196,22.558456],[114.014951,22.559838]],[[114.015543,22.53363],[114.017663,22.534067]],[[114.046219,22.592333],[114.042547,22.592392],[114.033611,22.594618],[114.031266,22.594931],[114.028756,22.594965],[114.026148,22.594679],[114.023861,22.594146],[114.014318,22.590908]],[[114.015498,22.54173],[114.015439,22.541686]],[[114.015439,22.541686],[114.015776,22.539987]],[[114.015439,22.541686],[114.015515,22.541674]],[[114.015107,22.557979],[114.015125,22.556645]],[[114.015125,22.556645],[114.015447,22.555488]],[[114.015107,22.557979],[114.015624,22.555491]],[[114.017577,22.542071],[114.015498,22.54173]],[[114.015515,22.541674],[114.015498,22.54173]],[[114.015515,22.541674],[114.017595,22.542013]],[[114.015846,22.539998],[114.015515,22.541674]],[[114.015782,22.555493],[114.015196,22.558456]],[[114.015921,22.555495],[114.01577,22.55687],[114.015196,22.558456]],[[114.015846,22.539998],[114.015776,22.539987]],[[114.015776,22.539987],[114.01579,22.539919]],[[114.015447,22.555488],[114.015503,22.555312]],[[114.015624,22.555491],[114.015447,22.555488]],[[114.01579,22.539919],[114.015859,22.53993]],[[114.01579,22.539919],[114.015983,22.538974]],[[114.015503,22.555312],[114.017235,22.552487],[114.020761,22.547467],[114.021661,22.54508]],[[114.015503,22.555312],[114.015678,22.555315]],[[114.017954,22.540346],[114.015846,22.539998]],[[114.015859,22.53993],[114.015846,22.539998]],[[114.015859,22.53993],[114.015934,22.539942]],[[114.016056,22.539193],[114.015979,22.539327],[114.015859,22.53993]],[[114.015934,22.539942],[114.017969,22.540272]],[[114.016056,22.539193],[114.015934,22.539942]],[[114.015624,22.555491],[114.015678,22.555315]],[[114.015782,22.555493],[114.015624,22.555491]],[[114.015983,22.538974],[114.016012,22.538921]],[[114.015983,22.538974],[114.016061,22.538952],[114.016093,22.538994]],[[114.016181,22.530943],[114.016644,22.531048]],[[114.016181,22.530943],[114.017127,22.528682]],[[114.017923,22.532776],[114.016332,22.532504],[114.016163,22.532696]],[[114.015678,22.555315],[114.016222,22.554184],[114.0207,22.547796],[114.021785,22.545102]],[[114.015678,22.555315],[114.015841,22.555318]],[[114.016093,22.538994],[114.016056,22.539193]],[[114.016091,22.538937],[114.016093,22.538994]],[[114.015841,22.555318],[114.015782,22.555493]],[[114.015921,22.555495],[114.015782,22.555493]],[[114.021927,22.545127],[114.020787,22.547924],[114.016387,22.554208],[114.015841,22.555318]],[[114.015841,22.555318],[114.015975,22.555321]],[[114.014617,22.613349],[114.015033,22.612833],[114.015714,22.612333],[114.015665,22.611716]],[[114.015975,22.555321],[114.015921,22.555495]],[[114.018534,22.555566],[114.016497,22.555505],[114.015921,22.555495]],[[114.016519,22.61226],[114.015332,22.612687],[114.014687,22.613381]],[[114.014772,22.610339],[114.016277,22.611781],[114.018242,22.612562]],[[114.014772,22.610339],[114.016178,22.611842],[114.01815,22.612651]],[[114.016887,22.5537],[114.015975,22.555321]],[[114.015975,22.555321],[114.016186,22.555324],[114.019207,22.555407],[114.020839,22.555495],[114.021486,22.555492]],[[114.018074,22.612745],[114.016284,22.612026],[114.01486,22.610711]],[[114.015665,22.611716],[114.01486,22.610711]],[[114.016644,22.531048],[114.019588,22.531662]],[[114.017194,22.528711],[114.016534,22.53041],[114.016497,22.530772],[114.016644,22.531048]],[[114.017388,22.528764],[114.016644,22.531048]],[[114.016616,22.545776],[114.017131,22.544185]],[[114.017127,22.528682],[114.017194,22.528711]],[[114.017127,22.528682],[114.017949,22.527449]],[[114.017194,22.528711],[114.017388,22.528764]],[[114.018007,22.527488],[114.017194,22.528711]],[[114.017388,22.528764],[114.018766,22.528971]],[[114.018173,22.527581],[114.017388,22.528764]],[[114.021504,22.554356],[114.018581,22.554277],[114.016887,22.5537]],[[114.019246,22.550329],[114.016887,22.5537]],[[114.016519,22.61226],[114.015665,22.611716]],[[114.017274,22.544209],[114.017131,22.544185]],[[114.017131,22.544185],[114.017149,22.544096]],[[114.017149,22.544096],[114.017293,22.54412]],[[114.017149,22.544096],[114.017577,22.542071]],[[114.018878,22.544479],[114.017274,22.544209]],[[114.017293,22.54412],[114.017274,22.544209]],[[114.017293,22.54412],[114.018897,22.544387]],[[114.017697,22.542096],[114.017293,22.54412]],[[114.017112,22.555632],[114.017109,22.558745]],[[114.017109,22.558745],[114.017108,22.559112]],[[114.018481,22.558748],[114.017109,22.558745]],[[114.019675,22.534435],[114.017656,22.5341]],[[114.017656,22.5341],[114.017663,22.534067]],[[114.017663,22.534067],[114.019682,22.534398]],[[114.017663,22.534067],[114.017923,22.532776]],[[114.017697,22.542096],[114.017577,22.542071]],[[114.017577,22.542071],[114.017595,22.542013]],[[114.017595,22.542013],[114.017703,22.542035]],[[114.017595,22.542013],[114.017954,22.540346]],[[114.018007,22.527488],[114.017949,22.527449]],[[114.017949,22.527449],[114.018765,22.526566],[114.019655,22.525872],[114.022778,22.52411]],[[114.018173,22.527581],[114.018007,22.527488]],[[114.022817,22.524169],[114.019599,22.526003],[114.018007,22.527488]],[[114.020446,22.542574],[114.017697,22.542096]],[[114.017703,22.542035],[114.017697,22.542096]],[[114.017703,22.542035],[114.020455,22.542524]],[[114.018029,22.540358],[114.017703,22.542035]],[[114.017452,22.560751],[114.017303,22.560605]],[[114.017658,22.560587],[114.017303,22.560605]],[[114.017923,22.532776],[114.019931,22.533119]],[[114.017923,22.532776],[114.0181,22.531932]],[[114.017658,22.560587],[114.017452,22.560751]],[[114.018964,22.528002],[114.018173,22.527581]],[[114.022919,22.52433],[114.019762,22.526125],[114.018173,22.527581]],[[114.019826,22.53226],[114.0181,22.531932]],[[114.018154,22.530109],[114.018441,22.530185]],[[114.018029,22.540358],[114.017954,22.540346]],[[114.017954,22.540346],[114.017969,22.540272]],[[114.017969,22.540272],[114.018043,22.540284]],[[114.017969,22.540272],[114.018041,22.539834]],[[114.019224,22.540493],[114.022549,22.541065],[114.018029,22.540358]],[[114.018043,22.540284],[114.018029,22.540358]],[[114.018041,22.539834],[114.018051,22.539767]],[[114.018123,22.539808],[114.018041,22.539834]],[[114.018051,22.539767],[114.018123,22.539808]],[[114.018051,22.539767],[114.018137,22.539212]],[[114.018043,22.540284],[114.019224,22.540493]],[[114.018123,22.539808],[114.018043,22.540284]],[[114.018017,22.612827],[114.016519,22.61226]],[[114.018376,22.538856],[114.018117,22.538812]],[[114.018137,22.539212],[114.018117,22.538812]],[[114.024844,22.561284],[114.02173,22.560697],[114.020179,22.560608],[114.017658,22.560587]],[[114.018219,22.539222],[114.018123,22.539808]],[[114.018137,22.539212],[114.018165,22.539197],[114.018219,22.539222]],[[114.018342,22.53057],[114.018903,22.530717]],[[114.018832,22.530956],[114.018264,22.530874],[114.018342,22.53057]],[[114.018342,22.53057],[114.018441,22.530185]],[[114.018376,22.538856],[114.018219,22.539222]],[[114.018441,22.530185],[114.01945,22.530452]],[[114.018344,22.539304],[114.019448,22.539487]],[[114.018855,22.538937],[114.018376,22.538856]],[[114.018766,22.528971],[114.018899,22.52906]],[[114.018896,22.528171],[114.018766,22.528971]],[[114.019493,22.531133],[114.018832,22.530956]],[[114.018903,22.530717],[114.018832,22.530956]],[[114.018964,22.528002],[114.018896,22.528171]],[[114.019956,22.527563],[114.018896,22.528171]],[[114.018679,22.538402],[114.019133,22.538448]],[[114.018679,22.538402],[114.01892,22.53827],[114.019117,22.537293]],[[114.018899,22.52906],[114.019768,22.529225]],[[114.01939,22.530308],[114.018899,22.52906]],[[114.018903,22.530717],[114.019479,22.530869]],[[114.01974,22.527241],[114.018964,22.528002]],[[114.017048,22.6199],[114.017178,22.619733]],[[114.020064,22.53914],[114.018855,22.538937]],[[114.020064,22.53914],[114.019782,22.539197],[114.018855,22.538937]],[[114.028185,22.557387],[114.027035,22.556217],[114.025038,22.55583],[114.018534,22.555566]],[[114.018534,22.555566],[114.018481,22.558748]],[[114.018481,22.558748],[114.018676,22.558817],[114.018661,22.559733]],[[114.017178,22.619733],[114.017363,22.619811]],[[114.017302,22.61989],[114.017178,22.619733]],[[114.017178,22.619733],[114.019695,22.617249]],[[114.017302,22.61989],[114.017249,22.619964]],[[114.021691,22.544954],[114.018878,22.544479]],[[114.021661,22.54508],[114.018878,22.544479]],[[114.018897,22.544387],[114.021714,22.54486]],[[114.018897,22.544387],[114.019376,22.544361],[114.020078,22.544464]],[[114.019037,22.538054],[114.021326,22.538471]],[[114.019037,22.538054],[114.019133,22.538448]],[[114.019183,22.537304],[114.019037,22.538054]],[[114.017424,22.613974],[114.017485,22.61401]],[[114.017485,22.61401],[114.016793,22.614702],[114.017424,22.613974]],[[114.017424,22.613974],[114.018017,22.612827]],[[114.017409,22.620011],[114.017302,22.61989]],[[114.017363,22.619811],[114.017302,22.61989]],[[114.019117,22.537293],[114.019183,22.537304]],[[114.019117,22.537293],[114.019359,22.536055]],[[114.017485,22.61401],[114.018479,22.614621],[114.019385,22.613257]],[[114.018107,22.612854],[114.017485,22.61401]],[[114.017363,22.619811],[114.017471,22.619928]],[[114.019395,22.617764],[114.017363,22.619811]],[[114.018661,22.559733],[114.021751,22.559878],[114.025134,22.560454]],[[114.019133,22.538448],[114.023269,22.538978]],[[114.019183,22.537304],[114.021834,22.537753]],[[114.019424,22.536065],[114.019183,22.537304]],[[114.01939,22.530308],[114.020121,22.530394]],[[114.01945,22.530452],[114.01939,22.530308]],[[114.019224,22.540493],[114.019448,22.539487]],[[114.019471,22.530504],[114.01945,22.530452]],[[114.019471,22.530504],[114.020594,22.530638]],[[114.019588,22.531662],[114.019471,22.530504]],[[114.019424,22.536065],[114.019359,22.536055]],[[114.019359,22.536055],[114.01937,22.535998]],[[114.01937,22.535998],[114.019435,22.536009]],[[114.01937,22.535998],[114.019675,22.534435]],[[114.023744,22.536946],[114.023609,22.536761],[114.019424,22.536065]],[[114.019435,22.536009],[114.019424,22.536065]],[[114.019435,22.536009],[114.022131,22.536447]],[[114.019738,22.534453],[114.019435,22.536009]],[[114.019588,22.531662],[114.020582,22.531754]],[[114.019448,22.539487],[114.021075,22.539779]],[[114.01974,22.527241],[114.019956,22.527563]],[[114.021013,22.526505],[114.01974,22.527241]],[[114.019246,22.550329],[114.021458,22.551821],[114.021504,22.554356]],[[114.02207,22.545152],[114.021165,22.547508],[114.019246,22.550329]],[[114.019768,22.529225],[114.020236,22.529314]],[[114.019956,22.527563],[114.020513,22.528507],[114.019768,22.529225]],[[114.019738,22.534453],[114.019675,22.534435]],[[114.019675,22.534435],[114.019682,22.534398]],[[114.019682,22.534398],[114.019748,22.534402]],[[114.019682,22.534398],[114.019931,22.533119]],[[114.018107,22.612854],[114.018017,22.612827]],[[114.018017,22.612827],[114.018074,22.612745]],[[114.022419,22.534886],[114.019738,22.534453]],[[114.019748,22.534402],[114.019738,22.534453]],[[114.019748,22.534402],[114.022429,22.534834]],[[114.019996,22.53313],[114.019748,22.534402]],[[114.018187,22.612783],[114.018074,22.612745]],[[114.018074,22.612745],[114.01815,22.612651]],[[114.020531,22.532321],[114.019826,22.53226]],[[114.019931,22.533119],[114.02004,22.53248],[114.019826,22.53226]],[[114.019385,22.613257],[114.018107,22.612854]],[[114.018187,22.612783],[114.018107,22.612854]],[[114.021235,22.526828],[114.019956,22.527563]],[[114.01815,22.612651],[114.018307,22.612692]],[[114.01815,22.612651],[114.018242,22.612562]],[[114.02075,22.613725],[114.018187,22.612783]],[[114.018307,22.612692],[114.018187,22.612783]],[[114.019931,22.533119],[114.019996,22.53313]],[[114.018242,22.612562],[114.018423,22.612612]],[[114.018242,22.612562],[114.020674,22.611121],[114.022569,22.608494]],[[114.019996,22.53313],[114.022639,22.533581]],[[114.020531,22.532321],[114.020147,22.532487],[114.019996,22.53313]],[[114.018307,22.612692],[114.020791,22.613539]],[[114.018423,22.612612],[114.018307,22.612692]],[[114.020121,22.530394],[114.020594,22.530638]],[[114.020121,22.530394],[114.020236,22.529314]],[[114.018423,22.612612],[114.020791,22.613539]],[[114.022654,22.608568],[114.020698,22.61127],[114.018423,22.612612]],[[114.020236,22.529314],[114.021417,22.529604]],[[114.023126,22.539654],[114.020064,22.53914]],[[114.020078,22.544464],[114.021741,22.544745]],[[114.020446,22.542574],[114.020078,22.544464]],[[114.022539,22.53228],[114.021719,22.53235],[114.020531,22.532321]],[[114.020594,22.530638],[114.020835,22.530967]],[[114.020582,22.531754],[114.022741,22.53164]],[[114.020582,22.531754],[114.020835,22.530967]],[[114.0222,22.542953],[114.020446,22.542574]],[[114.020455,22.542524],[114.020446,22.542574]],[[114.020455,22.542524],[114.022269,22.542711]],[[114.020835,22.530967],[114.021417,22.529604]],[[114.021013,22.526505],[114.021235,22.526828]],[[114.021741,22.526096],[114.021013,22.526505]],[[114.019093,22.618643],[114.022016,22.618669]],[[114.021235,22.526828],[114.021868,22.528074],[114.022393,22.528548]],[[114.021956,22.526422],[114.021235,22.526828]],[[114.02075,22.613725],[114.019385,22.613257]],[[114.022933,22.614963],[114.019395,22.617764]],[[114.021187,22.616518],[114.019395,22.617764]],[[114.021417,22.529604],[114.021784,22.52993]],[[114.019695,22.617249],[114.022726,22.614846]],[[114.019695,22.617249],[114.022799,22.614887]],[[114.021956,22.526422],[114.021741,22.526096]],[[114.02261,22.525596],[114.021741,22.526096]],[[114.021784,22.52993],[114.022285,22.53043],[114.022845,22.530494]],[[114.022395,22.528634],[114.021784,22.52993]],[[114.022172,22.526755],[114.021956,22.526422]],[[114.022823,22.525928],[114.021956,22.526422]],[[114.021785,22.545102],[114.021661,22.54508]],[[114.021661,22.54508],[114.021691,22.544954]],[[114.021818,22.544976],[114.021691,22.544954]],[[114.021691,22.544954],[114.021714,22.54486]],[[114.021504,22.554356],[114.021486,22.555492]],[[114.021714,22.54486],[114.021842,22.544881]],[[114.021714,22.54486],[114.021741,22.544745]],[[114.021486,22.555492],[114.022906,22.555477]],[[114.021741,22.544745],[114.021872,22.544767]],[[114.021741,22.544745],[114.0222,22.542953]],[[114.023046,22.528099],[114.022172,22.526755]],[[114.023079,22.526327],[114.022172,22.526755]],[[114.021927,22.545127],[114.021785,22.545102]],[[114.021785,22.545102],[114.021818,22.544976]],[[114.021963,22.545],[114.021818,22.544976]],[[114.021818,22.544976],[114.021842,22.544881]],[[114.021842,22.544881],[114.021989,22.544906]],[[114.021842,22.544881],[114.021872,22.544767]],[[114.021872,22.544767],[114.02202,22.544792]],[[114.021872,22.544767],[114.023247,22.539674]],[[114.02207,22.545152],[114.021927,22.545127]],[[114.021963,22.545],[114.021927,22.545127]],[[114.022131,22.536447],[114.023836,22.536617]],[[114.022131,22.536447],[114.022419,22.534886]],[[114.022103,22.545024],[114.021963,22.545]],[[114.021989,22.544906],[114.021963,22.545]],[[114.021989,22.544906],[114.022128,22.544929]],[[114.02202,22.544792],[114.021989,22.544906]],[[114.02202,22.544792],[114.022157,22.544814]],[[114.023397,22.539699],[114.02202,22.544792]],[[114.022393,22.528548],[114.022395,22.528634]],[[114.023046,22.528099],[114.022393,22.528548]],[[114.022395,22.528634],[114.02308,22.529327],[114.022893,22.530039]],[[114.025029,22.545576],[114.02207,22.545152]],[[114.022103,22.545024],[114.02207,22.545152]],[[114.025029,22.545576],[114.022103,22.545024]],[[114.022128,22.544929],[114.022103,22.545024]],[[114.022128,22.544929],[114.025181,22.54551]],[[114.022157,22.544814],[114.022128,22.544929]],[[114.022157,22.544814],[114.025181,22.54551]],[[114.023511,22.539718],[114.022157,22.544814]],[[114.0222,22.542953],[114.022269,22.542711]],[[114.022823,22.525928],[114.02261,22.525596]],[[114.023421,22.525133],[114.02261,22.525596]],[[114.024256,22.535233],[114.022419,22.534886]],[[114.022419,22.534886],[114.022429,22.534834]],[[114.022429,22.534834],[114.023843,22.535063]],[[114.022429,22.534834],[114.022639,22.533581]],[[114.022269,22.542711],[114.023126,22.539654]],[[114.022726,22.614846],[114.02075,22.613725]],[[114.020791,22.613539],[114.022911,22.614731]],[[114.022639,22.533581],[114.022539,22.53228]],[[114.025384,22.531624],[114.022539,22.53228]],[[114.022817,22.524169],[114.022778,22.52411]],[[114.022778,22.52411],[114.022841,22.524075]],[[114.022919,22.52433],[114.022817,22.524169]],[[114.022879,22.524135],[114.022817,22.524169]],[[114.022841,22.524075],[114.022879,22.524135]],[[114.022841,22.524075],[114.024732,22.523035]],[[114.022639,22.533581],[114.024527,22.533903]],[[114.023079,22.526327],[114.022823,22.525928]],[[114.022879,22.524135],[114.022982,22.524294]],[[114.024776,22.523088],[114.022879,22.524135]],[[114.022845,22.530494],[114.022741,22.53164]],[[114.022741,22.53164],[114.024107,22.531426]],[[114.023421,22.525133],[114.022919,22.52433]],[[114.022982,22.524294],[114.022919,22.52433]],[[114.022893,22.530039],[114.022845,22.530494]],[[114.022982,22.524294],[114.023509,22.525157]],[[114.024902,22.523239],[114.022982,22.524294]],[[114.022893,22.530039],[114.023458,22.530054],[114.023611,22.529073],[114.025368,22.528388]],[[114.023403,22.526333],[114.023079,22.526327]],[[114.023483,22.527743],[114.023046,22.528099]],[[114.021187,22.616518],[114.021365,22.616656]],[[114.022678,22.615344],[114.021187,22.616518]],[[114.022466,22.605742],[114.021515,22.605098]],[[114.023226,22.531749],[114.024107,22.531426]],[[114.023226,22.531749],[114.025526,22.531189]],[[114.023994,22.52609],[114.023421,22.525133]],[[114.023471,22.527126],[114.023403,22.526333]],[[114.023994,22.52609],[114.023403,22.526333]],[[114.023247,22.539674],[114.023126,22.539654]],[[114.023126,22.539654],[114.023155,22.539543]],[[114.023277,22.539564],[114.023155,22.539543]],[[114.023155,22.539543],[114.023219,22.539278]],[[114.023509,22.525157],[114.024049,22.52606]],[[114.024621,22.524553],[114.023509,22.525157]],[[114.023483,22.527743],[114.023471,22.527126]],[[114.023471,22.527126],[114.024531,22.52693]],[[114.023219,22.539278],[114.023348,22.5393]],[[114.023219,22.539278],[114.023269,22.538978]],[[114.024744,22.527195],[114.023483,22.527743]],[[114.02299,22.555077],[114.022906,22.555477]],[[114.022906,22.555477],[114.023877,22.555507]],[[114.023397,22.539699],[114.023247,22.539674]],[[114.023247,22.539674],[114.023277,22.539564]],[[114.023269,22.538978],[114.023428,22.539005]],[[114.023269,22.538978],[114.023744,22.536946]],[[114.023425,22.539591],[114.023277,22.539564]],[[114.023277,22.539564],[114.023348,22.5393]],[[114.02299,22.555077],[114.022846,22.554915],[114.022986,22.5548],[114.023127,22.554946],[114.02299,22.555077]],[[114.023348,22.5393],[114.023494,22.539325]],[[114.023348,22.5393],[114.023428,22.539005]],[[114.023511,22.539718],[114.023397,22.539699]],[[114.023425,22.539591],[114.023397,22.539699]],[[114.023428,22.539005],[114.023571,22.539029]],[[114.023428,22.539005],[114.024439,22.535264]],[[114.023537,22.539611],[114.023425,22.539591]],[[114.023494,22.539325],[114.023425,22.539591]],[[114.023494,22.539325],[114.023611,22.539345]],[[114.023571,22.539029],[114.023494,22.539325]],[[114.035503,22.541647],[114.023511,22.539718]],[[114.023537,22.539611],[114.023511,22.539718]],[[114.035503,22.541647],[114.023537,22.539611]],[[114.023611,22.539345],[114.023537,22.539611]],[[114.023571,22.539029],[114.023719,22.539053]],[[114.024552,22.535265],[114.023571,22.539029]],[[114.023611,22.539345],[114.0356,22.541379]],[[114.023719,22.539053],[114.023611,22.539345]],[[114.023744,22.536946],[114.023836,22.536617]],[[114.024044,22.526171],[114.023994,22.52609]],[[114.024049,22.52606],[114.023994,22.52609]],[[114.023719,22.539053],[114.027373,22.539851]],[[114.024349,22.536919],[114.023719,22.539053]],[[114.023843,22.535063],[114.024281,22.535137]],[[114.023843,22.535063],[114.024375,22.534766]],[[114.024531,22.52693],[114.024044,22.526171]],[[114.024101,22.526143],[114.024044,22.526171]],[[114.024049,22.52606],[114.024101,22.526143]],[[114.023836,22.536617],[114.024256,22.535233]],[[114.024101,22.526143],[114.02459,22.526912]],[[114.025383,22.526164],[114.024704,22.525873],[114.024101,22.526143]],[[114.022626,22.608431],[114.022056,22.607301],[114.022133,22.606482],[114.022433,22.605953]],[[114.022569,22.608494],[114.022162,22.607999],[114.02194,22.607224],[114.022086,22.606361],[114.022433,22.605953]],[[114.022433,22.605953],[114.02256,22.605785]],[[114.02256,22.605785],[114.022466,22.605742]],[[114.022466,22.605742],[114.023852,22.604079],[114.023874,22.603684]],[[114.024107,22.531426],[114.024549,22.531313]],[[114.02256,22.605785],[114.024267,22.603835]],[[114.024182,22.53129],[114.024549,22.531313]],[[114.023264,22.601705],[114.02269,22.601626]],[[114.02269,22.601626],[114.022288,22.601656],[114.022009,22.602186],[114.022013,22.602802],[114.023836,22.603565]],[[114.023702,22.599839],[114.023371,22.599888],[114.022883,22.600448],[114.02269,22.601626]],[[114.022654,22.608568],[114.022569,22.608494]],[[114.022569,22.608494],[114.022626,22.608431]],[[114.022635,22.605973],[114.022305,22.607191],[114.022792,22.608245]],[[114.022635,22.605973],[114.022274,22.606553],[114.022193,22.607279],[114.022718,22.608327]],[[114.023068,22.605474],[114.022635,22.605973]],[[114.022374,22.620016],[114.023252,22.619084]],[[114.022706,22.6085],[114.022626,22.608431]],[[114.022626,22.608431],[114.022718,22.608327]],[[114.024609,22.609695],[114.022654,22.608568]],[[114.022706,22.6085],[114.022654,22.608568]],[[114.024681,22.562589],[114.023662,22.562397],[114.023545,22.562312],[114.023513,22.562164],[114.023679,22.561157]],[[114.024323,22.531252],[114.024621,22.529553],[114.025368,22.528388]],[[114.024439,22.535264],[114.024256,22.535233]],[[114.024256,22.535233],[114.024281,22.535137]],[[114.024281,22.535137],[114.024464,22.535168]],[[114.024281,22.535137],[114.024375,22.534766]],[[114.024609,22.609695],[114.022706,22.6085]],[[114.022788,22.608393],[114.022706,22.6085]],[[114.023726,22.561159],[114.023582,22.562289],[114.024578,22.562419]],[[114.022718,22.608327],[114.022788,22.608393]],[[114.022718,22.608327],[114.022792,22.608245]],[[114.023877,22.555507],[114.026358,22.555917]],[[114.02434,22.553722],[114.023877,22.555507]],[[114.024744,22.527195],[114.024531,22.52693]],[[114.024531,22.52693],[114.02459,22.526912]],[[114.022788,22.608393],[114.02466,22.609544]],[[114.022856,22.608303],[114.022788,22.608393]],[[114.022792,22.608245],[114.022856,22.608303]],[[114.022792,22.608245],[114.024579,22.606391]],[[114.024375,22.534766],[114.024831,22.533042],[114.025104,22.532596]],[[114.024362,22.536855],[114.024349,22.536919]],[[114.028046,22.537486],[114.024489,22.536913],[114.024349,22.536919]],[[114.024747,22.535271],[114.024362,22.536855]],[[114.024362,22.536855],[114.024505,22.536848],[114.027037,22.53728],[114.028046,22.537486]],[[114.023021,22.615013],[114.022678,22.615344]],[[114.025919,22.61674],[114.02329,22.615318],[114.022678,22.615344]],[[114.02459,22.526912],[114.024744,22.527195]],[[114.022856,22.608303],[114.02466,22.609544]],[[114.024632,22.606426],[114.022856,22.608303]],[[114.022799,22.614887],[114.022726,22.614846]],[[114.022726,22.614846],[114.022911,22.614731]],[[114.024552,22.535265],[114.02451,22.535272],[114.024439,22.535264]],[[114.024439,22.535264],[114.024464,22.535168]],[[114.024464,22.535168],[114.024572,22.535186]],[[114.024464,22.535168],[114.025104,22.532596]],[[114.024549,22.531313],[114.025602,22.531014]],[[114.024776,22.523088],[114.024732,22.523035]],[[114.024732,22.523035],[114.028915,22.52072]],[[114.022933,22.614963],[114.022799,22.614887]],[[114.022799,22.614887],[114.022946,22.614752]],[[114.024902,22.523239],[114.024776,22.523088]],[[114.027135,22.521784],[114.024776,22.523088]],[[114.024572,22.535186],[114.024552,22.535265]],[[114.024643,22.535198],[114.024552,22.535265]],[[114.024572,22.535186],[114.024643,22.535198]],[[114.025309,22.532683],[114.024572,22.535186]],[[114.025368,22.528388],[114.024744,22.527195]],[[114.023373,22.60514],[114.023068,22.605474]],[[114.024579,22.606391],[114.023448,22.605551],[114.023243,22.605472],[114.023068,22.605474]],[[114.022911,22.614731],[114.022946,22.614752]],[[114.022911,22.614731],[114.0231,22.614611]],[[114.024643,22.535198],[114.024747,22.535271]],[[114.025554,22.524026],[114.024902,22.523239]],[[114.027016,22.522066],[114.024902,22.523239]],[[114.023021,22.615013],[114.022933,22.614963]],[[114.023078,22.61483],[114.022933,22.614963]],[[114.022946,22.614752],[114.023078,22.61483]],[[114.022946,22.614752],[114.0231,22.614611]],[[114.025919,22.61674],[114.023021,22.615013]],[[114.023159,22.614878],[114.023021,22.615013]],[[114.025309,22.532683],[114.024747,22.535271]],[[114.023078,22.61483],[114.023159,22.614878]],[[114.024102,22.613872],[114.023078,22.61483]],[[114.0231,22.614611],[114.026618,22.611031]],[[114.0231,22.614611],[114.024102,22.613872]],[[114.023159,22.614878],[114.025761,22.616386]],[[114.023381,22.614658],[114.023159,22.614878]],[[114.023373,22.60514],[114.02346,22.605456],[114.024637,22.606332]],[[114.024429,22.603934],[114.023373,22.60514]],[[114.023702,22.599839],[114.023527,22.600799],[114.023656,22.601824],[114.023468,22.602052]],[[114.025104,22.532596],[114.025384,22.531624]],[[114.023381,22.614658],[114.0234,22.614892],[114.025761,22.616386]],[[114.024102,22.613872],[114.023381,22.614658]],[[114.026101,22.599787],[114.026134,22.599135],[114.025856,22.598412],[114.024376,22.597063],[114.023012,22.597476],[114.023704,22.598922],[114.023702,22.599839]],[[114.025851,22.534162],[114.025134,22.534023]],[[114.025151,22.53396],[114.025865,22.534097]],[[114.024681,22.562589],[114.024578,22.562419]],[[114.024578,22.562419],[114.024844,22.561284]],[[114.025368,22.528388],[114.026191,22.528007]],[[114.029475,22.546743],[114.025029,22.545576]],[[114.025537,22.531586],[114.025309,22.532683]],[[114.025372,22.562713],[114.024681,22.562589]],[[114.024308,22.603787],[114.026148,22.600905],[114.026463,22.599443],[114.025926,22.598018],[114.023978,22.596299]],[[114.023874,22.603684],[114.023836,22.603565]],[[114.023836,22.603565],[114.023972,22.603542]],[[114.025384,22.531624],[114.02545,22.531391]],[[114.025537,22.531586],[114.025384,22.531624]],[[114.027135,22.526482],[114.02768,22.525652],[114.025554,22.524026]],[[114.025554,22.524026],[114.029642,22.521939]],[[114.023972,22.603542],[114.023998,22.603642],[114.023952,22.603685],[114.023874,22.603684]],[[114.02545,22.531391],[114.025526,22.531189]],[[114.025623,22.531349],[114.02545,22.531391]],[[114.02409,22.596224],[114.026057,22.597964],[114.026483,22.598747],[114.026608,22.599557],[114.026376,22.600802],[114.02447,22.603883]],[[114.025181,22.54551],[114.02932,22.54653]],[[114.024918,22.561302],[114.024844,22.561284]],[[114.024844,22.561284],[114.02495,22.560957]],[[114.023972,22.603542],[114.024313,22.603327],[114.02556,22.601438],[114.026101,22.599787]],[[114.025526,22.531189],[114.025602,22.531014]],[[114.025526,22.531189],[114.025717,22.531143]],[[114.025623,22.531349],[114.025537,22.531586]],[[114.036197,22.530761],[114.032879,22.53044],[114.030733,22.530475],[114.025537,22.531586]],[[114.025637,22.561463],[114.024918,22.561302]],[[114.024918,22.561302],[114.024674,22.562487],[114.025342,22.562657]],[[114.025017,22.560971],[114.024918,22.561302]],[[114.025017,22.560971],[114.02495,22.560957]],[[114.02495,22.560957],[114.02501,22.560788]],[[114.025602,22.531014],[114.026572,22.52968],[114.027994,22.52873]],[[114.025602,22.531014],[114.025847,22.530912]],[[114.025717,22.531143],[114.025623,22.531349]],[[114.044526,22.531439],[114.03213,22.530232],[114.029544,22.530446],[114.025623,22.531349]],[[114.02501,22.560788],[114.025075,22.560801]],[[114.02501,22.560788],[114.025134,22.560454]],[[114.037604,22.563134],[114.025017,22.560971]],[[114.025075,22.560801],[114.025017,22.560971]],[[114.025075,22.560801],[114.037633,22.562987]],[[114.025206,22.560467],[114.025075,22.560801]],[[114.025847,22.530912],[114.025717,22.531143]],[[114.025717,22.531143],[114.029645,22.530257],[114.032465,22.530042],[114.044538,22.531272]],[[114.025134,22.560454],[114.025206,22.560467]],[[114.025134,22.560454],[114.025479,22.559673],[114.02587,22.559167],[114.028185,22.557387]],[[114.026055,22.567749],[114.024973,22.567987]],[[114.024429,22.603934],[114.024267,22.603835]],[[114.024267,22.603835],[114.024308,22.603787]],[[114.025206,22.560467],[114.02558,22.560544]],[[114.028309,22.557425],[114.025897,22.559258],[114.025206,22.560467]],[[114.028101,22.528902],[114.026949,22.529694],[114.025847,22.530912]],[[114.025847,22.530912],[114.029379,22.530092],[114.032601,22.529893]],[[114.024308,22.603787],[114.02447,22.603883]],[[114.025947,22.612006],[114.024102,22.613872]],[[114.025845,22.604796],[114.024429,22.603934]],[[114.02447,22.603883],[114.024429,22.603934]],[[114.025342,22.562657],[114.0254,22.562667]],[[114.025372,22.562713],[114.025342,22.562657]],[[114.025342,22.562657],[114.025637,22.561463]],[[114.02447,22.603883],[114.027641,22.60578]],[[114.029855,22.56362],[114.025372,22.562713]],[[114.0254,22.562667],[114.025372,22.562713]],[[114.0254,22.562667],[114.029904,22.563595]],[[114.025637,22.561463],[114.0254,22.562667]],[[114.026119,22.529837],[114.025947,22.529052],[114.026191,22.528007]],[[114.026191,22.528007],[114.027135,22.526482]],[[114.024632,22.606426],[114.024579,22.606391]],[[114.024579,22.606391],[114.024637,22.606332]],[[114.02558,22.560544],[114.027109,22.560844]],[[114.02558,22.560544],[114.026155,22.559378]],[[114.027655,22.605869],[114.026723,22.606599],[114.026065,22.606854],[114.025304,22.606795],[114.024632,22.606426]],[[114.024689,22.60637],[114.024632,22.606426]],[[114.024637,22.606332],[114.024689,22.60637]],[[114.024637,22.606332],[114.025831,22.605151],[114.025845,22.604796]],[[114.032459,22.562606],[114.025637,22.561463]],[[114.02668,22.610909],[114.024609,22.609695]],[[114.024689,22.60637],[114.025289,22.606723],[114.026048,22.606797],[114.0276,22.605835]],[[114.026263,22.605051],[114.024689,22.60637]],[[114.02466,22.609544],[114.026754,22.610769]],[[114.024776,22.619852],[114.024476,22.619663]],[[114.024496,22.619597],[114.024795,22.619776]],[[114.024742,22.619983],[114.024776,22.619852]],[[114.024895,22.619919],[114.024776,22.619852]],[[114.024776,22.619852],[114.024795,22.619776]],[[114.024795,22.619776],[114.024913,22.619843]],[[114.024795,22.619776],[114.025379,22.618344],[114.026273,22.616923]],[[114.027314,22.560068],[114.026649,22.559914],[114.026155,22.559378]],[[114.026155,22.559378],[114.027854,22.558086],[114.02864,22.558961]],[[114.024895,22.619919],[114.024872,22.620012]],[[114.025025,22.619992],[114.024895,22.619919]],[[114.024913,22.619843],[114.024895,22.619919]],[[114.024913,22.619843],[114.025186,22.620001]],[[114.025292,22.618828],[114.024913,22.619843]],[[114.027135,22.521784],[114.027016,22.522066]],[[114.029002,22.520965],[114.027016,22.522066]],[[114.027117,22.568527],[114.026413,22.568727],[114.026055,22.567749]],[[114.026055,22.567749],[114.026976,22.567538]],[[114.026358,22.555917],[114.027082,22.556056],[114.028283,22.557314]],[[114.026358,22.555917],[114.026544,22.555504],[114.027216,22.55563]],[[114.028931,22.520793],[114.027135,22.521784]],[[114.027135,22.526482],[114.030132,22.527087],[114.030937,22.526777],[114.031154,22.526985]],[[114.026597,22.61971],[114.025292,22.618828]],[[114.025656,22.61813],[114.025292,22.618828]],[[114.028349,22.604311],[114.025641,22.602755]],[[114.026263,22.605051],[114.025845,22.604796]],[[114.025656,22.61813],[114.028452,22.619765]],[[114.026399,22.616991],[114.025656,22.61813]],[[114.027373,22.539851],[114.027802,22.539926]],[[114.027373,22.539851],[114.028046,22.537486]],[[114.026315,22.59979],[114.026101,22.599787]],[[114.025761,22.616386],[114.026409,22.61672]],[[114.026921,22.611051],[114.025994,22.612044],[114.025947,22.612006]],[[114.025947,22.612006],[114.026618,22.611031]],[[114.026842,22.611005],[114.025947,22.612006]],[[114.027109,22.560844],[114.029862,22.561298]],[[114.027109,22.560844],[114.027314,22.560068]],[[114.026273,22.616923],[114.025919,22.61674]],[[114.026976,22.567538],[114.027117,22.568527]],[[114.029463,22.565308],[114.027786,22.565938],[114.027226,22.566615],[114.026976,22.567538]],[[114.027994,22.52873],[114.027878,22.528545]],[[114.0276,22.605835],[114.026263,22.605051]],[[114.028294,22.568218],[114.02731,22.568543],[114.027117,22.568527]],[[114.027117,22.568527],[114.028008,22.569571],[114.029117,22.570018]],[[114.027117,22.568527],[114.028269,22.568152]],[[114.027314,22.560068],[114.029979,22.560489]],[[114.027314,22.560068],[114.02864,22.558961]],[[114.028101,22.528902],[114.027994,22.52873]],[[114.027994,22.52873],[114.031154,22.526985]],[[114.027802,22.539926],[114.041804,22.542251]],[[114.028046,22.537486],[114.02763,22.539665],[114.027802,22.539926]],[[114.028297,22.529223],[114.028101,22.528902]],[[114.031699,22.52687],[114.028101,22.528902]],[[114.028028,22.53253],[114.029099,22.532729]],[[114.026399,22.616991],[114.026273,22.616923]],[[114.026273,22.616923],[114.026409,22.61672]],[[114.029356,22.618757],[114.029236,22.618259],[114.028112,22.617935],[114.026399,22.616991]],[[114.02653,22.616795],[114.026399,22.616991]],[[114.026409,22.61672],[114.02653,22.616795]],[[114.026409,22.61672],[114.029275,22.61247]],[[114.028994,22.529842],[114.028194,22.529798],[114.028297,22.529223]],[[114.028297,22.529223],[114.028639,22.529196],[114.028994,22.529842]],[[114.026618,22.611031],[114.02668,22.610909]],[[114.026618,22.611031],[114.026706,22.610925]],[[114.02653,22.616795],[114.028513,22.617892],[114.029762,22.61797]],[[114.029388,22.612547],[114.02653,22.616795]],[[114.026706,22.610925],[114.02668,22.610909]],[[114.02668,22.610909],[114.026754,22.610769]],[[114.026842,22.611005],[114.026706,22.610925]],[[114.026706,22.610925],[114.026808,22.610801]],[[114.026754,22.610769],[114.026808,22.610801]],[[114.026754,22.610769],[114.028552,22.608464]],[[114.026808,22.610801],[114.026942,22.61088]],[[114.026808,22.610801],[114.028552,22.608464]],[[114.026921,22.611051],[114.026842,22.611005]],[[114.026942,22.61088],[114.026842,22.611005]],[[114.029275,22.61247],[114.026921,22.611051]],[[114.027029,22.610931],[114.026921,22.611051]],[[114.026942,22.61088],[114.027029,22.610931]],[[114.028717,22.608562],[114.026942,22.61088]],[[114.028931,22.520793],[114.028915,22.52072]],[[114.028915,22.52072],[114.028931,22.520712]],[[114.028931,22.520712],[114.028992,22.520761]],[[114.028931,22.520712],[114.033509,22.518271]],[[114.029002,22.520965],[114.028931,22.520793]],[[114.028992,22.520761],[114.028931,22.520793]],[[114.027029,22.610931],[114.029367,22.612317]],[[114.028717,22.608562],[114.027029,22.610931]],[[114.028309,22.557425],[114.028185,22.557387]],[[114.028185,22.557387],[114.028283,22.557314]],[[114.027953,22.599196],[114.027324,22.597746]],[[114.027324,22.597746],[114.026568,22.596984],[114.026281,22.596992],[114.027036,22.598145],[114.027424,22.599315],[114.027953,22.599196]],[[114.027324,22.597746],[114.027969,22.596959]],[[114.028992,22.520761],[114.029111,22.520908]],[[114.031222,22.519572],[114.028992,22.520761]],[[114.029642,22.521939],[114.029002,22.520965]],[[114.029111,22.520908],[114.029002,22.520965]],[[114.028283,22.557314],[114.028309,22.557425]],[[114.028283,22.557314],[114.02917,22.556639]],[[114.029408,22.556632],[114.028309,22.557425]],[[114.029111,22.520908],[114.029633,22.52169]],[[114.03048,22.52019],[114.029111,22.520908]],[[114.029216,22.529801],[114.028994,22.529842]],[[114.028269,22.568152],[114.028294,22.568218]],[[114.029605,22.5662],[114.028357,22.567031],[114.028159,22.567588],[114.028269,22.568152]],[[114.028269,22.568152],[114.030427,22.567439]],[[114.028294,22.568218],[114.028679,22.568709],[114.029294,22.568917]],[[114.030531,22.567478],[114.028294,22.568218]],[[114.030973,22.523942],[114.029285,22.524889]],[[114.027655,22.605869],[114.0276,22.605835]],[[114.0276,22.605835],[114.027641,22.60578]],[[114.02864,22.558961],[114.029979,22.560489]],[[114.02864,22.558961],[114.029345,22.558373]],[[114.027641,22.60578],[114.027696,22.605815]],[[114.027641,22.60578],[114.028349,22.604311]],[[114.029454,22.607191],[114.027655,22.605869]],[[114.027696,22.605815],[114.027655,22.605869]],[[114.027696,22.605815],[114.0295,22.607139]],[[114.029491,22.602422],[114.028988,22.602975],[114.027696,22.605815]],[[114.028061,22.599491],[114.027953,22.599196]],[[114.027953,22.599196],[114.028912,22.598728]],[[114.029633,22.52169],[114.030207,22.522548]],[[114.029633,22.52169],[114.030577,22.521147],[114.030705,22.521349]],[[114.03009,22.522614],[114.029642,22.521939]],[[114.028061,22.599491],[114.027278,22.599645],[114.027292,22.599947],[114.028527,22.599815],[114.029218,22.600231],[114.029532,22.600008]],[[114.029089,22.599641],[114.02859,22.599478],[114.028061,22.599491]],[[114.02932,22.54653],[114.029604,22.546391]],[[114.02932,22.54653],[114.029533,22.546595]],[[114.02917,22.556639],[114.0293,22.556541]],[[114.029408,22.556632],[114.02917,22.556639]],[[114.032209,22.547614],[114.029475,22.546743]],[[114.029533,22.546595],[114.029475,22.546743]],[[114.0293,22.556541],[114.029408,22.556632]],[[114.0293,22.556541],[114.033416,22.553516]],[[114.029533,22.546595],[114.029769,22.546666]],[[114.029604,22.546391],[114.029533,22.546595]],[[114.030705,22.521349],[114.030071,22.521707]],[[114.030973,22.523942],[114.03009,22.522614]],[[114.030207,22.522548],[114.03009,22.522614]],[[114.028349,22.604311],[114.028984,22.602852],[114.029457,22.602369]],[[114.029345,22.558373],[114.030271,22.559336]],[[114.029345,22.558373],[114.030331,22.557547]],[[114.029604,22.546391],[114.029769,22.546666]],[[114.032474,22.546194],[114.029868,22.545623],[114.029604,22.546391]],[[114.029117,22.570018],[114.029315,22.570037],[114.029902,22.569989]],[[114.029294,22.568917],[114.029117,22.570018]],[[114.029408,22.556632],[114.030331,22.557547]],[[114.031404,22.555152],[114.029408,22.556632]],[[114.030705,22.521349],[114.030839,22.521561],[114.030219,22.521916]],[[114.030207,22.522548],[114.031093,22.523874]],[[114.03127,22.521901],[114.030207,22.522548]],[[114.029769,22.546666],[114.032245,22.547414]],[[114.029294,22.568917],[114.029374,22.568919],[114.029453,22.568915],[114.030611,22.568777],[114.032142,22.568963]],[[114.029605,22.5662],[114.029448,22.565729],[114.029463,22.565308]],[[114.029463,22.565308],[114.029855,22.56362]],[[114.029527,22.565298],[114.029463,22.565308]],[[114.028552,22.608464],[114.029454,22.607191]],[[114.031286,22.521789],[114.03048,22.52019]],[[114.031294,22.519615],[114.03048,22.52019]],[[114.029527,22.565298],[114.029662,22.566171]],[[114.029917,22.563645],[114.029527,22.565298]],[[114.028452,22.619765],[114.028912,22.619617]],[[114.02862,22.619929],[114.028452,22.619765]],[[114.030427,22.567439],[114.029605,22.5662]],[[114.029662,22.566171],[114.029605,22.5662]],[[114.02963,22.607338],[114.028717,22.608562]],[[114.029662,22.566171],[114.030491,22.567418]],[[114.029862,22.561298],[114.031043,22.561462]],[[114.029979,22.560489],[114.029862,22.561298]],[[114.029917,22.563645],[114.029855,22.56362]],[[114.029855,22.56362],[114.029904,22.563595]],[[114.029345,22.599815],[114.029089,22.599641]],[[114.029089,22.599641],[114.029702,22.599149]],[[114.029904,22.563595],[114.031515,22.564341],[114.03291,22.564503]],[[114.029904,22.563595],[114.029917,22.563645]],[[114.029979,22.560489],[114.031154,22.560674]],[[114.032912,22.564532],[114.031477,22.564361],[114.029917,22.563645]],[[114.028785,22.619875],[114.028912,22.619617]],[[114.029902,22.569989],[114.029538,22.57083],[114.029636,22.571067],[114.030383,22.571392],[114.031736,22.571417]],[[114.029902,22.569989],[114.030554,22.569968],[114.031456,22.570241]],[[114.028912,22.619617],[114.029356,22.618757]],[[114.029532,22.600008],[114.029345,22.599815]],[[114.029532,22.600008],[114.030075,22.599622],[114.029905,22.599417],[114.029345,22.599815]],[[114.032521,22.526235],[114.030973,22.523942]],[[114.031093,22.523874],[114.030973,22.523942]],[[114.030271,22.559336],[114.031233,22.560335]],[[114.030271,22.559336],[114.031284,22.558499]],[[114.030331,22.557547],[114.030654,22.55787]],[[114.031093,22.523874],[114.032633,22.526172]],[[114.033229,22.522711],[114.031093,22.523874]],[[114.032443,22.614956],[114.030373,22.617502],[114.029057,22.61983]],[[114.031222,22.519572],[114.031294,22.519615]],[[114.033547,22.518332],[114.031222,22.519572]],[[114.029491,22.602422],[114.029457,22.602369]],[[114.029457,22.602369],[114.03091,22.601385]],[[114.029747,22.600336],[114.029532,22.600008]],[[114.029388,22.612547],[114.029275,22.61247]],[[114.029275,22.61247],[114.029367,22.612317]],[[114.029628,22.602792],[114.029491,22.602422]],[[114.030971,22.601435],[114.029491,22.602422]],[[114.031294,22.519615],[114.031757,22.519889]],[[114.032112,22.519186],[114.031294,22.519615]],[[114.031154,22.526985],[114.031487,22.526802]],[[114.031395,22.521915],[114.03127,22.521901]],[[114.03127,22.521901],[114.031286,22.521789]],[[114.02963,22.607338],[114.029454,22.607191]],[[114.029454,22.607191],[114.0295,22.607139]],[[114.031286,22.521789],[114.031363,22.521774],[114.031407,22.5218]],[[114.029367,22.612317],[114.029481,22.612394]],[[114.029367,22.612317],[114.03046,22.610237],[114.031866,22.608714]],[[114.0295,22.607139],[114.029669,22.607293]],[[114.0295,22.607139],[114.03205,22.604497]],[[114.032268,22.61487],[114.029388,22.612547]],[[114.029481,22.612394],[114.029388,22.612547]],[[114.029628,22.602792],[114.029797,22.603246]],[[114.029628,22.602792],[114.031348,22.602249]],[[114.031395,22.521915],[114.031983,22.5224]],[[114.031407,22.5218],[114.031395,22.521915]],[[114.030531,22.567478],[114.030427,22.567439]],[[114.030427,22.567439],[114.030491,22.567418]],[[114.031407,22.5218],[114.032042,22.52094]],[[114.029481,22.612394],[114.032347,22.614775]],[[114.032108,22.608783],[114.03062,22.610328],[114.029481,22.612394]],[[114.030654,22.55787],[114.030685,22.5579]],[[114.030654,22.55787],[114.032542,22.556229]],[[114.03032,22.60103],[114.029747,22.600336]],[[114.029747,22.600336],[114.030288,22.599947]],[[114.029356,22.618757],[114.029762,22.61797]],[[114.030685,22.5579],[114.031284,22.558499]],[[114.032572,22.556259],[114.030685,22.5579]],[[114.031866,22.608714],[114.030793,22.608301],[114.02963,22.607338]],[[114.029669,22.607293],[114.02963,22.607338]],[[114.030491,22.567418],[114.030531,22.567478]],[[114.030491,22.567418],[114.033229,22.566511]],[[114.029669,22.607293],[114.030694,22.608153],[114.031542,22.608554]],[[114.031505,22.605461],[114.029669,22.607293]],[[114.032432,22.568187],[114.030682,22.56783],[114.030531,22.567478]],[[114.033259,22.566565],[114.030531,22.567478]],[[114.030703,22.603256],[114.029881,22.603504],[114.029797,22.603246]],[[114.029797,22.603246],[114.030609,22.602986]],[[114.031487,22.526802],[114.032521,22.526235]],[[114.031487,22.526802],[114.031581,22.5268],[114.031626,22.526812],[114.031699,22.52687]],[[114.031757,22.519889],[114.032468,22.520312]],[[114.031757,22.519889],[114.032202,22.519276]],[[114.032601,22.529893],[114.032698,22.528454],[114.031699,22.52687]],[[114.032605,22.526368],[114.031699,22.52687]],[[114.029762,22.61797],[114.032268,22.61487]],[[114.03032,22.60103],[114.030174,22.601165]],[[114.031043,22.561462],[114.032819,22.561739]],[[114.031043,22.561462],[114.03129,22.560696]],[[114.031154,22.560674],[114.03129,22.560696]],[[114.031154,22.560674],[114.031233,22.560335]],[[114.031983,22.5224],[114.032888,22.522239],[114.033032,22.522384]],[[114.031983,22.5224],[114.032716,22.521362]],[[114.03091,22.601385],[114.03032,22.60103]],[[114.032042,22.52094],[114.032716,22.521362]],[[114.032042,22.52094],[114.032468,22.520312]],[[114.032112,22.519186],[114.032202,22.519276]],[[114.033646,22.518492],[114.032112,22.519186]],[[114.031233,22.560335],[114.032248,22.559497]],[[114.03098,22.572249],[114.03084,22.572606],[114.031687,22.573664],[114.033135,22.573285],[114.032968,22.572242],[114.03223,22.571665]],[[114.03098,22.572249],[114.032364,22.571427]],[[114.03223,22.571665],[114.03098,22.572249]],[[114.031284,22.558499],[114.032248,22.559497]],[[114.031284,22.558499],[114.032058,22.557778]],[[114.031404,22.555152],[114.032339,22.556034]],[[114.033453,22.553586],[114.031404,22.555152]],[[114.03129,22.560696],[114.033444,22.56107]],[[114.032202,22.519276],[114.032927,22.51972]],[[114.030703,22.603256],[114.030609,22.602986]],[[114.030609,22.602986],[114.031522,22.602722]],[[114.032468,22.520312],[114.03317,22.520753]],[[114.032468,22.520312],[114.032927,22.51972]],[[114.031617,22.60298],[114.030703,22.603256]],[[114.031456,22.570241],[114.032058,22.570503]],[[114.031456,22.570241],[114.032142,22.568963]],[[114.032511,22.522133],[114.032963,22.521517]],[[114.03091,22.601385],[114.030971,22.601435]],[[114.03091,22.601385],[114.031735,22.598776],[114.032462,22.59798],[114.033176,22.597593],[114.034365,22.597404],[114.03538,22.597575],[114.036179,22.597959],[114.037529,22.599091]],[[114.032605,22.526368],[114.032521,22.526235]],[[114.032521,22.526235],[114.032633,22.526172]],[[114.030971,22.601435],[114.031348,22.602249]],[[114.037441,22.599129],[114.035429,22.597662],[114.03447,22.597483],[114.033443,22.597619],[114.032556,22.598069],[114.031796,22.598875],[114.030971,22.601435]],[[114.033728,22.528388],[114.032605,22.526368]],[[114.032719,22.526302],[114.032605,22.526368]],[[114.032716,22.521362],[114.032963,22.521517]],[[114.032716,22.521362],[114.03317,22.520753]],[[114.032633,22.526172],[114.032719,22.526302]],[[114.032633,22.526172],[114.034692,22.525039]],[[114.034375,22.548236],[114.032209,22.547614]],[[114.032245,22.547414],[114.032209,22.547614]],[[114.032601,22.529893],[114.033403,22.529934]],[[114.032245,22.547414],[114.03441,22.548067]],[[114.032474,22.546194],[114.032245,22.547414]],[[114.031736,22.571417],[114.032058,22.570503]],[[114.031736,22.571417],[114.032364,22.571427]],[[114.032719,22.526302],[114.033859,22.528352]],[[114.033935,22.525606],[114.032719,22.526302]],[[114.032058,22.557778],[114.033095,22.558806]],[[114.032058,22.557778],[114.03313,22.556788]],[[114.032927,22.51972],[114.033603,22.520135]],[[114.032927,22.51972],[114.033752,22.518613]],[[114.031367,22.606797],[114.031137,22.606544]],[[114.032963,22.521517],[114.033439,22.521814]],[[114.032963,22.521517],[114.033401,22.5209]],[[114.032474,22.546194],[114.032641,22.545482],[114.034844,22.545792]],[[114.032649,22.540023],[114.035718,22.540507]],[[114.033229,22.522711],[114.033032,22.522384]],[[114.033032,22.522384],[114.033439,22.521814]],[[114.032248,22.559497],[114.033607,22.560856]],[[114.032248,22.559497],[114.033095,22.558806]],[[114.031348,22.602249],[114.031522,22.602722]],[[114.032339,22.556034],[114.032542,22.556229]],[[114.032339,22.556034],[114.033297,22.555302],[114.034076,22.555933]],[[114.032058,22.570503],[114.03275,22.57095]],[[114.03317,22.520753],[114.033401,22.5209]],[[114.03317,22.520753],[114.033603,22.520135]],[[114.032142,22.568963],[114.033716,22.569765]],[[114.032142,22.568963],[114.032432,22.568187]],[[114.031658,22.607689],[114.031367,22.606797]],[[114.03259,22.606412],[114.031367,22.606797]],[[114.031182,22.618186],[114.03402,22.619901]],[[114.034812,22.521815],[114.033229,22.522711]],[[114.031522,22.602722],[114.031617,22.60298]],[[114.032542,22.556229],[114.032572,22.556259]],[[114.031236,22.617585],[114.03266,22.618507]],[[114.031505,22.605461],[114.03259,22.606412]],[[114.032402,22.604576],[114.031505,22.605461]],[[114.032435,22.571436],[114.03223,22.571665]],[[114.032572,22.556259],[114.03313,22.556788]],[[114.03317,22.562726],[114.032459,22.562606]],[[114.03291,22.564503],[114.032704,22.562859],[114.032459,22.562606]],[[114.031617,22.60298],[114.03205,22.604497]],[[114.033401,22.5209],[114.033881,22.521204]],[[114.033401,22.5209],[114.03383,22.520274]],[[114.031542,22.608554],[114.031921,22.608659]],[[114.031542,22.608554],[114.031743,22.608371]],[[114.032432,22.568187],[114.033735,22.567146]],[[114.032364,22.571427],[114.032435,22.571436]],[[114.032364,22.571427],[114.03275,22.57095]],[[114.033547,22.518332],[114.033509,22.518271]],[[114.033509,22.518271],[114.035136,22.517404]],[[114.033439,22.521814],[114.033847,22.521251]],[[114.033646,22.518492],[114.033547,22.518332]],[[114.035172,22.517466],[114.033547,22.518332]],[[114.032807,22.570987],[114.032435,22.571436]],[[114.031743,22.608371],[114.031658,22.607689]],[[114.031658,22.607689],[114.03306,22.607575]],[[114.033603,22.520135],[114.03383,22.520274]],[[114.033603,22.520135],[114.034428,22.518997]],[[114.033752,22.518613],[114.033646,22.518492]],[[114.035262,22.517631],[114.033646,22.518492]],[[114.033403,22.529934],[114.034101,22.529996]],[[114.033403,22.529934],[114.033733,22.529599],[114.033728,22.528388]],[[114.031743,22.608371],[114.032178,22.608406]],[[114.032819,22.561739],[114.033304,22.561822]],[[114.032819,22.561739],[114.033444,22.56107]],[[114.034428,22.518997],[114.033752,22.518613]],[[114.032108,22.608783],[114.031866,22.608714]],[[114.031866,22.608714],[114.031921,22.608659]],[[114.031921,22.608659],[114.032162,22.608727]],[[114.031921,22.608659],[114.032178,22.608406]],[[114.03383,22.520274],[114.034299,22.520562]],[[114.03383,22.520274],[114.034615,22.519176]],[[114.03275,22.57095],[114.032807,22.570987]],[[114.03275,22.57095],[114.033716,22.569765]],[[114.035592,22.564268],[114.032902,22.563865]],[[114.032902,22.563865],[114.032992,22.564523]],[[114.03317,22.562726],[114.032807,22.562941],[114.032902,22.563865]],[[114.03205,22.604497],[114.034455,22.602106]],[[114.03291,22.564503],[114.032992,22.564523]],[[114.032912,22.564532],[114.03291,22.564503]],[[114.033229,22.566511],[114.032912,22.564532]],[[114.032992,22.564523],[114.032912,22.564532]],[[114.033847,22.521251],[114.034754,22.521101]],[[114.033847,22.521251],[114.033881,22.521204]],[[114.032807,22.570987],[114.034319,22.571782]],[[114.033786,22.569805],[114.032807,22.570987]],[[114.033881,22.521204],[114.034299,22.520562]],[[114.033859,22.528352],[114.033728,22.528388]],[[114.03313,22.556788],[114.035074,22.558627]],[[114.03313,22.556788],[114.034076,22.555933]],[[114.033095,22.558806],[114.034585,22.559116]],[[114.032992,22.564523],[114.033345,22.566518]],[[114.03536,22.611121],[114.033735,22.6094],[114.032108,22.608783]],[[114.032162,22.608727],[114.032108,22.608783]],[[114.033322,22.552336],[114.033601,22.552377]],[[114.033859,22.528352],[114.033858,22.529688],[114.034101,22.529996]],[[114.03521,22.52773],[114.033859,22.528352]],[[114.034723,22.526858],[114.033935,22.525606]],[[114.035685,22.524639],[114.033935,22.525606]],[[114.032162,22.608727],[114.033142,22.609011]],[[114.034383,22.606759],[114.032162,22.608727]],[[114.032178,22.608406],[114.03306,22.607575]],[[114.03561,22.563171],[114.03317,22.562726]],[[114.033453,22.553586],[114.033416,22.553516]],[[114.033416,22.553516],[114.033601,22.552377]],[[114.033416,22.553516],[114.033479,22.553512]],[[114.034989,22.55506],[114.033453,22.553586]],[[114.033479,22.553512],[114.033453,22.553586]],[[114.033479,22.553512],[114.034785,22.554651]],[[114.03369,22.552391],[114.033479,22.553512]],[[114.033304,22.561822],[114.034078,22.561955]],[[114.033672,22.560893],[114.033182,22.561566],[114.033304,22.561822]],[[114.033439,22.605738],[114.032402,22.604576]],[[114.034622,22.602289],[114.032402,22.604576]],[[114.033229,22.566511],[114.033345,22.566518]],[[114.033259,22.566565],[114.033229,22.566511]],[[114.033735,22.567146],[114.033259,22.566565]],[[114.033345,22.566518],[114.033259,22.566565]],[[114.034692,22.525039],[114.034166,22.524202]],[[114.033601,22.552377],[114.03369,22.552391]],[[114.033601,22.552377],[114.033921,22.550681]],[[114.032443,22.614956],[114.032268,22.61487]],[[114.032268,22.61487],[114.032347,22.614775]],[[114.034299,22.520562],[114.034712,22.519904],[114.034615,22.519176]],[[114.034101,22.529996],[114.038201,22.53042]],[[114.033444,22.56107],[114.033607,22.560856]],[[114.033345,22.566518],[114.03398,22.567232],[114.035298,22.567802]],[[114.032347,22.614775],[114.032508,22.614877]],[[114.032347,22.614775],[114.03536,22.611121]],[[114.033735,22.550068],[114.034024,22.550108]],[[114.034005,22.550725],[114.03369,22.552391]],[[114.034615,22.519176],[114.034428,22.518997]],[[114.03259,22.606412],[114.033478,22.607229]],[[114.033439,22.605738],[114.03259,22.606412]],[[114.033428,22.615507],[114.032443,22.614956]],[[114.032508,22.614877],[114.032443,22.614956]],[[114.033607,22.560856],[114.033672,22.560893]],[[114.033607,22.560856],[114.034157,22.560246],[114.035036,22.559563]],[[114.032508,22.614877],[114.033505,22.615439]],[[114.035499,22.611261],[114.032508,22.614877]],[[114.035085,22.559612],[114.033672,22.560893]],[[114.033921,22.550681],[114.034005,22.550725]],[[114.033921,22.550681],[114.034024,22.550108]],[[114.034005,22.550725],[114.034266,22.55086]],[[114.034467,22.548257],[114.034005,22.550725]],[[114.034024,22.550108],[114.034375,22.548236]],[[114.035253,22.567872],[114.033735,22.567146]],[[114.03266,22.618507],[114.034612,22.619597]],[[114.03266,22.618507],[114.032915,22.618272]],[[114.034754,22.521101],[114.034812,22.521815]],[[114.036254,22.519481],[114.034988,22.520356],[114.034754,22.521101]],[[114.033716,22.569765],[114.033786,22.569805]],[[114.033716,22.569765],[114.035253,22.567872]],[[114.034692,22.525039],[114.037442,22.523527]],[[114.034076,22.555933],[114.036052,22.557717]],[[114.034076,22.555933],[114.034989,22.55506]],[[114.03488,22.521862],[114.034812,22.521815]],[[114.033786,22.569805],[114.034849,22.570388]],[[114.035364,22.56791],[114.033786,22.569805]],[[114.03521,22.52773],[114.034723,22.526858]],[[114.03648,22.52591],[114.034723,22.526858]],[[114.034266,22.55086],[114.033782,22.553365],[114.034183,22.553844]],[[114.036195,22.522726],[114.03488,22.521862]],[[114.03488,22.521862],[114.036254,22.519481]],[[114.034266,22.55086],[114.03584,22.551674]],[[114.03306,22.607575],[114.033478,22.607229]],[[114.034078,22.561955],[114.036475,22.562394]],[[114.035934,22.560328],[114.034707,22.560907],[114.034078,22.561955]],[[114.034467,22.548257],[114.034375,22.548236]],[[114.034375,22.548236],[114.03441,22.548067]],[[114.03441,22.548067],[114.034498,22.548093]],[[114.03441,22.548067],[114.034844,22.545792]],[[114.032915,22.618272],[114.031671,22.61714],[114.033428,22.615507]],[[114.032915,22.618272],[114.034262,22.617029]],[[114.03508,22.551116],[114.034377,22.550768]],[[114.033142,22.609011],[114.034005,22.609513],[114.035398,22.611075]],[[114.033142,22.609011],[114.035365,22.608073]],[[114.036516,22.548776],[114.034467,22.548257]],[[114.034498,22.548093],[114.034467,22.548257]],[[114.035136,22.517404],[114.035172,22.517466]],[[114.035136,22.517404],[114.038387,22.515682]],[[114.034498,22.548093],[114.03655,22.548625]],[[114.034943,22.545799],[114.034498,22.548093]],[[114.035172,22.517466],[114.035262,22.517631]],[[114.038409,22.515751],[114.035172,22.517466]],[[114.035262,22.517631],[114.036254,22.519481]],[[114.036653,22.516887],[114.035262,22.517631]],[[114.034243,22.606608],[114.033439,22.605738]],[[114.033478,22.607229],[114.034243,22.606608]],[[114.037009,22.531176],[114.036959,22.531411],[114.035131,22.531007]],[[114.037223,22.529378],[114.035064,22.529164],[114.03521,22.52773]],[[114.03744,22.527482],[114.03521,22.52773]],[[114.034844,22.545792],[114.035301,22.543772]],[[114.034585,22.559116],[114.035036,22.559563]],[[114.035036,22.559563],[114.034934,22.559477],[114.034585,22.559116]],[[114.035074,22.558627],[114.034585,22.559116]],[[114.034319,22.571782],[114.035974,22.571842]],[[114.034849,22.570388],[114.034319,22.571782]],[[114.037001,22.617359],[114.033428,22.615507]],[[114.034943,22.545799],[114.0379,22.54635]],[[114.035169,22.544632],[114.034943,22.545799]],[[114.034785,22.554651],[114.035191,22.554526]],[[114.034785,22.554651],[114.035169,22.555009]],[[114.033505,22.615439],[114.037043,22.617271]],[[114.033505,22.615439],[114.034688,22.614339]],[[114.035169,22.544632],[114.036039,22.544773]],[[114.035306,22.543904],[114.035169,22.544632]],[[114.038277,22.556174],[114.036228,22.555865],[114.034989,22.55506]],[[114.034989,22.55506],[114.035169,22.555009]],[[114.035867,22.551536],[114.03508,22.551116]],[[114.03508,22.551116],[114.035307,22.550116]],[[114.035685,22.524639],[114.03648,22.52591]],[[114.037575,22.5236],[114.035685,22.524639]],[[114.035301,22.543772],[114.035565,22.543814]],[[114.035409,22.54385],[114.035301,22.543772]],[[114.035301,22.543772],[114.035306,22.543904]],[[114.035665,22.541674],[114.035301,22.543772]],[[114.035301,22.543772],[114.035456,22.543235]],[[114.035409,22.54385],[114.035306,22.543904]],[[114.035036,22.559563],[114.035085,22.559612]],[[114.035036,22.559563],[114.036689,22.558281]],[[114.036052,22.557717],[114.035074,22.558627]],[[114.035169,22.555009],[114.036505,22.555794],[114.03839,22.556027]],[[114.035191,22.554526],[114.035169,22.555009]],[[114.035554,22.543873],[114.035409,22.54385]],[[114.034849,22.570388],[114.035537,22.570418]],[[114.03556,22.553003],[114.035191,22.554526]],[[114.036148,22.50983],[114.036944,22.511136]],[[114.037438,22.507749],[114.035399,22.508431],[114.036148,22.50983]],[[114.038018,22.509384],[114.036148,22.50983]],[[114.035085,22.559612],[114.035934,22.560328]],[[114.036744,22.558323],[114.035085,22.559612]],[[114.035456,22.543235],[114.035669,22.543269]],[[114.035456,22.543235],[114.035747,22.541688]],[[114.035665,22.541674],[114.035503,22.541647]],[[114.0356,22.541379],[114.035856,22.541421]],[[114.0356,22.541379],[114.035665,22.541674]],[[114.038328,22.544319],[114.035554,22.543873]],[[114.035565,22.543814],[114.035554,22.543873]],[[114.035565,22.543814],[114.038337,22.544265]],[[114.035669,22.543269],[114.035565,22.543814]],[[114.034383,22.606759],[114.034243,22.606608]],[[114.034243,22.606608],[114.036437,22.604743]],[[114.035747,22.541688],[114.035665,22.541674]],[[114.035718,22.540507],[114.035915,22.540537]],[[114.035933,22.540345],[114.035718,22.540507]],[[114.035669,22.543269],[114.038439,22.5437]],[[114.035753,22.542813],[114.035669,22.543269]],[[114.037146,22.541904],[114.035747,22.541688]],[[114.035747,22.541688],[114.035856,22.541421]],[[114.034622,22.602289],[114.034455,22.602106]],[[114.034455,22.602106],[114.034546,22.602023]],[[114.035365,22.608073],[114.034383,22.606759]],[[114.0366,22.60496],[114.034383,22.606759]],[[114.036254,22.519481],[114.037153,22.520091]],[[114.037802,22.518658],[114.036254,22.519481]],[[114.037442,22.523527],[114.036195,22.522726]],[[114.036195,22.522726],[114.036427,22.522409]],[[114.03556,22.553003],[114.037139,22.553456]],[[114.03584,22.551674],[114.03556,22.553003]],[[114.035364,22.56791],[114.035253,22.567872]],[[114.035253,22.567872],[114.035298,22.567802]],[[114.034546,22.602023],[114.034707,22.602201]],[[114.034546,22.602023],[114.037441,22.599129]],[[114.035856,22.541421],[114.041804,22.542251]],[[114.035298,22.567802],[114.035414,22.567842]],[[114.035298,22.567802],[114.03643,22.56587]],[[114.035915,22.540537],[114.037824,22.540657],[114.038004,22.540831]],[[114.035933,22.540345],[114.035915,22.540537]],[[114.036121,22.540177],[114.035933,22.540345]],[[114.036437,22.604743],[114.034622,22.602289]],[[114.034707,22.602201],[114.034622,22.602289]],[[114.036992,22.568564],[114.035364,22.56791]],[[114.035414,22.567842],[114.035364,22.56791]],[[114.036906,22.530836],[114.036197,22.530761]],[[114.037009,22.531176],[114.036197,22.530761]],[[114.035414,22.567842],[114.036969,22.568488]],[[114.035879,22.567047],[114.035414,22.567842]],[[114.034707,22.602201],[114.036531,22.60466]],[[114.035699,22.601163],[114.034707,22.602201]],[[114.036427,22.522409],[114.036011,22.522135],[114.037153,22.520091]],[[114.037656,22.523409],[114.037542,22.52316],[114.037986,22.52243],[114.036917,22.521738],[114.036427,22.522409]],[[114.03584,22.551674],[114.036636,22.552082]],[[114.035867,22.551536],[114.03584,22.551674]],[[114.0361,22.563239],[114.03561,22.563171]],[[114.035765,22.563488],[114.03561,22.563171]],[[114.036417,22.565446],[114.035647,22.564639],[114.035592,22.564268]],[[114.035592,22.564268],[114.035765,22.563488]],[[114.036108,22.550508],[114.035867,22.551536]],[[114.037035,22.540324],[114.036121,22.540177]],[[114.039011,22.540239],[114.039189,22.539904],[114.038099,22.539698],[114.036442,22.539888],[114.036121,22.540177]],[[114.037802,22.518658],[114.036653,22.516887]],[[114.038703,22.51623],[114.038214,22.516069],[114.036653,22.516887]],[[114.03648,22.52591],[114.036974,22.526719]],[[114.038788,22.525402],[114.037622,22.525308],[114.03648,22.52591]],[[114.035537,22.570418],[114.035974,22.571842]],[[114.035537,22.570418],[114.036409,22.569837]],[[114.0361,22.563239],[114.035765,22.563488]],[[114.038767,22.511665],[114.0375,22.511974],[114.036944,22.511136]],[[114.036944,22.511136],[114.038471,22.510697]],[[114.038496,22.510763],[114.036944,22.511136]],[[114.036108,22.550508],[114.037063,22.550728]],[[114.036318,22.549617],[114.036108,22.550508]],[[114.03742,22.561299],[114.035934,22.560328]],[[114.035934,22.560328],[114.036567,22.560059],[114.037857,22.558961]],[[114.036052,22.557717],[114.036689,22.558281]],[[114.035879,22.567047],[114.037334,22.567565]],[[114.038176,22.565833],[114.036664,22.565847],[114.035879,22.567047]],[[114.036318,22.549617],[114.037319,22.549859]],[[114.036516,22.548776],[114.036318,22.549617]],[[114.036214,22.563257],[114.0361,22.563239]],[[114.035974,22.571842],[114.037053,22.571389]],[[114.036974,22.526719],[114.03744,22.527482]],[[114.036974,22.526719],[114.037827,22.526293],[114.038682,22.526338]],[[114.038489,22.549268],[114.036516,22.548776]],[[114.03655,22.548625],[114.036516,22.548776]],[[114.040622,22.53123],[114.036906,22.530836]],[[114.036906,22.530836],[114.037021,22.531118]],[[114.037567,22.563324],[114.036214,22.563257]],[[114.037535,22.563486],[114.036214,22.563257]],[[114.037153,22.520091],[114.037987,22.520516]],[[114.03655,22.548625],[114.037167,22.548786]],[[114.037438,22.507749],[114.038018,22.509384]],[[114.03894,22.507241],[114.037438,22.507749]],[[114.037987,22.531702],[114.037009,22.531176]],[[114.037021,22.531118],[114.037009,22.531176]],[[114.035365,22.608073],[114.037255,22.607286]],[[114.037021,22.531118],[114.038006,22.531647]],[[114.03743,22.512087],[114.037907,22.512708],[114.039067,22.512449]],[[114.035499,22.611261],[114.03536,22.611121]],[[114.03536,22.611121],[114.035398,22.611075]],[[114.036636,22.552082],[114.037642,22.552599]],[[114.036636,22.552082],[114.037063,22.550728]],[[114.035398,22.611075],[114.035534,22.611217]],[[114.035398,22.611075],[114.038493,22.607339]],[[114.036475,22.562394],[114.037696,22.562658]],[[114.036475,22.562394],[114.037652,22.562892]],[[114.036417,22.565446],[114.036923,22.565644]],[[114.03643,22.56587],[114.036417,22.565446]],[[114.03643,22.56587],[114.036923,22.565644]],[[114.037223,22.529378],[114.038313,22.5295]],[[114.03744,22.527482],[114.037223,22.529378]],[[114.038174,22.603281],[114.035699,22.601163]],[[114.036622,22.600218],[114.035699,22.601163]],[[114.038666,22.614227],[114.035499,22.611261]],[[114.035534,22.611217],[114.035499,22.611261]],[[114.037035,22.540324],[114.038253,22.540427]],[[114.038219,22.540062],[114.037035,22.540324]],[[114.036409,22.569837],[114.037795,22.57066]],[[114.036409,22.569837],[114.036992,22.568564]],[[114.035534,22.611217],[114.037088,22.61266]],[[114.038622,22.607459],[114.035534,22.611217]],[[114.036689,22.558281],[114.036744,22.558323]],[[114.036689,22.558281],[114.037558,22.557131]],[[114.037442,22.523527],[114.037575,22.5236]],[[114.037442,22.523527],[114.037656,22.523409]],[[114.036744,22.558323],[114.037857,22.558961]],[[114.037617,22.557165],[114.036744,22.558323]],[[114.037999,22.515043],[114.037685,22.514568]],[[114.037685,22.514568],[114.039504,22.513674]],[[114.039535,22.513762],[114.037685,22.514568]],[[114.038565,22.527374],[114.03744,22.527482]],[[114.041724,22.542484],[114.037146,22.541904]],[[114.039168,22.542363],[114.037146,22.541904]],[[114.037575,22.5236],[114.038894,22.52431]],[[114.040313,22.522091],[114.037575,22.5236]],[[114.037063,22.550728],[114.038026,22.550945]],[[114.037063,22.550728],[114.037319,22.549859]],[[114.037656,22.523409],[114.041764,22.52115]],[[114.038708,22.520125],[114.037802,22.518658]],[[114.039595,22.517674],[114.037802,22.518658]],[[114.037167,22.548786],[114.039791,22.549463]],[[114.0379,22.54635],[114.037777,22.547386],[114.037167,22.548786]],[[114.038018,22.509384],[114.038471,22.510697]],[[114.039395,22.509069],[114.038018,22.509384]],[[114.037139,22.553456],[114.038097,22.55368]],[[114.037642,22.552599],[114.037139,22.553456]],[[114.037987,22.531702],[114.037601,22.532768]],[[114.03806,22.515143],[114.037999,22.515043]],[[114.037999,22.515043],[114.04071,22.514031]],[[114.036923,22.565644],[114.038577,22.565753]],[[114.038387,22.515682],[114.03806,22.515143]],[[114.040751,22.514153],[114.03806,22.515143]],[[114.037319,22.549859],[114.038264,22.550083]],[[114.037319,22.549859],[114.037403,22.549572]],[[114.038862,22.521393],[114.037987,22.520516]],[[114.037987,22.520516],[114.038708,22.520125]],[[114.035866,22.619934],[114.037001,22.617359]],[[114.036969,22.568488],[114.03855,22.569135]],[[114.036969,22.568488],[114.037334,22.567565]],[[114.038097,22.55368],[114.037275,22.554981]],[[114.038522,22.569191],[114.036992,22.568564]],[[114.037101,22.617411],[114.036012,22.619929]],[[114.037053,22.571389],[114.037584,22.572121],[114.038392,22.572685]],[[114.037053,22.571389],[114.037795,22.57066]],[[114.038605,22.53209],[114.037987,22.531702]],[[114.038006,22.531647],[114.037987,22.531702]],[[114.0366,22.60496],[114.036437,22.604743]],[[114.036437,22.604743],[114.036531,22.60466]],[[114.038006,22.531647],[114.038623,22.532033]],[[114.038471,22.510697],[114.038496,22.510763]],[[114.038471,22.510697],[114.039748,22.510411]],[[114.038387,22.515682],[114.038477,22.51572]],[[114.038409,22.515751],[114.038387,22.515682]],[[114.038387,22.515682],[114.040964,22.514771]],[[114.038496,22.510763],[114.038767,22.511665]],[[114.039766,22.510481],[114.038496,22.510763]],[[114.03742,22.561299],[114.037507,22.561304],[114.037626,22.561289],[114.039383,22.560922]],[[114.038561,22.559354],[114.03742,22.561299]],[[114.038703,22.51623],[114.038409,22.515751]],[[114.038477,22.51572],[114.038409,22.515751]],[[114.036622,22.600218],[114.03908,22.602351]],[[114.037563,22.599267],[114.036622,22.600218]],[[114.037642,22.552599],[114.038487,22.553029]],[[114.036531,22.60466],[114.036696,22.604875]],[[114.036531,22.60466],[114.03818,22.603338]],[[114.037334,22.567565],[114.038904,22.567434],[114.040693,22.568183]],[[114.037558,22.557131],[114.037617,22.557165]],[[114.037558,22.557131],[114.038277,22.556174]],[[114.038477,22.51572],[114.038698,22.516067]],[[114.040478,22.514999],[114.038477,22.51572]],[[114.037617,22.557165],[114.039398,22.558143]],[[114.038349,22.556182],[114.037617,22.557165]],[[114.03752,22.606178],[114.0366,22.60496]],[[114.036696,22.604875],[114.0366,22.60496]],[[114.038201,22.53042],[114.040759,22.530719]],[[114.038313,22.5295],[114.038201,22.53042]],[[114.0379,22.54635],[114.039161,22.546426]],[[114.038577,22.565753],[114.038889,22.565555],[114.039267,22.56449],[114.038179,22.56363],[114.037535,22.563486]],[[114.037567,22.563324],[114.037535,22.563486]],[[114.037298,22.575548],[114.037323,22.574881],[114.037451,22.574542]],[[114.037604,22.563134],[114.037567,22.563324]],[[114.039879,22.563684],[114.038071,22.563362],[114.037775,22.563323],[114.037567,22.563324]],[[114.038214,22.533315],[114.038605,22.53209]],[[114.036696,22.604875],[114.03736,22.605752]],[[114.038365,22.603483],[114.036696,22.604875]],[[114.040353,22.529725],[114.038313,22.5295]],[[114.038565,22.527374],[114.038313,22.5295]],[[114.039952,22.563546],[114.037604,22.563134]],[[114.037633,22.562987],[114.037604,22.563134]],[[114.037515,22.574546],[114.037354,22.575548]],[[114.037633,22.562987],[114.040024,22.56341]],[[114.037652,22.562892],[114.037633,22.562987]],[[114.037652,22.562892],[114.040071,22.563322]],[[114.037652,22.562892],[114.037696,22.562658]],[[114.038767,22.511665],[114.038891,22.511952]],[[114.038891,22.511952],[114.038809,22.511853],[114.038767,22.511665]],[[114.038767,22.511665],[114.040002,22.511385]],[[114.037696,22.562658],[114.040124,22.562107]],[[114.038698,22.516067],[114.040334,22.518605]],[[114.040555,22.515181],[114.039458,22.515471],[114.038757,22.515837],[114.038698,22.516067]],[[114.037515,22.574546],[114.037451,22.574542]],[[114.037451,22.574542],[114.038107,22.573051]],[[114.039595,22.517674],[114.038703,22.51623]],[[114.039011,22.540239],[114.038219,22.540062]],[[114.038253,22.540427],[114.038219,22.540062]],[[114.039395,22.509069],[114.03894,22.507241]],[[114.040491,22.506745],[114.03894,22.507241]],[[114.039119,22.574574],[114.037677,22.574553],[114.037515,22.574546]],[[114.038151,22.573084],[114.037515,22.574546]],[[114.038026,22.550945],[114.038484,22.551048]],[[114.038264,22.550083],[114.038026,22.550945]],[[114.037857,22.558961],[114.038561,22.559354]],[[114.041002,22.540681],[114.040888,22.541029],[114.039404,22.541029],[114.038528,22.540807],[114.038253,22.540427]],[[114.038253,22.540427],[114.038391,22.540403],[114.038631,22.540451],[114.039386,22.540665],[114.041002,22.540681]],[[114.038708,22.520125],[114.040536,22.519125]],[[114.038891,22.511952],[114.039067,22.512449]],[[114.038682,22.526338],[114.038565,22.527374]],[[114.040866,22.527161],[114.038565,22.527374]],[[114.038487,22.553029],[114.038097,22.55368]],[[114.038788,22.525402],[114.038682,22.526338]],[[114.039169,22.544419],[114.038328,22.544319]],[[114.038328,22.544319],[114.038337,22.544265]],[[114.038337,22.544265],[114.03917,22.544376]],[[114.038337,22.544265],[114.038439,22.5437]],[[114.039882,22.532894],[114.038605,22.53209]],[[114.038605,22.53209],[114.038623,22.532033]],[[114.037795,22.57066],[114.038522,22.569191]],[[114.038623,22.532033],[114.039928,22.532852]],[[114.04134,22.526152],[114.04007,22.525545],[114.038788,22.525402]],[[114.038894,22.52431],[114.038788,22.525402]],[[114.039067,22.512449],[114.039504,22.513674]],[[114.038489,22.549268],[114.038264,22.550083]],[[114.038439,22.5437],[114.039142,22.543713]],[[114.038894,22.52431],[114.039364,22.524145]],[[114.038349,22.556182],[114.038277,22.556174]],[[114.038277,22.556174],[114.03839,22.556027]],[[114.037088,22.61266],[114.038712,22.614146]],[[114.037088,22.61266],[114.038015,22.611273]],[[114.037101,22.617411],[114.037001,22.617359]],[[114.037001,22.617359],[114.037043,22.617271]],[[114.03979,22.549602],[114.038489,22.549268]],[[114.040575,22.556452],[114.038349,22.556182]],[[114.038466,22.556032],[114.038349,22.556182]],[[114.037255,22.607286],[114.037757,22.607985]],[[114.03752,22.606178],[114.037047,22.606404],[114.036478,22.605634],[114.03617,22.605795],[114.037255,22.607286]],[[114.037043,22.617271],[114.037142,22.61732]],[[114.037043,22.617271],[114.038666,22.614227]],[[114.038834,22.533863],[114.039882,22.532894]],[[114.037563,22.599267],[114.037441,22.599129]],[[114.037441,22.599129],[114.037529,22.599091]],[[114.039143,22.565574],[114.038848,22.565863],[114.038176,22.565833]],[[114.041253,22.566823],[114.039148,22.565957],[114.038176,22.565833]],[[114.03839,22.556027],[114.038466,22.556032]],[[114.03839,22.556027],[114.039642,22.554302],[114.039778,22.553348]],[[114.039748,22.510411],[114.039395,22.509069]],[[114.04092,22.508735],[114.039395,22.509069]],[[114.040734,22.61926],[114.037101,22.617411]],[[114.037142,22.61732],[114.037101,22.617411]],[[114.038487,22.553029],[114.039778,22.553348]],[[114.03736,22.605752],[114.038573,22.607241]],[[114.03736,22.605752],[114.037581,22.605515]],[[114.037529,22.599091],[114.037638,22.599173]],[[114.037529,22.599091],[114.03955,22.597208],[114.040329,22.596892],[114.041733,22.596729]],[[114.037142,22.61732],[114.040732,22.619166]],[[114.038759,22.614306],[114.037142,22.61732]],[[114.038466,22.556032],[114.040383,22.556239]],[[114.03985,22.553352],[114.039681,22.554357],[114.038466,22.556032]],[[114.038151,22.573084],[114.038107,22.573051]],[[114.038107,22.573051],[114.038392,22.572685]],[[114.040071,22.60118],[114.037563,22.599267]],[[114.037638,22.599173],[114.037563,22.599267]],[[114.039138,22.573835],[114.038151,22.573084]],[[114.038437,22.572715],[114.038151,22.573084]],[[114.037638,22.599173],[114.038947,22.600136]],[[114.041768,22.596823],[114.039625,22.597288],[114.037638,22.599173]],[[114.038493,22.607339],[114.03752,22.606178]],[[114.039504,22.513674],[114.039535,22.513762]],[[114.039504,22.513674],[114.040482,22.513264]],[[114.038561,22.559354],[114.03929,22.559738]],[[114.039398,22.558143],[114.038561,22.559354]],[[114.040485,22.513361],[114.039535,22.513762]],[[114.037581,22.605515],[114.03789,22.605771],[114.038293,22.605392]],[[114.037602,22.604816],[114.03723,22.605236],[114.037581,22.605515]],[[114.038293,22.605392],[114.037602,22.604816]],[[114.038388,22.604665],[114.038018,22.604346],[114.037602,22.604816]],[[114.041023,22.540222],[114.039524,22.540332],[114.039011,22.540239]],[[114.039364,22.524145],[114.041556,22.524951]],[[114.039364,22.524145],[114.04119,22.523605]],[[114.038392,22.572685],[114.038437,22.572715]],[[114.038392,22.572685],[114.038746,22.572274]],[[114.039766,22.510481],[114.039748,22.510411]],[[114.039748,22.510411],[114.041232,22.510076]],[[114.040536,22.519125],[114.039595,22.517674]],[[114.038577,22.565753],[114.038745,22.565765],[114.038905,22.565681],[114.039879,22.563684]],[[114.038792,22.572306],[114.038437,22.572715]],[[114.040002,22.511385],[114.039766,22.510481]],[[114.041249,22.510152],[114.039766,22.510481]],[[114.040074,22.569824],[114.038522,22.569191]],[[114.038522,22.569191],[114.03855,22.569135]],[[114.03855,22.569135],[114.040113,22.56977]],[[114.041724,22.542484],[114.039168,22.542363]],[[114.039168,22.542363],[114.039142,22.543713]],[[114.039142,22.543713],[114.03917,22.544376]],[[114.03917,22.544376],[114.039835,22.544384]],[[114.03917,22.544376],[114.039169,22.544419]],[[114.03979,22.544424],[114.039249,22.544422],[114.039169,22.544419]],[[114.039169,22.544419],[114.039161,22.546426]],[[114.039161,22.546426],[114.03979,22.546461]],[[114.039161,22.546426],[114.039114,22.549094]],[[114.041465,22.511055],[114.040002,22.511385]],[[114.038746,22.572274],[114.038792,22.572306]],[[114.038746,22.572274],[114.039629,22.571234],[114.039774,22.570453],[114.040074,22.569824]],[[114.038792,22.572306],[114.039774,22.573082]],[[114.040131,22.569846],[114.039667,22.571289],[114.038792,22.572306]],[[114.03818,22.603338],[114.038174,22.603281]],[[114.038174,22.603281],[114.038215,22.603272],[114.038235,22.603287]],[[114.038365,22.603483],[114.03818,22.603338]],[[114.03818,22.603338],[114.038235,22.603287]],[[114.038015,22.611273],[114.039812,22.612194]],[[114.038015,22.611273],[114.039235,22.608979],[114.040628,22.609206]],[[114.038235,22.603287],[114.038418,22.603432]],[[114.038235,22.603287],[114.03908,22.602351]],[[114.039143,22.565574],[114.039168,22.565887],[114.039987,22.566222]],[[114.040026,22.56371],[114.039143,22.565574]],[[114.038293,22.605392],[114.038742,22.604968],[114.038388,22.604665]],[[114.03929,22.559738],[114.039925,22.560042]],[[114.040726,22.558897],[114.040006,22.558608],[114.03929,22.559738]],[[114.038822,22.603841],[114.038365,22.603483]],[[114.038418,22.603432],[114.038365,22.603483]],[[114.040484,22.533281],[114.039882,22.532894]],[[114.039882,22.532894],[114.039928,22.532852]],[[114.038388,22.604665],[114.038933,22.604111],[114.038822,22.603841]],[[114.038418,22.603432],[114.039258,22.604093]],[[114.04021,22.601287],[114.038418,22.603432]],[[114.039928,22.532852],[114.040491,22.533215]],[[114.040491,22.506745],[114.04092,22.508735]],[[114.042053,22.506237],[114.040491,22.506745]],[[114.040575,22.556452],[114.039398,22.558143]],[[114.039383,22.560922],[114.04055,22.561431]],[[114.039383,22.560922],[114.039925,22.560042]],[[114.040473,22.574668],[114.039119,22.574574]],[[114.039138,22.573835],[114.039119,22.574574]],[[114.039774,22.573082],[114.039138,22.573835]],[[114.040334,22.518605],[114.041875,22.521089]],[[114.040334,22.518605],[114.041924,22.517752]],[[114.03986,22.544428],[114.03979,22.544424]],[[114.03979,22.546461],[114.03979,22.544424]],[[114.03979,22.544424],[114.039835,22.544384]],[[114.040482,22.513264],[114.040555,22.513336]],[[114.040485,22.513361],[114.040482,22.513264]],[[114.040482,22.513264],[114.040061,22.511671],[114.04155,22.511346]],[[114.040482,22.513264],[114.041878,22.512866]],[[114.04071,22.514031],[114.040485,22.513361]],[[114.040555,22.513336],[114.040485,22.513361]],[[114.03979,22.546461],[114.03987,22.546464]],[[114.039791,22.549463],[114.03979,22.546461]],[[114.039835,22.544384],[114.03986,22.544428]],[[114.039835,22.544384],[114.042029,22.544396]],[[114.040313,22.522091],[114.04119,22.523605]],[[114.041832,22.52125],[114.040313,22.522091]],[[114.038622,22.607459],[114.038493,22.607339]],[[114.038493,22.607339],[114.038573,22.607241]],[[114.040478,22.514999],[114.040555,22.515181]],[[114.040985,22.514834],[114.040478,22.514999]],[[114.03986,22.544428],[114.03987,22.546464]],[[114.042016,22.544434],[114.03986,22.544428]],[[114.040555,22.513336],[114.040785,22.514008]],[[114.041898,22.512956],[114.040555,22.513336]],[[114.039791,22.549463],[114.039864,22.54948]],[[114.03979,22.549602],[114.039791,22.549463]],[[114.039863,22.549622],[114.03979,22.549602]],[[114.039778,22.553348],[114.03979,22.549602]],[[114.03987,22.546464],[114.041487,22.546499]],[[114.03987,22.546464],[114.039868,22.548268]],[[114.038573,22.607241],[114.038709,22.60736]],[[114.038573,22.607241],[114.040158,22.605314]],[[114.040555,22.515181],[114.041924,22.517752]],[[114.039868,22.548268],[114.039864,22.54948]],[[114.039868,22.548268],[114.04145,22.54828]],[[114.039778,22.553348],[114.03985,22.553352]],[[114.040761,22.608654],[114.038622,22.607459]],[[114.038709,22.60736],[114.038622,22.607459]],[[114.039864,22.54948],[114.041333,22.549845]],[[114.039864,22.54948],[114.039863,22.549622]],[[114.0415,22.55002],[114.039863,22.549622]],[[114.039863,22.549622],[114.039855,22.551918]],[[114.041764,22.52115],[114.040536,22.519125]],[[114.039855,22.551918],[114.03985,22.553352]],[[114.039855,22.551918],[114.041447,22.551944]],[[114.040353,22.529725],[114.040525,22.529758]],[[114.040866,22.527161],[114.040353,22.529725]],[[114.03985,22.553352],[114.041169,22.553374]],[[114.038709,22.60736],[114.040833,22.608524]],[[114.042299,22.602926],[114.038709,22.60736]],[[114.040751,22.514153],[114.04071,22.514031]],[[114.04071,22.514031],[114.040785,22.514008]],[[114.039213,22.604148],[114.038822,22.603841]],[[114.040964,22.514771],[114.040751,22.514153]],[[114.040827,22.514131],[114.040751,22.514153]],[[114.040785,22.514008],[114.040827,22.514131]],[[114.040785,22.514008],[114.044678,22.513237]],[[114.038947,22.600136],[114.040171,22.601071]],[[114.04062,22.598786],[114.040252,22.598627],[114.039688,22.598776],[114.038947,22.600136]],[[114.038759,22.614306],[114.038666,22.614227]],[[114.038666,22.614227],[114.038712,22.614146]],[[114.04092,22.508735],[114.041232,22.510076]],[[114.042457,22.508409],[114.04092,22.508735]],[[114.040827,22.514131],[114.041039,22.51475]],[[114.044695,22.513366],[114.040827,22.514131]],[[114.038712,22.614146],[114.038804,22.614225]],[[114.038712,22.614146],[114.039812,22.612194]],[[114.040525,22.529758],[114.040883,22.529841]],[[114.040786,22.530504],[114.040184,22.530406],[114.040525,22.529758]],[[114.043944,22.534651],[114.043006,22.534446],[114.040484,22.533281]],[[114.040484,22.533281],[114.040491,22.533215]],[[114.040535,22.533243],[114.040484,22.533281]],[[114.040491,22.533215],[114.040535,22.533243]],[[114.040491,22.533215],[114.040622,22.53123]],[[114.040566,22.615388],[114.038759,22.614306]],[[114.038804,22.614225],[114.038759,22.614306]],[[114.039925,22.560042],[114.041038,22.560575]],[[114.039925,22.560042],[114.040726,22.558897]],[[114.040026,22.56371],[114.039879,22.563684]],[[114.039879,22.563684],[114.039952,22.563546]],[[114.040535,22.533243],[114.043944,22.534651]],[[114.040765,22.531245],[114.040535,22.533243]],[[114.038804,22.614225],[114.040642,22.615333]],[[114.040291,22.611569],[114.038804,22.614225]],[[114.03908,22.602351],[114.040071,22.60118]],[[114.040985,22.514834],[114.040964,22.514771]],[[114.040964,22.514771],[114.041039,22.51475]],[[114.040765,22.531245],[114.040622,22.53123]],[[114.04106,22.514811],[114.040985,22.514834]],[[114.040097,22.563576],[114.039952,22.563546]],[[114.039952,22.563546],[114.040024,22.56341]],[[114.039774,22.573082],[114.04151,22.573633]],[[114.041039,22.51475],[114.04106,22.514811]],[[114.041039,22.51475],[114.042534,22.514402],[114.044787,22.514106]],[[114.042329,22.514509],[114.04106,22.514811]],[[114.040024,22.56341],[114.04017,22.563437]],[[114.040024,22.56341],[114.040071,22.563322]],[[114.043668,22.564857],[114.04225,22.564201],[114.040026,22.56371]],[[114.040097,22.563576],[114.040026,22.56371]],[[114.039987,22.566222],[114.040963,22.566635]],[[114.039987,22.566222],[114.040523,22.565085],[114.04113,22.565334]],[[114.040759,22.530719],[114.041728,22.530874]],[[114.040786,22.530504],[114.040759,22.530719]],[[114.040071,22.563322],[114.040216,22.563348]],[[114.040071,22.563322],[114.04098,22.561613]],[[114.044518,22.531566],[114.041387,22.531232],[114.040765,22.531245]],[[114.040883,22.529841],[114.040786,22.530504]],[[114.040158,22.605314],[114.040176,22.604904],[114.039213,22.604148]],[[114.039258,22.604093],[114.039213,22.604148]],[[114.04134,22.526152],[114.040866,22.527161]],[[114.041526,22.52717],[114.040866,22.527161]],[[114.041232,22.510076],[114.041249,22.510152]],[[114.041232,22.510076],[114.042706,22.509758]],[[114.062189,22.568377],[114.056981,22.565874],[114.054799,22.565164],[114.052908,22.564942],[114.047711,22.565208],[114.040097,22.563576]],[[114.04017,22.563437],[114.040097,22.563576]],[[114.041249,22.510152],[114.041465,22.511055]],[[114.04272,22.50983],[114.041249,22.510152]],[[114.039258,22.604093],[114.04018,22.604818],[114.040584,22.6048]],[[114.039993,22.603198],[114.039258,22.604093]],[[114.040883,22.529841],[114.041526,22.52717]],[[114.042391,22.527334],[114.041996,22.528317],[114.040883,22.529841]],[[114.04017,22.563437],[114.042117,22.563835]],[[114.040216,22.563348],[114.04017,22.563437]],[[114.04055,22.561431],[114.040199,22.56208]],[[114.040131,22.569846],[114.040074,22.569824]],[[114.040074,22.569824],[114.040113,22.56977]],[[114.040216,22.563348],[114.042117,22.563835]],[[114.041129,22.561678],[114.040216,22.563348]],[[114.040383,22.556239],[114.040945,22.556305]],[[114.040383,22.556239],[114.040764,22.556016]],[[114.040113,22.56977],[114.040145,22.569783]],[[114.040693,22.568183],[114.040113,22.56977]],[[114.041566,22.570453],[114.040131,22.569846]],[[114.040145,22.569783],[114.040131,22.569846]],[[114.040145,22.569783],[114.041596,22.570402]],[[114.04119,22.523605],[114.041583,22.524776]],[[114.04119,22.523605],[114.04281,22.522816]],[[114.042884,22.510733],[114.041465,22.511055]],[[114.041892,22.556593],[114.040575,22.556452]],[[114.04155,22.511346],[114.041878,22.512866]],[[114.044387,22.510831],[114.04155,22.511346]],[[114.04055,22.561431],[114.04098,22.561613]],[[114.041038,22.560575],[114.04055,22.561431]],[[114.041023,22.540222],[114.041002,22.540681]],[[114.041034,22.539975],[114.041023,22.540222]],[[114.041556,22.524951],[114.04134,22.526152]],[[114.040764,22.556016],[114.040945,22.556305]],[[114.041105,22.555117],[114.040764,22.556016]],[[114.041703,22.559381],[114.040726,22.558897]],[[114.040726,22.558897],[114.041364,22.557884]],[[114.042496,22.575716],[114.040473,22.574668]],[[114.040473,22.574668],[114.04129,22.574562],[114.04151,22.573633]],[[114.041583,22.524776],[114.041556,22.524951]],[[114.042391,22.527334],[114.041526,22.52717]],[[114.043963,22.524947],[114.041583,22.524776]],[[114.040945,22.556305],[114.043699,22.55672]],[[114.040693,22.568183],[114.04183,22.568517]],[[114.041253,22.566823],[114.040693,22.568183]],[[114.041878,22.512866],[114.041898,22.512956]],[[114.041878,22.512866],[114.044571,22.512409]],[[114.044584,22.512503],[114.041898,22.512956]],[[114.042457,22.508409],[114.042053,22.506237]],[[114.043782,22.505752],[114.042053,22.506237]],[[114.041194,22.604065],[114.039993,22.603198]],[[114.040649,22.6024],[114.039993,22.603198]],[[114.039812,22.612194],[114.040374,22.611043],[114.040628,22.609206]],[[114.041832,22.52125],[114.041764,22.52115]],[[114.041764,22.52115],[114.041875,22.521089]],[[114.04021,22.601287],[114.040071,22.60118]],[[114.040071,22.60118],[114.040171,22.601071]],[[114.041169,22.553374],[114.041105,22.555117]],[[114.041105,22.555117],[114.041979,22.555126]],[[114.04281,22.522816],[114.041832,22.52125]],[[114.041938,22.52119],[114.041832,22.52125]],[[114.04098,22.561613],[114.041129,22.561678]],[[114.04098,22.561613],[114.043625,22.556903]],[[114.041924,22.517752],[114.043303,22.520303]],[[114.041339,22.552292],[114.041169,22.553374]],[[114.041169,22.553374],[114.042462,22.553395]],[[114.041875,22.521089],[114.041938,22.52119]],[[114.041875,22.521089],[114.043303,22.520303]],[[114.040171,22.601071],[114.040306,22.601175]],[[114.040171,22.601071],[114.041153,22.599913]],[[114.041703,22.559381],[114.041038,22.560575]],[[114.042189,22.602866],[114.04021,22.601287]],[[114.040306,22.601175],[114.04021,22.601287]],[[114.040963,22.566635],[114.04128,22.566761]],[[114.041242,22.566502],[114.040963,22.566635]],[[114.041728,22.530874],[114.042005,22.530909]],[[114.041728,22.530874],[114.041893,22.53076]],[[114.041938,22.52119],[114.042797,22.522567]],[[114.043996,22.520068],[114.041938,22.52119]],[[114.041333,22.549845],[114.04155,22.549899]],[[114.041333,22.549845],[114.04145,22.54828]],[[114.040158,22.605314],[114.040584,22.6048]],[[114.041129,22.561678],[114.04125,22.56173]],[[114.042098,22.559968],[114.041129,22.561678]],[[114.041447,22.551944],[114.041339,22.552292]],[[114.041339,22.552292],[114.042484,22.552312]],[[114.041485,22.547137],[114.041457,22.547136]],[[114.04145,22.54828],[114.041457,22.547136]],[[114.041457,22.547136],[114.041487,22.546499]],[[114.040306,22.601175],[114.042281,22.60275]],[[114.041153,22.599913],[114.0413,22.600018],[114.040306,22.601175]],[[114.041487,22.546499],[114.041512,22.546507]],[[114.041487,22.546499],[114.041994,22.54558],[114.042016,22.544434]],[[114.04145,22.54828],[114.041487,22.54828]],[[114.041485,22.547137],[114.041487,22.54828]],[[114.041512,22.546507],[114.041485,22.547137]],[[114.043679,22.547174],[114.041485,22.547137]],[[114.042042,22.544434],[114.042018,22.545597],[114.041512,22.546507]],[[114.041487,22.54828],[114.041488,22.54971]],[[114.041487,22.54828],[114.043073,22.548291]],[[114.04113,22.565334],[114.041627,22.565546]],[[114.041591,22.564333],[114.04113,22.565334]],[[114.041488,22.54971],[114.04249,22.54997]],[[114.041488,22.54971],[114.04155,22.549899]],[[114.041893,22.53076],[114.042005,22.530909]],[[114.041893,22.53076],[114.041916,22.53065]],[[114.04148,22.551275],[114.041447,22.551944]],[[114.042526,22.550289],[114.0415,22.55002]],[[114.0415,22.55002],[114.04148,22.551275]],[[114.04208,22.530079],[114.042654,22.530183],[114.042626,22.530683],[114.041916,22.53065]],[[114.041916,22.53065],[114.04208,22.530079]],[[114.04148,22.551275],[114.042505,22.551293]],[[114.042286,22.558328],[114.041364,22.557884]],[[114.041364,22.557884],[114.041892,22.556593]],[[114.041364,22.557884],[114.041406,22.557862]],[[114.04155,22.549899],[114.044171,22.550542]],[[114.044311,22.542529],[114.041724,22.542484]],[[114.042706,22.509758],[114.042457,22.508409]],[[114.044072,22.50819],[114.042457,22.508409]],[[114.050338,22.514649],[114.046507,22.514287],[114.042434,22.514712],[114.042329,22.514509]],[[114.044796,22.514176],[114.042329,22.514509]],[[114.041406,22.557862],[114.042304,22.558295]],[[114.042098,22.55662],[114.041406,22.557862]],[[114.041242,22.566502],[114.041348,22.566789]],[[114.041627,22.565546],[114.041242,22.566502]],[[114.042005,22.530909],[114.044546,22.531163]],[[114.040291,22.611569],[114.041446,22.611764]],[[114.040853,22.608691],[114.040291,22.611569]],[[114.043187,22.567602],[114.041253,22.566823]],[[114.04128,22.566761],[114.041253,22.566823]],[[114.04128,22.566761],[114.041348,22.566789]],[[114.041804,22.542251],[114.044315,22.5423]],[[114.04208,22.530079],[114.042179,22.529984]],[[114.041568,22.599391],[114.04062,22.598786]],[[114.04062,22.598786],[114.040824,22.598471],[114.040654,22.598241]],[[114.041348,22.566789],[114.043207,22.567541]],[[114.044409,22.527763],[114.044142,22.530152],[114.042179,22.529984]],[[114.042179,22.529984],[114.042957,22.527457]],[[114.040584,22.6048],[114.041194,22.604065]],[[114.04272,22.50983],[114.042706,22.509758]],[[114.042706,22.509758],[114.044233,22.509548]],[[114.042884,22.510733],[114.04272,22.50983]],[[114.044242,22.509624],[114.04272,22.50983]],[[114.040628,22.609206],[114.040761,22.608654]],[[114.042016,22.544434],[114.042029,22.544396]],[[114.042042,22.544434],[114.042016,22.544434]],[[114.042286,22.558328],[114.041703,22.559381]],[[114.042957,22.527457],[114.042391,22.527334]],[[114.042029,22.544396],[114.042042,22.544434]],[[114.042029,22.544396],[114.04357,22.544406],[114.043653,22.544428]],[[114.043653,22.544428],[114.042042,22.544434]],[[114.041627,22.565546],[114.043591,22.566368]],[[114.040732,22.619166],[114.04076,22.615701],[114.040566,22.615388]],[[114.040642,22.615333],[114.040566,22.615388]],[[114.042282,22.570563],[114.041566,22.570453]],[[114.04151,22.573633],[114.041104,22.571464],[114.041566,22.570453]],[[114.041566,22.570453],[114.041596,22.570402]],[[114.040853,22.608691],[114.040761,22.608654]],[[114.040761,22.608654],[114.040833,22.608524]],[[114.041596,22.570402],[114.042257,22.570518]],[[114.042098,22.55662],[114.041892,22.556593]],[[114.040642,22.615333],[114.040846,22.615741],[114.040818,22.61921]],[[114.041866,22.615342],[114.040642,22.615333]],[[114.044352,22.510552],[114.042884,22.510733]],[[114.041543,22.596451],[114.041087,22.595812]],[[114.040833,22.608524],[114.040931,22.608563]],[[114.040833,22.608524],[114.042462,22.606715],[114.043293,22.604385],[114.0433,22.603252]],[[114.040931,22.608563],[114.040853,22.608691]],[[114.042836,22.605922],[114.04246,22.606878],[114.040931,22.608563]],[[114.040732,22.619166],[114.040818,22.61921]],[[114.040734,22.61926],[114.040732,22.619166]],[[114.042797,22.522567],[114.043723,22.524206]],[[114.042797,22.522567],[114.044365,22.521971]],[[114.040786,22.619286],[114.040734,22.61926]],[[114.041153,22.599913],[114.041568,22.599391]],[[114.043963,22.524947],[114.04281,22.522816]],[[114.043625,22.556903],[114.042098,22.55662]],[[114.042271,22.620017],[114.040786,22.619286]],[[114.040818,22.61921],[114.040786,22.619286]],[[114.040818,22.61921],[114.042371,22.619966]],[[114.042098,22.559968],[114.042615,22.560197]],[[114.043774,22.556968],[114.042098,22.559968]],[[114.041194,22.604065],[114.042189,22.602866]],[[114.042117,22.563835],[114.042309,22.563882]],[[114.043058,22.548923],[114.042461,22.548917],[114.042461,22.549328]],[[114.042304,22.558295],[114.042286,22.558328]],[[114.044409,22.527763],[114.042957,22.527457]],[[114.043009,22.556994],[114.042304,22.558295]],[[114.04249,22.54997],[114.043429,22.550214]],[[114.04249,22.54997],[114.04256,22.549907]],[[114.043668,22.550587],[114.042526,22.550289]],[[114.042526,22.550289],[114.042505,22.551293]],[[114.042505,22.551293],[114.042492,22.551942]],[[114.042505,22.551293],[114.043638,22.551313]],[[114.042492,22.551942],[114.042484,22.552312]],[[114.042492,22.551942],[114.043624,22.551962]],[[114.042484,22.552312],[114.042462,22.553395]],[[114.042462,22.553395],[114.043592,22.553414]],[[114.041543,22.596451],[114.04183,22.596718]],[[114.041733,22.596729],[114.041543,22.596451]],[[114.04256,22.549907],[114.043411,22.550132]],[[114.04256,22.549907],[114.04263,22.549699]],[[114.042309,22.563882],[114.04346,22.563917],[114.046385,22.564596],[114.048725,22.564581]],[[114.042309,22.563882],[114.047463,22.565012],[114.052662,22.56476],[114.054555,22.56493],[114.056363,22.565428],[114.059137,22.566732]],[[114.041568,22.599391],[114.04188,22.598131]],[[114.04263,22.549699],[114.042665,22.549708]],[[114.04263,22.549699],[114.042694,22.549511]],[[114.043303,22.520303],[114.047109,22.5187],[114.050836,22.518144]],[[114.042694,22.549511],[114.04341,22.54969]],[[114.042694,22.549511],[114.042841,22.549491]],[[114.042282,22.570563],[114.042257,22.570518]],[[114.042257,22.570518],[114.042892,22.568502]],[[114.042257,22.570518],[114.042307,22.570517]],[[114.042307,22.570517],[114.042282,22.570563]],[[114.048458,22.571171],[114.045576,22.571364],[114.044931,22.571194],[114.043661,22.570621],[114.043211,22.570559],[114.042282,22.570563]],[[114.041768,22.596823],[114.041733,22.596729]],[[114.041733,22.596729],[114.04183,22.596718]],[[114.042958,22.568521],[114.042307,22.570517]],[[114.042307,22.570517],[114.043197,22.570511],[114.043525,22.57054],[114.045333,22.571275],[114.046451,22.571292]],[[114.041446,22.611764],[114.041496,22.611773]],[[114.041446,22.611764],[114.041777,22.610046]],[[114.04188,22.598131],[114.041768,22.596823]],[[114.041882,22.596811],[114.041768,22.596823]],[[114.041496,22.611773],[114.041695,22.611809]],[[114.042836,22.605922],[114.043456,22.606155],[114.043762,22.609068],[114.041496,22.611773]],[[114.04183,22.596718],[114.041882,22.596811]],[[114.04183,22.596718],[114.042801,22.596487],[114.043493,22.59602],[114.046219,22.592333]],[[114.042615,22.560197],[114.044652,22.560828]],[[114.042615,22.560197],[114.042399,22.560793],[114.04281,22.56092]],[[114.043782,22.505752],[114.044072,22.50819]],[[114.045493,22.505469],[114.043782,22.505752]],[[114.041882,22.596811],[114.04188,22.598131]],[[114.046667,22.592353],[114.044139,22.595707],[114.042866,22.596564],[114.041882,22.596811]],[[114.041695,22.611809],[114.042665,22.612254]],[[114.041695,22.611809],[114.041924,22.612478]],[[114.043058,22.548923],[114.043045,22.549456]],[[114.043073,22.548291],[114.043058,22.548923]],[[114.043073,22.548291],[114.043728,22.548296]],[[114.04281,22.56092],[114.044435,22.561424]],[[114.04281,22.56092],[114.042018,22.563099],[114.043643,22.563602]],[[114.043009,22.556994],[114.042998,22.556805]],[[114.043218,22.556851],[114.043009,22.556994]],[[114.043723,22.524206],[114.044464,22.525672]],[[114.044786,22.523824],[114.043723,22.524206]],[[114.044072,22.50819],[114.044233,22.509548]],[[114.045637,22.50806],[114.044072,22.50819]],[[114.041901,22.613384],[114.041866,22.615342]],[[114.041924,22.612478],[114.041901,22.613384]],[[114.041901,22.613384],[114.043205,22.613395]],[[114.041924,22.612478],[114.042665,22.612254]],[[114.041866,22.615342],[114.041861,22.615891]],[[114.041866,22.615342],[114.042868,22.615345]],[[114.043145,22.556473],[114.043324,22.556301]],[[114.042892,22.568502],[114.042958,22.568521]],[[114.042892,22.568502],[114.043187,22.567602]],[[114.043303,22.549617],[114.043704,22.54967]],[[114.042299,22.602926],[114.042189,22.602866]],[[114.042189,22.602866],[114.042281,22.60275]],[[114.042958,22.568521],[114.044867,22.568879]],[[114.043255,22.567614],[114.042958,22.568521]],[[114.043996,22.520068],[114.045085,22.521807]],[[114.046003,22.519204],[114.043996,22.520068]],[[114.044233,22.509548],[114.044242,22.509624]],[[114.044233,22.509548],[114.045711,22.509442]],[[114.044242,22.509624],[114.044352,22.510552]],[[114.045715,22.509516],[114.044242,22.509624]],[[114.04341,22.54969],[114.043411,22.550132]],[[114.04341,22.54969],[114.043703,22.54969]],[[114.042281,22.60275],[114.043278,22.6031]],[[114.042281,22.60275],[114.042299,22.602926]],[[114.042281,22.60275],[114.043136,22.601695]],[[114.043411,22.550132],[114.043429,22.550214]],[[114.044325,22.525672],[114.043963,22.524947]],[[114.0433,22.603252],[114.042299,22.602926]],[[114.043429,22.550214],[114.043615,22.550317]],[[114.043324,22.556301],[114.043381,22.556496]],[[114.043592,22.553414],[114.043324,22.556301]],[[114.045765,22.51043],[114.044352,22.510552]],[[114.043653,22.544428],[114.043784,22.544643]],[[114.044571,22.512409],[114.044387,22.510831]],[[114.047253,22.510693],[114.044387,22.510831]],[[114.043255,22.567614],[114.043187,22.567602]],[[114.043187,22.567602],[114.043207,22.567541]],[[114.043207,22.567541],[114.043275,22.567553]],[[114.043207,22.567541],[114.043591,22.566368]],[[114.043944,22.534651],[114.044448,22.534689]],[[114.043747,22.547195],[114.043679,22.547174]],[[114.043679,22.547174],[114.043747,22.54716]],[[114.04511,22.567536],[114.043377,22.567623],[114.043255,22.567614]],[[114.043275,22.567553],[114.043255,22.567614]],[[114.043275,22.567553],[114.043384,22.56756],[114.045106,22.567469]],[[114.043655,22.566394],[114.043275,22.567553]],[[114.043624,22.551962],[114.043592,22.553414]],[[114.043638,22.551313],[114.043624,22.551962]],[[114.043668,22.550587],[114.043638,22.551313]],[[114.043784,22.544643],[114.043747,22.54716]],[[114.043784,22.544643],[114.044001,22.544608]],[[114.043947,22.537247],[114.044404,22.537254]],[[114.044402,22.537343],[114.043947,22.537333]],[[114.044171,22.550701],[114.043668,22.550587]],[[114.043747,22.54716],[114.044234,22.546991]],[[114.043747,22.54716],[114.043747,22.547195]],[[114.043747,22.547195],[114.043728,22.548296]],[[114.044227,22.547392],[114.044118,22.547237],[114.043998,22.5472],[114.043747,22.547195]],[[114.043728,22.548296],[114.043704,22.54967]],[[114.043703,22.54969],[114.043702,22.550328]],[[114.043704,22.54967],[114.043703,22.54969]],[[114.044365,22.521971],[114.044821,22.523133]],[[114.044365,22.521971],[114.044843,22.521863]],[[114.044584,22.512503],[114.044571,22.512409]],[[114.044571,22.512409],[114.045891,22.512311]],[[114.043774,22.556968],[114.043625,22.556903]],[[114.043625,22.556903],[114.043699,22.55672]],[[114.044678,22.513237],[114.044584,22.512503]],[[114.048591,22.512422],[114.044584,22.512503]],[[114.044371,22.525757],[114.044325,22.525672]],[[114.044325,22.525672],[114.044464,22.525672]],[[114.043699,22.55672],[114.043844,22.556772]],[[114.043699,22.55672],[114.044078,22.555053],[114.044171,22.550701]],[[114.044815,22.526691],[114.044371,22.525757]],[[114.04451,22.525757],[114.044371,22.525757]],[[114.044695,22.513366],[114.044678,22.513237]],[[114.044678,22.513237],[114.047643,22.513121],[114.051043,22.513499]],[[114.044787,22.514106],[114.044695,22.513366]],[[114.051012,22.513639],[114.047593,22.513263],[114.044695,22.513366]],[[114.047258,22.559764],[114.043774,22.556968]],[[114.043844,22.556772],[114.043774,22.556968]],[[114.043643,22.563602],[114.045843,22.564284],[114.046196,22.563267]],[[114.044147,22.562216],[114.043643,22.563602]],[[114.044911,22.527945],[114.044409,22.527763]],[[114.044409,22.527763],[114.044925,22.527667]],[[114.043591,22.566368],[114.043655,22.566394]],[[114.043591,22.566368],[114.043961,22.565238],[114.043668,22.564857]],[[114.044464,22.525672],[114.04451,22.525757]],[[114.044464,22.525672],[114.045486,22.525674]],[[114.0445,22.565141],[114.043668,22.564857]],[[114.043844,22.556772],[114.050031,22.561813]],[[114.044294,22.550719],[114.044205,22.555062],[114.043844,22.556772]],[[114.04451,22.525757],[114.044929,22.526676],[114.045063,22.527572],[114.044689,22.531169]],[[114.046859,22.525783],[114.04451,22.525757]],[[114.042665,22.612254],[114.043205,22.613395]],[[114.0445,22.565141],[114.044049,22.565231],[114.043655,22.566394]],[[114.044796,22.514176],[114.044787,22.514106]],[[114.044787,22.514106],[114.04807,22.51407],[114.05052,22.514439]],[[114.043132,22.605093],[114.042836,22.605922]],[[114.050505,22.514503],[114.048048,22.514138],[114.044796,22.514176]],[[114.044815,22.526691],[114.044579,22.526699]],[[114.044404,22.537254],[114.044448,22.534689]],[[114.044448,22.534689],[114.044518,22.531566]],[[114.044448,22.534689],[114.044584,22.534689]],[[114.044657,22.53158],[114.044518,22.531566]],[[114.044518,22.531566],[114.044526,22.531439]],[[114.044667,22.531449],[114.044526,22.531439]],[[114.044526,22.531439],[114.044538,22.531272]],[[114.044402,22.537343],[114.044404,22.537254]],[[114.044404,22.537254],[114.044537,22.537256]],[[114.044535,22.537347],[114.044402,22.537343]],[[114.044315,22.5423],[114.044402,22.537343]],[[114.044538,22.531272],[114.044681,22.531278]],[[114.044538,22.531272],[114.044546,22.531163]],[[114.044546,22.531163],[114.044689,22.531169]],[[114.044546,22.531163],[114.044911,22.527945]],[[114.044315,22.5423],[114.044451,22.542303]],[[114.044311,22.542529],[114.044315,22.5423]],[[114.044448,22.542533],[114.044311,22.542529]],[[114.044234,22.546991],[114.044311,22.542529]],[[114.044227,22.547392],[114.044234,22.546991]],[[114.044171,22.550542],[114.044227,22.547392]],[[114.044171,22.550542],[114.044295,22.550552]],[[114.044171,22.550701],[114.044171,22.550542]],[[114.044294,22.550719],[114.044171,22.550701]],[[114.045793,22.524162],[114.044786,22.523824]],[[114.044786,22.523824],[114.044821,22.523133]],[[114.043278,22.6031],[114.043136,22.601695]],[[114.043136,22.601695],[114.04345,22.601151]],[[114.044843,22.521863],[114.045427,22.522839]],[[114.044843,22.521863],[114.045085,22.521807]],[[114.044821,22.523133],[114.045644,22.52374]],[[114.044821,22.523133],[114.045396,22.522855]],[[114.044584,22.534689],[114.044583,22.534745]],[[114.044657,22.53158],[114.044584,22.534689]],[[114.044584,22.534689],[114.044782,22.53469]],[[114.044583,22.534745],[114.044878,22.535154],[114.045953,22.535196]],[[114.044583,22.534745],[114.044564,22.535757]],[[114.044564,22.535757],[114.044537,22.537256]],[[114.04595,22.53531],[114.044861,22.535332],[114.044564,22.535757]],[[114.042868,22.615345],[114.043794,22.61567]],[[114.043205,22.613395],[114.043456,22.614171],[114.042868,22.615345]],[[114.047703,22.531659],[114.044657,22.53158]],[[114.044667,22.531449],[114.044657,22.53158]],[[114.044537,22.537256],[114.044535,22.537347]],[[114.044537,22.537256],[114.047817,22.537293]],[[114.047814,22.537454],[114.044535,22.537347]],[[114.044535,22.537347],[114.044502,22.539179]],[[114.044502,22.539179],[114.044709,22.539332],[114.04692,22.539363]],[[114.044502,22.539179],[114.044494,22.539604]],[[114.051292,22.531531],[114.048897,22.531539],[114.044667,22.531449]],[[114.044681,22.531278],[114.044667,22.531449]],[[114.044494,22.539604],[114.044451,22.542303]],[[114.045562,22.539436],[114.044712,22.539427],[114.044494,22.539604]],[[114.044681,22.531278],[114.04758,22.531348],[114.051294,22.531391]],[[114.044689,22.531169],[114.044681,22.531278]],[[114.044451,22.542303],[114.051095,22.542415]],[[114.044451,22.542303],[114.044448,22.542533]],[[114.044689,22.531169],[114.044921,22.53118],[114.046831,22.531198],[114.047322,22.531217],[114.051298,22.531229]],[[114.05109,22.542679],[114.044448,22.542533]],[[114.044448,22.542533],[114.044356,22.547179]],[[114.044356,22.547179],[114.044324,22.548965]],[[114.044356,22.547179],[114.046717,22.547213]],[[114.044324,22.548965],[114.044623,22.54921],[114.046672,22.549242]],[[114.044324,22.548965],[114.044313,22.549539]],[[114.044313,22.549539],[114.044295,22.550552]],[[114.04667,22.549316],[114.044688,22.549283],[114.044313,22.549539]],[[114.044295,22.550552],[114.046644,22.550759]],[[114.044295,22.550552],[114.044294,22.550719]],[[114.051017,22.55134],[114.044294,22.550719]],[[114.044925,22.527667],[114.044815,22.526691]],[[114.046744,22.545338],[114.044495,22.545414]],[[114.044502,22.545125],[114.046745,22.545265]],[[114.044435,22.561424],[114.044147,22.562216]],[[114.044147,22.562216],[114.044512,22.562114],[114.045092,22.56228]],[[114.043278,22.6031],[114.043591,22.603203]],[[114.0433,22.603252],[114.043278,22.6031]],[[114.044771,22.53334],[114.045991,22.533351]],[[114.04599,22.533417],[114.044771,22.533404]],[[114.043617,22.603361],[114.0433,22.603252]],[[114.044911,22.527945],[114.044925,22.527667]],[[114.045085,22.521807],[114.046735,22.521136]],[[114.043591,22.603203],[114.04345,22.601151]],[[114.04345,22.601151],[114.043785,22.600269]],[[114.045637,22.50806],[114.045493,22.505469]],[[114.047318,22.505429],[114.045493,22.505469]],[[114.046706,22.547371],[114.044701,22.547343]],[[114.045119,22.528389],[114.046821,22.528407]],[[114.044435,22.561424],[114.045305,22.561693]],[[114.044622,22.56091],[114.044435,22.561424]],[[114.046833,22.527585],[114.045189,22.527568]],[[114.043591,22.603203],[114.043805,22.603272]],[[114.043617,22.603361],[114.043591,22.603203]],[[114.045711,22.509442],[114.045637,22.50806]],[[114.047269,22.50802],[114.045637,22.50806]],[[114.043648,22.601713],[114.044011,22.601724]],[[114.043648,22.601713],[114.043805,22.603272]],[[114.044155,22.600005],[114.043648,22.601713]],[[114.043831,22.603435],[114.043617,22.603361]],[[114.043983,22.619598],[114.044552,22.615885],[114.044691,22.612279],[114.044436,22.608718],[114.043617,22.603361]],[[114.045644,22.52374],[114.045396,22.522855]],[[114.045396,22.522855],[114.045427,22.522839]],[[114.045907,22.565454],[114.0445,22.565141]],[[114.045715,22.509516],[114.045711,22.509442]],[[114.045711,22.509442],[114.047251,22.509416]],[[114.045427,22.522839],[114.047211,22.521837]],[[114.045765,22.51043],[114.045715,22.509516]],[[114.04725,22.509489],[114.045715,22.509516]],[[114.044622,22.56091],[114.045492,22.56118]],[[114.044652,22.560828],[114.044622,22.56091]],[[114.043785,22.600269],[114.044786,22.597107],[114.046716,22.595124]],[[114.043785,22.600269],[114.044833,22.597393],[114.046716,22.595124]],[[114.045452,22.55849],[114.044652,22.560828]],[[114.047238,22.510414],[114.045765,22.51043]],[[114.043805,22.603272],[114.046081,22.603952],[114.050121,22.604556]],[[114.043805,22.603272],[114.043831,22.603435]],[[114.045063,22.544577],[114.046755,22.544596]],[[114.045486,22.525674],[114.046715,22.525699]],[[114.04584,22.524176],[114.04551,22.524848],[114.045486,22.525674]],[[114.046805,22.529523],[114.045406,22.529505]],[[114.050077,22.604684],[114.04595,22.604108],[114.043831,22.603435]],[[114.043831,22.603435],[114.044604,22.608754],[114.044831,22.612289],[114.044648,22.616122],[114.044037,22.619866]],[[114.045828,22.511229],[114.045891,22.512311]],[[114.045214,22.540953],[114.045533,22.540955]],[[114.045644,22.52374],[114.045793,22.524162]],[[114.045891,22.512311],[114.047247,22.512283]],[[114.044011,22.601724],[114.044293,22.601733]],[[114.044011,22.601724],[114.044304,22.603211],[114.045934,22.603657]],[[114.048415,22.592431],[114.046409,22.596171],[114.045843,22.598243],[114.044155,22.600005]],[[114.045335,22.59927],[114.044155,22.600005]],[[114.04584,22.524176],[114.045793,22.524162]],[[114.044867,22.568879],[114.046684,22.569344]],[[114.04511,22.567536],[114.044867,22.568879]],[[114.046721,22.524472],[114.04584,22.524176]],[[114.045562,22.539436],[114.045533,22.540955]],[[114.046447,22.539447],[114.045562,22.539436]],[[114.045533,22.540955],[114.04643,22.540958]],[[114.046003,22.519204],[114.046333,22.520024]],[[114.048599,22.518502],[114.046003,22.519204]],[[114.045092,22.56228],[114.046192,22.562647],[114.046196,22.563267]],[[114.045305,22.561693],[114.045092,22.56228]],[[114.044293,22.601733],[114.046019,22.601789]],[[114.045006,22.60117],[114.044293,22.601733]],[[114.045106,22.567469],[114.04511,22.567536]],[[114.045106,22.567469],[114.045945,22.567419]],[[114.047,22.567429],[114.04511,22.567536]],[[114.045305,22.561693],[114.047038,22.562231],[114.047382,22.562666],[114.04844,22.562867]],[[114.045492,22.56118],[114.045305,22.561693]],[[114.046206,22.520076],[114.046333,22.520024]],[[114.045099,22.575052],[114.045101,22.575313]],[[114.045099,22.575052],[114.045152,22.574783]],[[114.045152,22.574783],[114.045115,22.575018],[114.045099,22.575052]],[[114.045991,22.533351],[114.04599,22.533417]],[[114.047895,22.532249],[114.046518,22.532283],[114.046045,22.532682],[114.045991,22.533351]],[[114.045991,22.533351],[114.047878,22.533368]],[[114.04599,22.533417],[114.045953,22.535196]],[[114.047877,22.533438],[114.04599,22.533417]],[[114.04595,22.53531],[114.045992,22.536538],[114.047683,22.536639]],[[114.045953,22.535196],[114.04595,22.53531]],[[114.047847,22.535351],[114.047693,22.535313],[114.04595,22.53531]],[[114.045953,22.535196],[114.047849,22.535225]],[[114.046447,22.520307],[114.046306,22.520354]],[[114.045182,22.574697],[114.045152,22.574783]],[[114.046333,22.520024],[114.046436,22.52028]],[[114.045182,22.574697],[114.045218,22.5746]],[[114.045218,22.5746],[114.045204,22.57469],[114.045182,22.574697]],[[114.045492,22.56118],[114.046818,22.561591]],[[114.045234,22.574559],[114.045218,22.5746]],[[114.045234,22.574559],[114.045338,22.574272]],[[114.045338,22.574272],[114.045259,22.574545],[114.045234,22.574559]],[[114.046436,22.52028],[114.046447,22.520307]],[[114.046436,22.52028],[114.048581,22.519754]],[[114.046447,22.520307],[114.046735,22.521136]],[[114.045387,22.57414],[114.045338,22.574272]],[[114.045387,22.57414],[114.045439,22.572962]],[[114.045439,22.572962],[114.045447,22.573828],[114.045387,22.57414]],[[114.046058,22.572611],[114.045536,22.572673],[114.045439,22.572962]],[[114.045006,22.60117],[114.046235,22.60122]],[[114.045451,22.60009],[114.045006,22.60117]],[[114.046735,22.521136],[114.047211,22.521837]],[[114.046735,22.521136],[114.048556,22.521166]],[[114.047434,22.523306],[114.047342,22.524264],[114.046924,22.524444],[114.046823,22.524474],[114.046782,22.524479],[114.046721,22.524472]],[[114.046721,22.524472],[114.046715,22.525699]],[[114.046715,22.525699],[114.04848,22.525722]],[[114.04643,22.540958],[114.046447,22.539447]],[[114.046919,22.539453],[114.046447,22.539447]],[[114.048505,22.565521],[114.045907,22.565454]],[[114.045945,22.567419],[114.045907,22.565454]],[[114.046657,22.541115],[114.04643,22.540958]],[[114.045945,22.567419],[114.048725,22.567276]],[[114.046859,22.525783],[114.046833,22.527585]],[[114.048549,22.525803],[114.046859,22.525783]],[[114.046833,22.527585],[114.046821,22.528407]],[[114.048512,22.527601],[114.046833,22.527585]],[[114.046821,22.528407],[114.046805,22.529523]],[[114.046805,22.529523],[114.046783,22.531068]],[[114.049143,22.505512],[114.047318,22.505429]],[[114.047269,22.50802],[114.047318,22.505429]],[[114.048924,22.508093],[114.047269,22.50802]],[[114.047251,22.509416],[114.047269,22.50802]],[[114.045794,22.59942],[114.045335,22.59927]],[[114.04603,22.598916],[114.045335,22.59927]],[[114.047251,22.509416],[114.048802,22.509479]],[[114.04725,22.509489],[114.047251,22.509416]],[[114.048797,22.509552],[114.04725,22.509489]],[[114.047238,22.510414],[114.04725,22.509489]],[[114.047238,22.510414],[114.050212,22.510631],[114.053065,22.511207]],[[114.047253,22.510693],[114.047238,22.510414]],[[114.04873,22.510742],[114.047253,22.510693]],[[114.047253,22.510693],[114.047247,22.512283]],[[114.047247,22.512283],[114.048598,22.512333]],[[114.046652,22.541703],[114.046657,22.541115]],[[114.046905,22.540957],[114.046657,22.541115]],[[114.046196,22.563267],[114.048177,22.563881]],[[114.045451,22.60009],[114.046178,22.600502]],[[114.045629,22.599552],[114.045451,22.60009]],[[114.046375,22.572614],[114.046125,22.57263],[114.046058,22.572611]],[[114.046058,22.572611],[114.046375,22.572614]],[[114.047211,22.521837],[114.047465,22.522442]],[[114.046759,22.544306],[114.046755,22.544596]],[[114.04773,22.54322],[114.046777,22.543218],[114.046759,22.544306]],[[114.046759,22.544306],[114.047709,22.544321]],[[114.046755,22.544596],[114.046745,22.545265]],[[114.046745,22.545265],[114.046744,22.545338]],[[114.046745,22.545265],[114.047692,22.545282]],[[114.047691,22.545356],[114.047546,22.545353],[114.046938,22.545342],[114.046858,22.54534],[114.046744,22.545338]],[[114.046744,22.545338],[114.046717,22.547213]],[[114.046706,22.547371],[114.046672,22.549242]],[[114.047653,22.547385],[114.046706,22.547371]],[[114.046672,22.549242],[114.04667,22.549316]],[[114.046672,22.549242],[114.047619,22.549256]],[[114.04667,22.549316],[114.046644,22.550759]],[[114.047618,22.549331],[114.04667,22.549316]],[[114.046717,22.547213],[114.047656,22.547227]],[[114.046644,22.550759],[114.047252,22.550813]],[[114.04692,22.539363],[114.046919,22.539453]],[[114.04692,22.539363],[114.047784,22.539377]],[[114.046919,22.539453],[114.046905,22.540957]],[[114.047783,22.539464],[114.046919,22.539453]],[[114.046905,22.540957],[114.04776,22.540966]],[[114.047393,22.518237],[114.048418,22.518001]],[[114.045794,22.59942],[114.046844,22.599983]],[[114.04603,22.598916],[114.045794,22.59942]],[[114.046435,22.572614],[114.046375,22.572614]],[[114.047465,22.522442],[114.047434,22.523306]],[[114.047434,22.523306],[114.04852,22.52332]],[[114.047465,22.522442],[114.04853,22.522604]],[[114.046684,22.569344],[114.046451,22.571292]],[[114.046451,22.571292],[114.048473,22.571097]],[[114.047034,22.57262],[114.046483,22.572631],[114.046435,22.572614]],[[114.046435,22.572614],[114.047034,22.57262]],[[114.046818,22.561591],[114.048177,22.562012]],[[114.047315,22.560224],[114.046818,22.561591]],[[114.048569,22.592437],[114.047637,22.59419],[114.047829,22.59466],[114.048667,22.595187],[114.048687,22.595649],[114.047941,22.597028],[114.046897,22.597612],[114.04603,22.598916]],[[114.045934,22.603657],[114.047478,22.603956]],[[114.045934,22.603657],[114.045955,22.603209]],[[114.04751,22.60327],[114.045955,22.603209]],[[114.045955,22.603209],[114.046019,22.601789]],[[114.046684,22.569344],[114.048046,22.569556]],[[114.047,22.567429],[114.047028,22.568183],[114.046684,22.569344]],[[114.046667,22.592353],[114.046219,22.592333]],[[114.046219,22.592333],[114.046329,22.592179]],[[114.046019,22.601789],[114.047117,22.601824]],[[114.047387,22.541757],[114.047753,22.541762]],[[114.046329,22.592179],[114.046735,22.5922]],[[114.046329,22.592179],[114.048316,22.588333],[114.049197,22.58708],[114.051082,22.585664],[114.053214,22.58465]],[[114.046178,22.600502],[114.046619,22.600523]],[[114.046235,22.60122],[114.046178,22.600502]],[[114.047252,22.550813],[114.047882,22.550861]],[[114.047252,22.550813],[114.047596,22.550529],[114.047618,22.549331]],[[114.048202,22.531669],[114.047703,22.531659]],[[114.047895,22.532249],[114.047703,22.531659]],[[114.046235,22.60122],[114.046627,22.601199],[114.046619,22.600523]],[[114.048724,22.567343],[114.047,22.567429]],[[114.047825,22.536754],[114.047683,22.536639]],[[114.047683,22.536639],[114.047829,22.536506]],[[114.047669,22.560105],[114.047258,22.559764]],[[114.047315,22.560224],[114.047258,22.559764]],[[114.048264,22.572489],[114.047034,22.57262]],[[114.047878,22.533368],[114.047895,22.532249]],[[114.04798,22.53225],[114.047895,22.532249]],[[114.047878,22.533368],[114.047961,22.533406]],[[114.047877,22.533438],[114.047878,22.533368]],[[114.047849,22.535225],[114.047877,22.533438]],[[114.047961,22.533406],[114.047877,22.533438]],[[114.047669,22.560105],[114.047315,22.560224]],[[114.047847,22.535351],[114.047849,22.535225]],[[114.047849,22.535225],[114.047931,22.535227]],[[114.047829,22.536506],[114.047847,22.535351]],[[114.047929,22.535353],[114.047847,22.535351]],[[114.047825,22.536754],[114.047829,22.536506]],[[114.047817,22.537293],[114.047825,22.536754]],[[114.047814,22.537454],[114.047817,22.537293]],[[114.047817,22.537293],[114.047897,22.537295]],[[114.047784,22.539377],[114.047814,22.537454]],[[114.047894,22.537456],[114.047814,22.537454]],[[114.047783,22.539464],[114.047784,22.539377]],[[114.047784,22.539377],[114.047863,22.539378]],[[114.047771,22.540253],[114.047783,22.539464]],[[114.047861,22.539465],[114.047783,22.539464]],[[114.04776,22.540966],[114.047771,22.540253]],[[114.047771,22.540253],[114.047848,22.540255]],[[114.04776,22.540966],[114.047836,22.540989]],[[114.047753,22.541762],[114.04776,22.540966]],[[114.048245,22.592423],[114.046667,22.592353]],[[114.046735,22.5922],[114.046667,22.592353]],[[114.047753,22.541762],[114.04783,22.541763]],[[114.047805,22.543222],[114.04773,22.54322]],[[114.047709,22.544321],[114.04773,22.54322]],[[114.047692,22.545282],[114.047709,22.544321]],[[114.047691,22.545356],[114.047692,22.545282]],[[114.047692,22.545282],[114.047765,22.545283]],[[114.047763,22.545357],[114.047691,22.545356]],[[114.047656,22.547227],[114.047691,22.545356]],[[114.047653,22.547385],[114.047656,22.547227]],[[114.047656,22.547227],[114.047726,22.547228]],[[114.047619,22.549256],[114.047653,22.547385]],[[114.047723,22.547386],[114.047653,22.547385]],[[114.04798,22.53225],[114.047961,22.533406]],[[114.048202,22.531669],[114.04798,22.53225]],[[114.047618,22.549331],[114.047619,22.549256]],[[114.047619,22.549256],[114.047686,22.549256]],[[114.047685,22.549332],[114.047618,22.549331]],[[114.047961,22.533406],[114.047931,22.535227]],[[114.047931,22.535227],[114.047929,22.535353]],[[114.047931,22.535227],[114.051258,22.535278]],[[114.047929,22.535353],[114.047897,22.537295]],[[114.051256,22.535404],[114.047929,22.535353]],[[114.047897,22.537295],[114.047894,22.537456]],[[114.047897,22.537295],[114.051221,22.537348]],[[114.047894,22.537456],[114.047863,22.539378]],[[114.051218,22.537506],[114.047894,22.537456]],[[114.046735,22.5922],[114.048327,22.59228]],[[114.053163,22.58498],[114.050804,22.586189],[114.049303,22.587451],[114.048042,22.589351],[114.046735,22.5922]],[[114.047863,22.539378],[114.047861,22.539465]],[[114.047863,22.539378],[114.049062,22.539398]],[[114.047861,22.539465],[114.047848,22.540255]],[[114.04906,22.53948],[114.047861,22.539465]],[[114.047848,22.540255],[114.047836,22.540989]],[[114.047848,22.540255],[114.049045,22.540275]],[[114.047836,22.540989],[114.049028,22.541023]],[[114.047836,22.540989],[114.04783,22.541763]],[[114.04783,22.541763],[114.049017,22.541797]],[[114.048084,22.529959],[114.048071,22.531071]],[[114.048473,22.529004],[114.0481,22.529047],[114.048084,22.529959]],[[114.049537,22.529972],[114.048084,22.529959]],[[114.047805,22.543222],[114.047765,22.545283]],[[114.049864,22.54532],[114.049912,22.543264],[114.047916,22.543224],[114.047805,22.543222]],[[114.047765,22.545283],[114.047763,22.545357]],[[114.047765,22.545283],[114.049864,22.54532]],[[114.047763,22.545357],[114.047726,22.547228]],[[114.049864,22.545396],[114.047763,22.545357]],[[114.047726,22.547228],[114.047723,22.547386]],[[114.047726,22.547228],[114.049836,22.547257]],[[114.047723,22.547386],[114.047686,22.549256]],[[114.049842,22.547416],[114.047723,22.547386]],[[114.047686,22.549256],[114.047685,22.549332]],[[114.049807,22.549285],[114.047686,22.549256]],[[114.047685,22.549332],[114.047663,22.55056],[114.047882,22.550861]],[[114.051004,22.549386],[114.047685,22.549332]],[[114.046716,22.595124],[114.048245,22.592423]],[[114.046619,22.600523],[114.046844,22.599983]],[[114.051195,22.512803],[114.048591,22.512422]],[[114.048598,22.512333],[114.048591,22.512422]],[[114.048598,22.512333],[114.049913,22.51248]],[[114.04873,22.510742],[114.048598,22.512333]],[[114.051288,22.531709],[114.050353,22.531704],[114.049882,22.531688],[114.048844,22.531683],[114.048202,22.531669]],[[114.049933,22.561968],[114.047669,22.560105]],[[114.050179,22.510834],[114.04873,22.510742]],[[114.047882,22.550861],[114.050973,22.551133]],[[114.046844,22.599983],[114.046933,22.600024]],[[114.048581,22.519754],[114.048599,22.518502]],[[114.050855,22.518264],[114.048599,22.518502]],[[114.050314,22.509702],[114.048797,22.509552]],[[114.048797,22.509552],[114.048802,22.509479]],[[114.048556,22.521166],[114.048581,22.519754]],[[114.048802,22.509479],[114.050326,22.509631]],[[114.048802,22.509479],[114.048924,22.508093]],[[114.048556,22.521166],[114.048658,22.521169],[114.050891,22.521201],[114.051081,22.521201]],[[114.04853,22.522604],[114.048556,22.521166]],[[114.048521,22.523259],[114.04853,22.522604]],[[114.048521,22.523259],[114.05016,22.523326]],[[114.04852,22.52332],[114.048521,22.523259]],[[114.04848,22.525722],[114.04852,22.52332]],[[114.04848,22.525722],[114.051411,22.525765]],[[114.046933,22.600024],[114.046925,22.600447],[114.047218,22.600452]],[[114.046933,22.600024],[114.04732,22.599339],[114.048229,22.599364]],[[114.049558,22.529018],[114.048688,22.529009],[114.048473,22.529004]],[[114.048512,22.527601],[114.048473,22.529004]],[[114.050537,22.508281],[114.048924,22.508093]],[[114.048924,22.508093],[114.049143,22.505512]],[[114.048549,22.525803],[114.048512,22.527601]],[[114.049628,22.525818],[114.048549,22.525803]],[[114.049589,22.527612],[114.048512,22.527601]],[[114.050946,22.505693],[114.049143,22.505512]],[[114.047117,22.601824],[114.047575,22.601838]],[[114.047218,22.600452],[114.047117,22.601824]],[[114.047218,22.600452],[114.048205,22.600468]],[[114.048177,22.562012],[114.048686,22.56217]],[[114.048177,22.562012],[114.048254,22.561907],[114.048706,22.562036],[114.048686,22.56217]],[[114.048046,22.569556],[114.048774,22.569665]],[[114.048046,22.569556],[114.048267,22.567933],[114.048737,22.567921]],[[114.048177,22.563881],[114.0491,22.564167]],[[114.048787,22.562201],[114.048177,22.563881]],[[114.047497,22.599135],[114.048233,22.599149]],[[114.047478,22.603956],[114.050111,22.604371]],[[114.04751,22.60327],[114.047478,22.603956]],[[114.047575,22.601838],[114.04751,22.60327]],[[114.047575,22.601838],[114.048176,22.601857]],[[114.048264,22.572489],[114.048293,22.572253]],[[114.048358,22.572258],[114.048264,22.572489]],[[114.048358,22.572258],[114.048293,22.572253]],[[114.048293,22.572253],[114.048458,22.571171]],[[114.049391,22.522257],[114.050159,22.522269]],[[114.052492,22.57243],[114.048358,22.572258]],[[114.048533,22.571159],[114.048358,22.572258]],[[114.048725,22.567276],[114.048677,22.565715],[114.048505,22.565521]],[[114.048892,22.565515],[114.048505,22.565521]],[[114.04906,22.53948],[114.049062,22.539398]],[[114.049062,22.539398],[114.049538,22.539405]],[[114.049045,22.540275],[114.04906,22.53948]],[[114.049526,22.539486],[114.04906,22.53948]],[[114.049028,22.541023],[114.049452,22.541035]],[[114.049017,22.541797],[114.049028,22.541023]],[[114.049028,22.541023],[114.049045,22.540275]],[[114.049017,22.541797],[114.050037,22.541811]],[[114.048458,22.571171],[114.048473,22.571097]],[[114.048533,22.571159],[114.048458,22.571171]],[[114.048473,22.571097],[114.048667,22.570363]],[[114.048473,22.571097],[114.048547,22.571091]],[[114.048686,22.56217],[114.048787,22.562201]],[[114.048547,22.571091],[114.048533,22.571159]],[[114.052517,22.571152],[114.048533,22.571159]],[[114.049125,22.563204],[114.048693,22.563803]],[[114.048733,22.570369],[114.048547,22.571091]],[[114.048547,22.571091],[114.049403,22.571078]],[[114.048725,22.564581],[114.049075,22.564237]],[[114.048725,22.564581],[114.049422,22.564546]],[[114.048787,22.562201],[114.049716,22.562489]],[[114.048724,22.567343],[114.048725,22.567276]],[[114.048725,22.567276],[114.048812,22.567271]],[[114.048737,22.567921],[114.048724,22.567343]],[[114.048811,22.567343],[114.048724,22.567343]],[[114.048733,22.570369],[114.048667,22.570363]],[[114.048667,22.570363],[114.048774,22.569665]],[[114.049558,22.529018],[114.049537,22.529972]],[[114.050392,22.530076],[114.050287,22.529977],[114.049537,22.529972]],[[114.049589,22.527612],[114.049558,22.529018]],[[114.051352,22.52879],[114.05034,22.528781],[114.050155,22.529021],[114.049558,22.529018]],[[114.049628,22.525818],[114.049589,22.527612]],[[114.051379,22.527629],[114.049589,22.527612]],[[114.051416,22.525844],[114.049628,22.525818]],[[114.049913,22.51248],[114.050975,22.512636]],[[114.050179,22.510834],[114.049913,22.51248]],[[114.048774,22.569665],[114.048737,22.567921]],[[114.048175,22.59478],[114.048619,22.594753]],[[114.048415,22.592431],[114.048245,22.592423]],[[114.048245,22.592423],[114.048327,22.59228]],[[114.048837,22.569674],[114.048733,22.570369]],[[114.049403,22.571078],[114.049407,22.570408],[114.049369,22.570376],[114.048733,22.570369]],[[114.048812,22.567271],[114.048811,22.567343]],[[114.048892,22.565515],[114.048812,22.567271]],[[114.048812,22.567271],[114.054129,22.567133]],[[114.048811,22.567343],[114.048837,22.569674]],[[114.049982,22.567309],[114.048811,22.567343]],[[114.048774,22.569665],[114.048837,22.569674]],[[114.053708,22.565345],[114.048892,22.565515]],[[114.048327,22.59228],[114.048495,22.592288]],[[114.048327,22.59228],[114.049719,22.590106],[114.052387,22.587669],[114.052906,22.586549],[114.053163,22.58498]],[[114.048837,22.569674],[114.049997,22.569886]],[[114.049662,22.540318],[114.049452,22.541035]],[[114.049452,22.541035],[114.05103,22.541051]],[[114.048229,22.599364],[114.048205,22.600468]],[[114.048233,22.599149],[114.048229,22.599364]],[[114.048233,22.599149],[114.048943,22.599162],[114.048915,22.60048]],[[114.048205,22.600468],[114.048176,22.601857]],[[114.048205,22.600468],[114.048915,22.60048]],[[114.048176,22.601857],[114.048885,22.60188]],[[114.049526,22.539486],[114.049662,22.540318]],[[114.049538,22.539405],[114.049526,22.539486]],[[114.051182,22.539509],[114.049526,22.539486]],[[114.049538,22.539405],[114.051183,22.539432]],[[114.048569,22.592437],[114.048415,22.592431]],[[114.048495,22.592288],[114.048415,22.592431]],[[114.051326,22.511037],[114.050179,22.510834]],[[114.049075,22.564237],[114.049422,22.564546]],[[114.049075,22.564237],[114.0491,22.564167]],[[114.048495,22.592288],[114.048656,22.592296]],[[114.049476,22.59064],[114.048495,22.592288]],[[114.0491,22.564167],[114.04942,22.56329]],[[114.049125,22.563204],[114.04942,22.56329]],[[114.049356,22.562542],[114.049125,22.563204]],[[114.049662,22.540318],[114.051047,22.540331]],[[114.051781,22.509938],[114.050314,22.509702]],[[114.050326,22.509631],[114.050314,22.509702]],[[114.050326,22.509631],[114.051795,22.50987]],[[114.050537,22.508281],[114.050326,22.509631]],[[114.055154,22.593969],[114.054278,22.593316],[114.052943,22.592797],[114.048569,22.592437]],[[114.048656,22.592296],[114.048569,22.592437]],[[114.048656,22.592296],[114.052653,22.592575],[114.05395,22.592988],[114.055284,22.593834]],[[114.049476,22.59064],[114.048656,22.592296]],[[114.05016,22.523326],[114.050159,22.522269]],[[114.050159,22.522269],[114.05084,22.52228]],[[114.048619,22.594753],[114.048628,22.595118]],[[114.049612,22.593619],[114.049189,22.593845],[114.048619,22.594753]],[[114.05016,22.523326],[114.051235,22.523328]],[[114.050519,22.516737],[114.050344,22.515999],[114.050364,22.515244]],[[114.050519,22.516737],[114.050275,22.516233],[114.050364,22.515244]],[[114.050364,22.515244],[114.050505,22.514503]],[[114.052116,22.508499],[114.050537,22.508281]],[[114.050946,22.505693],[114.050537,22.508281]],[[114.04876,22.592636],[114.049577,22.59281],[114.049746,22.593382]],[[114.04942,22.56329],[114.049716,22.562489]],[[114.049422,22.564546],[114.053976,22.564492]],[[114.050812,22.514554],[114.050505,22.514503]],[[114.050505,22.514503],[114.05052,22.514439]],[[114.05052,22.514439],[114.050827,22.514488]],[[114.049864,22.545396],[114.049864,22.54532]],[[114.049864,22.54532],[114.051057,22.54534]],[[114.051057,22.545398],[114.050681,22.545389],[114.0501,22.5454],[114.050021,22.545398],[114.049864,22.545396]],[[114.049836,22.547257],[114.049864,22.545396]],[[114.049836,22.547257],[114.051034,22.547277]],[[114.049842,22.547416],[114.049807,22.549285]],[[114.051034,22.547432],[114.049842,22.547416]],[[114.051006,22.549304],[114.049807,22.549285]],[[114.050754,22.517727],[114.050519,22.516737]],[[114.050754,22.517727],[114.050544,22.517405],[114.050519,22.516737]],[[114.050519,22.516737],[114.0505,22.516023],[114.050812,22.514554]],[[114.049403,22.571078],[114.052497,22.571074]],[[114.050642,22.516703],[114.050965,22.518136]],[[114.050885,22.514566],[114.050642,22.516703]],[[114.050986,22.515292],[114.050642,22.516703]],[[114.050642,22.516703],[114.050924,22.516684],[114.052449,22.516982]],[[114.049716,22.562489],[114.049933,22.561968]],[[114.048885,22.60188],[114.05024,22.601817]],[[114.048915,22.60048],[114.048885,22.60188]],[[114.052679,22.505962],[114.050946,22.505693]],[[114.051245,22.503682],[114.050946,22.505693]],[[114.050885,22.514566],[114.050812,22.514554]],[[114.050812,22.514554],[114.050827,22.514488]],[[114.050836,22.518144],[114.050754,22.517727]],[[114.050827,22.514488],[114.050899,22.5145]],[[114.050827,22.514488],[114.051012,22.513639]],[[114.05116,22.514582],[114.050885,22.514566]],[[114.050899,22.5145],[114.050885,22.514566]],[[114.050899,22.5145],[114.05116,22.514582]],[[114.051081,22.513654],[114.050899,22.5145]],[[114.050855,22.518264],[114.050836,22.518144]],[[114.050836,22.518144],[114.050965,22.518136]],[[114.050975,22.512636],[114.05122,22.512687]],[[114.050975,22.512636],[114.051153,22.512509],[114.051326,22.511037]],[[114.051081,22.521201],[114.050855,22.518264]],[[114.050981,22.518256],[114.050855,22.518264]],[[114.053908,22.576315],[114.052761,22.575576],[114.051216,22.573073],[114.050445,22.572726],[114.0497,22.572797]],[[114.054232,22.562458],[114.051684,22.562664],[114.049933,22.561968]],[[114.049933,22.561968],[114.050031,22.561813]],[[114.051081,22.513654],[114.051012,22.513639]],[[114.051012,22.513639],[114.051043,22.513499]],[[114.051989,22.515491],[114.050986,22.515292]],[[114.05116,22.514582],[114.050986,22.515292]],[[114.051043,22.513499],[114.051112,22.513512]],[[114.051043,22.513499],[114.051195,22.512803]],[[114.050031,22.561813],[114.051792,22.562488],[114.054235,22.562277]],[[114.050965,22.518136],[114.050981,22.518256]],[[114.050965,22.518136],[114.052413,22.518143],[114.053024,22.51818]],[[114.050981,22.518256],[114.051547,22.525767]],[[114.056503,22.518998],[114.05401,22.518416],[114.052412,22.518268],[114.050981,22.518256]],[[114.055042,22.514822],[114.051081,22.513654]],[[114.051112,22.513512],[114.051081,22.513654]],[[114.051112,22.513512],[114.055106,22.514686]],[[114.051262,22.512816],[114.051112,22.513512]],[[114.053303,22.584922],[114.053044,22.586534],[114.052506,22.587712],[114.049476,22.59064]],[[114.049982,22.567309],[114.049997,22.569886]],[[114.051034,22.567277],[114.049982,22.567309]],[[114.051262,22.512816],[114.051195,22.512803]],[[114.051195,22.512803],[114.05122,22.512687]],[[114.052256,22.514435],[114.051481,22.514336],[114.05116,22.514582]],[[114.049997,22.569886],[114.051901,22.570225]],[[114.05122,22.512687],[114.051287,22.5127]],[[114.05122,22.512687],[114.051537,22.511213],[114.051326,22.511037]],[[114.051235,22.523328],[114.051081,22.521201]],[[114.05253,22.513072],[114.051262,22.512816]],[[114.051287,22.5127],[114.051262,22.512816]],[[114.051287,22.5127],[114.051464,22.512737]],[[114.051714,22.511132],[114.051287,22.5127]],[[114.049612,22.593619],[114.049746,22.593382]],[[114.049792,22.59357],[114.049612,22.593619]],[[114.051411,22.525765],[114.051235,22.523328]],[[114.049746,22.593382],[114.049792,22.59357]],[[114.051464,22.512737],[114.052558,22.512976]],[[114.051714,22.511132],[114.051464,22.512737]],[[114.049792,22.59357],[114.050344,22.594447]],[[114.053008,22.511424],[114.051714,22.511132]],[[114.051416,22.525844],[114.051411,22.525765]],[[114.051411,22.525765],[114.051547,22.525767]],[[114.051294,22.531391],[114.051298,22.531229]],[[114.051298,22.531229],[114.051352,22.52879]],[[114.051298,22.531229],[114.05146,22.531229]],[[114.051292,22.531531],[114.051294,22.531391]],[[114.051294,22.531391],[114.051457,22.531392]],[[114.051288,22.531709],[114.051292,22.531531]],[[114.051453,22.531533],[114.051292,22.531531]],[[114.051258,22.535278],[114.051288,22.531709]],[[114.051449,22.531711],[114.051288,22.531709]],[[114.051352,22.52879],[114.051379,22.527629]],[[114.051379,22.527629],[114.051416,22.525844]],[[114.051547,22.525846],[114.051416,22.525844]],[[114.051879,22.509956],[114.051781,22.509938]],[[114.051781,22.509938],[114.051795,22.50987]],[[114.05109,22.542679],[114.051095,22.542415]],[[114.051095,22.542415],[114.051182,22.539509]],[[114.051095,22.542415],[114.051217,22.542414]],[[114.051212,22.542683],[114.05109,22.542679]],[[114.051057,22.54534],[114.05109,22.542679]],[[114.051795,22.50987],[114.051895,22.509888]],[[114.051795,22.50987],[114.052116,22.508499]],[[114.051256,22.535404],[114.051258,22.535278]],[[114.051258,22.535278],[114.05138,22.53528]],[[114.051221,22.537348],[114.051256,22.535404]],[[114.051378,22.535406],[114.051256,22.535404]],[[114.051218,22.537506],[114.051221,22.537348]],[[114.051221,22.537348],[114.051341,22.53735]],[[114.051183,22.539432],[114.051218,22.537506]],[[114.051339,22.537508],[114.051218,22.537506]],[[114.051057,22.545398],[114.051057,22.54534]],[[114.051057,22.54534],[114.051212,22.545343]],[[114.051182,22.539509],[114.051183,22.539432]],[[114.051183,22.539432],[114.051305,22.539434]],[[114.051214,22.545402],[114.051057,22.545398]],[[114.051034,22.547277],[114.051057,22.545398]],[[114.051302,22.53951],[114.051182,22.539509]],[[114.051034,22.547432],[114.051034,22.547277]],[[114.051034,22.547277],[114.051172,22.547279]],[[114.05117,22.547435],[114.051034,22.547432]],[[114.051006,22.549304],[114.051034,22.547432]],[[114.051004,22.549386],[114.051006,22.549304]],[[114.051006,22.549304],[114.051139,22.549304]],[[114.050973,22.551133],[114.051004,22.549386]],[[114.051137,22.549388],[114.051004,22.549386]],[[114.050973,22.551133],[114.051091,22.551135]],[[114.051017,22.55134],[114.050973,22.551133]],[[114.053335,22.510277],[114.051879,22.509956]],[[114.051895,22.509888],[114.051879,22.509956]],[[114.051547,22.525767],[114.051547,22.525846]],[[114.051547,22.525767],[114.053695,22.525801]],[[114.051547,22.525846],[114.0515,22.528534]],[[114.053282,22.525871],[114.051547,22.525846]],[[114.051895,22.509888],[114.053355,22.510207]],[[114.052199,22.508513],[114.051895,22.509888]],[[114.0515,22.528534],[114.05146,22.531229]],[[114.052533,22.528531],[114.0515,22.528534]],[[114.057837,22.551453],[114.051239,22.55135],[114.051017,22.55134]],[[114.051091,22.551135],[114.051017,22.55134]],[[114.051217,22.542414],[114.051212,22.542683]],[[114.051302,22.53951],[114.051217,22.542414]],[[114.051217,22.542414],[114.052781,22.542275]],[[114.052976,22.54294],[114.051212,22.542683]],[[114.051212,22.542683],[114.051212,22.545343]],[[114.051449,22.531711],[114.05138,22.53528]],[[114.051453,22.531533],[114.051449,22.531711]],[[114.058109,22.531811],[114.051449,22.531711]],[[114.051457,22.531392],[114.051453,22.531533]],[[114.058131,22.531644],[114.051453,22.531533]],[[114.05146,22.531229],[114.051457,22.531392]],[[114.051457,22.531392],[114.058152,22.531504]],[[114.05146,22.531229],[114.052866,22.531243],[114.053719,22.531298]],[[114.05138,22.53528],[114.051378,22.535406]],[[114.05138,22.53528],[114.053402,22.535312]],[[114.051378,22.535406],[114.051341,22.53735]],[[114.053397,22.535437],[114.051378,22.535406]],[[114.051341,22.53735],[114.051339,22.537508]],[[114.051341,22.53735],[114.05336,22.537382]],[[114.051339,22.537508],[114.051305,22.539434]],[[114.053357,22.537538],[114.051339,22.537508]],[[114.051305,22.539434],[114.051302,22.53951]],[[114.05332,22.539538],[114.051302,22.53951]],[[114.051305,22.539434],[114.053321,22.539467]],[[114.051212,22.545343],[114.051214,22.545402]],[[114.051212,22.545343],[114.05787,22.545438]],[[114.051172,22.547279],[114.05117,22.547435]],[[114.051214,22.545402],[114.051172,22.547279]],[[114.051172,22.547279],[114.05784,22.54738]],[[114.051091,22.551135],[114.051255,22.551139],[114.057779,22.551246]],[[114.051137,22.549388],[114.051091,22.551135]],[[114.05117,22.547435],[114.051139,22.549304]],[[114.057837,22.54753],[114.05117,22.547435]],[[114.057869,22.545517],[114.052085,22.545432],[114.051214,22.545402]],[[114.051139,22.549304],[114.051137,22.549388]],[[114.051139,22.549304],[114.057808,22.549411]],[[114.057807,22.549492],[114.051137,22.549388]],[[114.052199,22.508513],[114.052116,22.508499]],[[114.052116,22.508499],[114.052679,22.505962]],[[114.054055,22.608244],[114.052646,22.606223],[114.051324,22.605254],[114.050077,22.604684]],[[114.050121,22.604556],[114.050077,22.604684]],[[114.052594,22.516328],[114.052756,22.515644],[114.051989,22.515491]],[[114.051989,22.515491],[114.052256,22.514435]],[[114.050111,22.604371],[114.050224,22.604401]],[[114.050111,22.604371],[114.050121,22.604556]],[[114.05024,22.601817],[114.050111,22.604371]],[[114.050121,22.604556],[114.051377,22.605132],[114.052799,22.606171],[114.054163,22.608175]],[[114.050121,22.604556],[114.050224,22.604401]],[[114.050344,22.594447],[114.05056,22.594471],[114.050523,22.594669],[114.050308,22.59462],[114.050344,22.594447]],[[114.053747,22.508863],[114.052199,22.508513]],[[114.052767,22.505979],[114.052199,22.508513]],[[114.05024,22.601817],[114.050502,22.601826],[114.05054,22.599801]],[[114.050224,22.604401],[114.051891,22.605311]],[[114.050224,22.604401],[114.050309,22.602457],[114.051539,22.602483],[114.051615,22.601937],[114.052476,22.601955],[114.052841,22.601586],[114.054066,22.601992]],[[114.051034,22.567277],[114.051054,22.568121]],[[114.051946,22.567249],[114.051034,22.567277]],[[114.054828,22.515349],[114.052256,22.514435]],[[114.051227,22.568431],[114.051948,22.567856]],[[114.052767,22.505979],[114.052679,22.505962]],[[114.052679,22.505962],[114.053029,22.504595]],[[114.055421,22.51402],[114.05253,22.513072]],[[114.05253,22.513072],[114.052558,22.512976]],[[114.052439,22.517434],[114.052449,22.516982]],[[114.052449,22.516982],[114.052594,22.516328]],[[114.052558,22.512976],[114.053728,22.513324]],[[114.052558,22.512976],[114.052904,22.511783]],[[114.050878,22.594483],[114.051283,22.59375],[114.052359,22.59307],[114.053758,22.593422],[114.055025,22.594164]],[[114.054474,22.506358],[114.052767,22.505979]],[[114.053029,22.504595],[114.052767,22.505979]],[[114.053146,22.516438],[114.052594,22.516328]],[[114.053029,22.504595],[114.053103,22.504268]],[[114.052533,22.528531],[114.052552,22.526823],[114.053212,22.52636],[114.053282,22.525871]],[[114.0534,22.528414],[114.052533,22.528531]],[[114.054118,22.512304],[114.052904,22.511783]],[[114.052904,22.511783],[114.053008,22.511424]],[[114.054305,22.511811],[114.053008,22.511424]],[[114.053065,22.511207],[114.053008,22.511424]],[[114.053065,22.511207],[114.054358,22.511563]],[[114.053335,22.510277],[114.053065,22.511207]],[[114.050776,22.619478],[114.050784,22.619195]],[[114.050886,22.619229],[114.050784,22.619195]],[[114.050784,22.619195],[114.050989,22.612549]],[[114.050784,22.619195],[114.050888,22.619168]],[[114.051948,22.567856],[114.051946,22.567249]],[[114.053489,22.567186],[114.051946,22.567249]],[[114.050989,22.612549],[114.052641,22.613045],[114.055306,22.613139]],[[114.050989,22.612549],[114.051019,22.612708]],[[114.052268,22.568366],[114.051948,22.567856]],[[114.051901,22.570225],[114.052651,22.570341]],[[114.051901,22.570225],[114.051952,22.569983],[114.052455,22.570057]],[[114.053024,22.51818],[114.055149,22.518495]],[[114.053024,22.51818],[114.053146,22.516438]],[[114.050886,22.619229],[114.050875,22.619417]],[[114.053039,22.613206],[114.051019,22.612708]],[[114.051019,22.612708],[114.050888,22.619168]],[[114.050888,22.619168],[114.050886,22.619229]],[[114.053243,22.619269],[114.050886,22.619229]],[[114.050888,22.619168],[114.053245,22.619186]],[[114.053146,22.516438],[114.055519,22.516921]],[[114.054728,22.510656],[114.053335,22.510277]],[[114.053335,22.510277],[114.053355,22.510207]],[[114.052086,22.569543],[114.052831,22.569612]],[[114.053355,22.510207],[114.054752,22.510591]],[[114.053355,22.510207],[114.053747,22.508863]],[[114.052781,22.542275],[114.054752,22.541908],[114.057064,22.542498]],[[114.052781,22.542275],[114.054725,22.542027],[114.057064,22.542498]],[[114.052141,22.577932],[114.052969,22.578288]],[[114.052332,22.579578],[114.051537,22.579232],[114.052141,22.577932]],[[114.052141,22.577932],[114.052695,22.576813],[114.053513,22.577172]],[[114.056969,22.525924],[114.053282,22.525871]],[[114.057097,22.542821],[114.054675,22.543197],[114.052976,22.54294]],[[114.057097,22.542821],[114.054728,22.543313],[114.052976,22.54294]],[[114.055237,22.509254],[114.053747,22.508863]],[[114.054474,22.506358],[114.053747,22.508863]],[[114.0534,22.528414],[114.053705,22.529965]],[[114.05365,22.529966],[114.0534,22.528414]],[[114.0534,22.528414],[114.053204,22.527424],[114.053886,22.527222],[114.054511,22.527373]],[[114.052651,22.570341],[114.052497,22.571074]],[[114.052497,22.571074],[114.054057,22.571077]],[[114.053728,22.513324],[114.055486,22.513941]],[[114.054118,22.512304],[114.053728,22.513324]],[[114.052389,22.579602],[114.052332,22.579578]],[[114.052332,22.579578],[114.052969,22.578288]],[[114.052728,22.579753],[114.052318,22.580358]],[[114.052492,22.57243],[114.052517,22.571152]],[[114.054054,22.571161],[114.052517,22.571152]],[[114.052478,22.573131],[114.052492,22.57243]],[[114.054004,22.573983],[114.052694,22.573958],[114.052478,22.573131]],[[114.052478,22.573131],[114.054021,22.573157]],[[114.052728,22.579753],[114.052389,22.579602]],[[114.053027,22.578312],[114.052389,22.579602]],[[114.051891,22.605311],[114.052301,22.605582]],[[114.051891,22.605311],[114.052031,22.60455],[114.052876,22.604149],[114.053954,22.603037],[114.054066,22.601992]],[[114.053459,22.532248],[114.053402,22.535312]],[[114.052784,22.569765],[114.052651,22.570341]],[[114.052651,22.570341],[114.053373,22.570351]],[[114.054559,22.522228],[114.053676,22.522199]],[[114.053676,22.522199],[114.054117,22.524265]],[[114.056476,22.520683],[114.054808,22.520844],[114.053676,22.522199]],[[114.053397,22.535437],[114.05336,22.537382]],[[114.053402,22.535312],[114.053397,22.535437]],[[114.056001,22.535476],[114.053397,22.535437]],[[114.053402,22.535312],[114.056003,22.535352]],[[114.053357,22.537538],[114.05336,22.537382]],[[114.05336,22.537382],[114.055974,22.537424]],[[114.053357,22.537538],[114.053321,22.539467]],[[114.055972,22.537578],[114.053357,22.537538]],[[114.053321,22.539467],[114.05332,22.539538]],[[114.053321,22.539467],[114.055945,22.53951]],[[114.055944,22.539576],[114.05332,22.539538]],[[114.053539,22.529967],[114.05365,22.529966]],[[114.054117,22.524265],[114.053695,22.525801]],[[114.053695,22.525801],[114.057225,22.525857]],[[114.052831,22.569612],[114.052784,22.569765]],[[114.052784,22.569765],[114.053339,22.569766]],[[114.053775,22.53054],[114.05365,22.529966]],[[114.05365,22.529966],[114.053705,22.529965]],[[114.053715,22.568401],[114.053247,22.568428],[114.052831,22.569612]],[[114.054213,22.563868],[114.052979,22.563849]],[[114.053705,22.529965],[114.053775,22.53054]],[[114.055947,22.512966],[114.055079,22.512478],[114.054118,22.512304]],[[114.054305,22.511811],[114.054118,22.512304]],[[114.053719,22.531298],[114.053867,22.531104]],[[114.053719,22.531298],[114.054039,22.5313]],[[114.054046,22.578735],[114.053441,22.580065],[114.052728,22.579753]],[[114.056728,22.530074],[114.056628,22.530121],[114.053843,22.530548],[114.053775,22.53054]],[[114.053867,22.531104],[114.053775,22.53054]],[[114.053775,22.53054],[114.056728,22.530074]],[[114.053008,22.568072],[114.053489,22.568076]],[[114.053867,22.531104],[114.054039,22.5313]],[[114.056188,22.512451],[114.054305,22.511811]],[[114.054305,22.511811],[114.054358,22.511563]],[[114.054358,22.511563],[114.0545,22.511602]],[[114.054358,22.511563],[114.054582,22.511036]],[[114.055794,22.509422],[114.055538,22.506649],[114.054474,22.506358]],[[114.054882,22.504977],[114.054474,22.506358]],[[114.055983,22.524359],[114.054117,22.524265]],[[114.052969,22.578288],[114.053027,22.578312]],[[114.052969,22.578288],[114.053513,22.577172]],[[114.053027,22.578312],[114.054046,22.578735]],[[114.053573,22.577196],[114.053027,22.578312]],[[114.054039,22.5313],[114.058179,22.531352]],[[114.0545,22.511602],[114.056268,22.512177],[114.056188,22.512451]],[[114.054582,22.511036],[114.0545,22.511602]],[[114.054686,22.510751],[114.054582,22.511036]],[[114.053339,22.569766],[114.053715,22.568401]],[[114.053339,22.569766],[114.054088,22.569766]],[[114.053489,22.567186],[114.053489,22.568076]],[[114.054126,22.567197],[114.053489,22.567186]],[[114.053489,22.568076],[114.053929,22.568074],[114.053923,22.568345]],[[114.056286,22.511101],[114.054728,22.510656]],[[114.054752,22.510591],[114.054728,22.510656]],[[114.053163,22.58498],[114.053214,22.58465]],[[114.053303,22.584922],[114.053163,22.58498]],[[114.054752,22.510591],[114.056286,22.511101]],[[114.055237,22.509254],[114.054752,22.510591]],[[114.053214,22.58465],[114.053501,22.583662],[114.055964,22.579243],[114.057198,22.57852],[114.059958,22.578114]],[[114.053214,22.58465],[114.05336,22.584591]],[[114.056444,22.523009],[114.054648,22.522951],[114.054559,22.522228]],[[114.054559,22.522228],[114.055192,22.521439],[114.056466,22.521437]],[[114.054511,22.527373],[114.054814,22.527379]],[[114.055057,22.528784],[114.054511,22.527373]],[[114.0546,22.565481],[114.053708,22.565345]],[[114.054126,22.566357],[114.054108,22.565551],[114.053708,22.565345]],[[114.05336,22.584591],[114.053303,22.584922]],[[114.060088,22.57825],[114.057484,22.582942],[114.05616,22.58382],[114.053303,22.584922]],[[114.053513,22.577172],[114.053573,22.577196]],[[114.053513,22.577172],[114.053908,22.576315]],[[114.055706,22.515809],[114.054828,22.515349]],[[114.054828,22.515349],[114.055042,22.514822]],[[114.055118,22.514851],[114.054828,22.515349]],[[114.059874,22.578277],[114.057443,22.57863],[114.056087,22.579316],[114.053756,22.583476],[114.05336,22.584591]],[[114.05336,22.584591],[114.055801,22.583594],[114.056971,22.582873],[114.059874,22.578277]],[[114.054109,22.56839],[114.053715,22.568401]],[[114.053573,22.577196],[114.054606,22.577634]],[[114.053982,22.57636],[114.053573,22.577196]],[[114.053976,22.564492],[114.054476,22.564589]],[[114.053976,22.564492],[114.054198,22.564362],[114.054213,22.563868]],[[114.055118,22.514851],[114.055042,22.514822]],[[114.055042,22.514822],[114.055106,22.514686]],[[114.054814,22.527379],[114.056928,22.527375]],[[114.056927,22.527413],[114.054814,22.527379]],[[114.055106,22.514686],[114.055183,22.514716]],[[114.055106,22.514686],[114.055421,22.51402]],[[114.055794,22.509422],[114.055237,22.509254]],[[114.062343,22.519823],[114.059606,22.517384],[114.056894,22.515687],[114.055118,22.514851]],[[114.055183,22.514716],[114.055118,22.514851]],[[114.054867,22.613243],[114.053039,22.613206]],[[114.054867,22.613243],[114.054344,22.613314],[114.053039,22.613206]],[[114.055183,22.514716],[114.058649,22.516466],[114.062527,22.519668]],[[114.055499,22.514056],[114.055183,22.514716]],[[114.053982,22.57636],[114.053908,22.576315]],[[114.053908,22.576315],[114.05397,22.575339]],[[114.054129,22.567133],[114.054126,22.566357]],[[114.054126,22.566357],[114.054207,22.566357]],[[114.055149,22.518495],[114.058361,22.519587]],[[114.055234,22.518197],[114.055149,22.518495]],[[114.054205,22.56723],[114.054126,22.567197]],[[114.054109,22.56839],[114.054126,22.567197]],[[114.054126,22.567197],[114.054129,22.567133]],[[114.054129,22.567133],[114.054207,22.567162]],[[114.054232,22.562458],[114.054235,22.562277]],[[114.054235,22.562277],[114.054309,22.562272]],[[114.054213,22.563868],[114.054232,22.562458]],[[114.054305,22.562452],[114.054232,22.562458]],[[114.054088,22.569766],[114.054109,22.56839]],[[114.054176,22.568382],[114.054109,22.56839]],[[114.054021,22.573157],[114.054054,22.571161]],[[114.054054,22.571161],[114.054057,22.571077]],[[114.054126,22.571162],[114.054054,22.571161]],[[114.054057,22.571077],[114.054088,22.569766]],[[114.054057,22.571077],[114.054128,22.571076]],[[114.05397,22.575339],[114.054046,22.575342]],[[114.05397,22.575339],[114.054004,22.573983]],[[114.054004,22.573983],[114.054021,22.573157]],[[114.054021,22.573157],[114.05409,22.573158]],[[114.054074,22.573986],[114.054004,22.573983]],[[114.055086,22.576646],[114.053982,22.57636]],[[114.054046,22.575342],[114.053982,22.57636]],[[114.054207,22.566357],[114.054207,22.567162]],[[114.0546,22.565481],[114.05423,22.565625],[114.054207,22.566357]],[[114.054207,22.566357],[114.054829,22.56635],[114.055329,22.566523]],[[114.057538,22.518873],[114.055234,22.518197]],[[114.055519,22.516921],[114.055234,22.518197]],[[114.054176,22.568382],[114.054128,22.571076]],[[114.054205,22.56723],[114.054176,22.568382]],[[114.055264,22.568809],[114.054351,22.5684],[114.054278,22.568373],[114.054176,22.568382]],[[114.054305,22.562452],[114.054285,22.563936]],[[114.054309,22.562272],[114.054305,22.562452]],[[114.058022,22.562408],[114.054305,22.562452]],[[114.054309,22.562272],[114.05748,22.56231]],[[114.055754,22.567901],[114.054205,22.56723]],[[114.054207,22.567162],[114.054205,22.56723]],[[114.054207,22.567162],[114.055792,22.567835]],[[114.054126,22.571162],[114.054112,22.572185]],[[114.054128,22.571076],[114.054126,22.571162]],[[114.055832,22.571155],[114.054126,22.571162]],[[114.054128,22.571076],[114.055813,22.571078]],[[114.054285,22.563936],[114.055614,22.56416]],[[114.054285,22.563936],[114.054476,22.564589]],[[114.05409,22.573158],[114.054074,22.573986]],[[114.054112,22.572185],[114.05409,22.573158]],[[114.054112,22.572185],[114.05419,22.572187],[114.055746,22.572205],[114.055818,22.572203]],[[114.055784,22.57403],[114.054074,22.573986]],[[114.054074,22.573986],[114.054046,22.575342]],[[114.054046,22.575342],[114.055742,22.575357]],[[114.054606,22.577634],[114.054046,22.578735]],[[114.055499,22.514056],[114.055421,22.51402]],[[114.055421,22.51402],[114.055486,22.513941]],[[114.05568,22.619307],[114.055301,22.619302],[114.053419,22.619272],[114.053243,22.619269]],[[114.053245,22.619419],[114.053243,22.619269]],[[114.053243,22.619269],[114.053245,22.619186]],[[114.053245,22.619186],[114.055679,22.619206]],[[114.055486,22.513941],[114.057426,22.515072]],[[114.055486,22.513941],[114.055499,22.514056]],[[114.055486,22.513941],[114.055947,22.512966]],[[114.057426,22.515072],[114.055499,22.514056]],[[114.054476,22.564589],[114.05487,22.564693]],[[114.055519,22.516921],[114.058091,22.517927]],[[114.055706,22.515809],[114.055519,22.516921]],[[114.058406,22.566975],[114.0546,22.565481]],[[114.056286,22.511101],[114.055794,22.509422]],[[114.059327,22.517873],[114.055706,22.515809]],[[114.055947,22.512966],[114.056188,22.512451]],[[114.054066,22.601992],[114.055354,22.602497],[114.054847,22.603336],[114.054604,22.603394]],[[114.05487,22.564693],[114.057651,22.565573]],[[114.055614,22.56416],[114.055472,22.564522],[114.05487,22.564693]],[[114.055086,22.576646],[114.054606,22.577634]],[[114.054195,22.608274],[114.054055,22.608244]],[[114.055306,22.613139],[114.054055,22.608244]],[[114.054055,22.608244],[114.054163,22.608175]],[[114.054163,22.608175],[114.054195,22.608274]],[[114.054163,22.608175],[114.055105,22.608155]],[[114.054195,22.608274],[114.055071,22.611604]],[[114.059469,22.608213],[114.054195,22.608274]],[[114.056855,22.51242],[114.056286,22.511101]],[[114.055742,22.575357],[114.055086,22.576646]],[[114.055946,22.576648],[114.055086,22.576646]],[[114.055878,22.569091],[114.055264,22.568809]],[[114.055264,22.568809],[114.055754,22.567901]],[[114.055329,22.566523],[114.05684,22.567205]],[[114.055329,22.566523],[114.055594,22.56599]],[[114.056003,22.535352],[114.056063,22.53225]],[[114.056001,22.535476],[114.056003,22.535352]],[[114.056003,22.535352],[114.058003,22.535385]],[[114.055974,22.537424],[114.056001,22.535476]],[[114.056758,22.535488],[114.056001,22.535476]],[[114.055974,22.537424],[114.055972,22.537578]],[[114.055974,22.537424],[114.056748,22.537436]],[[114.055972,22.537578],[114.055945,22.53951]],[[114.057976,22.537608],[114.055972,22.537578]],[[114.055945,22.53951],[114.055944,22.539576]],[[114.055945,22.53951],[114.057952,22.539541]],[[114.057978,22.539622],[114.057679,22.539612],[114.056126,22.539579],[114.055944,22.539576]],[[114.058988,22.520013],[114.056503,22.518998]],[[114.056476,22.520683],[114.056503,22.518998]],[[114.056466,22.521437],[114.056476,22.520683]],[[114.057772,22.520873],[114.057558,22.520692],[114.056476,22.520683]],[[114.056444,22.523009],[114.056466,22.521437]],[[114.056435,22.523703],[114.056444,22.523009]],[[114.056433,22.523872],[114.056435,22.523703]],[[114.056435,22.523703],[114.057038,22.523681]],[[114.055614,22.56416],[114.056357,22.564247],[114.057541,22.564072],[114.058131,22.564169]],[[114.055807,22.596086],[114.055369,22.595232],[114.054789,22.594743],[114.055025,22.594164]],[[114.055025,22.594164],[114.055154,22.593969]],[[114.056855,22.51242],[114.058931,22.514482],[114.059215,22.515301],[114.059775,22.515682],[114.060442,22.515781],[114.061705,22.516708],[114.062072,22.51814],[114.062632,22.518716]],[[114.061344,22.51776],[114.061302,22.517255],[114.059026,22.515332],[114.056855,22.51242]],[[114.070707,22.612014],[114.069931,22.610678],[114.068097,22.608897],[114.061956,22.605442],[114.060095,22.603971],[114.058884,22.602089],[114.056522,22.595754],[114.055959,22.594781],[114.055154,22.593969]],[[114.055154,22.593969],[114.055284,22.593834]],[[114.056334,22.568157],[114.055754,22.567901]],[[114.055754,22.567901],[114.055792,22.567835]],[[114.055792,22.567835],[114.056364,22.568099]],[[114.055335,22.613265],[114.054867,22.613243]],[[114.055284,22.593834],[114.056687,22.595524],[114.059117,22.602054],[114.060307,22.603703],[114.061825,22.604888],[114.068334,22.608397],[114.06992,22.610038],[114.070847,22.611871]],[[114.055284,22.593834],[114.05554,22.593102],[114.056012,22.592836]],[[114.055813,22.571078],[114.055878,22.569091]],[[114.055813,22.571078],[114.055857,22.571078]],[[114.055784,22.57403],[114.055742,22.575357]],[[114.055742,22.575357],[114.058538,22.575391]],[[114.055832,22.571155],[114.055818,22.572203]],[[114.057589,22.571154],[114.055832,22.571155]],[[114.055914,22.569107],[114.055878,22.569091]],[[114.055878,22.569091],[114.056334,22.568157]],[[114.055818,22.572203],[114.05582,22.572546]],[[114.055805,22.573286],[114.055784,22.57403]],[[114.056599,22.574039],[114.055784,22.57403]],[[114.05582,22.572546],[114.055805,22.573286]],[[114.056622,22.572566],[114.055909,22.572545],[114.05582,22.572546]],[[114.055805,22.573286],[114.056614,22.573306]],[[114.055914,22.569107],[114.055857,22.571078]],[[114.055857,22.571078],[114.057588,22.571086]],[[114.056728,22.530074],[114.056235,22.528343],[114.056906,22.52817]],[[114.056728,22.530074],[114.057432,22.529929],[114.056906,22.52817]],[[114.05762,22.569866],[114.055914,22.569107]],[[114.05637,22.568174],[114.055914,22.569107]],[[114.055171,22.604574],[114.055157,22.605423]],[[114.055157,22.605423],[114.055105,22.608155]],[[114.057929,22.605447],[114.055157,22.605423]],[[114.055105,22.608155],[114.059443,22.608138]],[[114.055086,22.610101],[114.05773,22.610148],[114.057709,22.611669],[114.056625,22.611642]],[[114.056625,22.611642],[114.055071,22.611604]],[[114.055071,22.611604],[114.055438,22.613141]],[[114.056906,22.52817],[114.056919,22.527702]],[[114.058237,22.527658],[114.056919,22.527702]],[[114.056919,22.527702],[114.056927,22.527413]],[[114.056919,22.527702],[114.058237,22.527592]],[[114.056927,22.527413],[114.056928,22.527375]],[[114.056928,22.527375],[114.056969,22.525924]],[[114.056758,22.535488],[114.056748,22.537436]],[[114.058003,22.535507],[114.056758,22.535488]],[[114.059607,22.525962],[114.056969,22.525924]],[[114.057225,22.525857],[114.056972,22.524897],[114.057038,22.523681]],[[114.057038,22.523681],[114.057361,22.523669]],[[114.056748,22.537436],[114.057978,22.537456]],[[114.055946,22.576648],[114.056229,22.57797]],[[114.058699,22.575908],[114.057624,22.575993],[114.055946,22.576648]],[[114.055335,22.613265],[114.055306,22.613139]],[[114.055306,22.613139],[114.055438,22.613141]],[[114.055468,22.613268],[114.055335,22.613265]],[[114.055679,22.619206],[114.055749,22.615488],[114.055335,22.613265]],[[114.061344,22.51776],[114.057426,22.515072]],[[114.057225,22.525857],[114.058292,22.525874]],[[114.05637,22.568174],[114.056334,22.568157]],[[114.056334,22.568157],[114.056364,22.568099]],[[114.056364,22.568099],[114.056401,22.568116]],[[114.056364,22.568099],[114.056406,22.568048]],[[114.05855,22.569157],[114.05637,22.568174]],[[114.056401,22.568116],[114.05637,22.568174]],[[114.055438,22.613141],[114.055468,22.613268]],[[114.055438,22.613141],[114.05826,22.613187],[114.058771,22.613221],[114.060946,22.613773]],[[114.056401,22.568116],[114.058551,22.56908]],[[114.056406,22.568048],[114.056401,22.568116]],[[114.05684,22.567205],[114.056406,22.568048]],[[114.057361,22.523669],[114.057407,22.522596]],[[114.057361,22.523669],[114.057646,22.523658]],[[114.060286,22.613724],[114.058755,22.613352],[114.055468,22.613268]],[[114.055468,22.613268],[114.055849,22.615251],[114.055849,22.616854]],[[114.05823,22.522816],[114.057407,22.522596]],[[114.057407,22.522596],[114.057772,22.520873]],[[114.058483,22.519313],[114.057538,22.518873]],[[114.058091,22.517927],[114.057538,22.518873]],[[114.057064,22.542498],[114.057891,22.542546]],[[114.057889,22.542813],[114.057097,22.542821]],[[114.058475,22.524519],[114.057592,22.524506],[114.057646,22.523658]],[[114.057646,22.523658],[114.058018,22.523644]],[[114.056614,22.573306],[114.056622,22.572566]],[[114.056791,22.572566],[114.056622,22.572566]],[[114.056614,22.573306],[114.056776,22.57331]],[[114.056599,22.574039],[114.056614,22.573306]],[[114.05676,22.57404],[114.056599,22.574039]],[[114.05568,22.619307],[114.055679,22.619206]],[[114.055679,22.619206],[114.055809,22.619205]],[[114.055676,22.619718],[114.05568,22.619307]],[[114.055808,22.619309],[114.05568,22.619307]],[[114.057772,22.520873],[114.058416,22.520992]],[[114.05684,22.567205],[114.058569,22.568021]],[[114.056791,22.572566],[114.056776,22.57331]],[[114.057557,22.572577],[114.056791,22.572566]],[[114.055849,22.616854],[114.055809,22.619205]],[[114.055849,22.616854],[114.057634,22.616883]],[[114.056776,22.57331],[114.05676,22.57404]],[[114.057531,22.574057],[114.056845,22.574041],[114.05676,22.57404]],[[114.056776,22.57331],[114.057543,22.573328]],[[114.055809,22.619205],[114.055808,22.619309]],[[114.055809,22.619205],[114.056605,22.61921],[114.059196,22.619267]],[[114.055808,22.619309],[114.055803,22.619732]],[[114.059192,22.619367],[114.055808,22.619309]],[[114.055955,22.615233],[114.05766,22.615258]],[[114.058091,22.517927],[114.058956,22.51848]],[[114.05823,22.522816],[114.058018,22.523644]],[[114.058018,22.523644],[114.058542,22.523625]],[[114.058365,22.522317],[114.05823,22.522816]],[[114.058003,22.535507],[114.058003,22.535385]],[[114.058003,22.535385],[114.058109,22.531811]],[[114.058003,22.535385],[114.058192,22.535386]],[[114.057978,22.537456],[114.058003,22.535507]],[[114.058189,22.53551],[114.058003,22.535507]],[[114.057976,22.537608],[114.057978,22.537456]],[[114.057978,22.537456],[114.058155,22.537459]],[[114.057952,22.539541],[114.057976,22.537608]],[[114.058152,22.537611],[114.057976,22.537608]],[[114.058361,22.519587],[114.059042,22.519915]],[[114.058361,22.519587],[114.058483,22.519313]],[[114.058109,22.531811],[114.058131,22.531644]],[[114.058297,22.531812],[114.058109,22.531811]],[[114.057952,22.539541],[114.05812,22.539544]],[[114.057978,22.539622],[114.057952,22.539541]],[[114.057891,22.542546],[114.058051,22.542549]],[[114.057889,22.542813],[114.057891,22.542546]],[[114.057891,22.542546],[114.057978,22.539622]],[[114.058237,22.527592],[114.058236,22.526429]],[[114.05787,22.545438],[114.057889,22.542813]],[[114.05797,22.542813],[114.057889,22.542813]],[[114.05748,22.56231],[114.058022,22.562408]],[[114.05748,22.56231],[114.058101,22.562153]],[[114.058131,22.531644],[114.058152,22.531504]],[[114.058318,22.531648],[114.058131,22.531644]],[[114.058121,22.539624],[114.057978,22.539622]],[[114.058152,22.531504],[114.058179,22.531352]],[[114.058152,22.531504],[114.058339,22.531507]],[[114.058237,22.527592],[114.058903,22.52764]],[[114.058237,22.527658],[114.058237,22.527592]],[[114.058903,22.52764],[114.058839,22.527675],[114.058237,22.527658]],[[114.057869,22.545517],[114.05787,22.545438]],[[114.05787,22.545438],[114.058037,22.545441]],[[114.058036,22.54552],[114.057869,22.545517]],[[114.05784,22.54738],[114.057869,22.545517]],[[114.058416,22.520992],[114.058365,22.522317]],[[114.058365,22.522317],[114.05899,22.522327]],[[114.058292,22.525874],[114.05842,22.525172]],[[114.058292,22.525874],[114.059627,22.525895]],[[114.058179,22.531352],[114.058366,22.531357]],[[114.058179,22.531352],[114.059144,22.527626]],[[114.057837,22.54753],[114.05784,22.54738]],[[114.05784,22.54738],[114.058003,22.547383]],[[114.057808,22.549411],[114.057837,22.54753]],[[114.058001,22.547532],[114.057837,22.54753]],[[114.057807,22.549492],[114.057808,22.549411]],[[114.057808,22.549411],[114.057948,22.54941]],[[114.057779,22.551246],[114.057807,22.549492]],[[114.057946,22.549493],[114.057807,22.549492]],[[114.058416,22.520992],[114.058899,22.520981]],[[114.057837,22.551453],[114.057779,22.551246]],[[114.057779,22.551246],[114.057895,22.551247]],[[114.058047,22.542827],[114.05797,22.542813]],[[114.058047,22.542814],[114.05797,22.542813]],[[114.058483,22.519313],[114.058956,22.51848]],[[114.057895,22.551247],[114.057837,22.551453]],[[114.062589,22.551501],[114.057837,22.551453]],[[114.05823,22.533509],[114.060555,22.533566]],[[114.05823,22.533509],[114.058229,22.533656]],[[114.058297,22.531812],[114.05823,22.533509]],[[114.058192,22.535386],[114.058189,22.53551]],[[114.058229,22.533656],[114.058192,22.535386]],[[114.058192,22.535386],[114.060515,22.535422]],[[114.058189,22.53551],[114.058155,22.537459]],[[114.060501,22.535525],[114.058189,22.53551]],[[114.060554,22.533624],[114.058229,22.533656]],[[114.056555,22.612747],[114.056625,22.611642]],[[114.058155,22.537459],[114.058152,22.537611]],[[114.058155,22.537459],[114.062836,22.537524]],[[114.058152,22.537611],[114.05812,22.539544]],[[114.062819,22.537653],[114.058152,22.537611]],[[114.058051,22.542549],[114.058956,22.542569]],[[114.058051,22.542549],[114.058047,22.542814]],[[114.058121,22.539624],[114.058051,22.542549]],[[114.05842,22.525172],[114.058886,22.525184]],[[114.05842,22.525172],[114.058475,22.524519]],[[114.058047,22.542814],[114.058047,22.542827]],[[114.062721,22.542897],[114.058047,22.542814]],[[114.062721,22.543036],[114.058047,22.542827]],[[114.058047,22.542827],[114.058037,22.545441]],[[114.05812,22.539544],[114.058121,22.539624]],[[114.05812,22.539544],[114.062818,22.539616]],[[114.062815,22.539685],[114.058582,22.539636],[114.058121,22.539624]],[[114.058318,22.531648],[114.058297,22.531812]],[[114.06036,22.531845],[114.058297,22.531812]],[[114.057946,22.549493],[114.057895,22.551247]],[[114.057895,22.551247],[114.060013,22.551279]],[[114.056625,22.611642],[114.056631,22.610881]],[[114.058339,22.531507],[114.058318,22.531648]],[[114.062963,22.531741],[114.06035,22.531698],[114.058415,22.531649],[114.058318,22.531648]],[[114.058475,22.524519],[114.058542,22.523625]],[[114.057948,22.54941],[114.060214,22.549448]],[[114.057948,22.54941],[114.057946,22.549493]],[[114.058001,22.547532],[114.057948,22.54941]],[[114.060213,22.549522],[114.057946,22.549493]],[[114.058037,22.545441],[114.058036,22.54552]],[[114.058037,22.545441],[114.060283,22.545473]],[[114.058036,22.54552],[114.058003,22.547383]],[[114.060282,22.545554],[114.058036,22.54552]],[[114.058366,22.531357],[114.058339,22.531507]],[[114.058339,22.531507],[114.062964,22.531582]],[[114.058003,22.547383],[114.058001,22.547532]],[[114.058003,22.547383],[114.06025,22.547417]],[[114.060247,22.547564],[114.058001,22.547532]],[[114.058366,22.531357],[114.05899,22.531372],[114.060881,22.531391],[114.062965,22.531431]],[[114.058838,22.529306],[114.058366,22.531357]],[[114.057651,22.565573],[114.058535,22.566011],[114.059137,22.566732]],[[114.057651,22.565573],[114.058785,22.564549]],[[114.058542,22.523625],[114.05899,22.522327]],[[114.058542,22.523625],[114.059285,22.52361]],[[114.057588,22.571086],[114.05762,22.569866]],[[114.057588,22.571086],[114.058517,22.571077]],[[114.058402,22.572709],[114.057557,22.572577]],[[114.057543,22.573328],[114.057557,22.572577]],[[114.057557,22.572577],[114.057589,22.571154]],[[114.058516,22.571159],[114.057589,22.571154]],[[114.057543,22.573328],[114.057614,22.573331],[114.058341,22.573343]],[[114.057531,22.574057],[114.057543,22.573328]],[[114.058531,22.570246],[114.05762,22.569866]],[[114.058506,22.574081],[114.057531,22.574057]],[[114.058977,22.521631],[114.058899,22.520981]],[[114.058899,22.520981],[114.058988,22.520013]],[[114.058022,22.562408],[114.058199,22.562431]],[[114.058094,22.562348],[114.058022,22.562408]],[[114.058956,22.51848],[114.059327,22.517873]],[[114.060911,22.521146],[114.058988,22.520013]],[[114.058988,22.520013],[114.059042,22.519915]],[[114.058199,22.562431],[114.058094,22.562348]],[[114.058094,22.562348],[114.058101,22.562153]],[[114.062483,22.558509],[114.061445,22.559174],[114.058094,22.562348]],[[114.058101,22.562153],[114.060999,22.559387],[114.062484,22.558334]],[[114.059651,22.521686],[114.058977,22.521631]],[[114.05899,22.522327],[114.058977,22.521631]],[[114.059282,22.527619],[114.058838,22.529306]],[[114.058838,22.529306],[114.059554,22.529314]],[[114.05899,22.522327],[114.059482,22.522328]],[[114.058935,22.524958],[114.059285,22.52361]],[[114.059042,22.519915],[114.06099,22.521051]],[[114.058903,22.52764],[114.059144,22.527626]],[[114.058131,22.564169],[114.058785,22.564549]],[[114.058131,22.564169],[114.058185,22.563844],[114.059151,22.563853]],[[114.058199,22.562431],[114.059166,22.562444]],[[114.062046,22.520084],[114.059327,22.517873]],[[114.059144,22.527626],[114.059607,22.525962]],[[114.059144,22.527626],[114.059282,22.527619]],[[114.060413,22.543487],[114.058814,22.543464]],[[114.059285,22.52361],[114.059387,22.523611]],[[114.059008,22.567258],[114.058406,22.566975]],[[114.058569,22.568021],[114.058406,22.566975]],[[114.058956,22.542569],[114.062724,22.542655]],[[114.058956,22.542569],[114.062727,22.54251]],[[114.059497,22.526799],[114.059282,22.527619]],[[114.059282,22.527619],[114.0604,22.527612]],[[114.058223,22.577705],[114.059198,22.577534],[114.059964,22.576845],[114.059921,22.576579]],[[114.059387,22.523611],[114.059734,22.522378]],[[114.059387,22.523611],[114.060081,22.523618],[114.06023,22.523639]],[[114.059482,22.522328],[114.059734,22.522378]],[[114.059651,22.521686],[114.059482,22.522328]],[[114.058569,22.568021],[114.058627,22.56806]],[[114.058551,22.56908],[114.058569,22.568021]],[[114.058551,22.56908],[114.058611,22.569124]],[[114.05855,22.569157],[114.058551,22.56908]],[[114.058531,22.570246],[114.05855,22.569157]],[[114.058611,22.569124],[114.05855,22.569157]],[[114.058594,22.570272],[114.058531,22.570246]],[[114.058517,22.571077],[114.058531,22.570246]],[[114.058516,22.571159],[114.058517,22.571077]],[[114.058517,22.571077],[114.058581,22.571077]],[[114.05858,22.571159],[114.058516,22.571159]],[[114.059717,22.525965],[114.059497,22.526799]],[[114.06061,22.526814],[114.059497,22.526799]],[[114.058627,22.56806],[114.058611,22.569124]],[[114.059008,22.567258],[114.058649,22.567341],[114.058627,22.56806]],[[114.060271,22.56916],[114.058611,22.569124]],[[114.058611,22.569124],[114.058594,22.570272]],[[114.060884,22.574506],[114.058506,22.574081]],[[114.058538,22.575391],[114.058506,22.574081]],[[114.058506,22.574081],[114.058633,22.574072],[114.058782,22.574094]],[[114.058594,22.570272],[114.058581,22.571077]],[[114.058581,22.571077],[114.05858,22.571159]],[[114.058581,22.571077],[114.060237,22.571078]],[[114.058874,22.571161],[114.05858,22.571159]],[[114.057687,22.61356],[114.05766,22.615258]],[[114.05766,22.615258],[114.057634,22.616883]],[[114.05766,22.615258],[114.058238,22.615266]],[[114.060696,22.521879],[114.059651,22.521686]],[[114.058238,22.615266],[114.058122,22.616838],[114.057634,22.616883]],[[114.058699,22.575908],[114.058538,22.575391]],[[114.058785,22.564549],[114.059151,22.563853]],[[114.059717,22.525965],[114.059607,22.525962]],[[114.059607,22.525962],[114.059627,22.525895]],[[114.059443,22.608138],[114.060308,22.607902],[114.060351,22.606815],[114.057929,22.605447]],[[114.057929,22.605447],[114.058112,22.605422],[114.058579,22.605639],[114.060377,22.606689],[114.060365,22.607956],[114.059469,22.608213]],[[114.062231,22.529344],[114.062071,22.530663],[114.059591,22.530611],[114.059554,22.529314]],[[114.059554,22.529314],[114.062231,22.529344]],[[114.059627,22.525895],[114.059735,22.525898]],[[114.059627,22.525895],[114.06023,22.523639]],[[114.059734,22.522378],[114.06005,22.522441]],[[114.059735,22.525898],[114.059717,22.525965]],[[114.060829,22.525974],[114.059717,22.525965]],[[114.060077,22.524594],[114.059735,22.525898]],[[114.059735,22.525898],[114.060863,22.525905]],[[114.058756,22.57274],[114.058782,22.574094]],[[114.058874,22.571161],[114.058756,22.57274]],[[114.058756,22.57274],[114.058834,22.572739],[114.059551,22.572755]],[[114.059921,22.576579],[114.058699,22.575908]],[[114.058782,22.574094],[114.060894,22.574453]],[[114.061284,22.571175],[114.058874,22.571161]],[[114.061552,22.571127],[114.061954,22.568694],[114.059008,22.567258]],[[114.059163,22.563239],[114.059166,22.562444]],[[114.059166,22.562444],[114.060974,22.562468]],[[114.059151,22.563853],[114.059163,22.563239]],[[114.059163,22.563239],[114.060968,22.563246]],[[114.059137,22.566732],[114.062207,22.568183]],[[114.060077,22.524594],[114.061152,22.524842]],[[114.060324,22.523657],[114.060077,22.524594]],[[114.060286,22.613724],[114.058238,22.615266]],[[114.058238,22.615266],[114.060078,22.615293]],[[114.06023,22.523639],[114.060324,22.523657]],[[114.06023,22.523639],[114.060696,22.521879]],[[114.060588,22.522675],[114.060324,22.523657]],[[114.06061,22.526814],[114.0604,22.527612]],[[114.0604,22.527612],[114.061515,22.52762]],[[114.060555,22.533566],[114.060565,22.532137],[114.06036,22.531845]],[[114.060867,22.53185],[114.06036,22.531845]],[[114.060588,22.522675],[114.061268,22.522861],[114.061524,22.523167],[114.061152,22.524842]],[[114.061025,22.52122],[114.060588,22.522675]],[[114.060013,22.551279],[114.060185,22.551137],[114.060213,22.549522]],[[114.060013,22.551279],[114.060427,22.551285]],[[114.060696,22.521879],[114.060911,22.521146]],[[114.060829,22.525974],[114.06061,22.526814]],[[114.061679,22.52683],[114.06061,22.526814]],[[114.060282,22.545554],[114.060283,22.545473]],[[114.060283,22.545473],[114.060413,22.543487]],[[114.060283,22.545473],[114.06038,22.545474]],[[114.06025,22.547417],[114.060282,22.545554]],[[114.060378,22.545555],[114.060282,22.545554]],[[114.060596,22.535523],[114.060587,22.536008],[114.060501,22.535525]],[[114.060501,22.535525],[114.060515,22.535422]],[[114.060596,22.535523],[114.060501,22.535525]],[[114.060247,22.547564],[114.06025,22.547417]],[[114.06025,22.547417],[114.060347,22.547419]],[[114.060214,22.549448],[114.060247,22.547564]],[[114.060344,22.547566],[114.060247,22.547564]],[[114.060213,22.549522],[114.060214,22.549448]],[[114.060214,22.549448],[114.060313,22.54945]],[[114.060311,22.549524],[114.060213,22.549522]],[[114.060515,22.535422],[114.060554,22.533624]],[[114.060515,22.535422],[114.060597,22.535421]],[[114.060554,22.533624],[114.060555,22.533566]],[[114.060619,22.533623],[114.060554,22.533624]],[[114.060555,22.533566],[114.06062,22.533569]],[[114.060619,22.533623],[114.060597,22.535421]],[[114.06062,22.533569],[114.060619,22.533623]],[[114.061931,22.533687],[114.060766,22.533625],[114.060619,22.533623]],[[114.06062,22.533569],[114.062046,22.533663]],[[114.060867,22.53185],[114.060625,22.532058],[114.06062,22.533569]],[[114.061807,22.543531],[114.060413,22.543487]],[[114.060413,22.543487],[114.06038,22.545474]],[[114.06038,22.545474],[114.060378,22.545555]],[[114.06038,22.545474],[114.061759,22.545494]],[[114.060378,22.545555],[114.060347,22.547419]],[[114.062685,22.546188],[114.06242,22.54559],[114.060378,22.545555]],[[114.060597,22.535421],[114.061916,22.535443]],[[114.060597,22.535421],[114.060596,22.535523]],[[114.062902,22.535559],[114.060596,22.535523]],[[114.060347,22.547419],[114.060344,22.547566]],[[114.060347,22.547419],[114.062662,22.547461]],[[114.060344,22.547566],[114.060313,22.54945]],[[114.06266,22.547593],[114.060344,22.547566]],[[114.061025,22.52122],[114.060911,22.521146]],[[114.060911,22.521146],[114.06099,22.521051]],[[114.060313,22.54945],[114.060311,22.549524]],[[114.060313,22.54945],[114.062388,22.549483],[114.062629,22.549319]],[[114.060311,22.549524],[114.060427,22.551285]],[[114.062621,22.549772],[114.062397,22.549554],[114.060311,22.549524]],[[114.061828,22.525979],[114.060829,22.525974]],[[114.061152,22.524842],[114.060863,22.525905]],[[114.060863,22.525905],[114.061865,22.525911]],[[114.060974,22.562468],[114.060965,22.561664],[114.060133,22.560605]],[[114.06099,22.521051],[114.06111,22.521116]],[[114.06099,22.521051],[114.062046,22.520084]],[[114.0625,22.52274],[114.061025,22.52122]],[[114.06111,22.521116],[114.061025,22.52122]],[[114.060427,22.551285],[114.062593,22.551305]],[[114.059874,22.578277],[114.059958,22.578114]],[[114.060088,22.57825],[114.059874,22.578277]],[[114.062962,22.531874],[114.060867,22.53185]],[[114.060443,22.576564],[114.06,22.576582],[114.059921,22.576579]],[[114.06111,22.521116],[114.06203,22.521873],[114.062934,22.523296],[114.063203,22.524412],[114.063218,22.525962]],[[114.062133,22.520198],[114.06111,22.521116]],[[114.059958,22.578114],[114.060443,22.576564]],[[114.059958,22.578114],[114.060156,22.578092]],[[114.061512,22.51633],[114.061275,22.516158]],[[114.061495,22.517875],[114.061344,22.51776]],[[114.059182,22.619635],[114.059192,22.619367]],[[114.059192,22.619367],[114.059196,22.619267]],[[114.059367,22.619369],[114.059192,22.619367]],[[114.059196,22.619267],[114.059384,22.619271]],[[114.060271,22.56916],[114.060237,22.571078]],[[114.0603,22.568232],[114.060271,22.56916]],[[114.059443,22.608138],[114.059469,22.608213]],[[114.061403,22.516009],[114.061629,22.516167]],[[114.060237,22.571078],[114.061552,22.571127]],[[114.060156,22.578092],[114.060088,22.57825]],[[114.067562,22.57128],[114.06751,22.57296],[114.067203,22.574336],[114.066651,22.575396],[114.065896,22.576293],[114.063839,22.577582],[114.060088,22.57825]],[[114.059469,22.608213],[114.060249,22.609094],[114.060205,22.611205]],[[114.060603,22.576557],[114.060156,22.578092]],[[114.060156,22.578092],[114.0636,22.577472],[114.06531,22.576647],[114.066489,22.575441]],[[114.060981,22.541806],[114.060978,22.541982]],[[114.061495,22.517875],[114.062632,22.518716]],[[114.062617,22.518803],[114.061495,22.517875]],[[114.059367,22.619369],[114.059384,22.619271]],[[114.062534,22.619419],[114.059367,22.619369]],[[114.059384,22.619271],[114.059822,22.616896]],[[114.059384,22.619271],[114.062536,22.619321]],[[114.060443,22.576564],[114.060884,22.574506]],[[114.060603,22.576557],[114.060443,22.576564]],[[114.061679,22.52683],[114.061515,22.52762]],[[114.061515,22.52762],[114.061935,22.527623]],[[114.061047,22.574532],[114.060603,22.576557]],[[114.065489,22.57465],[114.064705,22.57546],[114.06341,22.576162],[114.060603,22.576557]],[[114.061828,22.525979],[114.061679,22.52683]],[[114.060968,22.563246],[114.060974,22.562468]],[[114.060974,22.562468],[114.062405,22.562478]],[[114.059822,22.616896],[114.060078,22.615293]],[[114.059822,22.616896],[114.062605,22.616947]],[[114.06096,22.564286],[114.060968,22.563246]],[[114.060946,22.56603],[114.06096,22.564286]],[[114.062362,22.564301],[114.06096,22.564286]],[[114.062248,22.525981],[114.061828,22.525979]],[[114.061865,22.525911],[114.062402,22.523229]],[[114.061865,22.525911],[114.063086,22.525925]],[[114.061047,22.574532],[114.060884,22.574506]],[[114.060884,22.574506],[114.060894,22.574453]],[[114.062046,22.520084],[114.062343,22.519823]],[[114.060894,22.574453],[114.061058,22.574481]],[[114.060894,22.574453],[114.060948,22.574159]],[[114.060948,22.574159],[114.061552,22.571127]],[[114.060948,22.574159],[114.061624,22.571149]],[[114.061935,22.527623],[114.061968,22.527955],[114.063058,22.527969]],[[114.061935,22.527623],[114.062248,22.525981]],[[114.060078,22.615293],[114.060255,22.614184]],[[114.066253,22.526123],[114.064304,22.522755],[114.062133,22.520198]],[[114.062435,22.519915],[114.062133,22.520198]],[[114.061611,22.611295],[114.060205,22.611205]],[[114.060205,22.611205],[114.06015,22.613284],[114.060946,22.613773]],[[114.0639,22.573864],[114.062339,22.574592],[114.061839,22.574645],[114.061047,22.574532]],[[114.061058,22.574481],[114.061047,22.574532]],[[114.061058,22.574481],[114.062325,22.574531],[114.063901,22.573805]],[[114.061187,22.573796],[114.061058,22.574481]],[[114.061916,22.535443],[114.061931,22.533687]],[[114.062046,22.533663],[114.061931,22.533687]],[[114.061916,22.535443],[114.062073,22.535457]],[[114.060896,22.613949],[114.060286,22.613724]],[[114.061759,22.545494],[114.061807,22.543531]],[[114.061759,22.545494],[114.062436,22.545501],[114.062702,22.545274]],[[114.062579,22.543787],[114.062403,22.543569],[114.062142,22.54353],[114.061807,22.543531]],[[114.06172,22.571184],[114.061187,22.573796]],[[114.061519,22.572513],[114.061187,22.573796]],[[114.062046,22.533663],[114.062073,22.535457]],[[114.062926,22.533989],[114.062709,22.533655],[114.062046,22.533663]],[[114.062435,22.519915],[114.062343,22.519823]],[[114.062343,22.519823],[114.062527,22.519668]],[[114.063086,22.525992],[114.062248,22.525981]],[[114.062073,22.535457],[114.062902,22.535473]],[[114.062231,22.529344],[114.063006,22.529347]],[[114.062883,22.520367],[114.062435,22.519915]],[[114.062616,22.519758],[114.062435,22.519915]],[[114.062402,22.523229],[114.0625,22.52274]],[[114.06271,22.52314],[114.062402,22.523229]],[[114.062527,22.519668],[114.062616,22.519758]],[[114.062527,22.519668],[114.062798,22.519461]],[[114.06271,22.52314],[114.0625,22.52274]],[[114.062798,22.519461],[114.062869,22.519088],[114.062617,22.518803]],[[114.062632,22.518716],[114.062617,22.518803]],[[114.062632,22.518716],[114.0632,22.519192]],[[114.062616,22.519758],[114.063027,22.520188]],[[114.063289,22.519271],[114.062616,22.519758]],[[114.063881,22.57256],[114.061519,22.572513]],[[114.061803,22.571233],[114.061519,22.572513]],[[114.061552,22.571127],[114.061624,22.571149]],[[114.061624,22.571149],[114.06172,22.571184]],[[114.061624,22.571149],[114.062189,22.568377]],[[114.063086,22.525925],[114.063065,22.524414],[114.06271,22.52314]],[[114.062798,22.519461],[114.0632,22.519192]],[[114.06172,22.571184],[114.061803,22.571233]],[[114.062159,22.569331],[114.06172,22.571184]],[[114.063181,22.57985],[114.061518,22.579983],[114.06155,22.581028]],[[114.062159,22.569331],[114.061803,22.571233]],[[114.062777,22.614917],[114.060896,22.613949]],[[114.062707,22.61504],[114.060896,22.613949]],[[114.065013,22.52294],[114.062883,22.520367]],[[114.064979,22.523348],[114.062952,22.520755],[114.062883,22.520367]],[[114.062883,22.520367],[114.063027,22.520188]],[[114.060946,22.613773],[114.06122,22.61387]],[[114.063027,22.520188],[114.065142,22.522779]],[[114.063027,22.520188],[114.063337,22.520112],[114.063594,22.520238],[114.065237,22.522705]],[[114.063935,22.571193],[114.062077,22.57119]],[[114.0632,22.519192],[114.063399,22.519198]],[[114.0632,22.519192],[114.063289,22.519271]],[[114.0632,22.519192],[114.063314,22.51912]],[[114.062818,22.539616],[114.062819,22.537653]],[[114.062819,22.537653],[114.062836,22.537524]],[[114.062962,22.537651],[114.062819,22.537653]],[[114.062724,22.542655],[114.06294,22.542659]],[[114.062721,22.542897],[114.062724,22.542655]],[[114.062724,22.542655],[114.062727,22.54251]],[[114.062727,22.54251],[114.062943,22.542515]],[[114.062727,22.54251],[114.062815,22.539685]],[[114.062965,22.531431],[114.063006,22.529347]],[[114.063006,22.529347],[114.063058,22.527969]],[[114.062371,22.56842],[114.062159,22.569331]],[[114.062721,22.543036],[114.062721,22.542897]],[[114.062934,22.542901],[114.062721,22.542897]],[[114.062965,22.531431],[114.063122,22.531434]],[[114.062964,22.531582],[114.062965,22.531431]],[[114.062836,22.537524],[114.062902,22.535559]],[[114.062836,22.537524],[114.062973,22.537525]],[[114.062702,22.545274],[114.062721,22.543036]],[[114.062931,22.543038],[114.062721,22.543036]],[[114.062963,22.531741],[114.062964,22.531582]],[[114.062964,22.531582],[114.06312,22.531585]],[[114.06122,22.61387],[114.062949,22.614748]],[[114.06122,22.61387],[114.062846,22.614824]],[[114.062962,22.531874],[114.062963,22.531741]],[[114.063117,22.531743],[114.062963,22.531741]],[[114.063086,22.525925],[114.063218,22.525962]],[[114.063086,22.525992],[114.063086,22.525925]],[[114.063058,22.527969],[114.063086,22.525992]],[[114.063218,22.525962],[114.063086,22.525992]],[[114.062926,22.533989],[114.062962,22.531874]],[[114.063115,22.531875],[114.062962,22.531874]],[[114.062371,22.56842],[114.062189,22.568377]],[[114.062189,22.568377],[114.062207,22.568183]],[[114.062902,22.535473],[114.062926,22.533989]],[[114.062207,22.568183],[114.062389,22.568237]],[[114.062207,22.568183],[114.062362,22.564301]],[[114.062902,22.535473],[114.063069,22.53552]],[[114.062902,22.535559],[114.062902,22.535473]],[[114.063069,22.53552],[114.062902,22.535559]],[[114.062815,22.539685],[114.062818,22.539616]],[[114.062685,22.546188],[114.062702,22.545274]],[[114.062662,22.547461],[114.062685,22.546188]],[[114.062662,22.547461],[114.062827,22.54747]],[[114.06266,22.547593],[114.062662,22.547461]],[[114.062629,22.549319],[114.06266,22.547593]],[[114.062825,22.547594],[114.06266,22.547593]],[[114.062621,22.549772],[114.062629,22.549319]],[[114.062593,22.551305],[114.062621,22.549772]],[[114.062589,22.551501],[114.062593,22.551305]],[[114.062593,22.551305],[114.062759,22.5513]],[[114.062484,22.558334],[114.062589,22.551501]],[[114.062756,22.551495],[114.062589,22.551501]],[[114.063399,22.519198],[114.063289,22.519271]],[[114.06221,22.571101],[114.063935,22.571132]],[[114.063399,22.519198],[114.063314,22.51912]],[[114.063314,22.51912],[114.063904,22.518883],[114.06737,22.519321]],[[114.062483,22.558509],[114.062484,22.558334]],[[114.062484,22.558334],[114.062631,22.55827]],[[114.062405,22.562478],[114.062483,22.558509]],[[114.062629,22.558443],[114.062483,22.558509]],[[114.062362,22.564301],[114.062405,22.562478]],[[114.062962,22.537651],[114.063022,22.538828]],[[114.062973,22.537525],[114.062962,22.537651]],[[114.064094,22.537705],[114.06332,22.537646],[114.062962,22.537651]],[[114.063067,22.5359],[114.062973,22.537525]],[[114.062973,22.537525],[114.063441,22.537517],[114.064048,22.537567]],[[114.063218,22.525962],[114.063144,22.529723]],[[114.063144,22.529723],[114.063122,22.531434]],[[114.063144,22.529723],[114.064424,22.529744]],[[114.063122,22.531434],[114.064417,22.531453]],[[114.063122,22.531434],[114.06312,22.531585]],[[114.06312,22.531585],[114.063117,22.531743]],[[114.06312,22.531585],[114.068131,22.531665]],[[114.063117,22.531743],[114.063115,22.531875]],[[114.068129,22.531822],[114.063117,22.531743]],[[114.063115,22.531875],[114.063102,22.5338]],[[114.068126,22.53197],[114.065322,22.531934],[114.064661,22.531896],[114.063115,22.531875]],[[114.063888,22.519628],[114.063399,22.519198]],[[114.063399,22.519198],[114.063861,22.518965]],[[114.063102,22.5338],[114.063069,22.53552]],[[114.063102,22.5338],[114.064097,22.533816]],[[114.067474,22.569067],[114.062371,22.56842]],[[114.062389,22.568237],[114.062371,22.56842]],[[114.063069,22.53552],[114.063067,22.5359]],[[114.062864,22.545396],[114.062827,22.54747]],[[114.062931,22.543038],[114.062864,22.545396]],[[114.063847,22.545399],[114.062864,22.545396]],[[114.063067,22.5359],[114.064067,22.536058]],[[114.062827,22.54747],[114.064603,22.547507]],[[114.062827,22.54747],[114.062825,22.547594]],[[114.062825,22.547594],[114.062759,22.5513]],[[114.064594,22.547604],[114.062825,22.547594]],[[114.062389,22.568237],[114.067475,22.568897]],[[114.062508,22.564344],[114.062389,22.568237]],[[114.062934,22.542901],[114.062931,22.543038]],[[114.067446,22.543122],[114.063939,22.543073],[114.063304,22.543045],[114.062931,22.543038]],[[114.06294,22.542659],[114.062934,22.542901]],[[114.067447,22.542982],[114.062934,22.542901]],[[114.06294,22.542659],[114.066351,22.542729],[114.067449,22.542741]],[[114.062943,22.542515],[114.06294,22.542659]],[[114.062943,22.542515],[114.067452,22.542621]],[[114.063024,22.539429],[114.062943,22.542515]],[[114.063022,22.538828],[114.063024,22.539429]],[[114.063127,22.538621],[114.063022,22.538828]],[[114.062759,22.5513],[114.062756,22.551495]],[[114.062759,22.5513],[114.064902,22.551151]],[[114.062756,22.551495],[114.062706,22.554328]],[[114.064316,22.551347],[114.062756,22.551495]],[[114.062706,22.554328],[114.062955,22.554519],[114.0643,22.554547]],[[114.062706,22.554328],[114.062696,22.55487]],[[114.062696,22.55487],[114.062631,22.55827]],[[114.064299,22.554618],[114.062966,22.554603],[114.062696,22.55487]],[[114.063595,22.53942],[114.063024,22.539429]],[[114.062631,22.55827],[114.062629,22.558443]],[[114.062631,22.55827],[114.063594,22.55799],[114.065083,22.557959]],[[114.062629,22.558443],[114.062508,22.564344]],[[114.067658,22.558162],[114.064169,22.558105],[114.062629,22.558443]],[[114.067443,22.564412],[114.062508,22.564344]],[[114.063571,22.540905],[114.063108,22.540911]],[[114.062799,22.560505],[114.062975,22.560595],[114.067511,22.560628]],[[114.06751,22.560742],[114.062797,22.560675]],[[114.063114,22.550096],[114.063126,22.548743]],[[114.063126,22.548743],[114.063197,22.547993],[114.064563,22.548058]],[[114.063126,22.548743],[114.063796,22.548744],[114.064366,22.548852]],[[114.064562,22.550623],[114.063224,22.550799],[114.063114,22.550096]],[[114.063114,22.550096],[114.064575,22.549907]],[[114.063007,22.555486],[114.064243,22.555668]],[[114.063007,22.555486],[114.062995,22.556459]],[[114.064338,22.554988],[114.063013,22.554954],[114.063007,22.555486]],[[114.064128,22.519392],[114.063861,22.518965]],[[114.063861,22.518965],[114.065892,22.519179]],[[114.065293,22.520069],[114.06492,22.520288],[114.063888,22.519628]],[[114.064128,22.519392],[114.063888,22.519628]],[[114.063571,22.540905],[114.063595,22.53942]],[[114.063595,22.53942],[114.06371,22.538737]],[[114.066649,22.541524],[114.063948,22.541291],[114.063571,22.540905]],[[114.064712,22.558245],[114.063396,22.5584],[114.063006,22.558658],[114.062879,22.560339],[114.06317,22.560583]],[[114.063181,22.57985],[114.06286,22.578129]],[[114.063181,22.57985],[114.06347,22.580018],[114.063326,22.580325],[114.062483,22.580483],[114.062805,22.581102]],[[114.06371,22.538737],[114.066301,22.539494]],[[114.06371,22.538737],[114.064094,22.537705]],[[114.065293,22.520069],[114.064128,22.519392]],[[114.0633,22.558532],[114.066384,22.558558]],[[114.063847,22.545399],[114.063845,22.544532]],[[114.064429,22.5454],[114.063847,22.545399]],[[114.064067,22.536058],[114.064097,22.533816]],[[114.064097,22.533816],[114.064123,22.532909],[114.065735,22.532879],[114.065816,22.533876]],[[114.064097,22.533816],[114.065615,22.533839],[114.065816,22.533876]],[[114.064067,22.536058],[114.064156,22.536073]],[[114.064048,22.537567],[114.064067,22.536058]],[[114.064048,22.537567],[114.066909,22.538499],[114.068015,22.538567]],[[114.068013,22.538663],[114.066894,22.538594],[114.064094,22.537705]],[[114.062495,22.619904],[114.062534,22.619419]],[[114.06393,22.55295],[114.064327,22.553362]],[[114.064342,22.551787],[114.063098,22.5519],[114.063088,22.552956],[114.06393,22.55295]],[[114.06393,22.55295],[114.064377,22.552333],[114.064342,22.551787]],[[114.064424,22.529744],[114.064417,22.531453]],[[114.064424,22.529744],[114.06737,22.529779],[114.067374,22.528765]],[[114.062534,22.619419],[114.062536,22.619321]],[[114.062607,22.61942],[114.062534,22.619419]],[[114.062536,22.619321],[114.062605,22.616947]],[[114.062536,22.619321],[114.062611,22.619322]],[[114.064417,22.531453],[114.068134,22.531492]],[[114.062605,22.616947],[114.062677,22.616949]],[[114.062605,22.616947],[114.062707,22.61504]],[[114.062607,22.61942],[114.062568,22.619898]],[[114.062611,22.619322],[114.062607,22.61942]],[[114.065727,22.619468],[114.062607,22.61942]],[[114.062677,22.616949],[114.062611,22.619322]],[[114.062611,22.619322],[114.067002,22.619395],[114.067224,22.619196]],[[114.062769,22.615077],[114.062707,22.61504]],[[114.062707,22.61504],[114.062777,22.614917]],[[114.062769,22.615077],[114.062677,22.616949]],[[114.067308,22.617915],[114.062769,22.615077]],[[114.062834,22.614951],[114.062769,22.615077]],[[114.062834,22.614951],[114.062777,22.614917]],[[114.062777,22.614917],[114.062846,22.614824]],[[114.067331,22.617819],[114.062834,22.614951]],[[114.062901,22.614858],[114.062834,22.614951]],[[114.062846,22.614824],[114.062901,22.614858]],[[114.062846,22.614824],[114.062949,22.614748]],[[114.062901,22.614858],[114.067355,22.617718]],[[114.062949,22.614748],[114.062901,22.614858]],[[114.064429,22.5454],[114.064433,22.543992]],[[114.062949,22.614748],[114.064764,22.615864]],[[114.064628,22.546633],[114.064651,22.545463],[114.064429,22.5454]],[[114.064366,22.548852],[114.064824,22.548966]],[[114.064366,22.548852],[114.064563,22.548058]],[[114.064326,22.551547],[114.064316,22.551347]],[[114.06601,22.551211],[114.064316,22.551347]],[[114.064342,22.551787],[114.064326,22.551547]],[[114.064326,22.551547],[114.065504,22.551486]],[[114.065523,22.571228],[114.065432,22.572619],[114.063881,22.57256]],[[114.063901,22.573805],[114.063881,22.57256]],[[114.063881,22.57256],[114.063935,22.571193]],[[114.064243,22.555668],[114.064451,22.555944]],[[114.064338,22.554988],[114.064243,22.555668]],[[114.063935,22.571193],[114.063935,22.571132]],[[114.063935,22.571132],[114.065525,22.571159]],[[114.065523,22.571228],[114.064057,22.571195],[114.063935,22.571193]],[[114.064299,22.554618],[114.064338,22.554988]],[[114.0643,22.554547],[114.064299,22.554618]],[[114.065938,22.554622],[114.064299,22.554618]],[[114.064318,22.554409],[114.0643,22.554547]],[[114.0643,22.554547],[114.065939,22.554554]],[[114.064327,22.553362],[114.064318,22.554409]],[[114.064327,22.553362],[114.064772,22.552996],[114.06545,22.553613],[114.065423,22.554461]],[[114.0639,22.573864],[114.063901,22.573805]],[[114.063901,22.573805],[114.063947,22.573804],[114.064012,22.573809],[114.064164,22.573841],[114.064379,22.573926],[114.065531,22.574593]],[[114.065489,22.57465],[114.0639,22.573864]],[[114.064318,22.554409],[114.065423,22.554461]],[[114.065791,22.524657],[114.064979,22.523348]],[[114.064979,22.523348],[114.065013,22.52294]],[[114.06592,22.524328],[114.065013,22.52294]],[[114.065013,22.52294],[114.065142,22.522779]],[[114.064563,22.548058],[114.064602,22.547899]],[[114.064602,22.547899],[114.064594,22.547604]],[[114.066127,22.547623],[114.064594,22.547604]],[[114.064603,22.547507],[114.064608,22.547258]],[[114.064628,22.546633],[114.063288,22.546618],[114.063269,22.547237],[114.064608,22.547258]],[[114.064608,22.547258],[114.064622,22.546838]],[[114.064603,22.547507],[114.064663,22.547511],[114.066186,22.547534]],[[114.064622,22.546838],[114.064628,22.546633]],[[114.064622,22.546838],[114.066206,22.546854]],[[114.064602,22.547899],[114.066032,22.548158]],[[114.065142,22.522779],[114.067348,22.526537],[114.06799,22.528108],[114.068244,22.529415]],[[114.065142,22.522779],[114.065237,22.522705]],[[114.064562,22.550623],[114.064575,22.549907]],[[114.064575,22.549907],[114.065628,22.549868],[114.06568,22.550769],[114.066283,22.550739]],[[114.064902,22.551151],[114.064915,22.550628],[114.064562,22.550623]],[[114.064451,22.555944],[114.065121,22.55578],[114.065385,22.556008],[114.065382,22.55649],[114.06512,22.556713],[114.0646,22.556677],[114.064344,22.556257],[114.064451,22.555944]],[[114.06443,22.557329],[114.064419,22.557604],[114.065083,22.55762]],[[114.064449,22.556771],[114.063221,22.556732],[114.063208,22.557311],[114.06443,22.557329]],[[114.064449,22.556771],[114.06443,22.557329]],[[114.064449,22.556771],[114.065566,22.556794],[114.067226,22.556494]],[[114.066253,22.526123],[114.06513,22.52615]],[[114.065784,22.520233],[114.065293,22.520069]],[[114.065237,22.522705],[114.066007,22.523708]],[[114.065237,22.522705],[114.064937,22.521837],[114.065188,22.521453],[114.067204,22.520854],[114.068862,22.520707],[114.070293,22.523689],[114.06837,22.52429]],[[114.064902,22.551151],[114.067782,22.550946]],[[114.067282,22.520531],[114.065784,22.520233]],[[114.065892,22.519179],[114.065784,22.520233]],[[114.065892,22.519179],[114.06737,22.519321]],[[114.065083,22.55762],[114.065169,22.557622]],[[114.065083,22.557959],[114.065083,22.55762]],[[114.065083,22.557959],[114.06516,22.55796]],[[114.066032,22.548158],[114.065648,22.548741],[114.065277,22.548882]],[[114.067871,22.528602],[114.065791,22.524657]],[[114.065791,22.524657],[114.06592,22.524328]],[[114.06516,22.55796],[114.067643,22.558006]],[[114.065169,22.557622],[114.06516,22.55796]],[[114.065169,22.557622],[114.065599,22.557632],[114.066145,22.557637],[114.066271,22.557629],[114.066659,22.5575],[114.067199,22.557029],[114.067226,22.556494]],[[114.068,22.52884],[114.067481,22.527178],[114.06592,22.524328]],[[114.06592,22.524328],[114.065969,22.524292]],[[114.065867,22.528754],[114.067374,22.528765]],[[114.065816,22.533876],[114.065817,22.534223]],[[114.065423,22.554461],[114.06595,22.554466]],[[114.067374,22.528765],[114.066253,22.526123]],[[114.067445,22.528748],[114.066408,22.526064],[114.066253,22.526123]],[[114.065525,22.571159],[114.065523,22.571228]],[[114.066427,22.571234],[114.065523,22.571228]],[[114.065525,22.571159],[114.066429,22.571172]],[[114.066032,22.548158],[114.066841,22.548188]],[[114.066127,22.547623],[114.066032,22.548158]],[[114.066489,22.575441],[114.066421,22.575194],[114.065489,22.57465]],[[114.065531,22.574593],[114.065489,22.57465]],[[114.065938,22.554622],[114.065939,22.554554]],[[114.065939,22.554554],[114.06595,22.554466]],[[114.065939,22.554554],[114.067398,22.554573],[114.067732,22.554317]],[[114.06601,22.551211],[114.066064,22.551739]],[[114.067782,22.551084],[114.06601,22.551211]],[[114.065963,22.555035],[114.065938,22.554622]],[[114.06772,22.555038],[114.067431,22.554658],[114.06731,22.554646],[114.065938,22.554622]],[[114.06595,22.554466],[114.065974,22.5543]],[[114.065531,22.574593],[114.066707,22.575096]],[[114.066427,22.571234],[114.066216,22.573307],[114.065531,22.574593]],[[114.065974,22.5543],[114.065927,22.553732],[114.066431,22.553277],[114.067222,22.553271]],[[114.067222,22.553271],[114.06723,22.554296],[114.065974,22.5543]],[[114.067226,22.556494],[114.067236,22.55506],[114.065963,22.555035]],[[114.066447,22.555602],[114.065952,22.555476],[114.065963,22.555035]],[[114.067827,22.547663],[114.066968,22.547636],[114.066127,22.547623]],[[114.067246,22.552468],[114.066458,22.552603],[114.065778,22.551979],[114.066064,22.551739]],[[114.066064,22.551739],[114.067264,22.551664],[114.067246,22.552468]],[[114.066206,22.546854],[114.066186,22.547534]],[[114.066186,22.547534],[114.067823,22.547562]],[[114.066243,22.545066],[114.066206,22.546854]],[[114.064764,22.615864],[114.067372,22.617649]],[[114.065734,22.613772],[114.064764,22.615864]],[[114.066283,22.550739],[114.066204,22.54932]],[[114.066283,22.550739],[114.066572,22.550725]],[[114.066682,22.538623],[114.066649,22.541524]],[[114.067109,22.541525],[114.066649,22.541524]],[[114.066384,22.558558],[114.067103,22.559074]],[[114.067103,22.559074],[114.066405,22.559036],[114.066384,22.558558]],[[114.06737,22.519321],[114.067282,22.520531]],[[114.067282,22.520531],[114.068625,22.520025],[114.069652,22.518836],[114.068886,22.518194],[114.067479,22.518072],[114.06737,22.519321]],[[114.066429,22.571172],[114.066427,22.571234]],[[114.067434,22.571243],[114.066427,22.571234]],[[114.067436,22.571173],[114.066429,22.571172]],[[114.067445,22.528748],[114.067374,22.528765]],[[114.068077,22.529293],[114.067445,22.528748]],[[114.067734,22.528724],[114.067445,22.528748]],[[114.066489,22.575441],[114.066707,22.575096]],[[114.06824,22.524331],[114.067592,22.524536]],[[114.066849,22.560571],[114.067173,22.560416],[114.067203,22.55915]],[[114.0658,22.619547],[114.065727,22.619468]],[[114.065891,22.619471],[114.065727,22.619468]],[[114.066707,22.575096],[114.067318,22.573421],[114.067434,22.571243]],[[114.065786,22.619848],[114.0658,22.619547]],[[114.065891,22.619471],[114.0658,22.619547]],[[114.068029,22.528986],[114.067734,22.528724]],[[114.067734,22.528724],[114.067871,22.528602]],[[114.067246,22.552468],[114.067222,22.553271]],[[114.067103,22.559074],[114.067203,22.55915]],[[114.067447,22.542982],[114.067449,22.542741]],[[114.067449,22.542741],[114.067452,22.542621]],[[114.067449,22.542741],[114.068958,22.542758]],[[114.067452,22.542621],[114.068964,22.542655]],[[114.067452,22.542621],[114.067981,22.540706],[114.068013,22.538663]],[[114.068952,22.543017],[114.067447,22.542982]],[[114.067446,22.543122],[114.067447,22.542982]],[[114.068946,22.54313],[114.068027,22.543138],[114.067446,22.543122]],[[114.067823,22.547562],[114.067907,22.545145],[114.067446,22.543122]],[[114.065891,22.619471],[114.06696,22.619494],[114.067201,22.619668],[114.067224,22.619196]],[[114.067203,22.55915],[114.067256,22.560584]],[[114.068,22.52884],[114.067871,22.528602]],[[114.068029,22.528986],[114.068,22.52884]],[[114.068077,22.529293],[114.068029,22.528986]],[[114.068244,22.529415],[114.068077,22.529293]],[[114.068134,22.531492],[114.068077,22.529293]],[[114.068752,22.525714],[114.06824,22.524331]],[[114.06837,22.52429],[114.06824,22.524331]],[[114.06751,22.560742],[114.067511,22.560628]],[[114.067511,22.560628],[114.067647,22.559229]],[[114.067511,22.560628],[114.067629,22.560447]],[[114.067622,22.560916],[114.06751,22.560742]],[[114.067443,22.564412],[114.06751,22.560742]],[[114.068131,22.531665],[114.068134,22.531492]],[[114.068134,22.531492],[114.068268,22.531493]],[[114.068129,22.531822],[114.068131,22.531665]],[[114.068131,22.531665],[114.068267,22.531667]],[[114.068126,22.53197],[114.068129,22.531822]],[[114.068265,22.531824],[114.068129,22.531822]],[[114.068264,22.531972],[114.068126,22.53197]],[[114.068015,22.538567],[114.068126,22.53197]],[[114.067502,22.566633],[114.067443,22.564412]],[[114.06755,22.564413],[114.067443,22.564412]],[[114.067823,22.547562],[114.06803,22.54758]],[[114.067827,22.547663],[114.067823,22.547562]],[[114.068013,22.538663],[114.068015,22.538567]],[[114.068015,22.538567],[114.068175,22.538569]],[[114.068173,22.538665],[114.068013,22.538663]],[[114.068029,22.547667],[114.067827,22.547663]],[[114.067782,22.550946],[114.067827,22.547663]],[[114.067782,22.551084],[114.067782,22.550946]],[[114.067782,22.550946],[114.067959,22.550941]],[[114.067643,22.558006],[114.067648,22.557336]],[[114.067648,22.557336],[114.067555,22.55547],[114.067716,22.555096]],[[114.067648,22.557336],[114.067716,22.555096]],[[114.06777,22.551902],[114.067782,22.551084]],[[114.067959,22.551075],[114.067782,22.551084]],[[114.070508,22.530374],[114.069546,22.530302],[114.068244,22.529415]],[[114.068244,22.529415],[114.068268,22.531493]],[[114.067734,22.554253],[114.06777,22.551902]],[[114.067734,22.554253],[114.067596,22.553559],[114.06777,22.551902]],[[114.067643,22.558006],[114.067833,22.558011]],[[114.067658,22.558162],[114.067643,22.558006]],[[114.06772,22.555038],[114.067732,22.554317]],[[114.067732,22.554317],[114.067734,22.554253]],[[114.067716,22.555096],[114.06772,22.555038]],[[114.06837,22.52429],[114.068861,22.525596]],[[114.067647,22.559229],[114.067658,22.558162]],[[114.067831,22.558162],[114.067658,22.558162]],[[114.067629,22.560447],[114.067647,22.559229]],[[114.067622,22.560916],[114.067629,22.560447]],[[114.06755,22.564413],[114.067622,22.560916]],[[114.067475,22.568897],[114.067502,22.566633]],[[114.067502,22.566633],[114.06755,22.564413]],[[114.067475,22.568897],[114.067677,22.568922]],[[114.067474,22.569067],[114.067475,22.568897]],[[114.068268,22.531493],[114.068267,22.531667]],[[114.068268,22.531493],[114.069073,22.531503],[114.071548,22.531614]],[[114.067672,22.569092],[114.067474,22.569067]],[[114.067436,22.571173],[114.067474,22.569067]],[[114.068267,22.531667],[114.068265,22.531824]],[[114.068267,22.531667],[114.076138,22.531794],[114.076912,22.53193],[114.077731,22.532544],[114.079288,22.535378],[114.079916,22.536199]],[[114.068265,22.531824],[114.068264,22.531972]],[[114.079872,22.536382],[114.079212,22.535566],[114.077644,22.532674],[114.076846,22.532066],[114.076174,22.531933],[114.068265,22.531824]],[[114.071739,22.531971],[114.06906,22.531988],[114.068264,22.531972]],[[114.068264,22.531972],[114.068181,22.536551]],[[114.067434,22.571243],[114.067436,22.571173]],[[114.068181,22.536551],[114.069949,22.537458]],[[114.068181,22.536551],[114.068175,22.538569]],[[114.068173,22.538665],[114.068198,22.540291],[114.068851,22.541744],[114.068964,22.542655]],[[114.068175,22.538569],[114.068173,22.538665]],[[114.071935,22.538752],[114.069954,22.538686],[114.068173,22.538665]],[[114.068175,22.538569],[114.071763,22.538616],[114.071928,22.538642]],[[114.06803,22.54758],[114.069704,22.547883]],[[114.06803,22.54758],[114.068029,22.547667]],[[114.068069,22.545834],[114.06803,22.54758]],[[114.067959,22.550941],[114.067959,22.551075]],[[114.068029,22.547667],[114.067959,22.550941]],[[114.067959,22.550941],[114.071672,22.551001],[114.075937,22.55145]],[[114.076036,22.547052],[114.071613,22.548095],[114.070472,22.548085],[114.068029,22.547667]],[[114.068946,22.54313],[114.068069,22.545834]],[[114.068069,22.545834],[114.069753,22.54586]],[[114.067959,22.551075],[114.067945,22.551786]],[[114.075902,22.551566],[114.071699,22.551125],[114.067959,22.551075]],[[114.067945,22.551786],[114.068029,22.553012],[114.067846,22.557311]],[[114.067945,22.551786],[114.067846,22.557311]],[[114.067846,22.557311],[114.067833,22.558011]],[[114.067833,22.558011],[114.067831,22.558162]],[[114.067833,22.558011],[114.072636,22.558068]],[[114.067831,22.558162],[114.067816,22.558937]],[[114.072634,22.558188],[114.067831,22.558162]],[[114.067816,22.558937],[114.067842,22.562827],[114.06774,22.563198]],[[114.067816,22.558937],[114.06774,22.563198]],[[114.067672,22.569092],[114.067562,22.57128]],[[114.071642,22.569868],[114.068284,22.569421],[114.067773,22.569853],[114.067562,22.57128]],[[114.068767,22.5713],[114.067562,22.57128]],[[114.06774,22.563198],[114.067731,22.563641]],[[114.067731,22.563641],[114.06783,22.56378],[114.067673,22.566746]],[[114.067731,22.563641],[114.067673,22.566746]],[[114.067673,22.566746],[114.067677,22.568922]],[[114.071235,22.569677],[114.067672,22.569092]],[[114.067677,22.568922],[114.067672,22.569092]],[[114.067677,22.568922],[114.069732,22.569236]],[[114.068966,22.526286],[114.068752,22.525714]],[[114.068752,22.525714],[114.068861,22.525596]],[[114.068861,22.525596],[114.069109,22.526243]],[[114.068966,22.526286],[114.069178,22.52642]],[[114.069109,22.526243],[114.068966,22.526286]],[[114.069109,22.526243],[114.069178,22.52642]],[[114.069178,22.52642],[114.071012,22.525947]],[[114.067224,22.619196],[114.067308,22.617915]],[[114.067446,22.618003],[114.067308,22.617915]],[[114.067308,22.617915],[114.067331,22.617819]],[[114.067468,22.617908],[114.067331,22.617819]],[[114.067331,22.617819],[114.067355,22.617718]],[[114.067355,22.617718],[114.067491,22.617807]],[[114.067355,22.617718],[114.067372,22.617649]],[[114.068952,22.543017],[114.068946,22.54313]],[[114.071444,22.543072],[114.068946,22.54313]],[[114.068958,22.542758],[114.068952,22.543017]],[[114.071444,22.543072],[114.070603,22.543037],[114.068952,22.543017]],[[114.067372,22.617649],[114.067507,22.617734]],[[114.067372,22.617649],[114.068041,22.615808],[114.070707,22.612014]],[[114.068964,22.542655],[114.068958,22.542758]],[[114.068958,22.542758],[114.070039,22.542771]],[[114.068964,22.542655],[114.070039,22.542771]],[[114.067446,22.618003],[114.067349,22.619419]],[[114.067446,22.618003],[114.070736,22.619999],[114.067468,22.617908]],[[114.067468,22.617908],[114.067446,22.618003]],[[114.067491,22.617807],[114.067468,22.617908]],[[114.067491,22.617807],[114.070752,22.619814],[114.067507,22.617734]],[[114.067507,22.617734],[114.067491,22.617807]],[[114.071008,22.612716],[114.068573,22.615267],[114.067507,22.617734]],[[114.069717,22.527352],[114.069524,22.527279]],[[114.069524,22.527279],[114.06877,22.5278],[114.068462,22.528758],[114.069404,22.530098],[114.070509,22.530245]],[[114.07104,22.526023],[114.06926,22.526579],[114.069524,22.527279]],[[114.068535,22.585781],[114.068747,22.586295],[114.068295,22.586475]],[[114.069703,22.521992],[114.069863,22.520773]],[[114.069949,22.537458],[114.069384,22.538515]],[[114.069863,22.520773],[114.069757,22.521266]],[[114.068757,22.572185],[114.068767,22.5713]],[[114.070181,22.571319],[114.068767,22.5713]],[[114.068744,22.573264],[114.068757,22.572185]],[[114.070181,22.571319],[114.070169,22.572202],[114.068757,22.572185]],[[114.071557,22.527983],[114.070107,22.528418],[114.069717,22.527352]],[[114.069717,22.527352],[114.071167,22.526911]],[[114.069863,22.520773],[114.069586,22.520239],[114.069779,22.51973],[114.070276,22.519402],[114.070978,22.519419]],[[114.070085,22.519771],[114.069863,22.520773]],[[114.068535,22.585781],[114.06799,22.586249],[114.068443,22.586858],[114.070665,22.585845]],[[114.069708,22.585012],[114.068535,22.585781]],[[114.070153,22.520847],[114.069976,22.520671]],[[114.0687,22.583263],[114.068791,22.583785],[114.068263,22.584776],[114.068681,22.5849],[114.06912,22.584296],[114.06938,22.584701],[114.07013,22.584697]],[[114.069704,22.547883],[114.071035,22.54805],[114.072301,22.547914]],[[114.069753,22.54586],[114.069704,22.547883]],[[114.069792,22.544641],[114.069753,22.54586]],[[114.069753,22.54586],[114.070485,22.545856]],[[114.069949,22.537458],[114.07031,22.537696]],[[114.070039,22.542771],[114.071091,22.542811]],[[114.070643,22.520823],[114.071133,22.520804]],[[114.070509,22.530245],[114.070508,22.530374]],[[114.07061,22.530031],[114.070509,22.530245]],[[114.070509,22.530245],[114.071863,22.53019],[114.071902,22.52893],[114.071557,22.527983]],[[114.071861,22.530387],[114.070508,22.530374]],[[114.069732,22.569236],[114.071355,22.569315],[114.072481,22.56962],[114.076589,22.572033],[114.078303,22.572367],[114.0799,22.572315]],[[114.069732,22.569236],[114.072592,22.56988],[114.075509,22.571685],[114.076789,22.572228],[114.078146,22.572512],[114.079794,22.572503]],[[114.070839,22.545872],[114.070485,22.545856]],[[114.070485,22.545856],[114.070792,22.545722]],[[114.07013,22.584697],[114.069708,22.585012]],[[114.069708,22.585012],[114.070823,22.584574]],[[114.07104,22.526023],[114.071012,22.525947]],[[114.071012,22.525947],[114.071149,22.525993]],[[114.071344,22.526855],[114.07104,22.526023]],[[114.071149,22.525993],[114.07104,22.526023]],[[114.072025,22.514949],[114.071625,22.515565],[114.071234,22.516939]],[[114.071863,22.5701],[114.071023,22.571079],[114.070181,22.571319]],[[114.071149,22.525993],[114.071841,22.527898]],[[114.071557,22.527983],[114.071167,22.526911]],[[114.071167,22.526911],[114.071344,22.526855]],[[114.070839,22.545872],[114.070792,22.545722]],[[114.070792,22.545722],[114.070964,22.545595]],[[114.070792,22.545722],[114.070901,22.545715],[114.070944,22.545783]],[[114.071038,22.545877],[114.070839,22.545872]],[[114.070944,22.545783],[114.070839,22.545872]],[[114.070944,22.545783],[114.071038,22.545877]],[[114.070964,22.545595],[114.070944,22.545783]],[[114.071739,22.527929],[114.071344,22.526855]],[[114.070701,22.584353],[114.07013,22.584697]],[[114.070964,22.545595],[114.071773,22.545637]],[[114.071227,22.544975],[114.070964,22.545595]],[[114.071091,22.542811],[114.07313,22.542937]],[[114.071091,22.542811],[114.071286,22.542784]],[[114.071773,22.545637],[114.071638,22.545876],[114.071554,22.545889],[114.071038,22.545877]],[[114.070665,22.585845],[114.070279,22.584979]],[[114.071739,22.527929],[114.071557,22.527983]],[[114.071227,22.544975],[114.071962,22.545239]],[[114.071376,22.544632],[114.071227,22.544975]],[[114.071286,22.542784],[114.071769,22.542608],[114.071876,22.541682]],[[114.071286,22.542784],[114.071484,22.542786],[114.072278,22.542828]],[[114.071548,22.531614],[114.072517,22.531636]],[[114.071548,22.531614],[114.07185,22.531381],[114.071861,22.530387]],[[114.071376,22.544632],[114.072115,22.544901]],[[114.071741,22.543953],[114.071376,22.544632]],[[114.072055,22.528759],[114.071739,22.527929]],[[114.071841,22.527898],[114.071739,22.527929]],[[114.072025,22.514949],[114.073626,22.515822],[114.073842,22.516471]],[[114.07347,22.513687],[114.072386,22.514144],[114.072025,22.514949]],[[114.071819,22.543063],[114.071444,22.543072]],[[114.072385,22.531988],[114.071739,22.531971]],[[114.071967,22.535906],[114.072032,22.53237],[114.071739,22.531971]],[[114.071841,22.527898],[114.072146,22.528732]],[[114.073803,22.584986],[114.07297,22.584905],[114.071807,22.585715],[114.070665,22.585845]],[[114.070701,22.584353],[114.070823,22.584574]],[[114.070883,22.584248],[114.070701,22.584353]],[[114.071861,22.530387],[114.072094,22.530125],[114.072055,22.528759]],[[114.070823,22.584574],[114.071028,22.584466]],[[114.072146,22.528732],[114.072055,22.528759]],[[114.071028,22.584466],[114.070883,22.584248]],[[114.072276,22.583784],[114.071633,22.583878],[114.070883,22.584248]],[[114.071741,22.543953],[114.072413,22.544998]],[[114.071833,22.543801],[114.071741,22.543953]],[[114.079855,22.572703],[114.078211,22.572716],[114.076482,22.572328],[114.075117,22.571699],[114.072713,22.570148],[114.071235,22.569677]],[[114.071642,22.569868],[114.071235,22.569677]],[[114.071928,22.538642],[114.071967,22.535906]],[[114.071967,22.535906],[114.072077,22.535908]],[[114.071833,22.543801],[114.071819,22.543063]],[[114.071904,22.543054],[114.071819,22.543063]],[[114.071962,22.545239],[114.071773,22.545637]],[[114.071928,22.538642],[114.072021,22.538663]],[[114.071935,22.538752],[114.071928,22.538642]],[[114.072146,22.528732],[114.072176,22.530588]],[[114.072023,22.538768],[114.071935,22.538752]],[[114.071876,22.541682],[114.071935,22.538752]],[[114.071876,22.541682],[114.071976,22.541683]],[[114.071904,22.543054],[114.071833,22.543801]],[[114.072276,22.583784],[114.07131,22.584137],[114.071028,22.584466]],[[114.076108,22.543093],[114.071904,22.543054]],[[114.074946,22.530639],[114.072176,22.530588]],[[114.072176,22.530588],[114.072158,22.531459],[114.072517,22.531636]],[[114.072077,22.535908],[114.073303,22.535936]],[[114.072077,22.535908],[114.072067,22.536746]],[[114.072385,22.531988],[114.072134,22.532404],[114.072077,22.535908]],[[114.072021,22.538663],[114.074154,22.539605]],[[114.072021,22.538663],[114.072023,22.538768]],[[114.072067,22.536746],[114.072021,22.538663]],[[114.074121,22.539665],[114.072023,22.538768]],[[114.072023,22.538768],[114.071976,22.541683]],[[114.072067,22.536746],[114.072356,22.536752],[114.072669,22.536752],[114.073245,22.536591]],[[114.071976,22.541683],[114.071982,22.542497],[114.072278,22.542828]],[[114.071976,22.541683],[114.073643,22.541704]],[[114.072115,22.544901],[114.071962,22.545239]],[[114.074683,22.532035],[114.072385,22.531988]],[[114.072115,22.544901],[114.072413,22.544998]],[[114.071008,22.612716],[114.070707,22.612014]],[[114.070707,22.612014],[114.070847,22.611871]],[[114.072515,22.528423],[114.072499,22.528623]],[[114.071812,22.569918],[114.071642,22.569868]],[[114.072278,22.542828],[114.07313,22.542937]],[[114.072517,22.531636],[114.074923,22.531668]],[[114.070847,22.611871],[114.071142,22.612567]],[[114.070847,22.611871],[114.07845,22.606751],[114.079512,22.604855]],[[114.072161,22.570042],[114.071812,22.569918]],[[114.071863,22.5701],[114.071812,22.569918]],[[114.072437,22.545093],[114.072301,22.547914]],[[114.072301,22.547914],[114.076037,22.546979]],[[114.072161,22.570042],[114.071863,22.5701]],[[114.072413,22.544998],[114.072437,22.545093]],[[114.072437,22.545093],[114.072643,22.545847]],[[114.077292,22.619819],[114.073061,22.616577],[114.071008,22.612716]],[[114.071142,22.612567],[114.071008,22.612716]],[[114.071142,22.612567],[114.072555,22.61549],[114.073226,22.61643],[114.073796,22.617041],[114.076827,22.619083],[114.077553,22.619897]],[[114.079839,22.604985],[114.078754,22.60693],[114.072636,22.610914],[114.071142,22.612567]],[[114.07747,22.572807],[114.075656,22.57218],[114.072161,22.570042]],[[114.074976,22.533297],[114.072909,22.534776]],[[114.07347,22.513687],[114.073498,22.514114],[114.073779,22.51416],[114.074132,22.514754]],[[114.077415,22.510789],[114.075201,22.510592],[114.074255,22.511709],[114.073874,22.513182],[114.07347,22.513687]],[[114.072636,22.558068],[114.079372,22.558106]],[[114.072636,22.558068],[114.075406,22.558108]],[[114.077966,22.558354],[114.072634,22.558188]],[[114.075402,22.558222],[114.072634,22.558188]],[[114.074202,22.515219],[114.073635,22.515272]],[[114.073614,22.516498],[114.073752,22.517109],[114.07413,22.517615]],[[114.074098,22.517452],[114.073679,22.51632]],[[114.07313,22.542937],[114.074178,22.542958]],[[114.072522,22.58395],[114.072276,22.583784]],[[114.072276,22.583784],[114.072575,22.583747]],[[114.073303,22.535936],[114.073832,22.537678]],[[114.073303,22.535936],[114.075665,22.534134]],[[114.07449,22.574458],[114.0744,22.574746],[114.073809,22.57501],[114.074214,22.575743],[114.072552,22.576886]],[[114.073803,22.584986],[114.072944,22.584621],[114.072522,22.58395]],[[114.072575,22.583747],[114.072522,22.58395]],[[114.072575,22.583747],[114.072745,22.583728],[114.073604,22.583903],[114.074592,22.583699],[114.076488,22.582381],[114.077321,22.582183]],[[114.073903,22.524864],[114.074404,22.526178]],[[114.074132,22.514754],[114.074202,22.515219]],[[114.074132,22.514754],[114.0743,22.514728],[114.074461,22.515053]],[[114.074765,22.518709],[114.073955,22.517968],[114.07413,22.517615]],[[114.07413,22.517615],[114.074264,22.51741]],[[114.074202,22.515219],[114.074247,22.515607]],[[114.073832,22.537678],[114.074353,22.539376]],[[114.073832,22.537678],[114.074686,22.537509],[114.07692,22.535696]],[[114.074963,22.540027],[114.074121,22.539665]],[[114.074154,22.539605],[114.074121,22.539665]],[[114.073391,22.574799],[114.07449,22.574458]],[[114.074154,22.539605],[114.075,22.539961]],[[114.074353,22.539376],[114.074154,22.539605]],[[114.074178,22.542958],[114.074439,22.542715],[114.074472,22.541903],[114.074877,22.541748]],[[114.074178,22.542958],[114.076198,22.542974]],[[114.077368,22.536894],[114.074353,22.539376]],[[114.077461,22.532688],[114.076545,22.532124],[114.074683,22.532035]],[[114.074683,22.532035],[114.0747,22.532878],[114.074976,22.533297]],[[114.074923,22.531668],[114.074946,22.530639]],[[114.074923,22.531668],[114.076488,22.531687]],[[114.075855,22.530656],[114.074946,22.530639]],[[114.078081,22.583037],[114.077071,22.5837],[114.076812,22.584229],[114.076569,22.58428],[114.076128,22.583949],[114.075614,22.584253],[114.075521,22.584735],[114.075905,22.585467],[114.074706,22.584885],[114.073803,22.584986]],[[114.074976,22.533297],[114.075091,22.533438]],[[114.074963,22.540027],[114.074877,22.541748]],[[114.074877,22.541748],[114.076013,22.54176]],[[114.075091,22.533438],[114.075665,22.534134]],[[114.075091,22.533438],[114.076519,22.532341]],[[114.077667,22.540293],[114.074963,22.540027]],[[114.075,22.539961],[114.077671,22.540224]],[[114.075832,22.539633],[114.075123,22.539589],[114.075,22.539961]],[[114.077456,22.51818],[114.077804,22.517817],[114.076403,22.516879],[114.076036,22.516845],[114.075642,22.517208]],[[114.07449,22.574458],[114.074969,22.574263],[114.075906,22.573356]],[[114.075665,22.534134],[114.076143,22.534733]],[[114.075665,22.534134],[114.077461,22.532688]],[[114.076259,22.536121],[114.076038,22.535895]],[[114.076038,22.535895],[114.075467,22.535274],[114.076143,22.534733]],[[114.076676,22.535399],[114.076038,22.535895]],[[114.076143,22.534733],[114.076676,22.535399]],[[114.076013,22.54176],[114.076198,22.542974]],[[114.076079,22.540548],[114.076013,22.54176]],[[114.075609,22.56171],[114.078945,22.56178]],[[114.075805,22.55387],[114.077819,22.553892]],[[114.076042,22.551573],[114.075902,22.551566]],[[114.075937,22.55145],[114.075902,22.551566]],[[114.076067,22.545344],[114.076108,22.543093]],[[114.076108,22.543093],[114.076198,22.542974]],[[114.076277,22.543096],[114.076108,22.543093]],[[114.075937,22.55145],[114.076024,22.551456]],[[114.075978,22.550642],[114.075937,22.55145]],[[114.076067,22.545344],[114.076236,22.545347]],[[114.076037,22.546979],[114.076067,22.545344]],[[114.076037,22.546979],[114.076206,22.547016]],[[114.076036,22.547052],[114.076037,22.546979]],[[114.075999,22.549063],[114.076036,22.547052]],[[114.076206,22.547016],[114.076036,22.547052]],[[114.076169,22.549067],[114.075999,22.549063]],[[114.075978,22.550642],[114.075999,22.549063]],[[114.076024,22.551456],[114.075978,22.550642]],[[114.076168,22.549997],[114.075978,22.550642]],[[114.076198,22.542974],[114.076277,22.543096]],[[114.076198,22.542974],[114.077402,22.542995],[114.078208,22.543031],[114.078662,22.543032]],[[114.076024,22.551456],[114.076171,22.551466]],[[114.076042,22.551573],[114.076024,22.551456]],[[114.076194,22.55158],[114.076042,22.551573]],[[114.077036,22.552891],[114.076042,22.551573]],[[114.076488,22.531687],[114.077585,22.531898]],[[114.076488,22.531687],[114.077646,22.532254]],[[114.076277,22.543096],[114.076236,22.545347]],[[114.079237,22.545414],[114.07926,22.543174],[114.077837,22.543149],[114.076946,22.543105],[114.076277,22.543096]],[[114.076236,22.545347],[114.079237,22.545414]],[[114.076236,22.545347],[114.076206,22.547016]],[[114.076206,22.547016],[114.076169,22.549067]],[[114.076206,22.547016],[114.078648,22.547044]],[[114.077492,22.549102],[114.076169,22.549067]],[[114.076169,22.549067],[114.076168,22.549997]],[[114.076168,22.549997],[114.076171,22.551466]],[[114.076171,22.551466],[114.07636,22.551478]],[[114.076171,22.551466],[114.076194,22.55158]],[[114.076327,22.551587],[114.076194,22.55158]],[[114.076194,22.55158],[114.076714,22.552322]],[[114.079889,22.551653],[114.076327,22.551587]],[[114.076714,22.552322],[114.076327,22.551587]],[[114.076327,22.551587],[114.07636,22.551478]],[[114.076676,22.535399],[114.07692,22.535696]],[[114.07636,22.551478],[114.077461,22.551516]],[[114.075906,22.573356],[114.07608,22.573227],[114.076301,22.573176],[114.077326,22.573296]],[[114.077307,22.573356],[114.075906,22.573356]],[[114.077471,22.550453],[114.076549,22.550442]],[[114.077782,22.51079],[114.077575,22.510826],[114.077415,22.510789]],[[114.077782,22.51079],[114.07757,22.511018],[114.077415,22.510789]],[[114.07692,22.535696],[114.077368,22.536894]],[[114.07692,22.535696],[114.078276,22.534633]],[[114.076714,22.552322],[114.078032,22.553897]],[[114.077036,22.552891],[114.076714,22.552322]],[[114.078697,22.541166],[114.077013,22.541126]],[[114.079902,22.506348],[114.07884,22.509408],[114.077782,22.51079]],[[114.07803,22.531723],[114.078019,22.531231],[114.077391,22.531195],[114.077356,22.531637]],[[114.077368,22.536894],[114.07757,22.538852]],[[114.079993,22.536635],[114.078827,22.535244],[114.077461,22.532688]],[[114.077819,22.553892],[114.077036,22.552891]],[[114.077585,22.531898],[114.077842,22.531881]],[[114.077585,22.531898],[114.077652,22.532052]],[[114.077646,22.532254],[114.079482,22.535484]],[[114.077652,22.532052],[114.077646,22.532254]],[[114.077842,22.531881],[114.077652,22.532052]],[[114.07757,22.538852],[114.077671,22.540224]],[[114.07757,22.538852],[114.078233,22.538842]],[[114.077842,22.531881],[114.07803,22.531723]],[[114.077842,22.531881],[114.077916,22.531875],[114.07796,22.531891],[114.078021,22.531954]],[[114.078714,22.540376],[114.077667,22.540293]],[[114.077671,22.540224],[114.077667,22.540293]],[[114.077671,22.540224],[114.078768,22.540318]],[[114.077492,22.549102],[114.077471,22.550453]],[[114.078551,22.54912],[114.077492,22.549102]],[[114.077471,22.550453],[114.077461,22.551516]],[[114.078502,22.550464],[114.077471,22.550453]],[[114.077461,22.551516],[114.078493,22.551538]],[[114.078021,22.531954],[114.078972,22.532148]],[[114.07803,22.531723],[114.078021,22.531954]],[[114.077321,22.582183],[114.077096,22.581872]],[[114.077096,22.581872],[114.07669,22.581821],[114.076609,22.581627],[114.077178,22.581215]],[[114.077096,22.581872],[114.077178,22.581215]],[[114.078335,22.57371],[114.077307,22.573356]],[[114.077307,22.573356],[114.077326,22.573296]],[[114.077326,22.573296],[114.078352,22.573654]],[[114.077326,22.573296],[114.07747,22.572807]],[[114.077178,22.581215],[114.0777,22.578921]],[[114.07773,22.557044],[114.077788,22.555249],[114.078497,22.554723]],[[114.078032,22.553897],[114.077819,22.553892]],[[114.078497,22.554723],[114.077819,22.553892]],[[114.078396,22.572912],[114.07747,22.572807]],[[114.078081,22.583037],[114.077321,22.582183]],[[114.079154,22.500127],[114.079589,22.501095]],[[114.078032,22.553897],[114.078381,22.553906]],[[114.078032,22.553897],[114.078916,22.555024]],[[114.078776,22.558369],[114.078692,22.558367],[114.077966,22.558354]],[[114.077966,22.558354],[114.078945,22.56178]],[[114.079047,22.511928],[114.079597,22.512678],[114.079432,22.513082]],[[114.079932,22.579519],[114.0777,22.578921]],[[114.079235,22.577026],[114.078833,22.577122],[114.078086,22.577864],[114.0777,22.578921]],[[114.078335,22.57371],[114.078302,22.574382],[114.077842,22.574863]],[[114.078972,22.532148],[114.078768,22.532626]],[[114.078768,22.540381],[114.078714,22.540376]],[[114.078697,22.541166],[114.078714,22.540376]],[[114.078714,22.540376],[114.078768,22.540318]],[[114.078662,22.543032],[114.078697,22.541166]],[[114.078502,22.550464],[114.078493,22.551538]],[[114.078551,22.54912],[114.078502,22.550464]],[[114.079389,22.550474],[114.078502,22.550464]],[[114.078768,22.540381],[114.078662,22.543032]],[[114.078493,22.551538],[114.079345,22.551549],[114.079389,22.550474]],[[114.078648,22.547044],[114.078551,22.54912]],[[114.078551,22.54912],[114.079427,22.549133],[114.079389,22.550474]],[[114.079985,22.501593],[114.079589,22.501095]],[[114.079589,22.501095],[114.079902,22.50165]],[[114.078768,22.540318],[114.078768,22.540381]],[[114.079237,22.545414],[114.079201,22.547047],[114.078648,22.547044]],[[114.078972,22.532148],[114.07936,22.532216]],[[114.079919,22.532115],[114.079007,22.531946],[114.078972,22.532148]],[[114.078802,22.555096],[114.078497,22.554723]],[[114.079932,22.579519],[114.079693,22.580819],[114.078768,22.582717],[114.078539,22.582958],[114.078172,22.58306],[114.078081,22.583037]],[[114.079963,22.573831],[114.078335,22.57371]],[[114.078352,22.573654],[114.078335,22.57371]],[[114.078352,22.573654],[114.079962,22.573776]],[[114.078396,22.572912],[114.078352,22.573654]],[[114.079562,22.572908],[114.078982,22.57293],[114.078396,22.572912]],[[114.0792,22.555607],[114.078802,22.555096]],[[114.07963,22.556372],[114.078802,22.555096]],[[114.07936,22.532216],[114.079845,22.532306]],[[114.079829,22.532617],[114.07936,22.532216]],[[114.078916,22.555024],[114.079957,22.556185]],[[114.078916,22.555024],[114.07994,22.556344]],[[114.079482,22.535484],[114.079925,22.536022]],[[114.079482,22.535484],[114.079945,22.535276]],[[114.078945,22.56178],[114.079381,22.562778]],[[114.079389,22.550474],[114.079604,22.550014]],[[114.079372,22.558106],[114.079377,22.557574]],[[114.079372,22.558106],[114.079919,22.558123]],[[114.079856,22.562559],[114.079381,22.562778]],[[114.079381,22.562778],[114.079511,22.562864]],[[114.079856,22.573208],[114.079562,22.572908]],[[114.079995,22.572866],[114.079562,22.572908]],[[114.079965,22.573644],[114.079856,22.573208]],[[114.07998,22.573015],[114.079856,22.573208]],[[114.079984,22.57934],[114.079932,22.579519]],[[113.970483,22.569062],[113.970613,22.568977],[113.970689,22.569091],[113.97059,22.569167],[113.970483,22.569062]]]}}]}