{
"type": "FeatureCollection",
"name": "osm_nodes_utm",
"crs": { "type": "name", "properties": { "name": "urn:ogc:def:crs:EPSG::32650" } },
"features": [
{ "type": "Feature", "properties": { "osmid": 267052037, "y": 22.5190888, "x": 114.070527, "street_count": 1, "highway": null, "ref": null }, "geometry": { "type": "Point", "coordinates": [ 198636.724691783834714, 2493237.041015027090907 ] } },
{ "type": "Feature", "properties": { "osmid": 269920080, "y": 22.5318095, "x": 114.0671931, "street_count": 3, "highway": null, "ref": null }, "geometry": { "type": "Point", "coordinates": [ 198321.206042585603427, 2494653.177971864584833 ] } },
{ "type": "Feature", "properties": { "osmid": 277052169, "y": 22.5431187, "x": 114.0553629, "street_count": 3, "highway": null, "ref": null }, "geometry": { "type": "Point", "coordinates": [ 197128.254477360460442, 2495930.160258183721453 ] } },
{ "type": "Feature", "properties": { "osmid": 277052181, "y": 22.5421445, "x": 114.055465, "street_count": 3, "highway": null, "ref": null }, "geometry": { "type": "Point", "coordinates": [ 197136.634060234937351, 2495822.014261343982071 ] } },
{ "type": "Feature", "properties": { "osmid": 277486655, "y": 22.5475617, "x": 114.0678227, "street_count": 4, "highway": null, "ref": null }, "geometry": { "type": "Point", "coordinates": [ 198420.276814665063284, 2496397.193601574748755 ] } },
{ "type": "Feature", "properties": { "osmid": 277665082, "y": 22.5429582, "x": 114.074178, "street_count": 3, "highway": null, "ref": null }, "geometry": { "type": "Point", "coordinates": [ 199064.340159686398692, 2495874.311619993764907 ] } },
{ "type": "Feature", "properties": { "osmid": 277665237, "y": 22.5454144, "x": 114.0792369, "street_count": 4, "highway": null, "ref": null }, "geometry": { "type": "Point", "coordinates": [ 199590.317922288319096, 2496136.254874158650637 ] } },
{ "type": "Feature", "properties": { "osmid": 277673161, "y": 22.5421369, "x": 114.0536127, "street_count": 3, "highway": null, "ref": null }, "geometry": { "type": "Point", "coordinates": [ 196945.977715304936282, 2495824.932674966286868 ] } },
{ "type": "Feature", "properties": { "osmid": 277933349, "y": 22.5360075, "x": 114.068191, "street_count": 3, "highway": null, "ref": null }, "geometry": { "type": "Point", "coordinates": [ 198433.046323352493346, 2495116.284984812606126 ] } },
{ "type": "Feature", "properties": { "osmid": 278659481, "y": 22.544424, "x": 114.0397901, "street_count": 4, "highway": null, "ref": null }, "geometry": { "type": "Point", "coordinates": [ 195528.364868464763276, 2496106.476927450392395 ] } },
{ "type": "Feature", "properties": { "osmid": 295803578, "y": 22.5306393, "x": 114.0749456, "street_count": 3, "highway": null, "ref": null }, "geometry": { "type": "Point", "coordinates": [ 199116.610280831344426, 2494507.880091183818877 ] } },
{ "type": "Feature", "properties": { "osmid": 295803665, "y": 22.5312788, "x": 114.0721434, "street_count": 3, "highway": null, "ref": null }, "geometry": { "type": "Point", "coordinates": [ 198829.574420369346626, 2494584.383987357839942 ] } },
{ "type": "Feature", "properties": { "osmid": 295803668, "y": 22.5312725, "x": 114.0718531, "street_count": 3, "highway": null, "ref": null }, "geometry": { "type": "Point", "coordinates": [ 198799.680887464084662, 2494584.271601159125566 ] } },
{ "type": "Feature", "properties": { "osmid": 295803669, "y": 22.5303866, "x": 114.071861, "street_count": 3, "highway": null, "ref": null }, "geometry": { "type": "Point", "coordinates": [ 198798.570190410071518, 2494486.101426742970943 ] } },
{ "type": "Feature", "properties": { "osmid": 295803678, "y": 22.5305884, "x": 114.072176, "street_count": 3, "highway": null, "ref": null }, "geometry": { "type": "Point", "coordinates": [ 198831.430735923815519, 2494507.824635337106884 ] } },
{ "type": "Feature", "properties": { "osmid": 296024760, "y": 22.5315228, "x": 114.0592761, "street_count": 3, "highway": "motorway_junction", "ref": null }, "geometry": { "type": "Point", "coordinates": [ 197505.702356363355648, 2494637.431906832382083 ] } },
{ "type": "Feature", "properties": { "osmid": 296024763, "y": 22.5316996, "x": 114.0703307, "street_count": 3, "highway": null, "ref": null }, "geometry": { "type": "Point", "coordinates": [ 198643.911977808282245, 2494634.664777671918273 ] } },
{ "type": "Feature", "properties": { "osmid": 296024764, "y": 22.5317589, "x": 114.0738513, "street_count": 3, "highway": null, "ref": null }, "geometry": { "type": "Point", "coordinates": [ 199006.406082288478501, 2494634.132908716332167 ] } },
{ "type": "Feature", "properties": { "osmid": 297121024, "y": 22.5470443, "x": 114.0786485, "street_count": 3, "highway": null, "ref": null }, "geometry": { "type": "Point", "coordinates": [ 199533.29540043277666, 2496318.025615325663239 ] } },
{ "type": "Feature", "properties": { "osmid": 297121027, "y": 22.5470471, "x": 114.0792013, "street_count": 3, "highway": null, "ref": null }, "geometry": { "type": "Point", "coordinates": [ 199590.193049738940317, 2496317.222703574225307 ] } },
{ "type": "Feature", "properties": { "osmid": 310170186, "y": 22.5271703, "x": 114.0415258, "street_count": 3, "highway": null, "ref": null }, "geometry": { "type": "Point", "coordinates": [ 195669.136964268516749, 2494191.256257914938033 ] } },
{ "type": "Feature", "properties": { "osmid": 310170187, "y": 22.5271608, "x": 114.040866, "street_count": 4, "highway": null, "ref": null }, "geometry": { "type": "Point", "coordinates": [ 195601.201205833931454, 2494191.548566346056759 ] } },
{ "type": "Feature", "properties": { "osmid": 352965781, "y": 22.5273745, "x": 114.0385653, "street_count": 4, "highway": "traffic_signals", "ref": null }, "geometry": { "type": "Point", "coordinates": [ 195364.853289862978272, 2494219.918125392869115 ] } },
{ "type": "Feature", "properties": { "osmid": 352965797, "y": 22.5254015, "x": 114.0387881, "street_count": 4, "highway": null, "ref": null }, "geometry": { "type": "Point", "coordinates": [ 195383.454334288078826, 2494000.858427159488201 ] } },
{ "type": "Feature", "properties": { "osmid": 409391960, "y": 22.5184954, "x": 114.0551493, "street_count": 3, "highway": null, "ref": null }, "geometry": { "type": "Point", "coordinates": [ 197052.492501344007906, 2493202.399985042400658 ] } },
{ "type": "Feature", "properties": { "osmid": 409391961, "y": 22.5195872, "x": 114.058361, "street_count": 3, "highway": null, "ref": null }, "geometry": { "type": "Point", "coordinates": [ 197385.479236653016414, 2493316.858050129376352 ] } },
{ "type": "Feature", "properties": { "osmid": 409391968, "y": 22.5184802, "x": 114.058956, "street_count": 3, "highway": null, "ref": null }, "geometry": { "type": "Point", "coordinates": [ 197444.313393243937753, 2493193.000623745843768 ] } },
{ "type": "Feature", "properties": { "osmid": 409391970, "y": 22.5178725, "x": 114.0593271, "street_count": 3, "highway": null, "ref": null }, "geometry": { "type": "Point", "coordinates": [ 197481.188986503344495, 2493124.917801816947758 ] } },
{ "type": "Feature", "properties": { "osmid": 409391983, "y": 22.5179267, "x": 114.0580905, "street_count": 3, "highway": null, "ref": null }, "geometry": { "type": "Point", "coordinates": [ 197354.013627175998408, 2493133.427809730637819 ] } },
{ "type": "Feature", "properties": { "osmid": 409392019, "y": 22.5318565, "x": 114.0613304, "street_count": 3, "highway": null, "ref": null }, "geometry": { "type": "Point", "coordinates": [ 197717.874812292517163, 2494670.243968667462468 ] } },
{ "type": "Feature", "properties": { "osmid": 498857670, "y": 22.5263675, "x": 114.0326051, "street_count": 4, "highway": null, "ref": null }, "geometry": { "type": "Point", "coordinates": [ 194749.137398478051182, 2494120.515804617200047 ] } },
{ "type": "Feature", "properties": { "osmid": 498857685, "y": 22.5284642, "x": 114.0287734, "street_count": 3, "highway": null, "ref": null }, "geometry": { "type": "Point", "coordinates": [ 194359.34549105213955, 2494360.666140655521303 ] } },
{ "type": "Feature", "properties": { "osmid": 498877494, "y": 22.5263019, "x": 114.0327186, "street_count": 4, "highway": null, "ref": null }, "geometry": { "type": "Point", "coordinates": [ 194760.67603618389694, 2494113.015389858745039 ] } },
{ "type": "Feature", "properties": { "osmid": 498877610, "y": 22.5317494, "x": 114.0232259, "street_count": 1, "highway": "motorway_junction", "ref": null }, "geometry": { "type": "Point", "coordinates": [ 193795.57967255654512, 2494736.031135504599661 ] } },
{ "type": "Feature", "properties": { "osmid": 498877613, "y": 22.5300921, "x": 114.029379, "street_count": 3, "highway": null, "ref": null }, "geometry": { "type": "Point", "coordinates": [ 194425.267758890171535, 2494539.796385680325329 ] } },
{ "type": "Feature", "properties": { "osmid": 498877620, "y": 22.522091, "x": 114.0403131, "street_count": 3, "highway": null, "ref": null }, "geometry": { "type": "Point", "coordinates": [ 195533.164015365822706, 2493630.950899916701019 ] } },
{ "type": "Feature", "properties": { "osmid": 498877627, "y": 22.5235996, "x": 114.037575, "street_count": 4, "highway": null, "ref": null }, "geometry": { "type": "Point", "coordinates": [ 195254.627045797882602, 2493803.685815654229373 ] } },
{ "type": "Feature", "properties": { "osmid": 498877630, "y": 22.5246394, "x": 114.0356845, "street_count": 3, "highway": null, "ref": null }, "geometry": { "type": "Point", "coordinates": [ 195062.312808929011226, 2493922.753112864214927 ] } },
{ "type": "Feature", "properties": { "osmid": 499209733, "y": 22.5245871, "x": 114.0205945, "street_count": 1, "highway": null, "ref": null }, "geometry": { "type": "Point", "coordinates": [ 193508.903270192618947, 2493947.850233408622444 ] } },
{ "type": "Feature", "properties": { "osmid": 499209819, "y": 22.5155692, "x": 114.0570571, "street_count": 3, "highway": null, "ref": null }, "geometry": { "type": "Point", "coordinates": [ 197242.494631200912409, 2492874.317990826908499 ] } },
{ "type": "Feature", "properties": { "osmid": 499210066, "y": 22.5248249, "x": 114.0204314, "street_count": 1, "highway": null, "ref": null }, "geometry": { "type": "Point", "coordinates": [ 193492.639806177117862, 2493974.533145438414067 ] } },
{ "type": "Feature", "properties": { "osmid": 499236929, "y": 22.53285, "x": 114.0444805, "street_count": 3, "highway": "motorway_junction", "ref": null }, "geometry": { "type": "Point", "coordinates": [ 195985.720877328596544, 2494814.536653253249824 ] } },
{ "type": "Feature", "properties": { "osmid": 499236944, "y": 22.5299079, "x": 114.0446811, "street_count": 3, "highway": null, "ref": null }, "geometry": { "type": "Point", "coordinates": [ 195999.919508490536828, 2494488.149377420078963 ] } },
{ "type": "Feature", "properties": { "osmid": 499237147, "y": 22.5314857, "x": 114.0457621, "street_count": 3, "highway": null, "ref": null }, "geometry": { "type": "Point", "coordinates": [ 196114.644121097633615, 2494660.765680979005992 ] } },
{ "type": "Feature", "properties": { "osmid": 499237159, "y": 22.5309887, "x": 114.03998, "street_count": 3, "highway": null, "ref": null }, "geometry": { "type": "Point", "coordinates": [ 195518.405797278915998, 2494617.479827424976975 ] } },
{ "type": "Feature", "properties": { "osmid": 499237225, "y": 22.5303753, "x": 114.0300616, "street_count": 3, "highway": null, "ref": null }, "geometry": { "type": "Point", "coordinates": [ 194496.152361509797629, 2494569.777744281105697 ] } },
{ "type": "Feature", "properties": { "osmid": 499237384, "y": 22.5301136, "x": 114.0306843, "street_count": 3, "highway": null, "ref": null }, "geometry": { "type": "Point", "coordinates": [ 194559.671119162114337, 2494539.507580239325762 ] } },
{ "type": "Feature", "properties": { "osmid": 499237394, "y": 22.5300425, "x": 114.0315889, "street_count": 3, "highway": "motorway_junction", "ref": null }, "geometry": { "type": "Point", "coordinates": [ 194652.626017567934468, 2494529.779420581180602 ] } },
{ "type": "Feature", "properties": { "osmid": 499237416, "y": 22.5304832, "x": 114.0371291, "street_count": 3, "highway": null, "ref": null }, "geometry": { "type": "Point", "coordinates": [ 195223.852117760572582, 2494567.288235879503191 ] } },
{ "type": "Feature", "properties": { "osmid": 499237442, "y": 22.5312996, "x": 114.0456007, "street_count": 3, "highway": "motorway_junction", "ref": null }, "geometry": { "type": "Point", "coordinates": [ 196097.623586877132766, 2494640.474722220096737 ] } },
{ "type": "Feature", "properties": { "osmid": 499237746, "y": 22.5262314, "x": 114.044756, "street_count": 3, "highway": null, "ref": null }, "geometry": { "type": "Point", "coordinates": [ 195999.571845616796054, 2494080.648195430636406 ] } },
{ "type": "Feature", "properties": { "osmid": 499237756, "y": 22.5266761, "x": 114.0449287, "street_count": 3, "highway": null, "ref": null }, "geometry": { "type": "Point", "coordinates": [ 196018.322827990865335, 2494129.568459968548268 ] } },
{ "type": "Feature", "properties": { "osmid": 499237864, "y": 22.5132968, "x": 114.0499357, "street_count": 3, "highway": null, "ref": null }, "geometry": { "type": "Point", "coordinates": [ 196504.446492614573799, 2492636.991232288070023 ] } },
{ "type": "Feature", "properties": { "osmid": 499237881, "y": 22.5135197, "x": 114.0517399, "street_count": 1, "highway": null, "ref": null }, "geometry": { "type": "Point", "coordinates": [ 196690.661951273330487, 2492658.024195028934628 ] } },
{ "type": "Feature", "properties": { "osmid": 499237908, "y": 22.5145259, "x": 114.054688, "street_count": 3, "highway": null, "ref": null }, "geometry": { "type": "Point", "coordinates": [ 196996.341454586421605, 2492763.526384561788291 ] } },
{ "type": "Feature", "properties": { "osmid": 499256255, "y": 22.5316881, "x": 114.0498822, "street_count": 3, "highway": null, "ref": null }, "geometry": { "type": "Point", "coordinates": [ 196539.164442993409466, 2494674.810605424456298 ] } },
{ "type": "Feature", "properties": { "osmid": 499256522, "y": 22.5312165, "x": 114.0473224, "street_count": 3, "highway": null, "ref": null }, "geometry": { "type": "Point", "coordinates": [ 196274.654728254827205, 2494627.763792775105685 ] } },
{ "type": "Feature", "properties": { "osmid": 499256749, "y": 22.530287, "x": 114.0448629, "street_count": 3, "highway": null, "ref": null }, "geometry": { "type": "Point", "coordinates": [ 196019.46308519638842, 2494529.782732207793742 ] } },
{ "type": "Feature", "properties": { "osmid": 499256795, "y": 22.5328534, "x": 114.0446171, "street_count": 3, "highway": null, "ref": null }, "geometry": { "type": "Point", "coordinates": [ 195999.78831223101588, 2494814.635191973764449 ] } },
{ "type": "Feature", "properties": { "osmid": 499264828, "y": 22.5323208, "x": 114.0443832, "street_count": 3, "highway": null, "ref": null }, "geometry": { "type": "Point", "coordinates": [ 195974.545847144559957, 2494756.10048896772787 ] } },
{ "type": "Feature", "properties": { "osmid": 499264853, "y": 22.5318423, "x": 114.0443955, "street_count": 3, "highway": null, "ref": null }, "geometry": { "type": "Point", "coordinates": [ 195974.762917398766149, 2494703.058587430045009 ] } },
{ "type": "Feature", "properties": { "osmid": 499264939, "y": 22.5314711, "x": 114.0435699, "street_count": 3, "highway": null, "ref": null }, "geometry": { "type": "Point", "coordinates": [ 195888.970862337388098, 2494663.611871963366866 ] } },
{ "type": "Feature", "properties": { "osmid": 499265789, "y": 22.5310938, "x": 114.0435453, "street_count": 3, "highway": null, "ref": null }, "geometry": { "type": "Point", "coordinates": [ 195885.611489056667779, 2494621.857869489118457 ] } },
{ "type": "Feature", "properties": { "osmid": 499281470, "y": 22.5320047, "x": 114.0447317, "street_count": 3, "highway": null, "ref": null }, "geometry": { "type": "Point", "coordinates": [ 196009.723569356428925, 2494720.367565975990146 ] } },
{ "type": "Feature", "properties": { "osmid": 499281479, "y": 22.5324813, "x": 114.0447228, "street_count": 3, "highway": null, "ref": null }, "geometry": { "type": "Point", "coordinates": [ 196009.852180077868979, 2494773.192014642059803 ] } },
{ "type": "Feature", "properties": { "osmid": 499281499, "y": 22.531185, "x": 114.0456261, "street_count": 3, "highway": null, "ref": null }, "geometry": { "type": "Point", "coordinates": [ 196099.986880618322175, 2494627.72557657584548 ] } },
{ "type": "Feature", "properties": { "osmid": 499281585, "y": 22.5307765, "x": 114.0448209, "street_count": 3, "highway": null, "ref": null }, "geometry": { "type": "Point", "coordinates": [ 196016.212863972526975, 2494584.103854073211551 ] } },
{ "type": "Feature", "properties": { "osmid": 499281680, "y": 22.5311981, "x": 114.0468308, "street_count": 3, "highway": null, "ref": null }, "geometry": { "type": "Point", "coordinates": [ 196224.014445122156758, 2494626.72529867105186 ] } },
{ "type": "Feature", "properties": { "osmid": 499281804, "y": 22.5316312, "x": 114.0456588, "street_count": 3, "highway": null, "ref": null }, "geometry": { "type": "Point", "coordinates": [ 196104.330364835506771, 2494677.097047990653664 ] } },
{ "type": "Feature", "properties": { "osmid": 499281866, "y": 22.5316558, "x": 114.0466506, "street_count": 3, "highway": null, "ref": null }, "geometry": { "type": "Point", "coordinates": [ 196206.469159028492868, 2494677.804144371766597 ] } },
{ "type": "Feature", "properties": { "osmid": 499287730, "y": 22.5211897, "x": 114.0419376, "street_count": 4, "highway": null, "ref": null }, "geometry": { "type": "Point", "coordinates": [ 195698.407553497760091, 2493527.77781827095896 ] } },
{ "type": "Feature", "properties": { "osmid": 499287733, "y": 22.5212502, "x": 114.0418319, "street_count": 4, "highway": null, "ref": null }, "geometry": { "type": "Point", "coordinates": [ 195687.659795420127921, 2493534.696459344122559 ] } },
{ "type": "Feature", "properties": { "osmid": 499374438, "y": 22.5332386, "x": 114.0514137, "street_count": 3, "highway": null, "ref": null }, "geometry": { "type": "Point", "coordinates": [ 196700.190480852033943, 2494843.489984525367618 ] } },
{ "type": "Feature", "properties": { "osmid": 499374459, "y": 22.5309423, "x": 114.051303, "street_count": 3, "highway": null, "ref": null }, "geometry": { "type": "Point", "coordinates": [ 196683.774358009046409, 2494589.290527299046516 ] } },
{ "type": "Feature", "properties": { "osmid": 499374605, "y": 22.5312292, "x": 114.0508616, "street_count": 3, "highway": null, "ref": null }, "geometry": { "type": "Point", "coordinates": [ 196638.968971273337957, 2494621.975165277719498 ] } },
{ "type": "Feature", "properties": { "osmid": 499374672, "y": 22.5317168, "x": 114.0519697, "street_count": 3, "highway": null, "ref": null }, "geometry": { "type": "Point", "coordinates": [ 196754.090585312573239, 2494673.748851374257356 ] } },
{ "type": "Feature", "properties": { "osmid": 499374692, "y": 22.5309611, "x": 114.0495627, "street_count": 3, "highway": null, "ref": null }, "geometry": { "type": "Point", "coordinates": [ 196504.687883325736038, 2494594.910182172898203 ] } },
{ "type": "Feature", "properties": { "osmid": 499374765, "y": 22.5312294, "x": 114.0490164, "street_count": 3, "highway": null, "ref": null }, "geometry": { "type": "Point", "coordinates": [ 196449.044861394620966, 2494625.74783072527498 ] } },
{ "type": "Feature", "properties": { "osmid": 499374790, "y": 22.5296414, "x": 114.0514804, "street_count": 3, "highway": "motorway_junction", "ref": null }, "geometry": { "type": "Point", "coordinates": [ 196699.189268618880305, 2494444.793662446551025 ] } },
{ "type": "Feature", "properties": { "osmid": 499374805, "y": 22.5312275, "x": 114.0519449, "street_count": 3, "highway": null, "ref": null }, "geometry": { "type": "Point", "coordinates": [ 196750.46811029908713, 2494619.586018857546151 ] } },
{ "type": "Feature", "properties": { "osmid": 499374818, "y": 22.5312302, "x": 114.0510626, "street_count": 3, "highway": null, "ref": null }, "geometry": { "type": "Point", "coordinates": [ 196659.659869162831455, 2494621.677557611837983 ] } },
{ "type": "Feature", "properties": { "osmid": 499478446, "y": 22.5451248, "x": 114.0445019, "street_count": 3, "highway": null, "ref": null }, "geometry": { "type": "Point", "coordinates": [ 196014.838780236314051, 2496174.517375647090375 ] } },
{ "type": "Feature", "properties": { "osmid": 499478538, "y": 22.5425096, "x": 114.0433253, "street_count": 3, "highway": null, "ref": null }, "geometry": { "type": "Point", "coordinates": [ 195888.006384666427039, 2495887.155473946128041 ] } },
{ "type": "Feature", "properties": { "osmid": 499478570, "y": 22.5400599, "x": 114.0285677, "street_count": 3, "highway": null, "ref": null }, "geometry": { "type": "Point", "coordinates": [ 194363.73095221479889, 2495645.881139826960862 ] } },
{ "type": "Feature", "properties": { "osmid": 499478603, "y": 22.5433976, "x": 114.0442953, "street_count": 3, "highway": null, "ref": null }, "geometry": { "type": "Point", "coordinates": [ 195989.787336623528972, 2495983.567735391203314 ] } },
{ "type": "Feature", "properties": { "osmid": 499478696, "y": 22.5412724, "x": 114.0444638, "street_count": 3, "highway": null, "ref": null }, "geometry": { "type": "Point", "coordinates": [ 196002.468710650864523, 2495747.756291003432125 ] } },
{ "type": "Feature", "properties": { "osmid": 499478701, "y": 22.5412659, "x": 114.0443337, "street_count": 3, "highway": null, "ref": null }, "geometry": { "type": "Point", "coordinates": [ 195989.064321317942813, 2495747.301132276188582 ] } },
{ "type": "Feature", "properties": { "osmid": 499478765, "y": 22.5422791, "x": 114.0432427, "street_count": 3, "highway": null, "ref": null }, "geometry": { "type": "Point", "coordinates": [ 195878.999397302279249, 2495861.784824311267585 ] } },
{ "type": "Feature", "properties": { "osmid": 499478781, "y": 22.5397873, "x": 114.0444909, "street_count": 3, "highway": null, "ref": null }, "geometry": { "type": "Point", "coordinates": [ 196002.001255657582078, 2495583.154830045998096 ] } },
{ "type": "Feature", "properties": { "osmid": 499478798, "y": 22.5434017, "x": 114.0444366, "street_count": 3, "highway": null, "ref": null }, "geometry": { "type": "Point", "coordinates": [ 196004.338964638009202, 2495983.734138472471386 ] } },
{ "type": "Feature", "properties": { "osmid": 499478813, "y": 22.5425455, "x": 114.0449176, "street_count": 3, "highway": null, "ref": null }, "geometry": { "type": "Point", "coordinates": [ 196051.966149320360273, 2495887.888977353461087 ] } },
{ "type": "Feature", "properties": { "osmid": 499481765, "y": 22.5361963, "x": 114.0445563, "street_count": 3, "highway": null, "ref": null }, "geometry": { "type": "Point", "coordinates": [ 196000.858823511691298, 2495185.145750912372023 ] } },
{ "type": "Feature", "properties": { "osmid": 499481994, "y": 22.5383343, "x": 114.0445173, "street_count": 3, "highway": null, "ref": null }, "geometry": { "type": "Point", "coordinates": [ 196001.532401596603449, 2495422.11144153913483 ] } },
{ "type": "Feature", "properties": { "osmid": 499542312, "y": 22.5446236, "x": 114.0580411, "street_count": 3, "highway": null, "ref": null }, "geometry": { "type": "Point", "coordinates": [ 197407.179297054419294, 2496091.465561045799404 ] } },
{ "type": "Feature", "properties": { "osmid": 499542404, "y": 22.5419719, "x": 114.0604165, "street_count": 3, "highway": null, "ref": null }, "geometry": { "type": "Point", "coordinates": [ 197645.867577239230741, 2495792.849992502946407 ] } },
{ "type": "Feature", "properties": { "osmid": 499542432, "y": 22.5406021, "x": 114.0582308, "street_count": 1, "highway": null, "ref": null }, "geometry": { "type": "Point", "coordinates": [ 197417.924663541780319, 2495645.510147988330573 ] } },
{ "type": "Feature", "properties": { "osmid": 499542538, "y": 22.5405994, "x": 114.0581022, "street_count": 3, "highway": null, "ref": null }, "geometry": { "type": "Point", "coordinates": [ 197404.683070656959899, 2495645.471738195512444 ] } },
{ "type": "Feature", "properties": { "osmid": 499542953, "y": 22.5405525, "x": 114.0579482, "street_count": 3, "highway": null, "ref": null }, "geometry": { "type": "Point", "coordinates": [ 197388.730788428918459, 2495640.587609177920967 ] } },
{ "type": "Feature", "properties": { "osmid": 499542965, "y": 22.540007, "x": 114.0512964, "street_count": 3, "highway": null, "ref": null }, "geometry": { "type": "Point", "coordinates": [ 196702.92260694707511, 2495593.650628925766796 ] } },
{ "type": "Feature", "properties": { "osmid": 499543059, "y": 22.5448698, "x": 114.0510679, "street_count": 3, "highway": null, "ref": null }, "geometry": { "type": "Point", "coordinates": [ 196690.045394574233796, 2496132.901840674690902 ] } },
{ "type": "Feature", "properties": { "osmid": 499543065, "y": 22.5435904, "x": 114.0509711, "street_count": 3, "highway": null, "ref": null }, "geometry": { "type": "Point", "coordinates": [ 196677.283034109976143, 2495991.344066829886287 ] } },
{ "type": "Feature", "properties": { "osmid": 499543123, "y": 22.5423512, "x": 114.0461408, "street_count": 3, "highway": null, "ref": null }, "geometry": { "type": "Point", "coordinates": [ 196177.433050826191902, 2495863.869969309307635 ] } },
{ "type": "Feature", "properties": { "osmid": 499543137, "y": 22.5421613, "x": 114.046546, "street_count": 3, "highway": null, "ref": null }, "geometry": { "type": "Point", "coordinates": [ 196218.720446048362646, 2495842.004508663900197 ] } },
{ "type": "Feature", "properties": { "osmid": 499543146, "y": 22.5417568, "x": 114.0473869, "street_count": 3, "highway": null, "ref": null }, "geometry": { "type": "Point", "coordinates": [ 196304.380543651641347, 2495795.47518318798393 ] } },
{ "type": "Feature", "properties": { "osmid": 499543165, "y": 22.5424182, "x": 114.0506454, "street_count": 3, "highway": null, "ref": null }, "geometry": { "type": "Point", "coordinates": [ 196641.196700713131577, 2495862.129115771036595 ] } },
{ "type": "Feature", "properties": { "osmid": 499543176, "y": 22.5417617, "x": 114.0477534, "street_count": 3, "highway": null, "ref": null }, "geometry": { "type": "Point", "coordinates": [ 196342.111931627325248, 2495795.272280590143055 ] } },
{ "type": "Feature", "properties": { "osmid": 499543273, "y": 22.5430809, "x": 114.053747, "street_count": 3, "highway": null, "ref": null }, "geometry": { "type": "Point", "coordinates": [ 196961.86370018083835, 2495929.252750509884208 ] } },
{ "type": "Feature", "properties": { "osmid": 499543276, "y": 22.5429402, "x": 114.052976, "street_count": 3, "highway": null, "ref": null }, "geometry": { "type": "Point", "coordinates": [ 196882.20475586282555, 2495915.229475137311965 ] } },
{ "type": "Feature", "properties": { "osmid": 499543283, "y": 22.5425692, "x": 114.0461592, "street_count": 3, "highway": null, "ref": null }, "geometry": { "type": "Point", "coordinates": [ 196179.804610795283224, 2495887.986471228301525 ] } },
{ "type": "Feature", "properties": { "osmid": 499543338, "y": 22.5431988, "x": 114.0453524, "street_count": 3, "highway": null, "ref": null }, "geometry": { "type": "Point", "coordinates": [ 196098.148469151114114, 2495959.387794198468328 ] } },
{ "type": "Feature", "properties": { "osmid": 499543341, "y": 22.5432184, "x": 114.0473569, "street_count": 3, "highway": null, "ref": null }, "geometry": { "type": "Point", "coordinates": [ 196304.495153929456137, 2495957.478469234891236 ] } },
{ "type": "Feature", "properties": { "osmid": 499543343, "y": 22.5432554, "x": 114.0494729, "street_count": 3, "highway": null, "ref": null }, "geometry": { "type": "Point", "coordinates": [ 196522.355199352663476, 2495957.273032656405121 ] } },
{ "type": "Feature", "properties": { "osmid": 499681297, "y": 22.5335094, "x": 114.0582303, "street_count": 4, "highway": null, "ref": null }, "geometry": { "type": "Point", "coordinates": [ 197402.394640084938146, 2494859.660630899947137 ] } },
{ "type": "Feature", "properties": { "osmid": 499681310, "y": 22.5313401, "x": 114.0577041, "street_count": 3, "highway": null, "ref": null }, "geometry": { "type": "Point", "coordinates": [ 197343.500544252688996, 2494620.375225429423153 ] } },
{ "type": "Feature", "properties": { "osmid": 499681326, "y": 22.5314204, "x": 114.0624055, "street_count": 3, "highway": null, "ref": null }, "geometry": { "type": "Point", "coordinates": [ 197827.582272667030338, 2494619.749109935481101 ] } },
{ "type": "Feature", "properties": { "osmid": 499681378, "y": 22.5316103, "x": 114.0711427, "street_count": 3, "highway": null, "ref": null }, "geometry": { "type": "Point", "coordinates": [ 198727.294936710619368, 2494623.131884347181767 ] } },
{ "type": "Feature", "properties": { "osmid": 500015586, "y": 22.5428115, "x": 114.0710906, "street_count": 3, "highway": null, "ref": null }, "geometry": { "type": "Point", "coordinates": [ 198746.269969034823589, 2495864.287271324545145 ] } },
{ "type": "Feature", "properties": { "osmid": 500015592, "y": 22.5474701, "x": 114.0628273, "street_count": 4, "highway": null, "ref": null }, "geometry": { "type": "Point", "coordinates": [ 197905.971523157379124, 2496397.15072573069483 ] } },
{ "type": "Feature", "properties": { "osmid": 500015594, "y": 22.5450923, "x": 114.062747, "street_count": 3, "highway": null, "ref": null }, "geometry": { "type": "Point", "coordinates": [ 197892.524219058512244, 2496133.860530969221145 ] } },
{ "type": "Feature", "properties": { "osmid": 500015611, "y": 22.5474606, "x": 114.0626622, "street_count": 4, "highway": null, "ref": null }, "geometry": { "type": "Point", "coordinates": [ 197888.959374687867239, 2496396.432460303884 ] } },
{ "type": "Feature", "properties": { "osmid": 500016474, "y": 22.5416511, "x": 114.0676282, "street_count": 3, "highway": null, "ref": null }, "geometry": { "type": "Point", "coordinates": [ 198387.398147643893026, 2495742.712941772304475 ] } },
{ "type": "Feature", "properties": { "osmid": 500016482, "y": 22.5427057, "x": 114.0689597, "street_count": 3, "highway": null, "ref": null }, "geometry": { "type": "Point", "coordinates": [ 198526.729694267036393, 2495856.868363214191049 ] } },
{ "type": "Feature", "properties": { "osmid": 500016487, "y": 22.5444212, "x": 114.0685902, "street_count": 3, "highway": null, "ref": null }, "geometry": { "type": "Point", "coordinates": [ 198492.432617183367256, 2496047.686156203504652 ] } },
{ "type": "Feature", "properties": { "osmid": 500016494, "y": 22.5355538, "x": 114.0624975, "street_count": 3, "highway": null, "ref": null }, "geometry": { "type": "Point", "coordinates": [ 197846.057576691615395, 2495077.530212049838156 ] } },
{ "type": "Feature", "properties": { "osmid": 500016498, "y": 22.539897, "x": 114.0681554, "street_count": 3, "highway": null, "ref": null }, "geometry": { "type": "Point", "coordinates": [ 198437.84194412746001, 2495547.299509554635733 ] } },
{ "type": "Feature", "properties": { "osmid": 500016501, "y": 22.5414018, "x": 114.0687174, "street_count": 3, "highway": null, "ref": null }, "geometry": { "type": "Point", "coordinates": [ 198498.956426467048004, 2495712.890454773325473 ] } },
{ "type": "Feature", "properties": { "osmid": 500016507, "y": 22.5441764, "x": 114.0676022, "street_count": 3, "highway": null, "ref": null }, "geometry": { "type": "Point", "coordinates": [ 198390.216981946199667, 2496022.559867107775062 ] } },
{ "type": "Feature", "properties": { "osmid": 500016511, "y": 22.5316529, "x": 114.0673818, "street_count": 3, "highway": null, "ref": null }, "geometry": { "type": "Point", "coordinates": [ 198340.287835937691852, 2494635.445966114290059 ] } },
{ "type": "Feature", "properties": { "osmid": 500016887, "y": 22.5426446, "x": 114.0685555, "street_count": 3, "highway": null, "ref": null }, "geometry": { "type": "Point", "coordinates": [ 198484.996852705313358, 2495850.915334781631827 ] } },
{ "type": "Feature", "properties": { "osmid": 500016892, "y": 22.5431285, "x": 114.0691382, "street_count": 3, "highway": null, "ref": null }, "geometry": { "type": "Point", "coordinates": [ 198546.020247302541975, 2495903.352473904844373 ] } },
{ "type": "Feature", "properties": { "osmid": 500016968, "y": 22.5431379, "x": 114.0680275, "street_count": 3, "highway": null, "ref": null }, "geometry": { "type": "Point", "coordinates": [ 198431.728681545122527, 2495906.638151067309082 ] } },
{ "type": "Feature", "properties": { "osmid": 500016970, "y": 22.5426114, "x": 114.0672343, "street_count": 3, "highway": null, "ref": null }, "geometry": { "type": "Point", "coordinates": [ 198348.947626093751751, 2495849.906983977649361 ] } },
{ "type": "Feature", "properties": { "osmid": 500017000, "y": 22.5455296, "x": 114.0679143, "street_count": 3, "highway": null, "ref": null }, "geometry": { "type": "Point", "coordinates": [ 198425.282072330883238, 2496171.858869802206755 ] } },
{ "type": "Feature", "properties": { "osmid": 500017649, "y": 22.5431288, "x": 114.0699212, "street_count": 3, "highway": null, "ref": null }, "geometry": { "type": "Point", "coordinates": [ 198626.606345618434716, 2495901.80415931949392 ] } },
{ "type": "Feature", "properties": { "osmid": 500017668, "y": 22.5427706, "x": 114.0700387, "street_count": 4, "highway": null, "ref": null }, "geometry": { "type": "Point", "coordinates": [ 198637.920552683819551, 2495861.879620296414942 ] } },
{ "type": "Feature", "properties": { "osmid": 500020956, "y": 22.5173835, "x": 114.0596056, "street_count": 3, "highway": null, "ref": null }, "geometry": { "type": "Point", "coordinates": [ 197508.79151865124004, 2493070.174193306826055 ] } },
{ "type": "Feature", "properties": { "osmid": 500020962, "y": 22.5294986, "x": 114.0682546, "street_count": 4, "highway": null, "ref": null }, "geometry": { "type": "Point", "coordinates": [ 198425.43892782938201, 2494394.994189760182053 ] } },
{ "type": "Feature", "properties": { "osmid": 500020974, "y": 22.5214145, "x": 114.0640942, "street_count": 3, "highway": "motorway_junction", "ref": null }, "geometry": { "type": "Point", "coordinates": [ 197979.614071011543274, 2493507.712822611443698 ] } },
{ "type": "Feature", "properties": { "osmid": 500020991, "y": 22.5297228, "x": 114.0631437, "street_count": 4, "highway": null, "ref": null }, "geometry": { "type": "Point", "coordinates": [ 197899.866225674166344, 2494430.166763408575207 ] } },
{ "type": "Feature", "properties": { "osmid": 500020997, "y": 22.531444, "x": 114.0636879, "street_count": 3, "highway": null, "ref": null }, "geometry": { "type": "Point", "coordinates": [ 197959.628501166822389, 2494619.768944293260574 ] } },
{ "type": "Feature", "properties": { "osmid": 500020999, "y": 22.5295597, "x": 114.0629899, "street_count": 3, "highway": null, "ref": null }, "geometry": { "type": "Point", "coordinates": [ 197883.680461304960772, 2494412.407022180967033 ] } },
{ "type": "Feature", "properties": { "osmid": 500021006, "y": 22.5311172, "x": 114.0681398, "street_count": 3, "highway": null, "ref": null }, "geometry": { "type": "Point", "coordinates": [ 198417.142035607015714, 2494574.560996849089861 ] } },
{ "type": "Feature", "properties": { "osmid": 500021022, "y": 22.5314839, "x": 114.0674924, "street_count": 3, "highway": null, "ref": null }, "geometry": { "type": "Point", "coordinates": [ 198351.304056804219726, 2494616.497909659519792 ] } },
{ "type": "Feature", "properties": { "osmid": 500021035, "y": 22.5292791, "x": 114.0680757, "street_count": 3, "highway": null, "ref": null }, "geometry": { "type": "Point", "coordinates": [ 198406.547660682583228, 2494371.035748537629843 ] } },
{ "type": "Feature", "properties": { "osmid": 500021302, "y": 22.5322763, "x": 114.0681215, "street_count": 3, "highway": null, "ref": null }, "geometry": { "type": "Point", "coordinates": [ 198417.778880747326184, 2494703.022000266704708 ] } },
{ "type": "Feature", "properties": { "osmid": 500021304, "y": 22.5311295, "x": 114.0682712, "street_count": 3, "highway": null, "ref": null }, "geometry": { "type": "Point", "coordinates": [ 198430.693500612280332, 2494575.658372181933373 ] } },
{ "type": "Feature", "properties": { "osmid": 500021305, "y": 22.5315027, "x": 114.0690732, "street_count": 3, "highway": null, "ref": null }, "geometry": { "type": "Point", "coordinates": [ 198514.052847990009468, 2494615.387810152489692 ] } },
{ "type": "Feature", "properties": { "osmid": 500023063, "y": 22.532282, "x": 114.0682617, "street_count": 3, "highway": null, "ref": null }, "geometry": { "type": "Point", "coordinates": [ 198432.221640344301704, 2494703.370331724639982 ] } },
{ "type": "Feature", "properties": { "osmid": 500023064, "y": 22.5343048, "x": 114.0682246, "street_count": 3, "highway": null, "ref": null }, "geometry": { "type": "Point", "coordinates": [ 198432.801702318887692, 2494927.564127985853702 ] } },
{ "type": "Feature", "properties": { "osmid": 500023088, "y": 22.5344128, "x": 114.068098, "street_count": 3, "highway": null, "ref": null }, "geometry": { "type": "Point", "coordinates": [ 198420.006205738056451, 2494939.78589182626456 ] } },
{ "type": "Feature", "properties": { "osmid": 500023095, "y": 22.5319386, "x": 114.0658689, "street_count": 3, "highway": null, "ref": null }, "geometry": { "type": "Point", "coordinates": [ 198185.190447335655335, 2494670.158195692114532 ] } },
{ "type": "Feature", "properties": { "osmid": 500023096, "y": 22.5319569, "x": 114.0674789, "street_count": 3, "highway": null, "ref": null }, "geometry": { "type": "Point", "coordinates": [ 198350.943284044682514, 2494668.931876161135733 ] } },
{ "type": "Feature", "properties": { "osmid": 500023111, "y": 22.5314631, "x": 114.0659996, "street_count": 3, "highway": null, "ref": null }, "geometry": { "type": "Point", "coordinates": [ 198197.608347970177419, 2494617.21024666307494 ] } },
{ "type": "Feature", "properties": { "osmid": 500023137, "y": 22.531571, "x": 114.0704552, "street_count": 3, "highway": null, "ref": null }, "geometry": { "type": "Point", "coordinates": [ 198656.447012480464764, 2494620.165090864989907 ] } },
{ "type": "Feature", "properties": { "osmid": 503304240, "y": 22.5182639, "x": 114.0508553, "street_count": 4, "highway": null, "ref": null }, "geometry": { "type": "Point", "coordinates": [ 196609.969568977772724, 2493185.465290014632046 ] } },
{ "type": "Feature", "properties": { "osmid": 503304245, "y": 22.5181437, "x": 114.0508355, "street_count": 4, "highway": null, "ref": null }, "geometry": { "type": "Point", "coordinates": [ 196607.668617315357551, 2493172.187654066365212 ] } },
{ "type": "Feature", "properties": { "osmid": 503304404, "y": 22.5181294, "x": 114.0514049, "street_count": 3, "highway": null, "ref": null }, "geometry": { "type": "Point", "coordinates": [ 196666.25062225619331, 2493169.44689637189731 ] } },
{ "type": "Feature", "properties": { "osmid": 503304545, "y": 22.5212205, "x": 114.0610253, "street_count": 4, "highway": null, "ref": null }, "geometry": { "type": "Point", "coordinates": [ 197663.292775050736964, 2493492.427115313708782 ] } },
{ "type": "Feature", "properties": { "osmid": 503304577, "y": 22.5182429, "x": 114.051431, "street_count": 3, "highway": null, "ref": null }, "geometry": { "type": "Point", "coordinates": [ 196669.185391237901058, 2493181.969399867579341 ] } },
{ "type": "Feature", "properties": { "osmid": 503304588, "y": 22.5185016, "x": 114.0485994, "street_count": 3, "highway": null, "ref": null }, "geometry": { "type": "Point", "coordinates": [ 196378.270325851219241, 2493216.385418271645904 ] } },
{ "type": "Feature", "properties": { "osmid": 503466502, "y": 22.5281702, "x": 114.0569058, "street_count": 3, "highway": null, "ref": null }, "geometry": { "type": "Point", "coordinates": [ 197254.414052324718796, 2494270.778006810229272 ] } },
{ "type": "Feature", "properties": { "osmid": 503466597, "y": 22.536894, "x": 114.0773676, "street_count": 3, "highway": null, "ref": null }, "geometry": { "type": "Point", "coordinates": [ 199379.459944304951932, 2495195.995142036583275 ] } },
{ "type": "Feature", "properties": { "osmid": 503466607, "y": 22.5393764, "x": 114.074353, "street_count": 3, "highway": null, "ref": null }, "geometry": { "type": "Point", "coordinates": [ 199074.575927139201667, 2495477.109612894244492 ] } },
{ "type": "Feature", "properties": { "osmid": 503466762, "y": 22.5259144, "x": 114.0711204, "street_count": 4, "highway": null, "ref": null }, "geometry": { "type": "Point", "coordinates": [ 198712.628354697779287, 2493992.09338291734457 ] } },
{ "type": "Feature", "properties": { "osmid": 503466998, "y": 22.5204229, "x": 114.0709631, "street_count": 3, "highway": null, "ref": null }, "geometry": { "type": "Point", "coordinates": [ 198684.512039476132486, 2493383.974224870093167 ] } },
{ "type": "Feature", "properties": { "osmid": 503467235, "y": 22.521146, "x": 114.0609111, "street_count": 4, "highway": null, "ref": null }, "geometry": { "type": "Point", "coordinates": [ 197651.37519231258193, 2493484.40392640652135 ] } },
{ "type": "Feature", "properties": { "osmid": 513658855, "y": 22.5388943, "x": 114.0816697, "street_count": 3, "highway": null, "ref": null }, "geometry": { "type": "Point", "coordinates": [ 199826.574770167004317, 2495408.961234262213111 ] } },
{ "type": "Feature", "properties": { "osmid": 513658942, "y": 22.5358677, "x": 114.0796181, "street_count": 3, "highway": null, "ref": null }, "geometry": { "type": "Point", "coordinates": [ 199608.864596880273893, 2495077.754871625918895 ] } },
{ "type": "Feature", "properties": { "osmid": 513658946, "y": 22.53632, "x": 114.0802131, "street_count": 3, "highway": null, "ref": null }, "geometry": { "type": "Point", "coordinates": [ 199671.083738492801785, 2495126.670450781472027 ] } },
{ "type": "Feature", "properties": { "osmid": 513659014, "y": 22.5373273, "x": 114.0840868, "street_count": 3, "highway": null, "ref": null }, "geometry": { "type": "Point", "coordinates": [ 200071.955713946546894, 2495230.485845196992159 ] } },
{ "type": "Feature", "properties": { "osmid": 513659367, "y": 22.5370913, "x": 114.0806886, "street_count": 3, "highway": null, "ref": null }, "geometry": { "type": "Point", "coordinates": [ 199721.69401987886522, 2495211.170400231145322 ] } },
{ "type": "Feature", "properties": { "osmid": 513659780, "y": 22.5365205, "x": 114.0800199, "street_count": 3, "highway": null, "ref": null }, "geometry": { "type": "Point", "coordinates": [ 199651.633265373413451, 2495149.273689706809819 ] } },
{ "type": "Feature", "properties": { "osmid": 558849716, "y": 22.5430932, "x": 114.0761078, "street_count": 5, "highway": null, "ref": null }, "geometry": { "type": "Point", "coordinates": [ 199263.245351511519402, 2495885.378648634068668 ] } },
{ "type": "Feature", "properties": { "osmid": 558849727, "y": 22.5430955, "x": 114.0762768, "street_count": 4, "highway": null, "ref": null }, "geometry": { "type": "Point", "coordinates": [ 199280.643554946582299, 2495885.292901477776468 ] } },
{ "type": "Feature", "properties": { "osmid": 598508320, "y": 22.5286002, "x": 114.0681183, "street_count": 3, "highway": null, "ref": null }, "geometry": { "type": "Point", "coordinates": [ 198409.456370295141824, 2494295.730085262097418 ] } },
{ "type": "Feature", "properties": { "osmid": 598508344, "y": 22.525993, "x": 114.0711485, "street_count": 4, "highway": null, "ref": null }, "geometry": { "type": "Point", "coordinates": [ 198715.6914257457247, 2494000.745260938070714 ] } },
{ "type": "Feature", "properties": { "osmid": 598508482, "y": 22.5212607, "x": 114.0697387, "street_count": 1, "highway": null, "ref": null }, "geometry": { "type": "Point", "coordinates": [ 198560.297519529296551, 2493479.269681798294187 ] } },
{ "type": "Feature", "properties": { "osmid": 598508492, "y": 22.5197707, "x": 114.0700847, "street_count": 3, "highway": null, "ref": null }, "geometry": { "type": "Point", "coordinates": [ 198592.676806536328513, 2493313.485260788351297 ] } },
{ "type": "Feature", "properties": { "osmid": 598723406, "y": 22.5153494, "x": 114.0548279, "street_count": 4, "highway": null, "ref": null }, "geometry": { "type": "Point", "coordinates": [ 197012.540464647114277, 2492854.484077426604927 ] } },
{ "type": "Feature", "properties": { "osmid": 598723432, "y": 22.5145823, "x": 114.0511605, "street_count": 4, "highway": null, "ref": null }, "geometry": { "type": "Point", "coordinates": [ 196633.339600325271022, 2492776.93380997562781 ] } },
{ "type": "Feature", "properties": { "osmid": 598723470, "y": 22.5139408, "x": 114.0554855, "street_count": 5, "highway": null, "ref": null }, "geometry": { "type": "Point", "coordinates": [ 197077.160112511483021, 2492697.081830895040184 ] } },
{ "type": "Feature", "properties": { "osmid": 598723474, "y": 22.5124514, "x": 114.0561882, "street_count": 3, "highway": null, "ref": null }, "geometry": { "type": "Point", "coordinates": [ 197146.247726686822716, 2492530.636222440749407 ] } },
{ "type": "Feature", "properties": { "osmid": 598723526, "y": 22.5072569, "x": 114.0523905, "street_count": 3, "highway": null, "ref": null }, "geometry": { "type": "Point", "coordinates": [ 196743.956736543914303, 2491962.80265331082046 ] } },
{ "type": "Feature", "properties": { "osmid": 598723530, "y": 22.507273, "x": 114.0524773, "street_count": 4, "highway": null, "ref": null }, "geometry": { "type": "Point", "coordinates": [ 196752.927665767259896, 2491964.410357777960598 ] } },
{ "type": "Feature", "properties": { "osmid": 598723535, "y": 22.5114237, "x": 114.0530083, "street_count": 4, "highway": null, "ref": null }, "geometry": { "type": "Point", "coordinates": [ 196816.656026920711156, 2492423.218847383279353 ] } },
{ "type": "Feature", "properties": { "osmid": 598723538, "y": 22.512976, "x": 114.0525577, "street_count": 4, "highway": null, "ref": null }, "geometry": { "type": "Point", "coordinates": [ 196773.660294004832394, 2492596.123764922842383 ] } },
{ "type": "Feature", "properties": { "osmid": 598723540, "y": 22.5130717, "x": 114.05253, "street_count": 3, "highway": null, "ref": null }, "geometry": { "type": "Point", "coordinates": [ 196771.017832379613537, 2492606.783278506249189 ] } },
{ "type": "Feature", "properties": { "osmid": 598723546, "y": 22.5092541, "x": 114.0552365, "street_count": 3, "highway": null, "ref": null }, "geometry": { "type": "Point", "coordinates": [ 197041.300329804420471, 2492178.314190989825875 ] } },
{ "type": "Feature", "properties": { "osmid": 598723550, "y": 22.5106563, "x": 114.0547283, "street_count": 3, "highway": null, "ref": null }, "geometry": { "type": "Point", "coordinates": [ 196992.043892728688661, 2492334.70422728266567 ] } },
{ "type": "Feature", "properties": { "osmid": 598723594, "y": 22.503915, "x": 114.0492532, "street_count": 1, "highway": null, "ref": null }, "geometry": { "type": "Point", "coordinates": [ 196413.676145858771633, 2491598.898347506765276 ] } },
{ "type": "Feature", "properties": { "osmid": 598723632, "y": 22.503682, "x": 114.0512453, "street_count": 1, "highway": null, "ref": null }, "geometry": { "type": "Point", "coordinates": [ 196618.25242217653431, 2491569.037779286969453 ] } },
{ "type": "Feature", "properties": { "osmid": 598723640, "y": 22.5082808, "x": 114.0505365, "street_count": 4, "highway": null, "ref": null }, "geometry": { "type": "Point", "coordinates": [ 196555.331112479267176, 2492080.011340330820531 ] } },
{ "type": "Feature", "properties": { "osmid": 598723667, "y": 22.51248, "x": 114.0499134, "street_count": 3, "highway": null, "ref": null }, "geometry": { "type": "Point", "coordinates": [ 196500.36512042209506, 2492546.53718540025875 ] } },
{ "type": "Feature", "properties": { "osmid": 598723670, "y": 22.510834, "x": 114.0501794, "street_count": 3, "highway": null, "ref": null }, "geometry": { "type": "Point", "coordinates": [ 196524.149823225976434, 2492363.624366595875472 ] } },
{ "type": "Feature", "properties": { "osmid": 598723680, "y": 22.5080597, "x": 114.0456365, "street_count": 4, "highway": null, "ref": null }, "geometry": { "type": "Point", "coordinates": [ 196050.410869587678462, 2492065.471890824381262 ] } },
{ "type": "Feature", "properties": { "osmid": 598723686, "y": 22.5104295, "x": 114.0457645, "street_count": 3, "highway": null, "ref": null }, "geometry": { "type": "Point", "coordinates": [ 196068.775597076921258, 2492327.779928895179182 ] } },
{ "type": "Feature", "properties": { "osmid": 598723695, "y": 22.5123111, "x": 114.0458907, "street_count": 3, "highway": null, "ref": null }, "geometry": { "type": "Point", "coordinates": [ 196085.886303225997835, 2492536.000207654666156 ] } },
{ "type": "Feature", "properties": { "osmid": 598723707, "y": 22.5104141, "x": 114.0472376, "street_count": 4, "highway": null, "ref": null }, "geometry": { "type": "Point", "coordinates": [ 196220.389708519214764, 2492323.078131568618119 ] } },
{ "type": "Feature", "properties": { "osmid": 598723714, "y": 22.5080195, "x": 114.0472685, "street_count": 4, "highway": "traffic_signals", "ref": null }, "geometry": { "type": "Point", "coordinates": [ 196218.331518324441276, 2492057.699414295144379 ] } },
{ "type": "Feature", "properties": { "osmid": 598723727, "y": 22.510693, "x": 114.0472535, "street_count": 4, "highway": null, "ref": null }, "geometry": { "type": "Point", "coordinates": [ 196222.636775166087318, 2492353.947258225642145 ] } },
{ "type": "Feature", "properties": { "osmid": 598723729, "y": 22.5122827, "x": 114.0472472, "street_count": 3, "highway": null, "ref": null }, "geometry": { "type": "Point", "coordinates": [ 196225.466711194603704, 2492530.095026948489249 ] } },
{ "type": "Feature", "properties": { "osmid": 598723737, "y": 22.5107419, "x": 114.04873, "street_count": 3, "highway": null, "ref": null }, "geometry": { "type": "Point", "coordinates": [ 196374.74110268621007, 2492356.364321136381477 ] } },
{ "type": "Feature", "properties": { "osmid": 598723741, "y": 22.5123329, "x": 114.048598, "street_count": 4, "highway": null, "ref": null }, "geometry": { "type": "Point", "coordinates": [ 196364.632193813566118, 2492532.911391926463693 ] } },
{ "type": "Feature", "properties": { "osmid": 598723745, "y": 22.5124215, "x": 114.0485906, "street_count": 3, "highway": null, "ref": null }, "geometry": { "type": "Point", "coordinates": [ 196364.064202620123979, 2492542.743090567644686 ] } },
{ "type": "Feature", "properties": { "osmid": 598723761, "y": 22.5147501, "x": 114.041039, "street_count": 4, "highway": null, "ref": null }, "geometry": { "type": "Point", "coordinates": [ 195591.784016652731225, 2492816.113350242841989 ] } },
{ "type": "Feature", "properties": { "osmid": 598723768, "y": 22.5141062, "x": 114.0447868, "street_count": 4, "highway": null, "ref": null }, "geometry": { "type": "Point", "coordinates": [ 195976.178632285562344, 2492737.139131106436253 ] } },
{ "type": "Feature", "properties": { "osmid": 598723824, "y": 22.512409, "x": 114.0445712, "street_count": 4, "highway": null, "ref": null }, "geometry": { "type": "Point", "coordinates": [ 195950.266956411243882, 2492549.531819759868085 ] } },
{ "type": "Feature", "properties": { "osmid": 598723832, "y": 22.5108313, "x": 114.0443866, "street_count": 3, "highway": null, "ref": null }, "geometry": { "type": "Point", "coordinates": [ 195927.808011329150759, 2492375.101771424990147 ] } },
{ "type": "Feature", "properties": { "osmid": 598723849, "y": 22.5081904, "x": 114.0440717, "street_count": 4, "highway": null, "ref": null }, "geometry": { "type": "Point", "coordinates": [ 195889.606365197163541, 2492083.136665252968669 ] } },
{ "type": "Feature", "properties": { "osmid": 598723852, "y": 22.5105522, "x": 114.0443518, "street_count": 3, "highway": null, "ref": null }, "geometry": { "type": "Point", "coordinates": [ 195923.614251629507635, 2492344.24892055336386 ] } },
{ "type": "Feature", "properties": { "osmid": 598723857, "y": 22.5113464, "x": 114.0415501, "street_count": 3, "highway": null, "ref": null }, "geometry": { "type": "Point", "coordinates": [ 195636.934889182215557, 2492437.94878846546635 ] } },
{ "type": "Feature", "properties": { "osmid": 598723859, "y": 22.512866, "x": 114.0418777, "street_count": 4, "highway": null, "ref": null }, "geometry": { "type": "Point", "coordinates": [ 195673.990699490881525, 2492605.650153665337712 ] } },
{ "type": "Feature", "properties": { "osmid": 598723860, "y": 22.5129557, "x": 114.0418981, "street_count": 3, "highway": null, "ref": null }, "geometry": { "type": "Point", "coordinates": [ 195676.287385027855635, 2492615.547183163929731 ] } },
{ "type": "Feature", "properties": { "osmid": 598723864, "y": 22.5094225, "x": 114.0557942, "street_count": 3, "highway": null, "ref": null }, "geometry": { "type": "Point", "coordinates": [ 197099.080113104253542, 2492195.841853440273553 ] } },
{ "type": "Feature", "properties": { "osmid": 598723865, "y": 22.5085135, "x": 114.0521986, "street_count": 4, "highway": null, "ref": null }, "geometry": { "type": "Point", "coordinates": [ 196726.945844462083187, 2492102.419856420252472 ] } },
{ "type": "Feature", "properties": { "osmid": 598723866, "y": 22.5084989, "x": 114.052116, "street_count": 4, "highway": null, "ref": null }, "geometry": { "type": "Point", "coordinates": [ 196718.410637044813484, 2492100.969847888685763 ] } },
{ "type": "Feature", "properties": { "osmid": 598723867, "y": 22.5084086, "x": 114.0424575, "street_count": 4, "highway": null, "ref": null }, "geometry": { "type": "Point", "coordinates": [ 195723.908195987343788, 2492110.598562283907086 ] } },
{ "type": "Feature", "properties": { "osmid": 598723868, "y": 22.508735, "x": 114.0409203, "street_count": 4, "highway": null, "ref": null }, "geometry": { "type": "Point", "coordinates": [ 195566.374492978851777, 2492149.893790486268699 ] } },
{ "type": "Feature", "properties": { "osmid": 598723872, "y": 22.5090693, "x": 114.039395, "street_count": 4, "highway": null, "ref": null }, "geometry": { "type": "Point", "coordinates": [ 195410.083780122397002, 2492190.041773580480367 ] } },
{ "type": "Feature", "properties": { "osmid": 598723874, "y": 22.5093841, "x": 114.0380177, "street_count": 4, "highway": null, "ref": null }, "geometry": { "type": "Point", "coordinates": [ 195268.986892632034142, 2492227.729053323157132 ] } },
{ "type": "Feature", "properties": { "osmid": 598723876, "y": 22.5098304, "x": 114.0361482, "street_count": 3, "highway": null, "ref": null }, "geometry": { "type": "Point", "coordinates": [ 195077.509371641499456, 2492280.991983020212501 ] } },
{ "type": "Feature", "properties": { "osmid": 598723885, "y": 22.5110549, "x": 114.0414653, "street_count": 3, "highway": null, "ref": null }, "geometry": { "type": "Point", "coordinates": [ 195627.566121621872298, 2492405.823903223033994 ] } },
{ "type": "Feature", "properties": { "osmid": 598723906, "y": 22.5107335, "x": 114.0428837, "street_count": 3, "highway": null, "ref": null }, "geometry": { "type": "Point", "coordinates": [ 195772.878306457831059, 2492367.324866750277579 ] } },
{ "type": "Feature", "properties": { "osmid": 598723917, "y": 22.5116649, "x": 114.0387673, "street_count": 4, "highway": null, "ref": null }, "geometry": { "type": "Point", "coordinates": [ 195351.160100118722767, 2492478.909155753906816 ] } },
{ "type": "Feature", "properties": { "osmid": 598723919, "y": 22.5124494, "x": 114.0390668, "street_count": 3, "highway": null, "ref": null }, "geometry": { "type": "Point", "coordinates": [ 195383.713316764275078, 2492565.219719074200839 ] } },
{ "type": "Feature", "properties": { "osmid": 598723922, "y": 22.5137619, "x": 114.0395347, "street_count": 3, "highway": null, "ref": null }, "geometry": { "type": "Point", "coordinates": [ 195434.760311048477888, 2492709.688463728409261 ] } },
{ "type": "Feature", "properties": { "osmid": 598723937, "y": 22.5113847, "x": 114.0400017, "street_count": 3, "highway": null, "ref": null }, "geometry": { "type": "Point", "coordinates": [ 195477.619830208772328, 2492445.347218583337963 ] } },
{ "type": "Feature", "properties": { "osmid": 598723939, "y": 22.5133361, "x": 114.0405553, "street_count": 4, "highway": null, "ref": null }, "geometry": { "type": "Point", "coordinates": [ 195538.889645422925241, 2492660.43046883167699 ] } },
{ "type": "Feature", "properties": { "osmid": 598723956, "y": 22.5124199, "x": 114.056855, "street_count": 3, "highway": null, "ref": null }, "geometry": { "type": "Point", "coordinates": [ 197214.821092499943916, 2492525.794718602206558 ] } },
{ "type": "Feature", "properties": { "osmid": 598724152, "y": 22.5111364, "x": 114.0369441, "street_count": 4, "highway": null, "ref": null }, "geometry": { "type": "Point", "coordinates": [ 195162.311517431167886, 2492424.070719490293413 ] } },
{ "type": "Feature", "properties": { "osmid": 598724172, "y": 22.5059787, "x": 114.0527668, "street_count": 4, "highway": null, "ref": null }, "geometry": { "type": "Point", "coordinates": [ 196779.904497539973818, 2491820.418178441002965 ] } },
{ "type": "Feature", "properties": { "osmid": 598724174, "y": 22.5059616, "x": 114.0526795, "street_count": 4, "highway": null, "ref": null }, "geometry": { "type": "Point", "coordinates": [ 196770.879834427149035, 2491818.700666471850127 ] } },
{ "type": "Feature", "properties": { "osmid": 598724199, "y": 22.5150717, "x": 114.0574264, "street_count": 3, "highway": null, "ref": null }, "geometry": { "type": "Point", "coordinates": [ 197279.425420058309101, 2492818.4481629463844 ] } },
{ "type": "Feature", "properties": { "osmid": 598724224, "y": 22.512636, "x": 114.0509747, "street_count": 3, "highway": null, "ref": null }, "geometry": { "type": "Point", "coordinates": [ 196609.959347243770026, 2492561.666182009503245 ] } },
{ "type": "Feature", "properties": { "osmid": 598724252, "y": 22.5111323, "x": 114.0517139, "street_count": 3, "highway": null, "ref": null }, "geometry": { "type": "Point", "coordinates": [ 196682.769240173336584, 2492393.559498129878193 ] } },
{ "type": "Feature", "properties": { "osmid": 598724289, "y": 22.5181363, "x": 114.0509652, "street_count": 4, "highway": null, "ref": null }, "geometry": { "type": "Point", "coordinates": [ 196621.003584093356039, 2493171.104334724135697 ] } },
{ "type": "Feature", "properties": { "osmid": 598724344, "y": 22.5167034, "x": 114.0506425, "street_count": 4, "highway": null, "ref": null }, "geometry": { "type": "Point", "coordinates": [ 196584.652726389991585, 2493012.998117584735155 ] } },
{ "type": "Feature", "properties": { "osmid": 649484043, "y": 22.5359359, "x": 114.0733029, "street_count": 3, "highway": null, "ref": null }, "geometry": { "type": "Point", "coordinates": [ 198959.028359489399008, 2495098.033510434441268 ] } },
{ "type": "Feature", "properties": { "osmid": 649484276, "y": 22.5341343, "x": 114.0756645, "street_count": 4, "highway": null, "ref": null }, "geometry": { "type": "Point", "coordinates": [ 199198.185404104238842, 2494893.662893146276474 ] } },
{ "type": "Feature", "properties": { "osmid": 726579157, "y": 22.5430317, "x": 114.0786624, "street_count": 3, "highway": null, "ref": null }, "geometry": { "type": "Point", "coordinates": [ 199526.027248939324636, 2495873.418655732180923 ] } },
{ "type": "Feature", "properties": { "osmid": 1114538640, "y": 22.5317041, "x": 114.0508437, "street_count": 3, "highway": null, "ref": null }, "geometry": { "type": "Point", "coordinates": [ 196638.165295974118635, 2494674.629296931438148 ] } },
{ "type": "Feature", "properties": { "osmid": 1114538642, "y": 22.5317036, "x": 114.0503526, "street_count": 3, "highway": null, "ref": null }, "geometry": { "type": "Point", "coordinates": [ 196587.615976627450436, 2494675.571887980680913 ] } },
{ "type": "Feature", "properties": { "osmid": 1114538647, "y": 22.5319339, "x": 114.0501083, "street_count": 3, "highway": null, "ref": null }, "geometry": { "type": "Point", "coordinates": [ 196562.974389063485432, 2494701.585095043294132 ] } },
{ "type": "Feature", "properties": { "osmid": 1116467141, "y": 22.5315141, "x": 114.05024, "street_count": 3, "highway": "motorway_junction", "ref": null }, "geometry": { "type": "Point", "coordinates": [ 196575.611633867025375, 2494654.804586346261203 ] } },
{ "type": "Feature", "properties": { "osmid": 1116467143, "y": 22.5316826, "x": 114.0488439, "street_count": 3, "highway": null, "ref": null }, "geometry": { "type": "Point", "coordinates": [ 196432.281563457800075, 2494676.312087146565318 ] } },
{ "type": "Feature", "properties": { "osmid": 1116467144, "y": 22.5316589, "x": 114.0477032, "street_count": 3, "highway": null, "ref": null }, "geometry": { "type": "Point", "coordinates": [ 196314.8188448183937, 2494676.006087511777878 ] } },
{ "type": "Feature", "properties": { "osmid": 1116469157, "y": 22.5357567, "x": 114.0445643, "street_count": 3, "highway": null, "ref": null }, "geometry": { "type": "Point", "coordinates": [ 196000.718450118380133, 2495136.422636000439525 ] } },
{ "type": "Feature", "properties": { "osmid": 1116469159, "y": 22.526699, "x": 114.0445787, "street_count": 1, "highway": null, "ref": null }, "geometry": { "type": "Point", "coordinates": [ 195982.346566551481374, 2494132.818276044912636 ] } },
{ "type": "Feature", "properties": { "osmid": 1116469162, "y": 22.5301519, "x": 114.0441418, "street_count": 4, "highway": null, "ref": null }, "geometry": { "type": "Point", "coordinates": [ 195944.944072618905921, 2494516.282271904405206 ] } },
{ "type": "Feature", "properties": { "osmid": 1116469170, "y": 22.5334038, "x": 114.044771, "street_count": 4, "highway": null, "ref": null }, "geometry": { "type": "Point", "coordinates": [ 196016.835415466630366, 2494875.305024397559464 ] } },
{ "type": "Feature", "properties": { "osmid": 1116469184, "y": 22.5366391, "x": 114.0476828, "street_count": 3, "highway": null, "ref": null }, "geometry": { "type": "Point", "coordinates": [ 196323.625277363113128, 2495227.842828266788274 ] } },
{ "type": "Feature", "properties": { "osmid": 1116469186, "y": 22.5274569, "x": 114.0429565, "street_count": 3, "highway": null, "ref": null }, "geometry": { "type": "Point", "coordinates": [ 195817.030954000016209, 2494220.09577827854082 ] } },
{ "type": "Feature", "properties": { "osmid": 1116469196, "y": 22.5275682, "x": 114.0451887, "street_count": 3, "highway": null, "ref": null }, "geometry": { "type": "Point", "coordinates": [ 196047.040020869171713, 2494227.882016248535365 ] } },
{ "type": "Feature", "properties": { "osmid": 1116469197, "y": 22.5331875, "x": 114.0512668, "street_count": 3, "highway": null, "ref": null }, "geometry": { "type": "Point", "coordinates": [ 196684.958683922537602, 2494838.126693678554147 ] } },
{ "type": "Feature", "properties": { "osmid": 1116469206, "y": 22.5299841, "x": 114.0421788, "street_count": 3, "highway": null, "ref": null }, "geometry": { "type": "Point", "coordinates": [ 195742.523950167407747, 2494501.689336184877902 ] } },
{ "type": "Feature", "properties": { "osmid": 1116469218, "y": 22.5276666, "x": 114.0449253, "street_count": 3, "highway": null, "ref": null }, "geometry": { "type": "Point", "coordinates": [ 196020.143355565203819, 2494239.320734217762947 ] } },
{ "type": "Feature", "properties": { "osmid": 1116469223, "y": 22.5266909, "x": 114.0448155, "street_count": 3, "highway": null, "ref": null }, "geometry": { "type": "Point", "coordinates": [ 196006.703278459783178, 2494131.438716904725879 ] } },
{ "type": "Feature", "properties": { "osmid": 1116469224, "y": 22.530079, "x": 114.0420799, "street_count": 3, "highway": null, "ref": null }, "geometry": { "type": "Point", "coordinates": [ 195732.552313837513793, 2494512.405628918670118 ] } },
{ "type": "Feature", "properties": { "osmid": 1116492705, "y": 22.5446431, "x": 114.0437843, "street_count": 3, "highway": null, "ref": null }, "geometry": { "type": "Point", "coordinates": [ 195939.927343022485729, 2496122.60804490512237 ] } },
{ "type": "Feature", "properties": { "osmid": 1116492767, "y": 22.5424493, "x": 114.0408568, "street_count": 3, "highway": null, "ref": null }, "geometry": { "type": "Point", "coordinates": [ 195633.813259202521294, 2495885.50711491284892 ] } },
{ "type": "Feature", "properties": { "osmid": 1116501199, "y": 22.5476141, "x": 114.0322088, "street_count": 3, "highway": null, "ref": null }, "geometry": { "type": "Point", "coordinates": [ 194755.123230361146852, 2496475.426656250841916 ] } },
{ "type": "Feature", "properties": { "osmid": 1116501229, "y": 22.5463909, "x": 114.029604, "street_count": 4, "highway": null, "ref": null }, "geometry": { "type": "Point", "coordinates": [ 194484.345723779581022, 2496345.22882222244516 ] } },
{ "type": "Feature", "properties": { "osmid": 1116501237, "y": 22.5422908, "x": 114.0439017, "street_count": 3, "highway": null, "ref": null }, "geometry": { "type": "Point", "coordinates": [ 195946.850110845989548, 2495861.738278204575181 ] } },
{ "type": "Feature", "properties": { "osmid": 1116501292, "y": 22.5438143, "x": 114.035565, "street_count": 4, "highway": null, "ref": null }, "geometry": { "type": "Point", "coordinates": [ 195092.176496357365977, 2496047.550536659546196 ] } },
{ "type": "Feature", "properties": { "osmid": 1116501296, "y": 22.5443836, "x": 114.0398349, "street_count": 4, "highway": null, "ref": null }, "geometry": { "type": "Point", "coordinates": [ 195532.886929656611755, 2496101.909254282247275 ] } },
{ "type": "Feature", "properties": { "osmid": 1116501304, "y": 22.544376, "x": 114.0391697, "street_count": 4, "highway": null, "ref": null }, "geometry": { "type": "Point", "coordinates": [ 195464.407934002636466, 2496102.424676639493555 ] } },
{ "type": "Feature", "properties": { "osmid": 1123341617, "y": 22.5491018, "x": 114.0774921, "street_count": 3, "highway": null, "ref": null }, "geometry": { "type": "Point", "coordinates": [ 199418.746773245977238, 2496548.317329144105315 ] } },
{ "type": "Feature", "properties": { "osmid": 1123344023, "y": 22.5491463, "x": 114.0804649, "street_count": 3, "highway": null, "ref": null }, "geometry": { "type": "Point", "coordinates": [ 199724.785248045751359, 2496547.261270551010966 ] } },
{ "type": "Feature", "properties": { "osmid": 1123344024, "y": 22.5491332, "x": 114.079427, "street_count": 3, "highway": null, "ref": null }, "geometry": { "type": "Point", "coordinates": [ 199617.942751997848973, 2496547.899222375825047 ] } },
{ "type": "Feature", "properties": { "osmid": 1123344043, "y": 22.550474, "x": 114.0793891, "street_count": 4, "highway": null, "ref": null }, "geometry": { "type": "Point", "coordinates": [ 199616.94881973444717, 2496696.530450836755335 ] } },
{ "type": "Feature", "properties": { "osmid": 1123347201, "y": 22.5470652, "x": 114.0803373, "street_count": 3, "highway": null, "ref": null }, "geometry": { "type": "Point", "coordinates": [ 199707.143988769559655, 2496316.941273885313421 ] } },
{ "type": "Feature", "properties": { "osmid": 1123394574, "y": 22.5376781, "x": 114.0738323, "street_count": 3, "highway": null, "ref": null }, "geometry": { "type": "Point", "coordinates": [ 199017.298051070014481, 2495289.994715102016926 ] } },
{ "type": "Feature", "properties": { "osmid": 1129150010, "y": 22.521136, "x": 114.0467349, "street_count": 4, "highway": null, "ref": null }, "geometry": { "type": "Point", "coordinates": [ 196192.10877637041267, 2493512.061941576190293 ] } },
{ "type": "Feature", "properties": { "osmid": 1129158411, "y": 22.5284144, "x": 114.0533998, "street_count": 4, "highway": null, "ref": null }, "geometry": { "type": "Point", "coordinates": [ 196894.071883321274072, 2494304.947524490766227 ] } },
{ "type": "Feature", "properties": { "osmid": 1441786444, "y": 22.5191016, "x": 114.0659286, "street_count": 3, "highway": null, "ref": null }, "geometry": { "type": "Point", "coordinates": [ 198163.407896650373004, 2493247.743713084142655 ] } },
{ "type": "Feature", "properties": { "osmid": 1441786487, "y": 22.5200842, "x": 114.0620457, "street_count": 3, "highway": null, "ref": null }, "geometry": { "type": "Point", "coordinates": [ 197765.853493030008394, 2493364.463739512953907 ] } },
{ "type": "Feature", "properties": { "osmid": 1441786491, "y": 22.5208704, "x": 114.0613566, "street_count": 4, "highway": null, "ref": null }, "geometry": { "type": "Point", "coordinates": [ 197696.632666640391108, 2493452.966607531066984 ] } },
{ "type": "Feature", "properties": { "osmid": 1441786493, "y": 22.5210506, "x": 114.0609904, "street_count": 4, "highway": null, "ref": null }, "geometry": { "type": "Point", "coordinates": [ 197659.330140224599745, 2493473.673395020887256 ] } },
{ "type": "Feature", "properties": { "osmid": 1441786494, "y": 22.5211156, "x": 114.06111, "street_count": 4, "highway": null, "ref": null }, "geometry": { "type": "Point", "coordinates": [ 197671.782880758692045, 2493480.633091216441244 ] } },
{ "type": "Feature", "properties": { "osmid": 1491845063, "y": 22.527334, "x": 114.0423911, "street_count": 3, "highway": null, "ref": null }, "geometry": { "type": "Point", "coordinates": [ 195758.563505351659842, 2494207.630596612580121 ] } },
{ "type": "Feature", "properties": { "osmid": 1491845065, "y": 22.527482, "x": 114.0374399, "street_count": 4, "highway": null, "ref": null }, "geometry": { "type": "Point", "coordinates": [ 195249.249072981416248, 2494234.125400881282985 ] } },
{ "type": "Feature", "properties": { "osmid": 1491845092, "y": 22.5295001, "x": 114.0383133, "street_count": 4, "highway": null, "ref": null }, "geometry": { "type": "Point", "coordinates": [ 195343.582845338038169, 2494455.945381123106927 ] } },
{ "type": "Feature", "properties": { "osmid": 1491845096, "y": 22.5297251, "x": 114.040353, "street_count": 3, "highway": null, "ref": null }, "geometry": { "type": "Point", "coordinates": [ 195554.024992594611831, 2494476.714443723205477 ] } },
{ "type": "Feature", "properties": { "osmid": 1491845101, "y": 22.5298407, "x": 114.0408829, "street_count": 4, "highway": null, "ref": null }, "geometry": { "type": "Point", "coordinates": [ 195608.821667922777124, 2494488.442300885450095 ] } },
{ "type": "Feature", "properties": { "osmid": 1491845104, "y": 22.529883, "x": 114.0323559, "street_count": 3, "highway": null, "ref": null }, "geometry": { "type": "Point", "coordinates": [ 194731.223081023083068, 2494510.538553797174245 ] } },
{ "type": "Feature", "properties": { "osmid": 1491845106, "y": 22.5298926, "x": 114.0326008, "street_count": 3, "highway": null, "ref": null }, "geometry": { "type": "Point", "coordinates": [ 194756.452042062475812, 2494511.101511534303427 ] } },
{ "type": "Feature", "properties": { "osmid": 1491845108, "y": 22.5299345, "x": 114.0334029, "street_count": 3, "highway": null, "ref": null }, "geometry": { "type": "Point", "coordinates": [ 194839.105254670372233, 2494514.104334063827991 ] } },
{ "type": "Feature", "properties": { "osmid": 1491845119, "y": 22.5299963, "x": 114.0341014, "street_count": 3, "highway": null, "ref": null }, "geometry": { "type": "Point", "coordinates": [ 194911.138501086621545, 2494519.524187894538045 ] } },
{ "type": "Feature", "properties": { "osmid": 1491845135, "y": 22.5302326, "x": 114.0321877, "street_count": 3, "highway": "motorway_junction", "ref": null }, "geometry": { "type": "Point", "coordinates": [ 194714.679554759641178, 2494549.617755865678191 ] } },
{ "type": "Feature", "properties": { "osmid": 1491845137, "y": 22.5301807, "x": 114.0359635, "street_count": 3, "highway": null, "ref": null }, "geometry": { "type": "Point", "coordinates": [ 195103.211446577624884, 2494536.151560908649117 ] } },
{ "type": "Feature", "properties": { "osmid": 1491845144, "y": 22.5302425, "x": 114.0445537, "street_count": 3, "highway": null, "ref": null }, "geometry": { "type": "Point", "coordinates": [ 195987.53958368068561, 2494525.481791340280324 ] } },
{ "type": "Feature", "properties": { "osmid": 1491845160, "y": 22.5304299, "x": 114.0314357, "street_count": 3, "highway": null, "ref": null }, "geometry": { "type": "Point", "coordinates": [ 194637.709892485872842, 2494573.016253069043159 ] } },
{ "type": "Feature", "properties": { "osmid": 1491845161, "y": 22.5304196, "x": 114.0382015, "street_count": 3, "highway": null, "ref": null }, "geometry": { "type": "Point", "coordinates": [ 195334.094910141720902, 2494558.052676824852824 ] } },
{ "type": "Feature", "properties": { "osmid": 1491845212, "y": 22.5306501, "x": 114.0419161, "street_count": 3, "highway": null, "ref": null }, "geometry": { "type": "Point", "coordinates": [ 195716.9452300358098, 2494576.016290712170303 ] } },
{ "type": "Feature", "properties": { "osmid": 1491845221, "y": 22.5307193, "x": 114.0407586, "street_count": 3, "highway": null, "ref": null }, "geometry": { "type": "Point", "coordinates": [ 195597.95566091616638, 2494586.043072906788439 ] } },
{ "type": "Feature", "properties": { "osmid": 1491845234, "y": 22.5307598, "x": 114.0418926, "street_count": 3, "highway": null, "ref": null }, "geometry": { "type": "Point", "coordinates": [ 195714.767047380912118, 2494588.218746604397893 ] } },
{ "type": "Feature", "properties": { "osmid": 1491845238, "y": 22.530837, "x": 114.041482, "street_count": 3, "highway": null, "ref": null }, "geometry": { "type": "Point", "coordinates": [ 195672.673436292272527, 2494597.60927306022495 ] } },
{ "type": "Feature", "properties": { "osmid": 1491845252, "y": 22.5308363, "x": 114.0404422, "street_count": 3, "highway": "motorway_junction", "ref": null }, "geometry": { "type": "Point", "coordinates": [ 195565.645431394281331, 2494599.651610919740051 ] } },
{ "type": "Feature", "properties": { "osmid": 1491845263, "y": 22.5308738, "x": 114.0417278, "street_count": 3, "highway": null, "ref": null }, "geometry": { "type": "Point", "coordinates": [ 195698.054326009005308, 2494601.185630191117525 ] } },
{ "type": "Feature", "properties": { "osmid": 1491845271, "y": 22.5309087, "x": 114.0420047, "street_count": 3, "highway": null, "ref": null }, "geometry": { "type": "Point", "coordinates": [ 195726.632144943752792, 2494604.488127964083105 ] } },
{ "type": "Feature", "properties": { "osmid": 1491845278, "y": 22.530972, "x": 114.0425387, "street_count": 3, "highway": null, "ref": null }, "geometry": { "type": "Point", "coordinates": [ 195781.73546035628533, 2494610.413436391856521 ] } },
{ "type": "Feature", "properties": { "osmid": 1491845290, "y": 22.5312452, "x": 114.0407654, "street_count": 4, "highway": null, "ref": null }, "geometry": { "type": "Point", "coordinates": [ 195599.809811593557242, 2494644.298017064575106 ] } },
{ "type": "Feature", "properties": { "osmid": 1491845294, "y": 22.5312316, "x": 114.0413865, "street_count": 3, "highway": null, "ref": null }, "geometry": { "type": "Point", "coordinates": [ 195663.709511387394741, 2494641.524921833071858 ] } },
{ "type": "Feature", "properties": { "osmid": 1491845309, "y": 22.531412, "x": 114.0422246, "street_count": 3, "highway": null, "ref": null }, "geometry": { "type": "Point", "coordinates": [ 195750.370479530829471, 2494659.804696542676538 ] } },
{ "type": "Feature", "properties": { "osmid": 1491845327, "y": 22.5316468, "x": 114.0380064, "street_count": 3, "highway": null, "ref": null }, "geometry": { "type": "Point", "coordinates": [ 195316.709138980484568, 2494694.42269202042371 ] } },
{ "type": "Feature", "properties": { "osmid": 1491845427, "y": 22.5346506, "x": 114.0439437, "street_count": 5, "highway": null, "ref": null }, "geometry": { "type": "Point", "coordinates": [ 195934.417142499936745, 2495015.132930137682706 ] } },
{ "type": "Feature", "properties": { "osmid": 1491845432, "y": 22.5346902, "x": 114.0447821, "street_count": 3, "highway": null, "ref": null }, "geometry": { "type": "Point", "coordinates": [ 196020.797776587423868, 2495017.812985048163682 ] } },
{ "type": "Feature", "properties": { "osmid": 1491845437, "y": 22.5347151, "x": 114.044448, "street_count": 3, "highway": null, "ref": null }, "geometry": { "type": "Point", "coordinates": [ 195986.464539184991736, 2495021.252251441590488 ] } },
{ "type": "Feature", "properties": { "osmid": 1491845491, "y": 22.537851, "x": 114.0443199, "street_count": 3, "highway": null, "ref": null }, "geometry": { "type": "Point", "coordinates": [ 195980.155425346805714, 2495368.96480963844806 ] } },
{ "type": "Feature", "properties": { "osmid": 1491845495, "y": 22.538222, "x": 114.0443868, "street_count": 3, "highway": null, "ref": null }, "geometry": { "type": "Point", "coordinates": [ 195987.854568237264175, 2495409.934628644958138 ] } },
{ "type": "Feature", "properties": { "osmid": 1491845594, "y": 22.5416862, "x": 114.0432049, "street_count": 3, "highway": "crossing", "ref": null }, "geometry": { "type": "Point", "coordinates": [ 195873.808173759724014, 2495796.169605231843889 ] } },
{ "type": "Feature", "properties": { "osmid": 1491845601, "y": 22.5420897, "x": 114.0411517, "street_count": 3, "highway": null, "ref": null }, "geometry": { "type": "Point", "coordinates": [ 195663.375214626663364, 2495845.062563851475716 ] } },
{ "type": "Feature", "properties": { "osmid": 1491845610, "y": 22.5422513, "x": 114.0418044, "street_count": 3, "highway": null, "ref": null }, "geometry": { "type": "Point", "coordinates": [ 195730.906759606325068, 2495861.636586600448936 ] } },
{ "type": "Feature", "properties": { "osmid": 1492216295, "y": 22.5111009, "x": 114.0562865, "street_count": 4, "highway": null, "ref": null }, "geometry": { "type": "Point", "coordinates": [ 197153.420938780938741, 2492380.80566697428003 ] } },
{ "type": "Feature", "properties": { "osmid": 1492216614, "y": 22.5191139, "x": 114.0706359, "street_count": 1, "highway": null, "ref": null }, "geometry": { "type": "Point", "coordinates": [ 198647.988996998756193, 2493239.602295638993382 ] } },
{ "type": "Feature", "properties": { "osmid": 1492216617, "y": 22.5182026, "x": 114.0606319, "street_count": 3, "highway": null, "ref": null }, "geometry": { "type": "Point", "coordinates": [ 197616.222041423141491, 2493158.849989008158445 ] } },
{ "type": "Feature", "properties": { "osmid": 1492216669, "y": 22.5191551, "x": 114.0707236, "street_count": 3, "highway": null, "ref": null }, "geometry": { "type": "Point", "coordinates": [ 198657.10600052162772, 2493243.990167837124318 ] } },
{ "type": "Feature", "properties": { "osmid": 1492216674, "y": 22.5191979, "x": 114.0633987, "street_count": 5, "highway": null, "ref": null }, "geometry": { "type": "Point", "coordinates": [ 197903.19711978721898, 2493263.527707547880709 ] } },
{ "type": "Feature", "properties": { "osmid": 1492216686, "y": 22.5192888, "x": 114.0704734, "street_count": 3, "highway": null, "ref": null }, "geometry": { "type": "Point", "coordinates": [ 198631.641600818373263, 2493259.308362652081996 ] } },
{ "type": "Feature", "properties": { "osmid": 1492216714, "y": 22.519419, "x": 114.0709784, "street_count": 4, "highway": null, "ref": null }, "geometry": { "type": "Point", "coordinates": [ 198683.907224620925263, 2493272.715236706193537 ] } },
{ "type": "Feature", "properties": { "osmid": 1492216750, "y": 22.5196051, "x": 114.0615625, "street_count": 3, "highway": null, "ref": null }, "geometry": { "type": "Point", "coordinates": [ 197715.070975626236759, 2493312.358844536822289 ] } },
{ "type": "Feature", "properties": { "osmid": 1492216788, "y": 22.5194607, "x": 114.0627982, "street_count": 3, "highway": null, "ref": null }, "geometry": { "type": "Point", "coordinates": [ 197841.955604374932591, 2493293.859638167079538 ] } },
{ "type": "Feature", "properties": { "osmid": 1492216900, "y": 22.5202649, "x": 114.0717822, "street_count": 3, "highway": null, "ref": null }, "geometry": { "type": "Point", "coordinates": [ 198768.483629381575156, 2493364.816343099810183 ] } },
{ "type": "Feature", "properties": { "osmid": 1492217234, "y": 22.5278983, "x": 114.0718407, "street_count": 3, "highway": null, "ref": null }, "geometry": { "type": "Point", "coordinates": [ 198791.077492084819824, 2494210.448561877943575 ] } },
{ "type": "Feature", "properties": { "osmid": 1699066586, "y": 22.5354534, "x": 114.0789703, "street_count": 3, "highway": null, "ref": null }, "geometry": { "type": "Point", "coordinates": [ 199541.29300107085146, 2495033.156009559519589 ] } },
{ "type": "Feature", "properties": { "osmid": 1699066590, "y": 22.5388523, "x": 114.0775701, "street_count": 3, "highway": null, "ref": null }, "geometry": { "type": "Point", "coordinates": [ 199404.547435006010346, 2495412.558615824673325 ] } },
{ "type": "Feature", "properties": { "osmid": 1699066608, "y": 22.5344492, "x": 114.0784074, "street_count": 3, "highway": null, "ref": null }, "geometry": { "type": "Point", "coordinates": [ 199481.180899278027937, 2494923.028129424899817 ] } },
{ "type": "Feature", "properties": { "osmid": 1722075257, "y": 22.5455919, "x": 114.0803784, "street_count": 4, "highway": null, "ref": null }, "geometry": { "type": "Point", "coordinates": [ 199708.181634020758793, 2496153.623354976531118 ] } },
{ "type": "Feature", "properties": { "osmid": 1722075265, "y": 22.5454071, "x": 114.0782891, "street_count": 4, "highway": null, "ref": null }, "geometry": { "type": "Point", "coordinates": [ 199492.757809245027602, 2496137.354590225033462 ] } },
{ "type": "Feature", "properties": { "osmid": 1722075267, "y": 22.5470397, "x": 114.0782851, "street_count": 3, "highway": null, "ref": null }, "geometry": { "type": "Point", "coordinates": [ 199495.885993979754858, 2496318.247826393693686 ] } },
{ "type": "Feature", "properties": { "osmid": 1783922441, "y": 22.5145675, "x": 114.0376851, "street_count": 3, "highway": null, "ref": null }, "geometry": { "type": "Point", "coordinates": [ 195246.126148010487668, 2492802.719230288174003 ] } },
{ "type": "Feature", "properties": { "osmid": 1783922636, "y": 22.5199146, "x": 114.0590416, "street_count": 3, "highway": null, "ref": null }, "geometry": { "type": "Point", "coordinates": [ 197456.251976774889044, 2493351.754255250561982 ] } },
{ "type": "Feature", "properties": { "osmid": 1783922639, "y": 22.5200133, "x": 114.0589882, "street_count": 4, "highway": null, "ref": null }, "geometry": { "type": "Point", "coordinates": [ 197450.970336061960552, 2493362.79806747334078 ] } },
{ "type": "Feature", "properties": { "osmid": 1783922699, "y": 22.5208733, "x": 114.0577715, "street_count": 3, "highway": null, "ref": null }, "geometry": { "type": "Point", "coordinates": [ 197327.602946435450576, 2493460.548416782170534 ] } },
{ "type": "Feature", "properties": { "osmid": 1783922701, "y": 22.5209811, "x": 114.0588986, "street_count": 3, "highway": null, "ref": null }, "geometry": { "type": "Point", "coordinates": [ 197443.857301724841818, 2493470.208774474449456 ] } },
{ "type": "Feature", "properties": { "osmid": 1783922726, "y": 22.5216309, "x": 114.0589768, "street_count": 3, "highway": null, "ref": null }, "geometry": { "type": "Point", "coordinates": [ 197453.32366903568618, 2493542.046182559337467 ] } },
{ "type": "Feature", "properties": { "osmid": 1783922762, "y": 22.5218786, "x": 114.0606957, "street_count": 3, "highway": null, "ref": null }, "geometry": { "type": "Point", "coordinates": [ 197630.799206530209631, 2493566.009677766822278 ] } },
{ "type": "Feature", "properties": { "osmid": 1783922791, "y": 22.522317, "x": 114.0583652, "street_count": 3, "highway": null, "ref": null }, "geometry": { "type": "Point", "coordinates": [ 197391.864560034417082, 2493619.302970536053181 ] } },
{ "type": "Feature", "properties": { "osmid": 1783922795, "y": 22.5223269, "x": 114.0589897, "street_count": 4, "highway": null, "ref": null }, "geometry": { "type": "Point", "coordinates": [ 197456.169075592653826, 2493619.134683887008578 ] } },
{ "type": "Feature", "properties": { "osmid": 1783922797, "y": 22.5223281, "x": 114.0594819, "street_count": 3, "highway": null, "ref": null }, "geometry": { "type": "Point", "coordinates": [ 197506.836294376582373, 2493618.27068074606359 ] } },
{ "type": "Feature", "properties": { "osmid": 1783922800, "y": 22.522378, "x": 114.0597336, "street_count": 3, "highway": null, "ref": null }, "geometry": { "type": "Point", "coordinates": [ 197532.853799946489744, 2493623.289685006719083 ] } },
{ "type": "Feature", "properties": { "osmid": 1783922804, "y": 22.5224406, "x": 114.0600497, "street_count": 1, "highway": null, "ref": null }, "geometry": { "type": "Point", "coordinates": [ 197565.527969424903858, 2493629.585441925562918 ] } },
{ "type": "Feature", "properties": { "osmid": 1783922822, "y": 22.5225958, "x": 114.0574074, "street_count": 3, "highway": null, "ref": null }, "geometry": { "type": "Point", "coordinates": [ 197293.881561414746102, 2493652.134107490535825 ] } },
{ "type": "Feature", "properties": { "osmid": 1783922835, "y": 22.5236098, "x": 114.0592848, "street_count": 3, "highway": null, "ref": null }, "geometry": { "type": "Point", "coordinates": [ 197489.342226545501035, 2493760.678243942558765 ] } },
{ "type": "Feature", "properties": { "osmid": 1783922850, "y": 22.5236687, "x": 114.0573606, "street_count": 3, "highway": null, "ref": null }, "geometry": { "type": "Point", "coordinates": [ 197291.404942055174615, 2493771.103076613508165 ] } },
{ "type": "Feature", "properties": { "osmid": 1783922854, "y": 22.5237032, "x": 114.0564348, "street_count": 3, "highway": null, "ref": null }, "geometry": { "type": "Point", "coordinates": [ 197196.183803195657674, 2493776.802383592352271 ] } },
{ "type": "Feature", "properties": { "osmid": 1783922878, "y": 22.5251719, "x": 114.05842, "street_count": 3, "highway": null, "ref": null }, "geometry": { "type": "Point", "coordinates": [ 197403.731816265906673, 2493935.506133809220046 ] } },
{ "type": "Feature", "properties": { "osmid": 1783922881, "y": 22.5251838, "x": 114.0588865, "street_count": 1, "highway": null, "ref": null }, "geometry": { "type": "Point", "coordinates": [ 197451.775970775284804, 2493935.879432038869709 ] } },
{ "type": "Feature", "properties": { "osmid": 1783922945, "y": 22.5452739, "x": 114.0627015, "street_count": 3, "highway": null, "ref": null }, "geometry": { "type": "Point", "coordinates": [ 197888.237299334316049, 2496154.073364783544093 ] } },
{ "type": "Feature", "properties": { "osmid": 1783923055, "y": 22.5461882, "x": 114.0626851, "street_count": 3, "highway": null, "ref": null }, "geometry": { "type": "Point", "coordinates": [ 197888.542443232785445, 2496255.408144437242299 ] } },
{ "type": "Feature", "properties": { "osmid": 1812925769, "y": 22.5375667, "x": 114.0640476, "street_count": 3, "highway": null, "ref": null }, "geometry": { "type": "Point", "coordinates": [ 198009.985424576792866, 2495297.415968192275614 ] } },
{ "type": "Feature", "properties": { "osmid": 1812925810, "y": 22.5386416, "x": 114.0719284, "street_count": 4, "highway": null, "ref": null }, "geometry": { "type": "Point", "coordinates": [ 198823.436513999535237, 2495400.587271160446107 ] } },
{ "type": "Feature", "properties": { "osmid": 1812925887, "y": 22.5402929, "x": 114.0776667, "street_count": 3, "highway": null, "ref": null }, "geometry": { "type": "Point", "coordinates": [ 199417.612989922054112, 2495571.976423130836338 ] } },
{ "type": "Feature", "properties": { "osmid": 1812925899, "y": 22.5381088, "x": 114.0655669, "street_count": 3, "highway": null, "ref": null }, "geometry": { "type": "Point", "coordinates": [ 198167.536883485387079, 2495354.405647855252028 ] } },
{ "type": "Feature", "properties": { "osmid": 1933843909, "y": 22.5495498, "x": 114.0623257, "street_count": 3, "highway": null, "ref": null }, "geometry": { "type": "Point", "coordinates": [ 197858.883254400396254, 2496628.590807510074228 ] } },
{ "type": "Feature", "properties": { "osmid": 1982876353, "y": 22.5342233, "x": 114.0658167, "street_count": 1, "highway": null, "ref": null }, "geometry": { "type": "Point", "coordinates": [ 198184.78985214815475, 2494923.400525328703225 ] } },
{ "type": "Feature", "properties": { "osmid": 1982876355, "y": 22.5379887, "x": 114.065618, "street_count": 3, "highway": null, "ref": null }, "geometry": { "type": "Point", "coordinates": [ 198172.534792663063854, 2495340.9956423509866 ] } },
{ "type": "Feature", "properties": { "osmid": 1982876363, "y": 22.533876, "x": 114.0658162, "street_count": 3, "highway": null, "ref": null }, "geometry": { "type": "Point", "coordinates": [ 198183.982525850995444, 2494884.921902704518288 ] } },
{ "type": "Feature", "properties": { "osmid": 1982876596, "y": 22.5415255, "x": 114.0671093, "street_count": 1, "highway": null, "ref": null }, "geometry": { "type": "Point", "coordinates": [ 198333.719599484058563, 2495729.845729074440897 ] } },
{ "type": "Feature", "properties": { "osmid": 1982876946, "y": 22.5419824, "x": 114.0609776, "street_count": 3, "highway": null, "ref": null }, "geometry": { "type": "Point", "coordinates": [ 197703.639039450092241, 2495792.876632102299482 ] } },
{ "type": "Feature", "properties": { "osmid": 1982879348, "y": 22.5374206, "x": 114.0443144, "street_count": 3, "highway": null, "ref": null }, "geometry": { "type": "Point", "coordinates": [ 195978.645586580212694, 2495321.288518221117556 ] } },
{ "type": "Feature", "properties": { "osmid": 1982884398, "y": 22.5331889, "x": 114.044611, "street_count": 3, "highway": null, "ref": null }, "geometry": { "type": "Point", "coordinates": [ 195999.895897170237731, 2494851.820347706787288 ] } },
{ "type": "Feature", "properties": { "osmid": 1982884401, "y": 22.5335706, "x": 114.0446041, "street_count": 3, "highway": null, "ref": null }, "geometry": { "type": "Point", "coordinates": [ 196000.022430539305788, 2494894.126002572011203 ] } },
{ "type": "Feature", "properties": { "osmid": 1982884408, "y": 22.5310708, "x": 114.0480712, "street_count": 3, "highway": null, "ref": null }, "geometry": { "type": "Point", "coordinates": [ 196351.409076435840689, 2494610.097408625297248 ] } },
{ "type": "Feature", "properties": { "osmid": 1982884409, "y": 22.5310677, "x": 114.0467827, "street_count": 3, "highway": null, "ref": null }, "geometry": { "type": "Point", "coordinates": [ 196218.777935243095271, 2494612.375131047330797 ] } },
{ "type": "Feature", "properties": { "osmid": 1982884413, "y": 22.5290041, "x": 114.0484733, "street_count": 3, "highway": null, "ref": null }, "geometry": { "type": "Point", "coordinates": [ 196388.273026982380543, 2494380.294023154303432 ] } },
{ "type": "Feature", "properties": { "osmid": 1982884415, "y": 22.5242652, "x": 114.0541168, "street_count": 3, "highway": null, "ref": null }, "geometry": { "type": "Point", "coordinates": [ 196958.8097747330321, 2493843.772157134022564 ] } },
{ "type": "Feature", "properties": { "osmid": 1992853839, "y": 22.5411661, "x": 114.0786972, "street_count": 3, "highway": null, "ref": null }, "geometry": { "type": "Point", "coordinates": [ 199525.565033093269449, 2495666.648121587000787 ] } },
{ "type": "Feature", "properties": { "osmid": 1992853845, "y": 22.5411258, "x": 114.0770128, "street_count": 1, "highway": null, "ref": null }, "geometry": { "type": "Point", "coordinates": [ 199352.119605169747956, 2495665.575376915745437 ] } },
{ "type": "Feature", "properties": { "osmid": 1992853849, "y": 22.5429486, "x": 114.0748689, "street_count": 3, "highway": null, "ref": null }, "geometry": { "type": "Point", "coordinates": [ 199135.425807168765459, 2495871.854849526192993 ] } },
{ "type": "Feature", "properties": { "osmid": 2042400913, "y": 22.5277304, "x": 114.0352104, "street_count": 4, "highway": "traffic_signals", "ref": null }, "geometry": { "type": "Point", "coordinates": [ 195020.306828695756849, 2494266.199799773283303 ] } },
{ "type": "Feature", "properties": { "osmid": 2042400915, "y": 22.5293775, "x": 114.0372229, "street_count": 3, "highway": null, "ref": null }, "geometry": { "type": "Point", "coordinates": [ 195231.077426966570783, 2494444.586847085040063 ] } },
{ "type": "Feature", "properties": { "osmid": 2042400917, "y": 22.5256063, "x": 114.0339349, "street_count": 3, "highway": null, "ref": null }, "geometry": { "type": "Point", "coordinates": [ 194884.344453230558429, 2494033.458046381827444 ] } },
{ "type": "Feature", "properties": { "osmid": 2042400930, "y": 22.5243101, "x": 114.0388935, "street_count": 3, "highway": null, "ref": null }, "geometry": { "type": "Point", "coordinates": [ 195391.90731443365803, 2493879.718122261576355 ] } },
{ "type": "Feature", "properties": { "osmid": 2042400935, "y": 22.5228165, "x": 114.0428103, "street_count": 3, "highway": null, "ref": null }, "geometry": { "type": "Point", "coordinates": [ 195791.807243635936175, 2493706.24628441222012 ] } },
{ "type": "Feature", "properties": { "osmid": 2042400943, "y": 22.5259103, "x": 114.0364797, "street_count": 4, "highway": null, "ref": null }, "geometry": { "type": "Point", "coordinates": [ 195146.959267472324427, 2494061.943394104484469 ] } },
{ "type": "Feature", "properties": { "osmid": 2042407636, "y": 22.5177522, "x": 114.0419238, "street_count": 3, "highway": null, "ref": null }, "geometry": { "type": "Point", "coordinates": [ 195689.449142962228507, 2493146.937573616858572 ] } },
{ "type": "Feature", "properties": { "osmid": 2042407638, "y": 22.5249511, "x": 114.0415564, "street_count": 3, "highway": null, "ref": null }, "geometry": { "type": "Point", "coordinates": [ 195667.418394863314461, 2493945.310613112058491 ] } },
{ "type": "Feature", "properties": { "osmid": 2042407645, "y": 22.5236047, "x": 114.0411903, "street_count": 4, "highway": null, "ref": null }, "geometry": { "type": "Point", "coordinates": [ 195626.780408579215873, 2493796.878088933881372 ] } },
{ "type": "Feature", "properties": { "osmid": 2042407651, "y": 22.52115, "x": 114.0417641, "street_count": 4, "highway": null, "ref": null }, "geometry": { "type": "Point", "coordinates": [ 195680.460920603654813, 2493523.732632170896977 ] } },
{ "type": "Feature", "properties": { "osmid": 2042407660, "y": 22.5210889, "x": 114.0418752, "street_count": 4, "highway": null, "ref": null }, "geometry": { "type": "Point", "coordinates": [ 195691.763228826166596, 2493516.73650567792356 ] } },
{ "type": "Feature", "properties": { "osmid": 2042407662, "y": 22.5203027, "x": 114.0433033, "street_count": 3, "highway": null, "ref": null }, "geometry": { "type": "Point", "coordinates": [ 195837.04427826119354, 2493426.71818192768842 ] } },
{ "type": "Feature", "properties": { "osmid": 2042441665, "y": 22.5261525, "x": 114.0413397, "street_count": 3, "highway": null, "ref": null }, "geometry": { "type": "Point", "coordinates": [ 195647.748225309012923, 2494078.86517083318904 ] } },
{ "type": "Feature", "properties": { "osmid": 2042441671, "y": 22.5268583, "x": 114.0347229, "street_count": 3, "highway": null, "ref": null }, "geometry": { "type": "Point", "coordinates": [ 194968.209522335790098, 2494170.568095020018518 ] } },
{ "type": "Feature", "properties": { "osmid": 2044316564, "y": 22.5395383, "x": 114.0533205, "street_count": 3, "highway": null, "ref": null }, "geometry": { "type": "Point", "coordinates": [ 196910.222919432562776, 2495537.607782874722034 ] } },
{ "type": "Feature", "properties": { "osmid": 2268752831, "y": 22.5123039, "x": 114.0541177, "street_count": 4, "highway": null, "ref": null }, "geometry": { "type": "Point", "coordinates": [ 196932.783051514823455, 2492518.491875785868615 ] } },
{ "type": "Feature", "properties": { "osmid": 2268752972, "y": 22.5129655, "x": 114.0559469, "street_count": 3, "highway": null, "ref": null }, "geometry": { "type": "Point", "coordinates": [ 197122.52934426034335, 2492588.08608067734167 ] } },
{ "type": "Feature", "properties": { "osmid": 2268753016, "y": 22.5117831, "x": 114.052904, "street_count": 3, "highway": null, "ref": null }, "geometry": { "type": "Point", "coordinates": [ 196806.703927462687716, 2492463.250998553354293 ] } },
{ "type": "Feature", "properties": { "osmid": 2268825364, "y": 22.5181799, "x": 114.0530238, "street_count": 3, "highway": null, "ref": null }, "geometry": { "type": "Point", "coordinates": [ 196833.008197471615858, 2493171.755672249011695 ] } },
{ "type": "Feature", "properties": { "osmid": 2268825369, "y": 22.5158089, "x": 114.0557055, "street_count": 3, "highway": null, "ref": null }, "geometry": { "type": "Point", "coordinates": [ 197103.883730153844226, 2492903.61575456475839 ] } },
{ "type": "Feature", "properties": { "osmid": 2268825372, "y": 22.5164378, "x": 114.053146, "street_count": 3, "highway": null, "ref": null }, "geometry": { "type": "Point", "coordinates": [ 196841.782030055182986, 2492978.487779224757105 ] } },
{ "type": "Feature", "properties": { "osmid": 2268995250, "y": 22.5299591, "x": 114.0480836, "street_count": 3, "highway": null, "ref": null }, "geometry": { "type": "Point", "coordinates": [ 196350.251582564786077, 2494486.898337983526289 ] } },
{ "type": "Feature", "properties": { "osmid": 2268995259, "y": 22.529972, "x": 114.0495375, "street_count": 3, "highway": null, "ref": null }, "geometry": { "type": "Point", "coordinates": [ 196499.92973116930807, 2494485.371464093215764 ] } },
{ "type": "Feature", "properties": { "osmid": 2268995262, "y": 22.5241764, "x": 114.0458403, "street_count": 3, "highway": null, "ref": null }, "geometry": { "type": "Point", "coordinates": [ 196106.680717945680954, 2493850.751601246651262 ] } },
{ "type": "Feature", "properties": { "osmid": 2268995266, "y": 22.5300756, "x": 114.0503923, "street_count": 3, "highway": null, "ref": null }, "geometry": { "type": "Point", "coordinates": [ 196588.140844924782868, 2494495.112739798612893 ] } },
{ "type": "Feature", "properties": { "osmid": 2268995297, "y": 22.5244719, "x": 114.0467206, "street_count": 3, "highway": null, "ref": null }, "geometry": { "type": "Point", "coordinates": [ 196197.940990449278615, 2493881.701282386668026 ] } },
{ "type": "Feature", "properties": { "osmid": 2268995301, "y": 22.5238236, "x": 114.044786, "street_count": 3, "highway": null, "ref": null }, "geometry": { "type": "Point", "coordinates": [ 195997.383812869898975, 2493813.807886412367225 ] } },
{ "type": "Feature", "properties": { "osmid": 2269569877, "y": 22.5205156, "x": 114.0379865, "street_count": 3, "highway": null, "ref": null }, "geometry": { "type": "Point", "coordinates": [ 195290.21250049729133, 2493461.143987780436873 ] } },
{ "type": "Feature", "properties": { "osmid": 2269569885, "y": 22.5201254, "x": 114.0387083, "street_count": 3, "highway": null, "ref": null }, "geometry": { "type": "Point", "coordinates": [ 195363.656333095626906, 2493416.438140670303255 ] } },
{ "type": "Feature", "properties": { "osmid": 2269570039, "y": 22.5227111, "x": 114.033229, "street_count": 3, "highway": null, "ref": null }, "geometry": { "type": "Point", "coordinates": [ 194805.314478630316444, 2493714.11604732926935 ] } },
{ "type": "Feature", "properties": { "osmid": 2269570366, "y": 22.5203556, "x": 114.034988, "street_count": 3, "highway": null, "ref": null }, "geometry": { "type": "Point", "coordinates": [ 194981.201701339450665, 2493449.536498054862022 ] } },
{ "type": "Feature", "properties": { "osmid": 2269570697, "y": 22.5218152, "x": 114.0348121, "street_count": 3, "highway": null, "ref": null }, "geometry": { "type": "Point", "coordinates": [ 194966.303504579816945, 2493611.617343948222697 ] } },
{ "type": "Feature", "properties": { "osmid": 2269570871, "y": 22.5211005, "x": 114.0347542, "street_count": 3, "highway": null, "ref": null }, "geometry": { "type": "Point", "coordinates": [ 194958.772287697240245, 2493532.547839706763625 ] } },
{ "type": "Feature", "properties": { "osmid": 2269583662, "y": 22.5191764, "x": 114.0346152, "street_count": 3, "highway": null, "ref": null }, "geometry": { "type": "Point", "coordinates": [ 194940.234150420001242, 2493319.644156779162586 ] } },
{ "type": "Feature", "properties": { "osmid": 2269583663, "y": 22.5227261, "x": 114.0361949, "street_count": 3, "highway": null, "ref": null }, "geometry": { "type": "Point", "coordinates": [ 195110.646273903315887, 2493709.720179930329323 ] } },
{ "type": "Feature", "properties": { "osmid": 2269583674, "y": 22.5186126, "x": 114.0337518, "street_count": 3, "highway": null, "ref": null }, "geometry": { "type": "Point", "coordinates": [ 194850.116909784439486, 2493258.939472182653844 ] } },
{ "type": "Feature", "properties": { "osmid": 2269583676, "y": 22.521862, "x": 114.0348802, "street_count": 3, "highway": null, "ref": null }, "geometry": { "type": "Point", "coordinates": [ 194973.416393193474505, 2493616.663634660188109 ] } },
{ "type": "Feature", "properties": { "osmid": 2269583677, "y": 22.5223839, "x": 114.0330318, "street_count": 3, "highway": null, "ref": null }, "geometry": { "type": "Point", "coordinates": [ 194784.295660725561902, 2493678.26569842454046 ] } },
{ "type": "Feature", "properties": { "osmid": 2269583678, "y": 22.5201789, "x": 114.0345796, "street_count": 3, "highway": null, "ref": null }, "geometry": { "type": "Point", "coordinates": [ 194938.773340883024503, 2493430.792453054338694 ] } },
{ "type": "Feature", "properties": { "osmid": 2319202434, "y": 22.5476634, "x": 114.0678271, "street_count": 4, "highway": null, "ref": null }, "geometry": { "type": "Point", "coordinates": [ 198420.95095751027111, 2496408.452713926322758 ] } },
{ "type": "Feature", "properties": { "osmid": 2319202440, "y": 22.5475939, "x": 114.0628251, "street_count": 4, "highway": null, "ref": null }, "geometry": { "type": "Point", "coordinates": [ 197906.014975053491071, 2496410.871833256445825 ] } },
{ "type": "Feature", "properties": { "osmid": 2319202446, "y": 22.5470516, "x": 114.0760358, "street_count": 4, "highway": null, "ref": null }, "geometry": { "type": "Point", "coordinates": [ 199264.424157667614054, 2496324.098321808967739 ] } },
{ "type": "Feature", "properties": { "osmid": 2323527344, "y": 22.5264821, "x": 114.0271351, "street_count": 3, "highway": null, "ref": null }, "geometry": { "type": "Point", "coordinates": [ 194186.341489114623982, 2494144.405593601521105 ] } },
{ "type": "Feature", "properties": { "osmid": 2323527539, "y": 22.5248887, "x": 114.029285, "street_count": 1, "highway": null, "ref": null }, "geometry": { "type": "Point", "coordinates": [ 194404.129204953962471, 2493963.457008630502969 ] } },
{ "type": "Feature", "properties": { "osmid": 2324186905, "y": 22.5417603, "x": 114.0760125, "street_count": 3, "highway": null, "ref": null }, "geometry": { "type": "Point", "coordinates": [ 199250.545398715068586, 2495737.890863094478846 ] } },
{ "type": "Feature", "properties": { "osmid": 2324186961, "y": 22.5435833, "x": 114.0760989, "street_count": 3, "highway": null, "ref": null }, "geometry": { "type": "Point", "coordinates": [ 199263.392695356742479, 2495939.697654413990676 ] } },
{ "type": "Feature", "properties": { "osmid": 2327294743, "y": 22.5504527, "x": 114.0774708, "street_count": 4, "highway": null, "ref": null }, "geometry": { "type": "Point", "coordinates": [ 199419.48502672126051, 2496698.034380810335279 ] } },
{ "type": "Feature", "properties": { "osmid": 2327294747, "y": 22.5504642, "x": 114.078502, "street_count": 4, "highway": null, "ref": null }, "geometry": { "type": "Point", "coordinates": [ 199525.633670263516251, 2496697.231151851825416 ] } },
{ "type": "Feature", "properties": { "osmid": 2367560889, "y": 22.5488522, "x": 114.0643662, "street_count": 3, "highway": null, "ref": null }, "geometry": { "type": "Point", "coordinates": [ 198067.360219099151436, 2496547.167788114398718 ] } },
{ "type": "Feature", "properties": { "osmid": 2367560891, "y": 22.5475926, "x": 114.0626598, "street_count": 4, "highway": null, "ref": null }, "geometry": { "type": "Point", "coordinates": [ 197889.000134405854624, 2496411.062508958391845 ] } },
{ "type": "Feature", "properties": { "osmid": 2367560900, "y": 22.5506234, "x": 114.064562, "street_count": 3, "highway": null, "ref": null }, "geometry": { "type": "Point", "coordinates": [ 198091.36999906017445, 2496743.014779135584831 ] } },
{ "type": "Feature", "properties": { "osmid": 2367560907, "y": 22.5500956, "x": 114.0631142, "street_count": 3, "highway": null, "ref": null }, "geometry": { "type": "Point", "coordinates": [ 197941.221101014234591, 2496687.467008677776903 ] } },
{ "type": "Feature", "properties": { "osmid": 2367560911, "y": 22.5499075, "x": 114.0645754, "street_count": 3, "highway": null, "ref": null }, "geometry": { "type": "Point", "coordinates": [ 198091.189229987212457, 2496663.668246504850686 ] } },
{ "type": "Feature", "properties": { "osmid": 2367560914, "y": 22.5450664, "x": 114.0662433, "street_count": 3, "highway": null, "ref": null }, "geometry": { "type": "Point", "coordinates": [ 198252.298984524270054, 2496123.916188080795109 ] } },
{ "type": "Feature", "properties": { "osmid": 2367560918, "y": 22.5488818, "x": 114.0652769, "street_count": 1, "highway": null, "ref": null }, "geometry": { "type": "Point", "coordinates": [ 198161.149271509435493, 2496548.604547573253512 ] } },
{ "type": "Feature", "properties": { "osmid": 2367560919, "y": 22.5493204, "x": 114.0662035, "street_count": 1, "highway": null, "ref": null }, "geometry": { "type": "Point", "coordinates": [ 198257.465168641530909, 2496595.325548688415438 ] } },
{ "type": "Feature", "properties": { "osmid": 2367560920, "y": 22.548966, "x": 114.0648236, "street_count": 1, "highway": null, "ref": null }, "geometry": { "type": "Point", "coordinates": [ 198114.681404323608149, 2496558.850826300680637 ] } },
{ "type": "Feature", "properties": { "osmid": 2367560936, "y": 22.5480579, "x": 114.0645628, "street_count": 3, "highway": null, "ref": null }, "geometry": { "type": "Point", "coordinates": [ 198085.862783341552131, 2496458.764047824312001 ] } },
{ "type": "Feature", "properties": { "osmid": 2367560939, "y": 22.5507393, "x": 114.0662829, "street_count": 3, "highway": null, "ref": null }, "geometry": { "type": "Point", "coordinates": [ 198268.726254606386647, 2496752.374330785125494 ] } },
{ "type": "Feature", "properties": { "osmid": 2367560940, "y": 22.5487432, "x": 114.0631257, "street_count": 3, "highway": null, "ref": null }, "geometry": { "type": "Point", "coordinates": [ 197939.456632932357024, 2496537.602034513372928 ] } },
{ "type": "Feature", "properties": { "osmid": 2367560943, "y": 22.5478985, "x": 114.0646022, "street_count": 3, "highway": null, "ref": null }, "geometry": { "type": "Point", "coordinates": [ 198089.570387569488958, 2496441.023314247373492 ] } },
{ "type": "Feature", "properties": { "osmid": 2367560945, "y": 22.5481882, "x": 114.0668406, "street_count": 1, "highway": null, "ref": null }, "geometry": { "type": "Point", "coordinates": [ 198320.567161360115279, 2496468.593175977468491 ] } },
{ "type": "Feature", "properties": { "osmid": 2367560947, "y": 22.5481585, "x": 114.066032, "street_count": 4, "highway": null, "ref": null }, "geometry": { "type": "Point", "coordinates": [ 198237.285204146290198, 2496466.93779562972486 ] } },
{ "type": "Feature", "properties": { "osmid": 2367574745, "y": 22.5446324, "x": 114.0713762, "street_count": 3, "highway": null, "ref": null }, "geometry": { "type": "Point", "coordinates": [ 198779.620704649947584, 2496065.459602212999016 ] } },
{ "type": "Feature", "properties": { "osmid": 2367574746, "y": 22.5457223, "x": 114.0707919, "street_count": 4, "highway": null, "ref": null }, "geometry": { "type": "Point", "coordinates": [ 198721.855075610859785, 2496187.396117671858519 ] } },
{ "type": "Feature", "properties": { "osmid": 2367574747, "y": 22.544532, "x": 114.0638455, "street_count": 1, "highway": null, "ref": null }, "geometry": { "type": "Point", "coordinates": [ 198004.358585840673186, 2496069.557388987392187 ] } },
{ "type": "Feature", "properties": { "osmid": 2367574749, "y": 22.5478833, "x": 114.0697043, "street_count": 3, "highway": null, "ref": null }, "geometry": { "type": "Point", "coordinates": [ 198614.622173975454643, 2496429.0235610823147 ] } },
{ "type": "Feature", "properties": { "osmid": 2367574751, "y": 22.5453988, "x": 114.0638471, "street_count": 3, "highway": null, "ref": null }, "geometry": { "type": "Point", "coordinates": [ 198006.411897017329466, 2496165.592795808799565 ] } },
{ "type": "Feature", "properties": { "osmid": 2367574753, "y": 22.5438011, "x": 114.0718327, "street_count": 3, "highway": null, "ref": null }, "geometry": { "type": "Point", "coordinates": [ 198824.796287484874483, 2495972.433255065698177 ] } },
{ "type": "Feature", "properties": { "osmid": 2367574754, "y": 22.5452387, "x": 114.0719619, "street_count": 3, "highway": null, "ref": null }, "geometry": { "type": "Point", "coordinates": [ 198841.216908460308332, 2496131.453111525159329 ] } },
{ "type": "Feature", "properties": { "osmid": 2367574755, "y": 22.5454003, "x": 114.0644293, "street_count": 3, "highway": null, "ref": null }, "geometry": { "type": "Point", "coordinates": [ 198066.333729963458609, 2496164.58076158631593 ] } },
{ "type": "Feature", "properties": { "osmid": 2367574768, "y": 22.5458598, "x": 114.0697532, "street_count": 4, "highway": null, "ref": null }, "geometry": { "type": "Point", "coordinates": [ 198615.254340709885582, 2496204.728306626901031 ] } },
{ "type": "Feature", "properties": { "osmid": 2367574770, "y": 22.5458558, "x": 114.0704851, "street_count": 3, "highway": null, "ref": null }, "geometry": { "type": "Point", "coordinates": [ 198690.570421430282295, 2496202.806940840091556 ] } },
{ "type": "Feature", "properties": { "osmid": 2367574772, "y": 22.5450925, "x": 114.0724374, "street_count": 3, "highway": null, "ref": null }, "geometry": { "type": "Point", "coordinates": [ 198889.836365588416811, 2496114.295073418878019 ] } },
{ "type": "Feature", "properties": { "osmid": 2367574781, "y": 22.5457826, "x": 114.0709443, "street_count": 4, "highway": null, "ref": null }, "geometry": { "type": "Point", "coordinates": [ 198737.670669313520193, 2496193.769419661723077 ] } },
{ "type": "Feature", "properties": { "osmid": 2367574785, "y": 22.5449006, "x": 114.0721145, "street_count": 3, "highway": null, "ref": null }, "geometry": { "type": "Point", "coordinates": [ 198856.18746109737549, 2496093.684928921516985 ] } },
{ "type": "Feature", "properties": { "osmid": 2367574786, "y": 22.5455946, "x": 114.0709644, "street_count": 4, "highway": null, "ref": null }, "geometry": { "type": "Point", "coordinates": [ 198739.330653311568312, 2496172.899135414045304 ] } },
{ "type": "Feature", "properties": { "osmid": 2367574790, "y": 22.5439534, "x": 114.0717412, "street_count": 3, "highway": null, "ref": null }, "geometry": { "type": "Point", "coordinates": [ 198815.710204486211296, 2495989.492196721024811 ] } },
{ "type": "Feature", "properties": { "osmid": 2367574792, "y": 22.5458343, "x": 114.0680691, "street_count": 3, "highway": null, "ref": null }, "geometry": { "type": "Point", "coordinates": [ 198441.876609121798538, 2496205.305693187285215 ] } },
{ "type": "Feature", "properties": { "osmid": 2367574793, "y": 22.5472578, "x": 114.0646082, "street_count": 3, "highway": null, "ref": null }, "geometry": { "type": "Point", "coordinates": [ 198088.792090489703696, 2496370.023695872630924 ] } },
{ "type": "Feature", "properties": { "osmid": 2367574794, "y": 22.545637, "x": 114.0717731, "street_count": 3, "highway": null, "ref": null }, "geometry": { "type": "Point", "coordinates": [ 198822.651667201716918, 2496175.964320035651326 ] } },
{ "type": "Feature", "properties": { "osmid": 2367574802, "y": 22.5449753, "x": 114.0712273, "street_count": 3, "highway": null, "ref": null }, "geometry": { "type": "Point", "coordinates": [ 198765.041518162295688, 2496103.752228894270957 ] } },
{ "type": "Feature", "properties": { "osmid": 2367574804, "y": 22.5479143, "x": 114.0723006, "street_count": 3, "highway": null, "ref": null }, "geometry": { "type": "Point", "coordinates": [ 198881.888253605226055, 2496427.215848420280963 ] } },
{ "type": "Feature", "properties": { "osmid": 2367574808, "y": 22.5458717, "x": 114.0708386, "street_count": 4, "highway": null, "ref": null }, "geometry": { "type": "Point", "coordinates": [ 198726.986047170241363, 2496203.854789080098271 ] } },
{ "type": "Feature", "properties": { "osmid": 2367574809, "y": 22.5468537, "x": 114.0662056, "street_count": 3, "highway": null, "ref": null }, "geometry": { "type": "Point", "coordinates": [ 198252.310303758189548, 2496322.019226463977247 ] } },
{ "type": "Feature", "properties": { "osmid": 2367574810, "y": 22.5468382, "x": 114.0646217, "street_count": 3, "highway": null, "ref": null }, "geometry": { "type": "Point", "coordinates": [ 198089.267366727814078, 2496323.506064887624234 ] } },
{ "type": "Feature", "properties": { "osmid": 2367574813, "y": 22.5439919, "x": 114.0644332, "street_count": 1, "highway": null, "ref": null }, "geometry": { "type": "Point", "coordinates": [ 198063.667041100503411, 2496008.526753034908324 ] } },
{ "type": "Feature", "properties": { "osmid": 2367574815, "y": 22.5449982, "x": 114.0724129, "street_count": 3, "highway": null, "ref": null }, "geometry": { "type": "Point", "coordinates": [ 198887.110028377792332, 2496103.896435199305415 ] } },
{ "type": "Feature", "properties": { "osmid": 2367574817, "y": 22.5458474, "x": 114.0726435, "street_count": 1, "highway": null, "ref": null }, "geometry": { "type": "Point", "coordinates": [ 198912.687511192518286, 2496197.519202940631658 ] } },
{ "type": "Feature", "properties": { "osmid": 2367574818, "y": 22.5466326, "x": 114.0646276, "street_count": 3, "highway": null, "ref": null }, "geometry": { "type": "Point", "coordinates": [ 198089.426684443256818, 2496300.714316685218364 ] } },
{ "type": "Feature", "properties": { "osmid": 2367574822, "y": 22.5458771, "x": 114.0710382, "street_count": 3, "highway": null, "ref": null }, "geometry": { "type": "Point", "coordinates": [ 198747.539957459375728, 2496204.050080168060958 ] } },
{ "type": "Feature", "properties": { "osmid": 2367574828, "y": 22.5453961, "x": 114.0628641, "street_count": 3, "highway": null, "ref": null }, "geometry": { "type": "Point", "coordinates": [ 197905.238064662029501, 2496167.283526305574924 ] } },
{ "type": "Feature", "properties": { "osmid": 2376737480, "y": 22.5276235, "x": 114.0619352, "street_count": 3, "highway": null, "ref": null }, "geometry": { "type": "Point", "coordinates": [ 197770.902258802379947, 2494200.016863751225173 ] } },
{ "type": "Feature", "properties": { "osmid": 2376737497, "y": 22.5268297, "x": 114.0616787, "street_count": 3, "highway": null, "ref": null }, "geometry": { "type": "Point", "coordinates": [ 197742.770914706808981, 2494112.585589717142284 ] } },
{ "type": "Feature", "properties": { "osmid": 2376751183, "y": 22.5248418, "x": 114.0611516, "street_count": 3, "highway": null, "ref": null }, "geometry": { "type": "Point", "coordinates": [ 197684.18385578377638, 2493893.399710548110306 ] } },
{ "type": "Feature", "properties": { "osmid": 2380017690, "y": 22.5260637, "x": 114.0664082, "street_count": 4, "highway": null, "ref": null }, "geometry": { "type": "Point", "coordinates": [ 198227.91836864472134, 2494018.150077196769416 ] } },
{ "type": "Feature", "properties": { "osmid": 2380017692, "y": 22.5287541, "x": 114.0658675, "street_count": 1, "highway": null, "ref": null }, "geometry": { "type": "Point", "coordinates": [ 198178.116809316852596, 2494317.329619595780969 ] } },
{ "type": "Feature", "properties": { "osmid": 2380017696, "y": 22.5287649, "x": 114.0673741, "street_count": 4, "highway": null, "ref": null }, "geometry": { "type": "Point", "coordinates": [ 198333.214219688787125, 2494315.481586150825024 ] } },
{ "type": "Feature", "properties": { "osmid": 2380017739, "y": 22.5201979, "x": 114.0621333, "street_count": 3, "highway": null, "ref": null }, "geometry": { "type": "Point", "coordinates": [ 197775.118351097742561, 2493376.884069417603314 ] } },
{ "type": "Feature", "properties": { "osmid": 2380017781, "y": 22.5261226, "x": 114.0662527, "street_count": 4, "highway": null, "ref": null }, "geometry": { "type": "Point", "coordinates": [ 198212.040609950665385, 2494024.990232174750417 ] } },
{ "type": "Feature", "properties": { "osmid": 2399021795, "y": 22.5219155, "x": 114.0313953, "street_count": 3, "highway": null, "ref": null }, "geometry": { "type": "Point", "coordinates": [ 194614.80879134364659, 2493629.71285623498261 ] } },
{ "type": "Feature", "properties": { "osmid": 2399021821, "y": 22.5217888, "x": 114.0312859, "street_count": 3, "highway": null, "ref": null }, "geometry": { "type": "Point", "coordinates": [ 194603.268605214834679, 2493615.89834007807076 ] } },
{ "type": "Feature", "properties": { "osmid": 2399021823, "y": 22.5218003, "x": 114.0314074, "street_count": 3, "highway": null, "ref": null }, "geometry": { "type": "Point", "coordinates": [ 194615.800788763386663, 2493616.924088523723185 ] } },
{ "type": "Feature", "properties": { "osmid": 2399021838, "y": 22.5219011, "x": 114.0312701, "street_count": 3, "highway": null, "ref": null }, "geometry": { "type": "Point", "coordinates": [ 194601.889367562311236, 2493628.37335894163698 ] } },
{ "type": "Feature", "properties": { "osmid": 2399038433, "y": 22.5209001, "x": 114.033401, "street_count": 4, "highway": null, "ref": null }, "geometry": { "type": "Point", "coordinates": [ 194819.036435608693864, 2493513.108128825668246 ] } },
{ "type": "Feature", "properties": { "osmid": 2399038434, "y": 22.5202741, "x": 114.03383, "street_count": 4, "highway": null, "ref": null }, "geometry": { "type": "Point", "coordinates": [ 194861.820175263041165, 2493442.871668922714889 ] } },
{ "type": "Feature", "properties": { "osmid": 2399038436, "y": 22.5221326, "x": 114.0325106, "street_count": 1, "highway": null, "ref": null }, "geometry": { "type": "Point", "coordinates": [ 194730.092171145777684, 2493651.487205617595464 ] } },
{ "type": "Feature", "properties": { "osmid": 2399038438, "y": 22.5215166, "x": 114.0329632, "street_count": 4, "highway": null, "ref": null }, "geometry": { "type": "Point", "coordinates": [ 194775.326374296681024, 2493582.310154112521559 ] } },
{ "type": "Feature", "properties": { "osmid": 2399038444, "y": 22.5209397, "x": 114.0320415, "street_count": 3, "highway": null, "ref": null }, "geometry": { "type": "Point", "coordinates": [ 194679.179628988262266, 2493520.274232555646449 ] } },
{ "type": "Feature", "properties": { "osmid": 2399038447, "y": 22.5194806, "x": 114.0362543, "street_count": 5, "highway": null, "ref": null }, "geometry": { "type": "Point", "coordinates": [ 195109.629647403606214, 2493350.002424367703497 ] } },
{ "type": "Feature", "properties": { "osmid": 2399038449, "y": 22.5217073, "x": 114.0300714, "street_count": 1, "highway": null, "ref": null }, "geometry": { "type": "Point", "coordinates": [ 194478.071833373862319, 2493609.35214754845947 ] } },
{ "type": "Feature", "properties": { "osmid": 2399038450, "y": 22.5219155, "x": 114.0302189, "street_count": 1, "highway": null, "ref": null }, "geometry": { "type": "Point", "coordinates": [ 194493.71350284764776, 2493632.118760159704834 ] } },
{ "type": "Feature", "properties": { "osmid": 2399038451, "y": 22.521349, "x": 114.0307048, "street_count": 3, "highway": null, "ref": null }, "geometry": { "type": "Point", "coordinates": [ 194542.483600251784083, 2493568.357339666225016 ] } },
{ "type": "Feature", "properties": { "osmid": 2399038454, "y": 22.5192755, "x": 114.0322017, "street_count": 3, "highway": null, "ref": null }, "geometry": { "type": "Point", "coordinates": [ 194692.0088084875606, 2493335.555450106970966 ] } },
{ "type": "Feature", "properties": { "osmid": 2399038461, "y": 22.5198892, "x": 114.0317568, "street_count": 3, "highway": null, "ref": null }, "geometry": { "type": "Point", "coordinates": [ 194647.561614997044671, 2493404.462108470033854 ] } },
{ "type": "Feature", "properties": { "osmid": 2399038469, "y": 22.5218139, "x": 114.0334386, "street_count": 3, "highway": null, "ref": null }, "geometry": { "type": "Point", "coordinates": [ 194824.916639608622063, 2493614.279146142303944 ] } },
{ "type": "Feature", "properties": { "osmid": 2399038473, "y": 22.5224001, "x": 114.0319831, "street_count": 3, "highway": null, "ref": null }, "geometry": { "type": "Point", "coordinates": [ 194676.381580831366591, 2493682.204180691856891 ] } },
{ "type": "Feature", "properties": { "osmid": 2399038474, "y": 22.5213621, "x": 114.0327162, "street_count": 4, "highway": null, "ref": null }, "geometry": { "type": "Point", "coordinates": [ 194749.560972712584771, 2493565.696543971542269 ] } },
{ "type": "Feature", "properties": { "osmid": 2399038475, "y": 22.5212044, "x": 114.033881, "street_count": 3, "highway": null, "ref": null }, "geometry": { "type": "Point", "coordinates": [ 194869.115696771768853, 2493545.843467465601861 ] } },
{ "type": "Feature", "properties": { "osmid": 2399038476, "y": 22.5197205, "x": 114.0329273, "street_count": 4, "highway": null, "ref": null }, "geometry": { "type": "Point", "coordinates": [ 194767.680153851397336, 2493383.37793930945918 ] } },
{ "type": "Feature", "properties": { "osmid": 2399038480, "y": 22.5207535, "x": 114.0331697, "street_count": 4, "highway": null, "ref": null }, "geometry": { "type": "Point", "coordinates": [ 194794.90448766638292, 2493497.33766677044332 ] } },
{ "type": "Feature", "properties": { "osmid": 2399038481, "y": 22.520135, "x": 114.0336032, "street_count": 4, "highway": null, "ref": null }, "geometry": { "type": "Point", "coordinates": [ 194838.167897059349343, 2493427.922929492779076 ] } },
{ "type": "Feature", "properties": { "osmid": 2399038483, "y": 22.5203121, "x": 114.0324678, "street_count": 4, "highway": null, "ref": null }, "geometry": { "type": "Point", "coordinates": [ 194721.681305825826712, 2493449.865547834895551 ] } },
{ "type": "Feature", "properties": { "osmid": 2399038485, "y": 22.5200912, "x": 114.0371527, "street_count": 3, "highway": null, "ref": null }, "geometry": { "type": "Point", "coordinates": [ 195203.450811689486727, 2493415.822397327050567 ] } },
{ "type": "Feature", "properties": { "osmid": 2399038487, "y": 22.5189974, "x": 114.0344281, "street_count": 3, "highway": null, "ref": null }, "geometry": { "type": "Point", "coordinates": [ 194920.580760368437041, 2493300.193336675874889 ] } },
{ "type": "Feature", "properties": { "osmid": 2399038489, "y": 22.5205618, "x": 114.0342989, "street_count": 3, "highway": null, "ref": null }, "geometry": { "type": "Point", "coordinates": [ 194910.72042352380231, 2493473.790576151572168 ] } },
{ "type": "Feature", "properties": { "osmid": 2399038492, "y": 22.5182707, "x": 114.033509, "street_count": 3, "highway": null, "ref": null }, "geometry": { "type": "Point", "coordinates": [ 194824.371373905451037, 2493221.553440616931766 ] } },
{ "type": "Feature", "properties": { "osmid": 2458982112, "y": 22.5287903, "x": 114.0513521, "street_count": 3, "highway": null, "ref": null }, "geometry": { "type": "Point", "coordinates": [ 196684.122223113954533, 2494350.75454534124583 ] } },
{ "type": "Feature", "properties": { "osmid": 2459078139, "y": 22.5193918, "x": 114.0641284, "street_count": 3, "highway": null, "ref": null }, "geometry": { "type": "Point", "coordinates": [ 197978.732249977416359, 2493283.535573332570493 ] } },
{ "type": "Feature", "properties": { "osmid": 2459078153, "y": 22.5196284, "x": 114.0638881, "street_count": 3, "highway": null, "ref": null }, "geometry": { "type": "Point", "coordinates": [ 197954.511481770838145, 2493310.235917862504721 ] } },
{ "type": "Feature", "properties": { "osmid": 2459094273, "y": 22.516211, "x": 114.0599586, "street_count": 3, "highway": null, "ref": null }, "geometry": { "type": "Point", "coordinates": [ 197542.573775062628556, 2492939.550236198119819 ] } },
{ "type": "Feature", "properties": { "osmid": 2459094324, "y": 22.5143376, "x": 114.0584527, "street_count": 3, "highway": null, "ref": null }, "geometry": { "type": "Point", "coordinates": [ 197383.472816149936989, 2492735.033014235086739 ] } },
{ "type": "Feature", "properties": { "osmid": 2488193951, "y": 22.5409664, "x": 114.0477596, "street_count": 4, "highway": null, "ref": null }, "geometry": { "type": "Point", "coordinates": [ 196341.007925436657388, 2495707.14211422437802 ] } },
{ "type": "Feature", "properties": { "osmid": 2491091193, "y": 22.5337603, "x": 114.0514029, "street_count": 3, "highway": null, "ref": null }, "geometry": { "type": "Point", "coordinates": [ 196700.219864013313781, 2494901.315002518706024 ] } },
{ "type": "Feature", "properties": { "osmid": 2491091234, "y": 22.5339888, "x": 114.0629261, "street_count": 3, "highway": null, "ref": null }, "geometry": { "type": "Point", "coordinates": [ 197886.761661288735922, 2494903.265812179539353 ] } },
{ "type": "Feature", "properties": { "osmid": 2491099012, "y": 22.5428128, "x": 114.0579697, "street_count": 3, "highway": null, "ref": null }, "geometry": { "type": "Point", "coordinates": [ 197395.87770629581064, 2495890.978827316779643 ] } },
{ "type": "Feature", "properties": { "osmid": 2491099022, "y": 22.5430394, "x": 114.0630546, "street_count": 3, "highway": null, "ref": null }, "geometry": { "type": "Point", "coordinates": [ 197919.707696774683427, 2495905.782971249893308 ] } },
{ "type": "Feature", "properties": { "osmid": 2491099046, "y": 22.5447164, "x": 114.0578807, "street_count": 3, "highway": null, "ref": null }, "geometry": { "type": "Point", "coordinates": [ 197390.873782185197342, 2496102.072827382944524 ] } },
{ "type": "Feature", "properties": { "osmid": 2491099065, "y": 22.5437485, "x": 114.0581567, "street_count": 3, "highway": null, "ref": null }, "geometry": { "type": "Point", "coordinates": [ 197417.166299052070826, 2495994.272535944357514 ] } },
{ "type": "Feature", "properties": { "osmid": 2525914418, "y": 22.5408175, "x": 114.0436118, "street_count": 3, "highway": "crossing", "ref": null }, "geometry": { "type": "Point", "coordinates": [ 195913.781404750654474, 2495699.090042304713279 ] } },
{ "type": "Feature", "properties": { "osmid": 2525914420, "y": 22.5408251, "x": 114.0451418, "street_count": 3, "highway": null, "ref": null }, "geometry": { "type": "Point", "coordinates": [ 196071.269038860395085, 2495696.815343299414963 ] } },
{ "type": "Feature", "properties": { "osmid": 2525989760, "y": 22.5416871, "x": 114.0454513, "street_count": 3, "highway": null, "ref": null }, "geometry": { "type": "Point", "coordinates": [ 196105.013139233225957, 2495791.692966145463288 ] } },
{ "type": "Feature", "properties": { "osmid": 2525989776, "y": 22.5440481, "x": 114.0450955, "street_count": 3, "highway": null, "ref": null }, "geometry": { "type": "Point", "coordinates": [ 196073.570493295090273, 2496054.011833644937724 ] } },
{ "type": "Feature", "properties": { "osmid": 2525990691, "y": 22.5423289, "x": 114.0454896, "street_count": 3, "highway": null, "ref": null }, "geometry": { "type": "Point", "coordinates": [ 196110.362028995878063, 2495862.725155742373317 ] } },
{ "type": "Feature", "properties": { "osmid": 2525990704, "y": 22.5423113, "x": 114.04484, "street_count": 3, "highway": null, "ref": null }, "geometry": { "type": "Point", "coordinates": [ 196043.465937419910915, 2495862.098125504329801 ] } },
{ "type": "Feature", "properties": { "osmid": 2526007320, "y": 22.5376463, "x": 114.0455058, "street_count": 3, "highway": null, "ref": null }, "geometry": { "type": "Point", "coordinates": [ 196101.764770582318306, 2495343.869350681547076 ] } },
{ "type": "Feature", "properties": { "osmid": 2526412027, "y": 22.5409526, "x": 114.0452137, "street_count": 3, "highway": null, "ref": null }, "geometry": { "type": "Point", "coordinates": [ 196078.948668160359375, 2495710.795667076017708 ] } },
{ "type": "Feature", "properties": { "osmid": 2526412031, "y": 22.5411145, "x": 114.046657, "street_count": 3, "highway": null, "ref": null }, "geometry": { "type": "Point", "coordinates": [ 196227.850764161848929, 2495725.795249937102199 ] } },
{ "type": "Feature", "properties": { "osmid": 2526412033, "y": 22.5409567, "x": 114.0469054, "street_count": 3, "highway": null, "ref": null }, "geometry": { "type": "Point", "coordinates": [ 196253.070786133524962, 2495707.805728245526552 ] } },
{ "type": "Feature", "properties": { "osmid": 2526412039, "y": 22.5402685, "x": 114.045546, "street_count": 3, "highway": null, "ref": null }, "geometry": { "type": "Point", "coordinates": [ 196111.650048314360902, 2495634.32203710405156 ] } },
{ "type": "Feature", "properties": { "osmid": 2526412040, "y": 22.540276, "x": 114.0464376, "street_count": 3, "highway": null, "ref": null }, "geometry": { "type": "Point", "coordinates": [ 196203.432190369116142, 2495633.337773519568145 ] } },
{ "type": "Feature", "properties": { "osmid": 2530035744, "y": 22.5417025, "x": 114.0466522, "street_count": 4, "highway": null, "ref": null }, "geometry": { "type": "Point", "coordinates": [ 196228.645250660774764, 2495790.954217779450119 ] } },
{ "type": "Feature", "properties": { "osmid": 2530205713, "y": 22.5347448, "x": 114.0445827, "street_count": 3, "highway": null, "ref": null }, "geometry": { "type": "Point", "coordinates": [ 196000.393881281721406, 2495024.268626777455211 ] } },
{ "type": "Feature", "properties": { "osmid": 2530244795, "y": 22.5500833, "x": 114.038264, "street_count": 3, "highway": null, "ref": null }, "geometry": { "type": "Point", "coordinates": [ 195383.73875405191211, 2496736.634351880289614 ] } },
{ "type": "Feature", "properties": { "osmid": 2530244798, "y": 22.5507285, "x": 114.0370634, "street_count": 4, "highway": null, "ref": null }, "geometry": { "type": "Point", "coordinates": [ 195261.597112558200024, 2496810.573799202218652 ] } },
{ "type": "Feature", "properties": { "osmid": 2530277082, "y": 22.5482959, "x": 114.0437281, "street_count": 3, "highway": null, "ref": null }, "geometry": { "type": "Point", "coordinates": [ 195942.157484099152498, 2496527.446281287353486 ] } },
{ "type": "Feature", "properties": { "osmid": 2530284924, "y": 22.5403299, "x": 114.0270741, "street_count": 3, "highway": null, "ref": null }, "geometry": { "type": "Point", "coordinates": [ 194210.599442018312402, 2495678.856599811930209 ] } },
{ "type": "Feature", "properties": { "osmid": 2530284952, "y": 22.5494559, "x": 114.0430447, "street_count": 1, "highway": null, "ref": null }, "geometry": { "type": "Point", "coordinates": [ 195874.370090490148868, 2496657.365278059151024 ] } },
{ "type": "Feature", "properties": { "osmid": 2530284953, "y": 22.542066, "x": 114.0406483, "street_count": 3, "highway": null, "ref": null }, "geometry": { "type": "Point", "coordinates": [ 195611.512496503884904, 2495843.463374861050397 ] } },
{ "type": "Feature", "properties": { "osmid": 2530284958, "y": 22.5416793, "x": 114.0351124, "street_count": 3, "highway": null, "ref": null }, "geometry": { "type": "Point", "coordinates": [ 195040.897510665992741, 2495811.920043907128274 ] } },
{ "type": "Feature", "properties": { "osmid": 2530284961, "y": 22.5489233, "x": 114.0430578, "street_count": 3, "highway": null, "ref": null }, "geometry": { "type": "Point", "coordinates": [ 195874.549368626554497, 2496598.327403882984072 ] } },
{ "type": "Feature", "properties": { "osmid": 2530284962, "y": 22.5493278, "x": 114.0424606, "street_count": 1, "highway": null, "ref": null }, "geometry": { "type": "Point", "coordinates": [ 195813.975721214490477, 2496644.362896532285959 ] } },
{ "type": "Feature", "properties": { "osmid": 2530287119, "y": 22.5257674, "x": 114.0515471, "street_count": 4, "highway": null, "ref": null }, "geometry": { "type": "Point", "coordinates": [ 196697.584446498833131, 2494015.428773721680045 ] } },
{ "type": "Feature", "properties": { "osmid": 2530287123, "y": 22.5256716, "x": 114.0443254, "street_count": 3, "highway": null, "ref": null }, "geometry": { "type": "Point", "coordinates": [ 195954.021987736981828, 2494019.500176750589162 ] } },
{ "type": "Feature", "properties": { "osmid": 2530287134, "y": 22.5259624, "x": 114.0632179, "street_count": 4, "highway": null, "ref": null }, "geometry": { "type": "Point", "coordinates": [ 197899.314312630391214, 2494013.376925060525537 ] } },
{ "type": "Feature", "properties": { "osmid": 2530287138, "y": 22.5297227, "x": 114.0448385, "street_count": 3, "highway": "motorway_junction", "ref": null }, "geometry": { "type": "Point", "coordinates": [ 196015.714848909934517, 2494467.309117944445461 ] } },
{ "type": "Feature", "properties": { "osmid": 2530742232, "y": 22.5377047, "x": 114.0640938, "street_count": 3, "highway": null, "ref": null }, "geometry": { "type": "Point", "coordinates": [ 198015.041047947073821, 2495312.612436479888856 ] } },
{ "type": "Feature", "properties": { "osmid": 2530742237, "y": 22.538737, "x": 114.0637101, "street_count": 3, "highway": null, "ref": null }, "geometry": { "type": "Point", "coordinates": [ 197977.798111712443642, 2495427.764256210997701 ] } },
{ "type": "Feature", "properties": { "osmid": 2530742241, "y": 22.5394935, "x": 114.0663006, "street_count": 1, "highway": null, "ref": null }, "geometry": { "type": "Point", "coordinates": [ 198246.065110210853163, 2495506.342077095527202 ] } },
{ "type": "Feature", "properties": { "osmid": 2530742246, "y": 22.5409106, "x": 114.0631077, "street_count": 3, "highway": null, "ref": null }, "geometry": { "type": "Point", "coordinates": [ 197920.533752382791135, 2495669.811257789377123 ] } },
{ "type": "Feature", "properties": { "osmid": 2530742259, "y": 22.5409051, "x": 114.0635708, "street_count": 3, "highway": null, "ref": null }, "geometry": { "type": "Point", "coordinates": [ 197968.184433308430016, 2495668.264565838500857 ] } },
{ "type": "Feature", "properties": { "osmid": 2530742276, "y": 22.5415243, "x": 114.0666488, "street_count": 3, "highway": null, "ref": null }, "geometry": { "type": "Point", "coordinates": [ 198286.322235752712004, 2495730.643713017459959 ] } },
{ "type": "Feature", "properties": { "osmid": 2653610227, "y": 22.5313003, "x": 114.0540394, "street_count": 3, "highway": null, "ref": null }, "geometry": { "type": "Point", "coordinates": [ 196966.211495410185307, 2494623.399260189849883 ] } },
{ "type": "Feature", "properties": { "osmid": 2653614515, "y": 22.5319709, "x": 114.0717386, "street_count": 3, "highway": null, "ref": null }, "geometry": { "type": "Point", "coordinates": [ 198789.412450174277183, 2494661.8825863301754 ] } },
{ "type": "Feature", "properties": { "osmid": 2653614528, "y": 22.5316358, "x": 114.0725166, "street_count": 3, "highway": null, "ref": null }, "geometry": { "type": "Point", "coordinates": [ 198868.762062127585523, 2494623.185389940161258 ] } },
{ "type": "Feature", "properties": { "osmid": 2653614537, "y": 22.53193, "x": 114.0759439, "street_count": 3, "highway": null, "ref": null }, "geometry": { "type": "Point", "coordinates": [ 199222.162069890007842, 2494648.872741903178394 ] } },
{ "type": "Feature", "properties": { "osmid": 2653614544, "y": 22.5320348, "x": 114.0746834, "street_count": 3, "highway": null, "ref": null }, "geometry": { "type": "Point", "coordinates": [ 199092.650222441297956, 2494663.02415471104905 ] } },
{ "type": "Feature", "properties": { "osmid": 2653614550, "y": 22.5316139, "x": 114.0715482, "street_count": 3, "highway": null, "ref": null }, "geometry": { "type": "Point", "coordinates": [ 198769.039771618961822, 2494622.712533061858267 ] } },
{ "type": "Feature", "properties": { "osmid": 2653614555, "y": 22.5319876, "x": 114.0723851, "street_count": 3, "highway": null, "ref": null }, "geometry": { "type": "Point", "coordinates": [ 198855.991000331472605, 2494662.428677481599152 ] } },
{ "type": "Feature", "properties": { "osmid": 2657406464, "y": 22.5320439, "x": 114.0751204, "street_count": 3, "highway": null, "ref": null }, "geometry": { "type": "Point", "coordinates": [ 199137.648949127120432, 2494663.151680723298341 ] } },
{ "type": "Feature", "properties": { "osmid": 2657406467, "y": 22.5358974, "x": 114.0794264, "street_count": 3, "highway": null, "ref": null }, "geometry": { "type": "Point", "coordinates": [ 199589.198488281865139, 2495081.431285880040377 ] } },
{ "type": "Feature", "properties": { "osmid": 2657406468, "y": 22.5326878, "x": 114.0774606, "street_count": 3, "highway": null, "ref": null }, "geometry": { "type": "Point", "coordinates": [ 199379.913585287344176, 2494729.778905008453876 ] } },
{ "type": "Feature", "properties": { "osmid": 2657406918, "y": 22.5316869, "x": 114.0764884, "street_count": 3, "highway": null, "ref": null }, "geometry": { "type": "Point", "coordinates": [ 199277.678575101657771, 2494620.841424752492458 ] } },
{ "type": "Feature", "properties": { "osmid": 2657406921, "y": 22.5317806, "x": 114.0756707, "street_count": 3, "highway": null, "ref": null }, "geometry": { "type": "Point", "coordinates": [ 199193.718450784857851, 2494632.870273487642407 ] } },
{ "type": "Feature", "properties": { "osmid": 2657406924, "y": 22.5316607, "x": 114.0761505, "street_count": 3, "highway": null, "ref": null }, "geometry": { "type": "Point", "coordinates": [ 199242.842758380400483, 2494618.619229143485427 ] } },
{ "type": "Feature", "properties": { "osmid": 2657406925, "y": 22.5322542, "x": 114.0776462, "street_count": 3, "highway": null, "ref": null }, "geometry": { "type": "Point", "coordinates": [ 199398.076860630244482, 2494681.364178055431694 ] } },
{ "type": "Feature", "properties": { "osmid": 2657406926, "y": 22.5316747, "x": 114.0763773, "street_count": 3, "highway": null, "ref": null }, "geometry": { "type": "Point", "coordinates": [ 199266.216942899976857, 2494619.713503650389612 ] } },
{ "type": "Feature", "properties": { "osmid": 2657830319, "y": 22.5316485, "x": 114.0731833, "street_count": 3, "highway": null, "ref": null }, "geometry": { "type": "Point", "coordinates": [ 198937.411175954795908, 2494623.247925153467804 ] } },
{ "type": "Feature", "properties": { "osmid": 2657830324, "y": 22.5343792, "x": 114.0788719, "street_count": 3, "highway": null, "ref": null }, "geometry": { "type": "Point", "coordinates": [ 199528.837752901134081, 2494914.337419571820647 ] } },
{ "type": "Feature", "properties": { "osmid": 2657830327, "y": 22.5349367, "x": 114.0790458, "street_count": 3, "highway": null, "ref": null }, "geometry": { "type": "Point", "coordinates": [ 199547.944246883387677, 2494975.755954707041383 ] } },
{ "type": "Feature", "properties": { "osmid": 2750252775, "y": 22.5454144, "x": 114.0444947, "street_count": 3, "highway": null, "ref": null }, "geometry": { "type": "Point", "coordinates": [ 196014.7329458972672, 2496206.61918755993247 ] } },
{ "type": "Feature", "properties": { "osmid": 2750252825, "y": 22.5452307, "x": 114.0447835, "street_count": 3, "highway": null, "ref": null }, "geometry": { "type": "Point", "coordinates": [ 196044.05301228776807, 2496185.677215285599232 ] } },
{ "type": "Feature", "properties": { "osmid": 2750593251, "y": 22.5421511, "x": 114.0530577, "street_count": 3, "highway": null, "ref": null }, "geometry": { "type": "Point", "coordinates": [ 196888.887814935471397, 2495827.633202918805182 ] } },
{ "type": "Feature", "properties": { "osmid": 2750593322, "y": 22.5424976, "x": 114.0570637, "street_count": 3, "highway": null, "ref": null }, "geometry": { "type": "Point", "coordinates": [ 197301.944014058448374, 2495857.893045995384455 ] } },
{ "type": "Feature", "properties": { "osmid": 2750593369, "y": 22.5422753, "x": 114.0527806, "street_count": 3, "highway": null, "ref": null }, "geometry": { "type": "Point", "coordinates": [ 196860.640110707900021, 2495841.957125289365649 ] } },
{ "type": "Feature", "properties": { "osmid": 2750593461, "y": 22.5428215, "x": 114.0570972, "street_count": 3, "highway": null, "ref": null }, "geometry": { "type": "Point", "coordinates": [ 197306.099132711533457, 2495893.712315764278173 ] } },
{ "type": "Feature", "properties": { "osmid": 2750667615, "y": 22.5393128, "x": 114.0446081, "street_count": 4, "highway": null, "ref": null }, "geometry": { "type": "Point", "coordinates": [ 196013.023392124916427, 2495530.342415149323642 ] } },
{ "type": "Feature", "properties": { "osmid": 2750667702, "y": 22.5394581, "x": 114.0446049, "street_count": 4, "highway": null, "ref": null }, "geometry": { "type": "Point", "coordinates": [ 196013.012634443060961, 2495546.447893925476819 ] } },
{ "type": "Feature", "properties": { "osmid": 2750667738, "y": 22.5391793, "x": 114.0445019, "street_count": 3, "highway": null, "ref": null }, "geometry": { "type": "Point", "coordinates": [ 196001.800204569066409, 2495515.767186473589391 ] } },
{ "type": "Feature", "properties": { "osmid": 2750670857, "y": 22.5417973, "x": 114.0490171, "street_count": 3, "highway": null, "ref": null }, "geometry": { "type": "Point", "coordinates": [ 196472.251448865456041, 2495796.645817293319851 ] } },
{ "type": "Feature", "properties": { "osmid": 2750787454, "y": 22.5468908, "x": 114.0443615, "street_count": 3, "highway": null, "ref": null }, "geometry": { "type": "Point", "coordinates": [ 196004.262633647420444, 2496370.472978509031236 ] } },
{ "type": "Feature", "properties": { "osmid": 2750787479, "y": 22.5326056, "x": 114.0439765, "street_count": 3, "highway": null, "ref": null }, "geometry": { "type": "Point", "coordinates": [ 195933.309235924796667, 2494788.484073890373111 ] } },
{ "type": "Feature", "properties": { "osmid": 2750787481, "y": 22.5361888, "x": 114.0444223, "street_count": 3, "highway": null, "ref": null }, "geometry": { "type": "Point", "coordinates": [ 195987.050344157440122, 2495184.587682622484863 ] } },
{ "type": "Feature", "properties": { "osmid": 2750787508, "y": 22.5326161, "x": 114.0447869, "street_count": 3, "highway": null, "ref": null }, "geometry": { "type": "Point", "coordinates": [ 196016.745359909022227, 2494787.997061172500253 ] } },
{ "type": "Feature", "properties": { "osmid": 2750787528, "y": 22.5476445, "x": 114.0443478, "street_count": 3, "highway": null, "ref": null }, "geometry": { "type": "Point", "coordinates": [ 196004.505980263056699, 2496454.009478884283453 ] } },
{ "type": "Feature", "properties": { "osmid": 2751394425, "y": 22.5445457, "x": 114.0603951, "street_count": 3, "highway": null, "ref": null }, "geometry": { "type": "Point", "coordinates": [ 197649.279265087388922, 2496078.062673572450876 ] } },
{ "type": "Feature", "properties": { "osmid": 2751405348, "y": 22.5396849, "x": 114.0628147, "street_count": 3, "highway": null, "ref": null }, "geometry": { "type": "Point", "coordinates": [ 197887.706869978923351, 2495534.60072456067428 ] } },
{ "type": "Feature", "properties": { "osmid": 2751405375, "y": 22.5365217, "x": 114.0589856, "street_count": 3, "highway": null, "ref": null }, "geometry": { "type": "Point", "coordinates": [ 197486.706736533320509, 2495191.883689703885466 ] } },
{ "type": "Feature", "properties": { "osmid": 2751405381, "y": 22.5365077, "x": 114.0581717, "street_count": 3, "highway": null, "ref": null }, "geometry": { "type": "Point", "coordinates": [ 197402.90595873555867, 2495191.982284053694457 ] } },
{ "type": "Feature", "properties": { "osmid": 2751405416, "y": 22.5364863, "x": 114.0567526, "street_count": 3, "highway": null, "ref": null }, "geometry": { "type": "Point", "coordinates": [ 197256.799001830630004, 2495192.488796511664987 ] } },
{ "type": "Feature", "properties": { "osmid": 2784261075, "y": 22.5307429, "x": 114.0767338, "street_count": 1, "highway": null, "ref": null }, "geometry": { "type": "Point", "coordinates": [ 199300.890229692624416, 2494515.755980222951621 ] } },
{ "type": "Feature", "properties": { "osmid": 2784308454, "y": 22.5316681, "x": 114.0749235, "street_count": 3, "highway": null, "ref": null }, "geometry": { "type": "Point", "coordinates": [ 199116.567408945295028, 2494621.911405161954463 ] } },
{ "type": "Feature", "properties": { "osmid": 2784308457, "y": 22.5259467, "x": 114.0710122, "street_count": 4, "highway": null, "ref": null }, "geometry": { "type": "Point", "coordinates": [ 198701.561310015793424, 2493995.890399576164782 ] } },
{ "type": "Feature", "properties": { "osmid": 2784308459, "y": 22.5260229, "x": 114.0710401, "street_count": 4, "highway": null, "ref": null }, "geometry": { "type": "Point", "coordinates": [ 198704.598588593362365, 2494004.276768994517624 ] } },
{ "type": "Feature", "properties": { "osmid": 2784308462, "y": 22.5306561, "x": 114.0758548, "street_count": 1, "highway": null, "ref": null }, "geometry": { "type": "Point", "coordinates": [ 199210.228622033144347, 2494507.909489273559302 ] } },
{ "type": "Feature", "properties": { "osmid": 2784308483, "y": 22.5279293, "x": 114.0717392, "street_count": 4, "highway": null, "ref": null }, "geometry": { "type": "Point", "coordinates": [ 198780.697408956824802, 2494214.087988192215562 ] } },
{ "type": "Feature", "properties": { "osmid": 2784308485, "y": 22.5287586, "x": 114.072055, "street_count": 3, "highway": null, "ref": null }, "geometry": { "type": "Point", "coordinates": [ 198815.003304004960228, 2494305.334116723388433 ] } },
{ "type": "Feature", "properties": { "osmid": 2784308486, "y": 22.5287317, "x": 114.0721461, "street_count": 4, "highway": null, "ref": null }, "geometry": { "type": "Point", "coordinates": [ 198824.321763662563171, 2494302.169947992544621 ] } },
{ "type": "Feature", "properties": { "osmid": 2784308499, "y": 22.5268554, "x": 114.0713445, "street_count": 3, "highway": null, "ref": null }, "geometry": { "type": "Point", "coordinates": [ 198737.738770527066663, 2494095.900358366779983 ] } },
{ "type": "Feature", "properties": { "osmid": 2784845946, "y": 22.5279832, "x": 114.0715574, "street_count": 4, "highway": null, "ref": null }, "geometry": { "type": "Point", "coordinates": [ 198762.101780651777517, 2494220.42664647474885 ] } },
{ "type": "Feature", "properties": { "osmid": 2784845951, "y": 22.5265794, "x": 114.0692596, "street_count": 3, "highway": null, "ref": null }, "geometry": { "type": "Point", "coordinates": [ 198522.538350204296876, 2494069.528319468256086 ] } },
{ "type": "Feature", "properties": { "osmid": 2784845970, "y": 22.5302449, "x": 114.0705085, "street_count": 4, "highway": null, "ref": null }, "geometry": { "type": "Point", "coordinates": [ 198659.051932451606262, 2494473.130717384628952 ] } },
{ "type": "Feature", "properties": { "osmid": 2784845978, "y": 22.5300311, "x": 114.07061, "street_count": 1, "highway": null, "ref": null }, "geometry": { "type": "Point", "coordinates": [ 198669.034686174592935, 2494449.23764873854816 ] } },
{ "type": "Feature", "properties": { "osmid": 2784845982, "y": 22.5273525, "x": 114.0697175, "street_count": 3, "highway": null, "ref": null }, "geometry": { "type": "Point", "coordinates": [ 198571.350353462796193, 2494154.260470189619809 ] } },
{ "type": "Feature", "properties": { "osmid": 2784845984, "y": 22.526911, "x": 114.0711665, "street_count": 3, "highway": null, "ref": null }, "geometry": { "type": "Point", "coordinates": [ 198719.537831807741895, 2494102.419739920645952 ] } },
{ "type": "Feature", "properties": { "osmid": 2784845998, "y": 22.5221643, "x": 114.064825, "street_count": 1, "highway": null, "ref": null }, "geometry": { "type": "Point", "coordinates": [ 198056.470782253483776, 2493589.310455388389528 ] } },
{ "type": "Feature", "properties": { "osmid": 2784846003, "y": 22.5303738, "x": 114.0705081, "street_count": 3, "highway": null, "ref": null }, "geometry": { "type": "Point", "coordinates": [ 198659.290804577525705, 2494487.413149463012815 ] } },
{ "type": "Feature", "properties": { "osmid": 2784846055, "y": 22.5272794, "x": 114.0695241, "street_count": 3, "highway": null, "ref": null }, "geometry": { "type": "Point", "coordinates": [ 198551.284733029373456, 2494146.551683126017451 ] } },
{ "type": "Feature", "properties": { "osmid": 2784870892, "y": 22.5385073, "x": 114.0687466, "street_count": 3, "highway": null, "ref": null }, "geometry": { "type": "Point", "coordinates": [ 198495.666855731746182, 2495392.131340783089399 ] } },
{ "type": "Feature", "properties": { "osmid": 2784870919, "y": 22.5394737, "x": 114.0679996, "street_count": 3, "highway": null, "ref": null }, "geometry": { "type": "Point", "coordinates": [ 198420.885999822698068, 2495500.714196789078414 ] } },
{ "type": "Feature", "properties": { "osmid": 2784870927, "y": 22.5385153, "x": 114.0693843, "street_count": 3, "highway": null, "ref": null }, "geometry": { "type": "Point", "coordinates": [ 198561.317802365228999, 2495391.729646550025791 ] } },
{ "type": "Feature", "properties": { "osmid": 2784870934, "y": 22.5385978, "x": 114.0706123, "street_count": 3, "highway": null, "ref": null }, "geometry": { "type": "Point", "coordinates": [ 198687.885602269030642, 2495398.390739297494292 ] } },
{ "type": "Feature", "properties": { "osmid": 2784870955, "y": 22.5387387, "x": 114.0673931, "street_count": 3, "highway": null, "ref": null }, "geometry": { "type": "Point", "coordinates": [ 198356.864873054029886, 2495420.504454686306417 ] } },
{ "type": "Feature", "properties": { "osmid": 2784870973, "y": 22.5377895, "x": 114.0680283, "street_count": 3, "highway": null, "ref": null }, "geometry": { "type": "Point", "coordinates": [ 198420.176425742858555, 2495314.052878599148244 ] } },
{ "type": "Feature", "properties": { "osmid": 2784870978, "y": 22.5387525, "x": 114.0687653, "street_count": 3, "highway": null, "ref": null }, "geometry": { "type": "Point", "coordinates": [ 198498.124720905616414, 2495419.260834108106792 ] } },
{ "type": "Feature", "properties": { "osmid": 2784871064, "y": 22.5384611, "x": 114.0674084, "street_count": 3, "highway": null, "ref": null }, "geometry": { "type": "Point", "coordinates": [ 198357.835628126980737, 2495389.716435603331774 ] } },
{ "type": "Feature", "properties": { "osmid": 2784871112, "y": 22.5395151, "x": 114.0681553, "street_count": 3, "highway": null, "ref": null }, "geometry": { "type": "Point", "coordinates": [ 198437.000952111731749, 2495504.986559237819165 ] } },
{ "type": "Feature", "properties": { "osmid": 2784871136, "y": 22.5378943, "x": 114.0681868, "street_count": 3, "highway": null, "ref": null }, "geometry": { "type": "Point", "coordinates": [ 198436.717643722309731, 2495325.344096248969436 ] } },
{ "type": "Feature", "properties": { "osmid": 2784871157, "y": 22.5219922, "x": 114.0697026, "street_count": 1, "highway": null, "ref": null }, "geometry": { "type": "Point", "coordinates": [ 198558.170649446547031, 2493560.389905134681612 ] } },
{ "type": "Feature", "properties": { "osmid": 2784878466, "y": 22.5323406, "x": 114.0765186, "street_count": 1, "highway": null, "ref": null }, "geometry": { "type": "Point", "coordinates": [ 199282.204349753097631, 2494693.20777860051021 ] } },
{ "type": "Feature", "properties": { "osmid": 2784878498, "y": 22.5332974, "x": 114.0749756, "street_count": 3, "highway": null, "ref": null }, "geometry": { "type": "Point", "coordinates": [ 199125.464570584124885, 2494802.326112262904644 ] } },
{ "type": "Feature", "properties": { "osmid": 2784878506, "y": 22.5347762, "x": 114.0729091, "street_count": 1, "highway": null, "ref": null }, "geometry": { "type": "Point", "coordinates": [ 198915.978920638968702, 2494970.337591507472098 ] } },
{ "type": "Feature", "properties": { "osmid": 2843245410, "y": 22.5167374, "x": 114.0505189, "street_count": 5, "highway": null, "ref": null }, "geometry": { "type": "Point", "coordinates": [ 196572.00370446179295, 2493017.016274427063763 ] } },
{ "type": "Feature", "properties": { "osmid": 2868134337, "y": 22.5350022, "x": 114.0500576, "street_count": 3, "highway": null, "ref": null }, "geometry": { "type": "Point", "coordinates": [ 196564.469594418944325, 2495041.648521426133811 ] } },
{ "type": "Feature", "properties": { "osmid": 2868134374, "y": 22.5327683, "x": 114.0376011, "street_count": 1, "highway": null, "ref": null }, "geometry": { "type": "Point", "coordinates": [ 195277.456024626269937, 2494819.510430092457682 ] } },
{ "type": "Feature", "properties": { "osmid": 2868296608, "y": 22.5237404, "x": 114.0456438, "street_count": 3, "highway": null, "ref": null }, "geometry": { "type": "Point", "coordinates": [ 196085.499036949127913, 2493802.843611590564251 ] } },
{ "type": "Feature", "properties": { "osmid": 2868296617, "y": 22.5228548, "x": 114.0453962, "street_count": 3, "highway": null, "ref": null }, "geometry": { "type": "Point", "coordinates": [ 196058.072367923450656, 2493705.224916665814817 ] } },
{ "type": "Feature", "properties": { "osmid": 2868296646, "y": 22.5231329, "x": 114.0448212, "street_count": 4, "highway": null, "ref": null }, "geometry": { "type": "Point", "coordinates": [ 195999.49375885311747, 2493737.208121479023248 ] } },
{ "type": "Feature", "properties": { "osmid": 2868296660, "y": 22.5241624, "x": 114.0457925, "street_count": 3, "highway": null, "ref": null }, "geometry": { "type": "Point", "coordinates": [ 196101.7297834646306, 2493849.29770087916404 ] } },
{ "type": "Feature", "properties": { "osmid": 2868303193, "y": 22.5232585, "x": 114.048521, "street_count": 3, "highway": null, "ref": null }, "geometry": { "type": "Point", "coordinates": [ 196380.608323999564163, 2493743.597949558869004 ] } },
{ "type": "Feature", "properties": { "osmid": 2868303194, "y": 22.5233256, "x": 114.0501595, "street_count": 3, "highway": null, "ref": null }, "geometry": { "type": "Point", "coordinates": [ 196549.413988790824078, 2493747.702337221242487 ] } },
{ "type": "Feature", "properties": { "osmid": 2868303197, "y": 22.5222573, "x": 114.0493914, "street_count": 1, "highway": null, "ref": null }, "geometry": { "type": "Point", "coordinates": [ 196468.012714947632048, 2493630.898167839739472 ] } },
{ "type": "Feature", "properties": { "osmid": 2868303200, "y": 22.5222691, "x": 114.0501587, "street_count": 3, "highway": null, "ref": null }, "geometry": { "type": "Point", "coordinates": [ 196547.021056746656541, 2493630.646384896710515 ] } },
{ "type": "Feature", "properties": { "osmid": 2868304402, "y": 22.5222796, "x": 114.0508398, "street_count": 1, "highway": null, "ref": null }, "geometry": { "type": "Point", "coordinates": [ 196617.153457436070312, 2493630.426067998167127 ] } },
{ "type": "Feature", "properties": { "osmid": 2880454742, "y": 22.5318811, "x": 114.0778421, "street_count": 4, "highway": null, "ref": null }, "geometry": { "type": "Point", "coordinates": [ 199417.431534203875344, 2494639.631888228002936 ] } },
{ "type": "Feature", "properties": { "osmid": 2880454744, "y": 22.5319544, "x": 114.0780207, "street_count": 3, "highway": null, "ref": null }, "geometry": { "type": "Point", "coordinates": [ 199435.973085274803452, 2494647.393640303518623 ] } },
{ "type": "Feature", "properties": { "osmid": 2880454748, "y": 22.5321478, "x": 114.0789718, "street_count": 4, "highway": null, "ref": null }, "geometry": { "type": "Point", "coordinates": [ 199534.285529735148884, 2494666.90705757914111 ] } },
{ "type": "Feature", "properties": { "osmid": 2880454750, "y": 22.5317233, "x": 114.0780297, "street_count": 3, "highway": null, "ref": null }, "geometry": { "type": "Point", "coordinates": [ 199436.398606646398548, 2494621.770647836849093 ] } },
{ "type": "Feature", "properties": { "osmid": 2880459689, "y": 22.532465, "x": 114.0800305, "street_count": 4, "highway": null, "ref": null }, "geometry": { "type": "Point", "coordinates": [ 199643.940611782192718, 2494699.921080753207207 ] } },
{ "type": "Feature", "properties": { "osmid": 2880459696, "y": 22.5326258, "x": 114.0787683, "street_count": 1, "highway": null, "ref": null }, "geometry": { "type": "Point", "coordinates": [ 199514.375644955609459, 2494720.276924763340503 ] } },
{ "type": "Feature", "properties": { "osmid": 2880459700, "y": 22.5339067, "x": 114.0813365, "street_count": 3, "highway": null, "ref": null }, "geometry": { "type": "Point", "coordinates": [ 199781.482970593206119, 2494857.027958172373474 ] } },
{ "type": "Feature", "properties": { "osmid": 2880459802, "y": 22.5322164, "x": 114.0793601, "street_count": 3, "highway": null, "ref": null }, "geometry": { "type": "Point", "coordinates": [ 199574.400440626894124, 2494673.726206749211997 ] } },
{ "type": "Feature", "properties": { "osmid": 2880459803, "y": 22.5342588, "x": 114.0802066, "street_count": 3, "highway": null, "ref": null }, "geometry": { "type": "Point", "coordinates": [ 199665.950590925349388, 2494898.311786816455424 ] } },
{ "type": "Feature", "properties": { "osmid": 2880459806, "y": 22.5326169, "x": 114.0798285, "street_count": 3, "highway": null, "ref": null }, "geometry": { "type": "Point", "coordinates": [ 199623.478530448221136, 2494717.157329577952623 ] } },
{ "type": "Feature", "properties": { "osmid": 2880459808, "y": 22.5354839, "x": 114.0794817, "street_count": 3, "highway": null, "ref": null }, "geometry": { "type": "Point", "coordinates": [ 199593.994365142716561, 2495035.506021619774401 ] } },
{ "type": "Feature", "properties": { "osmid": 2880459814, "y": 22.5322619, "x": 114.0802331, "street_count": 3, "highway": null, "ref": null }, "geometry": { "type": "Point", "coordinates": [ 199664.35362004552735, 2494677.010928294155747 ] } },
{ "type": "Feature", "properties": { "osmid": 2880459819, "y": 22.5341531, "x": 114.0787578, "street_count": 3, "highway": null, "ref": null }, "geometry": { "type": "Point", "coordinates": [ 199516.604129803366959, 2494889.516193754505366 ] } },
{ "type": "Feature", "properties": { "osmid": 3082227644, "y": 22.5346327, "x": 114.0782764, "street_count": 3, "highway": null, "ref": null }, "geometry": { "type": "Point", "coordinates": [ 199468.095436324889306, 2494943.622856115922332 ] } },
{ "type": "Feature", "properties": { "osmid": 3084586665, "y": 22.5256404, "x": 114.0717734, "street_count": 3, "highway": null, "ref": null }, "geometry": { "type": "Point", "coordinates": [ 198779.24772813526215, 2493960.417957563418895 ] } },
{ "type": "Feature", "properties": { "osmid": 3084586705, "y": 22.520847, "x": 114.070153, "street_count": 3, "highway": null, "ref": null }, "geometry": { "type": "Point", "coordinates": [ 198602.044976391538512, 2493432.597266568336636 ] } },
{ "type": "Feature", "properties": { "osmid": 3084586845, "y": 22.52601, "x": 114.0727691, "street_count": 1, "highway": null, "ref": null }, "geometry": { "type": "Point", "coordinates": [ 198882.539000339224003, 2493999.360075334552675 ] } },
{ "type": "Feature", "properties": { "osmid": 3084645101, "y": 22.5184623, "x": 114.0659735, "street_count": 1, "highway": null, "ref": null }, "geometry": { "type": "Point", "coordinates": [ 198166.639364129281603, 2493176.820872931275517 ] } },
{ "type": "Feature", "properties": { "osmid": 3084645114, "y": 22.5133605, "x": 114.0404852, "street_count": 4, "highway": null, "ref": null }, "geometry": { "type": "Point", "coordinates": [ 195531.726864816504531, 2492663.276793607510626 ] } },
{ "type": "Feature", "properties": { "osmid": 3084645119, "y": 22.5147708, "x": 114.0409636, "street_count": 4, "highway": null, "ref": null }, "geometry": { "type": "Point", "coordinates": [ 195584.067600288602989, 2492818.560504539869726 ] } },
{ "type": "Feature", "properties": { "osmid": 3085769133, "y": 22.5445772, "x": 114.0450629, "street_count": 1, "highway": null, "ref": null }, "geometry": { "type": "Point", "coordinates": [ 196071.375518638815265, 2496112.701507581397891 ] } },
{ "type": "Feature", "properties": { "osmid": 3372801276, "y": 22.5429742, "x": 114.076198, "street_count": 5, "highway": null, "ref": null }, "geometry": { "type": "Point", "coordinates": [ 199272.270424070418812, 2495872.01215975638479 ] } },
{ "type": "Feature", "properties": { "osmid": 3379374435, "y": 22.5427374, "x": 114.0750941, "street_count": 2, "highway": null, "ref": null }, "geometry": { "type": "Point", "coordinates": [ 199158.144711707951501, 2495848.000720878597349 ] } },
{ "type": "Feature", "properties": { "osmid": 3414036535, "y": 22.5132637, "x": 114.0404821, "street_count": 5, "highway": null, "ref": null }, "geometry": { "type": "Point", "coordinates": [ 195531.195426471123938, 2492652.557853973004967 ] } },
{ "type": "Feature", "properties": { "osmid": 3414036538, "y": 22.5116714, "x": 114.0400608, "street_count": 2, "highway": null, "ref": null }, "geometry": { "type": "Point", "coordinates": [ 195484.332717252254952, 2492476.992593149188906 ] } },
{ "type": "Feature", "properties": { "osmid": 3635737703, "y": 22.5142875, "x": 114.0465066, "street_count": 3, "highway": null, "ref": null }, "geometry": { "type": "Point", "coordinates": [ 196153.6151407014695, 2492753.72811531368643 ] } },
{ "type": "Feature", "properties": { "osmid": 3635737709, "y": 22.5149235, "x": 114.041403, "street_count": 1, "highway": null, "ref": null }, "geometry": { "type": "Point", "coordinates": [ 195629.63506790244719, 2492834.584108278155327 ] } },
{ "type": "Feature", "properties": { "osmid": 3653137211, "y": 22.524776, "x": 114.0415834, "street_count": 3, "highway": null, "ref": null }, "geometry": { "type": "Point", "coordinates": [ 195669.813520663185045, 2493925.854833821766078 ] } },
{ "type": "Feature", "properties": { "osmid": 3679099081, "y": 22.5283893, "x": 114.0451189, "street_count": 3, "highway": null, "ref": null }, "geometry": { "type": "Point", "coordinates": [ 196041.654598815133795, 2494319.000281123910099 ] } },
{ "type": "Feature", "properties": { "osmid": 3679099106, "y": 22.5302087, "x": 114.0449729, "street_count": 3, "highway": null, "ref": null }, "geometry": { "type": "Point", "coordinates": [ 196030.613786588946823, 2494520.883294113446027 ] } },
{ "type": "Feature", "properties": { "osmid": 3687651958, "y": 22.5482365, "x": 114.0343752, "street_count": 4, "highway": null, "ref": null }, "geometry": { "type": "Point", "coordinates": [ 194979.454470757395029, 2496539.957050624769181 ] } },
{ "type": "Feature", "properties": { "osmid": 3687652014, "y": 22.5480928, "x": 114.0344984, "street_count": 4, "highway": null, "ref": null }, "geometry": { "type": "Point", "coordinates": [ 194991.817599165893625, 2496523.783367747440934 ] } },
{ "type": "Feature", "properties": { "osmid": 3687652015, "y": 22.5482573, "x": 114.0344668, "street_count": 4, "highway": null, "ref": null }, "geometry": { "type": "Point", "coordinates": [ 194988.927480553044006, 2496542.074389844201505 ] } },
{ "type": "Feature", "properties": { "osmid": 3969348270, "y": 22.530148, "x": 114.0295559, "street_count": 3, "highway": null, "ref": null }, "geometry": { "type": "Point", "coordinates": [ 194443.599433007766493, 2494545.628000463824719 ] } },
{ "type": "Feature", "properties": { "osmid": 4127126135, "y": 22.5446323, "x": 114.0351695, "street_count": 3, "highway": null, "ref": null }, "geometry": { "type": "Point", "coordinates": [ 195053.271141902485397, 2496138.992176230531186 ] } },
{ "type": "Feature", "properties": { "osmid": 4138689909, "y": 22.5278755, "x": 114.0294787, "street_count": 3, "highway": null, "ref": null }, "geometry": { "type": "Point", "coordinates": [ 194430.646868280658964, 2494293.995157556142658 ] } },
{ "type": "Feature", "properties": { "osmid": 4146327962, "y": 22.5376869, "x": 114.0639064, "street_count": 3, "highway": null, "ref": null }, "geometry": { "type": "Point", "coordinates": [ 197995.714462897041813, 2495311.019423008430749 ] } },
{ "type": "Feature", "properties": { "osmid": 4397491510, "y": 22.5322477, "x": 114.0534594, "street_count": 3, "highway": null, "ref": null }, "geometry": { "type": "Point", "coordinates": [ 196908.583302177954465, 2494729.546061078086495 ] } },
{ "type": "Feature", "properties": { "osmid": 4397491519, "y": 22.5317751, "x": 114.0559038, "street_count": 3, "highway": null, "ref": null }, "geometry": { "type": "Point", "coordinates": [ 197159.14831224095542, 2494672.222718442324549 ] } },
{ "type": "Feature", "properties": { "osmid": 4397491532, "y": 22.5322501, "x": 114.0560628, "street_count": 3, "highway": null, "ref": null }, "geometry": { "type": "Point", "coordinates": [ 197176.55104125814978, 2494724.528864521533251 ] } },
{ "type": "Feature", "properties": { "osmid": 4397491540, "y": 22.5317341, "x": 114.0530894, "street_count": 3, "highway": null, "ref": null }, "geometry": { "type": "Point", "coordinates": [ 196869.377375167736318, 2494673.391740323510021 ] } },
{ "type": "Feature", "properties": { "osmid": 4397491547, "y": 22.531372, "x": 114.0589896, "street_count": 3, "highway": null, "ref": null }, "geometry": { "type": "Point", "coordinates": [ 197475.884508902730886, 2494621.304239042568952 ] } },
{ "type": "Feature", "properties": { "osmid": 4848290286, "y": 22.5421851, "x": 114.0524821, "street_count": 1, "highway": null, "ref": null }, "geometry": { "type": "Point", "coordinates": [ 196829.721044450823683, 2495832.569587144535035 ] } },
{ "type": "Feature", "properties": { "osmid": 4848290289, "y": 22.5414402, "x": 114.05238, "street_count": 3, "highway": null, "ref": null }, "geometry": { "type": "Point", "coordinates": [ 196817.583661780168768, 2495750.243918892927468 ] } },
{ "type": "Feature", "properties": { "osmid": 4848290296, "y": 22.5402655, "x": 114.0525079, "street_count": 3, "highway": null, "ref": null }, "geometry": { "type": "Point", "coordinates": [ 196828.178293433098588, 2495619.830218303017318 ] } },
{ "type": "Feature", "properties": { "osmid": 4848290300, "y": 22.5396721, "x": 114.0525185, "street_count": 1, "highway": null, "ref": null }, "geometry": { "type": "Point", "coordinates": [ 196827.97159405174898, 2495554.061434019822627 ] } },
{ "type": "Feature", "properties": { "osmid": 4848290306, "y": 22.5412606, "x": 114.0525239, "street_count": 3, "highway": null, "ref": null }, "geometry": { "type": "Point", "coordinates": [ 196832.001244333107024, 2495730.052339733112603 ] } },
{ "type": "Feature", "properties": { "osmid": 4848304353, "y": 22.5398214, "x": 114.0512978, "street_count": 3, "highway": null, "ref": null }, "geometry": { "type": "Point", "coordinates": [ 196702.660652153834235, 2495573.083747278433293 ] } },
{ "type": "Feature", "properties": { "osmid": 4848304358, "y": 22.5394254, "x": 114.0507725, "street_count": 3, "highway": null, "ref": null }, "geometry": { "type": "Point", "coordinates": [ 196647.728966419876087, 2495530.275512486696243 ] } },
{ "type": "Feature", "properties": { "osmid": 4848304360, "y": 22.5390852, "x": 114.0511896, "street_count": 3, "highway": null, "ref": null }, "geometry": { "type": "Point", "coordinates": [ 196689.913790005492046, 2495491.734436999540776 ] } },
{ "type": "Feature", "properties": { "osmid": 4848304365, "y": 22.5394382, "x": 114.0515618, "street_count": 3, "highway": null, "ref": null }, "geometry": { "type": "Point", "coordinates": [ 196728.993927480129059, 2495530.089623292908072 ] } },
{ "type": "Feature", "properties": { "osmid": 4981907888, "y": 22.5305043, "x": 114.0407863, "street_count": 3, "highway": null, "ref": null }, "geometry": { "type": "Point", "coordinates": [ 195600.334957037586719, 2494562.164969748817384 ] } },
{ "type": "Feature", "properties": { "osmid": 4981907891, "y": 22.5297579, "x": 114.0405247, "street_count": 3, "highway": null, "ref": null }, "geometry": { "type": "Point", "coordinates": [ 195571.770188001624774, 2494479.998524358030409 ] } },
{ "type": "Feature", "properties": { "osmid": 5070067545, "y": 22.509078, "x": 114.0750775, "street_count": 1, "highway": null, "ref": null }, "geometry": { "type": "Point", "coordinates": [ 199083.437095325672999, 2492118.714298259466887 ] } },
{ "type": "Feature", "properties": { "osmid": 5140366337, "y": 22.5443213, "x": 114.0477091, "street_count": 3, "highway": null, "ref": null }, "geometry": { "type": "Point", "coordinates": [ 196343.159858682192862, 2496078.960719100665301 ] } },
{ "type": "Feature", "properties": { "osmid": 5192594785, "y": 22.5175536, "x": 114.0601643, "street_count": 4, "highway": "motorway_junction", "ref": "2280" }, "geometry": { "type": "Point", "coordinates": [ 197566.673991317453329, 2493087.889511083718389 ] } },
{ "type": "Feature", "properties": { "osmid": 5192661986, "y": 22.5447012, "x": 114.0512186, "street_count": 3, "highway": null, "ref": null }, "geometry": { "type": "Point", "coordinates": [ 196705.186308735283092, 2496113.915025410242379 ] } },
{ "type": "Feature", "properties": { "osmid": 5192662017, "y": 22.5426756, "x": 114.0509721, "street_count": 3, "highway": null, "ref": null }, "geometry": { "type": "Point", "coordinates": [ 196675.384108275349718, 2495889.984329252969474 ] } },
{ "type": "Feature", "properties": { "osmid": 5269888287, "y": 22.5368001, "x": 114.0443184, "street_count": 3, "highway": null, "ref": null }, "geometry": { "type": "Point", "coordinates": [ 195977.696723523142282, 2495252.530164129566401 ] } },
{ "type": "Feature", "properties": { "osmid": 5269888956, "y": 22.5297164, "x": 114.0511979, "street_count": 2, "highway": null, "ref": null }, "geometry": { "type": "Point", "coordinates": [ 196670.275540778180584, 2494453.677372929174453 ] } },
{ "type": "Feature", "properties": { "osmid": 5269888957, "y": 22.5287858, "x": 114.0512348, "street_count": 4, "highway": null, "ref": null }, "geometry": { "type": "Point", "coordinates": [ 196672.038611200463492, 2494350.494247416965663 ] } },
{ "type": "Feature", "properties": { "osmid": 5269888970, "y": 22.5262261, "x": 114.0514208, "street_count": 3, "highway": null, "ref": null }, "geometry": { "type": "Point", "coordinates": [ 196685.586905676464085, 2494066.508099442813545 ] } },
{ "type": "Feature", "properties": { "osmid": 5269888994, "y": 22.5310699, "x": 114.0474345, "street_count": 3, "highway": null, "ref": null }, "geometry": { "type": "Point", "coordinates": [ 196285.872059540823102, 2494611.292786014731973 ] } },
{ "type": "Feature", "properties": { "osmid": 5269889012, "y": 22.5423974, "x": 114.0761053, "street_count": 3, "highway": null, "ref": null }, "geometry": { "type": "Point", "coordinates": [ 199261.478493174072355, 2495808.291905772406608 ] } },
{ "type": "Feature", "properties": { "osmid": 5269889123, "y": 22.5429375, "x": 114.0731301, "street_count": 3, "highway": null, "ref": null }, "geometry": { "type": "Point", "coordinates": [ 198956.446708381175995, 2495874.131753873080015 ] } },
{ "type": "Feature", "properties": { "osmid": 5271707993, "y": 22.5424104, "x": 114.0517209, "street_count": 3, "highway": null, "ref": null }, "geometry": { "type": "Point", "coordinates": [ 196751.870703298947774, 2495859.078934611286968 ] } },
{ "type": "Feature", "properties": { "osmid": 5271707996, "y": 22.5420637, "x": 114.0510064, "street_count": 3, "highway": null, "ref": null }, "geometry": { "type": "Point", "coordinates": [ 196677.575322964927182, 2495822.117523476481438 ] } },
{ "type": "Feature", "properties": { "osmid": 5271707997, "y": 22.5427207, "x": 114.0520203, "street_count": 3, "highway": null, "ref": null }, "geometry": { "type": "Point", "coordinates": [ 196783.363875498180278, 2495892.851035932544619 ] } },
{ "type": "Feature", "properties": { "osmid": 5274731030, "y": 22.5404918, "x": 114.0303567, "street_count": 4, "highway": null, "ref": null }, "geometry": { "type": "Point", "coordinates": [ 194548.813184748520143, 2495690.072536233346909 ] } },
{ "type": "Feature", "properties": { "osmid": 5374861327, "y": 22.5403307, "x": 114.0510471, "street_count": 3, "highway": null, "ref": null }, "geometry": { "type": "Point", "coordinates": [ 196677.972304713446647, 2495630.022485079243779 ] } },
{ "type": "Feature", "properties": { "osmid": 5435020958, "y": 22.5314159, "x": 114.0621666, "street_count": 3, "highway": null, "ref": null }, "geometry": { "type": "Point", "coordinates": [ 197802.982962859794497, 2494619.734069960191846 ] } },
{ "type": "Feature", "properties": { "osmid": 5435723099, "y": 22.5198459, "x": 114.0698478, "street_count": 3, "highway": null, "ref": null }, "geometry": { "type": "Point", "coordinates": [ 198568.454564385174308, 2493322.295172409154475 ] } },
{ "type": "Feature", "properties": { "osmid": 5435723358, "y": 22.514615, "x": 114.0589375, "street_count": 4, "highway": null, "ref": null }, "geometry": { "type": "Point", "coordinates": [ 197433.983252988546155, 2492764.786171978339553 ] } },
{ "type": "Feature", "properties": { "osmid": 5435723365, "y": 22.517875, "x": 114.0614946, "street_count": 3, "highway": null, "ref": null }, "geometry": { "type": "Point", "coordinates": [ 197704.313041962275747, 2493120.806928015314043 ] } },
{ "type": "Feature", "properties": { "osmid": 5435723371, "y": 22.5176481, "x": 114.0614446, "street_count": 3, "highway": null, "ref": null }, "geometry": { "type": "Point", "coordinates": [ 197698.671910305391066, 2493095.768346691969782 ] } },
{ "type": "Feature", "properties": { "osmid": 5435723374, "y": 22.5144817, "x": 114.0589308, "street_count": 3, "highway": null, "ref": null }, "geometry": { "type": "Point", "coordinates": [ 197433.002991766785271, 2492750.030525360722095 ] } },
{ "type": "Feature", "properties": { "osmid": 5435820744, "y": 22.5208036, "x": 114.0711332, "street_count": 3, "highway": null, "ref": null }, "geometry": { "type": "Point", "coordinates": [ 198702.84797075210372, 2493425.811139344703406 ] } },
{ "type": "Feature", "properties": { "osmid": 5435820782, "y": 22.5264583, "x": 114.0690299, "street_count": 3, "highway": null, "ref": null }, "geometry": { "type": "Point", "coordinates": [ 198498.631869976117741, 2494056.574653333518654 ] } },
{ "type": "Feature", "properties": { "osmid": 5435820799, "y": 22.5306939, "x": 114.0718582, "street_count": 3, "highway": null, "ref": null }, "geometry": { "type": "Point", "coordinates": [ 198798.949318083992694, 2494520.154706248547882 ] } },
{ "type": "Feature", "properties": { "osmid": 5435820809, "y": 22.5306964, "x": 114.0721484, "street_count": 3, "highway": null, "ref": null }, "geometry": { "type": "Point", "coordinates": [ 198828.824431528162677, 2494519.846281978301704 ] } },
{ "type": "Feature", "properties": { "osmid": 5435820812, "y": 22.5233385, "x": 114.0733222, "street_count": 1, "highway": null, "ref": null }, "geometry": { "type": "Point", "coordinates": [ 198933.673297518340405, 2493702.253644218668342 ] } },
{ "type": "Feature", "properties": { "osmid": 5435914326, "y": 22.5162966, "x": 114.0578774, "street_count": 3, "highway": null, "ref": null }, "geometry": { "type": "Point", "coordinates": [ 197328.522623307420872, 2492953.24951516231522 ] } },
{ "type": "Feature", "properties": { "osmid": 5435914331, "y": 22.5151372, "x": 114.0554794, "street_count": 1, "highway": null, "ref": null }, "geometry": { "type": "Point", "coordinates": [ 197079.143070778460242, 2492829.651798964012414 ] } },
{ "type": "Feature", "properties": { "osmid": 5435914335, "y": 22.5140483, "x": 114.0527928, "street_count": 3, "highway": null, "ref": null }, "geometry": { "type": "Point", "coordinates": [ 196800.204166847805027, 2492714.454533281270415 ] } },
{ "type": "Feature", "properties": { "osmid": 5435914337, "y": 22.51595, "x": 114.0573424, "street_count": 3, "highway": null, "ref": null }, "geometry": { "type": "Point", "coordinates": [ 197272.693990867759567, 2492915.931319806724787 ] } },
{ "type": "Feature", "properties": { "osmid": 5435914340, "y": 22.5155164, "x": 114.0563048, "street_count": 1, "highway": null, "ref": null }, "geometry": { "type": "Point", "coordinates": [ 197164.93753095890861, 2492869.992674347013235 ] } },
{ "type": "Feature", "properties": { "osmid": 5435914354, "y": 22.5187163, "x": 114.0626324, "street_count": 4, "highway": null, "ref": null }, "geometry": { "type": "Point", "coordinates": [ 197823.267814115970396, 2493211.718048341106623 ] } },
{ "type": "Feature", "properties": { "osmid": 5435914359, "y": 22.5188032, "x": 114.0626165, "street_count": 4, "highway": null, "ref": null }, "geometry": { "type": "Point", "coordinates": [ 197821.820322614570614, 2493221.378437010571361 ] } },
{ "type": "Feature", "properties": { "osmid": 5435914370, "y": 22.5191792, "x": 114.0658915, "street_count": 3, "highway": null, "ref": null }, "geometry": { "type": "Point", "coordinates": [ 198159.75771374325268, 2493256.416478437837213 ] } },
{ "type": "Feature", "properties": { "osmid": 5435914382, "y": 22.5205307, "x": 114.0672823, "street_count": 3, "highway": null, "ref": null }, "geometry": { "type": "Point", "coordinates": [ 198305.860456190654077, 2493403.347936591599137 ] } },
{ "type": "Feature", "properties": { "osmid": 5435914387, "y": 22.5202333, "x": 114.0657843, "street_count": 3, "highway": null, "ref": null }, "geometry": { "type": "Point", "coordinates": [ 198151.015658150718082, 2493373.423568041063845 ] } },
{ "type": "Feature", "properties": { "osmid": 5435914390, "y": 22.518965, "x": 114.0638612, "street_count": 3, "highway": null, "ref": null }, "geometry": { "type": "Point", "coordinates": [ 197950.298594541847706, 2493236.787905292119831 ] } },
{ "type": "Feature", "properties": { "osmid": 5435914393, "y": 22.5193214, "x": 114.06737, "street_count": 4, "highway": null, "ref": null }, "geometry": { "type": "Point", "coordinates": [ 198312.258971193397883, 2493269.184866863768548 ] } },
{ "type": "Feature", "properties": { "osmid": 5435914402, "y": 22.5191388, "x": 114.0638268, "street_count": 3, "highway": null, "ref": null }, "geometry": { "type": "Point", "coordinates": [ 197947.135831433115527, 2493256.113899509422481 ] } },
{ "type": "Feature", "properties": { "osmid": 5435914417, "y": 22.5191203, "x": 114.0633141, "street_count": 3, "highway": null, "ref": null }, "geometry": { "type": "Point", "coordinates": [ 197894.31971840915503, 2493255.100994221866131 ] } },
{ "type": "Feature", "properties": { "osmid": 5435914522, "y": 22.5193089, "x": 114.0635224, "street_count": 3, "highway": null, "ref": null }, "geometry": { "type": "Point", "coordinates": [ 197916.172050985333044, 2493275.57595537090674 ] } },
{ "type": "Feature", "properties": { "osmid": 5619242023, "y": 22.549067, "x": 114.0761692, "street_count": 5, "highway": null, "ref": null }, "geometry": { "type": "Point", "coordinates": [ 199282.526446446077898, 2496547.127580963540822 ] } },
{ "type": "Feature", "properties": { "osmid": 5624710429, "y": 22.5262154, "x": 114.0595358, "street_count": 3, "highway": null, "ref": null }, "geometry": { "type": "Point", "coordinates": [ 197520.859485911147203, 2494048.86218782234937 ] } },
{ "type": "Feature", "properties": { "osmid": 5827543926, "y": 22.5435396, "x": 114.0762688, "street_count": 3, "highway": null, "ref": null }, "geometry": { "type": "Point", "coordinates": [ 199280.783667138835881, 2495934.513475854415447 ] } },
{ "type": "Feature", "properties": { "osmid": 5827543955, "y": 22.5473678, "x": 114.0760301, "street_count": 3, "highway": null, "ref": null }, "geometry": { "type": "Point", "coordinates": [ 199264.5236930361134, 2496359.143487806431949 ] } },
{ "type": "Feature", "properties": { "osmid": 5827543963, "y": 22.5471377, "x": 114.0756949, "street_count": 3, "highway": null, "ref": null }, "geometry": { "type": "Point", "coordinates": [ 199229.527122006809805, 2496334.325025710277259 ] } },
{ "type": "Feature", "properties": { "osmid": 5827543980, "y": 22.5399609, "x": 114.0750004, "street_count": 3, "highway": null, "ref": null }, "geometry": { "type": "Point", "coordinates": [ 199142.475580361613538, 2495540.564653997309506 ] } },
{ "type": "Feature", "properties": { "osmid": 5827544489, "y": 22.5453713, "x": 114.0774657, "street_count": 4, "highway": null, "ref": null }, "geometry": { "type": "Point", "coordinates": [ 199407.938646153663285, 2496135.046632519457489 ] } },
{ "type": "Feature", "properties": { "osmid": 5827544491, "y": 22.5437656, "x": 114.0778635, "street_count": 3, "highway": null, "ref": null }, "geometry": { "type": "Point", "coordinates": [ 199445.397095300722867, 2495956.340512245893478 ] } },
{ "type": "Feature", "properties": { "osmid": 5827544497, "y": 22.5447102, "x": 114.0782917, "street_count": 3, "highway": null, "ref": null }, "geometry": { "type": "Point", "coordinates": [ 199491.514430958370212, 2496060.135787743609399 ] } },
{ "type": "Feature", "properties": { "osmid": 5827544502, "y": 22.5463987, "x": 114.0774276, "street_count": 3, "highway": null, "ref": null }, "geometry": { "type": "Point", "coordinates": [ 199406.245785002654884, 2496248.955022895243019 ] } },
{ "type": "Feature", "properties": { "osmid": 5827544503, "y": 22.5463917, "x": 114.0764039, "street_count": 3, "highway": null, "ref": null }, "geometry": { "type": "Point", "coordinates": [ 199300.87557476607617, 2496250.242190619930625 ] } },
{ "type": "Feature", "properties": { "osmid": 5827544504, "y": 22.5464053, "x": 114.0782859, "street_count": 4, "highway": null, "ref": null }, "geometry": { "type": "Point", "coordinates": [ 199494.592773106880486, 2496247.957373042590916 ] } },
{ "type": "Feature", "properties": { "osmid": 5827544505, "y": 22.5464138, "x": 114.0792219, "street_count": 3, "highway": null, "ref": null }, "geometry": { "type": "Point", "coordinates": [ 199590.940377556427848, 2496247.014301449526101 ] } },
{ "type": "Feature", "properties": { "osmid": 5827544562, "y": 22.5440634, "x": 114.0804225, "street_count": 3, "highway": null, "ref": null }, "geometry": { "type": "Point", "coordinates": [ 199709.408732023264747, 2495984.183513378258795 ] } },
{ "type": "Feature", "properties": { "osmid": 5832653044, "y": 22.5507804, "x": 114.0511066, "street_count": 3, "highway": null, "ref": null }, "geometry": { "type": "Point", "coordinates": [ 196706.964407938008662, 2496787.704082185868174 ] } },
{ "type": "Feature", "properties": { "osmid": 5832653080, "y": 22.550888, "x": 114.0579149, "street_count": 3, "highway": null, "ref": null }, "geometry": { "type": "Point", "coordinates": [ 197407.869567244604696, 2496785.799608010798693 ] } },
{ "type": "Feature", "properties": { "osmid": 5832657502, "y": 22.5475247, "x": 114.0574714, "street_count": 3, "highway": null, "ref": null }, "geometry": { "type": "Point", "coordinates": [ 197354.88181727216579, 2496414.05484020896256 ] } },
{ "type": "Feature", "properties": { "osmid": 5832657515, "y": 22.5473725, "x": 114.0573203, "street_count": 3, "highway": null, "ref": null }, "geometry": { "type": "Point", "coordinates": [ 197338.998758169473149, 2496397.498013756237924 ] } },
{ "type": "Feature", "properties": { "osmid": 5832657517, "y": 22.546925, "x": 114.0580111, "street_count": 3, "highway": null, "ref": null }, "geometry": { "type": "Point", "coordinates": [ 197409.116362525033765, 2496346.515064062085003 ] } },
{ "type": "Feature", "properties": { "osmid": 5832657531, "y": 22.5479684, "x": 114.0579933, "street_count": 3, "highway": null, "ref": null }, "geometry": { "type": "Point", "coordinates": [ 197409.562661540287081, 2496462.156976887024939 ] } },
{ "type": "Feature", "properties": { "osmid": 5832657742, "y": 22.5451607, "x": 114.0580417, "street_count": 3, "highway": null, "ref": null }, "geometry": { "type": "Point", "coordinates": [ 197408.413636444427539, 2496150.973511915188283 ] } },
{ "type": "Feature", "properties": { "osmid": 5832657762, "y": 22.5426681, "x": 114.0507262, "street_count": 3, "highway": null, "ref": null }, "geometry": { "type": "Point", "coordinates": [ 196650.059570166107733, 2495889.653201100416481 ] } },
{ "type": "Feature", "properties": { "osmid": 5832657777, "y": 22.5433007, "x": 114.0513588, "street_count": 3, "highway": null, "ref": null }, "geometry": { "type": "Point", "coordinates": [ 196716.551126845297404, 2495958.457950525451452 ] } },
{ "type": "Feature", "properties": { "osmid": 5832657778, "y": 22.5426877, "x": 114.051366, "street_count": 3, "highway": null, "ref": null }, "geometry": { "type": "Point", "coordinates": [ 196715.950917435635347, 2495890.524365624878556 ] } },
{ "type": "Feature", "properties": { "osmid": 5832657781, "y": 22.5448428, "x": 114.0512136, "street_count": 3, "highway": null, "ref": null }, "geometry": { "type": "Point", "coordinates": [ 196704.981571890006308, 2496129.614138063043356 ] } },
{ "type": "Feature", "properties": { "osmid": 5832657889, "y": 22.5453348, "x": 114.0506882, "street_count": 3, "highway": null, "ref": null }, "geometry": { "type": "Point", "coordinates": [ 196651.984878704417497, 2496185.194662364665419 ] } },
{ "type": "Feature", "properties": { "osmid": 5832657901, "y": 22.5454054, "x": 114.051631, "street_count": 3, "highway": null, "ref": null }, "geometry": { "type": "Point", "coordinates": [ 196749.170812733937055, 2496191.100519645493478 ] } },
{ "type": "Feature", "properties": { "osmid": 5832657907, "y": 22.5457256, "x": 114.0512148, "street_count": 3, "highway": null, "ref": null }, "geometry": { "type": "Point", "coordinates": [ 196707.036910257593263, 2496227.423882450908422 ] } },
{ "type": "Feature", "properties": { "osmid": 5832657910, "y": 22.5457311, "x": 114.0510477, "street_count": 3, "highway": null, "ref": null }, "geometry": { "type": "Point", "coordinates": [ 196689.851331688580103, 2496228.372946525458246 ] } },
{ "type": "Feature", "properties": { "osmid": 5832657915, "y": 22.5453891, "x": 114.0506807, "street_count": 3, "highway": null, "ref": null }, "geometry": { "type": "Point", "coordinates": [ 196651.331837487814482, 2496191.226225899998099 ] } },
{ "type": "Feature", "properties": { "osmid": 5832657926, "y": 22.5472859, "x": 114.0516076, "street_count": 3, "highway": null, "ref": null }, "geometry": { "type": "Point", "coordinates": [ 196750.877266096649691, 2496399.503065591212362 ] } },
{ "type": "Feature", "properties": { "osmid": 5832657946, "y": 22.5478619, "x": 114.0510317, "street_count": 3, "highway": null, "ref": null }, "geometry": { "type": "Point", "coordinates": [ 196692.868070505617652, 2496464.493208582047373 ] } },
{ "type": "Feature", "properties": { "osmid": 5832657962, "y": 22.5494822, "x": 114.0623283, "street_count": 3, "highway": null, "ref": null }, "geometry": { "type": "Point", "coordinates": [ 197859.003436006023549, 2496621.095669350586832 ] } },
{ "type": "Feature", "properties": { "osmid": 5834215792, "y": 22.5508128, "x": 114.0472522, "street_count": 3, "highway": null, "ref": null }, "geometry": { "type": "Point", "coordinates": [ 196310.361900638847146, 2496799.135652080178261 ] } },
{ "type": "Feature", "properties": { "osmid": 5834215800, "y": 22.5508614, "x": 114.0478824, "street_count": 3, "highway": null, "ref": null }, "geometry": { "type": "Point", "coordinates": [ 196375.325146328832489, 2496803.237596867606044 ] } },
{ "type": "Feature", "properties": { "osmid": 5834798803, "y": 22.5410507, "x": 114.0510302, "street_count": 3, "highway": null, "ref": null }, "geometry": { "type": "Point", "coordinates": [ 196677.808294559887145, 2495709.831132386811078 ] } },
{ "type": "Feature", "properties": { "osmid": 5834798806, "y": 22.5409576, "x": 114.0464304, "street_count": 3, "highway": null, "ref": null }, "geometry": { "type": "Point", "coordinates": [ 196204.184832581900991, 2495708.872321144677699 ] } },
{ "type": "Feature", "properties": { "osmid": 5834799144, "y": 22.5400456, "x": 114.0579676, "street_count": 3, "highway": null, "ref": null }, "geometry": { "type": "Point", "coordinates": [ 197389.620995750592556, 2495584.385200316552073 ] } },
{ "type": "Feature", "properties": { "osmid": 5834799157, "y": 22.5392431, "x": 114.057955, "street_count": 3, "highway": null, "ref": null }, "geometry": { "type": "Point", "coordinates": [ 197386.572510144440457, 2495495.496046137530357 ] } },
{ "type": "Feature", "properties": { "osmid": 5834799167, "y": 22.5424231, "x": 114.0499604, "street_count": 3, "highway": null, "ref": null }, "geometry": { "type": "Point", "coordinates": [ 196570.706800859596115, 2495864.064708159305155 ] } },
{ "type": "Feature", "properties": { "osmid": 5834799172, "y": 22.5418115, "x": 114.0500365, "street_count": 3, "highway": null, "ref": null }, "geometry": { "type": "Point", "coordinates": [ 196577.200335821835324, 2495796.146085352171212 ] } },
{ "type": "Feature", "properties": { "osmid": 5834799173, "y": 22.5410413, "x": 114.0500533, "street_count": 3, "highway": null, "ref": null }, "geometry": { "type": "Point", "coordinates": [ 196577.243585192598403, 2495710.775527615565807 ] } },
{ "type": "Feature", "properties": { "osmid": 5834799299, "y": 22.538487, "x": 114.0512003, "street_count": 3, "highway": null, "ref": null }, "geometry": { "type": "Point", "coordinates": [ 196689.706374342029449, 2495425.433563959319144 ] } },
{ "type": "Feature", "properties": { "osmid": 5836885680, "y": 22.5387224, "x": 114.0714156, "street_count": 3, "highway": null, "ref": null }, "geometry": { "type": "Point", "coordinates": [ 198770.833645476435777, 2495410.574467060156167 ] } },
{ "type": "Feature", "properties": { "osmid": 5836885684, "y": 22.5386117, "x": 114.0714946, "street_count": 3, "highway": null, "ref": null }, "geometry": { "type": "Point", "coordinates": [ 198778.723976281064097, 2495398.149891077540815 ] } },
{ "type": "Feature", "properties": { "osmid": 5836889190, "y": 22.538309, "x": 114.0719193, "street_count": 3, "highway": null, "ref": null }, "geometry": { "type": "Point", "coordinates": [ 198821.777429608744569, 2495363.754837236832827 ] } },
{ "type": "Feature", "properties": { "osmid": 5836889226, "y": 22.5428282, "x": 114.0722783, "street_count": 3, "highway": null, "ref": null }, "geometry": { "type": "Point", "coordinates": [ 198868.543058956158347, 2495863.740371588617563 ] } },
{ "type": "Feature", "properties": { "osmid": 5948648297, "y": 22.5104848, "x": 114.0726126, "street_count": 1, "highway": null, "ref": null }, "geometry": { "type": "Point", "coordinates": [ 198832.742215111677069, 2492279.547340278048068 ] } },
{ "type": "Feature", "properties": { "osmid": 6020564486, "y": 22.5209886, "x": 114.0423149, "street_count": 3, "highway": null, "ref": null }, "geometry": { "type": "Point", "coordinates": [ 195736.804718438710552, 2493504.727669239044189 ] } },
{ "type": "Feature", "properties": { "osmid": 6020564487, "y": 22.5208323, "x": 114.042351, "street_count": 3, "highway": null, "ref": null }, "geometry": { "type": "Point", "coordinates": [ 195740.178036028228234, 2493487.336394033394754 ] } },
{ "type": "Feature", "properties": { "osmid": 6020564502, "y": 22.5214931, "x": 114.0413967, "street_count": 3, "highway": null, "ref": null }, "geometry": { "type": "Point", "coordinates": [ 195643.394412220513914, 2493562.496097183786333 ] } },
{ "type": "Feature", "properties": { "osmid": 6020564510, "y": 22.5233268, "x": 114.0370902, "street_count": 3, "highway": null, "ref": null }, "geometry": { "type": "Point", "coordinates": [ 195204.124633758270647, 2493774.449353171978146 ] } },
{ "type": "Feature", "properties": { "osmid": 6020564517, "y": 22.5237211, "x": 114.0370888, "street_count": 3, "highway": null, "ref": null }, "geometry": { "type": "Point", "coordinates": [ 195204.846726329764351, 2493818.140040496829897 ] } },
{ "type": "Feature", "properties": { "osmid": 6020564521, "y": 22.5237574, "x": 114.037867, "street_count": 3, "highway": null, "ref": null }, "geometry": { "type": "Point", "coordinates": [ 195285.030767987016588, 2493820.573982637841254 ] } },
{ "type": "Feature", "properties": { "osmid": 6020564527, "y": 22.5233522, "x": 114.0380063, "street_count": 3, "highway": null, "ref": null }, "geometry": { "type": "Point", "coordinates": [ 195298.479787043586839, 2493775.394255962222815 ] } },
{ "type": "Feature", "properties": { "osmid": 6020564532, "y": 22.5265696, "x": 114.0322538, "street_count": 3, "highway": null, "ref": null }, "geometry": { "type": "Point", "coordinates": [ 194713.421529760351405, 2494143.626423011068255 ] } },
{ "type": "Feature", "properties": { "osmid": 6020564541, "y": 22.5266687, "x": 114.0329494, "street_count": 3, "highway": null, "ref": null }, "geometry": { "type": "Point", "coordinates": [ 194785.240171922545414, 2494153.184614227153361 ] } },
{ "type": "Feature", "properties": { "osmid": 6020564549, "y": 22.5260214, "x": 114.0332026, "street_count": 3, "highway": null, "ref": null }, "geometry": { "type": "Point", "coordinates": [ 194809.87889281270327, 2494080.94705980271101 ] } },
{ "type": "Feature", "properties": { "osmid": 6020564601, "y": 22.530007, "x": 114.0300334, "street_count": 3, "highway": null, "ref": null }, "geometry": { "type": "Point", "coordinates": [ 194492.438462082820479, 2494529.028169027995318 ] } },
{ "type": "Feature", "properties": { "osmid": 6033481320, "y": 22.5323279, "x": 114.0629584, "street_count": 3, "highway": null, "ref": null }, "geometry": { "type": "Point", "coordinates": [ 197886.467994303151499, 2494719.17817450594157 ] } },
{ "type": "Feature", "properties": { "osmid": 6033481323, "y": 22.5318694, "x": 114.0623687, "street_count": 3, "highway": null, "ref": null }, "geometry": { "type": "Point", "coordinates": [ 197824.772778046433814, 2494669.57133075222373 ] } },
{ "type": "Feature", "properties": { "osmid": 6033481329, "y": 22.5318501, "x": 114.0608672, "street_count": 3, "highway": null, "ref": null }, "geometry": { "type": "Point", "coordinates": [ 197670.184714787406847, 2494670.472803078126162 ] } },
{ "type": "Feature", "properties": { "osmid": 6033481369, "y": 22.5313913, "x": 114.0608812, "street_count": 3, "highway": null, "ref": null }, "geometry": { "type": "Point", "coordinates": [ 197670.625588837312534, 2494619.610857806634158 ] } },
{ "type": "Feature", "properties": { "osmid": 6033482390, "y": 22.5316493, "x": 114.0584153, "street_count": 3, "highway": null, "ref": null }, "geometry": { "type": "Point", "coordinates": [ 197417.377767828758806, 2494653.192086162511259 ] } },
{ "type": "Feature", "properties": { "osmid": 6033482414, "y": 22.5295924, "x": 114.0587627, "street_count": 3, "highway": null, "ref": null }, "geometry": { "type": "Point", "coordinates": [ 197448.648200650408398, 2494424.58971145702526 ] } },
{ "type": "Feature", "properties": { "osmid": 6033482425, "y": 22.5319583, "x": 114.0705086, "street_count": 3, "highway": null, "ref": null }, "geometry": { "type": "Point", "coordinates": [ 198662.784819770138711, 2494662.968666394706815 ] } },
{ "type": "Feature", "properties": { "osmid": 6033482430, "y": 22.531988, "x": 114.0690602, "street_count": 3, "highway": null, "ref": null }, "geometry": { "type": "Point", "coordinates": [ 198513.769722316705156, 2494669.183493891730905 ] } },
{ "type": "Feature", "properties": { "osmid": 6033482469, "y": 22.5353897, "x": 114.0584562, "street_count": 3, "highway": null, "ref": null }, "geometry": { "type": "Point", "coordinates": [ 197429.748442789423279, 2495067.534440404735506 ] } },
{ "type": "Feature", "properties": { "osmid": 6033482475, "y": 22.5348369, "x": 114.0582035, "street_count": 3, "highway": null, "ref": null }, "geometry": { "type": "Point", "coordinates": [ 197402.53291192103643, 2495006.798057509586215 ] } },
{ "type": "Feature", "properties": { "osmid": 6033496395, "y": 22.5333008, "x": 114.0580447, "street_count": 4, "highway": null, "ref": null }, "geometry": { "type": "Point", "coordinates": [ 197382.836245664570015, 2494836.924586001317948 ] } },
{ "type": "Feature", "properties": { "osmid": 6052448230, "y": 22.5320518, "x": 114.0776519, "street_count": 3, "highway": null, "ref": null }, "geometry": { "type": "Point", "coordinates": [ 199398.224856287473813, 2494658.927656568586826 ] } },
{ "type": "Feature", "properties": { "osmid": 6052448234, "y": 22.5318985, "x": 114.0775847, "street_count": 3, "highway": null, "ref": null }, "geometry": { "type": "Point", "coordinates": [ 199390.975922076497227, 2494642.077985793352127 ] } },
{ "type": "Feature", "properties": { "osmid": 6055901726, "y": 22.5503059, "x": 114.0759826, "street_count": 3, "highway": null, "ref": null }, "geometry": { "type": "Point", "coordinates": [ 199266.011433216743171, 2496684.768848153762519 ] } },
{ "type": "Feature", "properties": { "osmid": 6056271409, "y": 22.5493188, "x": 114.0626287, "street_count": 3, "highway": null, "ref": null }, "geometry": { "type": "Point", "coordinates": [ 197889.562728515127674, 2496602.383087900467217 ] } },
{ "type": "Feature", "properties": { "osmid": 6155402638, "y": 22.5396157, "x": 114.0628184, "street_count": 3, "highway": null, "ref": null }, "geometry": { "type": "Point", "coordinates": [ 197887.936883917951491, 2495526.926096624694765 ] } },
{ "type": "Feature", "properties": { "osmid": 6155402664, "y": 22.5417042, "x": 114.0736429, "street_count": 1, "highway": null, "ref": null }, "geometry": { "type": "Point", "coordinates": [ 199006.545528873801231, 2495736.452562138438225 ] } },
{ "type": "Feature", "properties": { "osmid": 6203900689, "y": 22.5202801, "x": 114.0464364, "street_count": 3, "highway": null, "ref": null }, "geometry": { "type": "Point", "coordinates": [ 196159.508094680379145, 2493417.837340117432177 ] } },
{ "type": "Feature", "properties": { "osmid": 6261187076, "y": 22.5427804, "x": 114.0703547, "street_count": 3, "highway": null, "ref": null }, "geometry": { "type": "Point", "coordinates": [ 198670.464277735794894, 2495862.327300732955337 ] } },
{ "type": "Feature", "properties": { "osmid": 6261187081, "y": 22.5430365, "x": 114.0706028, "street_count": 3, "highway": null, "ref": null }, "geometry": { "type": "Point", "coordinates": [ 198696.555160170071758, 2495890.201268567238003 ] } },
{ "type": "Feature", "properties": { "osmid": 6267508958, "y": 22.5287593, "x": 114.0682972, "street_count": 1, "highway": null, "ref": null }, "geometry": { "type": "Point", "coordinates": [ 198428.216392887872644, 2494312.996441725641489 ] } },
{ "type": "Feature", "properties": { "osmid": 6316672407, "y": 22.51776, "x": 114.061344, "street_count": 4, "highway": null, "ref": null }, "geometry": { "type": "Point", "coordinates": [ 197688.560057759517804, 2493108.370078372303396 ] } },
{ "type": "Feature", "properties": { "osmid": 6316672424, "y": 22.5200693, "x": 114.0652927, "street_count": 3, "highway": null, "ref": null }, "geometry": { "type": "Point", "coordinates": [ 198100.055469455895945, 2493356.246484478469938 ] } },
{ "type": "Feature", "properties": { "osmid": 6317315212, "y": 22.5505145, "x": 114.0679679, "street_count": 3, "highway": null, "ref": null }, "geometry": { "type": "Point", "coordinates": [ 198441.645964470633771, 2496724.060092308092862 ] } },
{ "type": "Feature", "properties": { "osmid": 6410193821, "y": 22.5313654, "x": 114.0425797, "street_count": 3, "highway": null, "ref": null }, "geometry": { "type": "Point", "coordinates": [ 195786.818472213693894, 2494653.917880618479103 ] } },
{ "type": "Feature", "properties": { "osmid": 6410193851, "y": 22.5316535, "x": 114.0474453, "street_count": 3, "highway": null, "ref": null }, "geometry": { "type": "Point", "coordinates": [ 196288.261678901501, 2494675.932409876491874 ] } },
{ "type": "Feature", "properties": { "osmid": 6410193855, "y": 22.5316692, "x": 114.0482018, "street_count": 3, "highway": null, "ref": null }, "geometry": { "type": "Point", "coordinates": [ 196366.16168794571422, 2494676.133162679616362 ] } },
{ "type": "Feature", "properties": { "osmid": 6410193883, "y": 22.5307497, "x": 114.0444753, "street_count": 3, "highway": null, "ref": null }, "geometry": { "type": "Point", "coordinates": [ 195980.581627656531055, 2494581.838178681209683 ] } },
{ "type": "Feature", "properties": { "osmid": 6410194513, "y": 22.5279453, "x": 114.044911, "street_count": 3, "highway": null, "ref": null }, "geometry": { "type": "Point", "coordinates": [ 196019.282167697150726, 2494270.229232109151781 ] } },
{ "type": "Feature", "properties": { "osmid": 6410194531, "y": 22.5241453, "x": 114.039364, "street_count": 3, "highway": null, "ref": null }, "geometry": { "type": "Point", "coordinates": [ 195439.97639005194651, 2493860.498950572684407 ] } },
{ "type": "Feature", "properties": { "osmid": 6410194600, "y": 22.5192036, "x": 114.0460028, "street_count": 3, "highway": null, "ref": null }, "geometry": { "type": "Point", "coordinates": [ 196112.517101192148402, 2493299.445630801375955 ] } },
{ "type": "Feature", "properties": { "osmid": 6413071005, "y": 22.5426911, "x": 114.0643294, "street_count": 3, "highway": null, "ref": null }, "geometry": { "type": "Point", "coordinates": [ 198050.150488720450085, 2495864.61241088854149 ] } },
{ "type": "Feature", "properties": { "osmid": 6413071010, "y": 22.5386234, "x": 114.066682, "street_count": 3, "highway": null, "ref": null }, "geometry": { "type": "Point", "coordinates": [ 198283.425937281164806, 2495409.166948340367526 ] } },
{ "type": "Feature", "properties": { "osmid": 6413071047, "y": 22.5439836, "x": 114.0673554, "street_count": 1, "highway": null, "ref": null }, "geometry": { "type": "Point", "coordinates": [ 198364.39720737200696, 2496001.697168902494013 ] } },
{ "type": "Feature", "properties": { "osmid": 6438778593, "y": 22.5295053, "x": 114.0454065, "street_count": 1, "highway": null, "ref": null }, "geometry": { "type": "Point", "coordinates": [ 196073.702961338276509, 2494442.065315997228026 ] } },
{ "type": "Feature", "properties": { "osmid": 6467166907, "y": 22.5425566, "x": 114.045444, "street_count": 3, "highway": null, "ref": null }, "geometry": { "type": "Point", "coordinates": [ 196106.1680271672667, 2495888.04673414863646 ] } },
{ "type": "Feature", "properties": { "osmid": 6467166929, "y": 22.5425202, "x": 114.0439039, "street_count": 3, "highway": null, "ref": null }, "geometry": { "type": "Point", "coordinates": [ 195947.579722723166924, 2495887.150893391110003 ] } },
{ "type": "Feature", "properties": { "osmid": 6496420788, "y": 22.5371208, "x": 114.0579828, "street_count": 3, "highway": null, "ref": null }, "geometry": { "type": "Point", "coordinates": [ 197384.801599976606667, 2495260.294950649142265 ] } },
{ "type": "Feature", "properties": { "osmid": 6496420791, "y": 22.5370217, "x": 114.0581626, "street_count": 3, "highway": null, "ref": null }, "geometry": { "type": "Point", "coordinates": [ 197403.091071924311109, 2495248.95043806033209 ] } },
{ "type": "Feature", "properties": { "osmid": 6496421043, "y": 22.5351351, "x": 114.0580043, "street_count": 3, "highway": null, "ref": null }, "geometry": { "type": "Point", "coordinates": [ 197382.680863749759737, 2495040.241563506424427 ] } },
{ "type": "Feature", "properties": { "osmid": 6581380413, "y": 22.5467434, "x": 114.0294752, "street_count": 3, "highway": null, "ref": null }, "geometry": { "type": "Point", "coordinates": [ 194471.866880045912694, 2496384.549301580525935 ] } },
{ "type": "Feature", "properties": { "osmid": 7227357853, "y": 22.5436997, "x": 114.0384392, "street_count": 3, "highway": null, "ref": null }, "geometry": { "type": "Point", "coordinates": [ 195387.738623397948686, 2496028.982710750773549 ] } },
{ "type": "Feature", "properties": { "osmid": 7227417660, "y": 22.5430789, "x": 114.0431792, "street_count": 3, "highway": "crossing", "ref": null }, "geometry": { "type": "Point", "coordinates": [ 195874.218702512676828, 2495950.530649199616164 ] } },
{ "type": "Feature", "properties": { "osmid": 7232025520, "y": 22.5312288, "x": 114.0493467, "street_count": 3, "highway": null, "ref": null }, "geometry": { "type": "Point", "coordinates": [ 196483.041005732840858, 2494625.00981985591352 ] } },
{ "type": "Feature", "properties": { "osmid": 7232025523, "y": 22.5313787, "x": 114.0502614, "street_count": 3, "highway": null, "ref": null }, "geometry": { "type": "Point", "coordinates": [ 196577.518089121906087, 2494639.759098649024963 ] } },
{ "type": "Feature", "properties": { "osmid": 7232047137, "y": 22.5349292, "x": 114.0512643, "street_count": 3, "highway": null, "ref": null }, "geometry": { "type": "Point", "coordinates": [ 196688.510869623103645, 2495031.107872208114713 ] } },
{ "type": "Feature", "properties": { "osmid": 7232047153, "y": 22.5356899, "x": 114.0513725, "street_count": 3, "highway": null, "ref": null }, "geometry": { "type": "Point", "coordinates": [ 196701.311331909964792, 2495115.171725349966437 ] } },
{ "type": "Feature", "properties": { "osmid": 7232047223, "y": 22.5365058, "x": 114.047829, "street_count": 3, "highway": null, "ref": null }, "geometry": { "type": "Point", "coordinates": [ 196338.380995850486215, 2495212.776039456482977 ] } },
{ "type": "Feature", "properties": { "osmid": 7232047224, "y": 22.5367535, "x": 114.0478251, "street_count": 3, "highway": null, "ref": null }, "geometry": { "type": "Point", "coordinates": [ 196338.522058329544961, 2495240.228594426997006 ] } },
{ "type": "Feature", "properties": { "osmid": 7249081499, "y": 22.5335967, "x": 114.0590297, "street_count": 3, "highway": null, "ref": null }, "geometry": { "type": "Point", "coordinates": [ 197484.864687432418577, 2494867.713044848758727 ] } },
{ "type": "Feature", "properties": { "osmid": 7249081500, "y": 22.5319254, "x": 114.0590576, "street_count": 1, "highway": null, "ref": null }, "geometry": { "type": "Point", "coordinates": [ 197484.090713038516697, 2494682.481498309411108 ] } },
{ "type": "Feature", "properties": { "osmid": 7252057816, "y": 22.5450878, "x": 114.0677919, "street_count": 1, "highway": null, "ref": null }, "geometry": { "type": "Point", "coordinates": [ 198411.723673236614559, 2496123.156369495205581 ] } },
{ "type": "Feature", "properties": { "osmid": 7252057847, "y": 22.5475344, "x": 114.0661857, "street_count": 3, "highway": null, "ref": null }, "geometry": { "type": "Point", "coordinates": [ 198251.744378337403759, 2496397.478741297964007 ] } },
{ "type": "Feature", "properties": { "osmid": 7252057927, "y": 22.5430539, "x": 114.0719038, "street_count": 3, "highway": null, "ref": null }, "geometry": { "type": "Point", "coordinates": [ 198830.49030915950425, 2495889.50283886725083 ] } },
{ "type": "Feature", "properties": { "osmid": 7558081676, "y": 22.5336419, "x": 114.0629407, "street_count": 3, "highway": null, "ref": null }, "geometry": { "type": "Point", "coordinates": [ 197887.508653890516143, 2494864.800880573224276 ] } },
{ "type": "Feature", "properties": { "osmid": 7609471530, "y": 22.5287242, "x": 114.0677338, "street_count": 3, "highway": null, "ref": null }, "geometry": { "type": "Point", "coordinates": [ 198370.149515218625311, 2494310.245502138510346 ] } },
{ "type": "Feature", "properties": { "osmid": 7609471531, "y": 22.5289858, "x": 114.0680289, "street_count": 3, "highway": null, "ref": null }, "geometry": { "type": "Point", "coordinates": [ 198401.092849706648849, 2494338.633719603531063 ] } },
{ "type": "Feature", "properties": { "osmid": 7609471538, "y": 22.5286018, "x": 114.0678713, "street_count": 1, "highway": null, "ref": null }, "geometry": { "type": "Point", "coordinates": [ 198384.036201224662364, 2494296.406275536864996 ] } },
{ "type": "Feature", "properties": { "osmid": 7609471561, "y": 22.5353788, "x": 114.068207, "street_count": 3, "highway": null, "ref": null }, "geometry": { "type": "Point", "coordinates": [ 198433.325832959380932, 2495046.594979615416378 ] } },
{ "type": "Feature", "properties": { "osmid": 7609471564, "y": 22.539047, "x": 114.0682743, "street_count": 1, "highway": null, "ref": null }, "geometry": { "type": "Point", "coordinates": [ 198448.230483256862499, 2495452.882319686468691 ] } },
{ "type": "Feature", "properties": { "osmid": 7609471566, "y": 22.5365505, "x": 114.0681815, "street_count": 3, "highway": null, "ref": null }, "geometry": { "type": "Point", "coordinates": [ 198433.249482857063413, 2495176.466613157652318 ] } },
{ "type": "Feature", "properties": { "osmid": 7609471567, "y": 22.5353206, "x": 114.0684291, "street_count": 1, "highway": null, "ref": null }, "geometry": { "type": "Point", "coordinates": [ 198456.058844742714427, 2495039.697954872157425 ] } },
{ "type": "Feature", "properties": { "osmid": 7609471568, "y": 22.5352764, "x": 114.0682104, "street_count": 3, "highway": null, "ref": null }, "geometry": { "type": "Point", "coordinates": [ 198433.453084139153361, 2495035.242562478408217 ] } },
{ "type": "Feature", "properties": { "osmid": 7616135774, "y": 22.5304675, "x": 114.0386329, "street_count": 3, "highway": null, "ref": null }, "geometry": { "type": "Point", "coordinates": [ 195378.60426114796428, 2494562.479655801784247 ] } },
{ "type": "Feature", "properties": { "osmid": 7616135775, "y": 22.5306988, "x": 114.0391461, "street_count": 3, "highway": null, "ref": null }, "geometry": { "type": "Point", "coordinates": [ 195431.935996085871011, 2494587.060309852939099 ] } },
{ "type": "Feature", "properties": { "osmid": 7626167472, "y": 22.5148463, "x": 114.0504392, "street_count": 4, "highway": null, "ref": null }, "geometry": { "type": "Point", "coordinates": [ 196559.665155973401852, 2492807.649144048802555 ] } },
{ "type": "Feature", "properties": { "osmid": 7626167474, "y": 22.5144387, "x": 114.05052, "street_count": 3, "highway": null, "ref": null }, "geometry": { "type": "Point", "coordinates": [ 196567.091787228477187, 2492762.324011656921357 ] } },
{ "type": "Feature", "properties": { "osmid": 7626167483, "y": 22.5149198, "x": 114.0510761, "street_count": 3, "highway": null, "ref": null }, "geometry": { "type": "Point", "coordinates": [ 196625.388993370870594, 2492814.499303907155991 ] } },
{ "type": "Feature", "properties": { "osmid": 7626252386, "y": 22.514649, "x": 114.0503376, "street_count": 3, "highway": null, "ref": null }, "geometry": { "type": "Point", "coordinates": [ 196548.775010518671479, 2492785.995172362308949 ] } },
{ "type": "Feature", "properties": { "osmid": 7626252390, "y": 22.5147121, "x": 114.0424338, "street_count": 2, "highway": null, "ref": null }, "geometry": { "type": "Point", "coordinates": [ 195735.283914676285349, 2492809.061713049188256 ] } },
{ "type": "Feature", "properties": { "osmid": 7626252406, "y": 22.5151811, "x": 114.0405555, "street_count": 3, "highway": null, "ref": null }, "geometry": { "type": "Point", "coordinates": [ 195542.957008240162395, 2492864.852580284234136 ] } },
{ "type": "Feature", "properties": { "osmid": 7626252415, "y": 22.5196515, "x": 114.0616091, "street_count": 3, "highway": null, "ref": null }, "geometry": { "type": "Point", "coordinates": [ 197719.968902174266987, 2493317.405505896545947 ] } },
{ "type": "Feature", "properties": { "osmid": 7626252432, "y": 22.5182906, "x": 114.0503615, "street_count": 3, "highway": null, "ref": null }, "geometry": { "type": "Point", "coordinates": [ 196559.196875783556607, 2493189.426585340872407 ] } },
{ "type": "Feature", "properties": { "osmid": 7626252440, "y": 22.5177271, "x": 114.0507544, "street_count": 4, "highway": null, "ref": null }, "geometry": { "type": "Point", "coordinates": [ 196598.409552039927803, 2493126.194164706394076 ] } },
{ "type": "Feature", "properties": { "osmid": 7626252442, "y": 22.5177705, "x": 114.0508922, "street_count": 3, "highway": null, "ref": null }, "geometry": { "type": "Point", "coordinates": [ 196612.689414286985993, 2493130.722899808548391 ] } },
{ "type": "Feature", "properties": { "osmid": 7629438273, "y": 22.5045952, "x": 114.0530291, "street_count": 3, "highway": null, "ref": null }, "geometry": { "type": "Point", "coordinates": [ 196803.887093512574211, 2491666.598199421539903 ] } },
{ "type": "Feature", "properties": { "osmid": 7637463224, "y": 22.5430722, "x": 114.0714439, "street_count": 3, "highway": null, "ref": null }, "geometry": { "type": "Point", "coordinates": [ 198783.197743339231238, 2495892.458660608623177 ] } },
{ "type": "Feature", "properties": { "osmid": 7637610188, "y": 22.5264204, "x": 114.0691777, "street_count": 3, "highway": null, "ref": null }, "geometry": { "type": "Point", "coordinates": [ 198513.76274754590122, 2494052.077070761006325 ] } },
{ "type": "Feature", "properties": { "osmid": 7637610190, "y": 22.5262429, "x": 114.0691094, "street_count": 3, "highway": null, "ref": null }, "geometry": { "type": "Point", "coordinates": [ 198506.346789850504138, 2494032.548637103755027 ] } },
{ "type": "Feature", "properties": { "osmid": 7637610201, "y": 22.5262858, "x": 114.0689655, "street_count": 3, "highway": null, "ref": null }, "geometry": { "type": "Point", "coordinates": [ 198491.628192629490513, 2494037.592331675346941 ] } },
{ "type": "Feature", "properties": { "osmid": 7637868027, "y": 22.5297158, "x": 114.0516337, "street_count": 1, "highway": null, "ref": null }, "geometry": { "type": "Point", "coordinates": [ 196715.131125258281827, 2494452.725590327754617 ] } },
{ "type": "Feature", "properties": { "osmid": 7637868046, "y": 22.5311293, "x": 114.05267, "street_count": 3, "highway": null, "ref": null }, "geometry": { "type": "Point", "coordinates": [ 196824.887141733255703, 2494607.233079864177853 ] } },
{ "type": "Feature", "properties": { "osmid": 7637868049, "y": 22.5285307, "x": 114.0525325, "street_count": 3, "highway": null, "ref": null }, "geometry": { "type": "Point", "coordinates": [ 196805.054142957204022, 2494319.594126299023628 ] } },
{ "type": "Feature", "properties": { "osmid": 7640452829, "y": 22.5279691, "x": 114.0630575, "street_count": 3, "highway": null, "ref": null }, "geometry": { "type": "Point", "coordinates": [ 197887.174210927274544, 2494236.037061364855617 ] } },
{ "type": "Feature", "properties": { "osmid": 7642948007, "y": 22.5232295, "x": 114.0624018, "street_count": 3, "highway": null, "ref": null }, "geometry": { "type": "Point", "coordinates": [ 197809.359010531625245, 2493712.231920242775232 ] } },
{ "type": "Feature", "properties": { "osmid": 7656321485, "y": 22.5213964, "x": 114.0612836, "street_count": 3, "highway": null, "ref": null }, "geometry": { "type": "Point", "coordinates": [ 197690.264279659662861, 2493511.393429520539939 ] } },
{ "type": "Feature", "properties": { "osmid": 7656321494, "y": 22.5212848, "x": 114.0613582, "street_count": 3, "highway": null, "ref": null }, "geometry": { "type": "Point", "coordinates": [ 197697.700145274808165, 2493498.877525384072214 ] } },
{ "type": "Feature", "properties": { "osmid": 7656321502, "y": 22.5208614, "x": 114.0606803, "street_count": 3, "highway": null, "ref": null }, "geometry": { "type": "Point", "coordinates": [ 197626.99746703467099, 2493453.338390810415149 ] } },
{ "type": "Feature", "properties": { "osmid": 7656321511, "y": 22.5208247, "x": 114.061201, "street_count": 4, "highway": null, "ref": null }, "geometry": { "type": "Point", "coordinates": [ 197680.5162711921148, 2493448.218132199719548 ] } },
{ "type": "Feature", "properties": { "osmid": 7656321578, "y": 22.5169822, "x": 114.0524487, "street_count": 3, "highway": null, "ref": null }, "geometry": { "type": "Point", "coordinates": [ 196771.191489733057097, 2493040.221032141707838 ] } },
{ "type": "Feature", "properties": { "osmid": 7656321580, "y": 22.5174339, "x": 114.0524391, "street_count": 1, "highway": null, "ref": null }, "geometry": { "type": "Point", "coordinates": [ 196771.190148027148098, 2493090.287659002933651 ] } },
{ "type": "Feature", "properties": { "osmid": 7656321592, "y": 22.5154911, "x": 114.0519893, "street_count": 3, "highway": null, "ref": null }, "geometry": { "type": "Point", "coordinates": [ 196720.642987156403251, 2492875.943722143303603 ] } },
{ "type": "Feature", "properties": { "osmid": 7656321615, "y": 22.5163278, "x": 114.0525939, "street_count": 3, "highway": null, "ref": null }, "geometry": { "type": "Point", "coordinates": [ 196784.70866387715796, 2492967.420565689913929 ] } },
{ "type": "Feature", "properties": { "osmid": 7656321617, "y": 22.5144347, "x": 114.0522563, "street_count": 3, "highway": null, "ref": null }, "geometry": { "type": "Point", "coordinates": [ 196745.820158900518436, 2492758.35546792903915 ] } },
{ "type": "Feature", "properties": { "osmid": 7673048432, "y": 22.5261503, "x": 114.0651296, "street_count": 1, "highway": null, "ref": null }, "geometry": { "type": "Point", "coordinates": [ 198096.498248748597689, 2494030.329441492445767 ] } },
{ "type": "Feature", "properties": { "osmid": 7701169497, "y": 22.5191917, "x": 114.0632002, "street_count": 5, "highway": null, "ref": null }, "geometry": { "type": "Point", "coordinates": [ 197882.750617470708676, 2493263.242232545744628 ] } },
{ "type": "Feature", "properties": { "osmid": 7701169511, "y": 22.5127367, "x": 114.0514642, "street_count": 3, "highway": null, "ref": null }, "geometry": { "type": "Point", "coordinates": [ 196660.569853368448094, 2492571.829605263192207 ] } },
{ "type": "Feature", "properties": { "osmid": 7701169518, "y": 22.5125094, "x": 114.0511526, "street_count": 3, "highway": null, "ref": null }, "geometry": { "type": "Point", "coordinates": [ 196627.996196873311419, 2492547.278015834279358 ] } },
{ "type": "Feature", "properties": { "osmid": 7701169566, "y": 22.5186052, "x": 114.0403339, "street_count": 3, "highway": null, "ref": null }, "geometry": { "type": "Point", "coordinates": [ 195527.656891799182631, 2493244.688165500760078 ] } },
{ "type": "Feature", "properties": { "osmid": 7701171822, "y": 22.514999, "x": 114.0404776, "street_count": 3, "highway": null, "ref": null }, "geometry": { "type": "Point", "coordinates": [ 195534.538424386351835, 2492844.834997616242617 ] } },
{ "type": "Feature", "properties": { "osmid": 7701171850, "y": 22.5207609, "x": 114.028992, "street_count": 4, "highway": null, "ref": null }, "geometry": { "type": "Point", "coordinates": [ 194364.876628859143239, 2493506.700428390875459 ] } },
{ "type": "Feature", "properties": { "osmid": 7701171856, "y": 22.5189994, "x": 114.0324714, "street_count": 4, "highway": null, "ref": null }, "geometry": { "type": "Point", "coordinates": [ 194719.164090267731808, 2493304.412679991684854 ] } },
{ "type": "Feature", "properties": { "osmid": 7701171911, "y": 22.5157203, "x": 114.0384768, "street_count": 4, "highway": null, "ref": null }, "geometry": { "type": "Point", "coordinates": [ 195330.155852144060191, 2492928.832732836715877 ] } },
{ "type": "Feature", "properties": { "osmid": 7702665399, "y": 22.5141757, "x": 114.0447955, "street_count": 3, "highway": null, "ref": null }, "geometry": { "type": "Point", "coordinates": [ 195977.22644768684404, 2492744.821875169873238 ] } },
{ "type": "Feature", "properties": { "osmid": 7702665402, "y": 22.5140911, "x": 114.0464696, "street_count": 3, "highway": null, "ref": null }, "geometry": { "type": "Point", "coordinates": [ 196149.376380432629958, 2492732.042697570286691 ] } },
{ "type": "Feature", "properties": { "osmid": 7702665403, "y": 22.5141061, "x": 114.0473964, "street_count": 3, "highway": null, "ref": null }, "geometry": { "type": "Point", "coordinates": [ 196244.815782895602752, 2492731.820071841124445 ] } },
{ "type": "Feature", "properties": { "osmid": 7702665410, "y": 22.5143977, "x": 114.0499617, "street_count": 3, "highway": null, "ref": null }, "geometry": { "type": "Point", "coordinates": [ 196509.529933048412204, 2492758.915322022046894 ] } },
{ "type": "Feature", "properties": { "osmid": 7702665417, "y": 22.5148112, "x": 114.0410595, "street_count": 4, "highway": null, "ref": null }, "geometry": { "type": "Point", "coordinates": [ 195594.028319242876023, 2492822.841343299951404 ] } },
{ "type": "Feature", "properties": { "osmid": 7702665421, "y": 22.5145094, "x": 114.0423293, "street_count": 3, "highway": null, "ref": null }, "geometry": { "type": "Point", "coordinates": [ 195724.082164199266117, 2492786.815787892788649 ] } },
{ "type": "Feature", "properties": { "osmid": 7702665457, "y": 22.5145025, "x": 114.0505053, "street_count": 4, "highway": null, "ref": null }, "geometry": { "type": "Point", "coordinates": [ 196565.718014429730829, 2492769.422741905786097 ] } },
{ "type": "Feature", "properties": { "osmid": 7704094931, "y": 22.5112289, "x": 114.045828, "street_count": 1, "highway": null, "ref": null }, "geometry": { "type": "Point", "coordinates": [ 196077.062581380421761, 2492416.222456990275532 ] } },
{ "type": "Feature", "properties": { "osmid": 7707208812, "y": 22.5293469, "x": 114.0630055, "street_count": 3, "highway": null, "ref": null }, "geometry": { "type": "Point", "coordinates": [ 197884.822666165127885, 2494388.797923743259162 ] } },
{ "type": "Feature", "properties": { "osmid": 7710972505, "y": 22.5273792, "x": 114.0548142, "street_count": 3, "highway": null, "ref": null }, "geometry": { "type": "Point", "coordinates": [ 197037.396303020650521, 2494187.379706773906946 ] } },
{ "type": "Feature", "properties": { "osmid": 7710972529, "y": 22.5276971, "x": 114.0451859, "street_count": 3, "highway": null, "ref": null }, "geometry": { "type": "Point", "coordinates": [ 196047.034252386016306, 2494242.169567733071744 ] } },
{ "type": "Feature", "properties": { "osmid": 7719250780, "y": 22.5250141, "x": 114.0684938, "street_count": 3, "highway": null, "ref": null }, "geometry": { "type": "Point", "coordinates": [ 198440.311227301252075, 2493897.645209464710206 ] } },
{ "type": "Feature", "properties": { "osmid": 7724575156, "y": 22.5312979, "x": 114.0537186, "street_count": 3, "highway": null, "ref": null }, "geometry": { "type": "Point", "coordinates": [ 196933.186735425435472, 2494623.784523906186223 ] } },
{ "type": "Feature", "properties": { "osmid": 7724575160, "y": 22.5311037, "x": 114.0538674, "street_count": 3, "highway": null, "ref": null }, "geometry": { "type": "Point", "coordinates": [ 196948.078188594256062, 2494601.965629187878221 ] } },
{ "type": "Feature", "properties": { "osmid": 7726383871, "y": 22.5276285, "x": 114.0512707, "street_count": 3, "highway": null, "ref": null }, "geometry": { "type": "Point", "coordinates": [ 196673.203168428444769, 2494222.195377056952566 ] } },
{ "type": "Feature", "properties": { "osmid": 7735592377, "y": 22.5312383, "x": 114.0525728, "street_count": 3, "highway": null, "ref": null }, "geometry": { "type": "Point", "coordinates": [ 196815.120728495297953, 2494619.507385166361928 ] } },
{ "type": "Feature", "properties": { "osmid": 7735602390, "y": 22.5312409, "x": 114.0527612, "street_count": 3, "highway": null, "ref": null }, "geometry": { "type": "Point", "coordinates": [ 196834.518195849319454, 2494619.412876769900322 ] } },
{ "type": "Feature", "properties": { "osmid": 7791604199, "y": 22.5394287, "x": 114.0630239, "street_count": 3, "highway": null, "ref": null }, "geometry": { "type": "Point", "coordinates": [ 197908.679861069424078, 2495505.791128431912512 ] } },
{ "type": "Feature", "properties": { "osmid": 7791604210, "y": 22.5497717, "x": 114.0626206, "street_count": 3, "highway": null, "ref": null }, "geometry": { "type": "Point", "coordinates": [ 197889.716532845573965, 2496652.579410846345127 ] } },
{ "type": "Feature", "properties": { "osmid": 7868781052, "y": 22.52687, "x": 114.0316989, "street_count": 4, "highway": "traffic_signals", "ref": null }, "geometry": { "type": "Point", "coordinates": [ 194656.964874373166822, 2494178.044987514615059 ] } },
{ "type": "Feature", "properties": { "osmid": 7868781069, "y": 22.5268015, "x": 114.031487, "street_count": 3, "highway": null, "ref": null }, "geometry": { "type": "Point", "coordinates": [ 194635.002491934748832, 2494170.888588955625892 ] } },
{ "type": "Feature", "properties": { "osmid": 7893911643, "y": 22.5215434, "x": 114.0608843, "street_count": 3, "highway": null, "ref": null }, "geometry": { "type": "Point", "coordinates": [ 197649.482409993186593, 2493528.488803716376424 ] } },
{ "type": "Feature", "properties": { "osmid": 7893947001, "y": 22.5439399, "x": 114.0650396, "street_count": 3, "highway": null, "ref": null }, "geometry": { "type": "Point", "coordinates": [ 198125.96357123029884, 2496001.538432476110756 ] } },
{ "type": "Feature", "properties": { "osmid": 7893947019, "y": 22.5470188, "x": 114.0763912, "street_count": 4, "highway": null, "ref": null }, "geometry": { "type": "Point", "coordinates": [ 199300.929150857380591, 2496319.747901561670005 ] } },
{ "type": "Feature", "properties": { "osmid": 7899265503, "y": 22.5279066, "x": 114.04505, "street_count": 3, "highway": null, "ref": null }, "geometry": { "type": "Point", "coordinates": [ 196033.504877547209617, 2494265.658380079548806 ] } },
{ "type": "Feature", "properties": { "osmid": 7950517395, "y": 22.5359065, "x": 114.0719669, "street_count": 3, "highway": null, "ref": null }, "geometry": { "type": "Point", "coordinates": [ 198821.458058120158967, 2495097.471098164096475 ] } },
{ "type": "Feature", "properties": { "osmid": 7950517401, "y": 22.5346669, "x": 114.078527, "street_count": 3, "highway": null, "ref": null }, "geometry": { "type": "Point", "coordinates": [ 199493.962447144614998, 2494946.907576321624219 ] } },
{ "type": "Feature", "properties": { "osmid": 7950517436, "y": 22.5387679, "x": 114.0720225, "street_count": 4, "highway": null, "ref": null }, "geometry": { "type": "Point", "coordinates": [ 198833.395825058454648, 2495414.39094291254878 ] } },
{ "type": "Feature", "properties": { "osmid": 7950517485, "y": 22.5334377, "x": 114.0750911, "street_count": 3, "highway": null, "ref": null }, "geometry": { "type": "Point", "coordinates": [ 199137.656871071609203, 2494817.637997558806092 ] } },
{ "type": "Feature", "properties": { "osmid": 7950517541, "y": 22.5353989, "x": 114.0766757, "street_count": 3, "highway": null, "ref": null }, "geometry": { "type": "Point", "coordinates": [ 199305.005395607033279, 2495031.73802067572251 ] } },
{ "type": "Feature", "properties": { "osmid": 7950517542, "y": 22.5358946, "x": 114.0760385, "street_count": 3, "highway": null, "ref": null }, "geometry": { "type": "Point", "coordinates": [ 199240.49727323272964, 2495087.943212847225368 ] } },
{ "type": "Feature", "properties": { "osmid": 7950517543, "y": 22.5361215, "x": 114.0762594, "street_count": 1, "highway": null, "ref": null }, "geometry": { "type": "Point", "coordinates": [ 199263.725239462510217, 2495112.63771822117269 ] } },
{ "type": "Feature", "properties": { "osmid": 7950517545, "y": 22.5347331, "x": 114.0761433, "street_count": 3, "highway": null, "ref": null }, "geometry": { "type": "Point", "coordinates": [ 199248.764593934291042, 2494959.042723149526864 ] } },
{ "type": "Feature", "properties": { "osmid": 7950517551, "y": 22.5356956, "x": 114.0769197, "street_count": 4, "highway": null, "ref": null }, "geometry": { "type": "Point", "coordinates": [ 199330.762205224949867, 2495064.119635183364153 ] } },
{ "type": "Feature", "properties": { "osmid": 7953723959, "y": 22.5376957, "x": 114.0703099, "street_count": 1, "highway": null, "ref": null }, "geometry": { "type": "Point", "coordinates": [ 198654.801294866250828, 2495299.051956506446004 ] } },
{ "type": "Feature", "properties": { "osmid": 7953723960, "y": 22.537458, "x": 114.0699486, "street_count": 3, "highway": null, "ref": null }, "geometry": { "type": "Point", "coordinates": [ 198617.098597453616094, 2495273.445171859581023 ] } },
{ "type": "Feature", "properties": { "osmid": 7953724239, "y": 22.5417476, "x": 114.0748766, "street_count": 3, "highway": null, "ref": null }, "geometry": { "type": "Point", "coordinates": [ 199133.611614041612484, 2495738.773361028637737 ] } },
{ "type": "Feature", "properties": { "osmid": 7958753225, "y": 22.5322496, "x": 114.0479797, "street_count": 3, "highway": null, "ref": null }, "geometry": { "type": "Point", "coordinates": [ 196344.571985021000728, 2494740.891910984646529 ] } },
{ "type": "Feature", "properties": { "osmid": 7958753235, "y": 22.541763, "x": 114.0478295, "street_count": 3, "highway": null, "ref": null }, "geometry": { "type": "Point", "coordinates": [ 196349.947088365443051, 2495795.261469126213342 ] } },
{ "type": "Feature", "properties": { "osmid": 7958753244, "y": 22.5333402, "x": 114.0447715, "street_count": 4, "highway": null, "ref": null }, "geometry": { "type": "Point", "coordinates": [ 196016.747467877692543, 2494868.257253023795784 ] } },
{ "type": "Feature", "properties": { "osmid": 7958753249, "y": 22.5333676, "x": 114.0478778, "street_count": 4, "highway": null, "ref": null }, "geometry": { "type": "Point", "coordinates": [ 196336.53160280798329, 2494864.971098199486732 ] } },
{ "type": "Feature", "properties": { "osmid": 7958753250, "y": 22.5334379, "x": 114.0478767, "street_count": 4, "highway": null, "ref": null }, "geometry": { "type": "Point", "coordinates": [ 196336.572318081452977, 2494872.762420180719346 ] } },
{ "type": "Feature", "properties": { "osmid": 7958753251, "y": 22.5334062, "x": 114.0479607, "street_count": 4, "highway": null, "ref": null }, "geometry": { "type": "Point", "coordinates": [ 196345.148813766834792, 2494869.079263785853982 ] } },
{ "type": "Feature", "properties": { "osmid": 7958753253, "y": 22.5333507, "x": 114.0459912, "street_count": 4, "highway": null, "ref": null }, "geometry": { "type": "Point", "coordinates": [ 196142.311396294506267, 2494866.937473607249558 ] } },
{ "type": "Feature", "properties": { "osmid": 7958753254, "y": 22.5322488, "x": 114.0478952, "street_count": 4, "highway": null, "ref": null }, "geometry": { "type": "Point", "coordinates": [ 196335.872787896019872, 2494740.975148354656994 ] } },
{ "type": "Feature", "properties": { "osmid": 7958755724, "y": 22.5409895, "x": 114.0478361, "street_count": 4, "highway": null, "ref": null }, "geometry": { "type": "Point", "coordinates": [ 196348.932047109410632, 2495709.54588695988059 ] } },
{ "type": "Feature", "properties": { "osmid": 7958755753, "y": 22.5402545, "x": 114.0478482, "street_count": 4, "highway": null, "ref": null }, "geometry": { "type": "Point", "coordinates": [ 196348.567470362700988, 2495628.084838496055454 ] } },
{ "type": "Feature", "properties": { "osmid": 7958755754, "y": 22.5402751, "x": 114.0490454, "street_count": 3, "highway": null, "ref": null }, "geometry": { "type": "Point", "coordinates": [ 196471.831216681282967, 2495627.931874004658312 ] } },
{ "type": "Feature", "properties": { "osmid": 7958755764, "y": 22.5403175, "x": 114.0496617, "street_count": 3, "highway": null, "ref": null }, "geometry": { "type": "Point", "coordinates": [ 196535.355031574028544, 2495631.376377976033837 ] } },
{ "type": "Feature", "properties": { "osmid": 7959590802, "y": 22.5394358, "x": 114.0455616, "street_count": 3, "highway": null, "ref": null }, "geometry": { "type": "Point", "coordinates": [ 196111.43034966790583, 2495542.0287636811845 ] } },
{ "type": "Feature", "properties": { "osmid": 7959590803, "y": 22.539447, "x": 114.0464465, "street_count": 3, "highway": null, "ref": null }, "geometry": { "type": "Point", "coordinates": [ 196202.531566186225973, 2495541.468153001740575 ] } },
{ "type": "Feature", "properties": { "osmid": 7959590809, "y": 22.5393628, "x": 114.04692, "street_count": 3, "highway": null, "ref": null }, "geometry": { "type": "Point", "coordinates": [ 196251.081162050890271, 2495531.175202784128487 ] } },
{ "type": "Feature", "properties": { "osmid": 7959590814, "y": 22.5396036, "x": 114.0444942, "street_count": 3, "highway": null, "ref": null }, "geometry": { "type": "Point", "coordinates": [ 196001.938085077796131, 2495562.794498958159238 ] } },
{ "type": "Feature", "properties": { "osmid": 7959590835, "y": 22.539624, "x": 114.0581209, "street_count": 4, "highway": null, "ref": null }, "geometry": { "type": "Point", "coordinates": [ 197404.478710470255464, 2495537.362301606219262 ] } },
{ "type": "Feature", "properties": { "osmid": 7959590839, "y": 22.5395436, "x": 114.0581199, "street_count": 4, "highway": null, "ref": null }, "geometry": { "type": "Point", "coordinates": [ 197404.200304199941456, 2495528.45624027447775 ] } },
{ "type": "Feature", "properties": { "osmid": 7959590868, "y": 22.539453, "x": 114.0469192, "street_count": 4, "highway": null, "ref": null }, "geometry": { "type": "Point", "coordinates": [ 196251.196448343398515, 2495541.170802938286215 ] } },
{ "type": "Feature", "properties": { "osmid": 7959590869, "y": 22.5394649, "x": 114.0478611, "street_count": 4, "highway": null, "ref": null }, "geometry": { "type": "Point", "coordinates": [ 196348.165706408384722, 2495540.572606592439115 ] } },
{ "type": "Feature", "properties": { "osmid": 7959590870, "y": 22.5393782, "x": 114.0478626, "street_count": 4, "highway": null, "ref": null }, "geometry": { "type": "Point", "coordinates": [ 196348.130195258476306, 2495530.963381225243211 ] } },
{ "type": "Feature", "properties": { "osmid": 7959590871, "y": 22.5394639, "x": 114.047783, "street_count": 4, "highway": null, "ref": null }, "geometry": { "type": "Point", "coordinates": [ 196340.125231019512285, 2495540.620712689589709 ] } },
{ "type": "Feature", "properties": { "osmid": 7959590872, "y": 22.5393768, "x": 114.0477843, "street_count": 4, "highway": null, "ref": null }, "geometry": { "type": "Point", "coordinates": [ 196340.068254109413829, 2495530.967574549373239 ] } },
{ "type": "Feature", "properties": { "osmid": 7959590873, "y": 22.5394801, "x": 114.0490603, "street_count": 4, "highway": null, "ref": null }, "geometry": { "type": "Point", "coordinates": [ 196471.624177106947172, 2495539.817344092298299 ] } },
{ "type": "Feature", "properties": { "osmid": 7959590877, "y": 22.5371295, "x": 114.0495794, "street_count": 3, "highway": null, "ref": null }, "geometry": { "type": "Point", "coordinates": [ 196519.906261086231098, 2495278.320598605554551 ] } },
{ "type": "Feature", "properties": { "osmid": 7959590880, "y": 22.5376817, "x": 114.0495615, "street_count": 3, "highway": null, "ref": null }, "geometry": { "type": "Point", "coordinates": [ 196519.272571393754333, 2495339.539488046430051 ] } },
{ "type": "Feature", "properties": { "osmid": 7959590884, "y": 22.5394859, "x": 114.0495261, "street_count": 4, "highway": null, "ref": null }, "geometry": { "type": "Point", "coordinates": [ 196519.578349136805627, 2495539.512717681005597 ] } },
{ "type": "Feature", "properties": { "osmid": 7959602886, "y": 22.5394053, "x": 114.0495381, "street_count": 4, "highway": null, "ref": null }, "geometry": { "type": "Point", "coordinates": [ 196520.636988763697445, 2495530.558019343297929 ] } },
{ "type": "Feature", "properties": { "osmid": 7959602889, "y": 22.5384724, "x": 114.0495508, "street_count": 3, "highway": null, "ref": null }, "geometry": { "type": "Point", "coordinates": [ 196519.902029695513193, 2495427.168997940141708 ] } },
{ "type": "Feature", "properties": { "osmid": 7959602891, "y": 22.5372934, "x": 114.0478167, "street_count": 4, "highway": null, "ref": null }, "geometry": { "type": "Point", "coordinates": [ 196338.839909108297434, 2495300.065430791582912 ] } },
{ "type": "Feature", "properties": { "osmid": 7959602898, "y": 22.5375383, "x": 114.0533568, "street_count": 4, "highway": null, "ref": null }, "geometry": { "type": "Point", "coordinates": [ 196909.586832052154932, 2495315.93916276935488 ] } },
{ "type": "Feature", "properties": { "osmid": 7959602907, "y": 22.5374362, "x": 114.0567482, "street_count": 3, "highway": null, "ref": null }, "geometry": { "type": "Point", "coordinates": [ 197258.420162156224251, 2495297.743976464960724 ] } },
{ "type": "Feature", "properties": { "osmid": 7959602911, "y": 22.5374715, "x": 114.0589704, "street_count": 3, "highway": null, "ref": null }, "geometry": { "type": "Point", "coordinates": [ 197487.214526892465074, 2495297.14952281024307 ] } },
{ "type": "Feature", "properties": { "osmid": 7959602934, "y": 22.5374792, "x": 114.0494507, "street_count": 3, "highway": null, "ref": null }, "geometry": { "type": "Point", "coordinates": [ 196507.425315935281105, 2495317.32824326120317 ] } },
{ "type": "Feature", "properties": { "osmid": 7959602961, "y": 22.5374027, "x": 114.0467247, "street_count": 3, "highway": null, "ref": null }, "geometry": { "type": "Point", "coordinates": [ 196226.685672259482089, 2495314.397697472944856 ] } },
{ "type": "Feature", "properties": { "osmid": 7959603010, "y": 22.5372793, "x": 114.0468112, "street_count": 3, "highway": null, "ref": null }, "geometry": { "type": "Point", "coordinates": [ 196235.318298115103971, 2495300.54919114895165 ] } },
{ "type": "Feature", "properties": { "osmid": 7959603011, "y": 22.5372947, "x": 114.0478968, "street_count": 4, "highway": null, "ref": null }, "geometry": { "type": "Point", "coordinates": [ 196347.087016525445506, 2495300.046509013976902 ] } },
{ "type": "Feature", "properties": { "osmid": 7959603012, "y": 22.5374556, "x": 114.0478941, "street_count": 4, "highway": null, "ref": null }, "geometry": { "type": "Point", "coordinates": [ 196347.161498931003734, 2495317.879372098948807 ] } },
{ "type": "Feature", "properties": { "osmid": 7959603013, "y": 22.5374543, "x": 114.0478142, "street_count": 4, "highway": null, "ref": null }, "geometry": { "type": "Point", "coordinates": [ 196338.934985971311107, 2495317.897888039704412 ] } },
{ "type": "Feature", "properties": { "osmid": 7959603029, "y": 22.5374844, "x": 114.0497894, "street_count": 3, "highway": null, "ref": null }, "geometry": { "type": "Point", "coordinates": [ 196542.29717237688601, 2495317.215733777731657 ] } },
{ "type": "Feature", "properties": { "osmid": 7959603031, "y": 22.5356264, "x": 114.0500572, "street_count": 3, "highway": null, "ref": null }, "geometry": { "type": "Point", "coordinates": [ 196565.79432825645199, 2495110.809228722471744 ] } },
{ "type": "Feature", "properties": { "osmid": 7959603047, "y": 22.537318, "x": 114.0493507, "street_count": 3, "highway": null, "ref": null }, "geometry": { "type": "Point", "coordinates": [ 196496.780018702032976, 2495299.670989253092557 ] } },
{ "type": "Feature", "properties": { "osmid": 7959603056, "y": 22.537322, "x": 114.0497655, "street_count": 3, "highway": null, "ref": null }, "geometry": { "type": "Point", "coordinates": [ 196539.481842870474793, 2495299.270780137274414 ] } },
{ "type": "Feature", "properties": { "osmid": 7959603088, "y": 22.5395008, "x": 114.0507065, "street_count": 3, "highway": null, "ref": null }, "geometry": { "type": "Point", "coordinates": [ 196641.101046476396732, 2495538.763806772883981 ] } },
{ "type": "Feature", "properties": { "osmid": 7959603093, "y": 22.5395088, "x": 114.051182, "street_count": 4, "highway": null, "ref": null }, "geometry": { "type": "Point", "coordinates": [ 196690.058317462040577, 2495538.683750827331096 ] } },
{ "type": "Feature", "properties": { "osmid": 7959603096, "y": 22.539516, "x": 114.0516508, "street_count": 3, "highway": null, "ref": null }, "geometry": { "type": "Point", "coordinates": [ 196738.324235923821107, 2495538.528826906811446 ] } },
{ "type": "Feature", "properties": { "osmid": 7959603100, "y": 22.5390917, "x": 114.0513107, "street_count": 3, "highway": null, "ref": null }, "geometry": { "type": "Point", "coordinates": [ 196702.391990131582133, 2495492.208519144915044 ] } },
{ "type": "Feature", "properties": { "osmid": 7959603103, "y": 22.5354109, "x": 114.0517262, "street_count": 3, "highway": null, "ref": null }, "geometry": { "type": "Point", "coordinates": [ 196737.105918364890385, 2495083.540573549922556 ] } },
{ "type": "Feature", "properties": { "osmid": 7959603104, "y": 22.5378522, "x": 114.0512117, "street_count": 3, "highway": null, "ref": null }, "geometry": { "type": "Point", "coordinates": [ 196689.490980911708903, 2495355.076080998871475 ] } },
{ "type": "Feature", "properties": { "osmid": 7959603111, "y": 22.5375011, "x": 114.0508259, "street_count": 3, "highway": null, "ref": null }, "geometry": { "type": "Point", "coordinates": [ 196649.014742082974408, 2495316.959096098318696 ] } },
{ "type": "Feature", "properties": { "osmid": 7959603112, "y": 22.5373418, "x": 114.050778, "street_count": 3, "highway": null, "ref": null }, "geometry": { "type": "Point", "coordinates": [ 196643.736137138970662, 2495299.406387901864946 ] } },
{ "type": "Feature", "properties": { "osmid": 7959603120, "y": 22.5369961, "x": 114.0513474, "street_count": 3, "highway": null, "ref": null }, "geometry": { "type": "Point", "coordinates": [ 196701.585058803262655, 2495259.946513171307743 ] } },
{ "type": "Feature", "properties": { "osmid": 7959603128, "y": 22.5373556, "x": 114.0517066, "street_count": 3, "highway": null, "ref": null }, "geometry": { "type": "Point", "coordinates": [ 196739.341862832661718, 2495299.048380967695266 ] } },
{ "type": "Feature", "properties": { "osmid": 7959603129, "y": 22.5375165, "x": 114.0519185, "street_count": 3, "highway": null, "ref": null }, "geometry": { "type": "Point", "coordinates": [ 196761.503417958156206, 2495316.445185591001064 ] } },
{ "type": "Feature", "properties": { "osmid": 7959603137, "y": 22.5378679, "x": 114.0513325, "street_count": 3, "highway": null, "ref": null }, "geometry": { "type": "Point", "coordinates": [ 196701.958539322658908, 2495356.570122894831002 ] } },
{ "type": "Feature", "properties": { "osmid": 7959603149, "y": 22.5375271, "x": 114.0526135, "street_count": 3, "highway": null, "ref": null }, "geometry": { "type": "Point", "coordinates": [ 196833.058874582522549, 2495316.207809185609221 ] } },
{ "type": "Feature", "properties": { "osmid": 7959603154, "y": 22.539455, "x": 114.0525896, "street_count": 3, "highway": null, "ref": null }, "geometry": { "type": "Point", "coordinates": [ 196834.814640831842553, 2495529.862863499205559 ] } },
{ "type": "Feature", "properties": { "osmid": 7959603173, "y": 22.5394668, "x": 114.0533214, "street_count": 4, "highway": null, "ref": null }, "geometry": { "type": "Point", "coordinates": [ 196910.159236194100231, 2495529.683936522807926 ] } },
{ "type": "Feature", "properties": { "osmid": 7959603196, "y": 22.5373696, "x": 114.0525887, "street_count": 3, "highway": null, "ref": null }, "geometry": { "type": "Point", "coordinates": [ 196830.161973420646973, 2495298.807577094528824 ] } },
{ "type": "Feature", "properties": { "osmid": 7959603210, "y": 22.539576, "x": 114.0559444, "street_count": 3, "highway": null, "ref": null }, "geometry": { "type": "Point", "coordinates": [ 197180.363566004903987, 2495536.458543869201094 ] } },
{ "type": "Feature", "properties": { "osmid": 7959603216, "y": 22.5395096, "x": 114.0559453, "street_count": 4, "highway": null, "ref": null }, "geometry": { "type": "Point", "coordinates": [ 197180.311161715944763, 2495529.099778498057276 ] } },
{ "type": "Feature", "properties": { "osmid": 7959603232, "y": 22.5375779, "x": 114.055972, "street_count": 4, "highway": null, "ref": null }, "geometry": { "type": "Point", "coordinates": [ 197178.840084147173911, 2495315.018525465857238 ] } },
{ "type": "Feature", "properties": { "osmid": 7959603233, "y": 22.5374236, "x": 114.0559741, "street_count": 4, "highway": null, "ref": null }, "geometry": { "type": "Point", "coordinates": [ 197178.719226267654449, 2495297.918248381465673 ] } },
{ "type": "Feature", "properties": { "osmid": 7959603239, "y": 22.5376029, "x": 114.0576308, "street_count": 3, "highway": null, "ref": null }, "geometry": { "type": "Point", "coordinates": [ 197349.624652777099982, 2495314.423947780393064 ] } },
{ "type": "Feature", "properties": { "osmid": 7959603240, "y": 22.5374483, "x": 114.0575116, "street_count": 3, "highway": null, "ref": null }, "geometry": { "type": "Point", "coordinates": [ 197337.018667590862606, 2495297.536416236311197 ] } },
{ "type": "Feature", "properties": { "osmid": 7959603243, "y": 22.5395426, "x": 114.0576146, "street_count": 3, "highway": null, "ref": null }, "geometry": { "type": "Point", "coordinates": [ 197352.191500361950602, 2495529.370029183570296 ] } },
{ "type": "Feature", "properties": { "osmid": 7959603254, "y": 22.5375077, "x": 114.0513387, "street_count": 4, "highway": null, "ref": null }, "geometry": { "type": "Point", "coordinates": [ 196701.808725734357722, 2495316.648233896121383 ] } },
{ "type": "Feature", "properties": { "osmid": 7959603255, "y": 22.5375061, "x": 114.051218, "street_count": 4, "highway": null, "ref": null }, "geometry": { "type": "Point", "coordinates": [ 196689.38227294216631, 2495316.716231295838952 ] } },
{ "type": "Feature", "properties": { "osmid": 7959603264, "y": 22.5373484, "x": 114.0512208, "street_count": 4, "highway": null, "ref": null }, "geometry": { "type": "Point", "coordinates": [ 196689.325479966471903, 2495299.237761269323528 ] } },
{ "type": "Feature", "properties": { "osmid": 7959603265, "y": 22.5373497, "x": 114.0513413, "street_count": 4, "highway": null, "ref": null }, "geometry": { "type": "Point", "coordinates": [ 196701.730705775029492, 2495299.136932582128793 ] } },
{ "type": "Feature", "properties": { "osmid": 7959603266, "y": 22.537382, "x": 114.0533596, "street_count": 4, "highway": null, "ref": null }, "geometry": { "type": "Point", "coordinates": [ 196909.533349658944644, 2495298.615837102755904 ] } },
{ "type": "Feature", "properties": { "osmid": 7959603270, "y": 22.539432, "x": 114.0511833, "street_count": 5, "highway": null, "ref": null }, "geometry": { "type": "Point", "coordinates": [ 196690.024094537249766, 2495530.171852081548423 ] } },
{ "type": "Feature", "properties": { "osmid": 7959603271, "y": 22.5394341, "x": 114.0513046, "street_count": 4, "highway": null, "ref": null }, "geometry": { "type": "Point", "coordinates": [ 196702.513222355453763, 2495530.158014847896993 ] } },
{ "type": "Feature", "properties": { "osmid": 7959603272, "y": 22.5395105, "x": 114.0513024, "street_count": 4, "highway": null, "ref": null }, "geometry": { "type": "Point", "coordinates": [ 196702.453932840551715, 2495538.627422779798508 ] } },
{ "type": "Feature", "properties": { "osmid": 7959932859, "y": 22.5396125, "x": 114.0576793, "street_count": 3, "highway": null, "ref": null }, "geometry": { "type": "Point", "coordinates": [ 197359.003161208471283, 2495536.983549713622779 ] } },
{ "type": "Feature", "properties": { "osmid": 7959932863, "y": 22.5396219, "x": 114.0579777, "street_count": 4, "highway": null, "ref": null }, "geometry": { "type": "Point", "coordinates": [ 197389.73566854262026, 2495537.419973998330534 ] } },
{ "type": "Feature", "properties": { "osmid": 7959932864, "y": 22.5395405, "x": 114.0579521, "street_count": 4, "highway": null, "ref": null }, "geometry": { "type": "Point", "coordinates": [ 197386.923183330334723, 2495528.452994059305638 ] } },
{ "type": "Feature", "properties": { "osmid": 7959932869, "y": 22.5379601, "x": 114.0579718, "street_count": 3, "highway": null, "ref": null }, "geometry": { "type": "Point", "coordinates": [ 197385.501257991883904, 2495353.309270723722875 ] } },
{ "type": "Feature", "properties": { "osmid": 7959932870, "y": 22.5374587, "x": 114.0581548, "street_count": 4, "highway": null, "ref": null }, "geometry": { "type": "Point", "coordinates": [ 197403.241970910457894, 2495297.384583121631294 ] } },
{ "type": "Feature", "properties": { "osmid": 7959932876, "y": 22.5365006, "x": 114.057991, "street_count": 3, "highway": null, "ref": null }, "geometry": { "type": "Point", "coordinates": [ 197384.29200400155969, 2495191.561960681341588 ] } },
{ "type": "Feature", "properties": { "osmid": 7959932877, "y": 22.5379155, "x": 114.0581454, "street_count": 3, "highway": null, "ref": null }, "geometry": { "type": "Point", "coordinates": [ 197403.271427771600429, 2495348.015757131855935 ] } },
{ "type": "Feature", "properties": { "osmid": 7959932878, "y": 22.5358694, "x": 114.0581831, "street_count": 3, "highway": null, "ref": null }, "geometry": { "type": "Point", "coordinates": [ 197402.686349779192824, 2495121.237393382471055 ] } },
{ "type": "Feature", "properties": { "osmid": 7959932880, "y": 22.5353524, "x": 114.0580032, "street_count": 4, "highway": null, "ref": null }, "geometry": { "type": "Point", "coordinates": [ 197383.041864978906233, 2495064.320000985171646 ] } },
{ "type": "Feature", "properties": { "osmid": 7959932882, "y": 22.5335035, "x": 114.0578469, "street_count": 3, "highway": null, "ref": null }, "geometry": { "type": "Point", "coordinates": [ 197362.91964978154283, 2494859.78413135651499 ] } },
{ "type": "Feature", "properties": { "osmid": 7959932883, "y": 22.5329834, "x": 114.0578578, "street_count": 3, "highway": null, "ref": null }, "geometry": { "type": "Point", "coordinates": [ 197362.906563447089866, 2494802.136473306454718 ] } },
{ "type": "Feature", "properties": { "osmid": 7959990507, "y": 22.5336562, "x": 114.0582291, "street_count": 3, "highway": null, "ref": null }, "geometry": { "type": "Point", "coordinates": [ 197402.59144626208581, 2494875.928071183152497 ] } },
{ "type": "Feature", "properties": { "osmid": 7959990521, "y": 22.5336633, "x": 114.0620456, "street_count": 4, "highway": null, "ref": null }, "geometry": { "type": "Point", "coordinates": [ 197795.425906432210468, 2494868.983670569490641 ] } },
{ "type": "Feature", "properties": { "osmid": 7959990531, "y": 22.5336871, "x": 114.0619308, "street_count": 3, "highway": null, "ref": null }, "geometry": { "type": "Point", "coordinates": [ 197783.661825061077252, 2494871.853037004824728 ] } },
{ "type": "Feature", "properties": { "osmid": 7959990534, "y": 22.5318453, "x": 114.0603597, "street_count": 3, "highway": null, "ref": null }, "geometry": { "type": "Point", "coordinates": [ 197617.938384203996975, 2494670.968785510398448 ] } },
{ "type": "Feature", "properties": { "osmid": 7959990553, "y": 22.5335999, "x": 114.059252, "street_count": 4, "highway": null, "ref": null }, "geometry": { "type": "Point", "coordinates": [ 197507.752252777514514, 2494867.617131353821605 ] } },
{ "type": "Feature", "properties": { "osmid": 7959990554, "y": 22.5335426, "x": 114.0592511, "street_count": 3, "highway": null, "ref": null }, "geometry": { "type": "Point", "coordinates": [ 197507.534633637056686, 2494861.270287834107876 ] } },
{ "type": "Feature", "properties": { "osmid": 7959990555, "y": 22.5335404, "x": 114.059029, "street_count": 4, "highway": null, "ref": null }, "geometry": { "type": "Point", "coordinates": [ 197484.669825546036009, 2494861.476592277642339 ] } },
{ "type": "Feature", "properties": { "osmid": 7959990556, "y": 22.5335662, "x": 114.0605553, "street_count": 4, "highway": null, "ref": null }, "geometry": { "type": "Point", "coordinates": [ 197641.822959886165336, 2494861.242984780110419 ] } },
{ "type": "Feature", "properties": { "osmid": 7959990557, "y": 22.5335686, "x": 114.0606197, "street_count": 4, "highway": null, "ref": null }, "geometry": { "type": "Point", "coordinates": [ 197648.456661450036336, 2494861.378463130444288 ] } },
{ "type": "Feature", "properties": { "osmid": 7959990558, "y": 22.5336239, "x": 114.0605537, "street_count": 4, "highway": null, "ref": null }, "geometry": { "type": "Point", "coordinates": [ 197641.784079294011462, 2494867.639206112828106 ] } },
{ "type": "Feature", "properties": { "osmid": 7959990559, "y": 22.5336232, "x": 114.0606185, "street_count": 4, "highway": null, "ref": null }, "geometry": { "type": "Point", "coordinates": [ 197648.452189999166876, 2494867.430403634440154 ] } },
{ "type": "Feature", "properties": { "osmid": 7959990565, "y": 22.5376146, "x": 114.0584001, "street_count": 3, "highway": null, "ref": null }, "geometry": { "type": "Point", "coordinates": [ 197428.829388231679332, 2495314.160564685240388 ] } },
{ "type": "Feature", "properties": { "osmid": 7959990587, "y": 22.5374651, "x": 114.0585632, "street_count": 3, "highway": null, "ref": null }, "geometry": { "type": "Point", "coordinates": [ 197445.290010554541368, 2495297.265779408626258 ] } },
{ "type": "Feature", "properties": { "osmid": 7959990588, "y": 22.5355272, "x": 114.0593206, "street_count": 3, "highway": null, "ref": null }, "geometry": { "type": "Point", "coordinates": [ 197519.017002399894409, 2495081.017166163772345 ] } },
{ "type": "Feature", "properties": { "osmid": 7959990589, "y": 22.5355162, "x": 114.0585985, "street_count": 3, "highway": null, "ref": null }, "geometry": { "type": "Point", "coordinates": [ 197444.670725684205536, 2495081.261835150886327 ] } },
{ "type": "Feature", "properties": { "osmid": 7959990594, "y": 22.535488, "x": 114.0567577, "street_count": 3, "highway": null, "ref": null }, "geometry": { "type": "Point", "coordinates": [ 197255.144307867332827, 2495081.869623077567667 ] } },
{ "type": "Feature", "properties": { "osmid": 7959990597, "y": 22.5353968, "x": 114.0507952, "street_count": 3, "highway": null, "ref": null }, "geometry": { "type": "Point", "coordinates": [ 196641.251173719472717, 2495083.870078573934734 ] } },
{ "type": "Feature", "properties": { "osmid": 7959990599, "y": 22.5352269, "x": 114.0479308, "street_count": 4, "highway": null, "ref": null }, "geometry": { "type": "Point", "coordinates": [ 196346.058139517728705, 2495070.869623887352645 ] } },
{ "type": "Feature", "properties": { "osmid": 7959990600, "y": 22.5352255, "x": 114.0478489, "street_count": 4, "highway": null, "ref": null }, "geometry": { "type": "Point", "coordinates": [ 196337.625423200544901, 2495070.881114040035754 ] } },
{ "type": "Feature", "properties": { "osmid": 7959990601, "y": 22.5352711, "x": 114.0507918, "street_count": 3, "highway": null, "ref": null }, "geometry": { "type": "Point", "coordinates": [ 196640.626231705944519, 2495069.949730013031512 ] } },
{ "type": "Feature", "properties": { "osmid": 7959990615, "y": 22.5354574, "x": 114.0620732, "street_count": 3, "highway": null, "ref": null }, "geometry": { "type": "Point", "coordinates": [ 197802.176435392932035, 2495067.708328156732023 ] } },
{ "type": "Feature", "properties": { "osmid": 7959990620, "y": 22.5354432, "x": 114.0619164, "street_count": 3, "highway": null, "ref": null }, "geometry": { "type": "Point", "coordinates": [ 197786.006841583526693, 2495066.452460562810302 ] } },
{ "type": "Feature", "properties": { "osmid": 7959990621, "y": 22.5355252, "x": 114.0605007, "street_count": 4, "highway": null, "ref": null }, "geometry": { "type": "Point", "coordinates": [ 197640.474578064982779, 2495078.404711061622947 ] } },
{ "type": "Feature", "properties": { "osmid": 7959990622, "y": 22.5354219, "x": 114.0605149, "street_count": 4, "highway": null, "ref": null }, "geometry": { "type": "Point", "coordinates": [ 197641.710871029470582, 2495066.930626743938774 ] } },
{ "type": "Feature", "properties": { "osmid": 7959990623, "y": 22.5355226, "x": 114.0605962, "street_count": 4, "highway": null, "ref": null }, "geometry": { "type": "Point", "coordinates": [ 197650.298254286055453, 2495077.923199964221567 ] } },
{ "type": "Feature", "properties": { "osmid": 7959990624, "y": 22.5354213, "x": 114.0605968, "street_count": 4, "highway": null, "ref": null }, "geometry": { "type": "Point", "coordinates": [ 197650.139133243763354, 2495066.698257834650576 ] } },
{ "type": "Feature", "properties": { "osmid": 7959990637, "y": 22.5354013, "x": 114.0592079, "street_count": 3, "highway": null, "ref": null }, "geometry": { "type": "Point", "coordinates": [ 197507.142691949091386, 2495067.296201607678086 ] } },
{ "type": "Feature", "properties": { "osmid": 7959990653, "y": 22.5376108, "x": 114.0581521, "street_count": 4, "highway": null, "ref": null }, "geometry": { "type": "Point", "coordinates": [ 197403.296023546310607, 2495314.242296115960926 ] } },
{ "type": "Feature", "properties": { "osmid": 7959990654, "y": 22.5355099, "x": 114.0581895, "street_count": 4, "highway": null, "ref": null }, "geometry": { "type": "Point", "coordinates": [ 197402.56055877066683, 2495081.392868857365102 ] } },
{ "type": "Feature", "properties": { "osmid": 7959990655, "y": 22.5353856, "x": 114.0581917, "street_count": 4, "highway": null, "ref": null }, "geometry": { "type": "Point", "coordinates": [ 197402.515746373741422, 2495067.61633229535073 ] } },
{ "type": "Feature", "properties": { "osmid": 7959990662, "y": 22.5376081, "x": 114.0579764, "street_count": 4, "highway": null, "ref": null }, "geometry": { "type": "Point", "coordinates": [ 197385.206437961896881, 2495314.299359144177288 ] } },
{ "type": "Feature", "properties": { "osmid": 7959990663, "y": 22.5374556, "x": 114.0579784, "street_count": 4, "highway": null, "ref": null }, "geometry": { "type": "Point", "coordinates": [ 197385.079445813433267, 2495297.398744312115014 ] } },
{ "type": "Feature", "properties": { "osmid": 7959990664, "y": 22.5355071, "x": 114.0580028, "street_count": 4, "highway": null, "ref": null }, "geometry": { "type": "Point", "coordinates": [ 197383.338303268421441, 2495081.461121892090887 ] } },
{ "type": "Feature", "properties": { "osmid": 7959990665, "y": 22.5353851, "x": 114.0580031, "street_count": 4, "highway": null, "ref": null }, "geometry": { "type": "Point", "coordinates": [ 197383.102934861031827, 2495067.943268571514636 ] } },
{ "type": "Feature", "properties": { "osmid": 7959990681, "y": 22.5354764, "x": 114.0560011, "street_count": 4, "highway": null, "ref": null }, "geometry": { "type": "Point", "coordinates": [ 197177.245630613295361, 2495082.119078814983368 ] } },
{ "type": "Feature", "properties": { "osmid": 7959990682, "y": 22.5353517, "x": 114.0560027, "street_count": 4, "highway": null, "ref": null }, "geometry": { "type": "Point", "coordinates": [ 197177.137987614260055, 2495068.299418068490922 ] } },
{ "type": "Feature", "properties": { "osmid": 7959990732, "y": 22.5354365, "x": 114.0533974, "street_count": 4, "highway": null, "ref": null }, "geometry": { "type": "Point", "coordinates": [ 196909.171288982906844, 2495082.982686139177531 ] } },
{ "type": "Feature", "properties": { "osmid": 7959990733, "y": 22.5353115, "x": 114.0534015, "street_count": 4, "highway": null, "ref": null }, "geometry": { "type": "Point", "coordinates": [ 196909.320063583028968, 2495069.124684217851609 ] } },
{ "type": "Feature", "properties": { "osmid": 7959990736, "y": 22.5354245, "x": 114.0526143, "street_count": 3, "highway": null, "ref": null }, "geometry": { "type": "Point", "coordinates": [ 196828.543981843627989, 2495083.243397573474795 ] } },
{ "type": "Feature", "properties": { "osmid": 7959990747, "y": 22.5357617, "x": 114.0512493, "street_count": 3, "highway": null, "ref": null }, "geometry": { "type": "Point", "coordinates": [ 196688.787957429012749, 2495123.377326135989279 ] } },
{ "type": "Feature", "properties": { "osmid": 7959990754, "y": 22.5342941, "x": 114.0512704, "street_count": 3, "highway": null, "ref": null }, "geometry": { "type": "Point", "coordinates": [ 196687.749577645794488, 2494960.72794796526432 ] } },
{ "type": "Feature", "properties": { "osmid": 7959990766, "y": 22.5354038, "x": 114.0512558, "street_count": 4, "highway": null, "ref": null }, "geometry": { "type": "Point", "coordinates": [ 196688.674109907180537, 2495083.709668072871864 ] } },
{ "type": "Feature", "properties": { "osmid": 7959990767, "y": 22.5352781, "x": 114.051258, "street_count": 4, "highway": null, "ref": null }, "geometry": { "type": "Point", "coordinates": [ 196688.625595943070948, 2495069.777943595312536 ] } },
{ "type": "Feature", "properties": { "osmid": 7959990771, "y": 22.5349205, "x": 114.0513855, "street_count": 3, "highway": null, "ref": null }, "geometry": { "type": "Point", "coordinates": [ 196700.96648785774596, 2495029.897669916506857 ] } },
{ "type": "Feature", "properties": { "osmid": 7959990777, "y": 22.5352854, "x": 114.0517174, "street_count": 3, "highway": null, "ref": null }, "geometry": { "type": "Point", "coordinates": [ 196735.925701426982414, 2495069.653361373580992 ] } },
{ "type": "Feature", "properties": { "osmid": 7959990780, "y": 22.5354056, "x": 114.0513776, "street_count": 4, "highway": null, "ref": null }, "geometry": { "type": "Point", "coordinates": [ 196701.214406777347904, 2495083.661616196855903 ] } },
{ "type": "Feature", "properties": { "osmid": 7959990781, "y": 22.5352802, "x": 114.0513797, "street_count": 4, "highway": null, "ref": null }, "geometry": { "type": "Point", "coordinates": [ 196701.156267763464712, 2495069.763335439842194 ] } },
{ "type": "Feature", "properties": { "osmid": 7959990816, "y": 22.53531, "x": 114.0459502, "street_count": 4, "highway": null, "ref": null }, "geometry": { "type": "Point", "coordinates": [ 196142.384609322529286, 2495084.107317455112934 ] } },
{ "type": "Feature", "properties": { "osmid": 7959990817, "y": 22.5351962, "x": 114.0459533, "street_count": 4, "highway": null, "ref": null }, "geometry": { "type": "Point", "coordinates": [ 196142.454310872999486, 2495071.492201248649508 ] } },
{ "type": "Feature", "properties": { "osmid": 7959990818, "y": 22.5334173, "x": 114.0459904, "street_count": 4, "highway": null, "ref": null }, "geometry": { "type": "Point", "coordinates": [ 196142.37498125404818, 2494874.318243465851992 ] } },
{ "type": "Feature", "properties": { "osmid": 7959990819, "y": 22.5353515, "x": 114.047847, "street_count": 4, "highway": null, "ref": null }, "geometry": { "type": "Point", "coordinates": [ 196337.705789802595973, 2495084.845503022428602 ] } },
{ "type": "Feature", "properties": { "osmid": 7959990831, "y": 22.5353528, "x": 114.0479288, "street_count": 4, "highway": null, "ref": null }, "geometry": { "type": "Point", "coordinates": [ 196346.127986877923831, 2495084.823135677725077 ] } },
{ "type": "Feature", "properties": { "osmid": 7959990836, "y": 22.5353826, "x": 114.0498739, "street_count": 3, "highway": null, "ref": null }, "geometry": { "type": "Point", "coordinates": [ 196546.394514838291798, 2495084.169382159598172 ] } },
{ "type": "Feature", "properties": { "osmid": 7959990844, "y": 22.5353887, "x": 114.0502716, "street_count": 3, "highway": null, "ref": null }, "geometry": { "type": "Point", "coordinates": [ 196587.341483002877794, 2495084.036812818609178 ] } },
{ "type": "Feature", "properties": { "osmid": 7959990859, "y": 22.5352557, "x": 114.049798, "street_count": 3, "highway": null, "ref": null }, "geometry": { "type": "Point", "coordinates": [ 196538.304726490285248, 2495070.263457935769111 ] } },
{ "type": "Feature", "properties": { "osmid": 7959990870, "y": 22.5352635, "x": 114.0503019, "street_count": 3, "highway": null, "ref": null }, "geometry": { "type": "Point", "coordinates": [ 196590.186190516105853, 2495070.103360345121473 ] } },
{ "type": "Feature", "properties": { "osmid": 7959990871, "y": 22.5342776, "x": 114.0500696, "street_count": 3, "highway": null, "ref": null }, "geometry": { "type": "Point", "coordinates": [ 196564.119155713706277, 2494961.340155513957143 ] } },
{ "type": "Feature", "properties": { "osmid": 7961465892, "y": 22.541798, "x": 114.0490659, "street_count": 3, "highway": null, "ref": null }, "geometry": { "type": "Point", "coordinates": [ 196477.275534525280818, 2495796.624119312502444 ] } },
{ "type": "Feature", "properties": { "osmid": 7961465962, "y": 22.5457469, "x": 114.0443823, "street_count": 3, "highway": null, "ref": null }, "geometry": { "type": "Point", "coordinates": [ 196003.894188212172594, 2496243.688576900400221 ] } },
{ "type": "Feature", "properties": { "osmid": 7961465981, "y": 22.5472573, "x": 114.0498355, "street_count": 3, "highway": null, "ref": null }, "geometry": { "type": "Point", "coordinates": [ 196568.435485932219308, 2496399.937228390481323 ] } },
{ "type": "Feature", "properties": { "osmid": 7961467090, "y": 22.5432643, "x": 114.0499124, "street_count": 3, "highway": null, "ref": null }, "geometry": { "type": "Point", "coordinates": [ 196567.608039060141891, 2495957.365367099177092 ] } },
{ "type": "Feature", "properties": { "osmid": 7961467128, "y": 22.5492563, "x": 114.0476861, "street_count": 4, "highway": null, "ref": null }, "geometry": { "type": "Point", "coordinates": [ 196351.605655489955097, 2496625.79533728165552 ] } },
{ "type": "Feature", "properties": { "osmid": 7961467136, "y": 22.5432201, "x": 114.0477304, "street_count": 3, "highway": null, "ref": null }, "geometry": { "type": "Point", "coordinates": [ 196342.939575519296341, 2495956.906723220366985 ] } },
{ "type": "Feature", "properties": { "osmid": 7961467144, "y": 22.5432219, "x": 114.0478049, "street_count": 3, "highway": null, "ref": null }, "geometry": { "type": "Point", "coordinates": [ 196350.611072940577287, 2495956.954557490069419 ] } },
{ "type": "Feature", "properties": { "osmid": 7961511682, "y": 22.5443056, "x": 114.0467593, "street_count": 3, "highway": null, "ref": null }, "geometry": { "type": "Point", "coordinates": [ 196245.372599670256022, 2496079.154387556482106 ] } },
{ "type": "Feature", "properties": { "osmid": 7961542786, "y": 22.5471787, "x": 114.0443563, "street_count": 3, "highway": null, "ref": null }, "geometry": { "type": "Point", "coordinates": [ 196004.358992093941197, 2496402.382368036545813 ] } },
{ "type": "Feature", "properties": { "osmid": 7961542788, "y": 22.5489653, "x": 114.0443237, "street_count": 3, "highway": null, "ref": null }, "geometry": { "type": "Point", "coordinates": [ 196004.923139276157599, 2496600.40083359926939 ] } },
{ "type": "Feature", "properties": { "osmid": 7961542789, "y": 22.5495391, "x": 114.0443133, "street_count": 3, "highway": null, "ref": null }, "geometry": { "type": "Point", "coordinates": [ 196005.111621023854241, 2496663.998032723553479 ] } },
{ "type": "Feature", "properties": { "osmid": 7961542792, "y": 22.5471834, "x": 114.0446989, "street_count": 4, "highway": null, "ref": null }, "geometry": { "type": "Point", "coordinates": [ 196039.628821162332315, 2496402.205089814495295 ] } },
{ "type": "Feature", "properties": { "osmid": 7961542798, "y": 22.5473426, "x": 114.0447012, "street_count": 3, "highway": null, "ref": null }, "geometry": { "type": "Point", "coordinates": [ 196040.2147109543439, 2496419.839469735510647 ] } },
{ "type": "Feature", "properties": { "osmid": 7961542813, "y": 22.5445965, "x": 114.046755, "street_count": 3, "highway": null, "ref": null }, "geometry": { "type": "Point", "coordinates": [ 196245.567567972990219, 2496111.394272844307125 ] } },
{ "type": "Feature", "properties": { "osmid": 7961542817, "y": 22.5432179, "x": 114.0467767, "street_count": 3, "highway": null, "ref": null }, "geometry": { "type": "Point", "coordinates": [ 196244.779735804593656, 2495958.604015163611621 ] } },
{ "type": "Feature", "properties": { "osmid": 7961542845, "y": 22.5472132, "x": 114.0467169, "street_count": 3, "highway": null, "ref": null }, "geometry": { "type": "Point", "coordinates": [ 196247.381399927893654, 2496401.396948678418994 ] } },
{ "type": "Feature", "properties": { "osmid": 7961542848, "y": 22.5473712, "x": 114.0467057, "street_count": 3, "highway": null, "ref": null }, "geometry": { "type": "Point", "coordinates": [ 196246.575038493901957, 2496418.925836790818721 ] } },
{ "type": "Feature", "properties": { "osmid": 7961542885, "y": 22.5507593, "x": 114.0466438, "street_count": 3, "highway": null, "ref": null }, "geometry": { "type": "Point", "coordinates": [ 196247.631380834442098, 2496794.446677228901535 ] } },
{ "type": "Feature", "properties": { "osmid": 7961542899, "y": 22.549331, "x": 114.047618, "street_count": 4, "highway": null, "ref": null }, "geometry": { "type": "Point", "coordinates": [ 196344.760790314991027, 2496634.210558293852955 ] } },
{ "type": "Feature", "properties": { "osmid": 7961542900, "y": 22.5473847, "x": 114.0476534, "street_count": 4, "highway": null, "ref": null }, "geometry": { "type": "Point", "coordinates": [ 196344.139190674875863, 2496418.492446038872004 ] } },
{ "type": "Feature", "properties": { "osmid": 7961542901, "y": 22.5472272, "x": 114.0476562, "street_count": 4, "highway": null, "ref": null }, "geometry": { "type": "Point", "coordinates": [ 196344.082253611297347, 2496401.036071195732802 ] } },
{ "type": "Feature", "properties": { "osmid": 7961542902, "y": 22.5453557, "x": 114.0476905, "street_count": 4, "highway": null, "ref": null }, "geometry": { "type": "Point", "coordinates": [ 196343.511814007069916, 2496193.607934873085469 ] } },
{ "type": "Feature", "properties": { "osmid": 7961542903, "y": 22.545282, "x": 114.0476916, "street_count": 4, "highway": null, "ref": null }, "geometry": { "type": "Point", "coordinates": [ 196343.463552736327983, 2496185.439889502711594 ] } },
{ "type": "Feature", "properties": { "osmid": 7961542904, "y": 22.5493321, "x": 114.0476846, "street_count": 4, "highway": null, "ref": null }, "geometry": { "type": "Point", "coordinates": [ 196351.617382842639927, 2496634.19687583995983 ] } },
{ "type": "Feature", "properties": { "osmid": 7961542905, "y": 22.5473857, "x": 114.047723, "street_count": 4, "highway": null, "ref": null }, "geometry": { "type": "Point", "coordinates": [ 196351.304411547956988, 2496418.461588819976896 ] } },
{ "type": "Feature", "properties": { "osmid": 7961542906, "y": 22.5472282, "x": 114.0477261, "street_count": 4, "highway": null, "ref": null }, "geometry": { "type": "Point", "coordinates": [ 196351.278357782401145, 2496401.004604314919561 ] } },
{ "type": "Feature", "properties": { "osmid": 7961542907, "y": 22.5453571, "x": 114.0477633, "street_count": 4, "highway": null, "ref": null }, "geometry": { "type": "Point", "coordinates": [ 196351.007355558802374, 2496193.614896327722818 ] } },
{ "type": "Feature", "properties": { "osmid": 7961542908, "y": 22.5452833, "x": 114.0477645, "street_count": 4, "highway": null, "ref": null }, "geometry": { "type": "Point", "coordinates": [ 196350.969171047385316, 2496185.435568093787879 ] } },
{ "type": "Feature", "properties": { "osmid": 7961542909, "y": 22.5492555, "x": 114.0476194, "street_count": 4, "highway": null, "ref": null }, "geometry": { "type": "Point", "coordinates": [ 196344.739425050269347, 2496625.842462246771902 ] } },
{ "type": "Feature", "properties": { "osmid": 7961542910, "y": 22.5493156, "x": 114.0466702, "street_count": 4, "highway": null, "ref": null }, "geometry": { "type": "Point", "coordinates": [ 196247.183550702291541, 2496634.433789968024939 ] } },
{ "type": "Feature", "properties": { "osmid": 7961542911, "y": 22.5492422, "x": 114.0466715, "street_count": 4, "highway": null, "ref": null }, "geometry": { "type": "Point", "coordinates": [ 196247.156444074877072, 2496626.298567424993962 ] } },
{ "type": "Feature", "properties": { "osmid": 7961542916, "y": 22.5453384, "x": 114.0467443, "street_count": 4, "highway": null, "ref": null }, "geometry": { "type": "Point", "coordinates": [ 196246.09228451224044, 2496193.617079362273216 ] } },
{ "type": "Feature", "properties": { "osmid": 7961542917, "y": 22.5452653, "x": 114.0467453, "street_count": 4, "highway": null, "ref": null }, "geometry": { "type": "Point", "coordinates": [ 196246.034994607674889, 2496185.515710716601461 ] } },
{ "type": "Feature", "properties": { "osmid": 7961542921, "y": 22.5492854, "x": 114.0498073, "street_count": 3, "highway": null, "ref": null }, "geometry": { "type": "Point", "coordinates": [ 196569.974011989776045, 2496624.703600190579891 ] } },
{ "type": "Feature", "properties": { "osmid": 7961542928, "y": 22.5474159, "x": 114.0498418, "street_count": 3, "highway": null, "ref": null }, "geometry": { "type": "Point", "coordinates": [ 196569.431120762601495, 2496417.49694483820349 ] } },
{ "type": "Feature", "properties": { "osmid": 7961542936, "y": 22.5473905, "x": 114.0480578, "street_count": 3, "highway": null, "ref": null }, "geometry": { "type": "Point", "coordinates": [ 196385.771566144248936, 2496418.312055475544184 ] } },
{ "type": "Feature", "properties": { "osmid": 7961542945, "y": 22.5472328, "x": 114.0480398, "street_count": 3, "highway": null, "ref": null }, "geometry": { "type": "Point", "coordinates": [ 196383.573560764547437, 2496400.875854625366628 ] } },
{ "type": "Feature", "properties": { "osmid": 7961542987, "y": 22.5453956, "x": 114.0498635, "street_count": 4, "highway": null, "ref": null }, "geometry": { "type": "Point", "coordinates": [ 196567.241142626444343, 2496193.608061883598566 ] } },
{ "type": "Feature", "properties": { "osmid": 7961542988, "y": 22.5453203, "x": 114.0498642, "street_count": 4, "highway": null, "ref": null }, "geometry": { "type": "Point", "coordinates": [ 196567.148329884395935, 2496185.263566496782005 ] } },
{ "type": "Feature", "properties": { "osmid": 7961771623, "y": 22.5468631, "x": 114.0511792, "street_count": 3, "highway": null, "ref": null }, "geometry": { "type": "Point", "coordinates": [ 196705.862359221617226, 2496353.528612393885851 ] } },
{ "type": "Feature", "properties": { "osmid": 7961771626, "y": 22.5478556, "x": 114.0511627, "street_count": 3, "highway": null, "ref": null }, "geometry": { "type": "Point", "coordinates": [ 196706.336345885065384, 2496463.528866585809737 ] } },
{ "type": "Feature", "properties": { "osmid": 7961771629, "y": 22.5454327, "x": 114.0574988, "street_count": 3, "highway": null, "ref": null }, "geometry": { "type": "Point", "coordinates": [ 197353.133352271164767, 2496182.211436049547046 ] } },
{ "type": "Feature", "properties": { "osmid": 7961771682, "y": 22.5500639, "x": 114.0443037, "street_count": 3, "highway": null, "ref": null }, "geometry": { "type": "Point", "coordinates": [ 196005.274973363615572, 2496722.164493624120951 ] } },
{ "type": "Feature", "properties": { "osmid": 7961786798, "y": 22.5450059, "x": 114.0510593, "street_count": 3, "highway": null, "ref": null }, "geometry": { "type": "Point", "coordinates": [ 196689.458133120730054, 2496147.998886410612613 ] } },
{ "type": "Feature", "properties": { "osmid": 7961786812, "y": 22.5453457, "x": 114.0515394, "street_count": 3, "highway": null, "ref": null }, "geometry": { "type": "Point", "coordinates": [ 196739.612867413728964, 2496184.672071425709873 ] } },
{ "type": "Feature", "properties": { "osmid": 7961786849, "y": 22.5453401, "x": 114.0510569, "street_count": 4, "highway": null, "ref": null }, "geometry": { "type": "Point", "coordinates": [ 196689.942495861032512, 2496185.03234993154183 ] } },
{ "type": "Feature", "properties": { "osmid": 7961786850, "y": 22.5453426, "x": 114.051212, "street_count": 4, "highway": null, "ref": null }, "geometry": { "type": "Point", "coordinates": [ 196705.910609054903034, 2496184.994065193459392 ] } },
{ "type": "Feature", "properties": { "osmid": 7961786851, "y": 22.5453981, "x": 114.0510565, "street_count": 4, "highway": null, "ref": null }, "geometry": { "type": "Point", "coordinates": [ 196690.028257498401217, 2496191.459428643342108 ] } },
{ "type": "Feature", "properties": { "osmid": 7961786852, "y": 22.5454017, "x": 114.0512137, "street_count": 4, "highway": null, "ref": null }, "geometry": { "type": "Point", "coordinates": [ 196706.214899673126638, 2496191.538752004038543 ] } },
{ "type": "Feature", "properties": { "osmid": 7961786863, "y": 22.5508232, "x": 114.0577858, "street_count": 3, "highway": null, "ref": null }, "geometry": { "type": "Point", "coordinates": [ 197394.441875186690595, 2496778.881823606323451 ] } },
{ "type": "Feature", "properties": { "osmid": 7961786893, "y": 22.5454437, "x": 114.0582621, "street_count": 3, "highway": null, "ref": null }, "geometry": { "type": "Point", "coordinates": [ 197431.714583090448286, 2496181.88216742221266 ] } },
{ "type": "Feature", "properties": { "osmid": 7961786904, "y": 22.5455244, "x": 114.0583102, "street_count": 3, "highway": null, "ref": null }, "geometry": { "type": "Point", "coordinates": [ 197436.841102627920918, 2496190.725961699150503 ] } },
{ "type": "Feature", "properties": { "osmid": 7961786907, "y": 22.5457563, "x": 114.0580314, "street_count": 3, "highway": null, "ref": null }, "geometry": { "type": "Point", "coordinates": [ 197408.653920498793013, 2496216.985206627286971 ] } },
{ "type": "Feature", "properties": { "osmid": 7961993768, "y": 22.5473903, "x": 114.0584683, "street_count": 3, "highway": null, "ref": null }, "geometry": { "type": "Point", "coordinates": [ 197457.185682631097734, 2496397.141815392300487 ] } },
{ "type": "Feature", "properties": { "osmid": 7962005188, "y": 22.547539, "x": 114.058473, "street_count": 3, "highway": null, "ref": null }, "geometry": { "type": "Point", "coordinates": [ 197457.994016553042457, 2496413.607825296465307 ] } },
{ "type": "Feature", "properties": { "osmid": 7962005192, "y": 22.5469115, "x": 114.0578471, "street_count": 3, "highway": null, "ref": null }, "geometry": { "type": "Point", "coordinates": [ 197392.208535720361397, 2496345.351919363252819 ] } },
{ "type": "Feature", "properties": { "osmid": 7962005231, "y": 22.546833, "x": 114.0510249, "street_count": 3, "highway": null, "ref": null }, "geometry": { "type": "Point", "coordinates": [ 196689.916349648497999, 2496350.507274433039129 ] } },
{ "type": "Feature", "properties": { "osmid": 7962005236, "y": 22.5472683, "x": 114.0504398, "street_count": 3, "highway": null, "ref": null }, "geometry": { "type": "Point", "coordinates": [ 196630.652325820876285, 2496399.927116384729743 ] } },
{ "type": "Feature", "properties": { "osmid": 7962005244, "y": 22.5474271, "x": 114.050624, "street_count": 3, "highway": null, "ref": null }, "geometry": { "type": "Point", "coordinates": [ 196649.957239111070521, 2496417.14726267196238 ] } },
{ "type": "Feature", "properties": { "osmid": 7962005264, "y": 22.5474436, "x": 114.0517838, "street_count": 3, "highway": null, "ref": null }, "geometry": { "type": "Point", "coordinates": [ 196769.356283826113213, 2496416.617729520890862 ] } },
{ "type": "Feature", "properties": { "osmid": 7962005294, "y": 22.5493041, "x": 114.0511388, "street_count": 4, "highway": null, "ref": null }, "geometry": { "type": "Point", "coordinates": [ 196707.046923423884436, 2496624.067935078404844 ] } },
{ "type": "Feature", "properties": { "osmid": 7962005295, "y": 22.5511331, "x": 114.0509729, "street_count": 4, "highway": null, "ref": null }, "geometry": { "type": "Point", "coordinates": [ 196693.976823368517216, 2496827.05428523151204 ] } },
{ "type": "Feature", "properties": { "osmid": 7962005297, "y": 22.5474322, "x": 114.0510342, "street_count": 4, "highway": null, "ref": null }, "geometry": { "type": "Point", "coordinates": [ 196692.184895626618527, 2496416.878351295832545 ] } },
{ "type": "Feature", "properties": { "osmid": 7962005298, "y": 22.5472774, "x": 114.0510335, "street_count": 4, "highway": null, "ref": null }, "geometry": { "type": "Point", "coordinates": [ 196691.774053731292952, 2496399.728289740160108 ] } },
{ "type": "Feature", "properties": { "osmid": 7962005300, "y": 22.5493884, "x": 114.0511375, "street_count": 4, "highway": null, "ref": null }, "geometry": { "type": "Point", "coordinates": [ 196707.097643910849001, 2496633.410825562197715 ] } },
{ "type": "Feature", "properties": { "osmid": 7962005301, "y": 22.5474349, "x": 114.0511697, "street_count": 4, "highway": null, "ref": null }, "geometry": { "type": "Point", "coordinates": [ 196706.136035764182452, 2496416.902044878341258 ] } },
{ "type": "Feature", "properties": { "osmid": 7962005302, "y": 22.5472793, "x": 114.0511723, "street_count": 4, "highway": null, "ref": null }, "geometry": { "type": "Point", "coordinates": [ 196706.063084558059927, 2496399.656638149637729 ] } },
{ "type": "Feature", "properties": { "osmid": 7962005327, "y": 22.5494109, "x": 114.057808, "street_count": 4, "highway": null, "ref": null }, "geometry": { "type": "Point", "coordinates": [ 197393.642327198118437, 2496622.357829129323363 ] } },
{ "type": "Feature", "properties": { "osmid": 7962005328, "y": 22.54941, "x": 114.0579475, "street_count": 4, "highway": null, "ref": null }, "geometry": { "type": "Point", "coordinates": [ 197407.996992663072888, 2496621.975154280662537 ] } },
{ "type": "Feature", "properties": { "osmid": 7962005329, "y": 22.5494918, "x": 114.0578067, "street_count": 4, "highway": null, "ref": null }, "geometry": { "type": "Point", "coordinates": [ 197393.685205504589248, 2496631.323963348288089 ] } },
{ "type": "Feature", "properties": { "osmid": 7962005330, "y": 22.5494926, "x": 114.057946, "street_count": 4, "highway": null, "ref": null }, "geometry": { "type": "Point", "coordinates": [ 197408.022991849342361, 2496631.130048546474427 ] } },
{ "type": "Feature", "properties": { "osmid": 7962005345, "y": 22.5475466, "x": 114.059005, "street_count": 3, "highway": null, "ref": null }, "geometry": { "type": "Point", "coordinates": [ 197512.762052198697347, 2496413.371179113630205 ] } },
{ "type": "Feature", "properties": { "osmid": 7962005346, "y": 22.5495061, "x": 114.0589774, "street_count": 4, "highway": null, "ref": null }, "geometry": { "type": "Point", "coordinates": [ 197514.198803154227789, 2496630.534162322524935 ] } },
{ "type": "Feature", "properties": { "osmid": 7962005347, "y": 22.5494285, "x": 114.0589785, "street_count": 4, "highway": null, "ref": null }, "geometry": { "type": "Point", "coordinates": [ 197514.142615795426536, 2496621.934071988798678 ] } },
{ "type": "Feature", "properties": { "osmid": 7962005352, "y": 22.5512624, "x": 114.0589528, "street_count": 3, "highway": null, "ref": null }, "geometry": { "type": "Point", "coordinates": [ 197515.501121551147662, 2496825.177121203392744 ] } },
{ "type": "Feature", "properties": { "osmid": 7962005353, "y": 22.5434644, "x": 114.0588139, "street_count": 3, "highway": null, "ref": null }, "geometry": { "type": "Point", "coordinates": [ 197484.184681768238079, 2495961.462570546660572 ] } },
{ "type": "Feature", "properties": { "osmid": 7962005378, "y": 22.5512787, "x": 114.0600126, "street_count": 3, "highway": null, "ref": null }, "geometry": { "type": "Point", "coordinates": [ 197624.604347688087728, 2496824.834488229826093 ] } },
{ "type": "Feature", "properties": { "osmid": 7962005386, "y": 22.551285, "x": 114.0604272, "street_count": 3, "highway": null, "ref": null }, "geometry": { "type": "Point", "coordinates": [ 197667.285977860621642, 2496824.692165773827583 ] } },
{ "type": "Feature", "properties": { "osmid": 7962005392, "y": 22.5455169, "x": 114.0578689, "street_count": 4, "highway": null, "ref": null }, "geometry": { "type": "Point", "coordinates": [ 197391.40710353263421, 2496190.78991575492546 ] } },
{ "type": "Feature", "properties": { "osmid": 7962005396, "y": 22.5475323, "x": 114.0580005, "street_count": 4, "highway": null, "ref": null }, "geometry": { "type": "Point", "coordinates": [ 197409.351441886217799, 2496413.82370805228129 ] } },
{ "type": "Feature", "properties": { "osmid": 7962005397, "y": 22.5473833, "x": 114.0580031, "street_count": 4, "highway": null, "ref": null }, "geometry": { "type": "Point", "coordinates": [ 197409.293690368416719, 2496397.309650142677128 ] } },
{ "type": "Feature", "properties": { "osmid": 7962005398, "y": 22.5455203, "x": 114.0580355, "street_count": 4, "highway": null, "ref": null }, "geometry": { "type": "Point", "coordinates": [ 197408.560633982240688, 2496190.828754466492683 ] } },
{ "type": "Feature", "properties": { "osmid": 7962005399, "y": 22.5454405, "x": 114.0580369, "street_count": 4, "highway": null, "ref": null }, "geometry": { "type": "Point", "coordinates": [ 197408.530496193328872, 2496181.984299489296973 ] } },
{ "type": "Feature", "properties": { "osmid": 7962005405, "y": 22.547398, "x": 114.0589752, "street_count": 3, "highway": null, "ref": null }, "geometry": { "type": "Point", "coordinates": [ 197509.370795361697674, 2496396.967141959816217 ] } },
{ "type": "Feature", "properties": { "osmid": 7962005407, "y": 22.5455354, "x": 114.0590573, "street_count": 4, "highway": null, "ref": null }, "geometry": { "type": "Point", "coordinates": [ 197513.754967016226146, 2496190.429957822430879 ] } },
{ "type": "Feature", "properties": { "osmid": 7962005408, "y": 22.5454551, "x": 114.0590605, "street_count": 4, "highway": null, "ref": null }, "geometry": { "type": "Point", "coordinates": [ 197513.909050512709655, 2496181.526461930479854 ] } },
{ "type": "Feature", "properties": { "osmid": 7962005411, "y": 22.5434873, "x": 114.0604128, "street_count": 5, "highway": null, "ref": null }, "geometry": { "type": "Point", "coordinates": [ 197648.79219231713796, 2495960.759255196433514 ] } },
{ "type": "Feature", "properties": { "osmid": 7962005424, "y": 22.5495223, "x": 114.060213, "street_count": 4, "highway": null, "ref": null }, "geometry": { "type": "Point", "coordinates": [ 197641.395594807749148, 2496629.824283551424742 ] } },
{ "type": "Feature", "properties": { "osmid": 7962005425, "y": 22.5494481, "x": 114.0602144, "street_count": 4, "highway": null, "ref": null }, "geometry": { "type": "Point", "coordinates": [ 197641.377771829371341, 2496621.600302943494171 ] } },
{ "type": "Feature", "properties": { "osmid": 7962005426, "y": 22.5495236, "x": 114.0603113, "street_count": 4, "highway": null, "ref": null }, "geometry": { "type": "Point", "coordinates": [ 197651.514944017864764, 2496629.769092579372227 ] } },
{ "type": "Feature", "properties": { "osmid": 7962005427, "y": 22.5494497, "x": 114.0603127, "street_count": 4, "highway": null, "ref": null }, "geometry": { "type": "Point", "coordinates": [ 197651.497781027166639, 2496621.578351701144129 ] } },
{ "type": "Feature", "properties": { "osmid": 7962005428, "y": 22.5475657, "x": 114.0603443, "street_count": 4, "highway": null, "ref": null }, "geometry": { "type": "Point", "coordinates": [ 197650.639372017525602, 2496412.772650827653706 ] } },
{ "type": "Feature", "properties": { "osmid": 7962005429, "y": 22.5474189, "x": 114.0603468, "street_count": 4, "highway": null, "ref": null }, "geometry": { "type": "Point", "coordinates": [ 197650.576387827692088, 2496396.502577871084213 ] } },
{ "type": "Feature", "properties": { "osmid": 7962005430, "y": 22.5455551, "x": 114.0603781, "street_count": 4, "highway": null, "ref": null }, "geometry": { "type": "Point", "coordinates": [ 197649.731617153156549, 2496189.935633412562311 ] } },
{ "type": "Feature", "properties": { "osmid": 7962005431, "y": 22.5454741, "x": 114.0603795, "street_count": 4, "highway": null, "ref": null }, "geometry": { "type": "Point", "coordinates": [ 197649.699000298627652, 2496180.958237431943417 ] } },
{ "type": "Feature", "properties": { "osmid": 7962005432, "y": 22.5455347, "x": 114.059001, "street_count": 4, "highway": null, "ref": null }, "geometry": { "type": "Point", "coordinates": [ 197507.95917120273225, 2496190.466536706779152 ] } },
{ "type": "Feature", "properties": { "osmid": 7962005433, "y": 22.5455537, "x": 114.0602818, "street_count": 4, "highway": null, "ref": null }, "geometry": { "type": "Point", "coordinates": [ 197639.81759543728549, 2496189.975659818388522 ] } },
{ "type": "Feature", "properties": { "osmid": 7962005434, "y": 22.5454544, "x": 114.0590023, "street_count": 4, "highway": null, "ref": null }, "geometry": { "type": "Point", "coordinates": [ 197507.917707552784123, 2496181.566892259288579 ] } },
{ "type": "Feature", "properties": { "osmid": 7962005435, "y": 22.5454728, "x": 114.0602833, "street_count": 4, "highway": null, "ref": null }, "geometry": { "type": "Point", "coordinates": [ 197639.795482718211133, 2496181.009140256326646 ] } },
{ "type": "Feature", "properties": { "osmid": 7962005463, "y": 22.5445447, "x": 114.0602994, "street_count": 4, "highway": null, "ref": null }, "geometry": { "type": "Point", "coordinates": [ 197639.427794845541939, 2496078.145795004442334 ] } },
{ "type": "Feature", "properties": { "osmid": 7962005468, "y": 22.545494, "x": 114.0617587, "street_count": 3, "highway": null, "ref": null }, "geometry": { "type": "Point", "coordinates": [ 197791.686399667116348, 2496180.368999563157558 ] } },
{ "type": "Feature", "properties": { "osmid": 7962005469, "y": 22.5435311, "x": 114.0618073, "street_count": 3, "highway": null, "ref": null }, "geometry": { "type": "Point", "coordinates": [ 197792.408395016391296, 2495962.787301746197045 ] } },
{ "type": "Feature", "properties": { "osmid": 7962005475, "y": 22.5475643, "x": 114.060247, "street_count": 4, "highway": null, "ref": null }, "geometry": { "type": "Point", "coordinates": [ 197640.622577875910792, 2496412.814719706773758 ] } },
{ "type": "Feature", "properties": { "osmid": 7962005476, "y": 22.5474174, "x": 114.0602496, "street_count": 4, "highway": null, "ref": null }, "geometry": { "type": "Point", "coordinates": [ 197640.569656530919019, 2496396.533363212831318 ] } },
{ "type": "Feature", "properties": { "osmid": 7963887445, "y": 22.5327081, "x": 114.047888, "street_count": 3, "highway": null, "ref": null }, "geometry": { "type": "Point", "coordinates": [ 196336.13738753873622, 2494791.879212439060211 ] } },
{ "type": "Feature", "properties": { "osmid": 7963887456, "y": 22.5322479, "x": 114.0478096, "street_count": 3, "highway": null, "ref": null }, "geometry": { "type": "Point", "coordinates": [ 196327.060150042292662, 2494741.049548405688256 ] } },
{ "type": "Feature", "properties": { "osmid": 7963896350, "y": 22.5277628, "x": 114.0444092, "street_count": 4, "highway": null, "ref": null }, "geometry": { "type": "Point", "coordinates": [ 195967.231009400682524, 2494251.030262041371316 ] } },
{ "type": "Feature", "properties": { "osmid": 7965680795, "y": 22.5424156, "x": 114.0509981, "street_count": 3, "highway": null, "ref": null }, "geometry": { "type": "Point", "coordinates": [ 196677.491102617001161, 2495861.124088937416673 ] } },
{ "type": "Feature", "properties": { "osmid": 7965680848, "y": 22.5307607, "x": 114.0361972, "street_count": 3, "highway": null, "ref": null }, "geometry": { "type": "Point", "coordinates": [ 195128.541252991068177, 2494599.93750616395846 ] } },
{ "type": "Feature", "properties": { "osmid": 7965680850, "y": 22.5317019, "x": 114.0379865, "street_count": 4, "highway": null, "ref": null }, "geometry": { "type": "Point", "coordinates": [ 195314.781891938298941, 2494700.568300961516798 ] } },
{ "type": "Feature", "properties": { "osmid": 7965680865, "y": 22.5341092, "x": 114.043955, "street_count": 3, "highway": null, "ref": null }, "geometry": { "type": "Point", "coordinates": [ 195934.39308525621891, 2494955.12383483024314 ] } },
{ "type": "Feature", "properties": { "osmid": 7965680871, "y": 22.5308358, "x": 114.0369057, "street_count": 3, "highway": null, "ref": null }, "geometry": { "type": "Point", "coordinates": [ 195201.632346734812018, 2494606.811861883383244 ] } },
{ "type": "Feature", "properties": { "osmid": 7965680872, "y": 22.5311763, "x": 114.0370091, "street_count": 4, "highway": null, "ref": null }, "geometry": { "type": "Point", "coordinates": [ 195213.023592071374878, 2494644.327669219579548 ] } },
{ "type": "Feature", "properties": { "osmid": 7965696088, "y": 22.5332147, "x": 114.0404912, "street_count": 4, "highway": null, "ref": null }, "geometry": { "type": "Point", "coordinates": [ 195575.909740479430184, 2494863.074364548549056 ] } },
{ "type": "Feature", "properties": { "osmid": 7965696089, "y": 22.5332815, "x": 114.0404841, "street_count": 4, "highway": null, "ref": null }, "geometry": { "type": "Point", "coordinates": [ 195575.325589120271616, 2494870.490170323289931 ] } },
{ "type": "Feature", "properties": { "osmid": 7965696093, "y": 22.5332429, "x": 114.0405351, "street_count": 4, "highway": null, "ref": null }, "geometry": { "type": "Point", "coordinates": [ 195580.490187998686451, 2494866.109354420099407 ] } },
{ "type": "Feature", "properties": { "osmid": 7965696102, "y": 22.53123, "x": 114.040622, "street_count": 3, "highway": null, "ref": null }, "geometry": { "type": "Point", "coordinates": [ 195585.016348297940567, 2494642.90627134591341 ] } },
{ "type": "Feature", "properties": { "osmid": 7965696138, "y": 22.5375223, "x": 114.0436998, "street_count": 3, "highway": null, "ref": null }, "geometry": { "type": "Point", "coordinates": [ 195915.611076991539448, 2495333.808698680251837 ] } },
{ "type": "Feature", "properties": { "osmid": 7965696210, "y": 22.5337647, "x": 114.0439566, "street_count": 3, "highway": null, "ref": null }, "geometry": { "type": "Point", "coordinates": [ 195933.802396546932869, 2494916.950640590395778 ] } },
{ "type": "Feature", "properties": { "osmid": 7965696228, "y": 22.5469914, "x": 114.0442337, "street_count": 3, "highway": null, "ref": null }, "geometry": { "type": "Point", "coordinates": [ 195991.330435450363439, 2496381.879679121542722 ] } },
{ "type": "Feature", "properties": { "osmid": 7965696230, "y": 22.5501017, "x": 114.0441795, "street_count": 3, "highway": null, "ref": null }, "geometry": { "type": "Point", "coordinates": [ 195992.575822727521881, 2496726.605767212808132 ] } },
{ "type": "Feature", "properties": { "osmid": 7965696231, "y": 22.5337222, "x": 114.0444653, "street_count": 3, "highway": null, "ref": null }, "geometry": { "type": "Point", "coordinates": [ 195986.068427300546318, 2494911.205647180322558 ] } },
{ "type": "Feature", "properties": { "osmid": 7965696232, "y": 22.5341527, "x": 114.0444577, "street_count": 3, "highway": null, "ref": null }, "geometry": { "type": "Point", "coordinates": [ 195986.229959113989025, 2494958.919678782112896 ] } },
{ "type": "Feature", "properties": { "osmid": 7965696306, "y": 22.5380067, "x": 114.0438801, "street_count": 3, "highway": null, "ref": null }, "geometry": { "type": "Point", "coordinates": [ 195935.23072446428705, 2495387.111984884832054 ] } },
{ "type": "Feature", "properties": { "osmid": 7965696319, "y": 22.5376553, "x": 114.0441289, "street_count": 3, "highway": null, "ref": null }, "geometry": { "type": "Point", "coordinates": [ 195960.067712585907429, 2495347.670688361860812 ] } },
{ "type": "Feature", "properties": { "osmid": 7965696332, "y": 22.5397841, "x": 114.0443595, "street_count": 3, "highway": null, "ref": null }, "geometry": { "type": "Point", "coordinates": [ 195988.470160404976923, 2495583.067937168292701 ] } },
{ "type": "Feature", "properties": { "osmid": 7965696340, "y": 22.5421038, "x": 114.0399791, "street_count": 3, "highway": null, "ref": null }, "geometry": { "type": "Point", "coordinates": [ 195542.720423816004768, 2495849.016723854932934 ] } },
{ "type": "Feature", "properties": { "osmid": 7965696350, "y": 22.5450259, "x": 114.044268, "street_count": 3, "highway": null, "ref": null }, "geometry": { "type": "Point", "coordinates": [ 195990.549094038433395, 2496164.035985579714179 ] } },
{ "type": "Feature", "properties": { "osmid": 7965696351, "y": 22.546258, "x": 114.0442465, "street_count": 3, "highway": null, "ref": null }, "geometry": { "type": "Point", "coordinates": [ 195991.038980442215689, 2496300.594213918317109 ] } },
{ "type": "Feature", "properties": { "osmid": 7966386931, "y": 22.5393976, "x": 114.0490618, "street_count": 3, "highway": null, "ref": null }, "geometry": { "type": "Point", "coordinates": [ 196471.597938459191937, 2495530.673477925360203 ] } },
{ "type": "Feature", "properties": { "osmid": 7966386945, "y": 22.5409551, "x": 114.0455332, "street_count": 3, "highway": null, "ref": null }, "geometry": { "type": "Point", "coordinates": [ 196111.837739481357858, 2495710.422025663778186 ] } },
{ "type": "Feature", "properties": { "osmid": 7967774247, "y": 22.5487862, "x": 114.0371666, "street_count": 3, "highway": null, "ref": null }, "geometry": { "type": "Point", "coordinates": [ 195267.946497517579701, 2496595.158641172107309 ] } },
{ "type": "Feature", "properties": { "osmid": 7967774249, "y": 22.5481912, "x": 114.0348659, "street_count": 3, "highway": null, "ref": null }, "geometry": { "type": "Point", "coordinates": [ 195029.856306234025396, 2496533.934686035849154 ] } },
{ "type": "Feature", "properties": { "osmid": 7967774255, "y": 22.549268, "x": 114.0384892, "street_count": 3, "highway": null, "ref": null }, "geometry": { "type": "Point", "coordinates": [ 195405.123184407537337, 2496645.840401242487133 ] } },
{ "type": "Feature", "properties": { "osmid": 7973099504, "y": 22.5421351, "x": 114.0402346, "street_count": 3, "highway": null, "ref": null }, "geometry": { "type": "Point", "coordinates": [ 195569.085614817682654, 2495851.96345699345693 ] } },
{ "type": "Feature", "properties": { "osmid": 7973099505, "y": 22.5417877, "x": 114.0380755, "street_count": 3, "highway": null, "ref": null }, "geometry": { "type": "Point", "coordinates": [ 195346.104149677266832, 2495817.878340024966747 ] } },
{ "type": "Feature", "properties": { "osmid": 7973099506, "y": 22.5417655, "x": 114.038594, "street_count": 3, "highway": null, "ref": null }, "geometry": { "type": "Point", "coordinates": [ 195399.42036242398899, 2495814.360172923188657 ] } },
{ "type": "Feature", "properties": { "osmid": 7973099507, "y": 22.5407673, "x": 114.0319826, "street_count": 3, "highway": null, "ref": null }, "geometry": { "type": "Point", "coordinates": [ 194716.762913773301989, 2495717.270717967767268 ] } },
{ "type": "Feature", "properties": { "osmid": 7973099508, "y": 22.5405942, "x": 114.0316463, "street_count": 3, "highway": null, "ref": null }, "geometry": { "type": "Point", "coordinates": [ 194681.768640412716195, 2495698.779407195281237 ] } },
{ "type": "Feature", "properties": { "osmid": 7973099509, "y": 22.5404717, "x": 114.0309229, "street_count": 3, "highway": null, "ref": null }, "geometry": { "type": "Point", "coordinates": [ 194607.044107679394074, 2495686.686701048631221 ] } },
{ "type": "Feature", "properties": { "osmid": 7973099511, "y": 22.5402739, "x": 114.0290714, "street_count": 3, "highway": null, "ref": null }, "geometry": { "type": "Point", "coordinates": [ 194416.045393323292956, 2495668.560685317963362 ] } },
{ "type": "Feature", "properties": { "osmid": 7973099522, "y": 22.5408055, "x": 114.0304902, "street_count": 3, "highway": null, "ref": null }, "geometry": { "type": "Point", "coordinates": [ 194563.244633248541504, 2495724.556973913218826 ] } },
{ "type": "Feature", "properties": { "osmid": 7973099523, "y": 22.5408375, "x": 114.0306788, "street_count": 3, "highway": null, "ref": null }, "geometry": { "type": "Point", "coordinates": [ 194582.726436329248827, 2495727.716548026073724 ] } },
{ "type": "Feature", "properties": { "osmid": 7973099524, "y": 22.5404876, "x": 114.0286178, "street_count": 3, "highway": null, "ref": null }, "geometry": { "type": "Point", "coordinates": [ 194369.830373090691864, 2495693.167365248315036 ] } },
{ "type": "Feature", "properties": { "osmid": 7973099528, "y": 22.5409877, "x": 114.0308699, "street_count": 3, "highway": null, "ref": null }, "geometry": { "type": "Point", "coordinates": [ 194602.725936902163085, 2495743.967479972168803 ] } },
{ "type": "Feature", "properties": { "osmid": 7973099529, "y": 22.5413556, "x": 114.0330376, "street_count": 3, "highway": null, "ref": null }, "geometry": { "type": "Point", "coordinates": [ 194826.64181937155081, 2495780.295923071913421 ] } },
{ "type": "Feature", "properties": { "osmid": 7973099530, "y": 22.5413111, "x": 114.0334956, "street_count": 3, "highway": null, "ref": null }, "geometry": { "type": "Point", "coordinates": [ 194873.682390410045628, 2495774.428842686582357 ] } },
{ "type": "Feature", "properties": { "osmid": 7973099531, "y": 22.5414531, "x": 114.0343442, "street_count": 3, "highway": null, "ref": null }, "geometry": { "type": "Point", "coordinates": [ 194961.334918564534746, 2495788.427423999179155 ] } },
{ "type": "Feature", "properties": { "osmid": 7973099532, "y": 22.5416065, "x": 114.0346893, "street_count": 3, "highway": null, "ref": null }, "geometry": { "type": "Point", "coordinates": [ 194997.190953111101408, 2495804.718587666284293 ] } },
{ "type": "Feature", "properties": { "osmid": 7973099533, "y": 22.541647, "x": 114.0355025, "street_count": 3, "highway": null, "ref": null }, "geometry": { "type": "Point", "coordinates": [ 195080.976395977661014, 2495807.54409987712279 ] } },
{ "type": "Feature", "properties": { "osmid": 7973099537, "y": 22.5419044, "x": 114.0371457, "street_count": 3, "highway": null, "ref": null }, "geometry": { "type": "Point", "coordinates": [ 195250.663902507920284, 2495832.707053179852664 ] } },
{ "type": "Feature", "properties": { "osmid": 7973099538, "y": 22.5424838, "x": 114.0417236, "street_count": 3, "highway": null, "ref": null }, "geometry": { "type": "Point", "coordinates": [ 195723.101079803542234, 2495887.561946545727551 ] } },
{ "type": "Feature", "properties": { "osmid": 7973099541, "y": 22.5425427, "x": 114.0404809, "street_count": 3, "highway": null, "ref": null }, "geometry": { "type": "Point", "coordinates": [ 195595.33027810807107, 2495896.622439736966044 ] } },
{ "type": "Feature", "properties": { "osmid": 7973099584, "y": 22.5423752, "x": 114.0400646, "street_count": 3, "highway": null, "ref": null }, "geometry": { "type": "Point", "coordinates": [ 195552.116298475710209, 2495878.912980296183378 ] } },
{ "type": "Feature", "properties": { "osmid": 7973114848, "y": 22.541421, "x": 114.0358562, "street_count": 3, "highway": null, "ref": null }, "geometry": { "type": "Point", "coordinates": [ 195116.882900054100901, 2495781.7809171047993 ] } },
{ "type": "Feature", "properties": { "osmid": 7973114851, "y": 22.5419686, "x": 114.0356229, "street_count": 3, "highway": null, "ref": null }, "geometry": { "type": "Point", "coordinates": [ 195094.075615248002578, 2495842.930966979824007 ] } },
{ "type": "Feature", "properties": { "osmid": 7973114859, "y": 22.5413786, "x": 114.0355999, "street_count": 3, "highway": null, "ref": null }, "geometry": { "type": "Point", "coordinates": [ 195090.410646154137794, 2495777.606703971512616 ] } },
{ "type": "Feature", "properties": { "osmid": 7973114863, "y": 22.5418683, "x": 114.0368094, "street_count": 3, "highway": null, "ref": null }, "geometry": { "type": "Point", "coordinates": [ 195215.971899665833917, 2495829.394046030472964 ] } },
{ "type": "Feature", "properties": { "osmid": 7975286295, "y": 22.5501077, "x": 114.0340236, "street_count": 3, "highway": null, "ref": null }, "geometry": { "type": "Point", "coordinates": [ 194947.388122835429385, 2496748.002913216594607 ] } },
{ "type": "Feature", "properties": { "osmid": 7975286312, "y": 22.5476225, "x": 114.0345895, "street_count": 3, "highway": null, "ref": null }, "geometry": { "type": "Point", "coordinates": [ 195000.158281258190982, 2496471.488409646321088 ] } },
{ "type": "Feature", "properties": { "osmid": 7975286318, "y": 22.5485667, "x": 114.0344076, "street_count": 3, "highway": null, "ref": null }, "geometry": { "type": "Point", "coordinates": [ 194983.515800056629814, 2496576.47660257620737 ] } },
{ "type": "Feature", "properties": { "osmid": 7975286323, "y": 22.5483772, "x": 114.034953, "street_count": 3, "highway": null, "ref": null }, "geometry": { "type": "Point", "coordinates": [ 195039.229735676432028, 2496554.365225336980075 ] } },
{ "type": "Feature", "properties": { "osmid": 7975286330, "y": 22.5432354, "x": 114.0354556, "street_count": 3, "highway": null, "ref": null }, "geometry": { "type": "Point", "coordinates": [ 195079.643476641795132, 2495983.632681458257139 ] } },
{ "type": "Feature", "properties": { "osmid": 7975286343, "y": 22.5443187, "x": 114.0383278, "street_count": 3, "highway": null, "ref": null }, "geometry": { "type": "Point", "coordinates": [ 195377.633714567578863, 2496097.794444176368415 ] } },
{ "type": "Feature", "properties": { "osmid": 7975286345, "y": 22.5425517, "x": 114.0391569, "street_count": 2, "highway": null, "ref": null }, "geometry": { "type": "Point", "coordinates": [ 195459.082356894796249, 2495900.321084585506469 ] } },
{ "type": "Feature", "properties": { "osmid": 7975286412, "y": 22.5423626, "x": 114.0391677, "street_count": 3, "highway": null, "ref": null }, "geometry": { "type": "Point", "coordinates": [ 195459.778450585203245, 2495879.347047995775938 ] } },
{ "type": "Feature", "properties": { "osmid": 7975286415, "y": 22.5437125, "x": 114.0391425, "street_count": 3, "highway": null, "ref": null }, "geometry": { "type": "Point", "coordinates": [ 195460.150682204053737, 2496028.965376927983016 ] } },
{ "type": "Feature", "properties": { "osmid": 7975286422, "y": 22.5438725, "x": 114.0355539, "street_count": 3, "highway": null, "ref": null }, "geometry": { "type": "Point", "coordinates": [ 195091.162108711840119, 2496054.021706787403673 ] } },
{ "type": "Feature", "properties": { "osmid": 7975286429, "y": 22.544419, "x": 114.0391695, "street_count": 4, "highway": null, "ref": null }, "geometry": { "type": "Point", "coordinates": [ 195464.481829412048683, 2496107.189420998562127 ] } },
{ "type": "Feature", "properties": { "osmid": 7975286430, "y": 22.5438501, "x": 114.035409, "street_count": 3, "highway": null, "ref": null }, "geometry": { "type": "Point", "coordinates": [ 195076.199647239991464, 2496051.835913236252964 ] } },
{ "type": "Feature", "properties": { "osmid": 7975286455, "y": 22.5446079, "x": 114.044001, "street_count": 3, "highway": null, "ref": null }, "geometry": { "type": "Point", "coordinates": [ 195962.152758729702327, 2496118.266378026455641 ] } },
{ "type": "Feature", "properties": { "osmid": 7975286462, "y": 22.5444281, "x": 114.0436528, "street_count": 3, "highway": null, "ref": null }, "geometry": { "type": "Point", "coordinates": [ 195925.921760460303631, 2496099.054406508337706 ] } },
{ "type": "Feature", "properties": { "osmid": 7975286488, "y": 22.544036, "x": 114.0436541, "street_count": 3, "highway": "crossing", "ref": null }, "geometry": { "type": "Point", "coordinates": [ 195925.195351418224163, 2496055.607784828171134 ] } },
{ "type": "Feature", "properties": { "osmid": 7975286500, "y": 22.5442654, "x": 114.0383375, "street_count": 4, "highway": null, "ref": null }, "geometry": { "type": "Point", "coordinates": [ 195378.514895508124027, 2496091.869077355600893 ] } },
{ "type": "Feature", "properties": { "osmid": 7975286501, "y": 22.5437715, "x": 114.0353013, "street_count": 6, "highway": null, "ref": null }, "geometry": { "type": "Point", "coordinates": [ 195064.942183319595642, 2496043.347219919320196 ] } },
{ "type": "Feature", "properties": { "osmid": 7975286514, "y": 22.5444338, "x": 114.042016, "street_count": 4, "highway": null, "ref": null }, "geometry": { "type": "Point", "coordinates": [ 195757.475444412382785, 2496103.022449280135334 ] } },
{ "type": "Feature", "properties": { "osmid": 7975286521, "y": 22.5443965, "x": 114.0420291, "street_count": 4, "highway": null, "ref": null }, "geometry": { "type": "Point", "coordinates": [ 195758.741816040303092, 2496098.862961500883102 ] } },
{ "type": "Feature", "properties": { "osmid": 7975286522, "y": 22.5480668, "x": 114.0344098, "street_count": 4, "highway": null, "ref": null }, "geometry": { "type": "Point", "coordinates": [ 194982.641885896911845, 2496521.083737762179226 ] } },
{ "type": "Feature", "properties": { "osmid": 7975286528, "y": 22.5477841, "x": 114.0344654, "street_count": 3, "highway": null, "ref": null }, "geometry": { "type": "Point", "coordinates": [ 194987.741866613505408, 2496489.647219052538276 ] } },
{ "type": "Feature", "properties": { "osmid": 7975286534, "y": 22.5479512, "x": 114.0340327, "street_count": 3, "highway": null, "ref": null }, "geometry": { "type": "Point", "coordinates": [ 194943.577229574148078, 2496509.046417490113527 ] } },
{ "type": "Feature", "properties": { "osmid": 7975286536, "y": 22.5481495, "x": 114.0340552, "street_count": 3, "highway": null, "ref": null }, "geometry": { "type": "Point", "coordinates": [ 194946.329401303082705, 2496530.971835498698056 ] } },
{ "type": "Feature", "properties": { "osmid": 7975286544, "y": 22.5486079, "x": 114.034303, "street_count": 3, "highway": null, "ref": null }, "geometry": { "type": "Point", "coordinates": [ 194972.841361911967397, 2496581.255380993708968 ] } },
{ "type": "Feature", "properties": { "osmid": 7975286574, "y": 22.5490944, "x": 114.0391143, "street_count": 1, "highway": null, "ref": null }, "geometry": { "type": "Point", "coordinates": [ 195469.074632043426391, 2496625.329592052847147 ] } },
{ "type": "Feature", "properties": { "osmid": 7975286578, "y": 22.5425759, "x": 114.0411121, "street_count": 3, "highway": null, "ref": null }, "geometry": { "type": "Point", "coordinates": [ 195660.367004291154444, 2495899.013486566022038 ] } },
{ "type": "Feature", "properties": { "osmid": 7975286583, "y": 22.5464263, "x": 114.0391612, "street_count": 4, "highway": null, "ref": null }, "geometry": { "type": "Point", "coordinates": [ 195468.03822713077534, 2496329.612243139650673 ] } },
{ "type": "Feature", "properties": { "osmid": 7977050923, "y": 22.5457989, "x": 114.0349432, "street_count": 3, "highway": null, "ref": null }, "geometry": { "type": "Point", "coordinates": [ 195032.547359638556372, 2496268.712601016275585 ] } },
{ "type": "Feature", "properties": { "osmid": 7977050954, "y": 22.5463503, "x": 114.0379, "street_count": 3, "highway": null, "ref": null }, "geometry": { "type": "Point", "coordinates": [ 195338.070453512889799, 2496323.766342416405678 ] } },
{ "type": "Feature", "properties": { "osmid": 7977050964, "y": 22.5444283, "x": 114.0398595, "street_count": 4, "highway": null, "ref": null }, "geometry": { "type": "Point", "coordinates": [ 195535.516949561482761, 2496106.811749745160341 ] } },
{ "type": "Feature", "properties": { "osmid": 7977050965, "y": 22.5482682, "x": 114.039868, "street_count": 3, "highway": null, "ref": null }, "geometry": { "type": "Point", "coordinates": [ 195544.827472873381339, 2496532.249510486144572 ] } },
{ "type": "Feature", "properties": { "osmid": 7977056072, "y": 22.5533482, "x": 114.0397784, "street_count": 4, "highway": null, "ref": null }, "geometry": { "type": "Point", "coordinates": [ 195546.768575052265078, 2497095.288931996561587 ] } },
{ "type": "Feature", "properties": { "osmid": 7977056073, "y": 22.5496022, "x": 114.0397897, "street_count": 4, "highway": null, "ref": null }, "geometry": { "type": "Point", "coordinates": [ 195539.700077644258272, 2496680.214525255840272 ] } },
{ "type": "Feature", "properties": { "osmid": 7977056074, "y": 22.549463, "x": 114.039791, "street_count": 4, "highway": null, "ref": null }, "geometry": { "type": "Point", "coordinates": [ 195539.528017118456773, 2496664.788717664312571 ] } },
{ "type": "Feature", "properties": { "osmid": 7977056078, "y": 22.5496221, "x": 114.0398632, "street_count": 4, "highway": null, "ref": null }, "geometry": { "type": "Point", "coordinates": [ 195547.308124237286393, 2496682.269411649089307 ] } },
{ "type": "Feature", "properties": { "osmid": 7977056079, "y": 22.5494802, "x": 114.0398638, "street_count": 4, "highway": null, "ref": null }, "geometry": { "type": "Point", "coordinates": [ 195547.058097518223803, 2496666.545877409633249 ] } },
{ "type": "Feature", "properties": { "osmid": 7977056082, "y": 22.5464606, "x": 114.0397897, "street_count": 4, "highway": null, "ref": null }, "geometry": { "type": "Point", "coordinates": [ 195532.797764181101229, 2496332.129932133015245 ] } },
{ "type": "Feature", "properties": { "osmid": 7977056084, "y": 22.5464637, "x": 114.0398702, "street_count": 4, "highway": null, "ref": null }, "geometry": { "type": "Point", "coordinates": [ 195541.089497648994438, 2496332.309135355986655 ] } },
{ "type": "Feature", "properties": { "osmid": 7977056101, "y": 22.5503618, "x": 114.0433593, "street_count": 3, "highway": null, "ref": null }, "geometry": { "type": "Point", "coordinates": [ 195908.735489442071412, 2496757.096113860607147 ] } },
{ "type": "Feature", "properties": { "osmid": 7977056103, "y": 22.5503282, "x": 114.0437018, "street_count": 3, "highway": null, "ref": null }, "geometry": { "type": "Point", "coordinates": [ 195943.910197621793486, 2496752.675153135322034 ] } },
{ "type": "Feature", "properties": { "osmid": 7977056115, "y": 22.5471364, "x": 114.0414571, "street_count": 3, "highway": null, "ref": null }, "geometry": { "type": "Point", "coordinates": [ 195705.887514191912487, 2496403.605816081631929 ] } },
{ "type": "Feature", "properties": { "osmid": 7977056116, "y": 22.5471745, "x": 114.0436794, "street_count": 3, "highway": null, "ref": null }, "geometry": { "type": "Point", "coordinates": [ 195934.68492825969588, 2496403.296402500476688 ] } },
{ "type": "Feature", "properties": { "osmid": 7977056117, "y": 22.5471952, "x": 114.0437467, "street_count": 4, "highway": null, "ref": null }, "geometry": { "type": "Point", "coordinates": [ 195941.656693565426394, 2496405.452767496928573 ] } },
{ "type": "Feature", "properties": { "osmid": 7977056124, "y": 22.5473915, "x": 114.0442268, "street_count": 3, "highway": null, "ref": null }, "geometry": { "type": "Point", "coordinates": [ 195991.49799785768846, 2496426.224092569202185 ] } },
{ "type": "Feature", "properties": { "osmid": 7977056128, "y": 22.5471595, "x": 114.0437473, "street_count": 4, "highway": null, "ref": null }, "geometry": { "type": "Point", "coordinates": [ 195941.640116750844754, 2496401.496048297733068 ] } },
{ "type": "Feature", "properties": { "osmid": 7979238484, "y": 22.544434, "x": 114.0420419, "street_count": 4, "highway": null, "ref": null }, "geometry": { "type": "Point", "coordinates": [ 195760.141502752259839, 2496102.991799317765981 ] } },
{ "type": "Feature", "properties": { "osmid": 7979256597, "y": 22.5464991, "x": 114.0414866, "street_count": 4, "highway": null, "ref": null }, "geometry": { "type": "Point", "coordinates": [ 195707.524270794645417, 2496332.933844444807619 ] } },
{ "type": "Feature", "properties": { "osmid": 7979256612, "y": 22.5465066, "x": 114.0415124, "street_count": 3, "highway": null, "ref": null }, "geometry": { "type": "Point", "coordinates": [ 195710.196026702760719, 2496333.712213263846934 ] } },
{ "type": "Feature", "properties": { "osmid": 7979256626, "y": 22.5498994, "x": 114.0415502, "street_count": 3, "highway": null, "ref": null }, "geometry": { "type": "Point", "coordinates": [ 195721.536154500441626, 2496709.551881374325603 ] } },
{ "type": "Feature", "properties": { "osmid": 7979256640, "y": 22.5498448, "x": 114.0413328, "street_count": 3, "highway": null, "ref": null }, "geometry": { "type": "Point", "coordinates": [ 195699.042389476962853, 2496703.945735106244683 ] } },
{ "type": "Feature", "properties": { "osmid": 7979256646, "y": 22.5471373, "x": 114.0414851, "street_count": 4, "highway": null, "ref": null }, "geometry": { "type": "Point", "coordinates": [ 195708.77118563168915, 2496403.648426957428455 ] } },
{ "type": "Feature", "properties": { "osmid": 7979256647, "y": 22.5482912, "x": 114.0430734, "street_count": 3, "highway": null, "ref": null }, "geometry": { "type": "Point", "coordinates": [ 195874.767607129120734, 2496528.260008647572249 ] } },
{ "type": "Feature", "properties": { "osmid": 7979256648, "y": 22.5482796, "x": 114.0414504, "street_count": 4, "highway": null, "ref": null }, "geometry": { "type": "Point", "coordinates": [ 195707.70820700051263, 2496530.284197183791548 ] } },
{ "type": "Feature", "properties": { "osmid": 7979256649, "y": 22.5482798, "x": 114.0414865, "street_count": 4, "highway": null, "ref": null }, "geometry": { "type": "Point", "coordinates": [ 195711.423943996604066, 2496530.232725770678371 ] } },
{ "type": "Feature", "properties": { "osmid": 7979256695, "y": 22.5500203, "x": 114.0415005, "street_count": 3, "highway": null, "ref": null }, "geometry": { "type": "Point", "coordinates": [ 195716.686741024663206, 2496723.048782659228891 ] } },
{ "type": "Feature", "properties": { "osmid": 7979256736, "y": 22.5519182, "x": 114.0398553, "street_count": 3, "highway": null, "ref": null }, "geometry": { "type": "Point", "coordinates": [ 195551.540249311365187, 2496936.690041605383158 ] } },
{ "type": "Feature", "properties": { "osmid": 7979256811, "y": 22.5507247, "x": 114.0340049, "street_count": 4, "highway": null, "ref": null }, "geometry": { "type": "Point", "coordinates": [ 194946.821981487039011, 2496816.404101463966072 ] } },
{ "type": "Feature", "properties": { "osmid": 7979256822, "y": 22.5495719, "x": 114.0374032, "street_count": 1, "highway": null, "ref": null }, "geometry": { "type": "Point", "coordinates": [ 195294.02431510866154, 2496681.729898462072015 ] } },
{ "type": "Feature", "properties": { "osmid": 7979256831, "y": 22.5498593, "x": 114.0373188, "street_count": 4, "highway": null, "ref": null }, "geometry": { "type": "Point", "coordinates": [ 195285.970204041106626, 2496713.745838481001556 ] } },
{ "type": "Feature", "properties": { "osmid": 7979256832, "y": 22.5505081, "x": 114.036108, "street_count": 3, "highway": null, "ref": null }, "geometry": { "type": "Point", "coordinates": [ 195162.786909943155479, 2496788.10581331141293 ] } },
{ "type": "Feature", "properties": { "osmid": 7979256862, "y": 22.5487761, "x": 114.0365159, "street_count": 4, "highway": null, "ref": null }, "geometry": { "type": "Point", "coordinates": [ 195200.956342609017156, 2496595.368876027874649 ] } },
{ "type": "Feature", "properties": { "osmid": 7979256883, "y": 22.5496175, "x": 114.0363178, "street_count": 3, "highway": null, "ref": null }, "geometry": { "type": "Point", "coordinates": [ 195182.41940569068538, 2496688.999710840638727 ] } },
{ "type": "Feature", "properties": { "osmid": 7986450947, "y": 22.5461938, "x": 114.0324744, "street_count": 3, "highway": null, "ref": null }, "geometry": { "type": "Point", "coordinates": [ 194779.330144826555625, 2496317.515418685507029 ] } },
{ "type": "Feature", "properties": { "osmid": 7986450948, "y": 22.5457917, "x": 114.0348441, "street_count": 3, "highway": null, "ref": null }, "geometry": { "type": "Point", "coordinates": [ 195022.332230982370675, 2496268.117411328013986 ] } },
{ "type": "Feature", "properties": { "osmid": 7986450971, "y": 22.5466663, "x": 114.0297688, "street_count": 3, "highway": null, "ref": null }, "geometry": { "type": "Point", "coordinates": [ 194501.913869134965353, 2496375.405469020828605 ] } },
{ "type": "Feature", "properties": { "osmid": 7986471593, "y": 22.5474137, "x": 114.0322448, "street_count": 4, "highway": null, "ref": null }, "geometry": { "type": "Point", "coordinates": [ 194758.386866843909957, 2496453.148873115424067 ] } },
{ "type": "Feature", "properties": { "osmid": 7992164359, "y": 22.5416824, "x": 114.0718758, "street_count": 3, "highway": null, "ref": null }, "geometry": { "type": "Point", "coordinates": [ 198824.62879531289218, 2495737.602382342331111 ] } },
{ "type": "Feature", "properties": { "osmid": 7992164372, "y": 22.5416833, "x": 114.0719761, "street_count": 4, "highway": null, "ref": null }, "geometry": { "type": "Point", "coordinates": [ 198834.953601821966004, 2495737.499682990834117 ] } },
{ "type": "Feature", "properties": { "osmid": 7992170511, "y": 22.5389052, "x": 114.0723762, "street_count": 3, "highway": null, "ref": null }, "geometry": { "type": "Point", "coordinates": [ 198870.097512331441976, 2495428.889584941323847 ] } },
{ "type": "Feature", "properties": { "osmid": 7992170512, "y": 22.5396648, "x": 114.074121, "street_count": 3, "highway": null, "ref": null }, "geometry": { "type": "Point", "coordinates": [ 199051.324215901026037, 2495509.530970501713455 ] } },
{ "type": "Feature", "properties": { "osmid": 7992170513, "y": 22.5400271, "x": 114.0749627, "street_count": 3, "highway": null, "ref": null }, "geometry": { "type": "Point", "coordinates": [ 199138.73912772256881, 2495547.9753437647596 ] } },
{ "type": "Feature", "properties": { "osmid": 7992170518, "y": 22.5396049, "x": 114.0741543, "street_count": 4, "highway": null, "ref": null }, "geometry": { "type": "Point", "coordinates": [ 199054.621463794843294, 2495502.827143082860857 ] } },
{ "type": "Feature", "properties": { "osmid": 7992170524, "y": 22.5391107, "x": 114.0720171, "street_count": 3, "highway": null, "ref": null }, "geometry": { "type": "Point", "coordinates": [ 198833.584687396767549, 2495452.38275587419048 ] } },
{ "type": "Feature", "properties": { "osmid": 7992170550, "y": 22.5391776, "x": 114.0719383, "street_count": 3, "highway": null, "ref": null }, "geometry": { "type": "Point", "coordinates": [ 198825.619787626725156, 2495459.954027717001736 ] } },
{ "type": "Feature", "properties": { "osmid": 7992170555, "y": 22.5387517, "x": 114.0719347, "street_count": 4, "highway": null, "ref": null }, "geometry": { "type": "Point", "coordinates": [ 198824.324089618341532, 2495412.773213806096464 ] } },
{ "type": "Feature", "properties": { "osmid": 7992170556, "y": 22.5386634, "x": 114.0720206, "street_count": 4, "highway": null, "ref": null }, "geometry": { "type": "Point", "coordinates": [ 198832.973277715791482, 2495402.816580472979695 ] } },
{ "type": "Feature", "properties": { "osmid": 7992170569, "y": 22.5380992, "x": 114.072035, "street_count": 3, "highway": null, "ref": null }, "geometry": { "type": "Point", "coordinates": [ 198833.229818203719333, 2495340.276345784310251 ] } },
{ "type": "Feature", "properties": { "osmid": 7992170585, "y": 22.5402244, "x": 114.077671, "street_count": 4, "highway": null, "ref": null }, "geometry": { "type": "Point", "coordinates": [ 199417.907030002505053, 2495564.378253484610468 ] } },
{ "type": "Feature", "properties": { "osmid": 7992170611, "y": 22.5362201, "x": 114.0801194, "street_count": 3, "highway": null, "ref": null }, "geometry": { "type": "Point", "coordinates": [ 199661.223454991588369, 2495115.790503068361431 ] } },
{ "type": "Feature", "properties": { "osmid": 7993875250, "y": 22.5359079, "x": 114.0720771, "street_count": 4, "highway": null, "ref": null }, "geometry": { "type": "Point", "coordinates": [ 198832.803328829351813, 2495097.403869612608105 ] } },
{ "type": "Feature", "properties": { "osmid": 7993875258, "y": 22.5367459, "x": 114.0720674, "street_count": 3, "highway": null, "ref": null }, "geometry": { "type": "Point", "coordinates": [ 198833.625063150248025, 2495190.270580084063113 ] } },
{ "type": "Feature", "properties": { "osmid": 7993875260, "y": 22.5365908, "x": 114.0732455, "street_count": 1, "highway": null, "ref": null }, "geometry": { "type": "Point", "coordinates": [ 198954.542359639599454, 2495170.709590442012995 ] } },
{ "type": "Feature", "properties": { "osmid": 7993875261, "y": 22.5367522, "x": 114.0723563, "street_count": 3, "highway": null, "ref": null }, "geometry": { "type": "Point", "coordinates": [ 198863.373318558384199, 2495190.385722347535193 ] } },
{ "type": "Feature", "properties": { "osmid": 7993875263, "y": 22.5363432, "x": 114.0732787, "street_count": 1, "highway": null, "ref": null }, "geometry": { "type": "Point", "coordinates": [ 198957.421862693387084, 2495143.209535924252123 ] } },
{ "type": "Feature", "properties": { "osmid": 7993875264, "y": 22.5363376, "x": 114.0729157, "street_count": 3, "highway": null, "ref": null }, "geometry": { "type": "Point", "coordinates": [ 198920.0484175166348, 2495143.321219839621335 ] } },
{ "type": "Feature", "properties": { "osmid": 7993875265, "y": 22.5366839, "x": 114.0729113, "street_count": 3, "highway": null, "ref": null }, "geometry": { "type": "Point", "coordinates": [ 198920.347489337727893, 2495181.698767682537436 ] } },
{ "type": "Feature", "properties": { "osmid": 7993875266, "y": 22.5365135, "x": 114.0723603, "street_count": 3, "highway": null, "ref": null }, "geometry": { "type": "Point", "coordinates": [ 198863.266612063569482, 2495163.930625339504331 ] } },
{ "type": "Feature", "properties": { "osmid": 7993875267, "y": 22.5365189, "x": 114.0729134, "street_count": 3, "highway": null, "ref": null }, "geometry": { "type": "Point", "coordinates": [ 198920.205355851561762, 2495163.413183109369129 ] } },
{ "type": "Feature", "properties": { "osmid": 8002408089, "y": 22.5506078, "x": 114.0677346, "street_count": 3, "highway": null, "ref": null }, "geometry": { "type": "Point", "coordinates": [ 198417.839324709028006, 2496734.869037594180554 ] } },
{ "type": "Feature", "properties": { "osmid": 8002408174, "y": 22.5476229, "x": 114.0661273, "street_count": 3, "highway": null, "ref": null }, "geometry": { "type": "Point", "coordinates": [ 198245.926797937485389, 2496407.402358513791114 ] } },
{ "type": "Feature", "properties": { "osmid": 8002408175, "y": 22.547604, "x": 114.0645942, "street_count": 3, "highway": null, "ref": null }, "geometry": { "type": "Point", "coordinates": [ 198088.105474918847904, 2496408.409859910141677 ] } },
{ "type": "Feature", "properties": { "osmid": 8002408176, "y": 22.5475069, "x": 114.0646031, "street_count": 3, "highway": null, "ref": null }, "geometry": { "type": "Point", "coordinates": [ 198088.809889313473832, 2496397.633485668338835 ] } },
{ "type": "Feature", "properties": { "osmid": 8002408178, "y": 22.5475805, "x": 114.0680296, "street_count": 4, "highway": null, "ref": null }, "geometry": { "type": "Point", "coordinates": [ 198441.610968333785422, 2496398.858372029382735 ] } },
{ "type": "Feature", "properties": { "osmid": 8002408180, "y": 22.5476671, "x": 114.068029, "street_count": 4, "highway": null, "ref": null }, "geometry": { "type": "Point", "coordinates": [ 198441.737660246202722, 2496408.454562366940081 ] } },
{ "type": "Feature", "properties": { "osmid": 8002408185, "y": 22.5477403, "x": 114.0684801, "street_count": 3, "highway": null, "ref": null }, "geometry": { "type": "Point", "coordinates": [ 198488.322117309493478, 2496415.653161944355816 ] } },
{ "type": "Feature", "properties": { "osmid": 8002408198, "y": 22.5480388, "x": 114.0680345, "street_count": 3, "highway": null, "ref": null }, "geometry": { "type": "Point", "coordinates": [ 198443.112519895948935, 2496449.62650846876204 ] } },
{ "type": "Feature", "properties": { "osmid": 8025306506, "y": 22.5344292, "x": 114.0802853, "street_count": 3, "highway": null, "ref": null }, "geometry": { "type": "Point", "coordinates": [ 199674.419795420428272, 2494917.033011195715517 ] } },
{ "type": "Feature", "properties": { "osmid": 8025306507, "y": 22.5348751, "x": 114.0792135, "street_count": 1, "highway": null, "ref": null }, "geometry": { "type": "Point", "coordinates": [ 199565.0711963577196, 2494968.593424909748137 ] } },
{ "type": "Feature", "properties": { "osmid": 8025306509, "y": 22.5346833, "x": 114.0796745, "street_count": 3, "highway": null, "ref": null }, "geometry": { "type": "Point", "coordinates": [ 199612.103845711390022, 2494946.415107536129653 ] } },
{ "type": "Feature", "properties": { "osmid": 8025306510, "y": 22.535228, "x": 114.0799244, "street_count": 1, "highway": null, "ref": null }, "geometry": { "type": "Point", "coordinates": [ 199639.004475076275412, 2495006.262599672656506 ] } },
{ "type": "Feature", "properties": { "osmid": 8025306528, "y": 22.5345963, "x": 114.0803625, "street_count": 3, "highway": null, "ref": null }, "geometry": { "type": "Point", "coordinates": [ 199682.727448934630957, 2494935.391630749683827 ] } },
{ "type": "Feature", "properties": { "osmid": 8044279502, "y": 22.5469794, "x": 114.0760371, "street_count": 4, "highway": null, "ref": null }, "geometry": { "type": "Point", "coordinates": [ 199264.401275538315531, 2496316.096234648022801 ] } },
{ "type": "Feature", "properties": { "osmid": 8044279541, "y": 22.543058, "x": 114.0741608, "street_count": 3, "highway": null, "ref": null }, "geometry": { "type": "Point", "coordinates": [ 199062.786625267879572, 2495885.403750077355653 ] } },
{ "type": "Feature", "properties": { "osmid": 8044279549, "y": 22.5432835, "x": 114.0756006, "street_count": 3, "highway": "crossing", "ref": null }, "geometry": { "type": "Point", "coordinates": [ 199211.458057167998049, 2495907.485369073227048 ] } },
{ "type": "Feature", "properties": { "osmid": 8044291595, "y": 22.550642, "x": 114.0759784, "street_count": 4, "highway": null, "ref": null }, "geometry": { "type": "Point", "coordinates": [ 199266.30864820088027, 2496722.015843428205699 ] } },
{ "type": "Feature", "properties": { "osmid": 8044291609, "y": 22.5453435, "x": 114.0760669, "street_count": 3, "highway": null, "ref": null }, "geometry": { "type": "Point", "coordinates": [ 199263.918459063977934, 2496134.785109327640384 ] } },
{ "type": "Feature", "properties": { "osmid": 8044291611, "y": 22.5453469, "x": 114.0762363, "street_count": 5, "highway": null, "ref": null }, "geometry": { "type": "Point", "coordinates": [ 199281.359933611704037, 2496134.820400117430836 ] } },
{ "type": "Feature", "properties": { "osmid": 8044291626, "y": 22.5470158, "x": 114.0762062, "street_count": 5, "highway": null, "ref": null }, "geometry": { "type": "Point", "coordinates": [ 199281.88327494362602, 2496319.788372832350433 ] } },
{ "type": "Feature", "properties": { "osmid": 8044291635, "y": 22.549063, "x": 114.0759992, "street_count": 3, "highway": null, "ref": null }, "geometry": { "type": "Point", "coordinates": [ 199265.022388700745068, 2496547.027074000798166 ] } },
{ "type": "Feature", "properties": { "osmid": 8044291662, "y": 22.5499967, "x": 114.076168, "street_count": 3, "highway": null, "ref": null }, "geometry": { "type": "Point", "coordinates": [ 199284.42049949261127, 2496650.137000001035631 ] } },
{ "type": "Feature", "properties": { "osmid": 8044291669, "y": 22.5514656, "x": 114.0761714, "street_count": 4, "highway": null, "ref": null }, "geometry": { "type": "Point", "coordinates": [ 199287.958234269812237, 2496812.87834365805611 ] } },
{ "type": "Feature", "properties": { "osmid": 8060848736, "y": 22.5396771, "x": 114.0619609, "street_count": 4, "highway": null, "ref": null }, "geometry": { "type": "Point", "coordinates": [ 197799.815180002769921, 2495535.465079975314438 ] } },
{ "type": "Feature", "properties": { "osmid": 8060848749, "y": 22.5411745, "x": 114.0604409, "street_count": 3, "highway": null, "ref": null }, "geometry": { "type": "Point", "coordinates": [ 197646.63962924835505, 2495704.451043333858252 ] } },
{ "type": "Feature", "properties": { "osmid": 8071642695, "y": 22.5174037, "x": 114.035136, "street_count": 3, "highway": null, "ref": null }, "geometry": { "type": "Point", "coordinates": [ 194989.948747835936956, 2493122.168042946606874 ] } },
{ "type": "Feature", "properties": { "osmid": 8071642705, "y": 22.5195718, "x": 114.0312225, "street_count": 3, "highway": null, "ref": null }, "geometry": { "type": "Point", "coordinates": [ 194591.862961136677768, 2493370.386948521714658 ] } },
{ "type": "Feature", "properties": { "osmid": 8071642706, "y": 22.5190075, "x": 114.0322811, "street_count": 3, "highway": null, "ref": null }, "geometry": { "type": "Point", "coordinates": [ 194699.592573134752456, 2493305.699094217270613 ] } },
{ "type": "Feature", "properties": { "osmid": 8071642707, "y": 22.5188667, "x": 114.0325451, "street_count": 3, "highway": null, "ref": null }, "geometry": { "type": "Point", "coordinates": [ 194726.458802430017386, 2493289.559063560329378 ] } },
{ "type": "Feature", "properties": { "osmid": 8071642709, "y": 22.5166623, "x": 114.0365288, "street_count": 3, "highway": null, "ref": null }, "geometry": { "type": "Point", "coordinates": [ 195131.695274178346153, 2493037.178902476560324 ] } },
{ "type": "Feature", "properties": { "osmid": 8071647039, "y": 22.5167253, "x": 114.036563, "street_count": 4, "highway": null, "ref": null }, "geometry": { "type": "Point", "coordinates": [ 195135.354229995398782, 2493044.089407698716968 ] } },
{ "type": "Feature", "properties": { "osmid": 8071647047, "y": 22.5191863, "x": 114.0321122, "street_count": 3, "highway": null, "ref": null }, "geometry": { "type": "Point", "coordinates": [ 194682.599513471242972, 2493325.855140092317015 ] } },
{ "type": "Feature", "properties": { "osmid": 8071647050, "y": 22.5183325, "x": 114.0335472, "street_count": 4, "highway": null, "ref": null }, "geometry": { "type": "Point", "coordinates": [ 194828.439566433778964, 2493228.322754743974656 ] } },
{ "type": "Feature", "properties": { "osmid": 8071647051, "y": 22.5184918, "x": 114.0336458, "street_count": 4, "highway": null, "ref": null }, "geometry": { "type": "Point", "coordinates": [ 194838.939700818096753, 2493245.771543581038713 ] } },
{ "type": "Feature", "properties": { "osmid": 8071647053, "y": 22.5168867, "x": 114.0366527, "street_count": 4, "highway": null, "ref": null }, "geometry": { "type": "Point", "coordinates": [ 195144.942523435514886, 2493061.789215830620378 ] } },
{ "type": "Feature", "properties": { "osmid": 8071647055, "y": 22.5174663, "x": 114.035172, "street_count": 4, "highway": null, "ref": null }, "geometry": { "type": "Point", "coordinates": [ 194993.792170828091912, 2493129.030525489710271 ] } },
{ "type": "Feature", "properties": { "osmid": 8071647057, "y": 22.5176311, "x": 114.0352619, "street_count": 4, "highway": null, "ref": null }, "geometry": { "type": "Point", "coordinates": [ 195003.408661121618934, 2493147.106566458940506 ] } },
{ "type": "Feature", "properties": { "osmid": 8071647061, "y": 22.5196154, "x": 114.0312937, "street_count": 4, "highway": null, "ref": null }, "geometry": { "type": "Point", "coordinates": [ 194599.288162871089298, 2493375.072197400964797 ] } },
{ "type": "Feature", "properties": { "osmid": 8071647064, "y": 22.5201902, "x": 114.0304797, "street_count": 3, "highway": null, "ref": null }, "geometry": { "type": "Point", "coordinates": [ 194516.761277187673841, 2493440.423964417539537 ] } },
{ "type": "Feature", "properties": { "osmid": 8071647082, "y": 22.5258723, "x": 114.0322887, "street_count": 3, "highway": null, "ref": null }, "geometry": { "type": "Point", "coordinates": [ 194715.479411059583072, 2494066.295052755624056 ] } },
{ "type": "Feature", "properties": { "osmid": 8071647091, "y": 22.5216896, "x": 114.0296332, "street_count": 3, "highway": null, "ref": null }, "geometry": { "type": "Point", "coordinates": [ 194432.925690476724412, 2493608.287469410803169 ] } },
{ "type": "Feature", "properties": { "osmid": 8071647092, "y": 22.5226139, "x": 114.0300903, "street_count": 3, "highway": null, "ref": null }, "geometry": { "type": "Point", "coordinates": [ 194482.01358559273649, 2493709.763802260160446 ] } },
{ "type": "Feature", "properties": { "osmid": 8071647094, "y": 22.5257199, "x": 114.032327, "street_count": 3, "highway": null, "ref": null }, "geometry": { "type": "Point", "coordinates": [ 194719.086421950720251, 2494049.331013385672122 ] } },
{ "type": "Feature", "properties": { "osmid": 8071647104, "y": 22.5207116, "x": 114.028931, "street_count": 3, "highway": null, "ref": null }, "geometry": { "type": "Point", "coordinates": [ 194358.4888122176053, 2493501.362863795366138 ] } },
{ "type": "Feature", "properties": { "osmid": 8071647105, "y": 22.5219393, "x": 114.0296423, "street_count": 3, "highway": null, "ref": null }, "geometry": { "type": "Point", "coordinates": [ 194434.412308773898985, 2493635.935353316832334 ] } },
{ "type": "Feature", "properties": { "osmid": 8071647107, "y": 22.5225479, "x": 114.0302069, "street_count": 4, "highway": null, "ref": null }, "geometry": { "type": "Point", "coordinates": [ 194493.870682507927995, 2493702.212550294119865 ] } },
{ "type": "Feature", "properties": { "osmid": 8071647108, "y": 22.5239415, "x": 114.0309732, "street_count": 4, "highway": null, "ref": null }, "geometry": { "type": "Point", "coordinates": [ 194575.818869567534421, 2493855.054536465555429 ] } },
{ "type": "Feature", "properties": { "osmid": 8071647109, "y": 22.5238742, "x": 114.0310934, "street_count": 4, "highway": null, "ref": null }, "geometry": { "type": "Point", "coordinates": [ 194588.04358649358619, 2493847.351947060786188 ] } },
{ "type": "Feature", "properties": { "osmid": 8071647126, "y": 22.5208048, "x": 114.0293078, "street_count": 3, "highway": null, "ref": null }, "geometry": { "type": "Point", "coordinates": [ 194397.481176638393663, 2493510.918312257621437 ] } },
{ "type": "Feature", "properties": { "osmid": 8076307465, "y": 22.5425141, "x": 114.0571955, "street_count": 3, "highway": null, "ref": null }, "geometry": { "type": "Point", "coordinates": [ 197315.544914432393853, 2495859.453857319895178 ] } },
{ "type": "Feature", "properties": { "osmid": 8076307469, "y": 22.5425685, "x": 114.0589558, "street_count": 3, "highway": null, "ref": null }, "geometry": { "type": "Point", "coordinates": [ 197496.833777105144691, 2495861.911781068425626 ] } },
{ "type": "Feature", "properties": { "osmid": 8076307471, "y": 22.5402097, "x": 114.0630092, "street_count": 3, "highway": null, "ref": null }, "geometry": { "type": "Point", "coordinates": [ 197908.86872108024545, 2495592.353169891051948 ] } },
{ "type": "Feature", "properties": { "osmid": 8109948015, "y": 22.5338001, "x": 114.0631022, "street_count": 4, "highway": null, "ref": null }, "geometry": { "type": "Point", "coordinates": [ 197904.475876086391509, 2494882.002093571703881 ] } },
{ "type": "Feature", "properties": { "osmid": 8109971621, "y": 22.5318791, "x": 114.0635574, "street_count": 3, "highway": null, "ref": null }, "geometry": { "type": "Point", "coordinates": [ 197947.143995312217157, 2494668.240589583292603 ] } },
{ "type": "Feature", "properties": { "osmid": 8109971622, "y": 22.5318317, "x": 114.0595349, "street_count": 3, "highway": null, "ref": null }, "geometry": { "type": "Point", "coordinates": [ 197533.013824822148308, 2494671.132741727866232 ] } },
{ "type": "Feature", "properties": { "osmid": 8109971632, "y": 22.5318081, "x": 114.0575556, "street_count": 3, "highway": null, "ref": null }, "geometry": { "type": "Point", "coordinates": [ 197329.237004774273373, 2494672.529309222474694 ] } },
{ "type": "Feature", "properties": { "osmid": 8109971643, "y": 22.5318142, "x": 114.058714, "street_count": 3, "highway": null, "ref": null }, "geometry": { "type": "Point", "coordinates": [ 197448.482115428429097, 2494670.857154942117631 ] } },
{ "type": "Feature", "properties": { "osmid": 8109971648, "y": 22.5318959, "x": 114.0646606, "street_count": 3, "highway": null, "ref": null }, "geometry": { "type": "Point", "coordinates": [ 198060.730257353454363, 2494667.87039579404518 ] } },
{ "type": "Feature", "properties": { "osmid": 8109971662, "y": 22.5314515, "x": 114.0641555, "street_count": 3, "highway": null, "ref": null }, "geometry": { "type": "Point", "coordinates": [ 198007.773917240148876, 2494619.654001466929913 ] } },
{ "type": "Feature", "properties": { "osmid": 8146911905, "y": 22.5181402, "x": 114.0620715, "street_count": 3, "highway": null, "ref": null }, "geometry": { "type": "Point", "coordinates": [ 197764.275582483678591, 2493149.022870044223964 ] } },
{ "type": "Feature", "properties": { "osmid": 8146911911, "y": 22.5157304, "x": 114.0602228, "street_count": 3, "highway": null, "ref": null }, "geometry": { "type": "Point", "coordinates": [ 197568.723207204602659, 2492885.766452915035188 ] } },
{ "type": "Feature", "properties": { "osmid": 8146989123, "y": 22.5049771, "x": 114.054882, "street_count": 1, "highway": null, "ref": null }, "geometry": { "type": "Point", "coordinates": [ 196995.473666125384625, 2491705.154055583756417 ] } },
{ "type": "Feature", "properties": { "osmid": 8146989127, "y": 22.5042684, "x": 114.0531027, "street_count": 1, "highway": null, "ref": null }, "geometry": { "type": "Point", "coordinates": [ 196810.750661119411234, 2491630.240399701986462 ] } },
{ "type": "Feature", "properties": { "osmid": 8146989184, "y": 22.5110364, "x": 114.0545825, "street_count": 3, "highway": null, "ref": null }, "geometry": { "type": "Point", "coordinates": [ 196977.864277064625639, 2492377.113860608078539 ] } },
{ "type": "Feature", "properties": { "osmid": 8146989191, "y": 22.5118112, "x": 114.0543053, "street_count": 4, "highway": null, "ref": null }, "geometry": { "type": "Point", "coordinates": [ 196951.019580751773901, 2492463.521631225012243 ] } },
{ "type": "Feature", "properties": { "osmid": 8146989209, "y": 22.5110373, "x": 114.0513263, "street_count": 3, "highway": null, "ref": null }, "geometry": { "type": "Point", "coordinates": [ 196642.66063159040641, 2492383.820603487081826 ] } },
{ "type": "Feature", "properties": { "osmid": 8148654288, "y": 22.5297435, "x": 114.064424, "street_count": 3, "highway": null, "ref": null }, "geometry": { "type": "Point", "coordinates": [ 198031.691531371732708, 2494429.870341257657856 ] } },
{ "type": "Feature", "properties": { "osmid": 8152978225, "y": 22.5419019, "x": 114.061943, "street_count": 1, "highway": null, "ref": null }, "geometry": { "type": "Point", "coordinates": [ 197802.822723486809991, 2495782.002195602282882 ] } },
{ "type": "Feature", "properties": { "osmid": 8167951077, "y": 22.5189976, "x": 114.0565033, "street_count": 3, "highway": null, "ref": null }, "geometry": { "type": "Point", "coordinates": [ 197192.966404663573485, 2493255.296878274530172 ] } },
{ "type": "Feature", "properties": { "osmid": 8167951092, "y": 22.5230088, "x": 114.0564442, "street_count": 3, "highway": null, "ref": null }, "geometry": { "type": "Point", "coordinates": [ 197195.635931267461274, 2493699.84583300165832 ] } },
{ "type": "Feature", "properties": { "osmid": 8167985467, "y": 22.5221992, "x": 114.0536762, "street_count": 3, "highway": null, "ref": null }, "geometry": { "type": "Point", "coordinates": [ 196908.944044984062202, 2493615.759119564201683 ] } },
{ "type": "Feature", "properties": { "osmid": 8167985470, "y": 22.5243587, "x": 114.0559828, "street_count": 1, "highway": null, "ref": null }, "geometry": { "type": "Point", "coordinates": [ 197151.088383906055242, 2493850.34641811484471 ] } },
{ "type": "Feature", "properties": { "osmid": 8167985481, "y": 22.5222283, "x": 114.0545587, "street_count": 3, "highway": null, "ref": null }, "geometry": { "type": "Point", "coordinates": [ 196999.848100646631792, 2493617.192684948910028 ] } },
{ "type": "Feature", "properties": { "osmid": 8167985564, "y": 22.5238717, "x": 114.0564325, "street_count": 1, "highway": null, "ref": null }, "geometry": { "type": "Point", "coordinates": [ 197196.314795844140463, 2493795.476355643942952 ] } },
{ "type": "Feature", "properties": { "osmid": 8167985613, "y": 22.5258013, "x": 114.0536948, "street_count": 3, "highway": null, "ref": null }, "geometry": { "type": "Point", "coordinates": [ 196918.727421716030221, 2494014.824255697894841 ] } },
{ "type": "Feature", "properties": { "osmid": 8167985621, "y": 22.5257223, "x": 114.0484796, "street_count": 3, "highway": null, "ref": null }, "geometry": { "type": "Point", "coordinates": [ 196381.738652447820641, 2494016.66537611419335 ] } },
{ "type": "Feature", "properties": { "osmid": 8167985622, "y": 22.5256991, "x": 114.046715, "street_count": 3, "highway": null, "ref": null }, "geometry": { "type": "Point", "coordinates": [ 196200.051871043688152, 2494017.683716582600027 ] } },
{ "type": "Feature", "properties": { "osmid": 8167985624, "y": 22.5256736, "x": 114.0454863, "street_count": 3, "highway": null, "ref": null }, "geometry": { "type": "Point", "coordinates": [ 196073.521805111959111, 2494017.358574174810201 ] } },
{ "type": "Feature", "properties": { "osmid": 8167985625, "y": 22.525676, "x": 114.0449448, "street_count": 3, "highway": null, "ref": null }, "geometry": { "type": "Point", "coordinates": [ 196017.788615503173787, 2494018.726683487650007 ] } },
{ "type": "Feature", "properties": { "osmid": 8167985645, "y": 22.5257828, "x": 114.0468592, "street_count": 3, "highway": null, "ref": null }, "geometry": { "type": "Point", "coordinates": [ 196215.078134569514077, 2494026.664135930594057 ] } },
{ "type": "Feature", "properties": { "osmid": 8167985649, "y": 22.525871, "x": 114.0532822, "street_count": 3, "highway": null, "ref": null }, "geometry": { "type": "Point", "coordinates": [ 196876.40964800468646, 2494023.384298381861299 ] } },
{ "type": "Feature", "properties": { "osmid": 8167985658, "y": 22.525765, "x": 114.0452576, "street_count": 3, "highway": null, "ref": null }, "geometry": { "type": "Point", "coordinates": [ 196050.181185130903032, 2494027.950983671937138 ] } },
{ "type": "Feature", "properties": { "osmid": 8167985663, "y": 22.5284068, "x": 114.0468212, "street_count": 3, "highway": null, "ref": null }, "geometry": { "type": "Point", "coordinates": [ 196216.912964257819112, 2494317.474862319882959 ] } },
{ "type": "Feature", "properties": { "osmid": 8167985664, "y": 22.5295229, "x": 114.0468051, "street_count": 3, "highway": null, "ref": null }, "geometry": { "type": "Point", "coordinates": [ 196217.70012198103359, 2494441.169062977656722 ] } },
{ "type": "Feature", "properties": { "osmid": 8167985697, "y": 22.5197542, "x": 114.0485809, "street_count": 3, "highway": null, "ref": null }, "geometry": { "type": "Point", "coordinates": [ 196379.106467682111543, 2493355.208086176309735 ] } },
{ "type": "Feature", "properties": { "osmid": 8167985701, "y": 22.5211655, "x": 114.0485561, "street_count": 4, "highway": null, "ref": null }, "geometry": { "type": "Point", "coordinates": [ 196379.641531632456463, 2493511.627161499578506 ] } },
{ "type": "Feature", "properties": { "osmid": 8167985710, "y": 22.5258026, "x": 114.0485493, "street_count": 3, "highway": null, "ref": null }, "geometry": { "type": "Point", "coordinates": [ 196389.088830003805924, 2494025.420716484542936 ] } },
{ "type": "Feature", "properties": { "osmid": 8167985719, "y": 22.5275845, "x": 114.0468332, "street_count": 4, "highway": null, "ref": null }, "geometry": { "type": "Point", "coordinates": [ 196216.347325378505047, 2494226.341411978472024 ] } },
{ "type": "Feature", "properties": { "osmid": 8167985720, "y": 22.5276011, "x": 114.0485122, "street_count": 4, "highway": null, "ref": null }, "geometry": { "type": "Point", "coordinates": [ 196389.206214647041634, 2494224.765763766132295 ] } },
{ "type": "Feature", "properties": { "osmid": 8167985726, "y": 22.529018, "x": 114.0495582, "street_count": 4, "highway": null, "ref": null }, "geometry": { "type": "Point", "coordinates": [ 196499.972950213181321, 2494379.628448711708188 ] } },
{ "type": "Feature", "properties": { "osmid": 8167985727, "y": 22.5276118, "x": 114.0495888, "street_count": 4, "highway": null, "ref": null }, "geometry": { "type": "Point", "coordinates": [ 196500.045931558706798, 2494223.762643983587623 ] } },
{ "type": "Feature", "properties": { "osmid": 8167985753, "y": 22.5258182, "x": 114.0496277, "street_count": 3, "highway": null, "ref": null }, "geometry": { "type": "Point", "coordinates": [ 196500.125982431636658, 2494024.957011109218001 ] } },
{ "type": "Feature", "properties": { "osmid": 8167985759, "y": 22.5233284, "x": 114.0512346, "street_count": 3, "highway": null, "ref": null }, "geometry": { "type": "Point", "coordinates": [ 196660.085323641193099, 2493745.828514765482396 ] } },
{ "type": "Feature", "properties": { "osmid": 8167985760, "y": 22.5212008, "x": 114.0510814, "street_count": 3, "highway": null, "ref": null }, "geometry": { "type": "Point", "coordinates": [ 196639.664182409178466, 2493510.407041383907199 ] } },
{ "type": "Feature", "properties": { "osmid": 8167985768, "y": 22.5186411, "x": 114.050897, "street_count": 3, "highway": null, "ref": null }, "geometry": { "type": "Point", "coordinates": [ 196615.086691769014578, 2493227.173384503461421 ] } },
{ "type": "Feature", "properties": { "osmid": 8167985780, "y": 22.5253375, "x": 114.0513794, "street_count": 3, "highway": null, "ref": null }, "geometry": { "type": "Point", "coordinates": [ 196679.382674588356167, 2493968.137567 ] } },
{ "type": "Feature", "properties": { "osmid": 8167985788, "y": 22.5257566, "x": 114.0508575, "street_count": 3, "highway": null, "ref": null }, "geometry": { "type": "Point", "coordinates": [ 196626.578261013026349, 2494015.632954842410982 ] } },
{ "type": "Feature", "properties": { "osmid": 8167985791, "y": 22.5276295, "x": 114.0513791, "street_count": 3, "highway": null, "ref": null }, "geometry": { "type": "Point", "coordinates": [ 196684.363136691099498, 2494222.085975012276322 ] } },
{ "type": "Feature", "properties": { "osmid": 8167985792, "y": 22.5257652, "x": 114.0514105, "street_count": 4, "highway": null, "ref": null }, "geometry": { "type": "Point", "coordinates": [ 196683.518996825674549, 2494015.462470683269203 ] } },
{ "type": "Feature", "properties": { "osmid": 8167985804, "y": 22.5258371, "x": 114.0509363, "street_count": 3, "highway": null, "ref": null }, "geometry": { "type": "Point", "coordinates": [ 196634.865410989208613, 2494024.392068933229893 ] } },
{ "type": "Feature", "properties": { "osmid": 8167985814, "y": 22.5186911, "x": 114.0510162, "street_count": 3, "highway": null, "ref": null }, "geometry": { "type": "Point", "coordinates": [ 196627.466234397608787, 2493232.471162559464574 ] } },
{ "type": "Feature", "properties": { "osmid": 8167985833, "y": 22.5262503, "x": 114.0515406, "street_count": 3, "highway": null, "ref": null }, "geometry": { "type": "Point", "coordinates": [ 196697.971139664645307, 2494068.946065610274673 ] } },
{ "type": "Feature", "properties": { "osmid": 8167985843, "y": 22.5253074, "x": 114.0515142, "street_count": 3, "highway": null, "ref": null }, "geometry": { "type": "Point", "coordinates": [ 196693.192272510146722, 2493964.528769596014172 ] } },
{ "type": "Feature", "properties": { "osmid": 8167985854, "y": 22.525775, "x": 114.0520269, "street_count": 3, "highway": null, "ref": null }, "geometry": { "type": "Point", "coordinates": [ 196746.988274514500517, 2494015.296403608284891 ] } },
{ "type": "Feature", "properties": { "osmid": 8167985858, "y": 22.525857, "x": 114.0572245, "street_count": 3, "highway": null, "ref": null }, "geometry": { "type": "Point", "coordinates": [ 197282.170349174470175, 2494013.836103617213666 ] } },
{ "type": "Feature", "properties": { "osmid": 8167985871, "y": 22.5258738, "x": 114.058292, "street_count": 3, "highway": null, "ref": null }, "geometry": { "type": "Point", "coordinates": [ 197392.087396650284063, 2494013.533897030167282 ] } },
{ "type": "Feature", "properties": { "osmid": 8167985873, "y": 22.5249579, "x": 114.0589347, "street_count": 1, "highway": null, "ref": null }, "geometry": { "type": "Point", "coordinates": [ 197456.244716604298446, 2493910.752757250331342 ] } },
{ "type": "Feature", "properties": { "osmid": 8167985880, "y": 22.5245188, "x": 114.0584747, "street_count": 3, "highway": null, "ref": null }, "geometry": { "type": "Point", "coordinates": [ 197407.937824490247294, 2493863.033808795269579 ] } },
{ "type": "Feature", "properties": { "osmid": 8167985893, "y": 22.5236808, "x": 114.0570375, "street_count": 3, "highway": null, "ref": null }, "geometry": { "type": "Point", "coordinates": [ 197258.173327724332921, 2493773.098650832194835 ] } },
{ "type": "Feature", "properties": { "osmid": 8167985894, "y": 22.5236581, "x": 114.0576459, "street_count": 3, "highway": null, "ref": null }, "geometry": { "type": "Point", "coordinates": [ 197320.748918486759067, 2493769.350379751063883 ] } },
{ "type": "Feature", "properties": { "osmid": 8167985895, "y": 22.5236249, "x": 114.0585417, "street_count": 4, "highway": null, "ref": null }, "geometry": { "type": "Point", "coordinates": [ 197412.88485904422123, 2493763.856672181282192 ] } },
{ "type": "Feature", "properties": { "osmid": 8168044500, "y": 22.5295668, "x": 114.0586236, "street_count": 3, "highway": null, "ref": null }, "geometry": { "type": "Point", "coordinates": [ 197434.274848149623722, 2494422.03518149536103 ] } },
{ "type": "Feature", "properties": { "osmid": 8168044501, "y": 22.5276264, "x": 114.0591438, "street_count": 4, "highway": null, "ref": null }, "geometry": { "type": "Point", "coordinates": [ 197483.587089375010692, 2494205.990730132441968 ] } },
{ "type": "Feature", "properties": { "osmid": 8168044516, "y": 22.5259576, "x": 114.0592694, "street_count": 3, "highway": null, "ref": null }, "geometry": { "type": "Point", "coordinates": [ 197492.876234602648765, 2494020.838385275099427 ] } },
{ "type": "Feature", "properties": { "osmid": 8168061639, "y": 22.5255702, "x": 114.0597164, "street_count": 3, "highway": null, "ref": null }, "geometry": { "type": "Point", "coordinates": [ 197538.042359397397377, 2493977.010235832538456 ] } },
{ "type": "Feature", "properties": { "osmid": 8168061641, "y": 22.525889, "x": 114.0592667, "street_count": 3, "highway": null, "ref": null }, "geometry": { "type": "Point", "coordinates": [ 197492.448733225406613, 2494013.243187077809125 ] } },
{ "type": "Feature", "properties": { "osmid": 8168061648, "y": 22.5236573, "x": 114.0603237, "street_count": 3, "highway": null, "ref": null }, "geometry": { "type": "Point", "coordinates": [ 197596.383886266965419, 2493763.837097078096122 ] } },
{ "type": "Feature", "properties": { "osmid": 8168061649, "y": 22.5226752, "x": 114.0605878, "street_count": 3, "highway": null, "ref": null }, "geometry": { "type": "Point", "coordinates": [ 197621.428453098924365, 2493654.488834040705115 ] } },
{ "type": "Feature", "properties": { "osmid": 8168061656, "y": 22.5267991, "x": 114.0594974, "street_count": 3, "highway": null, "ref": null }, "geometry": { "type": "Point", "coordinates": [ 197518.179599214636255, 2494113.612118494696915 ] } },
{ "type": "Feature", "properties": { "osmid": 8168061659, "y": 22.5293057, "x": 114.0588382, "street_count": 3, "highway": null, "ref": null }, "geometry": { "type": "Point", "coordinates": [ 197455.794044734910131, 2494392.671231740154326 ] } },
{ "type": "Feature", "properties": { "osmid": 8168061668, "y": 22.5276203, "x": 114.0615149, "street_count": 3, "highway": null, "ref": null }, "geometry": { "type": "Point", "coordinates": [ 197727.633434346760623, 2494200.513072608038783 ] } },
{ "type": "Feature", "properties": { "osmid": 8168061672, "y": 22.5276185, "x": 114.0592819, "street_count": 4, "highway": null, "ref": null }, "geometry": { "type": "Point", "coordinates": [ 197497.784639941470232, 2494204.835656718350947 ] } },
{ "type": "Feature", "properties": { "osmid": 8168061678, "y": 22.5262206, "x": 114.0596496, "street_count": 3, "highway": null, "ref": null }, "geometry": { "type": "Point", "coordinates": [ 197532.584493369678967, 2494049.207824632525444 ] } },
{ "type": "Feature", "properties": { "osmid": 8168061691, "y": 22.5259696, "x": 114.0601031, "street_count": 3, "highway": null, "ref": null }, "geometry": { "type": "Point", "coordinates": [ 197578.717018692696001, 2494020.479320009704679 ] } },
{ "type": "Feature", "properties": { "osmid": 8168061706, "y": 22.5276117, "x": 114.0603999, "street_count": 3, "highway": null, "ref": null }, "geometry": { "type": "Point", "coordinates": [ 197612.846690450736787, 2494201.81776046520099 ] } },
{ "type": "Feature", "properties": { "osmid": 8168061714, "y": 22.5268141, "x": 114.0606099, "street_count": 4, "highway": null, "ref": null }, "geometry": { "type": "Point", "coordinates": [ 197632.723709117679391, 2494113.020961150992662 ] } },
{ "type": "Feature", "properties": { "osmid": 8168061727, "y": 22.5256111, "x": 114.0630882, "street_count": 3, "highway": null, "ref": null }, "geometry": { "type": "Point", "coordinates": [ 197885.19901254324941, 2493974.716458885930479 ] } },
{ "type": "Feature", "properties": { "osmid": 8168061742, "y": 22.5255634, "x": 114.0598224, "street_count": 3, "highway": null, "ref": null }, "geometry": { "type": "Point", "coordinates": [ 197548.938384388689883, 2493976.042127216234803 ] } },
{ "type": "Feature", "properties": { "osmid": 8168061756, "y": 22.5259023, "x": 114.0601021, "street_count": 3, "highway": null, "ref": null }, "geometry": { "type": "Point", "coordinates": [ 197578.4673787165666, 2494013.024717398453504 ] } },
{ "type": "Feature", "properties": { "osmid": 8168061761, "y": 22.523639, "x": 114.06023, "street_count": 4, "highway": null, "ref": null }, "geometry": { "type": "Point", "coordinates": [ 197586.699090026610065, 2493761.999247660394758 ] } },
{ "type": "Feature", "properties": { "osmid": 8168061764, "y": 22.5259624, "x": 114.0596075, "street_count": 4, "highway": null, "ref": null }, "geometry": { "type": "Point", "coordinates": [ 197527.688102543179411, 2494020.685343778692186 ] } },
{ "type": "Feature", "properties": { "osmid": 8168061765, "y": 22.5258947, "x": 114.0596271, "street_count": 4, "highway": null, "ref": null }, "geometry": { "type": "Point", "coordinates": [ 197529.55797125765821, 2494013.144694997929037 ] } },
{ "type": "Feature", "properties": { "osmid": 8168061766, "y": 22.5259646, "x": 114.0597169, "street_count": 4, "highway": null, "ref": null }, "geometry": { "type": "Point", "coordinates": [ 197538.953688002482522, 2494020.707509534899145 ] } },
{ "type": "Feature", "properties": { "osmid": 8168061767, "y": 22.5258975, "x": 114.0597345, "street_count": 4, "highway": null, "ref": null }, "geometry": { "type": "Point", "coordinates": [ 197540.619005546788685, 2494013.237391725648195 ] } },
{ "type": "Feature", "properties": { "osmid": 8169270268, "y": 22.5214366, "x": 114.0564656, "street_count": 3, "highway": null, "ref": null }, "geometry": { "type": "Point", "coordinates": [ 197194.407765612413641, 2493525.607297595124692 ] } },
{ "type": "Feature", "properties": { "osmid": 8169270272, "y": 22.5245943, "x": 114.0600773, "street_count": 3, "highway": null, "ref": null }, "geometry": { "type": "Point", "coordinates": [ 197573.063398289086763, 2493868.152673102915287 ] } },
{ "type": "Feature", "properties": { "osmid": 8169270274, "y": 22.5259243, "x": 114.0569688, "street_count": 3, "highway": null, "ref": null }, "geometry": { "type": "Point", "coordinates": [ 197255.99737210170133, 2494021.811112811788917 ] } },
{ "type": "Feature", "properties": { "osmid": 8169270312, "y": 22.5156818, "x": 114.0383869, "street_count": 5, "highway": null, "ref": null }, "geometry": { "type": "Point", "coordinates": [ 195320.816919249016792, 2492924.750343655236065 ] } },
{ "type": "Feature", "properties": { "osmid": 8185629232, "y": 22.5160665, "x": 114.0386978, "street_count": 3, "highway": null, "ref": null }, "geometry": { "type": "Point", "coordinates": [ 195353.665748755680397, 2492966.740400997456163 ] } },
{ "type": "Feature", "properties": { "osmid": 8185629248, "y": 22.5213929, "x": 114.038862, "street_count": 1, "highway": null, "ref": null }, "geometry": { "type": "Point", "coordinates": [ 195382.260360750893597, 2493556.561513995286077 ] } },
{ "type": "Feature", "properties": { "osmid": 8185629258, "y": 22.5162298, "x": 114.0387027, "street_count": 3, "highway": null, "ref": null }, "geometry": { "type": "Point", "coordinates": [ 195354.528591215377674, 2492984.823765102308244 ] } },
{ "type": "Feature", "properties": { "osmid": 8185629262, "y": 22.5186577, "x": 114.0378023, "street_count": 4, "highway": null, "ref": null }, "geometry": { "type": "Point", "coordinates": [ 195267.171577082306612, 2493255.66750377882272 ] } },
{ "type": "Feature", "properties": { "osmid": 8185629288, "y": 22.5205994, "x": 114.0415645, "street_count": 3, "highway": null, "ref": null }, "geometry": { "type": "Point", "coordinates": [ 195658.707095516845584, 2493463.133894857484847 ] } },
{ "type": "Feature", "properties": { "osmid": 8195511757, "y": 22.5188728, "x": 114.0575384, "street_count": 3, "highway": null, "ref": null }, "geometry": { "type": "Point", "coordinates": [ 197299.244918633543421, 2493239.371464220806956 ] } },
{ "type": "Feature", "properties": { "osmid": 8195511761, "y": 22.5193131, "x": 114.0584835, "street_count": 3, "highway": null, "ref": null }, "geometry": { "type": "Point", "coordinates": [ 197397.491350147989579, 2493286.240450111683458 ] } },
{ "type": "Feature", "properties": { "osmid": 8195511793, "y": 22.5169214, "x": 114.0555193, "street_count": 4, "highway": null, "ref": null }, "geometry": { "type": "Point", "coordinates": [ 197087.144248058088124, 2493027.2550308261998 ] } },
{ "type": "Feature", "properties": { "osmid": 8198614155, "y": 22.5266809, "x": 114.0328073, "street_count": 3, "highway": null, "ref": null }, "geometry": { "type": "Point", "coordinates": [ 194770.640165553195402, 2494154.8268186384812 ] } },
{ "type": "Feature", "properties": { "osmid": 8198655607, "y": 22.5283516, "x": 114.0338594, "street_count": 4, "highway": null, "ref": null }, "geometry": { "type": "Point", "coordinates": [ 194882.611302287434228, 2494337.788032941520214 ] } },
{ "type": "Feature", "properties": { "osmid": 8198655610, "y": 22.5283878, "x": 114.0337279, "street_count": 3, "highway": null, "ref": null }, "geometry": { "type": "Point", "coordinates": [ 194869.155351505847648, 2494342.067672174423933 ] } },
{ "type": "Feature", "properties": { "osmid": 8198655615, "y": 22.5280351, "x": 114.0337498, "street_count": 3, "highway": null, "ref": null }, "geometry": { "type": "Point", "coordinates": [ 194870.633720824378543, 2494302.944203 ] } },
{ "type": "Feature", "properties": { "osmid": 8198655625, "y": 22.5282127, "x": 114.0341831, "street_count": 3, "highway": null, "ref": null }, "geometry": { "type": "Point", "coordinates": [ 194915.624946570314933, 2494321.736651208717376 ] } },
{ "type": "Feature", "properties": { "osmid": 8289756736, "y": 22.5242063, "x": 114.0437232, "street_count": 3, "highway": null, "ref": null }, "geometry": { "type": "Point", "coordinates": [ 195888.823488097870722, 2493858.374115109443665 ] } },
{ "type": "Feature", "properties": { "osmid": 8289756737, "y": 22.5225666, "x": 114.0427974, "street_count": 3, "highway": null, "ref": null }, "geometry": { "type": "Point", "coordinates": [ 195789.931470818410162, 2493678.584130617324263 ] } },
{ "type": "Feature", "properties": { "osmid": 8289756744, "y": 22.525344, "x": 114.0442958, "street_count": 3, "highway": null, "ref": null }, "geometry": { "type": "Point", "coordinates": [ 195950.257178294821642, 2493983.263032442890108 ] } },
{ "type": "Feature", "properties": { "osmid": 8289756746, "y": 22.5256722, "x": 114.0444644, "street_count": 4, "highway": null, "ref": null }, "geometry": { "type": "Point", "coordinates": [ 195968.331056131515652, 2494019.283649599179626 ] } },
{ "type": "Feature", "properties": { "osmid": 8289756747, "y": 22.5257574, "x": 114.0445096, "street_count": 4, "highway": null, "ref": null }, "geometry": { "type": "Point", "coordinates": [ 195973.170364090707153, 2494028.631609817501158 ] } },
{ "type": "Feature", "properties": { "osmid": 8289756749, "y": 22.521595, "x": 114.0421972, "street_count": 3, "highway": null, "ref": null }, "geometry": { "type": "Point", "coordinates": [ 195726.01873694191454, 2493572.155391126871109 ] } },
{ "type": "Feature", "properties": { "osmid": 8298779513, "y": 22.5416878, "x": 114.0357465, "street_count": 4, "highway": null, "ref": null }, "geometry": { "type": "Point", "coordinates": [ 195106.179143116984051, 2495811.566143770702183 ] } },
{ "type": "Feature", "properties": { "osmid": 8298792534, "y": 22.5416743, "x": 114.0356654, "street_count": 4, "highway": null, "ref": null }, "geometry": { "type": "Point", "coordinates": [ 195097.80246459285263, 2495810.236061181407422 ] } },
{ "type": "Feature", "properties": { "osmid": 8298792552, "y": 22.5418984, "x": 114.0357104, "street_count": 4, "highway": null, "ref": null }, "geometry": { "type": "Point", "coordinates": [ 195102.926875416364055, 2495834.974114950280637 ] } },
{ "type": "Feature", "properties": { "osmid": 8298792553, "y": 22.542813, "x": 114.035753, "street_count": 1, "highway": null, "ref": null }, "geometry": { "type": "Point", "coordinates": [ 195109.323060274182353, 2495936.223602006677538 ] } },
{ "type": "Feature", "properties": { "osmid": 8298792564, "y": 22.5439722, "x": 114.0351923, "street_count": 3, "highway": "crossing", "ref": null }, "geometry": { "type": "Point", "coordinates": [ 195054.165399082063232, 2496065.807293004821986 ] } },
{ "type": "Feature", "properties": { "osmid": 8298792591, "y": 22.543904, "x": 114.0353063, "street_count": 3, "highway": null, "ref": null }, "geometry": { "type": "Point", "coordinates": [ 195065.748289069859311, 2496058.017840928863734 ] } },
{ "type": "Feature", "properties": { "osmid": 8298792601, "y": 22.5432691, "x": 114.0356693, "street_count": 4, "highway": null, "ref": null }, "geometry": { "type": "Point", "coordinates": [ 195101.711820789787453, 2495986.929931164253503 ] } },
{ "type": "Feature", "properties": { "osmid": 8318215966, "y": 22.536073, "x": 114.0641563, "street_count": 1, "highway": null, "ref": null }, "geometry": { "type": "Point", "coordinates": [ 198017.92007733671926, 2495131.699055718723685 ] } },
{ "type": "Feature", "properties": { "osmid": 8377247189, "y": 22.5436845, "x": 114.071902, "street_count": 2, "highway": null, "ref": null }, "geometry": { "type": "Point", "coordinates": [ 198831.675173932570033, 2495959.374550772365183 ] } },
{ "type": "Feature", "properties": { "osmid": 8377247190, "y": 22.5430629, "x": 114.0718185, "street_count": 3, "highway": null, "ref": null }, "geometry": { "type": "Point", "coordinates": [ 198821.730895770189818, 2495890.672161001712084 ] } },
{ "type": "Feature", "properties": { "osmid": 8377247191, "y": 22.5437122, "x": 114.0718294, "street_count": 2, "highway": null, "ref": null }, "geometry": { "type": "Point", "coordinates": [ 198824.263494538841769, 2495962.590133185032755 ] } },
{ "type": "Feature", "properties": { "osmid": 8431765802, "y": 22.5403182, "x": 114.0787683, "street_count": 3, "highway": null, "ref": null }, "geometry": { "type": "Point", "coordinates": [ 199531.044911432371009, 2495572.561311099212617 ] } },
{ "type": "Feature", "properties": { "osmid": 8431765803, "y": 22.5430326, "x": 114.0787238, "street_count": 3, "highway": null, "ref": null }, "geometry": { "type": "Point", "coordinates": [ 199532.348383859964088, 2495873.394741844385862 ] } },
{ "type": "Feature", "properties": { "osmid": 8431765812, "y": 22.5403809, "x": 114.0787676, "street_count": 3, "highway": null, "ref": null }, "geometry": { "type": "Point", "coordinates": [ 199531.108759008173365, 2495579.509609539993107 ] } },
{ "type": "Feature", "properties": { "osmid": 8431765813, "y": 22.5403757, "x": 114.0787137, "street_count": 4, "highway": null, "ref": null }, "geometry": { "type": "Point", "coordinates": [ 199525.550085660535842, 2495579.04198883427307 ] } },
{ "type": "Feature", "properties": { "osmid": 8431769807, "y": 22.5418061, "x": 114.0609809, "street_count": 1, "highway": null, "ref": null }, "geometry": { "type": "Point", "coordinates": [ 197703.594215371413156, 2495773.336445642169565 ] } },
{ "type": "Feature", "properties": { "osmid": 8431769835, "y": 22.54309, "x": 114.0653453, "street_count": 3, "highway": null, "ref": null }, "geometry": { "type": "Point", "coordinates": [ 198155.575002540659625, 2495906.753948014695197 ] } },
{ "type": "Feature", "properties": { "osmid": 8431769836, "y": 22.5429253, "x": 114.0643957, "street_count": 3, "highway": null, "ref": null }, "geometry": { "type": "Point", "coordinates": [ 198057.484199969097972, 2495890.426849621348083 ] } },
{ "type": "Feature", "properties": { "osmid": 8431769837, "y": 22.5431115, "x": 114.0666356, "street_count": 3, "highway": null, "ref": null }, "geometry": { "type": "Point", "coordinates": [ 198288.418305229628459, 2495906.526687981095165 ] } },
{ "type": "Feature", "properties": { "osmid": 8431769846, "y": 22.5430084, "x": 114.0604228, "street_count": 3, "highway": null, "ref": null }, "geometry": { "type": "Point", "coordinates": [ 197648.776778630737681, 2495907.678310204297304 ] } },
{ "type": "Feature", "properties": { "osmid": 8434694161, "y": 22.540548, "x": 114.0760792, "street_count": 1, "highway": "crossing", "ref": null }, "geometry": { "type": "Point", "coordinates": [ 199254.780150301812682, 2495603.438603651244193 ] } },
{ "type": "Feature", "properties": { "osmid": 8434694177, "y": 22.5396333, "x": 114.0758321, "street_count": 1, "highway": null, "ref": null }, "geometry": { "type": "Point", "coordinates": [ 199227.364097995858174, 2495502.591574319638312 ] } },
{ "type": "Feature", "properties": { "osmid": 8434720733, "y": 22.5497101, "x": 114.0414882, "street_count": 3, "highway": null, "ref": null }, "geometry": { "type": "Point", "coordinates": [ 195714.739688821020536, 2496688.704206006135792 ] } },
{ "type": "Feature", "properties": { "osmid": 8453450228, "y": 22.5116016, "x": 114.0545003, "street_count": 3, "highway": null, "ref": null }, "geometry": { "type": "Point", "coordinates": [ 196970.635983818909153, 2492439.903077129740268 ] } },
{ "type": "Feature", "properties": { "osmid": 8453450298, "y": 22.5119517, "x": 114.038891, "street_count": 2, "highway": null, "ref": null }, "geometry": { "type": "Point", "coordinates": [ 195364.523655525699724, 2492510.433873775880784 ] } },
{ "type": "Feature", "properties": { "osmid": 8453450310, "y": 22.5144021, "x": 114.0380795, "street_count": 3, "highway": null, "ref": null }, "geometry": { "type": "Point", "coordinates": [ 195286.363447933166754, 2492783.588724549859762 ] } },
{ "type": "Feature", "properties": { "osmid": 8453450367, "y": 22.5143163, "x": 114.0380377, "street_count": 3, "highway": null, "ref": null }, "geometry": { "type": "Point", "coordinates": [ 195281.872107600152958, 2492774.16748598171398 ] } },
{ "type": "Feature", "properties": { "osmid": 8482605802, "y": 22.5104809, "x": 114.0397663, "street_count": 4, "highway": null, "ref": null }, "geometry": { "type": "Point", "coordinates": [ 195451.404093749646563, 2492345.687636143062264 ] } },
{ "type": "Feature", "properties": { "osmid": 8482605813, "y": 22.5095163, "x": 114.0457152, "street_count": 4, "highway": null, "ref": null }, "geometry": { "type": "Point", "coordinates": [ 196061.701299815904349, 2492226.69974227109924 ] } },
{ "type": "Feature", "properties": { "osmid": 8482605816, "y": 22.509489, "x": 114.0472496, "street_count": 4, "highway": null, "ref": null }, "geometry": { "type": "Point", "coordinates": [ 196219.600928919157013, 2492220.55488130543381 ] } },
{ "type": "Feature", "properties": { "osmid": 8482608226, "y": 22.5098879, "x": 114.0518948, "street_count": 4, "highway": null, "ref": null }, "geometry": { "type": "Point", "coordinates": [ 196698.673267495410983, 2492255.316172182559967 ] } },
{ "type": "Feature", "properties": { "osmid": 8482608230, "y": 22.5102769, "x": 114.053335, "street_count": 4, "highway": null, "ref": null }, "geometry": { "type": "Point", "coordinates": [ 196847.783569884544704, 2492295.49379620468244 ] } },
{ "type": "Feature", "properties": { "osmid": 8482608236, "y": 22.5088631, "x": 114.0537467, "street_count": 4, "highway": null, "ref": null }, "geometry": { "type": "Point", "coordinates": [ 196887.079242574574891, 2492138.013638254720718 ] } },
{ "type": "Feature", "properties": { "osmid": 8482608237, "y": 22.5076603, "x": 114.0540946, "street_count": 3, "highway": null, "ref": null }, "geometry": { "type": "Point", "coordinates": [ 196920.268520559184253, 2492004.041271190624684 ] } },
{ "type": "Feature", "properties": { "osmid": 8482608240, "y": 22.5063577, "x": 114.054474, "street_count": 4, "highway": null, "ref": null }, "geometry": { "type": "Point", "coordinates": [ 196956.483586974616628, 2491858.947643869556487 ] } },
{ "type": "Feature", "properties": { "osmid": 8482608241, "y": 22.5102075, "x": 114.0533547, "street_count": 4, "highway": null, "ref": null }, "geometry": { "type": "Point", "coordinates": [ 196849.66003974591149, 2492287.76450685178861 ] } },
{ "type": "Feature", "properties": { "osmid": 8482608257, "y": 22.5098696, "x": 114.051795, "street_count": 4, "highway": null, "ref": null }, "geometry": { "type": "Point", "coordinates": [ 196688.359405060356949, 2492253.491150702349842 ] } },
{ "type": "Feature", "properties": { "osmid": 8482608258, "y": 22.5099385, "x": 114.0517811, "street_count": 3, "highway": null, "ref": null }, "geometry": { "type": "Point", "coordinates": [ 196687.078993496426847, 2492261.153296794742346 ] } },
{ "type": "Feature", "properties": { "osmid": 8482608260, "y": 22.5099557, "x": 114.0518787, "street_count": 3, "highway": null, "ref": null }, "geometry": { "type": "Point", "coordinates": [ 196697.163969918095972, 2492262.860905263572931 ] } },
{ "type": "Feature", "properties": { "osmid": 8482608266, "y": 22.5097015, "x": 114.0503137, "street_count": 3, "highway": null, "ref": null }, "geometry": { "type": "Point", "coordinates": [ 196535.499862209369894, 2492237.873581015504897 ] } },
{ "type": "Feature", "properties": { "osmid": 8482608267, "y": 22.5096312, "x": 114.0503257, "street_count": 4, "highway": null, "ref": null }, "geometry": { "type": "Point", "coordinates": [ 196536.581548388872761, 2492230.0601562182419 ] } },
{ "type": "Feature", "properties": { "osmid": 8482608274, "y": 22.5095523, "x": 114.0487973, "street_count": 3, "highway": null, "ref": null }, "geometry": { "type": "Point", "coordinates": [ 196379.067761492391583, 2492224.422881636768579 ] } },
{ "type": "Feature", "properties": { "osmid": 8482608275, "y": 22.5094794, "x": 114.0488023, "street_count": 4, "highway": null, "ref": null }, "geometry": { "type": "Point", "coordinates": [ 196379.423069587093778, 2492216.335586212575436 ] } },
{ "type": "Feature", "properties": { "osmid": 8482608281, "y": 22.5094155, "x": 114.0472505, "street_count": 4, "highway": null, "ref": null }, "geometry": { "type": "Point", "coordinates": [ 196219.532765432202723, 2492212.409428878221661 ] } },
{ "type": "Feature", "properties": { "osmid": 8482608288, "y": 22.5094423, "x": 114.0457112, "street_count": 4, "highway": null, "ref": null }, "geometry": { "type": "Point", "coordinates": [ 196061.127525013231207, 2492218.508848374243826 ] } },
{ "type": "Feature", "properties": { "osmid": 8482608295, "y": 22.5095475, "x": 114.0442327, "street_count": 4, "highway": null, "ref": null }, "geometry": { "type": "Point", "coordinates": [ 195909.152990550384857, 2492233.172731096856296 ] } },
{ "type": "Feature", "properties": { "osmid": 8482608296, "y": 22.5096236, "x": 114.0442417, "street_count": 4, "highway": null, "ref": null }, "geometry": { "type": "Point", "coordinates": [ 195910.246174095198512, 2492241.586129200644791 ] } },
{ "type": "Feature", "properties": { "osmid": 8482608305, "y": 22.5097582, "x": 114.0427059, "street_count": 4, "highway": null, "ref": null }, "geometry": { "type": "Point", "coordinates": [ 195752.437464041518979, 2492259.625666677486151 ] } },
{ "type": "Feature", "properties": { "osmid": 8482608313, "y": 22.5100762, "x": 114.0412315, "street_count": 4, "highway": null, "ref": null }, "geometry": { "type": "Point", "coordinates": [ 195601.351856724708341, 2492297.86214289162308 ] } },
{ "type": "Feature", "properties": { "osmid": 8482608314, "y": 22.5101525, "x": 114.0412494, "street_count": 4, "highway": null, "ref": null }, "geometry": { "type": "Point", "coordinates": [ 195603.361863162892405, 2492306.279568133410066 ] } },
{ "type": "Feature", "properties": { "osmid": 8482608327, "y": 22.5104108, "x": 114.0397479, "street_count": 4, "highway": null, "ref": null }, "geometry": { "type": "Point", "coordinates": [ 195449.356131303182337, 2492337.95818885602057 ] } },
{ "type": "Feature", "properties": { "osmid": 8482608338, "y": 22.5106973, "x": 114.0384713, "street_count": 4, "highway": null, "ref": null }, "geometry": { "type": "Point", "coordinates": [ 195318.565060329332482, 2492372.304335210938007 ] } },
{ "type": "Feature", "properties": { "osmid": 8482608339, "y": 22.5107633, "x": 114.0384957, "street_count": 4, "highway": null, "ref": null }, "geometry": { "type": "Point", "coordinates": [ 195321.221760780608747, 2492379.567265528719872 ] } },
{ "type": "Feature", "properties": { "osmid": 8482608340, "y": 22.5098305, "x": 114.0427201, "street_count": 4, "highway": null, "ref": null }, "geometry": { "type": "Point", "coordinates": [ 195754.05772376578534, 2492267.607444033026695 ] } },
{ "type": "Feature", "properties": { "osmid": 8483293289, "y": 22.527658, "x": 114.0582371, "street_count": 3, "highway": null, "ref": null }, "geometry": { "type": "Point", "coordinates": [ 197390.328409972018562, 2494211.329132413957268 ] } },
{ "type": "Feature", "properties": { "osmid": 8487628351, "y": 22.5277019, "x": 114.0569189, "street_count": 4, "highway": null, "ref": null }, "geometry": { "type": "Point", "coordinates": [ 197254.740399635396898, 2494218.865168006159365 ] } },
{ "type": "Feature", "properties": { "osmid": 8490646154, "y": 22.5299668, "x": 114.0535395, "street_count": 1, "highway": null, "ref": null }, "geometry": { "type": "Point", "coordinates": [ 196911.843456881935708, 2494476.665738623589277 ] } },
{ "type": "Feature", "properties": { "osmid": 8490646155, "y": 22.5299651, "x": 114.0537049, "street_count": 3, "highway": null, "ref": null }, "geometry": { "type": "Point", "coordinates": [ 196928.86431041645119, 2494476.141631418839097 ] } },
{ "type": "Feature", "properties": { "osmid": 8490646156, "y": 22.5299657, "x": 114.0536499, "street_count": 4, "highway": null, "ref": null }, "geometry": { "type": "Point", "coordinates": [ 196923.20448951702565, 2494476.31975430296734 ] } },
{ "type": "Feature", "properties": { "osmid": 8490782023, "y": 22.5274125, "x": 114.0569271, "street_count": 3, "highway": null, "ref": null }, "geometry": { "type": "Point", "coordinates": [ 197254.952842886559665, 2494186.783865458332002 ] } },
{ "type": "Feature", "properties": { "osmid": 8490782025, "y": 22.5273751, "x": 114.0569281, "street_count": 3, "highway": null, "ref": null }, "geometry": { "type": "Point", "coordinates": [ 197254.974152355280239, 2494182.638026982545853 ] } },
{ "type": "Feature", "properties": { "osmid": 8495464669, "y": 22.5264287, "x": 114.0582362, "street_count": 1, "highway": null, "ref": null }, "geometry": { "type": "Point", "coordinates": [ 197387.554179869301151, 2494075.128216901328415 ] } },
{ "type": "Feature", "properties": { "osmid": 8495464684, "y": 22.5276398, "x": 114.0589026, "street_count": 3, "highway": null, "ref": null }, "geometry": { "type": "Point", "coordinates": [ 197458.789342140546069, 2494207.964089598041028 ] } },
{ "type": "Feature", "properties": { "osmid": 8495464918, "y": 22.5275923, "x": 114.058237, "street_count": 4, "highway": null, "ref": null }, "geometry": { "type": "Point", "coordinates": [ 197390.174795561062638, 2494204.049972465727478 ] } },
{ "type": "Feature", "properties": { "osmid": 8508946962, "y": 22.5351583, "x": 114.0581957, "street_count": 3, "highway": null, "ref": null }, "geometry": { "type": "Point", "coordinates": [ 197402.431437145161908, 2495042.424048312008381 ] } },
{ "type": "Feature", "properties": { "osmid": 8516154823, "y": 22.5430828, "x": 114.0649681, "street_count": 3, "highway": null, "ref": null }, "geometry": { "type": "Point", "coordinates": [ 198116.738219597900752, 2495906.719244675710797 ] } },
{ "type": "Feature", "properties": { "osmid": 8516154876, "y": 22.5355201, "x": 114.0630687, "street_count": 4, "highway": null, "ref": null }, "geometry": { "type": "Point", "coordinates": [ 197904.77486947143916, 2495072.64025488588959 ] } },
{ "type": "Feature", "properties": { "osmid": 8516154879, "y": 22.5354734, "x": 114.0629024, "street_count": 4, "highway": null, "ref": null }, "geometry": { "type": "Point", "coordinates": [ 197887.556708929187153, 2495067.802613898180425 ] } },
{ "type": "Feature", "properties": { "osmid": 8516154880, "y": 22.5355588, "x": 114.062902, "street_count": 4, "highway": null, "ref": null }, "geometry": { "type": "Point", "coordinates": [ 197887.701600207947195, 2495077.265465598553419 ] } },
{ "type": "Feature", "properties": { "osmid": 8516154889, "y": 22.5363367, "x": 114.0628853, "street_count": 3, "highway": null, "ref": null }, "geometry": { "type": "Point", "coordinates": [ 197887.677608169382438, 2495163.48805837193504 ] } },
{ "type": "Feature", "properties": { "osmid": 8516154905, "y": 22.5350913, "x": 114.0629072, "street_count": 3, "highway": null, "ref": null }, "geometry": { "type": "Point", "coordinates": [ 197887.21827590058092, 2495025.457463414408267 ] } },
{ "type": "Feature", "properties": { "osmid": 8516154908, "y": 22.5359, "x": 114.0630669, "street_count": 3, "highway": null, "ref": null }, "geometry": { "type": "Point", "coordinates": [ 197905.417254141822923, 2495114.735577984713018 ] } },
{ "type": "Feature", "properties": { "osmid": 8516154909, "y": 22.5376529, "x": 114.0628187, "street_count": 4, "highway": null, "ref": null }, "geometry": { "type": "Point", "coordinates": [ 197883.690717725257855, 2495309.453562070149928 ] } },
{ "type": "Feature", "properties": { "osmid": 8516154910, "y": 22.5376514, "x": 114.0629619, "street_count": 4, "highway": null, "ref": null }, "geometry": { "type": "Point", "coordinates": [ 197898.426072345871944, 2495308.997519954573363 ] } },
{ "type": "Feature", "properties": { "osmid": 8516154911, "y": 22.5375245, "x": 114.0628363, "street_count": 4, "highway": null, "ref": null }, "geometry": { "type": "Point", "coordinates": [ 197885.222392426454462, 2495295.191632133442909 ] } },
{ "type": "Feature", "properties": { "osmid": 8516154912, "y": 22.537525, "x": 114.0629728, "street_count": 4, "highway": null, "ref": null }, "geometry": { "type": "Point", "coordinates": [ 197899.272531261551194, 2495294.970747401472181 ] } },
{ "type": "Feature", "properties": { "osmid": 8516218128, "y": 22.5338157, "x": 114.0640968, "street_count": 4, "highway": null, "ref": null }, "geometry": { "type": "Point", "coordinates": [ 198006.880212507909164, 2494881.718138111755252 ] } },
{ "type": "Feature", "properties": { "osmid": 8569716248, "y": 22.5402532, "x": 114.0477707, "street_count": 3, "highway": null, "ref": null }, "geometry": { "type": "Point", "coordinates": [ 196340.588137066923082, 2495628.098489462397993 ] } },
{ "type": "Feature", "properties": { "osmid": 8577265830, "y": 22.5240731, "x": 114.0367141, "street_count": 3, "highway": null, "ref": null }, "geometry": { "type": "Point", "coordinates": [ 195167.050210539367981, 2493857.905890457797796 ] } },
{ "type": "Feature", "properties": { "osmid": 8624031172, "y": 22.5508997, "x": 114.0626003, "street_count": 3, "highway": null, "ref": null }, "geometry": { "type": "Point", "coordinates": [ 197890.08673785708379, 2496777.599444109015167 ] } },
{ "type": "Feature", "properties": { "osmid": 8791690421, "y": 22.5434702, "x": 114.0590411, "street_count": 3, "highway": null, "ref": null }, "geometry": { "type": "Point", "coordinates": [ 197507.580598740722053, 2495961.644608872011304 ] } },
{ "type": "Feature", "properties": { "osmid": 8791690425, "y": 22.5434705, "x": 114.0591023, "street_count": 3, "highway": null, "ref": null }, "geometry": { "type": "Point", "coordinates": [ 197513.879912288975902, 2495961.553788090590388 ] } },
{ "type": "Feature", "properties": { "osmid": 8791690428, "y": 22.5473994, "x": 114.0590304, "street_count": 3, "highway": null, "ref": null }, "geometry": { "type": "Point", "coordinates": [ 197515.054833166592289, 2496397.010342853609473 ] } },
{ "type": "Feature", "properties": { "osmid": 8791690431, "y": 22.5445315, "x": 114.0590172, "street_count": 4, "highway": null, "ref": null }, "geometry": { "type": "Point", "coordinates": [ 197507.436983762076125, 2496079.282026724889874 ] } },
{ "type": "Feature", "properties": { "osmid": 8791690434, "y": 22.5445321, "x": 114.0590773, "street_count": 4, "highway": null, "ref": null }, "geometry": { "type": "Point", "coordinates": [ 197513.623693460715003, 2496079.226669397670776 ] } },
{ "type": "Feature", "properties": { "osmid": 8791690456, "y": 22.5431918, "x": 114.0804395, "street_count": 3, "highway": null, "ref": null }, "geometry": { "type": "Point", "coordinates": [ 199709.270104759314563, 2495887.579860943835229 ] } },
{ "type": "Feature", "properties": { "osmid": 8791690457, "y": 22.5431744, "x": 114.0792604, "street_count": 3, "highway": null, "ref": null }, "geometry": { "type": "Point", "coordinates": [ 199587.881648255628534, 2495888.025225372519344 ] } },
{ "type": "Feature", "properties": { "osmid": 8791690458, "y": 22.5431495, "x": 114.0778374, "street_count": 3, "highway": null, "ref": null }, "geometry": { "type": "Point", "coordinates": [ 199441.375044558837544, 2495888.131803401745856 ] } },
{ "type": "Feature", "properties": { "osmid": 8791690465, "y": 22.5440507, "x": 114.0792475, "street_count": 3, "highway": null, "ref": null }, "geometry": { "type": "Point", "coordinates": [ 199588.453186132828705, 2495985.141449066344649 ] } },
{ "type": "Feature", "properties": { "osmid": 8791690466, "y": 22.5447235, "x": 114.0792364, "street_count": 3, "highway": null, "ref": null }, "geometry": { "type": "Point", "coordinates": [ 199588.768996835919097, 2496059.707134877331555 ] } },
{ "type": "Feature", "properties": { "osmid": 8791690468, "y": 22.5431049, "x": 114.0769463, "street_count": 3, "highway": null, "ref": null }, "geometry": { "type": "Point", "coordinates": [ 199349.567808696359862, 2495884.985364785417914 ] } },
{ "type": "Feature", "properties": { "osmid": 8791690550, "y": 22.5424576, "x": 114.0604099, "street_count": 3, "highway": null, "ref": null }, "geometry": { "type": "Point", "coordinates": [ 197646.24769973650109, 2495846.677462709136307 ] } },
{ "type": "Feature", "properties": { "osmid": 8792350041, "y": 22.5258543, "x": 114.0520287, "street_count": 3, "highway": null, "ref": null }, "geometry": { "type": "Point", "coordinates": [ 196747.346895942522679, 2494024.078983369749039 ] } },
{ "type": "Feature", "properties": { "osmid": 8794485628, "y": 22.5285336, "x": 114.0515004, "street_count": 3, "highway": null, "ref": null }, "geometry": { "type": "Point", "coordinates": [ 196698.825555106857792, 2494322.011579002719373 ] } },
{ "type": "Feature", "properties": { "osmid": 8869144262, "y": 22.5305863, "x": 114.0292276, "street_count": 3, "highway": null, "ref": null }, "geometry": { "type": "Point", "coordinates": [ 194410.772845526051242, 2494594.863171867560595 ] } },
{ "type": "Feature", "properties": { "osmid": 8869146313, "y": 22.5293438, "x": 114.0622308, "street_count": 3, "highway": null, "ref": null }, "geometry": { "type": "Point", "coordinates": [ 197805.076393597817514, 2494390.022193867713213 ] } },
{ "type": "Feature", "properties": { "osmid": 8869177719, "y": 22.5293142, "x": 114.0595544, "street_count": 3, "highway": null, "ref": null }, "geometry": { "type": "Point", "coordinates": [ 197529.530903029779438, 2494392.161957985721529 ] } },
{ "type": "Feature", "properties": { "osmid": 8869177728, "y": 22.5259815, "x": 114.0622479, "street_count": 3, "highway": null, "ref": null }, "geometry": { "type": "Point", "coordinates": [ 197799.511823365173768, 2494017.455796951428056 ] } },
{ "type": "Feature", "properties": { "osmid": 8869177729, "y": 22.5259791, "x": 114.0618277, "street_count": 3, "highway": null, "ref": null }, "geometry": { "type": "Point", "coordinates": [ 197756.254531246435363, 2494018.040301367174834 ] } },
{ "type": "Feature", "properties": { "osmid": 8869177730, "y": 22.5259736, "x": 114.0608293, "street_count": 3, "highway": null, "ref": null }, "geometry": { "type": "Point", "coordinates": [ 197653.475099774019327, 2494019.452007879503071 ] } },
{ "type": "Feature", "properties": { "osmid": 8869177731, "y": 22.525844, "x": 114.0514164, "street_count": 4, "highway": null, "ref": null }, "geometry": { "type": "Point", "coordinates": [ 196684.298586303368211, 2494024.181326592341065 ] } },
{ "type": "Feature", "properties": { "osmid": 8869177732, "y": 22.5258459, "x": 114.0515466, "street_count": 4, "highway": null, "ref": null }, "geometry": { "type": "Point", "coordinates": [ 196697.704601625679061, 2494024.127389098517597 ] } },
{ "type": "Feature", "properties": { "osmid": 8869177733, "y": 22.5259924, "x": 114.063086, "street_count": 4, "highway": null, "ref": null }, "geometry": { "type": "Point", "coordinates": [ 197885.802908676618244, 2494016.967666560318321 ] } },
{ "type": "Feature", "properties": { "osmid": 8869177742, "y": 22.5259881, "x": 114.0627539, "street_count": 3, "highway": null, "ref": null }, "geometry": { "type": "Point", "coordinates": [ 197851.609818975033704, 2494017.163155095186085 ] } },
{ "type": "Feature", "properties": { "osmid": 8869177754, "y": 22.5262942, "x": 114.0630843, "street_count": 3, "highway": null, "ref": null }, "geometry": { "type": "Point", "coordinates": [ 197886.285156186379027, 2494050.409531344659626 ] } },
{ "type": "Feature", "properties": { "osmid": 8869177764, "y": 22.525905, "x": 114.0608633, "street_count": 3, "highway": null, "ref": null }, "geometry": { "type": "Point", "coordinates": [ 197656.825290833367035, 2494011.782509407959878 ] } },
{ "type": "Feature", "properties": { "osmid": 8869177769, "y": 22.5259195, "x": 114.062733, "street_count": 3, "highway": null, "ref": null }, "geometry": { "type": "Point", "coordinates": [ 197849.309131971152965, 2494009.604792147409171 ] } },
{ "type": "Feature", "properties": { "osmid": 8869177775, "y": 22.5259247, "x": 114.0630864, "street_count": 4, "highway": null, "ref": null }, "geometry": { "type": "Point", "coordinates": [ 197885.696651981852483, 2494009.465925026684999 ] } },
{ "type": "Feature", "properties": { "osmid": 8869448090, "y": 22.5218368, "x": 114.047211, "street_count": 3, "highway": null, "ref": null }, "geometry": { "type": "Point", "coordinates": [ 196242.65104578906903, 2493588.740634898655117 ] } },
{ "type": "Feature", "properties": { "osmid": 8869448108, "y": 22.5224415, "x": 114.0474645, "street_count": 3, "highway": null, "ref": null }, "geometry": { "type": "Point", "coordinates": [ 196270.069021972129121, 2493655.224460696801543 ] } },
{ "type": "Feature", "properties": { "osmid": 8869448109, "y": 22.5226037, "x": 114.0485295, "street_count": 3, "highway": null, "ref": null }, "geometry": { "type": "Point", "coordinates": [ 196380.050410422612913, 2493671.030377888120711 ] } },
{ "type": "Feature", "properties": { "osmid": 8869448111, "y": 22.5133244, "x": 114.0537283, "street_count": 3, "highway": null, "ref": null }, "geometry": { "type": "Point", "coordinates": [ 196894.925328602141235, 2492632.350272375158966 ] } },
{ "type": "Feature", "properties": { "osmid": 8869448116, "y": 22.5218069, "x": 114.0450853, "street_count": 3, "highway": null, "ref": null }, "geometry": { "type": "Point", "coordinates": [ 196023.77402834413806, 2493589.752578313462436 ] } },
{ "type": "Feature", "properties": { "osmid": 8869467017, "y": 22.5200682, "x": 114.0439961, "street_count": 3, "highway": null, "ref": null }, "geometry": { "type": "Point", "coordinates": [ 195907.845519600377884, 2493399.325424355454743 ] } },
{ "type": "Feature", "properties": { "osmid": 8872340111, "y": 22.5056934, "x": 114.0509458, "street_count": 4, "highway": null, "ref": null }, "geometry": { "type": "Point", "coordinates": [ 196591.813508274091873, 2491792.503359200898558 ] } },
{ "type": "Feature", "properties": { "osmid": 8872340116, "y": 22.5055115, "x": 114.0491434, "street_count": 4, "highway": null, "ref": null }, "geometry": { "type": "Point", "coordinates": [ 196405.862423156388104, 2491776.009428765624762 ] } },
{ "type": "Feature", "properties": { "osmid": 8872362717, "y": 22.505429, "x": 114.0473182, "street_count": 3, "highway": null, "ref": null }, "geometry": { "type": "Point", "coordinates": [ 196217.780855375749525, 2491770.577314502093941 ] } },
{ "type": "Feature", "properties": { "osmid": 8872362720, "y": 22.5080932, "x": 114.0489236, "street_count": 4, "highway": null, "ref": null }, "geometry": { "type": "Point", "coordinates": [ 196388.879200598923489, 2492062.501686947885901 ] } },
{ "type": "Feature", "properties": { "osmid": 8872362721, "y": 22.5054689, "x": 114.0454926, "street_count": 3, "highway": null, "ref": null }, "geometry": { "type": "Point", "coordinates": [ 196029.925584584416356, 2491778.709929378703237 ] } },
{ "type": "Feature", "properties": { "osmid": 8872362722, "y": 22.505752, "x": 114.0437824, "street_count": 3, "highway": null, "ref": null }, "geometry": { "type": "Point", "coordinates": [ 195854.483112560177688, 2491813.556037304457277 ] } },
{ "type": "Feature", "properties": { "osmid": 8872362723, "y": 22.5062371, "x": 114.0420525, "street_count": 3, "highway": null, "ref": null }, "geometry": { "type": "Point", "coordinates": [ 195677.455779381853063, 2491870.825530264060944 ] } },
{ "type": "Feature", "properties": { "osmid": 8872362724, "y": 22.5067455, "x": 114.0404905, "street_count": 3, "highway": null, "ref": null }, "geometry": { "type": "Point", "coordinates": [ 195517.765551099262666, 2491930.336723370477557 ] } },
{ "type": "Feature", "properties": { "osmid": 8872362725, "y": 22.5072406, "x": 114.0389405, "street_count": 3, "highway": null, "ref": null }, "geometry": { "type": "Point", "coordinates": [ 195359.28255793772405, 2491988.351640602573752 ] } },
{ "type": "Feature", "properties": { "osmid": 8872362726, "y": 22.5077491, "x": 114.0374379, "street_count": 3, "highway": null, "ref": null }, "geometry": { "type": "Point", "coordinates": [ 195205.709685484296642, 2492047.756351029034704 ] } },
{ "type": "Feature", "properties": { "osmid": 8878665892, "y": 22.5475861, "x": 114.0621231, "street_count": 3, "highway": null, "ref": null }, "geometry": { "type": "Point", "coordinates": [ 197833.750958243035711, 2496411.429209058638662 ] } },
{ "type": "Feature", "properties": { "osmid": 8878665902, "y": 22.5480681, "x": 114.0626512, "street_count": 3, "highway": null, "ref": null }, "geometry": { "type": "Point", "coordinates": [ 197889.151657182141207, 2496463.763844047673047 ] } },
{ "type": "Feature", "properties": { "osmid": 8878665913, "y": 22.5469947, "x": 114.062674, "street_count": 3, "highway": null, "ref": null }, "geometry": { "type": "Point", "coordinates": [ 197889.158146029163618, 2496344.788299366831779 ] } },
{ "type": "Feature", "properties": { "osmid": 8878670822, "y": 22.5474482, "x": 114.0621625, "street_count": 3, "highway": null, "ref": null }, "geometry": { "type": "Point", "coordinates": [ 197837.505177343846299, 2496396.070517416577786 ] } },
{ "type": "Feature", "properties": { "osmid": 8882319490, "y": 22.5255878, "x": 114.0717097, "street_count": 3, "highway": null, "ref": null }, "geometry": { "type": "Point", "coordinates": [ 198772.576771196501795, 2493954.718576181214303 ] } },
{ "type": "Feature", "properties": { "osmid": 8882319634, "y": 22.5207434, "x": 114.072846, "street_count": 3, "highway": null, "ref": null }, "geometry": { "type": "Point", "coordinates": [ 198879.024904251098633, 2493415.687205347232521 ] } },
{ "type": "Feature", "properties": { "osmid": 8882319736, "y": 22.5206826, "x": 114.0564758, "street_count": 4, "highway": null, "ref": null }, "geometry": { "type": "Point", "coordinates": [ 197193.812364743673243, 2493442.045640115160495 ] } },
{ "type": "Feature", "properties": { "osmid": 8987589741, "y": 22.5203067, "x": 114.0464471, "street_count": 3, "highway": null, "ref": null }, "geometry": { "type": "Point", "coordinates": [ 196160.667766369471792, 2493420.762794308364391 ] } },
{ "type": "Feature", "properties": { "osmid": 8987589756, "y": 22.5200235, "x": 114.0463328, "street_count": 3, "highway": null, "ref": null }, "geometry": { "type": "Point", "coordinates": [ 196148.281927694624756, 2493389.617383158300072 ] } },
{ "type": "Feature", "properties": { "osmid": 9000013660, "y": 22.5181968, "x": 114.0552344, "street_count": 3, "highway": null, "ref": null }, "geometry": { "type": "Point", "coordinates": [ 197060.600741023139562, 2493169.143380524590611 ] } },
{ "type": "Feature", "properties": { "osmid": 9198650558, "y": 22.5192713, "x": 114.0632892, "street_count": 3, "highway": null, "ref": null }, "geometry": { "type": "Point", "coordinates": [ 197892.085298722493462, 2493271.881633570417762 ] } },
{ "type": "Feature", "properties": { "osmid": 9200052964, "y": 22.5431878, "x": 114.0674455, "street_count": 3, "highway": null, "ref": null }, "geometry": { "type": "Point", "coordinates": [ 198371.938440254016314, 2495913.343179783783853 ] } },
{ "type": "Feature", "properties": { "osmid": 9203706610, "y": 22.5430835, "x": 114.0812747, "street_count": 3, "highway": null, "ref": null }, "geometry": { "type": "Point", "coordinates": [ 199794.992710237798747, 2495873.900255057029426 ] } },
{ "type": "Feature", "properties": { "osmid": 9222802792, "y": 22.5249475, "x": 114.0439627, "street_count": 3, "highway": null, "ref": null }, "geometry": { "type": "Point", "coordinates": [ 195915.100882907805499, 2493940.009882602840662 ] } },
{ "type": "Feature", "properties": { "osmid": 9222802794, "y": 22.5215831, "x": 114.0420405, "street_count": 3, "highway": null, "ref": null }, "geometry": { "type": "Point", "coordinates": [ 195709.862465916958172, 2493571.156138552352786 ] } },
{ "type": "Feature", "properties": { "osmid": 9222802797, "y": 22.5206448, "x": 114.0414527, "street_count": 3, "highway": null, "ref": null }, "geometry": { "type": "Point", "coordinates": [ 195647.298264953133184, 2493468.391938393004239 ] } },
{ "type": "Feature", "properties": { "osmid": 9222802798, "y": 22.5176736, "x": 114.0395952, "street_count": 3, "highway": null, "ref": null }, "geometry": { "type": "Point", "coordinates": [ 195449.571484076615889, 2493142.974438353907317 ] } },
{ "type": "Feature", "properties": { "osmid": 9222802799, "y": 22.5191254, "x": 114.0405358, "street_count": 3, "highway": null, "ref": null }, "geometry": { "type": "Point", "coordinates": [ 195549.581497824052349, 2493301.913846289739013 ] } },
{ "type": "Feature", "properties": { "osmid": 9222802800, "y": 22.5266231, "x": 114.0447919, "street_count": 3, "highway": null, "ref": null }, "geometry": { "type": "Point", "coordinates": [ 196004.125492162303999, 2494123.974661708343774 ] } },
{ "type": "Feature", "properties": { "osmid": 9222802801, "y": 22.5265929, "x": 114.0449025, "street_count": 3, "highway": null, "ref": null }, "geometry": { "type": "Point", "coordinates": [ 196015.443676551803946, 2494120.403408241458237 ] } },
{ "type": "Feature", "properties": { "osmid": 9228759443, "y": 22.5125549, "x": 114.0514036, "street_count": 3, "highway": null, "ref": null }, "geometry": { "type": "Point", "coordinates": [ 196653.934268252865877, 2492551.809683164115995 ] } },
{ "type": "Feature", "properties": { "osmid": 9393473353, "y": 22.5499702, "x": 114.0424901, "street_count": 3, "highway": null, "ref": null }, "geometry": { "type": "Point", "coordinates": [ 195818.421944159024861, 2496715.479594412259758 ] } },
{ "type": "Feature", "properties": { "osmid": 9393473355, "y": 22.5499066, "x": 114.0425597, "street_count": 3, "highway": null, "ref": null }, "geometry": { "type": "Point", "coordinates": [ 195825.445249941956718, 2496708.290903995279223 ] } },
{ "type": "Feature", "properties": { "osmid": 9393473358, "y": 22.5494905, "x": 114.0428409, "street_count": 1, "highway": null, "ref": null }, "geometry": { "type": "Point", "coordinates": [ 195853.471781993401237, 2496661.614387665409595 ] } },
{ "type": "Feature", "properties": { "osmid": 9393473359, "y": 22.5495109, "x": 114.0426937, "street_count": 3, "highway": null, "ref": null }, "geometry": { "type": "Point", "coordinates": [ 195838.36734777217498, 2496664.174789040815085 ] } },
{ "type": "Feature", "properties": { "osmid": 9393473360, "y": 22.5496895, "x": 114.0434102, "street_count": 3, "highway": null, "ref": null }, "geometry": { "type": "Point", "coordinates": [ 195912.498470576305408, 2496682.502678239252418 ] } },
{ "type": "Feature", "properties": { "osmid": 9393473361, "y": 22.550132, "x": 114.0434108, "street_count": 3, "highway": null, "ref": null }, "geometry": { "type": "Point", "coordinates": [ 195913.531306437856983, 2496731.529689720831811 ] } },
{ "type": "Feature", "properties": { "osmid": 9393473363, "y": 22.5502138, "x": 114.0434286, "street_count": 3, "highway": null, "ref": null }, "geometry": { "type": "Point", "coordinates": [ 195915.542714023729786, 2496740.556704388000071 ] } },
{ "type": "Feature", "properties": { "osmid": 9393473366, "y": 22.5496902, "x": 114.0437034, "street_count": 3, "highway": null, "ref": null }, "geometry": { "type": "Point", "coordinates": [ 195942.674875008466188, 2496681.982608227990568 ] } },
{ "type": "Feature", "properties": { "osmid": 9393473370, "y": 22.5496173, "x": 114.0433033, "street_count": 1, "highway": null, "ref": null }, "geometry": { "type": "Point", "coordinates": [ 195901.33833597949706, 2496674.720951561816037 ] } },
{ "type": "Feature", "properties": { "osmid": 9577362646, "y": 22.5233062, "x": 114.0474339, "street_count": 3, "highway": null, "ref": null }, "geometry": { "type": "Point", "coordinates": [ 196268.812063706747722, 2493751.093472571112216 ] } },
{ "type": "Feature", "properties": { "osmid": 9577362648, "y": 22.5233198, "x": 114.04852, "street_count": 3, "highway": null, "ref": null }, "geometry": { "type": "Point", "coordinates": [ 196380.639530712389387, 2493750.391877825837582 ] } },
{ "type": "Feature", "properties": { "osmid": 9608302581, "y": 22.5224087, "x": 114.0364268, "street_count": 3, "highway": null, "ref": null }, "geometry": { "type": "Point", "coordinates": [ 195133.819783591199666, 2493674.079339812044054 ] } },
{ "type": "Feature", "properties": { "osmid": 9608302698, "y": 22.5212514, "x": 114.0338468, "street_count": 3, "highway": null, "ref": null }, "geometry": { "type": "Point", "coordinates": [ 194865.698587833612692, 2493551.120874339248985 ] } },
{ "type": "Feature", "properties": { "osmid": 9608397713, "y": 22.5135532, "x": 114.0397454, "street_count": 3, "highway": null, "ref": null }, "geometry": { "type": "Point", "coordinates": [ 195455.99245693825651, 2492686.135384310036898 ] } },
{ "type": "Feature", "properties": { "osmid": 9653865272, "y": 22.5359923, "x": 114.063066, "street_count": 3, "highway": null, "ref": null }, "geometry": { "type": "Point", "coordinates": [ 197905.525708663044497, 2495124.963938449975103 ] } },
{ "type": "Feature", "properties": { "osmid": 9653865274, "y": 22.537523, "x": 114.0627478, "street_count": 4, "highway": null, "ref": null }, "geometry": { "type": "Point", "coordinates": [ 197876.110398921940941, 2495295.20457246620208 ] } },
{ "type": "Feature", "properties": { "osmid": 9653865275, "y": 22.5376562, "x": 114.0626705, "street_count": 3, "highway": null, "ref": null }, "geometry": { "type": "Point", "coordinates": [ 197868.444667625415605, 2495310.119173719082028 ] } },
{ "type": "Feature", "properties": { "osmid": 9655569173, "y": 22.5430103, "x": 114.0684913, "street_count": 3, "highway": null, "ref": null }, "geometry": { "type": "Point", "coordinates": [ 198479.184911446995102, 2495891.563305890187621 ] } },
{ "type": "Feature", "properties": { "osmid": 9655569174, "y": 22.5431211, "x": 114.067418, "street_count": 3, "highway": null, "ref": null }, "geometry": { "type": "Point", "coordinates": [ 198368.963027820747811, 2495906.008639133069664 ] } },
{ "type": "Feature", "properties": { "osmid": 9660848459, "y": 22.5214905, "x": 114.041169, "street_count": 3, "highway": null, "ref": null }, "geometry": { "type": "Point", "coordinates": [ 195619.950001101417001, 2493562.67204471770674 ] } },
{ "type": "Feature", "properties": { "osmid": 9660848462, "y": 22.5235267, "x": 114.0374422, "street_count": 4, "highway": null, "ref": null }, "geometry": { "type": "Point", "coordinates": [ 195240.797086130653042, 2493795.879605593159795 ] } },
{ "type": "Feature", "properties": { "osmid": 9660848463, "y": 22.5239648, "x": 114.0366455, "street_count": 3, "highway": null, "ref": null }, "geometry": { "type": "Point", "coordinates": [ 195159.750902061583474, 2493846.046442714519799 ] } },
{ "type": "Feature", "properties": { "osmid": 9660848465, "y": 22.5269849, "x": 114.0311536, "street_count": 3, "highway": null, "ref": null }, "geometry": { "type": "Point", "coordinates": [ 194601.088225223240443, 2494191.890956829302013 ] } },
{ "type": "Feature", "properties": { "osmid": 9660848467, "y": 22.5264041, "x": 114.0322097, "street_count": 3, "highway": null, "ref": null }, "geometry": { "type": "Point", "coordinates": [ 194708.517938754463103, 2494125.379378503654152 ] } },
{ "type": "Feature", "properties": { "osmid": 9660848469, "y": 22.5258883, "x": 114.0331477, "street_count": 3, "highway": null, "ref": null }, "geometry": { "type": "Point", "coordinates": [ 194803.935002533369698, 2494066.311949513852596 ] } },
{ "type": "Feature", "properties": { "osmid": 9660848480, "y": 22.5262355, "x": 114.0325208, "street_count": 4, "highway": null, "ref": null }, "geometry": { "type": "Point", "coordinates": [ 194740.16962223459268, 2494106.062691984232515 ] } },
{ "type": "Feature", "properties": { "osmid": 9660848481, "y": 22.5261716, "x": 114.0326326, "street_count": 4, "highway": null, "ref": null }, "geometry": { "type": "Point", "coordinates": [ 194751.537021442607511, 2494098.754104434046894 ] } },
{ "type": "Feature", "properties": { "osmid": 9660848487, "y": 22.5234094, "x": 114.0376557, "street_count": 3, "highway": null, "ref": null }, "geometry": { "type": "Point", "coordinates": [ 195262.516185188083909, 2493782.447284871246666 ] } },
{ "type": "Feature", "properties": { "osmid": 9660848493, "y": 22.5181629, "x": 114.0503424, "street_count": 3, "highway": null, "ref": null }, "geometry": { "type": "Point", "coordinates": [ 196556.951538079825696, 2493175.316549055743963 ] } },
{ "type": "Feature", "properties": { "osmid": 9666019841, "y": 22.5479085, "x": 114.0578315, "street_count": 3, "highway": null, "ref": null }, "geometry": { "type": "Point", "coordinates": [ 197392.780055747367442, 2496455.848392407875508 ] } },
{ "type": "Feature", "properties": { "osmid": 9666019842, "y": 22.5473804, "x": 114.0578398, "street_count": 4, "highway": null, "ref": null }, "geometry": { "type": "Point", "coordinates": [ 197392.481106091116089, 2496397.319542381446809 ] } },
{ "type": "Feature", "properties": { "osmid": 9666019852, "y": 22.5450405, "x": 114.0578764, "street_count": 3, "highway": null, "ref": null }, "geometry": { "type": "Point", "coordinates": [ 197391.138842546904925, 2496137.990919065661728 ] } },
{ "type": "Feature", "properties": { "osmid": 9666019854, "y": 22.5455143, "x": 114.0576325, "street_count": 3, "highway": null, "ref": null }, "geometry": { "type": "Point", "coordinates": [ 197367.071652528480627, 2496190.981304985936731 ] } },
{ "type": "Feature", "properties": { "osmid": 9666019856, "y": 22.5457278, "x": 114.0578656, "street_count": 3, "highway": null, "ref": null }, "geometry": { "type": "Point", "coordinates": [ 197391.527950140298344, 2496214.163738809991628 ] } },
{ "type": "Feature", "properties": { "osmid": 9666019868, "y": 22.5231398, "x": 114.06271, "street_count": 3, "highway": null, "ref": null }, "geometry": { "type": "Point", "coordinates": [ 197840.887959867657628, 2493701.669885562267154 ] } },
{ "type": "Feature", "properties": { "osmid": 9666019883, "y": 22.5215191, "x": 114.0607867, "street_count": 3, "highway": null, "ref": null }, "geometry": { "type": "Point", "coordinates": [ 197639.382958652218804, 2493525.994019709061831 ] } },
{ "type": "Feature", "properties": { "osmid": 9666019885, "y": 22.520926, "x": 114.0605726, "street_count": 3, "highway": null, "ref": null }, "geometry": { "type": "Point", "coordinates": [ 197616.052030292456038, 2493460.713895148597658 ] } },
{ "type": "Feature", "properties": { "osmid": 9666019894, "y": 22.5354674, "x": 114.0625086, "street_count": 3, "highway": null, "ref": null }, "geometry": { "type": "Point", "coordinates": [ 197847.011778210639022, 2495067.934902256820351 ] } },
{ "type": "Feature", "properties": { "osmid": 9666019897, "y": 22.545438, "x": 114.0578702, "street_count": 4, "highway": null, "ref": null }, "geometry": { "type": "Point", "coordinates": [ 197391.368629123957362, 2496182.045379972551018 ] } },
{ "type": "Feature", "properties": { "osmid": 9666019900, "y": 22.5359779, "x": 114.0628945, "street_count": 3, "highway": null, "ref": null }, "geometry": { "type": "Point", "coordinates": [ 197887.842770059069153, 2495123.715562663506716 ] } },
{ "type": "Feature", "properties": { "osmid": 9666019902, "y": 22.54753, "x": 114.0578374, "street_count": 4, "highway": null, "ref": null }, "geometry": { "type": "Point", "coordinates": [ 197392.560769069765229, 2496413.899674979038537 ] } },
{ "type": "Feature", "properties": { "osmid": 9669373592, "y": 22.5219714, "x": 114.0443651, "street_count": 3, "highway": null, "ref": null }, "geometry": { "type": "Point", "coordinates": [ 195949.999741446401458, 2493609.444811281282455 ] } },
{ "type": "Feature", "properties": { "osmid": 9671934765, "y": 22.5314064, "x": 114.0253877, "street_count": 3, "highway": "motorway_junction", "ref": null }, "geometry": { "type": "Point", "coordinates": [ 194017.337607974885032, 2494693.594532331451774 ] } },
{ "type": "Feature", "properties": { "osmid": 9706857112, "y": 22.5310065, "x": 114.0351308, "street_count": 1, "highway": null, "ref": null }, "geometry": { "type": "Point", "coordinates": [ 195019.316918616124894, 2494629.349847325123847 ] } },
{ "type": "Feature", "properties": { "osmid": 9730051941, "y": 22.5306267, "x": 114.0367848, "street_count": 3, "highway": null, "ref": null }, "geometry": { "type": "Point", "coordinates": [ 195188.728553567780182, 2494583.89071521628648 ] } },
{ "type": "Feature", "properties": { "osmid": 9730051942, "y": 22.5306836, "x": 114.03547, "street_count": 3, "highway": null, "ref": null }, "geometry": { "type": "Point", "coordinates": [ 195053.52085275639547, 2494592.88008819706738 ] } },
{ "type": "Feature", "properties": { "osmid": 9731823962, "y": 22.5105909, "x": 114.054752, "street_count": 4, "highway": null, "ref": null }, "geometry": { "type": "Point", "coordinates": [ 196994.340930694772396, 2492327.410040072631091 ] } },
{ "type": "Feature", "properties": { "osmid": 9731824018, "y": 22.5152436, "x": 114.0503644, "street_count": 3, "highway": null, "ref": null }, "geometry": { "type": "Point", "coordinates": [ 196552.833716100023594, 2492851.820886893197894 ] } },
{ "type": "Feature", "properties": { "osmid": 9732895733, "y": 22.5493862, "x": 114.0510043, "street_count": 4, "highway": null, "ref": null }, "geometry": { "type": "Point", "coordinates": [ 196693.384499926061835, 2496633.437876345124096 ] } },
{ "type": "Feature", "properties": { "osmid": 9732895734, "y": 22.5493037, "x": 114.0510058, "street_count": 4, "highway": null, "ref": null }, "geometry": { "type": "Point", "coordinates": [ 196693.358294090430718, 2496624.294014233164489 ] } },
{ "type": "Feature", "properties": { "osmid": 9732895742, "y": 22.5410355, "x": 114.049452, "street_count": 3, "highway": null, "ref": null }, "geometry": { "type": "Point", "coordinates": [ 196515.344079541624524, 2495711.355582750402391 ] } },
{ "type": "Feature", "properties": { "osmid": 9732895743, "y": 22.5410235, "x": 114.049028, "street_count": 4, "highway": null, "ref": null }, "geometry": { "type": "Point", "coordinates": [ 196471.678995221096557, 2495710.888320222962648 ] } },
{ "type": "Feature", "properties": { "osmid": 9732895756, "y": 22.536994, "x": 114.0512272, "street_count": 3, "highway": null, "ref": null }, "geometry": { "type": "Point", "coordinates": [ 196689.208928721025586, 2495259.958090645261109 ] } },
{ "type": "Feature", "properties": { "osmid": 9732895760, "y": 22.5416701, "x": 114.0510156, "street_count": 3, "highway": null, "ref": null }, "geometry": { "type": "Point", "coordinates": [ 196677.660943368100561, 2495778.488868478219956 ] } },
{ "type": "Feature", "properties": { "osmid": 9757737411, "y": 22.5182556, "x": 114.0509814, "street_count": 4, "highway": null, "ref": null }, "geometry": { "type": "Point", "coordinates": [ 196622.931977805215865, 2493184.289565033745021 ] } },
{ "type": "Feature", "properties": { "osmid": 9867711844, "y": 22.5374042, "x": 114.0468082, "street_count": 3, "highway": null, "ref": null }, "geometry": { "type": "Point", "coordinates": [ 196235.283161749190185, 2495314.393954650964588 ] } },
{ "type": "Feature", "properties": { "osmid": 10006651411, "y": 22.5212664, "x": 114.0415548, "street_count": 3, "highway": null, "ref": null }, "geometry": { "type": "Point", "coordinates": [ 195659.171498570358381, 2493537.055998772382736 ] } },
{ "type": "Feature", "properties": { "osmid": 10006651412, "y": 22.5213726, "x": 114.0416125, "street_count": 3, "highway": null, "ref": null }, "geometry": { "type": "Point", "coordinates": [ 195665.343882267072331, 2493548.705185886938125 ] } },
{ "type": "Feature", "properties": { "osmid": 10031001799, "y": 22.5429111, "x": 114.0635496, "street_count": 3, "highway": null, "ref": null }, "geometry": { "type": "Point", "coordinates": [ 197970.373199744615704, 2495890.565782787278295 ] } },
{ "type": "Feature", "properties": { "osmid": 10031001805, "y": 22.5429598, "x": 114.0589458, "street_count": 3, "highway": null, "ref": null }, "geometry": { "type": "Point", "coordinates": [ 197496.658517652365845, 2495905.286957260221243 ] } },
{ "type": "Feature", "properties": { "osmid": 10031001813, "y": 22.5425183, "x": 114.0634061, "street_count": 3, "highway": null, "ref": null }, "geometry": { "type": "Point", "coordinates": [ 197954.748360335943289, 2495847.33525515627116 ] } },
{ "type": "Feature", "properties": { "osmid": 10050110834, "y": 22.5257569, "x": 114.0443708, "street_count": 3, "highway": null, "ref": null }, "geometry": { "type": "Point", "coordinates": [ 195958.882110782316886, 2494028.858806055504829 ] } },
{ "type": "Feature", "properties": { "osmid": 10050110835, "y": 22.5157513, "x": 114.038409, "street_count": 4, "highway": null, "ref": null }, "geometry": { "type": "Point", "coordinates": [ 195323.244481965783052, 2492932.405752316582948 ] } },
{ "type": "Feature", "properties": { "osmid": 10050110836, "y": 22.5148339, "x": 114.040985, "street_count": 3, "highway": null, "ref": null }, "geometry": { "type": "Point", "coordinates": [ 195586.408940016350243, 2492825.50825917487964 ] } },
{ "type": "Feature", "properties": { "osmid": 10154495540, "y": 22.5295756, "x": 114.0513239, "street_count": 3, "highway": null, "ref": null }, "geometry": { "type": "Point", "coordinates": [ 196682.936823837750126, 2494437.821108585689217 ] } },
{ "type": "Feature", "properties": { "osmid": 10556743814, "y": 22.5425156, "x": 114.0629879, "street_count": 3, "highway": null, "ref": null }, "geometry": { "type": "Point", "coordinates": [ 197911.70145720790606, 2495847.882624943275005 ] } },
{ "type": "Feature", "properties": { "osmid": 10556743815, "y": 22.5426746, "x": 114.0636475, "street_count": 3, "highway": null, "ref": null }, "geometry": { "type": "Point", "coordinates": [ 197979.933717199601233, 2495864.164202386047691 ] } },
{ "type": "Feature", "properties": { "osmid": 10556743818, "y": 22.5425925, "x": 114.0664879, "street_count": 3, "highway": null, "ref": null }, "geometry": { "type": "Point", "coordinates": [ 198272.087452404201031, 2495849.321906084194779 ] } },
{ "type": "Feature", "properties": { "osmid": 10556743820, "y": 22.5425607, "x": 114.06501, "street_count": 3, "highway": null, "ref": null }, "geometry": { "type": "Point", "coordinates": [ 198119.913500872033183, 2495848.787538497708738 ] } },
{ "type": "Feature", "properties": { "osmid": 10556743824, "y": 22.5424466, "x": 114.0595543, "street_count": 3, "highway": null, "ref": null }, "geometry": { "type": "Point", "coordinates": [ 197558.165384349180385, 2495847.192501330282539 ] } },
{ "type": "Feature", "properties": { "osmid": 10556743830, "y": 22.5430295, "x": 114.0621385, "street_count": 3, "highway": null, "ref": null }, "geometry": { "type": "Point", "coordinates": [ 197825.401696328946855, 2495906.540867577772588 ] } },
{ "type": "Feature", "properties": { "osmid": 10556743834, "y": 22.5438943, "x": 114.0625848, "street_count": 3, "highway": null, "ref": null }, "geometry": { "type": "Point", "coordinates": [ 197873.219591508852318, 2496001.454307579435408 ] } },
{ "type": "Feature", "properties": { "osmid": 10576642003, "y": 22.5428196, "x": 114.0572365, "street_count": 3, "highway": null, "ref": null }, "geometry": { "type": "Point", "coordinates": [ 197320.431721855071373, 2495893.219245667569339 ] } },
{ "type": "Feature", "properties": { "osmid": 10579173218, "y": 22.5424887, "x": 114.0616931, "street_count": 3, "highway": null, "ref": null }, "geometry": { "type": "Point", "coordinates": [ 197778.382304215920158, 2495847.523891636170447 ] } },
{ "type": "Feature", "properties": { "osmid": 10579173219, "y": 22.5426385, "x": 114.0619612, "street_count": 3, "highway": null, "ref": null }, "geometry": { "type": "Point", "coordinates": [ 197806.301677747804206, 2495863.578322883695364 ] } },
{ "type": "Feature", "properties": { "osmid": 10727191843, "y": 22.5218632, "x": 114.0448426, "street_count": 3, "highway": null, "ref": null }, "geometry": { "type": "Point", "coordinates": [ 195998.914731062832288, 2493596.484477767255157 ] } },
{ "type": "Feature", "properties": { "osmid": 10727765858, "y": 22.513816, "x": 114.0529319, "street_count": 1, "highway": null, "ref": null }, "geometry": { "type": "Point", "coordinates": [ 196814.015964068181347, 2492688.434055503457785 ] } },
{ "type": "Feature", "properties": { "osmid": 10727765867, "y": 22.5157307, "x": 114.0564703, "street_count": 1, "highway": null, "ref": null }, "geometry": { "type": "Point", "coordinates": [ 197182.441671436419711, 2492893.401001993566751 ] } },
{ "type": "Feature", "properties": { "osmid": 10815731976, "y": 22.5112073, "x": 114.0530647, "street_count": 4, "highway": null, "ref": null }, "geometry": { "type": "Point", "coordinates": [ 196821.989467182313092, 2492399.127896776422858 ] } },
{ "type": "Feature", "properties": { "osmid": 10815767713, "y": 22.5136741, "x": 114.039504, "street_count": 4, "highway": null, "ref": null }, "geometry": { "type": "Point", "coordinates": [ 195431.407328855362721, 2492700.022966418880969 ] } },
{ "type": "Feature", "properties": { "osmid": 10815767721, "y": 22.5134472, "x": 114.0402368, "street_count": 3, "highway": null, "ref": null }, "geometry": { "type": "Point", "coordinates": [ 195506.346026510815136, 2492673.389212552923709 ] } },
{ "type": "Feature", "properties": { "osmid": 10815767724, "y": 22.5135782, "x": 114.0405587, "street_count": 3, "highway": null, "ref": null }, "geometry": { "type": "Point", "coordinates": [ 195539.770648524106946, 2492687.247761559672654 ] } },
{ "type": "Feature", "properties": { "osmid": 10815767728, "y": 22.5135574, "x": 114.0406309, "street_count": 3, "highway": null, "ref": null }, "geometry": { "type": "Point", "coordinates": [ 195547.157493750215508, 2492684.796033209655434 ] } },
{ "type": "Feature", "properties": { "osmid": 10815767731, "y": 22.5132699, "x": 114.0407666, "street_count": 3, "highway": null, "ref": null }, "geometry": { "type": "Point", "coordinates": [ 195560.496295722492505, 2492652.665065354201943 ] } },
{ "type": "Feature", "properties": { "osmid": 10815767734, "y": 22.5134402, "x": 114.0394211, "street_count": 3, "highway": null, "ref": null }, "geometry": { "type": "Point", "coordinates": [ 195422.360164220677689, 2492674.276268064044416 ] } },
{ "type": "Feature", "properties": { "osmid": 10815767749, "y": 22.5125033, "x": 114.0445835, "street_count": 4, "highway": null, "ref": null }, "geometry": { "type": "Point", "coordinates": [ 195951.739696279983036, 2492559.955023305956274 ] } },
{ "type": "Feature", "properties": { "osmid": 10815767792, "y": 22.5140561, "x": 114.0554993, "street_count": 4, "highway": null, "ref": null }, "geometry": { "type": "Point", "coordinates": [ 197078.832316389482003, 2492709.82875123154372 ] } },
{ "type": "Feature", "properties": { "osmid": 10815767795, "y": 22.5140201, "x": 114.0554207, "street_count": 4, "highway": null, "ref": null }, "geometry": { "type": "Point", "coordinates": [ 197070.66256030544173, 2492705.999421988613904 ] } },
{ "type": "Feature", "properties": { "osmid": 10815767810, "y": 22.5152916, "x": 114.0509858, "street_count": 3, "highway": null, "ref": null }, "geometry": { "type": "Point", "coordinates": [ 196616.906057951855473, 2492855.877139432821423 ] } },
{ "type": "Feature", "properties": { "osmid": 10829151809, "y": 22.5311182, "x": 114.0370211, "street_count": 3, "highway": null, "ref": null }, "geometry": { "type": "Point", "coordinates": [ 195214.13107180519728, 2494637.865776257589459 ] } },
{ "type": "Feature", "properties": { "osmid": 10829151813, "y": 22.5339336, "x": 114.044174, "street_count": 4, "highway": null, "ref": null }, "geometry": { "type": "Point", "coordinates": [ 195956.549141795490868, 2494935.221628094557673 ] } },
{ "type": "Feature", "properties": { "osmid": 10875282430, "y": 22.5313659, "x": 114.0587453, "street_count": 3, "highway": null, "ref": null }, "geometry": { "type": "Point", "coordinates": [ 197450.725822518696077, 2494621.12342934217304 ] } },
{ "type": "Feature", "properties": { "osmid": 10964030922, "y": 22.5446409, "x": 114.0697923, "street_count": 1, "highway": null, "ref": null }, "geometry": { "type": "Point", "coordinates": [ 198616.627930941176601, 2496069.599645718000829 ] } },
{ "type": "Feature", "properties": { "osmid": 11111332270, "y": 22.5469963, "x": 114.0628358, "street_count": 3, "highway": null, "ref": null }, "geometry": { "type": "Point", "coordinates": [ 197905.813506632635836, 2496344.637957985512912 ] } },
{ "type": "Feature", "properties": { "osmid": 11111332276, "y": 22.5474847, "x": 114.0633393, "street_count": 3, "highway": null, "ref": null }, "geometry": { "type": "Point", "coordinates": [ 197958.696346079639625, 2496397.731749329250306 ] } },
{ "type": "Feature", "properties": { "osmid": 11111332280, "y": 22.548002, "x": 114.0628179, "street_count": 3, "highway": null, "ref": null }, "geometry": { "type": "Point", "coordinates": [ 197906.163594947371166, 2496456.102617374621332 ] } },
{ "type": "Feature", "properties": { "osmid": 11111332283, "y": 22.5475968, "x": 114.0633495, "street_count": 3, "highway": null, "ref": null }, "geometry": { "type": "Point", "coordinates": [ 197959.990408276149537, 2496410.131425340194255 ] } },
{ "type": "Feature", "properties": { "osmid": 11553088688, "y": 22.5378703, "x": 114.0439293, "street_count": 3, "highway": null, "ref": null }, "geometry": { "type": "Point", "coordinates": [ 195939.995468995592091, 2495371.898890724405646 ] } },
{ "type": "Feature", "properties": { "osmid": 11649065418, "y": 22.5217847, "x": 114.0635411, "street_count": 3, "highway": null, "ref": null }, "geometry": { "type": "Point", "coordinates": [ 197923.48642469040351, 2493549.848235091660172 ] } },
{ "type": "Feature", "properties": { "osmid": 12089221626, "y": 22.539606, "x": 114.0619624, "street_count": 4, "highway": null, "ref": null }, "geometry": { "type": "Point", "coordinates": [ 197799.814580359263346, 2495527.584386343602091 ] } },
{ "type": "Feature", "properties": { "osmid": 12089221633, "y": 22.5391785, "x": 114.062823, "street_count": 3, "highway": null, "ref": null }, "geometry": { "type": "Point", "coordinates": [ 197887.457613950013183, 2495478.4764279066585 ] } },
{ "type": "Feature", "properties": { "osmid": 12089221648, "y": 22.5365702, "x": 114.0628962, "street_count": 4, "highway": null, "ref": null }, "geometry": { "type": "Point", "coordinates": [ 197889.308231643692125, 2495189.337039595935494 ] } },
{ "type": "Feature", "properties": { "osmid": 12089221652, "y": 22.537657, "x": 114.0620033, "street_count": 3, "highway": null, "ref": null }, "geometry": { "type": "Point", "coordinates": [ 197799.775933429016732, 2495311.558526902925223 ] } },
{ "type": "Feature", "properties": { "osmid": 12089221656, "y": 22.5375169, "x": 114.0632099, "street_count": 3, "highway": null, "ref": null }, "geometry": { "type": "Point", "coordinates": [ 197923.658028520527296, 2495293.593421635217965 ] } },
{ "type": "Feature", "properties": { "osmid": 12089221659, "y": 22.5376501, "x": 114.0630848, "street_count": 4, "highway": null, "ref": null }, "geometry": { "type": "Point", "coordinates": [ 197911.072518034488894, 2495308.604737166780978 ] } },
{ "type": "Feature", "properties": { "osmid": 12098191727, "y": 22.5491324, "x": 114.0414875, "street_count": 3, "highway": null, "ref": null }, "geometry": { "type": "Point", "coordinates": [ 195713.399057133996394, 2496624.697397205047309 ] } },
{ "type": "Feature", "properties": { "osmid": 12098191733, "y": 22.5496275, "x": 114.0425336, "street_count": 1, "highway": null, "ref": null }, "geometry": { "type": "Point", "coordinates": [ 195822.146477588277776, 2496677.420308056287467 ] } },
{ "type": "Feature", "properties": { "osmid": 12098191735, "y": 22.5492253, "x": 114.0415982, "street_count": 3, "highway": null, "ref": null }, "geometry": { "type": "Point", "coordinates": [ 195724.995872617815621, 2496634.764778342097998 ] } },
{ "type": "Feature", "properties": { "osmid": 12098191740, "y": 22.5493173, "x": 114.0414877, "street_count": 3, "highway": null, "ref": null }, "geometry": { "type": "Point", "coordinates": [ 195713.825665047974326, 2496645.183613356202841 ] } },
{ "type": "Feature", "properties": { "osmid": 12098191741, "y": 22.5496988, "x": 114.0426301, "street_count": 3, "highway": null, "ref": null }, "geometry": { "type": "Point", "coordinates": [ 195832.234359360241797, 2496685.123468109406531 ] } },
{ "type": "Feature", "properties": { "osmid": 12098191742, "y": 22.5497081, "x": 114.0426655, "street_count": 1, "highway": null, "ref": null }, "geometry": { "type": "Point", "coordinates": [ 195835.897989486111328, 2496686.08171447692439 ] } },
{ "type": "Feature", "properties": { "osmid": 12098191743, "y": 22.5496697, "x": 114.0437039, "street_count": 3, "highway": null, "ref": null }, "geometry": { "type": "Point", "coordinates": [ 195942.681349555496126, 2496679.710225066635758 ] } },
{ "type": "Feature", "properties": { "osmid": 12144580997, "y": 22.5486252, "x": 114.0365498, "street_count": 3, "highway": null, "ref": null }, "geometry": { "type": "Point", "coordinates": [ 195204.113310548069421, 2496578.580084543209523 ] } },
{ "type": "Feature", "properties": { "osmid": 12326760183, "y": 22.5107515, "x": 114.0546861, "street_count": 1, "highway": null, "ref": null }, "geometry": { "type": "Point", "coordinates": [ 196987.907434480614029, 2492345.337682940531522 ] } },
{ "type": "Feature", "properties": { "osmid": 12326760184, "y": 22.5115625, "x": 114.0543579, "street_count": 4, "highway": null, "ref": null }, "geometry": { "type": "Point", "coordinates": [ 196955.891510093235411, 2492435.859708956908435 ] } },
{ "type": "Feature", "properties": { "osmid": 12369322416, "y": 22.5216972, "x": 114.0636482, "street_count": 3, "highway": null, "ref": null }, "geometry": { "type": "Point", "coordinates": [ 197934.320297611993738, 2493539.936930568888783 ] } },
{ "type": "Feature", "properties": { "osmid": 12785836783, "y": 22.5120873, "x": 114.0374301, "street_count": 1, "highway": null, "ref": null }, "geometry": { "type": "Point", "coordinates": [ 195214.43033154529985, 2492528.437409290112555 ] } },
{ "type": "Feature", "properties": { "osmid": 12825008599, "y": 22.5504127, "x": 114.0627762, "street_count": 3, "highway": null, "ref": null }, "geometry": { "type": "Point", "coordinates": [ 197907.127469761937391, 2496723.285126674920321 ] } },
{ "type": "Feature", "properties": { "osmid": 12980712833, "y": 22.5316374, "x": 114.0773564, "street_count": 1, "highway": null, "ref": null }, "geometry": { "type": "Point", "coordinates": [ 199366.911801669804845, 2494613.608931707683951 ] } },
{ "type": "Feature", "properties": { "osmid": 12987924104, "y": 22.5439832, "x": 114.0669709, "street_count": 3, "highway": null, "ref": null }, "geometry": { "type": "Point", "coordinates": [ 198324.82423099357402, 2496002.430140581447631 ] } },
{ "type": "Feature", "properties": { "osmid": 12987924106, "y": 22.5450852, "x": 114.0674666, "street_count": 3, "highway": null, "ref": null }, "geometry": { "type": "Point", "coordinates": [ 198378.238953144289553, 2496123.525832789484411 ] } },
{ "type": "Feature", "properties": { "osmid": 12987924174, "y": 22.5430589, "x": 114.0636321, "street_count": 3, "highway": null, "ref": null }, "geometry": { "type": "Point", "coordinates": [ 197979.186082210799213, 2495906.774569032713771 ] } },
{ "type": "Feature", "properties": { "osmid": 12987924189, "y": 22.5437871, "x": 114.0625785, "street_count": 3, "highway": null, "ref": null }, "geometry": { "type": "Point", "coordinates": [ 197872.337538811319973, 2495989.589640643913299 ] } },
{ "type": "Feature", "properties": { "osmid": 12987924203, "y": 22.5437727, "x": 114.0630621, "street_count": 3, "highway": null, "ref": null }, "geometry": { "type": "Point", "coordinates": [ 197922.0776787630748, 2495987.01509321667254 ] } },
{ "type": "Feature", "properties": { "osmid": 12987924215, "y": 22.545107, "x": 114.062896, "street_count": 3, "highway": null, "ref": null }, "geometry": { "type": "Point", "coordinates": [ 197907.891012517618947, 2496135.187572780996561 ] } },
{ "type": "Feature", "properties": { "osmid": 12987924263, "y": 22.5427835, "x": 114.0712864, "street_count": 3, "highway": null, "ref": null }, "geometry": { "type": "Point", "coordinates": [ 198766.360653920448385, 2495860.789716558530927 ] } },
{ "type": "Feature", "properties": { "osmid": 12988540075, "y": 22.5491198, "x": 114.0785506, "street_count": 4, "highway": null, "ref": null }, "geometry": { "type": "Point", "coordinates": [ 199527.720091772382148, 2496548.179401813540608 ] } },
{ "type": "Feature", "properties": { "osmid": 12988998011, "y": 22.5393436, "x": 114.0682755, "street_count": 1, "highway": null, "ref": null }, "geometry": { "type": "Point", "coordinates": [ 198448.999106501054484, 2495485.74210894992575 ] } },
{ "type": "Feature", "properties": { "osmid": 13017481542, "y": 22.5395083, "x": 114.0511535, "street_count": 4, "highway": null, "ref": null }, "geometry": { "type": "Point", "coordinates": [ 196687.123925707361195, 2495538.686272867023945 ] } },
{ "type": "Feature", "properties": { "osmid": 13017481543, "y": 22.5402765, "x": 114.0511682, "street_count": 3, "highway": null, "ref": null }, "geometry": { "type": "Point", "coordinates": [ 196690.317590715363622, 2495623.771129013039172 ] } },
{ "type": "Feature", "properties": { "osmid": 13017481549, "y": 22.539985, "x": 114.0510755, "street_count": 4, "highway": null, "ref": null }, "geometry": { "type": "Point", "coordinates": [ 196680.138923518767115, 2495591.662023517303169 ] } },
{ "type": "Feature", "properties": { "osmid": 13017481550, "y": 22.5424926, "x": 114.0621127, "street_count": 3, "highway": null, "ref": null }, "geometry": { "type": "Point", "coordinates": [ 197821.575957398104947, 2495847.106269620824605 ] } },
{ "type": "Feature", "properties": { "osmid": 13017481562, "y": 22.540224, "x": 114.0627993, "street_count": 3, "highway": null, "ref": null }, "geometry": { "type": "Point", "coordinates": [ 197887.296673635777552, 2495594.362452455796301 ] } },
{ "type": "Feature", "properties": { "osmid": 13017481563, "y": 22.5420901, "x": 114.0630709, "street_count": 3, "highway": null, "ref": null }, "geometry": { "type": "Point", "coordinates": [ 197919.316543530614581, 2495800.570566810201854 ] } },
{ "type": "Feature", "properties": { "osmid": 13017481570, "y": 22.5421294, "x": 114.0626298, "street_count": 3, "highway": null, "ref": null }, "geometry": { "type": "Point", "coordinates": [ 197874.004167442559265, 2495805.817850186023861 ] } },
{ "type": "Feature", "properties": { "osmid": 13072493341, "y": 22.5411705, "x": 114.0601634, "street_count": 3, "highway": null, "ref": null }, "geometry": { "type": "Point", "coordinates": [ 197618.070356789045036, 2495704.570100747048855 ] } },
{ "type": "Feature", "properties": { "osmid": 13072493346, "y": 22.54116, "x": 114.0590448, "street_count": 3, "highway": null, "ref": null }, "geometry": { "type": "Point", "coordinates": [ 197502.920080990472343, 2495705.673677421640605 ] } },
{ "type": "Feature", "properties": { "osmid": 13072493347, "y": 22.5411775, "x": 114.05972, "street_count": 3, "highway": null, "ref": null }, "geometry": { "type": "Point", "coordinates": [ 197572.450492824485991, 2495706.244167350232601 ] } },
{ "type": "Feature", "properties": { "osmid": 13072493356, "y": 22.5396379, "x": 114.058971, "street_count": 3, "highway": null, "ref": null }, "geometry": { "type": "Point", "coordinates": [ 197492.003169679723214, 2495537.179045380558819 ] } },
{ "type": "Feature", "properties": { "osmid": 13072493360, "y": 22.5419572, "x": 114.0590245, "street_count": 1, "highway": null, "ref": null }, "geometry": { "type": "Point", "coordinates": [ 197502.57039162539877, 2495794.04225823096931 ] } },
{ "type": "Feature", "properties": { "osmid": 13072493372, "y": 22.5406045, "x": 114.0589593, "street_count": 3, "highway": null, "ref": null }, "geometry": { "type": "Point", "coordinates": [ 197492.908162136620376, 2495644.299209324643016 ] } },
{ "type": "Feature", "properties": { "osmid": 13072612781, "y": 22.5429562, "x": 114.0663438, "street_count": 3, "highway": null, "ref": null }, "geometry": { "type": "Point", "coordinates": [ 198258.0484663778916, 2495889.90998868830502 ] } },
{ "type": "Feature", "properties": { "osmid": 13072612795, "y": 22.5427288, "x": 114.0663507, "street_count": 3, "highway": null, "ref": null }, "geometry": { "type": "Point", "coordinates": [ 198258.263602535065729, 2495864.700894745998085 ] } },
{ "type": "Feature", "properties": { "osmid": 13072634342, "y": 22.5394196, "x": 114.063595, "street_count": 3, "highway": null, "ref": null }, "geometry": { "type": "Point", "coordinates": [ 197967.438787422375754, 2495503.627025258727372 ] } },
{ "type": "Feature", "properties": { "osmid": 13072634348, "y": 22.5395048, "x": 114.0628178, "street_count": 3, "highway": null, "ref": null }, "geometry": { "type": "Point", "coordinates": [ 197887.633464443380944, 2495514.639946806710213 ] } },
{ "type": "Feature", "properties": { "osmid": 13072634356, "y": 22.5392715, "x": 114.0630168, "street_count": 3, "highway": null, "ref": null }, "geometry": { "type": "Point", "coordinates": [ 197907.606580693507567, 2495488.388246224727482 ] } },
{ "type": "Feature", "properties": { "osmid": 13072634358, "y": 22.5388277, "x": 114.0630218, "street_count": 3, "highway": null, "ref": null }, "geometry": { "type": "Point", "coordinates": [ 197907.154178371361922, 2495439.206517571117729 ] } },
{ "type": "Feature", "properties": { "osmid": 13072634370, "y": 22.5386919, "x": 114.0629845, "street_count": 4, "highway": null, "ref": null }, "geometry": { "type": "Point", "coordinates": [ 197903.019270505639724, 2495424.235813769046217 ] } },
{ "type": "Feature", "properties": { "osmid": 13072634374, "y": 22.5375157, "x": 114.0620444, "street_count": 3, "highway": null, "ref": null }, "geometry": { "type": "Point", "coordinates": [ 197803.698117213556543, 2495295.819721176289022 ] } },
{ "type": "Feature", "properties": { "osmid": 13072634395, "y": 22.5367146, "x": 114.0630449, "street_count": 3, "highway": null, "ref": null }, "geometry": { "type": "Point", "coordinates": [ 197904.927656364918221, 2495205.035130200907588 ] } },
{ "type": "Feature", "properties": { "osmid": 13072634404, "y": 22.5375243, "x": 114.0635802, "street_count": 3, "highway": null, "ref": null }, "geometry": { "type": "Point", "coordinates": [ 197961.786688203166705, 2495293.663936680182815 ] } },
{ "type": "Feature", "properties": { "osmid": 13114390049, "y": 22.5320332, "x": 114.0386233, "street_count": 3, "highway": null, "ref": null }, "geometry": { "type": "Point", "coordinates": [ 195381.05500958597986, 2494735.976332147140056 ] } },
{ "type": "Feature", "properties": { "osmid": 13114390050, "y": 22.5320902, "x": 114.0386051, "street_count": 4, "highway": null, "ref": null }, "geometry": { "type": "Point", "coordinates": [ 195379.306898491515312, 2494742.328979156911373 ] } },
{ "type": "Feature", "properties": { "osmid": 13114400121, "y": 22.5338625, "x": 114.0388338, "street_count": 1, "highway": null, "ref": null }, "geometry": { "type": "Point", "coordinates": [ 195406.739435743074864, 2494938.230388319585472 ] } },
{ "type": "Feature", "properties": { "osmid": 13114400127, "y": 22.533315, "x": 114.0382142, "street_count": 1, "highway": null, "ref": null }, "geometry": { "type": "Point", "coordinates": [ 195341.762584524403792, 2494878.832613609265536 ] } },
{ "type": "Feature", "properties": { "osmid": 13114400131, "y": 22.5328522, "x": 114.0399276, "street_count": 3, "highway": null, "ref": null }, "geometry": { "type": "Point", "coordinates": [ 195517.103543773642741, 2494824.059394184034318 ] } },
{ "type": "Feature", "properties": { "osmid": 13114400132, "y": 22.5328941, "x": 114.0398822, "street_count": 4, "highway": null, "ref": null }, "geometry": { "type": "Point", "coordinates": [ 195512.522588609310333, 2494828.794444130733609 ] } },
{ "type": "Feature", "properties": { "osmid": 13146343700, "y": 22.521686, "x": 114.059651, "street_count": 3, "highway": null, "ref": null }, "geometry": { "type": "Point", "coordinates": [ 197522.842895612120628, 2493546.785554294008762 ] } },
{ "type": "Feature", "properties": { "osmid": 13146343905, "y": 22.5209925, "x": 114.0584156, "street_count": 3, "highway": null, "ref": null }, "geometry": { "type": "Point", "coordinates": [ 197394.164058964350261, 2493472.450331241358072 ] } },
{ "type": "Feature", "properties": { "osmid": 13146343906, "y": 22.5228164, "x": 114.0582302, "street_count": 3, "highway": null, "ref": null }, "geometry": { "type": "Point", "coordinates": [ 197379.057513448991813, 2493674.908496994059533 ] } },
{ "type": "Feature", "properties": { "osmid": 13146343907, "y": 22.5236443, "x": 114.0580183, "street_count": 3, "highway": null, "ref": null }, "geometry": { "type": "Point", "coordinates": [ 197359.051473457599059, 2493767.066682715900242 ] } },
{ "type": "Feature", "properties": { "osmid": 13146693212, "y": 22.5305403, "x": 114.0537749, "street_count": 4, "highway": null, "ref": null }, "geometry": { "type": "Point", "coordinates": [ 196937.326206994301174, 2494539.730169982183725 ] } },
{ "type": "Feature", "properties": { "osmid": 13146695328, "y": 22.5287844, "x": 114.0550572, "street_count": 1, "highway": null, "ref": null }, "geometry": { "type": "Point", "coordinates": [ 197065.477419867820572, 2494342.578957370948046 ] } },
{ "type": "Feature", "properties": { "osmid": 13146695340, "y": 22.5300739, "x": 114.0567282, "street_count": 3, "highway": null, "ref": null }, "geometry": { "type": "Point", "coordinates": [ 197240.288769432285335, 2494482.062581022270024 ] } },
{ "type": "Feature", "properties": { "osmid": 13146891390, "y": 22.5227404, "x": 114.0625002, "street_count": 3, "highway": null, "ref": null }, "geometry": { "type": "Point", "coordinates": [ 197818.422539719264023, 2493657.842181463260204 ] } },
{ "type": "Feature", "properties": { "osmid": 13146891391, "y": 22.5259113, "x": 114.0618652, "street_count": 3, "highway": null, "ref": null }, "geometry": { "type": "Point", "coordinates": [ 197759.966776284854859, 2494010.452384721022099 ] } },
{ "type": "Feature", "properties": { "osmid": 13148609100, "y": 22.5360581, "x": 114.0640674, "street_count": 4, "highway": null, "ref": null }, "geometry": { "type": "Point", "coordinates": [ 198008.737644062552135, 2495130.228040247689933 ] } },
{ "type": "Feature", "properties": { "osmid": 13148610627, "y": 22.5314531, "x": 114.0644172, "street_count": 3, "highway": null, "ref": null }, "geometry": { "type": "Point", "coordinates": [ 198034.71362423885148, 2494619.3019436779432 ] } },
{ "type": "Feature", "properties": { "osmid": 13154859280, "y": 22.5236109, "x": 114.0593871, "street_count": 3, "highway": null, "ref": null }, "geometry": { "type": "Point", "coordinates": [ 197499.874776077223942, 2493760.592907952144742 ] } },
{ "type": "Feature", "properties": { "osmid": 13158997505, "y": 22.5263383, "x": 114.0386823, "street_count": 3, "highway": null, "ref": null }, "geometry": { "type": "Point", "coordinates": [ 195374.620976602251176, 2494104.870156268123537 ] } },
{ "type": "Feature", "properties": { "osmid": 13158997506, "y": 22.5267191, "x": 114.0369738, "street_count": 3, "highway": null, "ref": null }, "geometry": { "type": "Point", "coordinates": [ 195199.595920473395381, 2494150.548589838668704 ] } },
{ "type": "Feature", "properties": { "osmid": 13159009111, "y": 22.5228387, "x": 114.0454274, "street_count": 3, "highway": null, "ref": null }, "geometry": { "type": "Point", "coordinates": [ 196061.248688014864456, 2493703.377575758378953 ] } },
{ "type": "Feature", "properties": { "osmid": 13159089252, "y": 22.5242017, "x": 114.0341659, "street_count": 1, "highway": null, "ref": null }, "geometry": { "type": "Point", "coordinates": [ 194905.033380009874236, 2493877.358257072046399 ] } },
{ "type": "Feature", "properties": { "osmid": 13159089253, "y": 22.525039, "x": 114.0346922, "street_count": 3, "highway": null, "ref": null }, "geometry": { "type": "Point", "coordinates": [ 194961.049160026130266, 2493969.054828395135701 ] } },
{ "type": "Feature", "properties": { "osmid": 13233850219, "y": 22.5273732, "x": 114.0545109, "street_count": 3, "highway": null, "ref": null }, "geometry": { "type": "Point", "coordinates": [ 197006.164064235228579, 2494187.330329714808613 ] } },
{ "type": "Feature", "properties": { "osmid": 13290568739, "y": 22.5447734, "x": 114.0360388, "street_count": 1, "highway": null, "ref": null }, "geometry": { "type": "Point", "coordinates": [ 195143.049804131791461, 2496152.849515391513705 ] } },
{ "type": "Feature", "properties": { "osmid": 13457568222, "y": 22.5143262, "x": 114.0478138, "street_count": 3, "highway": null, "ref": null }, "geometry": { "type": "Point", "coordinates": [ 196288.265292567200959, 2492755.358059584163129 ] } },
{ "type": "Feature", "properties": { "osmid": 13664196095, "y": 22.5388043, "x": 114.072361, "street_count": 3, "highway": null, "ref": null }, "geometry": { "type": "Point", "coordinates": [ 198868.31394962669583, 2495417.740924553945661 ] } },
{ "type": "Feature", "properties": { "osmid": 13664196096, "y": 22.5387021, "x": 114.0706083, "street_count": 3, "highway": null, "ref": null }, "geometry": { "type": "Point", "coordinates": [ 198687.700584033387713, 2495409.954861868172884 ] } },
{ "type": "Feature", "properties": { "osmid": 13898259977, "y": 22.5305635, "x": 114.0299143, "street_count": 3, "highway": null, "ref": null }, "geometry": { "type": "Point", "coordinates": [ 194481.405201722169295, 2494590.931544023100287 ] } },
{ "type": "Feature", "properties": { "osmid": 14107078700, "y": 22.5249409, "x": 114.0687905, "street_count": 3, "highway": null, "ref": null }, "geometry": { "type": "Point", "coordinates": [ 198470.692173699324485, 2493888.935828138142824 ] } },
{ "type": "Feature", "properties": { "osmid": 14107091604, "y": 22.5245074, "x": 114.0704858, "street_count": 3, "highway": null, "ref": null }, "geometry": { "type": "Point", "coordinates": [ 198644.25182041869266, 2493837.483737916685641 ] } },
{ "type": "Feature", "properties": { "osmid": 14107091605, "y": 22.5253934, "x": 114.0668973, "street_count": 3, "highway": null, "ref": null }, "geometry": { "type": "Point", "coordinates": [ 198276.804485863889568, 2493942.894972075242549 ] } },
{ "type": "Feature", "properties": { "osmid": 14107091612, "y": 22.5244158, "x": 114.0704523, "street_count": 3, "highway": null, "ref": null }, "geometry": { "type": "Point", "coordinates": [ 198640.604615624877624, 2493827.402414735872298 ] } },
{ "type": "Feature", "properties": { "osmid": 14166264352, "y": 22.5255066, "x": 114.0669533, "street_count": 3, "highway": null, "ref": null }, "geometry": { "type": "Point", "coordinates": [ 198282.814872668066528, 2493955.323976535815746 ] } },
{ "type": "Feature", "properties": { "osmid": 14166264366, "y": 22.5252914, "x": 114.0668468, "street_count": 2, "highway": null, "ref": null }, "geometry": { "type": "Point", "coordinates": [ 198271.384576295502484, 2493931.69577574590221 ] } },
{ "type": "Feature", "properties": { "osmid": 14166264380, "y": 22.5248335, "x": 114.06945, "street_count": 3, "highway": null, "ref": null }, "geometry": { "type": "Point", "coordinates": [ 198538.342726223811042, 2493875.704875359777361 ] } },
{ "type": "Feature", "properties": { "osmid": 14166264381, "y": 22.5261975, "x": 114.0699702, "street_count": 3, "highway": null, "ref": null }, "geometry": { "type": "Point", "coordinates": [ 198594.85150564572541, 2494025.780821098946035 ] } }
]
}
