{
"type": "FeatureCollection",
"name": "osm_nodes_wgs84",
"crs": { "type": "name", "properties": { "name": "urn:ogc:def:crs:OGC:1.3:CRS84" } },
"features": [
{ "type": "Feature", "properties": { "osmid": 267052037, "y": 22.5190888, "x": 114.070527, "street_count": 1, "highway": null, "ref": null }, "geometry": { "type": "Point", "coordinates": [ 114.070527, 22.5190888 ] } },
{ "type": "Feature", "properties": { "osmid": 269920080, "y": 22.5318095, "x": 114.0671931, "street_count": 3, "highway": null, "ref": null }, "geometry": { "type": "Point", "coordinates": [ 114.0671931, 22.5318095 ] } },
{ "type": "Feature", "properties": { "osmid": 277052169, "y": 22.5431187, "x": 114.0553629, "street_count": 3, "highway": null, "ref": null }, "geometry": { "type": "Point", "coordinates": [ 114.0553629, 22.5431187 ] } },
{ "type": "Feature", "properties": { "osmid": 277052181, "y": 22.5421445, "x": 114.055465, "street_count": 3, "highway": null, "ref": null }, "geometry": { "type": "Point", "coordinates": [ 114.055465, 22.5421445 ] } },
{ "type": "Feature", "properties": { "osmid": 277486655, "y": 22.5475617, "x": 114.0678227, "street_count": 4, "highway": null, "ref": null }, "geometry": { "type": "Point", "coordinates": [ 114.0678227, 22.5475617 ] } },
{ "type": "Feature", "properties": { "osmid": 277665082, "y": 22.5429582, "x": 114.074178, "street_count": 3, "highway": null, "ref": null }, "geometry": { "type": "Point", "coordinates": [ 114.074178, 22.5429582 ] } },
{ "type": "Feature", "properties": { "osmid": 277665237, "y": 22.5454144, "x": 114.0792369, "street_count": 4, "highway": null, "ref": null }, "geometry": { "type": "Point", "coordinates": [ 114.0792369, 22.5454144 ] } },
{ "type": "Feature", "properties": { "osmid": 277673161, "y": 22.5421369, "x": 114.0536127, "street_count": 3, "highway": null, "ref": null }, "geometry": { "type": "Point", "coordinates": [ 114.0536127, 22.5421369 ] } },
{ "type": "Feature", "properties": { "osmid": 277933349, "y": 22.5360075, "x": 114.068191, "street_count": 3, "highway": null, "ref": null }, "geometry": { "type": "Point", "coordinates": [ 114.068191, 22.5360075 ] } },
{ "type": "Feature", "properties": { "osmid": 278659481, "y": 22.544424, "x": 114.0397901, "street_count": 4, "highway": null, "ref": null }, "geometry": { "type": "Point", "coordinates": [ 114.0397901, 22.544424 ] } },
{ "type": "Feature", "properties": { "osmid": 295803578, "y": 22.5306393, "x": 114.0749456, "street_count": 3, "highway": null, "ref": null }, "geometry": { "type": "Point", "coordinates": [ 114.0749456, 22.5306393 ] } },
{ "type": "Feature", "properties": { "osmid": 295803665, "y": 22.5312788, "x": 114.0721434, "street_count": 3, "highway": null, "ref": null }, "geometry": { "type": "Point", "coordinates": [ 114.0721434, 22.5312788 ] } },
{ "type": "Feature", "properties": { "osmid": 295803668, "y": 22.5312725, "x": 114.0718531, "street_count": 3, "highway": null, "ref": null }, "geometry": { "type": "Point", "coordinates": [ 114.0718531, 22.5312725 ] } },
{ "type": "Feature", "properties": { "osmid": 295803669, "y": 22.5303866, "x": 114.071861, "street_count": 3, "highway": null, "ref": null }, "geometry": { "type": "Point", "coordinates": [ 114.071861, 22.5303866 ] } },
{ "type": "Feature", "properties": { "osmid": 295803678, "y": 22.5305884, "x": 114.072176, "street_count": 3, "highway": null, "ref": null }, "geometry": { "type": "Point", "coordinates": [ 114.072176, 22.5305884 ] } },
{ "type": "Feature", "properties": { "osmid": 296024760, "y": 22.5315228, "x": 114.0592761, "street_count": 3, "highway": "motorway_junction", "ref": null }, "geometry": { "type": "Point", "coordinates": [ 114.0592761, 22.5315228 ] } },
{ "type": "Feature", "properties": { "osmid": 296024763, "y": 22.5316996, "x": 114.0703307, "street_count": 3, "highway": null, "ref": null }, "geometry": { "type": "Point", "coordinates": [ 114.0703307, 22.5316996 ] } },
{ "type": "Feature", "properties": { "osmid": 296024764, "y": 22.5317589, "x": 114.0738513, "street_count": 3, "highway": null, "ref": null }, "geometry": { "type": "Point", "coordinates": [ 114.0738513, 22.5317589 ] } },
{ "type": "Feature", "properties": { "osmid": 297121024, "y": 22.5470443, "x": 114.0786485, "street_count": 3, "highway": null, "ref": null }, "geometry": { "type": "Point", "coordinates": [ 114.0786485, 22.5470443 ] } },
{ "type": "Feature", "properties": { "osmid": 297121027, "y": 22.5470471, "x": 114.0792013, "street_count": 3, "highway": null, "ref": null }, "geometry": { "type": "Point", "coordinates": [ 114.0792013, 22.5470471 ] } },
{ "type": "Feature", "properties": { "osmid": 310170186, "y": 22.5271703, "x": 114.0415258, "street_count": 3, "highway": null, "ref": null }, "geometry": { "type": "Point", "coordinates": [ 114.0415258, 22.5271703 ] } },
{ "type": "Feature", "properties": { "osmid": 310170187, "y": 22.5271608, "x": 114.040866, "street_count": 4, "highway": null, "ref": null }, "geometry": { "type": "Point", "coordinates": [ 114.040866, 22.5271608 ] } },
{ "type": "Feature", "properties": { "osmid": 352965781, "y": 22.5273745, "x": 114.0385653, "street_count": 4, "highway": "traffic_signals", "ref": null }, "geometry": { "type": "Point", "coordinates": [ 114.0385653, 22.5273745 ] } },
{ "type": "Feature", "properties": { "osmid": 352965797, "y": 22.5254015, "x": 114.0387881, "street_count": 4, "highway": null, "ref": null }, "geometry": { "type": "Point", "coordinates": [ 114.0387881, 22.5254015 ] } },
{ "type": "Feature", "properties": { "osmid": 409391960, "y": 22.5184954, "x": 114.0551493, "street_count": 3, "highway": null, "ref": null }, "geometry": { "type": "Point", "coordinates": [ 114.0551493, 22.5184954 ] } },
{ "type": "Feature", "properties": { "osmid": 409391961, "y": 22.5195872, "x": 114.058361, "street_count": 3, "highway": null, "ref": null }, "geometry": { "type": "Point", "coordinates": [ 114.058361, 22.5195872 ] } },
{ "type": "Feature", "properties": { "osmid": 409391968, "y": 22.5184802, "x": 114.058956, "street_count": 3, "highway": null, "ref": null }, "geometry": { "type": "Point", "coordinates": [ 114.058956, 22.5184802 ] } },
{ "type": "Feature", "properties": { "osmid": 409391970, "y": 22.5178725, "x": 114.0593271, "street_count": 3, "highway": null, "ref": null }, "geometry": { "type": "Point", "coordinates": [ 114.0593271, 22.5178725 ] } },
{ "type": "Feature", "properties": { "osmid": 409391983, "y": 22.5179267, "x": 114.0580905, "street_count": 3, "highway": null, "ref": null }, "geometry": { "type": "Point", "coordinates": [ 114.0580905, 22.5179267 ] } },
{ "type": "Feature", "properties": { "osmid": 409392019, "y": 22.5318565, "x": 114.0613304, "street_count": 3, "highway": null, "ref": null }, "geometry": { "type": "Point", "coordinates": [ 114.0613304, 22.5318565 ] } },
{ "type": "Feature", "properties": { "osmid": 498857670, "y": 22.5263675, "x": 114.0326051, "street_count": 4, "highway": null, "ref": null }, "geometry": { "type": "Point", "coordinates": [ 114.0326051, 22.5263675 ] } },
{ "type": "Feature", "properties": { "osmid": 498857685, "y": 22.5284642, "x": 114.0287734, "street_count": 3, "highway": null, "ref": null }, "geometry": { "type": "Point", "coordinates": [ 114.0287734, 22.5284642 ] } },
{ "type": "Feature", "properties": { "osmid": 498877494, "y": 22.5263019, "x": 114.0327186, "street_count": 4, "highway": null, "ref": null }, "geometry": { "type": "Point", "coordinates": [ 114.0327186, 22.5263019 ] } },
{ "type": "Feature", "properties": { "osmid": 498877610, "y": 22.5317494, "x": 114.0232259, "street_count": 1, "highway": "motorway_junction", "ref": null }, "geometry": { "type": "Point", "coordinates": [ 114.0232259, 22.5317494 ] } },
{ "type": "Feature", "properties": { "osmid": 498877613, "y": 22.5300921, "x": 114.029379, "street_count": 3, "highway": null, "ref": null }, "geometry": { "type": "Point", "coordinates": [ 114.029379, 22.5300921 ] } },
{ "type": "Feature", "properties": { "osmid": 498877620, "y": 22.522091, "x": 114.0403131, "street_count": 3, "highway": null, "ref": null }, "geometry": { "type": "Point", "coordinates": [ 114.0403131, 22.522091 ] } },
{ "type": "Feature", "properties": { "osmid": 498877627, "y": 22.5235996, "x": 114.037575, "street_count": 4, "highway": null, "ref": null }, "geometry": { "type": "Point", "coordinates": [ 114.037575, 22.5235996 ] } },
{ "type": "Feature", "properties": { "osmid": 498877630, "y": 22.5246394, "x": 114.0356845, "street_count": 3, "highway": null, "ref": null }, "geometry": { "type": "Point", "coordinates": [ 114.0356845, 22.5246394 ] } },
{ "type": "Feature", "properties": { "osmid": 499209733, "y": 22.5245871, "x": 114.0205945, "street_count": 1, "highway": null, "ref": null }, "geometry": { "type": "Point", "coordinates": [ 114.0205945, 22.5245871 ] } },
{ "type": "Feature", "properties": { "osmid": 499209819, "y": 22.5155692, "x": 114.0570571, "street_count": 3, "highway": null, "ref": null }, "geometry": { "type": "Point", "coordinates": [ 114.0570571, 22.5155692 ] } },
{ "type": "Feature", "properties": { "osmid": 499210066, "y": 22.5248249, "x": 114.0204314, "street_count": 1, "highway": null, "ref": null }, "geometry": { "type": "Point", "coordinates": [ 114.0204314, 22.5248249 ] } },
{ "type": "Feature", "properties": { "osmid": 499236929, "y": 22.53285, "x": 114.0444805, "street_count": 3, "highway": "motorway_junction", "ref": null }, "geometry": { "type": "Point", "coordinates": [ 114.0444805, 22.53285 ] } },
{ "type": "Feature", "properties": { "osmid": 499236944, "y": 22.5299079, "x": 114.0446811, "street_count": 3, "highway": null, "ref": null }, "geometry": { "type": "Point", "coordinates": [ 114.0446811, 22.5299079 ] } },
{ "type": "Feature", "properties": { "osmid": 499237147, "y": 22.5314857, "x": 114.0457621, "street_count": 3, "highway": null, "ref": null }, "geometry": { "type": "Point", "coordinates": [ 114.0457621, 22.5314857 ] } },
{ "type": "Feature", "properties": { "osmid": 499237159, "y": 22.5309887, "x": 114.03998, "street_count": 3, "highway": null, "ref": null }, "geometry": { "type": "Point", "coordinates": [ 114.03998, 22.5309887 ] } },
{ "type": "Feature", "properties": { "osmid": 499237225, "y": 22.5303753, "x": 114.0300616, "street_count": 3, "highway": null, "ref": null }, "geometry": { "type": "Point", "coordinates": [ 114.0300616, 22.5303753 ] } },
{ "type": "Feature", "properties": { "osmid": 499237384, "y": 22.5301136, "x": 114.0306843, "street_count": 3, "highway": null, "ref": null }, "geometry": { "type": "Point", "coordinates": [ 114.0306843, 22.5301136 ] } },
{ "type": "Feature", "properties": { "osmid": 499237394, "y": 22.5300425, "x": 114.0315889, "street_count": 3, "highway": "motorway_junction", "ref": null }, "geometry": { "type": "Point", "coordinates": [ 114.0315889, 22.5300425 ] } },
{ "type": "Feature", "properties": { "osmid": 499237416, "y": 22.5304832, "x": 114.0371291, "street_count": 3, "highway": null, "ref": null }, "geometry": { "type": "Point", "coordinates": [ 114.0371291, 22.5304832 ] } },
{ "type": "Feature", "properties": { "osmid": 499237442, "y": 22.5312996, "x": 114.0456007, "street_count": 3, "highway": "motorway_junction", "ref": null }, "geometry": { "type": "Point", "coordinates": [ 114.0456007, 22.5312996 ] } },
{ "type": "Feature", "properties": { "osmid": 499237746, "y": 22.5262314, "x": 114.044756, "street_count": 3, "highway": null, "ref": null }, "geometry": { "type": "Point", "coordinates": [ 114.044756, 22.5262314 ] } },
{ "type": "Feature", "properties": { "osmid": 499237756, "y": 22.5266761, "x": 114.0449287, "street_count": 3, "highway": null, "ref": null }, "geometry": { "type": "Point", "coordinates": [ 114.0449287, 22.5266761 ] } },
{ "type": "Feature", "properties": { "osmid": 499237864, "y": 22.5132968, "x": 114.0499357, "street_count": 3, "highway": null, "ref": null }, "geometry": { "type": "Point", "coordinates": [ 114.0499357, 22.5132968 ] } },
{ "type": "Feature", "properties": { "osmid": 499237881, "y": 22.5135197, "x": 114.0517399, "street_count": 1, "highway": null, "ref": null }, "geometry": { "type": "Point", "coordinates": [ 114.0517399, 22.5135197 ] } },
{ "type": "Feature", "properties": { "osmid": 499237908, "y": 22.5145259, "x": 114.054688, "street_count": 3, "highway": null, "ref": null }, "geometry": { "type": "Point", "coordinates": [ 114.054688, 22.5145259 ] } },
{ "type": "Feature", "properties": { "osmid": 499256255, "y": 22.5316881, "x": 114.0498822, "street_count": 3, "highway": null, "ref": null }, "geometry": { "type": "Point", "coordinates": [ 114.0498822, 22.5316881 ] } },
{ "type": "Feature", "properties": { "osmid": 499256522, "y": 22.5312165, "x": 114.0473224, "street_count": 3, "highway": null, "ref": null }, "geometry": { "type": "Point", "coordinates": [ 114.0473224, 22.5312165 ] } },
{ "type": "Feature", "properties": { "osmid": 499256749, "y": 22.530287, "x": 114.0448629, "street_count": 3, "highway": null, "ref": null }, "geometry": { "type": "Point", "coordinates": [ 114.0448629, 22.530287 ] } },
{ "type": "Feature", "properties": { "osmid": 499256795, "y": 22.5328534, "x": 114.0446171, "street_count": 3, "highway": null, "ref": null }, "geometry": { "type": "Point", "coordinates": [ 114.0446171, 22.5328534 ] } },
{ "type": "Feature", "properties": { "osmid": 499264828, "y": 22.5323208, "x": 114.0443832, "street_count": 3, "highway": null, "ref": null }, "geometry": { "type": "Point", "coordinates": [ 114.0443832, 22.5323208 ] } },
{ "type": "Feature", "properties": { "osmid": 499264853, "y": 22.5318423, "x": 114.0443955, "street_count": 3, "highway": null, "ref": null }, "geometry": { "type": "Point", "coordinates": [ 114.0443955, 22.5318423 ] } },
{ "type": "Feature", "properties": { "osmid": 499264939, "y": 22.5314711, "x": 114.0435699, "street_count": 3, "highway": null, "ref": null }, "geometry": { "type": "Point", "coordinates": [ 114.0435699, 22.5314711 ] } },
{ "type": "Feature", "properties": { "osmid": 499265789, "y": 22.5310938, "x": 114.0435453, "street_count": 3, "highway": null, "ref": null }, "geometry": { "type": "Point", "coordinates": [ 114.0435453, 22.5310938 ] } },
{ "type": "Feature", "properties": { "osmid": 499281470, "y": 22.5320047, "x": 114.0447317, "street_count": 3, "highway": null, "ref": null }, "geometry": { "type": "Point", "coordinates": [ 114.0447317, 22.5320047 ] } },
{ "type": "Feature", "properties": { "osmid": 499281479, "y": 22.5324813, "x": 114.0447228, "street_count": 3, "highway": null, "ref": null }, "geometry": { "type": "Point", "coordinates": [ 114.0447228, 22.5324813 ] } },
{ "type": "Feature", "properties": { "osmid": 499281499, "y": 22.531185, "x": 114.0456261, "street_count": 3, "highway": null, "ref": null }, "geometry": { "type": "Point", "coordinates": [ 114.0456261, 22.531185 ] } },
{ "type": "Feature", "properties": { "osmid": 499281585, "y": 22.5307765, "x": 114.0448209, "street_count": 3, "highway": null, "ref": null }, "geometry": { "type": "Point", "coordinates": [ 114.0448209, 22.5307765 ] } },
{ "type": "Feature", "properties": { "osmid": 499281680, "y": 22.5311981, "x": 114.0468308, "street_count": 3, "highway": null, "ref": null }, "geometry": { "type": "Point", "coordinates": [ 114.0468308, 22.5311981 ] } },
{ "type": "Feature", "properties": { "osmid": 499281804, "y": 22.5316312, "x": 114.0456588, "street_count": 3, "highway": null, "ref": null }, "geometry": { "type": "Point", "coordinates": [ 114.0456588, 22.5316312 ] } },
{ "type": "Feature", "properties": { "osmid": 499281866, "y": 22.5316558, "x": 114.0466506, "street_count": 3, "highway": null, "ref": null }, "geometry": { "type": "Point", "coordinates": [ 114.0466506, 22.5316558 ] } },
{ "type": "Feature", "properties": { "osmid": 499287730, "y": 22.5211897, "x": 114.0419376, "street_count": 4, "highway": null, "ref": null }, "geometry": { "type": "Point", "coordinates": [ 114.0419376, 22.5211897 ] } },
{ "type": "Feature", "properties": { "osmid": 499287733, "y": 22.5212502, "x": 114.0418319, "street_count": 4, "highway": null, "ref": null }, "geometry": { "type": "Point", "coordinates": [ 114.0418319, 22.5212502 ] } },
{ "type": "Feature", "properties": { "osmid": 499374438, "y": 22.5332386, "x": 114.0514137, "street_count": 3, "highway": null, "ref": null }, "geometry": { "type": "Point", "coordinates": [ 114.0514137, 22.5332386 ] } },
{ "type": "Feature", "properties": { "osmid": 499374459, "y": 22.5309423, "x": 114.051303, "street_count": 3, "highway": null, "ref": null }, "geometry": { "type": "Point", "coordinates": [ 114.051303, 22.5309423 ] } },
{ "type": "Feature", "properties": { "osmid": 499374605, "y": 22.5312292, "x": 114.0508616, "street_count": 3, "highway": null, "ref": null }, "geometry": { "type": "Point", "coordinates": [ 114.0508616, 22.5312292 ] } },
{ "type": "Feature", "properties": { "osmid": 499374672, "y": 22.5317168, "x": 114.0519697, "street_count": 3, "highway": null, "ref": null }, "geometry": { "type": "Point", "coordinates": [ 114.0519697, 22.5317168 ] } },
{ "type": "Feature", "properties": { "osmid": 499374692, "y": 22.5309611, "x": 114.0495627, "street_count": 3, "highway": null, "ref": null }, "geometry": { "type": "Point", "coordinates": [ 114.0495627, 22.5309611 ] } },
{ "type": "Feature", "properties": { "osmid": 499374765, "y": 22.5312294, "x": 114.0490164, "street_count": 3, "highway": null, "ref": null }, "geometry": { "type": "Point", "coordinates": [ 114.0490164, 22.5312294 ] } },
{ "type": "Feature", "properties": { "osmid": 499374790, "y": 22.5296414, "x": 114.0514804, "street_count": 3, "highway": "motorway_junction", "ref": null }, "geometry": { "type": "Point", "coordinates": [ 114.0514804, 22.5296414 ] } },
{ "type": "Feature", "properties": { "osmid": 499374805, "y": 22.5312275, "x": 114.0519449, "street_count": 3, "highway": null, "ref": null }, "geometry": { "type": "Point", "coordinates": [ 114.0519449, 22.5312275 ] } },
{ "type": "Feature", "properties": { "osmid": 499374818, "y": 22.5312302, "x": 114.0510626, "street_count": 3, "highway": null, "ref": null }, "geometry": { "type": "Point", "coordinates": [ 114.0510626, 22.5312302 ] } },
{ "type": "Feature", "properties": { "osmid": 499478446, "y": 22.5451248, "x": 114.0445019, "street_count": 3, "highway": null, "ref": null }, "geometry": { "type": "Point", "coordinates": [ 114.0445019, 22.5451248 ] } },
{ "type": "Feature", "properties": { "osmid": 499478538, "y": 22.5425096, "x": 114.0433253, "street_count": 3, "highway": null, "ref": null }, "geometry": { "type": "Point", "coordinates": [ 114.0433253, 22.5425096 ] } },
{ "type": "Feature", "properties": { "osmid": 499478570, "y": 22.5400599, "x": 114.0285677, "street_count": 3, "highway": null, "ref": null }, "geometry": { "type": "Point", "coordinates": [ 114.0285677, 22.5400599 ] } },
{ "type": "Feature", "properties": { "osmid": 499478603, "y": 22.5433976, "x": 114.0442953, "street_count": 3, "highway": null, "ref": null }, "geometry": { "type": "Point", "coordinates": [ 114.0442953, 22.5433976 ] } },
{ "type": "Feature", "properties": { "osmid": 499478696, "y": 22.5412724, "x": 114.0444638, "street_count": 3, "highway": null, "ref": null }, "geometry": { "type": "Point", "coordinates": [ 114.0444638, 22.5412724 ] } },
{ "type": "Feature", "properties": { "osmid": 499478701, "y": 22.5412659, "x": 114.0443337, "street_count": 3, "highway": null, "ref": null }, "geometry": { "type": "Point", "coordinates": [ 114.0443337, 22.5412659 ] } },
{ "type": "Feature", "properties": { "osmid": 499478765, "y": 22.5422791, "x": 114.0432427, "street_count": 3, "highway": null, "ref": null }, "geometry": { "type": "Point", "coordinates": [ 114.0432427, 22.5422791 ] } },
{ "type": "Feature", "properties": { "osmid": 499478781, "y": 22.5397873, "x": 114.0444909, "street_count": 3, "highway": null, "ref": null }, "geometry": { "type": "Point", "coordinates": [ 114.0444909, 22.5397873 ] } },
{ "type": "Feature", "properties": { "osmid": 499478798, "y": 22.5434017, "x": 114.0444366, "street_count": 3, "highway": null, "ref": null }, "geometry": { "type": "Point", "coordinates": [ 114.0444366, 22.5434017 ] } },
{ "type": "Feature", "properties": { "osmid": 499478813, "y": 22.5425455, "x": 114.0449176, "street_count": 3, "highway": null, "ref": null }, "geometry": { "type": "Point", "coordinates": [ 114.0449176, 22.5425455 ] } },
{ "type": "Feature", "properties": { "osmid": 499481765, "y": 22.5361963, "x": 114.0445563, "street_count": 3, "highway": null, "ref": null }, "geometry": { "type": "Point", "coordinates": [ 114.0445563, 22.5361963 ] } },
{ "type": "Feature", "properties": { "osmid": 499481994, "y": 22.5383343, "x": 114.0445173, "street_count": 3, "highway": null, "ref": null }, "geometry": { "type": "Point", "coordinates": [ 114.0445173, 22.5383343 ] } },
{ "type": "Feature", "properties": { "osmid": 499542312, "y": 22.5446236, "x": 114.0580411, "street_count": 3, "highway": null, "ref": null }, "geometry": { "type": "Point", "coordinates": [ 114.0580411, 22.5446236 ] } },
{ "type": "Feature", "properties": { "osmid": 499542404, "y": 22.5419719, "x": 114.0604165, "street_count": 3, "highway": null, "ref": null }, "geometry": { "type": "Point", "coordinates": [ 114.0604165, 22.5419719 ] } },
{ "type": "Feature", "properties": { "osmid": 499542432, "y": 22.5406021, "x": 114.0582308, "street_count": 1, "highway": null, "ref": null }, "geometry": { "type": "Point", "coordinates": [ 114.0582308, 22.5406021 ] } },
{ "type": "Feature", "properties": { "osmid": 499542538, "y": 22.5405994, "x": 114.0581022, "street_count": 3, "highway": null, "ref": null }, "geometry": { "type": "Point", "coordinates": [ 114.0581022, 22.5405994 ] } },
{ "type": "Feature", "properties": { "osmid": 499542953, "y": 22.5405525, "x": 114.0579482, "street_count": 3, "highway": null, "ref": null }, "geometry": { "type": "Point", "coordinates": [ 114.0579482, 22.5405525 ] } },
{ "type": "Feature", "properties": { "osmid": 499542965, "y": 22.540007, "x": 114.0512964, "street_count": 3, "highway": null, "ref": null }, "geometry": { "type": "Point", "coordinates": [ 114.0512964, 22.540007 ] } },
{ "type": "Feature", "properties": { "osmid": 499543059, "y": 22.5448698, "x": 114.0510679, "street_count": 3, "highway": null, "ref": null }, "geometry": { "type": "Point", "coordinates": [ 114.0510679, 22.5448698 ] } },
{ "type": "Feature", "properties": { "osmid": 499543065, "y": 22.5435904, "x": 114.0509711, "street_count": 3, "highway": null, "ref": null }, "geometry": { "type": "Point", "coordinates": [ 114.0509711, 22.5435904 ] } },
{ "type": "Feature", "properties": { "osmid": 499543123, "y": 22.5423512, "x": 114.0461408, "street_count": 3, "highway": null, "ref": null }, "geometry": { "type": "Point", "coordinates": [ 114.0461408, 22.5423512 ] } },
{ "type": "Feature", "properties": { "osmid": 499543137, "y": 22.5421613, "x": 114.046546, "street_count": 3, "highway": null, "ref": null }, "geometry": { "type": "Point", "coordinates": [ 114.046546, 22.5421613 ] } },
{ "type": "Feature", "properties": { "osmid": 499543146, "y": 22.5417568, "x": 114.0473869, "street_count": 3, "highway": null, "ref": null }, "geometry": { "type": "Point", "coordinates": [ 114.0473869, 22.5417568 ] } },
{ "type": "Feature", "properties": { "osmid": 499543165, "y": 22.5424182, "x": 114.0506454, "street_count": 3, "highway": null, "ref": null }, "geometry": { "type": "Point", "coordinates": [ 114.0506454, 22.5424182 ] } },
{ "type": "Feature", "properties": { "osmid": 499543176, "y": 22.5417617, "x": 114.0477534, "street_count": 3, "highway": null, "ref": null }, "geometry": { "type": "Point", "coordinates": [ 114.0477534, 22.5417617 ] } },
{ "type": "Feature", "properties": { "osmid": 499543273, "y": 22.5430809, "x": 114.053747, "street_count": 3, "highway": null, "ref": null }, "geometry": { "type": "Point", "coordinates": [ 114.053747, 22.5430809 ] } },
{ "type": "Feature", "properties": { "osmid": 499543276, "y": 22.5429402, "x": 114.052976, "street_count": 3, "highway": null, "ref": null }, "geometry": { "type": "Point", "coordinates": [ 114.052976, 22.5429402 ] } },
{ "type": "Feature", "properties": { "osmid": 499543283, "y": 22.5425692, "x": 114.0461592, "street_count": 3, "highway": null, "ref": null }, "geometry": { "type": "Point", "coordinates": [ 114.0461592, 22.5425692 ] } },
{ "type": "Feature", "properties": { "osmid": 499543338, "y": 22.5431988, "x": 114.0453524, "street_count": 3, "highway": null, "ref": null }, "geometry": { "type": "Point", "coordinates": [ 114.0453524, 22.5431988 ] } },
{ "type": "Feature", "properties": { "osmid": 499543341, "y": 22.5432184, "x": 114.0473569, "street_count": 3, "highway": null, "ref": null }, "geometry": { "type": "Point", "coordinates": [ 114.0473569, 22.5432184 ] } },
{ "type": "Feature", "properties": { "osmid": 499543343, "y": 22.5432554, "x": 114.0494729, "street_count": 3, "highway": null, "ref": null }, "geometry": { "type": "Point", "coordinates": [ 114.0494729, 22.5432554 ] } },
{ "type": "Feature", "properties": { "osmid": 499681297, "y": 22.5335094, "x": 114.0582303, "street_count": 4, "highway": null, "ref": null }, "geometry": { "type": "Point", "coordinates": [ 114.0582303, 22.5335094 ] } },
{ "type": "Feature", "properties": { "osmid": 499681310, "y": 22.5313401, "x": 114.0577041, "street_count": 3, "highway": null, "ref": null }, "geometry": { "type": "Point", "coordinates": [ 114.0577041, 22.5313401 ] } },
{ "type": "Feature", "properties": { "osmid": 499681326, "y": 22.5314204, "x": 114.0624055, "street_count": 3, "highway": null, "ref": null }, "geometry": { "type": "Point", "coordinates": [ 114.0624055, 22.5314204 ] } },
{ "type": "Feature", "properties": { "osmid": 499681378, "y": 22.5316103, "x": 114.0711427, "street_count": 3, "highway": null, "ref": null }, "geometry": { "type": "Point", "coordinates": [ 114.0711427, 22.5316103 ] } },
{ "type": "Feature", "properties": { "osmid": 500015586, "y": 22.5428115, "x": 114.0710906, "street_count": 3, "highway": null, "ref": null }, "geometry": { "type": "Point", "coordinates": [ 114.0710906, 22.5428115 ] } },
{ "type": "Feature", "properties": { "osmid": 500015592, "y": 22.5474701, "x": 114.0628273, "street_count": 4, "highway": null, "ref": null }, "geometry": { "type": "Point", "coordinates": [ 114.0628273, 22.5474701 ] } },
{ "type": "Feature", "properties": { "osmid": 500015594, "y": 22.5450923, "x": 114.062747, "street_count": 3, "highway": null, "ref": null }, "geometry": { "type": "Point", "coordinates": [ 114.062747, 22.5450923 ] } },
{ "type": "Feature", "properties": { "osmid": 500015611, "y": 22.5474606, "x": 114.0626622, "street_count": 4, "highway": null, "ref": null }, "geometry": { "type": "Point", "coordinates": [ 114.0626622, 22.5474606 ] } },
{ "type": "Feature", "properties": { "osmid": 500016474, "y": 22.5416511, "x": 114.0676282, "street_count": 3, "highway": null, "ref": null }, "geometry": { "type": "Point", "coordinates": [ 114.0676282, 22.5416511 ] } },
{ "type": "Feature", "properties": { "osmid": 500016482, "y": 22.5427057, "x": 114.0689597, "street_count": 3, "highway": null, "ref": null }, "geometry": { "type": "Point", "coordinates": [ 114.0689597, 22.5427057 ] } },
{ "type": "Feature", "properties": { "osmid": 500016487, "y": 22.5444212, "x": 114.0685902, "street_count": 3, "highway": null, "ref": null }, "geometry": { "type": "Point", "coordinates": [ 114.0685902, 22.5444212 ] } },
{ "type": "Feature", "properties": { "osmid": 500016494, "y": 22.5355538, "x": 114.0624975, "street_count": 3, "highway": null, "ref": null }, "geometry": { "type": "Point", "coordinates": [ 114.0624975, 22.5355538 ] } },
{ "type": "Feature", "properties": { "osmid": 500016498, "y": 22.539897, "x": 114.0681554, "street_count": 3, "highway": null, "ref": null }, "geometry": { "type": "Point", "coordinates": [ 114.0681554, 22.539897 ] } },
{ "type": "Feature", "properties": { "osmid": 500016501, "y": 22.5414018, "x": 114.0687174, "street_count": 3, "highway": null, "ref": null }, "geometry": { "type": "Point", "coordinates": [ 114.0687174, 22.5414018 ] } },
{ "type": "Feature", "properties": { "osmid": 500016507, "y": 22.5441764, "x": 114.0676022, "street_count": 3, "highway": null, "ref": null }, "geometry": { "type": "Point", "coordinates": [ 114.0676022, 22.5441764 ] } },
{ "type": "Feature", "properties": { "osmid": 500016511, "y": 22.5316529, "x": 114.0673818, "street_count": 3, "highway": null, "ref": null }, "geometry": { "type": "Point", "coordinates": [ 114.0673818, 22.5316529 ] } },
{ "type": "Feature", "properties": { "osmid": 500016887, "y": 22.5426446, "x": 114.0685555, "street_count": 3, "highway": null, "ref": null }, "geometry": { "type": "Point", "coordinates": [ 114.0685555, 22.5426446 ] } },
{ "type": "Feature", "properties": { "osmid": 500016892, "y": 22.5431285, "x": 114.0691382, "street_count": 3, "highway": null, "ref": null }, "geometry": { "type": "Point", "coordinates": [ 114.0691382, 22.5431285 ] } },
{ "type": "Feature", "properties": { "osmid": 500016968, "y": 22.5431379, "x": 114.0680275, "street_count": 3, "highway": null, "ref": null }, "geometry": { "type": "Point", "coordinates": [ 114.0680275, 22.5431379 ] } },
{ "type": "Feature", "properties": { "osmid": 500016970, "y": 22.5426114, "x": 114.0672343, "street_count": 3, "highway": null, "ref": null }, "geometry": { "type": "Point", "coordinates": [ 114.0672343, 22.5426114 ] } },
{ "type": "Feature", "properties": { "osmid": 500017000, "y": 22.5455296, "x": 114.0679143, "street_count": 3, "highway": null, "ref": null }, "geometry": { "type": "Point", "coordinates": [ 114.0679143, 22.5455296 ] } },
{ "type": "Feature", "properties": { "osmid": 500017649, "y": 22.5431288, "x": 114.0699212, "street_count": 3, "highway": null, "ref": null }, "geometry": { "type": "Point", "coordinates": [ 114.0699212, 22.5431288 ] } },
{ "type": "Feature", "properties": { "osmid": 500017668, "y": 22.5427706, "x": 114.0700387, "street_count": 4, "highway": null, "ref": null }, "geometry": { "type": "Point", "coordinates": [ 114.0700387, 22.5427706 ] } },
{ "type": "Feature", "properties": { "osmid": 500020956, "y": 22.5173835, "x": 114.0596056, "street_count": 3, "highway": null, "ref": null }, "geometry": { "type": "Point", "coordinates": [ 114.0596056, 22.5173835 ] } },
{ "type": "Feature", "properties": { "osmid": 500020962, "y": 22.5294986, "x": 114.0682546, "street_count": 4, "highway": null, "ref": null }, "geometry": { "type": "Point", "coordinates": [ 114.0682546, 22.5294986 ] } },
{ "type": "Feature", "properties": { "osmid": 500020974, "y": 22.5214145, "x": 114.0640942, "street_count": 3, "highway": "motorway_junction", "ref": null }, "geometry": { "type": "Point", "coordinates": [ 114.0640942, 22.5214145 ] } },
{ "type": "Feature", "properties": { "osmid": 500020991, "y": 22.5297228, "x": 114.0631437, "street_count": 4, "highway": null, "ref": null }, "geometry": { "type": "Point", "coordinates": [ 114.0631437, 22.5297228 ] } },
{ "type": "Feature", "properties": { "osmid": 500020997, "y": 22.531444, "x": 114.0636879, "street_count": 3, "highway": null, "ref": null }, "geometry": { "type": "Point", "coordinates": [ 114.0636879, 22.531444 ] } },
{ "type": "Feature", "properties": { "osmid": 500020999, "y": 22.5295597, "x": 114.0629899, "street_count": 3, "highway": null, "ref": null }, "geometry": { "type": "Point", "coordinates": [ 114.0629899, 22.5295597 ] } },
{ "type": "Feature", "properties": { "osmid": 500021006, "y": 22.5311172, "x": 114.0681398, "street_count": 3, "highway": null, "ref": null }, "geometry": { "type": "Point", "coordinates": [ 114.0681398, 22.5311172 ] } },
{ "type": "Feature", "properties": { "osmid": 500021022, "y": 22.5314839, "x": 114.0674924, "street_count": 3, "highway": null, "ref": null }, "geometry": { "type": "Point", "coordinates": [ 114.0674924, 22.5314839 ] } },
{ "type": "Feature", "properties": { "osmid": 500021035, "y": 22.5292791, "x": 114.0680757, "street_count": 3, "highway": null, "ref": null }, "geometry": { "type": "Point", "coordinates": [ 114.0680757, 22.5292791 ] } },
{ "type": "Feature", "properties": { "osmid": 500021302, "y": 22.5322763, "x": 114.0681215, "street_count": 3, "highway": null, "ref": null }, "geometry": { "type": "Point", "coordinates": [ 114.0681215, 22.5322763 ] } },
{ "type": "Feature", "properties": { "osmid": 500021304, "y": 22.5311295, "x": 114.0682712, "street_count": 3, "highway": null, "ref": null }, "geometry": { "type": "Point", "coordinates": [ 114.0682712, 22.5311295 ] } },
{ "type": "Feature", "properties": { "osmid": 500021305, "y": 22.5315027, "x": 114.0690732, "street_count": 3, "highway": null, "ref": null }, "geometry": { "type": "Point", "coordinates": [ 114.0690732, 22.5315027 ] } },
{ "type": "Feature", "properties": { "osmid": 500023063, "y": 22.532282, "x": 114.0682617, "street_count": 3, "highway": null, "ref": null }, "geometry": { "type": "Point", "coordinates": [ 114.0682617, 22.532282 ] } },
{ "type": "Feature", "properties": { "osmid": 500023064, "y": 22.5343048, "x": 114.0682246, "street_count": 3, "highway": null, "ref": null }, "geometry": { "type": "Point", "coordinates": [ 114.0682246, 22.5343048 ] } },
{ "type": "Feature", "properties": { "osmid": 500023088, "y": 22.5344128, "x": 114.068098, "street_count": 3, "highway": null, "ref": null }, "geometry": { "type": "Point", "coordinates": [ 114.068098, 22.5344128 ] } },
{ "type": "Feature", "properties": { "osmid": 500023095, "y": 22.5319386, "x": 114.0658689, "street_count": 3, "highway": null, "ref": null }, "geometry": { "type": "Point", "coordinates": [ 114.0658689, 22.5319386 ] } },
{ "type": "Feature", "properties": { "osmid": 500023096, "y": 22.5319569, "x": 114.0674789, "street_count": 3, "highway": null, "ref": null }, "geometry": { "type": "Point", "coordinates": [ 114.0674789, 22.5319569 ] } },
{ "type": "Feature", "properties": { "osmid": 500023111, "y": 22.5314631, "x": 114.0659996, "street_count": 3, "highway": null, "ref": null }, "geometry": { "type": "Point", "coordinates": [ 114.0659996, 22.5314631 ] } },
{ "type": "Feature", "properties": { "osmid": 500023137, "y": 22.531571, "x": 114.0704552, "street_count": 3, "highway": null, "ref": null }, "geometry": { "type": "Point", "coordinates": [ 114.0704552, 22.531571 ] } },
{ "type": "Feature", "properties": { "osmid": 503304240, "y": 22.5182639, "x": 114.0508553, "street_count": 4, "highway": null, "ref": null }, "geometry": { "type": "Point", "coordinates": [ 114.0508553, 22.5182639 ] } },
{ "type": "Feature", "properties": { "osmid": 503304245, "y": 22.5181437, "x": 114.0508355, "street_count": 4, "highway": null, "ref": null }, "geometry": { "type": "Point", "coordinates": [ 114.0508355, 22.5181437 ] } },
{ "type": "Feature", "properties": { "osmid": 503304404, "y": 22.5181294, "x": 114.0514049, "street_count": 3, "highway": null, "ref": null }, "geometry": { "type": "Point", "coordinates": [ 114.0514049, 22.5181294 ] } },
{ "type": "Feature", "properties": { "osmid": 503304545, "y": 22.5212205, "x": 114.0610253, "street_count": 4, "highway": null, "ref": null }, "geometry": { "type": "Point", "coordinates": [ 114.0610253, 22.5212205 ] } },
{ "type": "Feature", "properties": { "osmid": 503304577, "y": 22.5182429, "x": 114.051431, "street_count": 3, "highway": null, "ref": null }, "geometry": { "type": "Point", "coordinates": [ 114.051431, 22.5182429 ] } },
{ "type": "Feature", "properties": { "osmid": 503304588, "y": 22.5185016, "x": 114.0485994, "street_count": 3, "highway": null, "ref": null }, "geometry": { "type": "Point", "coordinates": [ 114.0485994, 22.5185016 ] } },
{ "type": "Feature", "properties": { "osmid": 503466502, "y": 22.5281702, "x": 114.0569058, "street_count": 3, "highway": null, "ref": null }, "geometry": { "type": "Point", "coordinates": [ 114.0569058, 22.5281702 ] } },
{ "type": "Feature", "properties": { "osmid": 503466597, "y": 22.536894, "x": 114.0773676, "street_count": 3, "highway": null, "ref": null }, "geometry": { "type": "Point", "coordinates": [ 114.0773676, 22.536894 ] } },
{ "type": "Feature", "properties": { "osmid": 503466607, "y": 22.5393764, "x": 114.074353, "street_count": 3, "highway": null, "ref": null }, "geometry": { "type": "Point", "coordinates": [ 114.074353, 22.5393764 ] } },
{ "type": "Feature", "properties": { "osmid": 503466762, "y": 22.5259144, "x": 114.0711204, "street_count": 4, "highway": null, "ref": null }, "geometry": { "type": "Point", "coordinates": [ 114.0711204, 22.5259144 ] } },
{ "type": "Feature", "properties": { "osmid": 503466998, "y": 22.5204229, "x": 114.0709631, "street_count": 3, "highway": null, "ref": null }, "geometry": { "type": "Point", "coordinates": [ 114.0709631, 22.5204229 ] } },
{ "type": "Feature", "properties": { "osmid": 503467235, "y": 22.521146, "x": 114.0609111, "street_count": 4, "highway": null, "ref": null }, "geometry": { "type": "Point", "coordinates": [ 114.0609111, 22.521146 ] } },
{ "type": "Feature", "properties": { "osmid": 513658855, "y": 22.5388943, "x": 114.0816697, "street_count": 3, "highway": null, "ref": null }, "geometry": { "type": "Point", "coordinates": [ 114.0816697, 22.5388943 ] } },
{ "type": "Feature", "properties": { "osmid": 513658942, "y": 22.5358677, "x": 114.0796181, "street_count": 3, "highway": null, "ref": null }, "geometry": { "type": "Point", "coordinates": [ 114.0796181, 22.5358677 ] } },
{ "type": "Feature", "properties": { "osmid": 513658946, "y": 22.53632, "x": 114.0802131, "street_count": 3, "highway": null, "ref": null }, "geometry": { "type": "Point", "coordinates": [ 114.0802131, 22.53632 ] } },
{ "type": "Feature", "properties": { "osmid": 513659014, "y": 22.5373273, "x": 114.0840868, "street_count": 3, "highway": null, "ref": null }, "geometry": { "type": "Point", "coordinates": [ 114.0840868, 22.5373273 ] } },
{ "type": "Feature", "properties": { "osmid": 513659367, "y": 22.5370913, "x": 114.0806886, "street_count": 3, "highway": null, "ref": null }, "geometry": { "type": "Point", "coordinates": [ 114.0806886, 22.5370913 ] } },
{ "type": "Feature", "properties": { "osmid": 513659780, "y": 22.5365205, "x": 114.0800199, "street_count": 3, "highway": null, "ref": null }, "geometry": { "type": "Point", "coordinates": [ 114.0800199, 22.5365205 ] } },
{ "type": "Feature", "properties": { "osmid": 558849716, "y": 22.5430932, "x": 114.0761078, "street_count": 5, "highway": null, "ref": null }, "geometry": { "type": "Point", "coordinates": [ 114.0761078, 22.5430932 ] } },
{ "type": "Feature", "properties": { "osmid": 558849727, "y": 22.5430955, "x": 114.0762768, "street_count": 4, "highway": null, "ref": null }, "geometry": { "type": "Point", "coordinates": [ 114.0762768, 22.5430955 ] } },
{ "type": "Feature", "properties": { "osmid": 598508320, "y": 22.5286002, "x": 114.0681183, "street_count": 3, "highway": null, "ref": null }, "geometry": { "type": "Point", "coordinates": [ 114.0681183, 22.5286002 ] } },
{ "type": "Feature", "properties": { "osmid": 598508344, "y": 22.525993, "x": 114.0711485, "street_count": 4, "highway": null, "ref": null }, "geometry": { "type": "Point", "coordinates": [ 114.0711485, 22.525993 ] } },
{ "type": "Feature", "properties": { "osmid": 598508482, "y": 22.5212607, "x": 114.0697387, "street_count": 1, "highway": null, "ref": null }, "geometry": { "type": "Point", "coordinates": [ 114.0697387, 22.5212607 ] } },
{ "type": "Feature", "properties": { "osmid": 598508492, "y": 22.5197707, "x": 114.0700847, "street_count": 3, "highway": null, "ref": null }, "geometry": { "type": "Point", "coordinates": [ 114.0700847, 22.5197707 ] } },
{ "type": "Feature", "properties": { "osmid": 598723406, "y": 22.5153494, "x": 114.0548279, "street_count": 4, "highway": null, "ref": null }, "geometry": { "type": "Point", "coordinates": [ 114.0548279, 22.5153494 ] } },
{ "type": "Feature", "properties": { "osmid": 598723432, "y": 22.5145823, "x": 114.0511605, "street_count": 4, "highway": null, "ref": null }, "geometry": { "type": "Point", "coordinates": [ 114.0511605, 22.5145823 ] } },
{ "type": "Feature", "properties": { "osmid": 598723470, "y": 22.5139408, "x": 114.0554855, "street_count": 5, "highway": null, "ref": null }, "geometry": { "type": "Point", "coordinates": [ 114.0554855, 22.5139408 ] } },
{ "type": "Feature", "properties": { "osmid": 598723474, "y": 22.5124514, "x": 114.0561882, "street_count": 3, "highway": null, "ref": null }, "geometry": { "type": "Point", "coordinates": [ 114.0561882, 22.5124514 ] } },
{ "type": "Feature", "properties": { "osmid": 598723526, "y": 22.5072569, "x": 114.0523905, "street_count": 3, "highway": null, "ref": null }, "geometry": { "type": "Point", "coordinates": [ 114.0523905, 22.5072569 ] } },
{ "type": "Feature", "properties": { "osmid": 598723530, "y": 22.507273, "x": 114.0524773, "street_count": 4, "highway": null, "ref": null }, "geometry": { "type": "Point", "coordinates": [ 114.0524773, 22.507273 ] } },
{ "type": "Feature", "properties": { "osmid": 598723535, "y": 22.5114237, "x": 114.0530083, "street_count": 4, "highway": null, "ref": null }, "geometry": { "type": "Point", "coordinates": [ 114.0530083, 22.5114237 ] } },
{ "type": "Feature", "properties": { "osmid": 598723538, "y": 22.512976, "x": 114.0525577, "street_count": 4, "highway": null, "ref": null }, "geometry": { "type": "Point", "coordinates": [ 114.0525577, 22.512976 ] } },
{ "type": "Feature", "properties": { "osmid": 598723540, "y": 22.5130717, "x": 114.05253, "street_count": 3, "highway": null, "ref": null }, "geometry": { "type": "Point", "coordinates": [ 114.05253, 22.5130717 ] } },
{ "type": "Feature", "properties": { "osmid": 598723546, "y": 22.5092541, "x": 114.0552365, "street_count": 3, "highway": null, "ref": null }, "geometry": { "type": "Point", "coordinates": [ 114.0552365, 22.5092541 ] } },
{ "type": "Feature", "properties": { "osmid": 598723550, "y": 22.5106563, "x": 114.0547283, "street_count": 3, "highway": null, "ref": null }, "geometry": { "type": "Point", "coordinates": [ 114.0547283, 22.5106563 ] } },
{ "type": "Feature", "properties": { "osmid": 598723594, "y": 22.503915, "x": 114.0492532, "street_count": 1, "highway": null, "ref": null }, "geometry": { "type": "Point", "coordinates": [ 114.0492532, 22.503915 ] } },
{ "type": "Feature", "properties": { "osmid": 598723632, "y": 22.503682, "x": 114.0512453, "street_count": 1, "highway": null, "ref": null }, "geometry": { "type": "Point", "coordinates": [ 114.0512453, 22.503682 ] } },
{ "type": "Feature", "properties": { "osmid": 598723640, "y": 22.5082808, "x": 114.0505365, "street_count": 4, "highway": null, "ref": null }, "geometry": { "type": "Point", "coordinates": [ 114.0505365, 22.5082808 ] } },
{ "type": "Feature", "properties": { "osmid": 598723667, "y": 22.51248, "x": 114.0499134, "street_count": 3, "highway": null, "ref": null }, "geometry": { "type": "Point", "coordinates": [ 114.0499134, 22.51248 ] } },
{ "type": "Feature", "properties": { "osmid": 598723670, "y": 22.510834, "x": 114.0501794, "street_count": 3, "highway": null, "ref": null }, "geometry": { "type": "Point", "coordinates": [ 114.0501794, 22.510834 ] } },
{ "type": "Feature", "properties": { "osmid": 598723680, "y": 22.5080597, "x": 114.0456365, "street_count": 4, "highway": null, "ref": null }, "geometry": { "type": "Point", "coordinates": [ 114.0456365, 22.5080597 ] } },
{ "type": "Feature", "properties": { "osmid": 598723686, "y": 22.5104295, "x": 114.0457645, "street_count": 3, "highway": null, "ref": null }, "geometry": { "type": "Point", "coordinates": [ 114.0457645, 22.5104295 ] } },
{ "type": "Feature", "properties": { "osmid": 598723695, "y": 22.5123111, "x": 114.0458907, "street_count": 3, "highway": null, "ref": null }, "geometry": { "type": "Point", "coordinates": [ 114.0458907, 22.5123111 ] } },
{ "type": "Feature", "properties": { "osmid": 598723707, "y": 22.5104141, "x": 114.0472376, "street_count": 4, "highway": null, "ref": null }, "geometry": { "type": "Point", "coordinates": [ 114.0472376, 22.5104141 ] } },
{ "type": "Feature", "properties": { "osmid": 598723714, "y": 22.5080195, "x": 114.0472685, "street_count": 4, "highway": "traffic_signals", "ref": null }, "geometry": { "type": "Point", "coordinates": [ 114.0472685, 22.5080195 ] } },
{ "type": "Feature", "properties": { "osmid": 598723727, "y": 22.510693, "x": 114.0472535, "street_count": 4, "highway": null, "ref": null }, "geometry": { "type": "Point", "coordinates": [ 114.0472535, 22.510693 ] } },
{ "type": "Feature", "properties": { "osmid": 598723729, "y": 22.5122827, "x": 114.0472472, "street_count": 3, "highway": null, "ref": null }, "geometry": { "type": "Point", "coordinates": [ 114.0472472, 22.5122827 ] } },
{ "type": "Feature", "properties": { "osmid": 598723737, "y": 22.5107419, "x": 114.04873, "street_count": 3, "highway": null, "ref": null }, "geometry": { "type": "Point", "coordinates": [ 114.04873, 22.5107419 ] } },
{ "type": "Feature", "properties": { "osmid": 598723741, "y": 22.5123329, "x": 114.048598, "street_count": 4, "highway": null, "ref": null }, "geometry": { "type": "Point", "coordinates": [ 114.048598, 22.5123329 ] } },
{ "type": "Feature", "properties": { "osmid": 598723745, "y": 22.5124215, "x": 114.0485906, "street_count": 3, "highway": null, "ref": null }, "geometry": { "type": "Point", "coordinates": [ 114.0485906, 22.5124215 ] } },
{ "type": "Feature", "properties": { "osmid": 598723761, "y": 22.5147501, "x": 114.041039, "street_count": 4, "highway": null, "ref": null }, "geometry": { "type": "Point", "coordinates": [ 114.041039, 22.5147501 ] } },
{ "type": "Feature", "properties": { "osmid": 598723768, "y": 22.5141062, "x": 114.0447868, "street_count": 4, "highway": null, "ref": null }, "geometry": { "type": "Point", "coordinates": [ 114.0447868, 22.5141062 ] } },
{ "type": "Feature", "properties": { "osmid": 598723824, "y": 22.512409, "x": 114.0445712, "street_count": 4, "highway": null, "ref": null }, "geometry": { "type": "Point", "coordinates": [ 114.0445712, 22.512409 ] } },
{ "type": "Feature", "properties": { "osmid": 598723832, "y": 22.5108313, "x": 114.0443866, "street_count": 3, "highway": null, "ref": null }, "geometry": { "type": "Point", "coordinates": [ 114.0443866, 22.5108313 ] } },
{ "type": "Feature", "properties": { "osmid": 598723849, "y": 22.5081904, "x": 114.0440717, "street_count": 4, "highway": null, "ref": null }, "geometry": { "type": "Point", "coordinates": [ 114.0440717, 22.5081904 ] } },
{ "type": "Feature", "properties": { "osmid": 598723852, "y": 22.5105522, "x": 114.0443518, "street_count": 3, "highway": null, "ref": null }, "geometry": { "type": "Point", "coordinates": [ 114.0443518, 22.5105522 ] } },
{ "type": "Feature", "properties": { "osmid": 598723857, "y": 22.5113464, "x": 114.0415501, "street_count": 3, "highway": null, "ref": null }, "geometry": { "type": "Point", "coordinates": [ 114.0415501, 22.5113464 ] } },
{ "type": "Feature", "properties": { "osmid": 598723859, "y": 22.512866, "x": 114.0418777, "street_count": 4, "highway": null, "ref": null }, "geometry": { "type": "Point", "coordinates": [ 114.0418777, 22.512866 ] } },
{ "type": "Feature", "properties": { "osmid": 598723860, "y": 22.5129557, "x": 114.0418981, "street_count": 3, "highway": null, "ref": null }, "geometry": { "type": "Point", "coordinates": [ 114.0418981, 22.5129557 ] } },
{ "type": "Feature", "properties": { "osmid": 598723864, "y": 22.5094225, "x": 114.0557942, "street_count": 3, "highway": null, "ref": null }, "geometry": { "type": "Point", "coordinates": [ 114.0557942, 22.5094225 ] } },
{ "type": "Feature", "properties": { "osmid": 598723865, "y": 22.5085135, "x": 114.0521986, "street_count": 4, "highway": null, "ref": null }, "geometry": { "type": "Point", "coordinates": [ 114.0521986, 22.5085135 ] } },
{ "type": "Feature", "properties": { "osmid": 598723866, "y": 22.5084989, "x": 114.052116, "street_count": 4, "highway": null, "ref": null }, "geometry": { "type": "Point", "coordinates": [ 114.052116, 22.5084989 ] } },
{ "type": "Feature", "properties": { "osmid": 598723867, "y": 22.5084086, "x": 114.0424575, "street_count": 4, "highway": null, "ref": null }, "geometry": { "type": "Point", "coordinates": [ 114.0424575, 22.5084086 ] } },
{ "type": "Feature", "properties": { "osmid": 598723868, "y": 22.508735, "x": 114.0409203, "street_count": 4, "highway": null, "ref": null }, "geometry": { "type": "Point", "coordinates": [ 114.0409203, 22.508735 ] } },
{ "type": "Feature", "properties": { "osmid": 598723872, "y": 22.5090693, "x": 114.039395, "street_count": 4, "highway": null, "ref": null }, "geometry": { "type": "Point", "coordinates": [ 114.039395, 22.5090693 ] } },
{ "type": "Feature", "properties": { "osmid": 598723874, "y": 22.5093841, "x": 114.0380177, "street_count": 4, "highway": null, "ref": null }, "geometry": { "type": "Point", "coordinates": [ 114.0380177, 22.5093841 ] } },
{ "type": "Feature", "properties": { "osmid": 598723876, "y": 22.5098304, "x": 114.0361482, "street_count": 3, "highway": null, "ref": null }, "geometry": { "type": "Point", "coordinates": [ 114.0361482, 22.5098304 ] } },
{ "type": "Feature", "properties": { "osmid": 598723885, "y": 22.5110549, "x": 114.0414653, "street_count": 3, "highway": null, "ref": null }, "geometry": { "type": "Point", "coordinates": [ 114.0414653, 22.5110549 ] } },
{ "type": "Feature", "properties": { "osmid": 598723906, "y": 22.5107335, "x": 114.0428837, "street_count": 3, "highway": null, "ref": null }, "geometry": { "type": "Point", "coordinates": [ 114.0428837, 22.5107335 ] } },
{ "type": "Feature", "properties": { "osmid": 598723917, "y": 22.5116649, "x": 114.0387673, "street_count": 4, "highway": null, "ref": null }, "geometry": { "type": "Point", "coordinates": [ 114.0387673, 22.5116649 ] } },
{ "type": "Feature", "properties": { "osmid": 598723919, "y": 22.5124494, "x": 114.0390668, "street_count": 3, "highway": null, "ref": null }, "geometry": { "type": "Point", "coordinates": [ 114.0390668, 22.5124494 ] } },
{ "type": "Feature", "properties": { "osmid": 598723922, "y": 22.5137619, "x": 114.0395347, "street_count": 3, "highway": null, "ref": null }, "geometry": { "type": "Point", "coordinates": [ 114.0395347, 22.5137619 ] } },
{ "type": "Feature", "properties": { "osmid": 598723937, "y": 22.5113847, "x": 114.0400017, "street_count": 3, "highway": null, "ref": null }, "geometry": { "type": "Point", "coordinates": [ 114.0400017, 22.5113847 ] } },
{ "type": "Feature", "properties": { "osmid": 598723939, "y": 22.5133361, "x": 114.0405553, "street_count": 4, "highway": null, "ref": null }, "geometry": { "type": "Point", "coordinates": [ 114.0405553, 22.5133361 ] } },
{ "type": "Feature", "properties": { "osmid": 598723956, "y": 22.5124199, "x": 114.056855, "street_count": 3, "highway": null, "ref": null }, "geometry": { "type": "Point", "coordinates": [ 114.056855, 22.5124199 ] } },
{ "type": "Feature", "properties": { "osmid": 598724152, "y": 22.5111364, "x": 114.0369441, "street_count": 4, "highway": null, "ref": null }, "geometry": { "type": "Point", "coordinates": [ 114.0369441, 22.5111364 ] } },
{ "type": "Feature", "properties": { "osmid": 598724172, "y": 22.5059787, "x": 114.0527668, "street_count": 4, "highway": null, "ref": null }, "geometry": { "type": "Point", "coordinates": [ 114.0527668, 22.5059787 ] } },
{ "type": "Feature", "properties": { "osmid": 598724174, "y": 22.5059616, "x": 114.0526795, "street_count": 4, "highway": null, "ref": null }, "geometry": { "type": "Point", "coordinates": [ 114.0526795, 22.5059616 ] } },
{ "type": "Feature", "properties": { "osmid": 598724199, "y": 22.5150717, "x": 114.0574264, "street_count": 3, "highway": null, "ref": null }, "geometry": { "type": "Point", "coordinates": [ 114.0574264, 22.5150717 ] } },
{ "type": "Feature", "properties": { "osmid": 598724224, "y": 22.512636, "x": 114.0509747, "street_count": 3, "highway": null, "ref": null }, "geometry": { "type": "Point", "coordinates": [ 114.0509747, 22.512636 ] } },
{ "type": "Feature", "properties": { "osmid": 598724252, "y": 22.5111323, "x": 114.0517139, "street_count": 3, "highway": null, "ref": null }, "geometry": { "type": "Point", "coordinates": [ 114.0517139, 22.5111323 ] } },
{ "type": "Feature", "properties": { "osmid": 598724289, "y": 22.5181363, "x": 114.0509652, "street_count": 4, "highway": null, "ref": null }, "geometry": { "type": "Point", "coordinates": [ 114.0509652, 22.5181363 ] } },
{ "type": "Feature", "properties": { "osmid": 598724344, "y": 22.5167034, "x": 114.0506425, "street_count": 4, "highway": null, "ref": null }, "geometry": { "type": "Point", "coordinates": [ 114.0506425, 22.5167034 ] } },
{ "type": "Feature", "properties": { "osmid": 649484043, "y": 22.5359359, "x": 114.0733029, "street_count": 3, "highway": null, "ref": null }, "geometry": { "type": "Point", "coordinates": [ 114.0733029, 22.5359359 ] } },
{ "type": "Feature", "properties": { "osmid": 649484276, "y": 22.5341343, "x": 114.0756645, "street_count": 4, "highway": null, "ref": null }, "geometry": { "type": "Point", "coordinates": [ 114.0756645, 22.5341343 ] } },
{ "type": "Feature", "properties": { "osmid": 726579157, "y": 22.5430317, "x": 114.0786624, "street_count": 3, "highway": null, "ref": null }, "geometry": { "type": "Point", "coordinates": [ 114.0786624, 22.5430317 ] } },
{ "type": "Feature", "properties": { "osmid": 1114538640, "y": 22.5317041, "x": 114.0508437, "street_count": 3, "highway": null, "ref": null }, "geometry": { "type": "Point", "coordinates": [ 114.0508437, 22.5317041 ] } },
{ "type": "Feature", "properties": { "osmid": 1114538642, "y": 22.5317036, "x": 114.0503526, "street_count": 3, "highway": null, "ref": null }, "geometry": { "type": "Point", "coordinates": [ 114.0503526, 22.5317036 ] } },
{ "type": "Feature", "properties": { "osmid": 1114538647, "y": 22.5319339, "x": 114.0501083, "street_count": 3, "highway": null, "ref": null }, "geometry": { "type": "Point", "coordinates": [ 114.0501083, 22.5319339 ] } },
{ "type": "Feature", "properties": { "osmid": 1116467141, "y": 22.5315141, "x": 114.05024, "street_count": 3, "highway": "motorway_junction", "ref": null }, "geometry": { "type": "Point", "coordinates": [ 114.05024, 22.5315141 ] } },
{ "type": "Feature", "properties": { "osmid": 1116467143, "y": 22.5316826, "x": 114.0488439, "street_count": 3, "highway": null, "ref": null }, "geometry": { "type": "Point", "coordinates": [ 114.0488439, 22.5316826 ] } },
{ "type": "Feature", "properties": { "osmid": 1116467144, "y": 22.5316589, "x": 114.0477032, "street_count": 3, "highway": null, "ref": null }, "geometry": { "type": "Point", "coordinates": [ 114.0477032, 22.5316589 ] } },
{ "type": "Feature", "properties": { "osmid": 1116469157, "y": 22.5357567, "x": 114.0445643, "street_count": 3, "highway": null, "ref": null }, "geometry": { "type": "Point", "coordinates": [ 114.0445643, 22.5357567 ] } },
{ "type": "Feature", "properties": { "osmid": 1116469159, "y": 22.526699, "x": 114.0445787, "street_count": 1, "highway": null, "ref": null }, "geometry": { "type": "Point", "coordinates": [ 114.0445787, 22.526699 ] } },
{ "type": "Feature", "properties": { "osmid": 1116469162, "y": 22.5301519, "x": 114.0441418, "street_count": 4, "highway": null, "ref": null }, "geometry": { "type": "Point", "coordinates": [ 114.0441418, 22.5301519 ] } },
{ "type": "Feature", "properties": { "osmid": 1116469170, "y": 22.5334038, "x": 114.044771, "street_count": 4, "highway": null, "ref": null }, "geometry": { "type": "Point", "coordinates": [ 114.044771, 22.5334038 ] } },
{ "type": "Feature", "properties": { "osmid": 1116469184, "y": 22.5366391, "x": 114.0476828, "street_count": 3, "highway": null, "ref": null }, "geometry": { "type": "Point", "coordinates": [ 114.0476828, 22.5366391 ] } },
{ "type": "Feature", "properties": { "osmid": 1116469186, "y": 22.5274569, "x": 114.0429565, "street_count": 3, "highway": null, "ref": null }, "geometry": { "type": "Point", "coordinates": [ 114.0429565, 22.5274569 ] } },
{ "type": "Feature", "properties": { "osmid": 1116469196, "y": 22.5275682, "x": 114.0451887, "street_count": 3, "highway": null, "ref": null }, "geometry": { "type": "Point", "coordinates": [ 114.0451887, 22.5275682 ] } },
{ "type": "Feature", "properties": { "osmid": 1116469197, "y": 22.5331875, "x": 114.0512668, "street_count": 3, "highway": null, "ref": null }, "geometry": { "type": "Point", "coordinates": [ 114.0512668, 22.5331875 ] } },
{ "type": "Feature", "properties": { "osmid": 1116469206, "y": 22.5299841, "x": 114.0421788, "street_count": 3, "highway": null, "ref": null }, "geometry": { "type": "Point", "coordinates": [ 114.0421788, 22.5299841 ] } },
{ "type": "Feature", "properties": { "osmid": 1116469218, "y": 22.5276666, "x": 114.0449253, "street_count": 3, "highway": null, "ref": null }, "geometry": { "type": "Point", "coordinates": [ 114.0449253, 22.5276666 ] } },
{ "type": "Feature", "properties": { "osmid": 1116469223, "y": 22.5266909, "x": 114.0448155, "street_count": 3, "highway": null, "ref": null }, "geometry": { "type": "Point", "coordinates": [ 114.0448155, 22.5266909 ] } },
{ "type": "Feature", "properties": { "osmid": 1116469224, "y": 22.530079, "x": 114.0420799, "street_count": 3, "highway": null, "ref": null }, "geometry": { "type": "Point", "coordinates": [ 114.0420799, 22.530079 ] } },
{ "type": "Feature", "properties": { "osmid": 1116492705, "y": 22.5446431, "x": 114.0437843, "street_count": 3, "highway": null, "ref": null }, "geometry": { "type": "Point", "coordinates": [ 114.0437843, 22.5446431 ] } },
{ "type": "Feature", "properties": { "osmid": 1116492767, "y": 22.5424493, "x": 114.0408568, "street_count": 3, "highway": null, "ref": null }, "geometry": { "type": "Point", "coordinates": [ 114.0408568, 22.5424493 ] } },
{ "type": "Feature", "properties": { "osmid": 1116501199, "y": 22.5476141, "x": 114.0322088, "street_count": 3, "highway": null, "ref": null }, "geometry": { "type": "Point", "coordinates": [ 114.0322088, 22.5476141 ] } },
{ "type": "Feature", "properties": { "osmid": 1116501229, "y": 22.5463909, "x": 114.029604, "street_count": 4, "highway": null, "ref": null }, "geometry": { "type": "Point", "coordinates": [ 114.029604, 22.5463909 ] } },
{ "type": "Feature", "properties": { "osmid": 1116501237, "y": 22.5422908, "x": 114.0439017, "street_count": 3, "highway": null, "ref": null }, "geometry": { "type": "Point", "coordinates": [ 114.0439017, 22.5422908 ] } },
{ "type": "Feature", "properties": { "osmid": 1116501292, "y": 22.5438143, "x": 114.035565, "street_count": 4, "highway": null, "ref": null }, "geometry": { "type": "Point", "coordinates": [ 114.035565, 22.5438143 ] } },
{ "type": "Feature", "properties": { "osmid": 1116501296, "y": 22.5443836, "x": 114.0398349, "street_count": 4, "highway": null, "ref": null }, "geometry": { "type": "Point", "coordinates": [ 114.0398349, 22.5443836 ] } },
{ "type": "Feature", "properties": { "osmid": 1116501304, "y": 22.544376, "x": 114.0391697, "street_count": 4, "highway": null, "ref": null }, "geometry": { "type": "Point", "coordinates": [ 114.0391697, 22.544376 ] } },
{ "type": "Feature", "properties": { "osmid": 1123341617, "y": 22.5491018, "x": 114.0774921, "street_count": 3, "highway": null, "ref": null }, "geometry": { "type": "Point", "coordinates": [ 114.0774921, 22.5491018 ] } },
{ "type": "Feature", "properties": { "osmid": 1123344023, "y": 22.5491463, "x": 114.0804649, "street_count": 3, "highway": null, "ref": null }, "geometry": { "type": "Point", "coordinates": [ 114.0804649, 22.5491463 ] } },
{ "type": "Feature", "properties": { "osmid": 1123344024, "y": 22.5491332, "x": 114.079427, "street_count": 3, "highway": null, "ref": null }, "geometry": { "type": "Point", "coordinates": [ 114.079427, 22.5491332 ] } },
{ "type": "Feature", "properties": { "osmid": 1123344043, "y": 22.550474, "x": 114.0793891, "street_count": 4, "highway": null, "ref": null }, "geometry": { "type": "Point", "coordinates": [ 114.0793891, 22.550474 ] } },
{ "type": "Feature", "properties": { "osmid": 1123347201, "y": 22.5470652, "x": 114.0803373, "street_count": 3, "highway": null, "ref": null }, "geometry": { "type": "Point", "coordinates": [ 114.0803373, 22.5470652 ] } },
{ "type": "Feature", "properties": { "osmid": 1123394574, "y": 22.5376781, "x": 114.0738323, "street_count": 3, "highway": null, "ref": null }, "geometry": { "type": "Point", "coordinates": [ 114.0738323, 22.5376781 ] } },
{ "type": "Feature", "properties": { "osmid": 1129150010, "y": 22.521136, "x": 114.0467349, "street_count": 4, "highway": null, "ref": null }, "geometry": { "type": "Point", "coordinates": [ 114.0467349, 22.521136 ] } },
{ "type": "Feature", "properties": { "osmid": 1129158411, "y": 22.5284144, "x": 114.0533998, "street_count": 4, "highway": null, "ref": null }, "geometry": { "type": "Point", "coordinates": [ 114.0533998, 22.5284144 ] } },
{ "type": "Feature", "properties": { "osmid": 1441786444, "y": 22.5191016, "x": 114.0659286, "street_count": 3, "highway": null, "ref": null }, "geometry": { "type": "Point", "coordinates": [ 114.0659286, 22.5191016 ] } },
{ "type": "Feature", "properties": { "osmid": 1441786487, "y": 22.5200842, "x": 114.0620457, "street_count": 3, "highway": null, "ref": null }, "geometry": { "type": "Point", "coordinates": [ 114.0620457, 22.5200842 ] } },
{ "type": "Feature", "properties": { "osmid": 1441786491, "y": 22.5208704, "x": 114.0613566, "street_count": 4, "highway": null, "ref": null }, "geometry": { "type": "Point", "coordinates": [ 114.0613566, 22.5208704 ] } },
{ "type": "Feature", "properties": { "osmid": 1441786493, "y": 22.5210506, "x": 114.0609904, "street_count": 4, "highway": null, "ref": null }, "geometry": { "type": "Point", "coordinates": [ 114.0609904, 22.5210506 ] } },
{ "type": "Feature", "properties": { "osmid": 1441786494, "y": 22.5211156, "x": 114.06111, "street_count": 4, "highway": null, "ref": null }, "geometry": { "type": "Point", "coordinates": [ 114.06111, 22.5211156 ] } },
{ "type": "Feature", "properties": { "osmid": 1491845063, "y": 22.527334, "x": 114.0423911, "street_count": 3, "highway": null, "ref": null }, "geometry": { "type": "Point", "coordinates": [ 114.0423911, 22.527334 ] } },
{ "type": "Feature", "properties": { "osmid": 1491845065, "y": 22.527482, "x": 114.0374399, "street_count": 4, "highway": null, "ref": null }, "geometry": { "type": "Point", "coordinates": [ 114.0374399, 22.527482 ] } },
{ "type": "Feature", "properties": { "osmid": 1491845092, "y": 22.5295001, "x": 114.0383133, "street_count": 4, "highway": null, "ref": null }, "geometry": { "type": "Point", "coordinates": [ 114.0383133, 22.5295001 ] } },
{ "type": "Feature", "properties": { "osmid": 1491845096, "y": 22.5297251, "x": 114.040353, "street_count": 3, "highway": null, "ref": null }, "geometry": { "type": "Point", "coordinates": [ 114.040353, 22.5297251 ] } },
{ "type": "Feature", "properties": { "osmid": 1491845101, "y": 22.5298407, "x": 114.0408829, "street_count": 4, "highway": null, "ref": null }, "geometry": { "type": "Point", "coordinates": [ 114.0408829, 22.5298407 ] } },
{ "type": "Feature", "properties": { "osmid": 1491845104, "y": 22.529883, "x": 114.0323559, "street_count": 3, "highway": null, "ref": null }, "geometry": { "type": "Point", "coordinates": [ 114.0323559, 22.529883 ] } },
{ "type": "Feature", "properties": { "osmid": 1491845106, "y": 22.5298926, "x": 114.0326008, "street_count": 3, "highway": null, "ref": null }, "geometry": { "type": "Point", "coordinates": [ 114.0326008, 22.5298926 ] } },
{ "type": "Feature", "properties": { "osmid": 1491845108, "y": 22.5299345, "x": 114.0334029, "street_count": 3, "highway": null, "ref": null }, "geometry": { "type": "Point", "coordinates": [ 114.0334029, 22.5299345 ] } },
{ "type": "Feature", "properties": { "osmid": 1491845119, "y": 22.5299963, "x": 114.0341014, "street_count": 3, "highway": null, "ref": null }, "geometry": { "type": "Point", "coordinates": [ 114.0341014, 22.5299963 ] } },
{ "type": "Feature", "properties": { "osmid": 1491845135, "y": 22.5302326, "x": 114.0321877, "street_count": 3, "highway": "motorway_junction", "ref": null }, "geometry": { "type": "Point", "coordinates": [ 114.0321877, 22.5302326 ] } },
{ "type": "Feature", "properties": { "osmid": 1491845137, "y": 22.5301807, "x": 114.0359635, "street_count": 3, "highway": null, "ref": null }, "geometry": { "type": "Point", "coordinates": [ 114.0359635, 22.5301807 ] } },
{ "type": "Feature", "properties": { "osmid": 1491845144, "y": 22.5302425, "x": 114.0445537, "street_count": 3, "highway": null, "ref": null }, "geometry": { "type": "Point", "coordinates": [ 114.0445537, 22.5302425 ] } },
{ "type": "Feature", "properties": { "osmid": 1491845160, "y": 22.5304299, "x": 114.0314357, "street_count": 3, "highway": null, "ref": null }, "geometry": { "type": "Point", "coordinates": [ 114.0314357, 22.5304299 ] } },
{ "type": "Feature", "properties": { "osmid": 1491845161, "y": 22.5304196, "x": 114.0382015, "street_count": 3, "highway": null, "ref": null }, "geometry": { "type": "Point", "coordinates": [ 114.0382015, 22.5304196 ] } },
{ "type": "Feature", "properties": { "osmid": 1491845212, "y": 22.5306501, "x": 114.0419161, "street_count": 3, "highway": null, "ref": null }, "geometry": { "type": "Point", "coordinates": [ 114.0419161, 22.5306501 ] } },
{ "type": "Feature", "properties": { "osmid": 1491845221, "y": 22.5307193, "x": 114.0407586, "street_count": 3, "highway": null, "ref": null }, "geometry": { "type": "Point", "coordinates": [ 114.0407586, 22.5307193 ] } },
{ "type": "Feature", "properties": { "osmid": 1491845234, "y": 22.5307598, "x": 114.0418926, "street_count": 3, "highway": null, "ref": null }, "geometry": { "type": "Point", "coordinates": [ 114.0418926, 22.5307598 ] } },
{ "type": "Feature", "properties": { "osmid": 1491845238, "y": 22.530837, "x": 114.041482, "street_count": 3, "highway": null, "ref": null }, "geometry": { "type": "Point", "coordinates": [ 114.041482, 22.530837 ] } },
{ "type": "Feature", "properties": { "osmid": 1491845252, "y": 22.5308363, "x": 114.0404422, "street_count": 3, "highway": "motorway_junction", "ref": null }, "geometry": { "type": "Point", "coordinates": [ 114.0404422, 22.5308363 ] } },
{ "type": "Feature", "properties": { "osmid": 1491845263, "y": 22.5308738, "x": 114.0417278, "street_count": 3, "highway": null, "ref": null }, "geometry": { "type": "Point", "coordinates": [ 114.0417278, 22.5308738 ] } },
{ "type": "Feature", "properties": { "osmid": 1491845271, "y": 22.5309087, "x": 114.0420047, "street_count": 3, "highway": null, "ref": null }, "geometry": { "type": "Point", "coordinates": [ 114.0420047, 22.5309087 ] } },
{ "type": "Feature", "properties": { "osmid": 1491845278, "y": 22.530972, "x": 114.0425387, "street_count": 3, "highway": null, "ref": null }, "geometry": { "type": "Point", "coordinates": [ 114.0425387, 22.530972 ] } },
{ "type": "Feature", "properties": { "osmid": 1491845290, "y": 22.5312452, "x": 114.0407654, "street_count": 4, "highway": null, "ref": null }, "geometry": { "type": "Point", "coordinates": [ 114.0407654, 22.5312452 ] } },
{ "type": "Feature", "properties": { "osmid": 1491845294, "y": 22.5312316, "x": 114.0413865, "street_count": 3, "highway": null, "ref": null }, "geometry": { "type": "Point", "coordinates": [ 114.0413865, 22.5312316 ] } },
{ "type": "Feature", "properties": { "osmid": 1491845309, "y": 22.531412, "x": 114.0422246, "street_count": 3, "highway": null, "ref": null }, "geometry": { "type": "Point", "coordinates": [ 114.0422246, 22.531412 ] } },
{ "type": "Feature", "properties": { "osmid": 1491845327, "y": 22.5316468, "x": 114.0380064, "street_count": 3, "highway": null, "ref": null }, "geometry": { "type": "Point", "coordinates": [ 114.0380064, 22.5316468 ] } },
{ "type": "Feature", "properties": { "osmid": 1491845427, "y": 22.5346506, "x": 114.0439437, "street_count": 5, "highway": null, "ref": null }, "geometry": { "type": "Point", "coordinates": [ 114.0439437, 22.5346506 ] } },
{ "type": "Feature", "properties": { "osmid": 1491845432, "y": 22.5346902, "x": 114.0447821, "street_count": 3, "highway": null, "ref": null }, "geometry": { "type": "Point", "coordinates": [ 114.0447821, 22.5346902 ] } },
{ "type": "Feature", "properties": { "osmid": 1491845437, "y": 22.5347151, "x": 114.044448, "street_count": 3, "highway": null, "ref": null }, "geometry": { "type": "Point", "coordinates": [ 114.044448, 22.5347151 ] } },
{ "type": "Feature", "properties": { "osmid": 1491845491, "y": 22.537851, "x": 114.0443199, "street_count": 3, "highway": null, "ref": null }, "geometry": { "type": "Point", "coordinates": [ 114.0443199, 22.537851 ] } },
{ "type": "Feature", "properties": { "osmid": 1491845495, "y": 22.538222, "x": 114.0443868, "street_count": 3, "highway": null, "ref": null }, "geometry": { "type": "Point", "coordinates": [ 114.0443868, 22.538222 ] } },
{ "type": "Feature", "properties": { "osmid": 1491845594, "y": 22.5416862, "x": 114.0432049, "street_count": 3, "highway": "crossing", "ref": null }, "geometry": { "type": "Point", "coordinates": [ 114.0432049, 22.5416862 ] } },
{ "type": "Feature", "properties": { "osmid": 1491845601, "y": 22.5420897, "x": 114.0411517, "street_count": 3, "highway": null, "ref": null }, "geometry": { "type": "Point", "coordinates": [ 114.0411517, 22.5420897 ] } },
{ "type": "Feature", "properties": { "osmid": 1491845610, "y": 22.5422513, "x": 114.0418044, "street_count": 3, "highway": null, "ref": null }, "geometry": { "type": "Point", "coordinates": [ 114.0418044, 22.5422513 ] } },
{ "type": "Feature", "properties": { "osmid": 1492216295, "y": 22.5111009, "x": 114.0562865, "street_count": 4, "highway": null, "ref": null }, "geometry": { "type": "Point", "coordinates": [ 114.0562865, 22.5111009 ] } },
{ "type": "Feature", "properties": { "osmid": 1492216614, "y": 22.5191139, "x": 114.0706359, "street_count": 1, "highway": null, "ref": null }, "geometry": { "type": "Point", "coordinates": [ 114.0706359, 22.5191139 ] } },
{ "type": "Feature", "properties": { "osmid": 1492216617, "y": 22.5182026, "x": 114.0606319, "street_count": 3, "highway": null, "ref": null }, "geometry": { "type": "Point", "coordinates": [ 114.0606319, 22.5182026 ] } },
{ "type": "Feature", "properties": { "osmid": 1492216669, "y": 22.5191551, "x": 114.0707236, "street_count": 3, "highway": null, "ref": null }, "geometry": { "type": "Point", "coordinates": [ 114.0707236, 22.5191551 ] } },
{ "type": "Feature", "properties": { "osmid": 1492216674, "y": 22.5191979, "x": 114.0633987, "street_count": 5, "highway": null, "ref": null }, "geometry": { "type": "Point", "coordinates": [ 114.0633987, 22.5191979 ] } },
{ "type": "Feature", "properties": { "osmid": 1492216686, "y": 22.5192888, "x": 114.0704734, "street_count": 3, "highway": null, "ref": null }, "geometry": { "type": "Point", "coordinates": [ 114.0704734, 22.5192888 ] } },
{ "type": "Feature", "properties": { "osmid": 1492216714, "y": 22.519419, "x": 114.0709784, "street_count": 4, "highway": null, "ref": null }, "geometry": { "type": "Point", "coordinates": [ 114.0709784, 22.519419 ] } },
{ "type": "Feature", "properties": { "osmid": 1492216750, "y": 22.5196051, "x": 114.0615625, "street_count": 3, "highway": null, "ref": null }, "geometry": { "type": "Point", "coordinates": [ 114.0615625, 22.5196051 ] } },
{ "type": "Feature", "properties": { "osmid": 1492216788, "y": 22.5194607, "x": 114.0627982, "street_count": 3, "highway": null, "ref": null }, "geometry": { "type": "Point", "coordinates": [ 114.0627982, 22.5194607 ] } },
{ "type": "Feature", "properties": { "osmid": 1492216900, "y": 22.5202649, "x": 114.0717822, "street_count": 3, "highway": null, "ref": null }, "geometry": { "type": "Point", "coordinates": [ 114.0717822, 22.5202649 ] } },
{ "type": "Feature", "properties": { "osmid": 1492217234, "y": 22.5278983, "x": 114.0718407, "street_count": 3, "highway": null, "ref": null }, "geometry": { "type": "Point", "coordinates": [ 114.0718407, 22.5278983 ] } },
{ "type": "Feature", "properties": { "osmid": 1699066586, "y": 22.5354534, "x": 114.0789703, "street_count": 3, "highway": null, "ref": null }, "geometry": { "type": "Point", "coordinates": [ 114.0789703, 22.5354534 ] } },
{ "type": "Feature", "properties": { "osmid": 1699066590, "y": 22.5388523, "x": 114.0775701, "street_count": 3, "highway": null, "ref": null }, "geometry": { "type": "Point", "coordinates": [ 114.0775701, 22.5388523 ] } },
{ "type": "Feature", "properties": { "osmid": 1699066608, "y": 22.5344492, "x": 114.0784074, "street_count": 3, "highway": null, "ref": null }, "geometry": { "type": "Point", "coordinates": [ 114.0784074, 22.5344492 ] } },
{ "type": "Feature", "properties": { "osmid": 1722075257, "y": 22.5455919, "x": 114.0803784, "street_count": 4, "highway": null, "ref": null }, "geometry": { "type": "Point", "coordinates": [ 114.0803784, 22.5455919 ] } },
{ "type": "Feature", "properties": { "osmid": 1722075265, "y": 22.5454071, "x": 114.0782891, "street_count": 4, "highway": null, "ref": null }, "geometry": { "type": "Point", "coordinates": [ 114.0782891, 22.5454071 ] } },
{ "type": "Feature", "properties": { "osmid": 1722075267, "y": 22.5470397, "x": 114.0782851, "street_count": 3, "highway": null, "ref": null }, "geometry": { "type": "Point", "coordinates": [ 114.0782851, 22.5470397 ] } },
{ "type": "Feature", "properties": { "osmid": 1783922441, "y": 22.5145675, "x": 114.0376851, "street_count": 3, "highway": null, "ref": null }, "geometry": { "type": "Point", "coordinates": [ 114.0376851, 22.5145675 ] } },
{ "type": "Feature", "properties": { "osmid": 1783922636, "y": 22.5199146, "x": 114.0590416, "street_count": 3, "highway": null, "ref": null }, "geometry": { "type": "Point", "coordinates": [ 114.0590416, 22.5199146 ] } },
{ "type": "Feature", "properties": { "osmid": 1783922639, "y": 22.5200133, "x": 114.0589882, "street_count": 4, "highway": null, "ref": null }, "geometry": { "type": "Point", "coordinates": [ 114.0589882, 22.5200133 ] } },
{ "type": "Feature", "properties": { "osmid": 1783922699, "y": 22.5208733, "x": 114.0577715, "street_count": 3, "highway": null, "ref": null }, "geometry": { "type": "Point", "coordinates": [ 114.0577715, 22.5208733 ] } },
{ "type": "Feature", "properties": { "osmid": 1783922701, "y": 22.5209811, "x": 114.0588986, "street_count": 3, "highway": null, "ref": null }, "geometry": { "type": "Point", "coordinates": [ 114.0588986, 22.5209811 ] } },
{ "type": "Feature", "properties": { "osmid": 1783922726, "y": 22.5216309, "x": 114.0589768, "street_count": 3, "highway": null, "ref": null }, "geometry": { "type": "Point", "coordinates": [ 114.0589768, 22.5216309 ] } },
{ "type": "Feature", "properties": { "osmid": 1783922762, "y": 22.5218786, "x": 114.0606957, "street_count": 3, "highway": null, "ref": null }, "geometry": { "type": "Point", "coordinates": [ 114.0606957, 22.5218786 ] } },
{ "type": "Feature", "properties": { "osmid": 1783922791, "y": 22.522317, "x": 114.0583652, "street_count": 3, "highway": null, "ref": null }, "geometry": { "type": "Point", "coordinates": [ 114.0583652, 22.522317 ] } },
{ "type": "Feature", "properties": { "osmid": 1783922795, "y": 22.5223269, "x": 114.0589897, "street_count": 4, "highway": null, "ref": null }, "geometry": { "type": "Point", "coordinates": [ 114.0589897, 22.5223269 ] } },
{ "type": "Feature", "properties": { "osmid": 1783922797, "y": 22.5223281, "x": 114.0594819, "street_count": 3, "highway": null, "ref": null }, "geometry": { "type": "Point", "coordinates": [ 114.0594819, 22.5223281 ] } },
{ "type": "Feature", "properties": { "osmid": 1783922800, "y": 22.522378, "x": 114.0597336, "street_count": 3, "highway": null, "ref": null }, "geometry": { "type": "Point", "coordinates": [ 114.0597336, 22.522378 ] } },
{ "type": "Feature", "properties": { "osmid": 1783922804, "y": 22.5224406, "x": 114.0600497, "street_count": 1, "highway": null, "ref": null }, "geometry": { "type": "Point", "coordinates": [ 114.0600497, 22.5224406 ] } },
{ "type": "Feature", "properties": { "osmid": 1783922822, "y": 22.5225958, "x": 114.0574074, "street_count": 3, "highway": null, "ref": null }, "geometry": { "type": "Point", "coordinates": [ 114.0574074, 22.5225958 ] } },
{ "type": "Feature", "properties": { "osmid": 1783922835, "y": 22.5236098, "x": 114.0592848, "street_count": 3, "highway": null, "ref": null }, "geometry": { "type": "Point", "coordinates": [ 114.0592848, 22.5236098 ] } },
{ "type": "Feature", "properties": { "osmid": 1783922850, "y": 22.5236687, "x": 114.0573606, "street_count": 3, "highway": null, "ref": null }, "geometry": { "type": "Point", "coordinates": [ 114.0573606, 22.5236687 ] } },
{ "type": "Feature", "properties": { "osmid": 1783922854, "y": 22.5237032, "x": 114.0564348, "street_count": 3, "highway": null, "ref": null }, "geometry": { "type": "Point", "coordinates": [ 114.0564348, 22.5237032 ] } },
{ "type": "Feature", "properties": { "osmid": 1783922878, "y": 22.5251719, "x": 114.05842, "street_count": 3, "highway": null, "ref": null }, "geometry": { "type": "Point", "coordinates": [ 114.05842, 22.5251719 ] } },
{ "type": "Feature", "properties": { "osmid": 1783922881, "y": 22.5251838, "x": 114.0588865, "street_count": 1, "highway": null, "ref": null }, "geometry": { "type": "Point", "coordinates": [ 114.0588865, 22.5251838 ] } },
{ "type": "Feature", "properties": { "osmid": 1783922945, "y": 22.5452739, "x": 114.0627015, "street_count": 3, "highway": null, "ref": null }, "geometry": { "type": "Point", "coordinates": [ 114.0627015, 22.5452739 ] } },
{ "type": "Feature", "properties": { "osmid": 1783923055, "y": 22.5461882, "x": 114.0626851, "street_count": 3, "highway": null, "ref": null }, "geometry": { "type": "Point", "coordinates": [ 114.0626851, 22.5461882 ] } },
{ "type": "Feature", "properties": { "osmid": 1812925769, "y": 22.5375667, "x": 114.0640476, "street_count": 3, "highway": null, "ref": null }, "geometry": { "type": "Point", "coordinates": [ 114.0640476, 22.5375667 ] } },
{ "type": "Feature", "properties": { "osmid": 1812925810, "y": 22.5386416, "x": 114.0719284, "street_count": 4, "highway": null, "ref": null }, "geometry": { "type": "Point", "coordinates": [ 114.0719284, 22.5386416 ] } },
{ "type": "Feature", "properties": { "osmid": 1812925887, "y": 22.5402929, "x": 114.0776667, "street_count": 3, "highway": null, "ref": null }, "geometry": { "type": "Point", "coordinates": [ 114.0776667, 22.5402929 ] } },
{ "type": "Feature", "properties": { "osmid": 1812925899, "y": 22.5381088, "x": 114.0655669, "street_count": 3, "highway": null, "ref": null }, "geometry": { "type": "Point", "coordinates": [ 114.0655669, 22.5381088 ] } },
{ "type": "Feature", "properties": { "osmid": 1933843909, "y": 22.5495498, "x": 114.0623257, "street_count": 3, "highway": null, "ref": null }, "geometry": { "type": "Point", "coordinates": [ 114.0623257, 22.5495498 ] } },
{ "type": "Feature", "properties": { "osmid": 1982876353, "y": 22.5342233, "x": 114.0658167, "street_count": 1, "highway": null, "ref": null }, "geometry": { "type": "Point", "coordinates": [ 114.0658167, 22.5342233 ] } },
{ "type": "Feature", "properties": { "osmid": 1982876355, "y": 22.5379887, "x": 114.065618, "street_count": 3, "highway": null, "ref": null }, "geometry": { "type": "Point", "coordinates": [ 114.065618, 22.5379887 ] } },
{ "type": "Feature", "properties": { "osmid": 1982876363, "y": 22.533876, "x": 114.0658162, "street_count": 3, "highway": null, "ref": null }, "geometry": { "type": "Point", "coordinates": [ 114.0658162, 22.533876 ] } },
{ "type": "Feature", "properties": { "osmid": 1982876596, "y": 22.5415255, "x": 114.0671093, "street_count": 1, "highway": null, "ref": null }, "geometry": { "type": "Point", "coordinates": [ 114.0671093, 22.5415255 ] } },
{ "type": "Feature", "properties": { "osmid": 1982876946, "y": 22.5419824, "x": 114.0609776, "street_count": 3, "highway": null, "ref": null }, "geometry": { "type": "Point", "coordinates": [ 114.0609776, 22.5419824 ] } },
{ "type": "Feature", "properties": { "osmid": 1982879348, "y": 22.5374206, "x": 114.0443144, "street_count": 3, "highway": null, "ref": null }, "geometry": { "type": "Point", "coordinates": [ 114.0443144, 22.5374206 ] } },
{ "type": "Feature", "properties": { "osmid": 1982884398, "y": 22.5331889, "x": 114.044611, "street_count": 3, "highway": null, "ref": null }, "geometry": { "type": "Point", "coordinates": [ 114.044611, 22.5331889 ] } },
{ "type": "Feature", "properties": { "osmid": 1982884401, "y": 22.5335706, "x": 114.0446041, "street_count": 3, "highway": null, "ref": null }, "geometry": { "type": "Point", "coordinates": [ 114.0446041, 22.5335706 ] } },
{ "type": "Feature", "properties": { "osmid": 1982884408, "y": 22.5310708, "x": 114.0480712, "street_count": 3, "highway": null, "ref": null }, "geometry": { "type": "Point", "coordinates": [ 114.0480712, 22.5310708 ] } },
{ "type": "Feature", "properties": { "osmid": 1982884409, "y": 22.5310677, "x": 114.0467827, "street_count": 3, "highway": null, "ref": null }, "geometry": { "type": "Point", "coordinates": [ 114.0467827, 22.5310677 ] } },
{ "type": "Feature", "properties": { "osmid": 1982884413, "y": 22.5290041, "x": 114.0484733, "street_count": 3, "highway": null, "ref": null }, "geometry": { "type": "Point", "coordinates": [ 114.0484733, 22.5290041 ] } },
{ "type": "Feature", "properties": { "osmid": 1982884415, "y": 22.5242652, "x": 114.0541168, "street_count": 3, "highway": null, "ref": null }, "geometry": { "type": "Point", "coordinates": [ 114.0541168, 22.5242652 ] } },
{ "type": "Feature", "properties": { "osmid": 1992853839, "y": 22.5411661, "x": 114.0786972, "street_count": 3, "highway": null, "ref": null }, "geometry": { "type": "Point", "coordinates": [ 114.0786972, 22.5411661 ] } },
{ "type": "Feature", "properties": { "osmid": 1992853845, "y": 22.5411258, "x": 114.0770128, "street_count": 1, "highway": null, "ref": null }, "geometry": { "type": "Point", "coordinates": [ 114.0770128, 22.5411258 ] } },
{ "type": "Feature", "properties": { "osmid": 1992853849, "y": 22.5429486, "x": 114.0748689, "street_count": 3, "highway": null, "ref": null }, "geometry": { "type": "Point", "coordinates": [ 114.0748689, 22.5429486 ] } },
{ "type": "Feature", "properties": { "osmid": 2042400913, "y": 22.5277304, "x": 114.0352104, "street_count": 4, "highway": "traffic_signals", "ref": null }, "geometry": { "type": "Point", "coordinates": [ 114.0352104, 22.5277304 ] } },
{ "type": "Feature", "properties": { "osmid": 2042400915, "y": 22.5293775, "x": 114.0372229, "street_count": 3, "highway": null, "ref": null }, "geometry": { "type": "Point", "coordinates": [ 114.0372229, 22.5293775 ] } },
{ "type": "Feature", "properties": { "osmid": 2042400917, "y": 22.5256063, "x": 114.0339349, "street_count": 3, "highway": null, "ref": null }, "geometry": { "type": "Point", "coordinates": [ 114.0339349, 22.5256063 ] } },
{ "type": "Feature", "properties": { "osmid": 2042400930, "y": 22.5243101, "x": 114.0388935, "street_count": 3, "highway": null, "ref": null }, "geometry": { "type": "Point", "coordinates": [ 114.0388935, 22.5243101 ] } },
{ "type": "Feature", "properties": { "osmid": 2042400935, "y": 22.5228165, "x": 114.0428103, "street_count": 3, "highway": null, "ref": null }, "geometry": { "type": "Point", "coordinates": [ 114.0428103, 22.5228165 ] } },
{ "type": "Feature", "properties": { "osmid": 2042400943, "y": 22.5259103, "x": 114.0364797, "street_count": 4, "highway": null, "ref": null }, "geometry": { "type": "Point", "coordinates": [ 114.0364797, 22.5259103 ] } },
{ "type": "Feature", "properties": { "osmid": 2042407636, "y": 22.5177522, "x": 114.0419238, "street_count": 3, "highway": null, "ref": null }, "geometry": { "type": "Point", "coordinates": [ 114.0419238, 22.5177522 ] } },
{ "type": "Feature", "properties": { "osmid": 2042407638, "y": 22.5249511, "x": 114.0415564, "street_count": 3, "highway": null, "ref": null }, "geometry": { "type": "Point", "coordinates": [ 114.0415564, 22.5249511 ] } },
{ "type": "Feature", "properties": { "osmid": 2042407645, "y": 22.5236047, "x": 114.0411903, "street_count": 4, "highway": null, "ref": null }, "geometry": { "type": "Point", "coordinates": [ 114.0411903, 22.5236047 ] } },
{ "type": "Feature", "properties": { "osmid": 2042407651, "y": 22.52115, "x": 114.0417641, "street_count": 4, "highway": null, "ref": null }, "geometry": { "type": "Point", "coordinates": [ 114.0417641, 22.52115 ] } },
{ "type": "Feature", "properties": { "osmid": 2042407660, "y": 22.5210889, "x": 114.0418752, "street_count": 4, "highway": null, "ref": null }, "geometry": { "type": "Point", "coordinates": [ 114.0418752, 22.5210889 ] } },
{ "type": "Feature", "properties": { "osmid": 2042407662, "y": 22.5203027, "x": 114.0433033, "street_count": 3, "highway": null, "ref": null }, "geometry": { "type": "Point", "coordinates": [ 114.0433033, 22.5203027 ] } },
{ "type": "Feature", "properties": { "osmid": 2042441665, "y": 22.5261525, "x": 114.0413397, "street_count": 3, "highway": null, "ref": null }, "geometry": { "type": "Point", "coordinates": [ 114.0413397, 22.5261525 ] } },
{ "type": "Feature", "properties": { "osmid": 2042441671, "y": 22.5268583, "x": 114.0347229, "street_count": 3, "highway": null, "ref": null }, "geometry": { "type": "Point", "coordinates": [ 114.0347229, 22.5268583 ] } },
{ "type": "Feature", "properties": { "osmid": 2044316564, "y": 22.5395383, "x": 114.0533205, "street_count": 3, "highway": null, "ref": null }, "geometry": { "type": "Point", "coordinates": [ 114.0533205, 22.5395383 ] } },
{ "type": "Feature", "properties": { "osmid": 2268752831, "y": 22.5123039, "x": 114.0541177, "street_count": 4, "highway": null, "ref": null }, "geometry": { "type": "Point", "coordinates": [ 114.0541177, 22.5123039 ] } },
{ "type": "Feature", "properties": { "osmid": 2268752972, "y": 22.5129655, "x": 114.0559469, "street_count": 3, "highway": null, "ref": null }, "geometry": { "type": "Point", "coordinates": [ 114.0559469, 22.5129655 ] } },
{ "type": "Feature", "properties": { "osmid": 2268753016, "y": 22.5117831, "x": 114.052904, "street_count": 3, "highway": null, "ref": null }, "geometry": { "type": "Point", "coordinates": [ 114.052904, 22.5117831 ] } },
{ "type": "Feature", "properties": { "osmid": 2268825364, "y": 22.5181799, "x": 114.0530238, "street_count": 3, "highway": null, "ref": null }, "geometry": { "type": "Point", "coordinates": [ 114.0530238, 22.5181799 ] } },
{ "type": "Feature", "properties": { "osmid": 2268825369, "y": 22.5158089, "x": 114.0557055, "street_count": 3, "highway": null, "ref": null }, "geometry": { "type": "Point", "coordinates": [ 114.0557055, 22.5158089 ] } },
{ "type": "Feature", "properties": { "osmid": 2268825372, "y": 22.5164378, "x": 114.053146, "street_count": 3, "highway": null, "ref": null }, "geometry": { "type": "Point", "coordinates": [ 114.053146, 22.5164378 ] } },
{ "type": "Feature", "properties": { "osmid": 2268995250, "y": 22.5299591, "x": 114.0480836, "street_count": 3, "highway": null, "ref": null }, "geometry": { "type": "Point", "coordinates": [ 114.0480836, 22.5299591 ] } },
{ "type": "Feature", "properties": { "osmid": 2268995259, "y": 22.529972, "x": 114.0495375, "street_count": 3, "highway": null, "ref": null }, "geometry": { "type": "Point", "coordinates": [ 114.0495375, 22.529972 ] } },
{ "type": "Feature", "properties": { "osmid": 2268995262, "y": 22.5241764, "x": 114.0458403, "street_count": 3, "highway": null, "ref": null }, "geometry": { "type": "Point", "coordinates": [ 114.0458403, 22.5241764 ] } },
{ "type": "Feature", "properties": { "osmid": 2268995266, "y": 22.5300756, "x": 114.0503923, "street_count": 3, "highway": null, "ref": null }, "geometry": { "type": "Point", "coordinates": [ 114.0503923, 22.5300756 ] } },
{ "type": "Feature", "properties": { "osmid": 2268995297, "y": 22.5244719, "x": 114.0467206, "street_count": 3, "highway": null, "ref": null }, "geometry": { "type": "Point", "coordinates": [ 114.0467206, 22.5244719 ] } },
{ "type": "Feature", "properties": { "osmid": 2268995301, "y": 22.5238236, "x": 114.044786, "street_count": 3, "highway": null, "ref": null }, "geometry": { "type": "Point", "coordinates": [ 114.044786, 22.5238236 ] } },
{ "type": "Feature", "properties": { "osmid": 2269569877, "y": 22.5205156, "x": 114.0379865, "street_count": 3, "highway": null, "ref": null }, "geometry": { "type": "Point", "coordinates": [ 114.0379865, 22.5205156 ] } },
{ "type": "Feature", "properties": { "osmid": 2269569885, "y": 22.5201254, "x": 114.0387083, "street_count": 3, "highway": null, "ref": null }, "geometry": { "type": "Point", "coordinates": [ 114.0387083, 22.5201254 ] } },
{ "type": "Feature", "properties": { "osmid": 2269570039, "y": 22.5227111, "x": 114.033229, "street_count": 3, "highway": null, "ref": null }, "geometry": { "type": "Point", "coordinates": [ 114.033229, 22.5227111 ] } },
{ "type": "Feature", "properties": { "osmid": 2269570366, "y": 22.5203556, "x": 114.034988, "street_count": 3, "highway": null, "ref": null }, "geometry": { "type": "Point", "coordinates": [ 114.034988, 22.5203556 ] } },
{ "type": "Feature", "properties": { "osmid": 2269570697, "y": 22.5218152, "x": 114.0348121, "street_count": 3, "highway": null, "ref": null }, "geometry": { "type": "Point", "coordinates": [ 114.0348121, 22.5218152 ] } },
{ "type": "Feature", "properties": { "osmid": 2269570871, "y": 22.5211005, "x": 114.0347542, "street_count": 3, "highway": null, "ref": null }, "geometry": { "type": "Point", "coordinates": [ 114.0347542, 22.5211005 ] } },
{ "type": "Feature", "properties": { "osmid": 2269583662, "y": 22.5191764, "x": 114.0346152, "street_count": 3, "highway": null, "ref": null }, "geometry": { "type": "Point", "coordinates": [ 114.0346152, 22.5191764 ] } },
{ "type": "Feature", "properties": { "osmid": 2269583663, "y": 22.5227261, "x": 114.0361949, "street_count": 3, "highway": null, "ref": null }, "geometry": { "type": "Point", "coordinates": [ 114.0361949, 22.5227261 ] } },
{ "type": "Feature", "properties": { "osmid": 2269583674, "y": 22.5186126, "x": 114.0337518, "street_count": 3, "highway": null, "ref": null }, "geometry": { "type": "Point", "coordinates": [ 114.0337518, 22.5186126 ] } },
{ "type": "Feature", "properties": { "osmid": 2269583676, "y": 22.521862, "x": 114.0348802, "street_count": 3, "highway": null, "ref": null }, "geometry": { "type": "Point", "coordinates": [ 114.0348802, 22.521862 ] } },
{ "type": "Feature", "properties": { "osmid": 2269583677, "y": 22.5223839, "x": 114.0330318, "street_count": 3, "highway": null, "ref": null }, "geometry": { "type": "Point", "coordinates": [ 114.0330318, 22.5223839 ] } },
{ "type": "Feature", "properties": { "osmid": 2269583678, "y": 22.5201789, "x": 114.0345796, "street_count": 3, "highway": null, "ref": null }, "geometry": { "type": "Point", "coordinates": [ 114.0345796, 22.5201789 ] } },
{ "type": "Feature", "properties": { "osmid": 2319202434, "y": 22.5476634, "x": 114.0678271, "street_count": 4, "highway": null, "ref": null }, "geometry": { "type": "Point", "coordinates": [ 114.0678271, 22.5476634 ] } },
{ "type": "Feature", "properties": { "osmid": 2319202440, "y": 22.5475939, "x": 114.0628251, "street_count": 4, "highway": null, "ref": null }, "geometry": { "type": "Point", "coordinates": [ 114.0628251, 22.5475939 ] } },
{ "type": "Feature", "properties": { "osmid": 2319202446, "y": 22.5470516, "x": 114.0760358, "street_count": 4, "highway": null, "ref": null }, "geometry": { "type": "Point", "coordinates": [ 114.0760358, 22.5470516 ] } },
{ "type": "Feature", "properties": { "osmid": 2323527344, "y": 22.5264821, "x": 114.0271351, "street_count": 3, "highway": null, "ref": null }, "geometry": { "type": "Point", "coordinates": [ 114.0271351, 22.5264821 ] } },
{ "type": "Feature", "properties": { "osmid": 2323527539, "y": 22.5248887, "x": 114.029285, "street_count": 1, "highway": null, "ref": null }, "geometry": { "type": "Point", "coordinates": [ 114.029285, 22.5248887 ] } },
{ "type": "Feature", "properties": { "osmid": 2324186905, "y": 22.5417603, "x": 114.0760125, "street_count": 3, "highway": null, "ref": null }, "geometry": { "type": "Point", "coordinates": [ 114.0760125, 22.5417603 ] } },
{ "type": "Feature", "properties": { "osmid": 2324186961, "y": 22.5435833, "x": 114.0760989, "street_count": 3, "highway": null, "ref": null }, "geometry": { "type": "Point", "coordinates": [ 114.0760989, 22.5435833 ] } },
{ "type": "Feature", "properties": { "osmid": 2327294743, "y": 22.5504527, "x": 114.0774708, "street_count": 4, "highway": null, "ref": null }, "geometry": { "type": "Point", "coordinates": [ 114.0774708, 22.5504527 ] } },
{ "type": "Feature", "properties": { "osmid": 2327294747, "y": 22.5504642, "x": 114.078502, "street_count": 4, "highway": null, "ref": null }, "geometry": { "type": "Point", "coordinates": [ 114.078502, 22.5504642 ] } },
{ "type": "Feature", "properties": { "osmid": 2367560889, "y": 22.5488522, "x": 114.0643662, "street_count": 3, "highway": null, "ref": null }, "geometry": { "type": "Point", "coordinates": [ 114.0643662, 22.5488522 ] } },
{ "type": "Feature", "properties": { "osmid": 2367560891, "y": 22.5475926, "x": 114.0626598, "street_count": 4, "highway": null, "ref": null }, "geometry": { "type": "Point", "coordinates": [ 114.0626598, 22.5475926 ] } },
{ "type": "Feature", "properties": { "osmid": 2367560900, "y": 22.5506234, "x": 114.064562, "street_count": 3, "highway": null, "ref": null }, "geometry": { "type": "Point", "coordinates": [ 114.064562, 22.5506234 ] } },
{ "type": "Feature", "properties": { "osmid": 2367560907, "y": 22.5500956, "x": 114.0631142, "street_count": 3, "highway": null, "ref": null }, "geometry": { "type": "Point", "coordinates": [ 114.0631142, 22.5500956 ] } },
{ "type": "Feature", "properties": { "osmid": 2367560911, "y": 22.5499075, "x": 114.0645754, "street_count": 3, "highway": null, "ref": null }, "geometry": { "type": "Point", "coordinates": [ 114.0645754, 22.5499075 ] } },
{ "type": "Feature", "properties": { "osmid": 2367560914, "y": 22.5450664, "x": 114.0662433, "street_count": 3, "highway": null, "ref": null }, "geometry": { "type": "Point", "coordinates": [ 114.0662433, 22.5450664 ] } },
{ "type": "Feature", "properties": { "osmid": 2367560918, "y": 22.5488818, "x": 114.0652769, "street_count": 1, "highway": null, "ref": null }, "geometry": { "type": "Point", "coordinates": [ 114.0652769, 22.5488818 ] } },
{ "type": "Feature", "properties": { "osmid": 2367560919, "y": 22.5493204, "x": 114.0662035, "street_count": 1, "highway": null, "ref": null }, "geometry": { "type": "Point", "coordinates": [ 114.0662035, 22.5493204 ] } },
{ "type": "Feature", "properties": { "osmid": 2367560920, "y": 22.548966, "x": 114.0648236, "street_count": 1, "highway": null, "ref": null }, "geometry": { "type": "Point", "coordinates": [ 114.0648236, 22.548966 ] } },
{ "type": "Feature", "properties": { "osmid": 2367560936, "y": 22.5480579, "x": 114.0645628, "street_count": 3, "highway": null, "ref": null }, "geometry": { "type": "Point", "coordinates": [ 114.0645628, 22.5480579 ] } },
{ "type": "Feature", "properties": { "osmid": 2367560939, "y": 22.5507393, "x": 114.0662829, "street_count": 3, "highway": null, "ref": null }, "geometry": { "type": "Point", "coordinates": [ 114.0662829, 22.5507393 ] } },
{ "type": "Feature", "properties": { "osmid": 2367560940, "y": 22.5487432, "x": 114.0631257, "street_count": 3, "highway": null, "ref": null }, "geometry": { "type": "Point", "coordinates": [ 114.0631257, 22.5487432 ] } },
{ "type": "Feature", "properties": { "osmid": 2367560943, "y": 22.5478985, "x": 114.0646022, "street_count": 3, "highway": null, "ref": null }, "geometry": { "type": "Point", "coordinates": [ 114.0646022, 22.5478985 ] } },
{ "type": "Feature", "properties": { "osmid": 2367560945, "y": 22.5481882, "x": 114.0668406, "street_count": 1, "highway": null, "ref": null }, "geometry": { "type": "Point", "coordinates": [ 114.0668406, 22.5481882 ] } },
{ "type": "Feature", "properties": { "osmid": 2367560947, "y": 22.5481585, "x": 114.066032, "street_count": 4, "highway": null, "ref": null }, "geometry": { "type": "Point", "coordinates": [ 114.066032, 22.5481585 ] } },
{ "type": "Feature", "properties": { "osmid": 2367574745, "y": 22.5446324, "x": 114.0713762, "street_count": 3, "highway": null, "ref": null }, "geometry": { "type": "Point", "coordinates": [ 114.0713762, 22.5446324 ] } },
{ "type": "Feature", "properties": { "osmid": 2367574746, "y": 22.5457223, "x": 114.0707919, "street_count": 4, "highway": null, "ref": null }, "geometry": { "type": "Point", "coordinates": [ 114.0707919, 22.5457223 ] } },
{ "type": "Feature", "properties": { "osmid": 2367574747, "y": 22.544532, "x": 114.0638455, "street_count": 1, "highway": null, "ref": null }, "geometry": { "type": "Point", "coordinates": [ 114.0638455, 22.544532 ] } },
{ "type": "Feature", "properties": { "osmid": 2367574749, "y": 22.5478833, "x": 114.0697043, "street_count": 3, "highway": null, "ref": null }, "geometry": { "type": "Point", "coordinates": [ 114.0697043, 22.5478833 ] } },
{ "type": "Feature", "properties": { "osmid": 2367574751, "y": 22.5453988, "x": 114.0638471, "street_count": 3, "highway": null, "ref": null }, "geometry": { "type": "Point", "coordinates": [ 114.0638471, 22.5453988 ] } },
{ "type": "Feature", "properties": { "osmid": 2367574753, "y": 22.5438011, "x": 114.0718327, "street_count": 3, "highway": null, "ref": null }, "geometry": { "type": "Point", "coordinates": [ 114.0718327, 22.5438011 ] } },
{ "type": "Feature", "properties": { "osmid": 2367574754, "y": 22.5452387, "x": 114.0719619, "street_count": 3, "highway": null, "ref": null }, "geometry": { "type": "Point", "coordinates": [ 114.0719619, 22.5452387 ] } },
{ "type": "Feature", "properties": { "osmid": 2367574755, "y": 22.5454003, "x": 114.0644293, "street_count": 3, "highway": null, "ref": null }, "geometry": { "type": "Point", "coordinates": [ 114.0644293, 22.5454003 ] } },
{ "type": "Feature", "properties": { "osmid": 2367574768, "y": 22.5458598, "x": 114.0697532, "street_count": 4, "highway": null, "ref": null }, "geometry": { "type": "Point", "coordinates": [ 114.0697532, 22.5458598 ] } },
{ "type": "Feature", "properties": { "osmid": 2367574770, "y": 22.5458558, "x": 114.0704851, "street_count": 3, "highway": null, "ref": null }, "geometry": { "type": "Point", "coordinates": [ 114.0704851, 22.5458558 ] } },
{ "type": "Feature", "properties": { "osmid": 2367574772, "y": 22.5450925, "x": 114.0724374, "street_count": 3, "highway": null, "ref": null }, "geometry": { "type": "Point", "coordinates": [ 114.0724374, 22.5450925 ] } },
{ "type": "Feature", "properties": { "osmid": 2367574781, "y": 22.5457826, "x": 114.0709443, "street_count": 4, "highway": null, "ref": null }, "geometry": { "type": "Point", "coordinates": [ 114.0709443, 22.5457826 ] } },
{ "type": "Feature", "properties": { "osmid": 2367574785, "y": 22.5449006, "x": 114.0721145, "street_count": 3, "highway": null, "ref": null }, "geometry": { "type": "Point", "coordinates": [ 114.0721145, 22.5449006 ] } },
{ "type": "Feature", "properties": { "osmid": 2367574786, "y": 22.5455946, "x": 114.0709644, "street_count": 4, "highway": null, "ref": null }, "geometry": { "type": "Point", "coordinates": [ 114.0709644, 22.5455946 ] } },
{ "type": "Feature", "properties": { "osmid": 2367574790, "y": 22.5439534, "x": 114.0717412, "street_count": 3, "highway": null, "ref": null }, "geometry": { "type": "Point", "coordinates": [ 114.0717412, 22.5439534 ] } },
{ "type": "Feature", "properties": { "osmid": 2367574792, "y": 22.5458343, "x": 114.0680691, "street_count": 3, "highway": null, "ref": null }, "geometry": { "type": "Point", "coordinates": [ 114.0680691, 22.5458343 ] } },
{ "type": "Feature", "properties": { "osmid": 2367574793, "y": 22.5472578, "x": 114.0646082, "street_count": 3, "highway": null, "ref": null }, "geometry": { "type": "Point", "coordinates": [ 114.0646082, 22.5472578 ] } },
{ "type": "Feature", "properties": { "osmid": 2367574794, "y": 22.545637, "x": 114.0717731, "street_count": 3, "highway": null, "ref": null }, "geometry": { "type": "Point", "coordinates": [ 114.0717731, 22.545637 ] } },
{ "type": "Feature", "properties": { "osmid": 2367574802, "y": 22.5449753, "x": 114.0712273, "street_count": 3, "highway": null, "ref": null }, "geometry": { "type": "Point", "coordinates": [ 114.0712273, 22.5449753 ] } },
{ "type": "Feature", "properties": { "osmid": 2367574804, "y": 22.5479143, "x": 114.0723006, "street_count": 3, "highway": null, "ref": null }, "geometry": { "type": "Point", "coordinates": [ 114.0723006, 22.5479143 ] } },
{ "type": "Feature", "properties": { "osmid": 2367574808, "y": 22.5458717, "x": 114.0708386, "street_count": 4, "highway": null, "ref": null }, "geometry": { "type": "Point", "coordinates": [ 114.0708386, 22.5458717 ] } },
{ "type": "Feature", "properties": { "osmid": 2367574809, "y": 22.5468537, "x": 114.0662056, "street_count": 3, "highway": null, "ref": null }, "geometry": { "type": "Point", "coordinates": [ 114.0662056, 22.5468537 ] } },
{ "type": "Feature", "properties": { "osmid": 2367574810, "y": 22.5468382, "x": 114.0646217, "street_count": 3, "highway": null, "ref": null }, "geometry": { "type": "Point", "coordinates": [ 114.0646217, 22.5468382 ] } },
{ "type": "Feature", "properties": { "osmid": 2367574813, "y": 22.5439919, "x": 114.0644332, "street_count": 1, "highway": null, "ref": null }, "geometry": { "type": "Point", "coordinates": [ 114.0644332, 22.5439919 ] } },
{ "type": "Feature", "properties": { "osmid": 2367574815, "y": 22.5449982, "x": 114.0724129, "street_count": 3, "highway": null, "ref": null }, "geometry": { "type": "Point", "coordinates": [ 114.0724129, 22.5449982 ] } },
{ "type": "Feature", "properties": { "osmid": 2367574817, "y": 22.5458474, "x": 114.0726435, "street_count": 1, "highway": null, "ref": null }, "geometry": { "type": "Point", "coordinates": [ 114.0726435, 22.5458474 ] } },
{ "type": "Feature", "properties": { "osmid": 2367574818, "y": 22.5466326, "x": 114.0646276, "street_count": 3, "highway": null, "ref": null }, "geometry": { "type": "Point", "coordinates": [ 114.0646276, 22.5466326 ] } },
{ "type": "Feature", "properties": { "osmid": 2367574822, "y": 22.5458771, "x": 114.0710382, "street_count": 3, "highway": null, "ref": null }, "geometry": { "type": "Point", "coordinates": [ 114.0710382, 22.5458771 ] } },
{ "type": "Feature", "properties": { "osmid": 2367574828, "y": 22.5453961, "x": 114.0628641, "street_count": 3, "highway": null, "ref": null }, "geometry": { "type": "Point", "coordinates": [ 114.0628641, 22.5453961 ] } },
{ "type": "Feature", "properties": { "osmid": 2376737480, "y": 22.5276235, "x": 114.0619352, "street_count": 3, "highway": null, "ref": null }, "geometry": { "type": "Point", "coordinates": [ 114.0619352, 22.5276235 ] } },
{ "type": "Feature", "properties": { "osmid": 2376737497, "y": 22.5268297, "x": 114.0616787, "street_count": 3, "highway": null, "ref": null }, "geometry": { "type": "Point", "coordinates": [ 114.0616787, 22.5268297 ] } },
{ "type": "Feature", "properties": { "osmid": 2376751183, "y": 22.5248418, "x": 114.0611516, "street_count": 3, "highway": null, "ref": null }, "geometry": { "type": "Point", "coordinates": [ 114.0611516, 22.5248418 ] } },
{ "type": "Feature", "properties": { "osmid": 2380017690, "y": 22.5260637, "x": 114.0664082, "street_count": 4, "highway": null, "ref": null }, "geometry": { "type": "Point", "coordinates": [ 114.0664082, 22.5260637 ] } },
{ "type": "Feature", "properties": { "osmid": 2380017692, "y": 22.5287541, "x": 114.0658675, "street_count": 1, "highway": null, "ref": null }, "geometry": { "type": "Point", "coordinates": [ 114.0658675, 22.5287541 ] } },
{ "type": "Feature", "properties": { "osmid": 2380017696, "y": 22.5287649, "x": 114.0673741, "street_count": 4, "highway": null, "ref": null }, "geometry": { "type": "Point", "coordinates": [ 114.0673741, 22.5287649 ] } },
{ "type": "Feature", "properties": { "osmid": 2380017739, "y": 22.5201979, "x": 114.0621333, "street_count": 3, "highway": null, "ref": null }, "geometry": { "type": "Point", "coordinates": [ 114.0621333, 22.5201979 ] } },
{ "type": "Feature", "properties": { "osmid": 2380017781, "y": 22.5261226, "x": 114.0662527, "street_count": 4, "highway": null, "ref": null }, "geometry": { "type": "Point", "coordinates": [ 114.0662527, 22.5261226 ] } },
{ "type": "Feature", "properties": { "osmid": 2399021795, "y": 22.5219155, "x": 114.0313953, "street_count": 3, "highway": null, "ref": null }, "geometry": { "type": "Point", "coordinates": [ 114.0313953, 22.5219155 ] } },
{ "type": "Feature", "properties": { "osmid": 2399021821, "y": 22.5217888, "x": 114.0312859, "street_count": 3, "highway": null, "ref": null }, "geometry": { "type": "Point", "coordinates": [ 114.0312859, 22.5217888 ] } },
{ "type": "Feature", "properties": { "osmid": 2399021823, "y": 22.5218003, "x": 114.0314074, "street_count": 3, "highway": null, "ref": null }, "geometry": { "type": "Point", "coordinates": [ 114.0314074, 22.5218003 ] } },
{ "type": "Feature", "properties": { "osmid": 2399021838, "y": 22.5219011, "x": 114.0312701, "street_count": 3, "highway": null, "ref": null }, "geometry": { "type": "Point", "coordinates": [ 114.0312701, 22.5219011 ] } },
{ "type": "Feature", "properties": { "osmid": 2399038433, "y": 22.5209001, "x": 114.033401, "street_count": 4, "highway": null, "ref": null }, "geometry": { "type": "Point", "coordinates": [ 114.033401, 22.5209001 ] } },
{ "type": "Feature", "properties": { "osmid": 2399038434, "y": 22.5202741, "x": 114.03383, "street_count": 4, "highway": null, "ref": null }, "geometry": { "type": "Point", "coordinates": [ 114.03383, 22.5202741 ] } },
{ "type": "Feature", "properties": { "osmid": 2399038436, "y": 22.5221326, "x": 114.0325106, "street_count": 1, "highway": null, "ref": null }, "geometry": { "type": "Point", "coordinates": [ 114.0325106, 22.5221326 ] } },
{ "type": "Feature", "properties": { "osmid": 2399038438, "y": 22.5215166, "x": 114.0329632, "street_count": 4, "highway": null, "ref": null }, "geometry": { "type": "Point", "coordinates": [ 114.0329632, 22.5215166 ] } },
{ "type": "Feature", "properties": { "osmid": 2399038444, "y": 22.5209397, "x": 114.0320415, "street_count": 3, "highway": null, "ref": null }, "geometry": { "type": "Point", "coordinates": [ 114.0320415, 22.5209397 ] } },
{ "type": "Feature", "properties": { "osmid": 2399038447, "y": 22.5194806, "x": 114.0362543, "street_count": 5, "highway": null, "ref": null }, "geometry": { "type": "Point", "coordinates": [ 114.0362543, 22.5194806 ] } },
{ "type": "Feature", "properties": { "osmid": 2399038449, "y": 22.5217073, "x": 114.0300714, "street_count": 1, "highway": null, "ref": null }, "geometry": { "type": "Point", "coordinates": [ 114.0300714, 22.5217073 ] } },
{ "type": "Feature", "properties": { "osmid": 2399038450, "y": 22.5219155, "x": 114.0302189, "street_count": 1, "highway": null, "ref": null }, "geometry": { "type": "Point", "coordinates": [ 114.0302189, 22.5219155 ] } },
{ "type": "Feature", "properties": { "osmid": 2399038451, "y": 22.521349, "x": 114.0307048, "street_count": 3, "highway": null, "ref": null }, "geometry": { "type": "Point", "coordinates": [ 114.0307048, 22.521349 ] } },
{ "type": "Feature", "properties": { "osmid": 2399038454, "y": 22.5192755, "x": 114.0322017, "street_count": 3, "highway": null, "ref": null }, "geometry": { "type": "Point", "coordinates": [ 114.0322017, 22.5192755 ] } },
{ "type": "Feature", "properties": { "osmid": 2399038461, "y": 22.5198892, "x": 114.0317568, "street_count": 3, "highway": null, "ref": null }, "geometry": { "type": "Point", "coordinates": [ 114.0317568, 22.5198892 ] } },
{ "type": "Feature", "properties": { "osmid": 2399038469, "y": 22.5218139, "x": 114.0334386, "street_count": 3, "highway": null, "ref": null }, "geometry": { "type": "Point", "coordinates": [ 114.0334386, 22.5218139 ] } },
{ "type": "Feature", "properties": { "osmid": 2399038473, "y": 22.5224001, "x": 114.0319831, "street_count": 3, "highway": null, "ref": null }, "geometry": { "type": "Point", "coordinates": [ 114.0319831, 22.5224001 ] } },
{ "type": "Feature", "properties": { "osmid": 2399038474, "y": 22.5213621, "x": 114.0327162, "street_count": 4, "highway": null, "ref": null }, "geometry": { "type": "Point", "coordinates": [ 114.0327162, 22.5213621 ] } },
{ "type": "Feature", "properties": { "osmid": 2399038475, "y": 22.5212044, "x": 114.033881, "street_count": 3, "highway": null, "ref": null }, "geometry": { "type": "Point", "coordinates": [ 114.033881, 22.5212044 ] } },
{ "type": "Feature", "properties": { "osmid": 2399038476, "y": 22.5197205, "x": 114.0329273, "street_count": 4, "highway": null, "ref": null }, "geometry": { "type": "Point", "coordinates": [ 114.0329273, 22.5197205 ] } },
{ "type": "Feature", "properties": { "osmid": 2399038480, "y": 22.5207535, "x": 114.0331697, "street_count": 4, "highway": null, "ref": null }, "geometry": { "type": "Point", "coordinates": [ 114.0331697, 22.5207535 ] } },
{ "type": "Feature", "properties": { "osmid": 2399038481, "y": 22.520135, "x": 114.0336032, "street_count": 4, "highway": null, "ref": null }, "geometry": { "type": "Point", "coordinates": [ 114.0336032, 22.520135 ] } },
{ "type": "Feature", "properties": { "osmid": 2399038483, "y": 22.5203121, "x": 114.0324678, "street_count": 4, "highway": null, "ref": null }, "geometry": { "type": "Point", "coordinates": [ 114.0324678, 22.5203121 ] } },
{ "type": "Feature", "properties": { "osmid": 2399038485, "y": 22.5200912, "x": 114.0371527, "street_count": 3, "highway": null, "ref": null }, "geometry": { "type": "Point", "coordinates": [ 114.0371527, 22.5200912 ] } },
{ "type": "Feature", "properties": { "osmid": 2399038487, "y": 22.5189974, "x": 114.0344281, "street_count": 3, "highway": null, "ref": null }, "geometry": { "type": "Point", "coordinates": [ 114.0344281, 22.5189974 ] } },
{ "type": "Feature", "properties": { "osmid": 2399038489, "y": 22.5205618, "x": 114.0342989, "street_count": 3, "highway": null, "ref": null }, "geometry": { "type": "Point", "coordinates": [ 114.0342989, 22.5205618 ] } },
{ "type": "Feature", "properties": { "osmid": 2399038492, "y": 22.5182707, "x": 114.033509, "street_count": 3, "highway": null, "ref": null }, "geometry": { "type": "Point", "coordinates": [ 114.033509, 22.5182707 ] } },
{ "type": "Feature", "properties": { "osmid": 2458982112, "y": 22.5287903, "x": 114.0513521, "street_count": 3, "highway": null, "ref": null }, "geometry": { "type": "Point", "coordinates": [ 114.0513521, 22.5287903 ] } },
{ "type": "Feature", "properties": { "osmid": 2459078139, "y": 22.5193918, "x": 114.0641284, "street_count": 3, "highway": null, "ref": null }, "geometry": { "type": "Point", "coordinates": [ 114.0641284, 22.5193918 ] } },
{ "type": "Feature", "properties": { "osmid": 2459078153, "y": 22.5196284, "x": 114.0638881, "street_count": 3, "highway": null, "ref": null }, "geometry": { "type": "Point", "coordinates": [ 114.0638881, 22.5196284 ] } },
{ "type": "Feature", "properties": { "osmid": 2459094273, "y": 22.516211, "x": 114.0599586, "street_count": 3, "highway": null, "ref": null }, "geometry": { "type": "Point", "coordinates": [ 114.0599586, 22.516211 ] } },
{ "type": "Feature", "properties": { "osmid": 2459094324, "y": 22.5143376, "x": 114.0584527, "street_count": 3, "highway": null, "ref": null }, "geometry": { "type": "Point", "coordinates": [ 114.0584527, 22.5143376 ] } },
{ "type": "Feature", "properties": { "osmid": 2488193951, "y": 22.5409664, "x": 114.0477596, "street_count": 4, "highway": null, "ref": null }, "geometry": { "type": "Point", "coordinates": [ 114.0477596, 22.5409664 ] } },
{ "type": "Feature", "properties": { "osmid": 2491091193, "y": 22.5337603, "x": 114.0514029, "street_count": 3, "highway": null, "ref": null }, "geometry": { "type": "Point", "coordinates": [ 114.0514029, 22.5337603 ] } },
{ "type": "Feature", "properties": { "osmid": 2491091234, "y": 22.5339888, "x": 114.0629261, "street_count": 3, "highway": null, "ref": null }, "geometry": { "type": "Point", "coordinates": [ 114.0629261, 22.5339888 ] } },
{ "type": "Feature", "properties": { "osmid": 2491099012, "y": 22.5428128, "x": 114.0579697, "street_count": 3, "highway": null, "ref": null }, "geometry": { "type": "Point", "coordinates": [ 114.0579697, 22.5428128 ] } },
{ "type": "Feature", "properties": { "osmid": 2491099022, "y": 22.5430394, "x": 114.0630546, "street_count": 3, "highway": null, "ref": null }, "geometry": { "type": "Point", "coordinates": [ 114.0630546, 22.5430394 ] } },
{ "type": "Feature", "properties": { "osmid": 2491099046, "y": 22.5447164, "x": 114.0578807, "street_count": 3, "highway": null, "ref": null }, "geometry": { "type": "Point", "coordinates": [ 114.0578807, 22.5447164 ] } },
{ "type": "Feature", "properties": { "osmid": 2491099065, "y": 22.5437485, "x": 114.0581567, "street_count": 3, "highway": null, "ref": null }, "geometry": { "type": "Point", "coordinates": [ 114.0581567, 22.5437485 ] } },
{ "type": "Feature", "properties": { "osmid": 2525914418, "y": 22.5408175, "x": 114.0436118, "street_count": 3, "highway": "crossing", "ref": null }, "geometry": { "type": "Point", "coordinates": [ 114.0436118, 22.5408175 ] } },
{ "type": "Feature", "properties": { "osmid": 2525914420, "y": 22.5408251, "x": 114.0451418, "street_count": 3, "highway": null, "ref": null }, "geometry": { "type": "Point", "coordinates": [ 114.0451418, 22.5408251 ] } },
{ "type": "Feature", "properties": { "osmid": 2525989760, "y": 22.5416871, "x": 114.0454513, "street_count": 3, "highway": null, "ref": null }, "geometry": { "type": "Point", "coordinates": [ 114.0454513, 22.5416871 ] } },
{ "type": "Feature", "properties": { "osmid": 2525989776, "y": 22.5440481, "x": 114.0450955, "street_count": 3, "highway": null, "ref": null }, "geometry": { "type": "Point", "coordinates": [ 114.0450955, 22.5440481 ] } },
{ "type": "Feature", "properties": { "osmid": 2525990691, "y": 22.5423289, "x": 114.0454896, "street_count": 3, "highway": null, "ref": null }, "geometry": { "type": "Point", "coordinates": [ 114.0454896, 22.5423289 ] } },
{ "type": "Feature", "properties": { "osmid": 2525990704, "y": 22.5423113, "x": 114.04484, "street_count": 3, "highway": null, "ref": null }, "geometry": { "type": "Point", "coordinates": [ 114.04484, 22.5423113 ] } },
{ "type": "Feature", "properties": { "osmid": 2526007320, "y": 22.5376463, "x": 114.0455058, "street_count": 3, "highway": null, "ref": null }, "geometry": { "type": "Point", "coordinates": [ 114.0455058, 22.5376463 ] } },
{ "type": "Feature", "properties": { "osmid": 2526412027, "y": 22.5409526, "x": 114.0452137, "street_count": 3, "highway": null, "ref": null }, "geometry": { "type": "Point", "coordinates": [ 114.0452137, 22.5409526 ] } },
{ "type": "Feature", "properties": { "osmid": 2526412031, "y": 22.5411145, "x": 114.046657, "street_count": 3, "highway": null, "ref": null }, "geometry": { "type": "Point", "coordinates": [ 114.046657, 22.5411145 ] } },
{ "type": "Feature", "properties": { "osmid": 2526412033, "y": 22.5409567, "x": 114.0469054, "street_count": 3, "highway": null, "ref": null }, "geometry": { "type": "Point", "coordinates": [ 114.0469054, 22.5409567 ] } },
{ "type": "Feature", "properties": { "osmid": 2526412039, "y": 22.5402685, "x": 114.045546, "street_count": 3, "highway": null, "ref": null }, "geometry": { "type": "Point", "coordinates": [ 114.045546, 22.5402685 ] } },
{ "type": "Feature", "properties": { "osmid": 2526412040, "y": 22.540276, "x": 114.0464376, "street_count": 3, "highway": null, "ref": null }, "geometry": { "type": "Point", "coordinates": [ 114.0464376, 22.540276 ] } },
{ "type": "Feature", "properties": { "osmid": 2530035744, "y": 22.5417025, "x": 114.0466522, "street_count": 4, "highway": null, "ref": null }, "geometry": { "type": "Point", "coordinates": [ 114.0466522, 22.5417025 ] } },
{ "type": "Feature", "properties": { "osmid": 2530205713, "y": 22.5347448, "x": 114.0445827, "street_count": 3, "highway": null, "ref": null }, "geometry": { "type": "Point", "coordinates": [ 114.0445827, 22.5347448 ] } },
{ "type": "Feature", "properties": { "osmid": 2530244795, "y": 22.5500833, "x": 114.038264, "street_count": 3, "highway": null, "ref": null }, "geometry": { "type": "Point", "coordinates": [ 114.038264, 22.5500833 ] } },
{ "type": "Feature", "properties": { "osmid": 2530244798, "y": 22.5507285, "x": 114.0370634, "street_count": 4, "highway": null, "ref": null }, "geometry": { "type": "Point", "coordinates": [ 114.0370634, 22.5507285 ] } },
{ "type": "Feature", "properties": { "osmid": 2530277082, "y": 22.5482959, "x": 114.0437281, "street_count": 3, "highway": null, "ref": null }, "geometry": { "type": "Point", "coordinates": [ 114.0437281, 22.5482959 ] } },
{ "type": "Feature", "properties": { "osmid": 2530284924, "y": 22.5403299, "x": 114.0270741, "street_count": 3, "highway": null, "ref": null }, "geometry": { "type": "Point", "coordinates": [ 114.0270741, 22.5403299 ] } },
{ "type": "Feature", "properties": { "osmid": 2530284952, "y": 22.5494559, "x": 114.0430447, "street_count": 1, "highway": null, "ref": null }, "geometry": { "type": "Point", "coordinates": [ 114.0430447, 22.5494559 ] } },
{ "type": "Feature", "properties": { "osmid": 2530284953, "y": 22.542066, "x": 114.0406483, "street_count": 3, "highway": null, "ref": null }, "geometry": { "type": "Point", "coordinates": [ 114.0406483, 22.542066 ] } },
{ "type": "Feature", "properties": { "osmid": 2530284958, "y": 22.5416793, "x": 114.0351124, "street_count": 3, "highway": null, "ref": null }, "geometry": { "type": "Point", "coordinates": [ 114.0351124, 22.5416793 ] } },
{ "type": "Feature", "properties": { "osmid": 2530284961, "y": 22.5489233, "x": 114.0430578, "street_count": 3, "highway": null, "ref": null }, "geometry": { "type": "Point", "coordinates": [ 114.0430578, 22.5489233 ] } },
{ "type": "Feature", "properties": { "osmid": 2530284962, "y": 22.5493278, "x": 114.0424606, "street_count": 1, "highway": null, "ref": null }, "geometry": { "type": "Point", "coordinates": [ 114.0424606, 22.5493278 ] } },
{ "type": "Feature", "properties": { "osmid": 2530287119, "y": 22.5257674, "x": 114.0515471, "street_count": 4, "highway": null, "ref": null }, "geometry": { "type": "Point", "coordinates": [ 114.0515471, 22.5257674 ] } },
{ "type": "Feature", "properties": { "osmid": 2530287123, "y": 22.5256716, "x": 114.0443254, "street_count": 3, "highway": null, "ref": null }, "geometry": { "type": "Point", "coordinates": [ 114.0443254, 22.5256716 ] } },
{ "type": "Feature", "properties": { "osmid": 2530287134, "y": 22.5259624, "x": 114.0632179, "street_count": 4, "highway": null, "ref": null }, "geometry": { "type": "Point", "coordinates": [ 114.0632179, 22.5259624 ] } },
{ "type": "Feature", "properties": { "osmid": 2530287138, "y": 22.5297227, "x": 114.0448385, "street_count": 3, "highway": "motorway_junction", "ref": null }, "geometry": { "type": "Point", "coordinates": [ 114.0448385, 22.5297227 ] } },
{ "type": "Feature", "properties": { "osmid": 2530742232, "y": 22.5377047, "x": 114.0640938, "street_count": 3, "highway": null, "ref": null }, "geometry": { "type": "Point", "coordinates": [ 114.0640938, 22.5377047 ] } },
{ "type": "Feature", "properties": { "osmid": 2530742237, "y": 22.538737, "x": 114.0637101, "street_count": 3, "highway": null, "ref": null }, "geometry": { "type": "Point", "coordinates": [ 114.0637101, 22.538737 ] } },
{ "type": "Feature", "properties": { "osmid": 2530742241, "y": 22.5394935, "x": 114.0663006, "street_count": 1, "highway": null, "ref": null }, "geometry": { "type": "Point", "coordinates": [ 114.0663006, 22.5394935 ] } },
{ "type": "Feature", "properties": { "osmid": 2530742246, "y": 22.5409106, "x": 114.0631077, "street_count": 3, "highway": null, "ref": null }, "geometry": { "type": "Point", "coordinates": [ 114.0631077, 22.5409106 ] } },
{ "type": "Feature", "properties": { "osmid": 2530742259, "y": 22.5409051, "x": 114.0635708, "street_count": 3, "highway": null, "ref": null }, "geometry": { "type": "Point", "coordinates": [ 114.0635708, 22.5409051 ] } },
{ "type": "Feature", "properties": { "osmid": 2530742276, "y": 22.5415243, "x": 114.0666488, "street_count": 3, "highway": null, "ref": null }, "geometry": { "type": "Point", "coordinates": [ 114.0666488, 22.5415243 ] } },
{ "type": "Feature", "properties": { "osmid": 2653610227, "y": 22.5313003, "x": 114.0540394, "street_count": 3, "highway": null, "ref": null }, "geometry": { "type": "Point", "coordinates": [ 114.0540394, 22.5313003 ] } },
{ "type": "Feature", "properties": { "osmid": 2653614515, "y": 22.5319709, "x": 114.0717386, "street_count": 3, "highway": null, "ref": null }, "geometry": { "type": "Point", "coordinates": [ 114.0717386, 22.5319709 ] } },
{ "type": "Feature", "properties": { "osmid": 2653614528, "y": 22.5316358, "x": 114.0725166, "street_count": 3, "highway": null, "ref": null }, "geometry": { "type": "Point", "coordinates": [ 114.0725166, 22.5316358 ] } },
{ "type": "Feature", "properties": { "osmid": 2653614537, "y": 22.53193, "x": 114.0759439, "street_count": 3, "highway": null, "ref": null }, "geometry": { "type": "Point", "coordinates": [ 114.0759439, 22.53193 ] } },
{ "type": "Feature", "properties": { "osmid": 2653614544, "y": 22.5320348, "x": 114.0746834, "street_count": 3, "highway": null, "ref": null }, "geometry": { "type": "Point", "coordinates": [ 114.0746834, 22.5320348 ] } },
{ "type": "Feature", "properties": { "osmid": 2653614550, "y": 22.5316139, "x": 114.0715482, "street_count": 3, "highway": null, "ref": null }, "geometry": { "type": "Point", "coordinates": [ 114.0715482, 22.5316139 ] } },
{ "type": "Feature", "properties": { "osmid": 2653614555, "y": 22.5319876, "x": 114.0723851, "street_count": 3, "highway": null, "ref": null }, "geometry": { "type": "Point", "coordinates": [ 114.0723851, 22.5319876 ] } },
{ "type": "Feature", "properties": { "osmid": 2657406464, "y": 22.5320439, "x": 114.0751204, "street_count": 3, "highway": null, "ref": null }, "geometry": { "type": "Point", "coordinates": [ 114.0751204, 22.5320439 ] } },
{ "type": "Feature", "properties": { "osmid": 2657406467, "y": 22.5358974, "x": 114.0794264, "street_count": 3, "highway": null, "ref": null }, "geometry": { "type": "Point", "coordinates": [ 114.0794264, 22.5358974 ] } },
{ "type": "Feature", "properties": { "osmid": 2657406468, "y": 22.5326878, "x": 114.0774606, "street_count": 3, "highway": null, "ref": null }, "geometry": { "type": "Point", "coordinates": [ 114.0774606, 22.5326878 ] } },
{ "type": "Feature", "properties": { "osmid": 2657406918, "y": 22.5316869, "x": 114.0764884, "street_count": 3, "highway": null, "ref": null }, "geometry": { "type": "Point", "coordinates": [ 114.0764884, 22.5316869 ] } },
{ "type": "Feature", "properties": { "osmid": 2657406921, "y": 22.5317806, "x": 114.0756707, "street_count": 3, "highway": null, "ref": null }, "geometry": { "type": "Point", "coordinates": [ 114.0756707, 22.5317806 ] } },
{ "type": "Feature", "properties": { "osmid": 2657406924, "y": 22.5316607, "x": 114.0761505, "street_count": 3, "highway": null, "ref": null }, "geometry": { "type": "Point", "coordinates": [ 114.0761505, 22.5316607 ] } },
{ "type": "Feature", "properties": { "osmid": 2657406925, "y": 22.5322542, "x": 114.0776462, "street_count": 3, "highway": null, "ref": null }, "geometry": { "type": "Point", "coordinates": [ 114.0776462, 22.5322542 ] } },
{ "type": "Feature", "properties": { "osmid": 2657406926, "y": 22.5316747, "x": 114.0763773, "street_count": 3, "highway": null, "ref": null }, "geometry": { "type": "Point", "coordinates": [ 114.0763773, 22.5316747 ] } },
{ "type": "Feature", "properties": { "osmid": 2657830319, "y": 22.5316485, "x": 114.0731833, "street_count": 3, "highway": null, "ref": null }, "geometry": { "type": "Point", "coordinates": [ 114.0731833, 22.5316485 ] } },
{ "type": "Feature", "properties": { "osmid": 2657830324, "y": 22.5343792, "x": 114.0788719, "street_count": 3, "highway": null, "ref": null }, "geometry": { "type": "Point", "coordinates": [ 114.0788719, 22.5343792 ] } },
{ "type": "Feature", "properties": { "osmid": 2657830327, "y": 22.5349367, "x": 114.0790458, "street_count": 3, "highway": null, "ref": null }, "geometry": { "type": "Point", "coordinates": [ 114.0790458, 22.5349367 ] } },
{ "type": "Feature", "properties": { "osmid": 2750252775, "y": 22.5454144, "x": 114.0444947, "street_count": 3, "highway": null, "ref": null }, "geometry": { "type": "Point", "coordinates": [ 114.0444947, 22.5454144 ] } },
{ "type": "Feature", "properties": { "osmid": 2750252825, "y": 22.5452307, "x": 114.0447835, "street_count": 3, "highway": null, "ref": null }, "geometry": { "type": "Point", "coordinates": [ 114.0447835, 22.5452307 ] } },
{ "type": "Feature", "properties": { "osmid": 2750593251, "y": 22.5421511, "x": 114.0530577, "street_count": 3, "highway": null, "ref": null }, "geometry": { "type": "Point", "coordinates": [ 114.0530577, 22.5421511 ] } },
{ "type": "Feature", "properties": { "osmid": 2750593322, "y": 22.5424976, "x": 114.0570637, "street_count": 3, "highway": null, "ref": null }, "geometry": { "type": "Point", "coordinates": [ 114.0570637, 22.5424976 ] } },
{ "type": "Feature", "properties": { "osmid": 2750593369, "y": 22.5422753, "x": 114.0527806, "street_count": 3, "highway": null, "ref": null }, "geometry": { "type": "Point", "coordinates": [ 114.0527806, 22.5422753 ] } },
{ "type": "Feature", "properties": { "osmid": 2750593461, "y": 22.5428215, "x": 114.0570972, "street_count": 3, "highway": null, "ref": null }, "geometry": { "type": "Point", "coordinates": [ 114.0570972, 22.5428215 ] } },
{ "type": "Feature", "properties": { "osmid": 2750667615, "y": 22.5393128, "x": 114.0446081, "street_count": 4, "highway": null, "ref": null }, "geometry": { "type": "Point", "coordinates": [ 114.0446081, 22.5393128 ] } },
{ "type": "Feature", "properties": { "osmid": 2750667702, "y": 22.5394581, "x": 114.0446049, "street_count": 4, "highway": null, "ref": null }, "geometry": { "type": "Point", "coordinates": [ 114.0446049, 22.5394581 ] } },
{ "type": "Feature", "properties": { "osmid": 2750667738, "y": 22.5391793, "x": 114.0445019, "street_count": 3, "highway": null, "ref": null }, "geometry": { "type": "Point", "coordinates": [ 114.0445019, 22.5391793 ] } },
{ "type": "Feature", "properties": { "osmid": 2750670857, "y": 22.5417973, "x": 114.0490171, "street_count": 3, "highway": null, "ref": null }, "geometry": { "type": "Point", "coordinates": [ 114.0490171, 22.5417973 ] } },
{ "type": "Feature", "properties": { "osmid": 2750787454, "y": 22.5468908, "x": 114.0443615, "street_count": 3, "highway": null, "ref": null }, "geometry": { "type": "Point", "coordinates": [ 114.0443615, 22.5468908 ] } },
{ "type": "Feature", "properties": { "osmid": 2750787479, "y": 22.5326056, "x": 114.0439765, "street_count": 3, "highway": null, "ref": null }, "geometry": { "type": "Point", "coordinates": [ 114.0439765, 22.5326056 ] } },
{ "type": "Feature", "properties": { "osmid": 2750787481, "y": 22.5361888, "x": 114.0444223, "street_count": 3, "highway": null, "ref": null }, "geometry": { "type": "Point", "coordinates": [ 114.0444223, 22.5361888 ] } },
{ "type": "Feature", "properties": { "osmid": 2750787508, "y": 22.5326161, "x": 114.0447869, "street_count": 3, "highway": null, "ref": null }, "geometry": { "type": "Point", "coordinates": [ 114.0447869, 22.5326161 ] } },
{ "type": "Feature", "properties": { "osmid": 2750787528, "y": 22.5476445, "x": 114.0443478, "street_count": 3, "highway": null, "ref": null }, "geometry": { "type": "Point", "coordinates": [ 114.0443478, 22.5476445 ] } },
{ "type": "Feature", "properties": { "osmid": 2751394425, "y": 22.5445457, "x": 114.0603951, "street_count": 3, "highway": null, "ref": null }, "geometry": { "type": "Point", "coordinates": [ 114.0603951, 22.5445457 ] } },
{ "type": "Feature", "properties": { "osmid": 2751405348, "y": 22.5396849, "x": 114.0628147, "street_count": 3, "highway": null, "ref": null }, "geometry": { "type": "Point", "coordinates": [ 114.0628147, 22.5396849 ] } },
{ "type": "Feature", "properties": { "osmid": 2751405375, "y": 22.5365217, "x": 114.0589856, "street_count": 3, "highway": null, "ref": null }, "geometry": { "type": "Point", "coordinates": [ 114.0589856, 22.5365217 ] } },
{ "type": "Feature", "properties": { "osmid": 2751405381, "y": 22.5365077, "x": 114.0581717, "street_count": 3, "highway": null, "ref": null }, "geometry": { "type": "Point", "coordinates": [ 114.0581717, 22.5365077 ] } },
{ "type": "Feature", "properties": { "osmid": 2751405416, "y": 22.5364863, "x": 114.0567526, "street_count": 3, "highway": null, "ref": null }, "geometry": { "type": "Point", "coordinates": [ 114.0567526, 22.5364863 ] } },
{ "type": "Feature", "properties": { "osmid": 2784261075, "y": 22.5307429, "x": 114.0767338, "street_count": 1, "highway": null, "ref": null }, "geometry": { "type": "Point", "coordinates": [ 114.0767338, 22.5307429 ] } },
{ "type": "Feature", "properties": { "osmid": 2784308454, "y": 22.5316681, "x": 114.0749235, "street_count": 3, "highway": null, "ref": null }, "geometry": { "type": "Point", "coordinates": [ 114.0749235, 22.5316681 ] } },
{ "type": "Feature", "properties": { "osmid": 2784308457, "y": 22.5259467, "x": 114.0710122, "street_count": 4, "highway": null, "ref": null }, "geometry": { "type": "Point", "coordinates": [ 114.0710122, 22.5259467 ] } },
{ "type": "Feature", "properties": { "osmid": 2784308459, "y": 22.5260229, "x": 114.0710401, "street_count": 4, "highway": null, "ref": null }, "geometry": { "type": "Point", "coordinates": [ 114.0710401, 22.5260229 ] } },
{ "type": "Feature", "properties": { "osmid": 2784308462, "y": 22.5306561, "x": 114.0758548, "street_count": 1, "highway": null, "ref": null }, "geometry": { "type": "Point", "coordinates": [ 114.0758548, 22.5306561 ] } },
{ "type": "Feature", "properties": { "osmid": 2784308483, "y": 22.5279293, "x": 114.0717392, "street_count": 4, "highway": null, "ref": null }, "geometry": { "type": "Point", "coordinates": [ 114.0717392, 22.5279293 ] } },
{ "type": "Feature", "properties": { "osmid": 2784308485, "y": 22.5287586, "x": 114.072055, "street_count": 3, "highway": null, "ref": null }, "geometry": { "type": "Point", "coordinates": [ 114.072055, 22.5287586 ] } },
{ "type": "Feature", "properties": { "osmid": 2784308486, "y": 22.5287317, "x": 114.0721461, "street_count": 4, "highway": null, "ref": null }, "geometry": { "type": "Point", "coordinates": [ 114.0721461, 22.5287317 ] } },
{ "type": "Feature", "properties": { "osmid": 2784308499, "y": 22.5268554, "x": 114.0713445, "street_count": 3, "highway": null, "ref": null }, "geometry": { "type": "Point", "coordinates": [ 114.0713445, 22.5268554 ] } },
{ "type": "Feature", "properties": { "osmid": 2784845946, "y": 22.5279832, "x": 114.0715574, "street_count": 4, "highway": null, "ref": null }, "geometry": { "type": "Point", "coordinates": [ 114.0715574, 22.5279832 ] } },
{ "type": "Feature", "properties": { "osmid": 2784845951, "y": 22.5265794, "x": 114.0692596, "street_count": 3, "highway": null, "ref": null }, "geometry": { "type": "Point", "coordinates": [ 114.0692596, 22.5265794 ] } },
{ "type": "Feature", "properties": { "osmid": 2784845970, "y": 22.5302449, "x": 114.0705085, "street_count": 4, "highway": null, "ref": null }, "geometry": { "type": "Point", "coordinates": [ 114.0705085, 22.5302449 ] } },
{ "type": "Feature", "properties": { "osmid": 2784845978, "y": 22.5300311, "x": 114.07061, "street_count": 1, "highway": null, "ref": null }, "geometry": { "type": "Point", "coordinates": [ 114.07061, 22.5300311 ] } },
{ "type": "Feature", "properties": { "osmid": 2784845982, "y": 22.5273525, "x": 114.0697175, "street_count": 3, "highway": null, "ref": null }, "geometry": { "type": "Point", "coordinates": [ 114.0697175, 22.5273525 ] } },
{ "type": "Feature", "properties": { "osmid": 2784845984, "y": 22.526911, "x": 114.0711665, "street_count": 3, "highway": null, "ref": null }, "geometry": { "type": "Point", "coordinates": [ 114.0711665, 22.526911 ] } },
{ "type": "Feature", "properties": { "osmid": 2784845998, "y": 22.5221643, "x": 114.064825, "street_count": 1, "highway": null, "ref": null }, "geometry": { "type": "Point", "coordinates": [ 114.064825, 22.5221643 ] } },
{ "type": "Feature", "properties": { "osmid": 2784846003, "y": 22.5303738, "x": 114.0705081, "street_count": 3, "highway": null, "ref": null }, "geometry": { "type": "Point", "coordinates": [ 114.0705081, 22.5303738 ] } },
{ "type": "Feature", "properties": { "osmid": 2784846055, "y": 22.5272794, "x": 114.0695241, "street_count": 3, "highway": null, "ref": null }, "geometry": { "type": "Point", "coordinates": [ 114.0695241, 22.5272794 ] } },
{ "type": "Feature", "properties": { "osmid": 2784870892, "y": 22.5385073, "x": 114.0687466, "street_count": 3, "highway": null, "ref": null }, "geometry": { "type": "Point", "coordinates": [ 114.0687466, 22.5385073 ] } },
{ "type": "Feature", "properties": { "osmid": 2784870919, "y": 22.5394737, "x": 114.0679996, "street_count": 3, "highway": null, "ref": null }, "geometry": { "type": "Point", "coordinates": [ 114.0679996, 22.5394737 ] } },
{ "type": "Feature", "properties": { "osmid": 2784870927, "y": 22.5385153, "x": 114.0693843, "street_count": 3, "highway": null, "ref": null }, "geometry": { "type": "Point", "coordinates": [ 114.0693843, 22.5385153 ] } },
{ "type": "Feature", "properties": { "osmid": 2784870934, "y": 22.5385978, "x": 114.0706123, "street_count": 3, "highway": null, "ref": null }, "geometry": { "type": "Point", "coordinates": [ 114.0706123, 22.5385978 ] } },
{ "type": "Feature", "properties": { "osmid": 2784870955, "y": 22.5387387, "x": 114.0673931, "street_count": 3, "highway": null, "ref": null }, "geometry": { "type": "Point", "coordinates": [ 114.0673931, 22.5387387 ] } },
{ "type": "Feature", "properties": { "osmid": 2784870973, "y": 22.5377895, "x": 114.0680283, "street_count": 3, "highway": null, "ref": null }, "geometry": { "type": "Point", "coordinates": [ 114.0680283, 22.5377895 ] } },
{ "type": "Feature", "properties": { "osmid": 2784870978, "y": 22.5387525, "x": 114.0687653, "street_count": 3, "highway": null, "ref": null }, "geometry": { "type": "Point", "coordinates": [ 114.0687653, 22.5387525 ] } },
{ "type": "Feature", "properties": { "osmid": 2784871064, "y": 22.5384611, "x": 114.0674084, "street_count": 3, "highway": null, "ref": null }, "geometry": { "type": "Point", "coordinates": [ 114.0674084, 22.5384611 ] } },
{ "type": "Feature", "properties": { "osmid": 2784871112, "y": 22.5395151, "x": 114.0681553, "street_count": 3, "highway": null, "ref": null }, "geometry": { "type": "Point", "coordinates": [ 114.0681553, 22.5395151 ] } },
{ "type": "Feature", "properties": { "osmid": 2784871136, "y": 22.5378943, "x": 114.0681868, "street_count": 3, "highway": null, "ref": null }, "geometry": { "type": "Point", "coordinates": [ 114.0681868, 22.5378943 ] } },
{ "type": "Feature", "properties": { "osmid": 2784871157, "y": 22.5219922, "x": 114.0697026, "street_count": 1, "highway": null, "ref": null }, "geometry": { "type": "Point", "coordinates": [ 114.0697026, 22.5219922 ] } },
{ "type": "Feature", "properties": { "osmid": 2784878466, "y": 22.5323406, "x": 114.0765186, "street_count": 1, "highway": null, "ref": null }, "geometry": { "type": "Point", "coordinates": [ 114.0765186, 22.5323406 ] } },
{ "type": "Feature", "properties": { "osmid": 2784878498, "y": 22.5332974, "x": 114.0749756, "street_count": 3, "highway": null, "ref": null }, "geometry": { "type": "Point", "coordinates": [ 114.0749756, 22.5332974 ] } },
{ "type": "Feature", "properties": { "osmid": 2784878506, "y": 22.5347762, "x": 114.0729091, "street_count": 1, "highway": null, "ref": null }, "geometry": { "type": "Point", "coordinates": [ 114.0729091, 22.5347762 ] } },
{ "type": "Feature", "properties": { "osmid": 2843245410, "y": 22.5167374, "x": 114.0505189, "street_count": 5, "highway": null, "ref": null }, "geometry": { "type": "Point", "coordinates": [ 114.0505189, 22.5167374 ] } },
{ "type": "Feature", "properties": { "osmid": 2868134337, "y": 22.5350022, "x": 114.0500576, "street_count": 3, "highway": null, "ref": null }, "geometry": { "type": "Point", "coordinates": [ 114.0500576, 22.5350022 ] } },
{ "type": "Feature", "properties": { "osmid": 2868134374, "y": 22.5327683, "x": 114.0376011, "street_count": 1, "highway": null, "ref": null }, "geometry": { "type": "Point", "coordinates": [ 114.0376011, 22.5327683 ] } },
{ "type": "Feature", "properties": { "osmid": 2868296608, "y": 22.5237404, "x": 114.0456438, "street_count": 3, "highway": null, "ref": null }, "geometry": { "type": "Point", "coordinates": [ 114.0456438, 22.5237404 ] } },
{ "type": "Feature", "properties": { "osmid": 2868296617, "y": 22.5228548, "x": 114.0453962, "street_count": 3, "highway": null, "ref": null }, "geometry": { "type": "Point", "coordinates": [ 114.0453962, 22.5228548 ] } },
{ "type": "Feature", "properties": { "osmid": 2868296646, "y": 22.5231329, "x": 114.0448212, "street_count": 4, "highway": null, "ref": null }, "geometry": { "type": "Point", "coordinates": [ 114.0448212, 22.5231329 ] } },
{ "type": "Feature", "properties": { "osmid": 2868296660, "y": 22.5241624, "x": 114.0457925, "street_count": 3, "highway": null, "ref": null }, "geometry": { "type": "Point", "coordinates": [ 114.0457925, 22.5241624 ] } },
{ "type": "Feature", "properties": { "osmid": 2868303193, "y": 22.5232585, "x": 114.048521, "street_count": 3, "highway": null, "ref": null }, "geometry": { "type": "Point", "coordinates": [ 114.048521, 22.5232585 ] } },
{ "type": "Feature", "properties": { "osmid": 2868303194, "y": 22.5233256, "x": 114.0501595, "street_count": 3, "highway": null, "ref": null }, "geometry": { "type": "Point", "coordinates": [ 114.0501595, 22.5233256 ] } },
{ "type": "Feature", "properties": { "osmid": 2868303197, "y": 22.5222573, "x": 114.0493914, "street_count": 1, "highway": null, "ref": null }, "geometry": { "type": "Point", "coordinates": [ 114.0493914, 22.5222573 ] } },
{ "type": "Feature", "properties": { "osmid": 2868303200, "y": 22.5222691, "x": 114.0501587, "street_count": 3, "highway": null, "ref": null }, "geometry": { "type": "Point", "coordinates": [ 114.0501587, 22.5222691 ] } },
{ "type": "Feature", "properties": { "osmid": 2868304402, "y": 22.5222796, "x": 114.0508398, "street_count": 1, "highway": null, "ref": null }, "geometry": { "type": "Point", "coordinates": [ 114.0508398, 22.5222796 ] } },
{ "type": "Feature", "properties": { "osmid": 2880454742, "y": 22.5318811, "x": 114.0778421, "street_count": 4, "highway": null, "ref": null }, "geometry": { "type": "Point", "coordinates": [ 114.0778421, 22.5318811 ] } },
{ "type": "Feature", "properties": { "osmid": 2880454744, "y": 22.5319544, "x": 114.0780207, "street_count": 3, "highway": null, "ref": null }, "geometry": { "type": "Point", "coordinates": [ 114.0780207, 22.5319544 ] } },
{ "type": "Feature", "properties": { "osmid": 2880454748, "y": 22.5321478, "x": 114.0789718, "street_count": 4, "highway": null, "ref": null }, "geometry": { "type": "Point", "coordinates": [ 114.0789718, 22.5321478 ] } },
{ "type": "Feature", "properties": { "osmid": 2880454750, "y": 22.5317233, "x": 114.0780297, "street_count": 3, "highway": null, "ref": null }, "geometry": { "type": "Point", "coordinates": [ 114.0780297, 22.5317233 ] } },
{ "type": "Feature", "properties": { "osmid": 2880459689, "y": 22.532465, "x": 114.0800305, "street_count": 4, "highway": null, "ref": null }, "geometry": { "type": "Point", "coordinates": [ 114.0800305, 22.532465 ] } },
{ "type": "Feature", "properties": { "osmid": 2880459696, "y": 22.5326258, "x": 114.0787683, "street_count": 1, "highway": null, "ref": null }, "geometry": { "type": "Point", "coordinates": [ 114.0787683, 22.5326258 ] } },
{ "type": "Feature", "properties": { "osmid": 2880459700, "y": 22.5339067, "x": 114.0813365, "street_count": 3, "highway": null, "ref": null }, "geometry": { "type": "Point", "coordinates": [ 114.0813365, 22.5339067 ] } },
{ "type": "Feature", "properties": { "osmid": 2880459802, "y": 22.5322164, "x": 114.0793601, "street_count": 3, "highway": null, "ref": null }, "geometry": { "type": "Point", "coordinates": [ 114.0793601, 22.5322164 ] } },
{ "type": "Feature", "properties": { "osmid": 2880459803, "y": 22.5342588, "x": 114.0802066, "street_count": 3, "highway": null, "ref": null }, "geometry": { "type": "Point", "coordinates": [ 114.0802066, 22.5342588 ] } },
{ "type": "Feature", "properties": { "osmid": 2880459806, "y": 22.5326169, "x": 114.0798285, "street_count": 3, "highway": null, "ref": null }, "geometry": { "type": "Point", "coordinates": [ 114.0798285, 22.5326169 ] } },
{ "type": "Feature", "properties": { "osmid": 2880459808, "y": 22.5354839, "x": 114.0794817, "street_count": 3, "highway": null, "ref": null }, "geometry": { "type": "Point", "coordinates": [ 114.0794817, 22.5354839 ] } },
{ "type": "Feature", "properties": { "osmid": 2880459814, "y": 22.5322619, "x": 114.0802331, "street_count": 3, "highway": null, "ref": null }, "geometry": { "type": "Point", "coordinates": [ 114.0802331, 22.5322619 ] } },
{ "type": "Feature", "properties": { "osmid": 2880459819, "y": 22.5341531, "x": 114.0787578, "street_count": 3, "highway": null, "ref": null }, "geometry": { "type": "Point", "coordinates": [ 114.0787578, 22.5341531 ] } },
{ "type": "Feature", "properties": { "osmid": 3082227644, "y": 22.5346327, "x": 114.0782764, "street_count": 3, "highway": null, "ref": null }, "geometry": { "type": "Point", "coordinates": [ 114.0782764, 22.5346327 ] } },
{ "type": "Feature", "properties": { "osmid": 3084586665, "y": 22.5256404, "x": 114.0717734, "street_count": 3, "highway": null, "ref": null }, "geometry": { "type": "Point", "coordinates": [ 114.0717734, 22.5256404 ] } },
{ "type": "Feature", "properties": { "osmid": 3084586705, "y": 22.520847, "x": 114.070153, "street_count": 3, "highway": null, "ref": null }, "geometry": { "type": "Point", "coordinates": [ 114.070153, 22.520847 ] } },
{ "type": "Feature", "properties": { "osmid": 3084586845, "y": 22.52601, "x": 114.0727691, "street_count": 1, "highway": null, "ref": null }, "geometry": { "type": "Point", "coordinates": [ 114.0727691, 22.52601 ] } },
{ "type": "Feature", "properties": { "osmid": 3084645101, "y": 22.5184623, "x": 114.0659735, "street_count": 1, "highway": null, "ref": null }, "geometry": { "type": "Point", "coordinates": [ 114.0659735, 22.5184623 ] } },
{ "type": "Feature", "properties": { "osmid": 3084645114, "y": 22.5133605, "x": 114.0404852, "street_count": 4, "highway": null, "ref": null }, "geometry": { "type": "Point", "coordinates": [ 114.0404852, 22.5133605 ] } },
{ "type": "Feature", "properties": { "osmid": 3084645119, "y": 22.5147708, "x": 114.0409636, "street_count": 4, "highway": null, "ref": null }, "geometry": { "type": "Point", "coordinates": [ 114.0409636, 22.5147708 ] } },
{ "type": "Feature", "properties": { "osmid": 3085769133, "y": 22.5445772, "x": 114.0450629, "street_count": 1, "highway": null, "ref": null }, "geometry": { "type": "Point", "coordinates": [ 114.0450629, 22.5445772 ] } },
{ "type": "Feature", "properties": { "osmid": 3372801276, "y": 22.5429742, "x": 114.076198, "street_count": 5, "highway": null, "ref": null }, "geometry": { "type": "Point", "coordinates": [ 114.076198, 22.5429742 ] } },
{ "type": "Feature", "properties": { "osmid": 3379374435, "y": 22.5427374, "x": 114.0750941, "street_count": 2, "highway": null, "ref": null }, "geometry": { "type": "Point", "coordinates": [ 114.0750941, 22.5427374 ] } },
{ "type": "Feature", "properties": { "osmid": 3414036535, "y": 22.5132637, "x": 114.0404821, "street_count": 5, "highway": null, "ref": null }, "geometry": { "type": "Point", "coordinates": [ 114.0404821, 22.5132637 ] } },
{ "type": "Feature", "properties": { "osmid": 3414036538, "y": 22.5116714, "x": 114.0400608, "street_count": 2, "highway": null, "ref": null }, "geometry": { "type": "Point", "coordinates": [ 114.0400608, 22.5116714 ] } },
{ "type": "Feature", "properties": { "osmid": 3635737703, "y": 22.5142875, "x": 114.0465066, "street_count": 3, "highway": null, "ref": null }, "geometry": { "type": "Point", "coordinates": [ 114.0465066, 22.5142875 ] } },
{ "type": "Feature", "properties": { "osmid": 3635737709, "y": 22.5149235, "x": 114.041403, "street_count": 1, "highway": null, "ref": null }, "geometry": { "type": "Point", "coordinates": [ 114.041403, 22.5149235 ] } },
{ "type": "Feature", "properties": { "osmid": 3653137211, "y": 22.524776, "x": 114.0415834, "street_count": 3, "highway": null, "ref": null }, "geometry": { "type": "Point", "coordinates": [ 114.0415834, 22.524776 ] } },
{ "type": "Feature", "properties": { "osmid": 3679099081, "y": 22.5283893, "x": 114.0451189, "street_count": 3, "highway": null, "ref": null }, "geometry": { "type": "Point", "coordinates": [ 114.0451189, 22.5283893 ] } },
{ "type": "Feature", "properties": { "osmid": 3679099106, "y": 22.5302087, "x": 114.0449729, "street_count": 3, "highway": null, "ref": null }, "geometry": { "type": "Point", "coordinates": [ 114.0449729, 22.5302087 ] } },
{ "type": "Feature", "properties": { "osmid": 3687651958, "y": 22.5482365, "x": 114.0343752, "street_count": 4, "highway": null, "ref": null }, "geometry": { "type": "Point", "coordinates": [ 114.0343752, 22.5482365 ] } },
{ "type": "Feature", "properties": { "osmid": 3687652014, "y": 22.5480928, "x": 114.0344984, "street_count": 4, "highway": null, "ref": null }, "geometry": { "type": "Point", "coordinates": [ 114.0344984, 22.5480928 ] } },
{ "type": "Feature", "properties": { "osmid": 3687652015, "y": 22.5482573, "x": 114.0344668, "street_count": 4, "highway": null, "ref": null }, "geometry": { "type": "Point", "coordinates": [ 114.0344668, 22.5482573 ] } },
{ "type": "Feature", "properties": { "osmid": 3969348270, "y": 22.530148, "x": 114.0295559, "street_count": 3, "highway": null, "ref": null }, "geometry": { "type": "Point", "coordinates": [ 114.0295559, 22.530148 ] } },
{ "type": "Feature", "properties": { "osmid": 4127126135, "y": 22.5446323, "x": 114.0351695, "street_count": 3, "highway": null, "ref": null }, "geometry": { "type": "Point", "coordinates": [ 114.0351695, 22.5446323 ] } },
{ "type": "Feature", "properties": { "osmid": 4138689909, "y": 22.5278755, "x": 114.0294787, "street_count": 3, "highway": null, "ref": null }, "geometry": { "type": "Point", "coordinates": [ 114.0294787, 22.5278755 ] } },
{ "type": "Feature", "properties": { "osmid": 4146327962, "y": 22.5376869, "x": 114.0639064, "street_count": 3, "highway": null, "ref": null }, "geometry": { "type": "Point", "coordinates": [ 114.0639064, 22.5376869 ] } },
{ "type": "Feature", "properties": { "osmid": 4397491510, "y": 22.5322477, "x": 114.0534594, "street_count": 3, "highway": null, "ref": null }, "geometry": { "type": "Point", "coordinates": [ 114.0534594, 22.5322477 ] } },
{ "type": "Feature", "properties": { "osmid": 4397491519, "y": 22.5317751, "x": 114.0559038, "street_count": 3, "highway": null, "ref": null }, "geometry": { "type": "Point", "coordinates": [ 114.0559038, 22.5317751 ] } },
{ "type": "Feature", "properties": { "osmid": 4397491532, "y": 22.5322501, "x": 114.0560628, "street_count": 3, "highway": null, "ref": null }, "geometry": { "type": "Point", "coordinates": [ 114.0560628, 22.5322501 ] } },
{ "type": "Feature", "properties": { "osmid": 4397491540, "y": 22.5317341, "x": 114.0530894, "street_count": 3, "highway": null, "ref": null }, "geometry": { "type": "Point", "coordinates": [ 114.0530894, 22.5317341 ] } },
{ "type": "Feature", "properties": { "osmid": 4397491547, "y": 22.531372, "x": 114.0589896, "street_count": 3, "highway": null, "ref": null }, "geometry": { "type": "Point", "coordinates": [ 114.0589896, 22.531372 ] } },
{ "type": "Feature", "properties": { "osmid": 4848290286, "y": 22.5421851, "x": 114.0524821, "street_count": 1, "highway": null, "ref": null }, "geometry": { "type": "Point", "coordinates": [ 114.0524821, 22.5421851 ] } },
{ "type": "Feature", "properties": { "osmid": 4848290289, "y": 22.5414402, "x": 114.05238, "street_count": 3, "highway": null, "ref": null }, "geometry": { "type": "Point", "coordinates": [ 114.05238, 22.5414402 ] } },
{ "type": "Feature", "properties": { "osmid": 4848290296, "y": 22.5402655, "x": 114.0525079, "street_count": 3, "highway": null, "ref": null }, "geometry": { "type": "Point", "coordinates": [ 114.0525079, 22.5402655 ] } },
{ "type": "Feature", "properties": { "osmid": 4848290300, "y": 22.5396721, "x": 114.0525185, "street_count": 1, "highway": null, "ref": null }, "geometry": { "type": "Point", "coordinates": [ 114.0525185, 22.5396721 ] } },
{ "type": "Feature", "properties": { "osmid": 4848290306, "y": 22.5412606, "x": 114.0525239, "street_count": 3, "highway": null, "ref": null }, "geometry": { "type": "Point", "coordinates": [ 114.0525239, 22.5412606 ] } },
{ "type": "Feature", "properties": { "osmid": 4848304353, "y": 22.5398214, "x": 114.0512978, "street_count": 3, "highway": null, "ref": null }, "geometry": { "type": "Point", "coordinates": [ 114.0512978, 22.5398214 ] } },
{ "type": "Feature", "properties": { "osmid": 4848304358, "y": 22.5394254, "x": 114.0507725, "street_count": 3, "highway": null, "ref": null }, "geometry": { "type": "Point", "coordinates": [ 114.0507725, 22.5394254 ] } },
{ "type": "Feature", "properties": { "osmid": 4848304360, "y": 22.5390852, "x": 114.0511896, "street_count": 3, "highway": null, "ref": null }, "geometry": { "type": "Point", "coordinates": [ 114.0511896, 22.5390852 ] } },
{ "type": "Feature", "properties": { "osmid": 4848304365, "y": 22.5394382, "x": 114.0515618, "street_count": 3, "highway": null, "ref": null }, "geometry": { "type": "Point", "coordinates": [ 114.0515618, 22.5394382 ] } },
{ "type": "Feature", "properties": { "osmid": 4981907888, "y": 22.5305043, "x": 114.0407863, "street_count": 3, "highway": null, "ref": null }, "geometry": { "type": "Point", "coordinates": [ 114.0407863, 22.5305043 ] } },
{ "type": "Feature", "properties": { "osmid": 4981907891, "y": 22.5297579, "x": 114.0405247, "street_count": 3, "highway": null, "ref": null }, "geometry": { "type": "Point", "coordinates": [ 114.0405247, 22.5297579 ] } },
{ "type": "Feature", "properties": { "osmid": 5070067545, "y": 22.509078, "x": 114.0750775, "street_count": 1, "highway": null, "ref": null }, "geometry": { "type": "Point", "coordinates": [ 114.0750775, 22.509078 ] } },
{ "type": "Feature", "properties": { "osmid": 5140366337, "y": 22.5443213, "x": 114.0477091, "street_count": 3, "highway": null, "ref": null }, "geometry": { "type": "Point", "coordinates": [ 114.0477091, 22.5443213 ] } },
{ "type": "Feature", "properties": { "osmid": 5192594785, "y": 22.5175536, "x": 114.0601643, "street_count": 4, "highway": "motorway_junction", "ref": "2280" }, "geometry": { "type": "Point", "coordinates": [ 114.0601643, 22.5175536 ] } },
{ "type": "Feature", "properties": { "osmid": 5192661986, "y": 22.5447012, "x": 114.0512186, "street_count": 3, "highway": null, "ref": null }, "geometry": { "type": "Point", "coordinates": [ 114.0512186, 22.5447012 ] } },
{ "type": "Feature", "properties": { "osmid": 5192662017, "y": 22.5426756, "x": 114.0509721, "street_count": 3, "highway": null, "ref": null }, "geometry": { "type": "Point", "coordinates": [ 114.0509721, 22.5426756 ] } },
{ "type": "Feature", "properties": { "osmid": 5269888287, "y": 22.5368001, "x": 114.0443184, "street_count": 3, "highway": null, "ref": null }, "geometry": { "type": "Point", "coordinates": [ 114.0443184, 22.5368001 ] } },
{ "type": "Feature", "properties": { "osmid": 5269888956, "y": 22.5297164, "x": 114.0511979, "street_count": 2, "highway": null, "ref": null }, "geometry": { "type": "Point", "coordinates": [ 114.0511979, 22.5297164 ] } },
{ "type": "Feature", "properties": { "osmid": 5269888957, "y": 22.5287858, "x": 114.0512348, "street_count": 4, "highway": null, "ref": null }, "geometry": { "type": "Point", "coordinates": [ 114.0512348, 22.5287858 ] } },
{ "type": "Feature", "properties": { "osmid": 5269888970, "y": 22.5262261, "x": 114.0514208, "street_count": 3, "highway": null, "ref": null }, "geometry": { "type": "Point", "coordinates": [ 114.0514208, 22.5262261 ] } },
{ "type": "Feature", "properties": { "osmid": 5269888994, "y": 22.5310699, "x": 114.0474345, "street_count": 3, "highway": null, "ref": null }, "geometry": { "type": "Point", "coordinates": [ 114.0474345, 22.5310699 ] } },
{ "type": "Feature", "properties": { "osmid": 5269889012, "y": 22.5423974, "x": 114.0761053, "street_count": 3, "highway": null, "ref": null }, "geometry": { "type": "Point", "coordinates": [ 114.0761053, 22.5423974 ] } },
{ "type": "Feature", "properties": { "osmid": 5269889123, "y": 22.5429375, "x": 114.0731301, "street_count": 3, "highway": null, "ref": null }, "geometry": { "type": "Point", "coordinates": [ 114.0731301, 22.5429375 ] } },
{ "type": "Feature", "properties": { "osmid": 5271707993, "y": 22.5424104, "x": 114.0517209, "street_count": 3, "highway": null, "ref": null }, "geometry": { "type": "Point", "coordinates": [ 114.0517209, 22.5424104 ] } },
{ "type": "Feature", "properties": { "osmid": 5271707996, "y": 22.5420637, "x": 114.0510064, "street_count": 3, "highway": null, "ref": null }, "geometry": { "type": "Point", "coordinates": [ 114.0510064, 22.5420637 ] } },
{ "type": "Feature", "properties": { "osmid": 5271707997, "y": 22.5427207, "x": 114.0520203, "street_count": 3, "highway": null, "ref": null }, "geometry": { "type": "Point", "coordinates": [ 114.0520203, 22.5427207 ] } },
{ "type": "Feature", "properties": { "osmid": 5274731030, "y": 22.5404918, "x": 114.0303567, "street_count": 4, "highway": null, "ref": null }, "geometry": { "type": "Point", "coordinates": [ 114.0303567, 22.5404918 ] } },
{ "type": "Feature", "properties": { "osmid": 5374861327, "y": 22.5403307, "x": 114.0510471, "street_count": 3, "highway": null, "ref": null }, "geometry": { "type": "Point", "coordinates": [ 114.0510471, 22.5403307 ] } },
{ "type": "Feature", "properties": { "osmid": 5435020958, "y": 22.5314159, "x": 114.0621666, "street_count": 3, "highway": null, "ref": null }, "geometry": { "type": "Point", "coordinates": [ 114.0621666, 22.5314159 ] } },
{ "type": "Feature", "properties": { "osmid": 5435723099, "y": 22.5198459, "x": 114.0698478, "street_count": 3, "highway": null, "ref": null }, "geometry": { "type": "Point", "coordinates": [ 114.0698478, 22.5198459 ] } },
{ "type": "Feature", "properties": { "osmid": 5435723358, "y": 22.514615, "x": 114.0589375, "street_count": 4, "highway": null, "ref": null }, "geometry": { "type": "Point", "coordinates": [ 114.0589375, 22.514615 ] } },
{ "type": "Feature", "properties": { "osmid": 5435723365, "y": 22.517875, "x": 114.0614946, "street_count": 3, "highway": null, "ref": null }, "geometry": { "type": "Point", "coordinates": [ 114.0614946, 22.517875 ] } },
{ "type": "Feature", "properties": { "osmid": 5435723371, "y": 22.5176481, "x": 114.0614446, "street_count": 3, "highway": null, "ref": null }, "geometry": { "type": "Point", "coordinates": [ 114.0614446, 22.5176481 ] } },
{ "type": "Feature", "properties": { "osmid": 5435723374, "y": 22.5144817, "x": 114.0589308, "street_count": 3, "highway": null, "ref": null }, "geometry": { "type": "Point", "coordinates": [ 114.0589308, 22.5144817 ] } },
{ "type": "Feature", "properties": { "osmid": 5435820744, "y": 22.5208036, "x": 114.0711332, "street_count": 3, "highway": null, "ref": null }, "geometry": { "type": "Point", "coordinates": [ 114.0711332, 22.5208036 ] } },
{ "type": "Feature", "properties": { "osmid": 5435820782, "y": 22.5264583, "x": 114.0690299, "street_count": 3, "highway": null, "ref": null }, "geometry": { "type": "Point", "coordinates": [ 114.0690299, 22.5264583 ] } },
{ "type": "Feature", "properties": { "osmid": 5435820799, "y": 22.5306939, "x": 114.0718582, "street_count": 3, "highway": null, "ref": null }, "geometry": { "type": "Point", "coordinates": [ 114.0718582, 22.5306939 ] } },
{ "type": "Feature", "properties": { "osmid": 5435820809, "y": 22.5306964, "x": 114.0721484, "street_count": 3, "highway": null, "ref": null }, "geometry": { "type": "Point", "coordinates": [ 114.0721484, 22.5306964 ] } },
{ "type": "Feature", "properties": { "osmid": 5435820812, "y": 22.5233385, "x": 114.0733222, "street_count": 1, "highway": null, "ref": null }, "geometry": { "type": "Point", "coordinates": [ 114.0733222, 22.5233385 ] } },
{ "type": "Feature", "properties": { "osmid": 5435914326, "y": 22.5162966, "x": 114.0578774, "street_count": 3, "highway": null, "ref": null }, "geometry": { "type": "Point", "coordinates": [ 114.0578774, 22.5162966 ] } },
{ "type": "Feature", "properties": { "osmid": 5435914331, "y": 22.5151372, "x": 114.0554794, "street_count": 1, "highway": null, "ref": null }, "geometry": { "type": "Point", "coordinates": [ 114.0554794, 22.5151372 ] } },
{ "type": "Feature", "properties": { "osmid": 5435914335, "y": 22.5140483, "x": 114.0527928, "street_count": 3, "highway": null, "ref": null }, "geometry": { "type": "Point", "coordinates": [ 114.0527928, 22.5140483 ] } },
{ "type": "Feature", "properties": { "osmid": 5435914337, "y": 22.51595, "x": 114.0573424, "street_count": 3, "highway": null, "ref": null }, "geometry": { "type": "Point", "coordinates": [ 114.0573424, 22.51595 ] } },
{ "type": "Feature", "properties": { "osmid": 5435914340, "y": 22.5155164, "x": 114.0563048, "street_count": 1, "highway": null, "ref": null }, "geometry": { "type": "Point", "coordinates": [ 114.0563048, 22.5155164 ] } },
{ "type": "Feature", "properties": { "osmid": 5435914354, "y": 22.5187163, "x": 114.0626324, "street_count": 4, "highway": null, "ref": null }, "geometry": { "type": "Point", "coordinates": [ 114.0626324, 22.5187163 ] } },
{ "type": "Feature", "properties": { "osmid": 5435914359, "y": 22.5188032, "x": 114.0626165, "street_count": 4, "highway": null, "ref": null }, "geometry": { "type": "Point", "coordinates": [ 114.0626165, 22.5188032 ] } },
{ "type": "Feature", "properties": { "osmid": 5435914370, "y": 22.5191792, "x": 114.0658915, "street_count": 3, "highway": null, "ref": null }, "geometry": { "type": "Point", "coordinates": [ 114.0658915, 22.5191792 ] } },
{ "type": "Feature", "properties": { "osmid": 5435914382, "y": 22.5205307, "x": 114.0672823, "street_count": 3, "highway": null, "ref": null }, "geometry": { "type": "Point", "coordinates": [ 114.0672823, 22.5205307 ] } },
{ "type": "Feature", "properties": { "osmid": 5435914387, "y": 22.5202333, "x": 114.0657843, "street_count": 3, "highway": null, "ref": null }, "geometry": { "type": "Point", "coordinates": [ 114.0657843, 22.5202333 ] } },
{ "type": "Feature", "properties": { "osmid": 5435914390, "y": 22.518965, "x": 114.0638612, "street_count": 3, "highway": null, "ref": null }, "geometry": { "type": "Point", "coordinates": [ 114.0638612, 22.518965 ] } },
{ "type": "Feature", "properties": { "osmid": 5435914393, "y": 22.5193214, "x": 114.06737, "street_count": 4, "highway": null, "ref": null }, "geometry": { "type": "Point", "coordinates": [ 114.06737, 22.5193214 ] } },
{ "type": "Feature", "properties": { "osmid": 5435914402, "y": 22.5191388, "x": 114.0638268, "street_count": 3, "highway": null, "ref": null }, "geometry": { "type": "Point", "coordinates": [ 114.0638268, 22.5191388 ] } },
{ "type": "Feature", "properties": { "osmid": 5435914417, "y": 22.5191203, "x": 114.0633141, "street_count": 3, "highway": null, "ref": null }, "geometry": { "type": "Point", "coordinates": [ 114.0633141, 22.5191203 ] } },
{ "type": "Feature", "properties": { "osmid": 5435914522, "y": 22.5193089, "x": 114.0635224, "street_count": 3, "highway": null, "ref": null }, "geometry": { "type": "Point", "coordinates": [ 114.0635224, 22.5193089 ] } },
{ "type": "Feature", "properties": { "osmid": 5619242023, "y": 22.549067, "x": 114.0761692, "street_count": 5, "highway": null, "ref": null }, "geometry": { "type": "Point", "coordinates": [ 114.0761692, 22.549067 ] } },
{ "type": "Feature", "properties": { "osmid": 5624710429, "y": 22.5262154, "x": 114.0595358, "street_count": 3, "highway": null, "ref": null }, "geometry": { "type": "Point", "coordinates": [ 114.0595358, 22.5262154 ] } },
{ "type": "Feature", "properties": { "osmid": 5827543926, "y": 22.5435396, "x": 114.0762688, "street_count": 3, "highway": null, "ref": null }, "geometry": { "type": "Point", "coordinates": [ 114.0762688, 22.5435396 ] } },
{ "type": "Feature", "properties": { "osmid": 5827543955, "y": 22.5473678, "x": 114.0760301, "street_count": 3, "highway": null, "ref": null }, "geometry": { "type": "Point", "coordinates": [ 114.0760301, 22.5473678 ] } },
{ "type": "Feature", "properties": { "osmid": 5827543963, "y": 22.5471377, "x": 114.0756949, "street_count": 3, "highway": null, "ref": null }, "geometry": { "type": "Point", "coordinates": [ 114.0756949, 22.5471377 ] } },
{ "type": "Feature", "properties": { "osmid": 5827543980, "y": 22.5399609, "x": 114.0750004, "street_count": 3, "highway": null, "ref": null }, "geometry": { "type": "Point", "coordinates": [ 114.0750004, 22.5399609 ] } },
{ "type": "Feature", "properties": { "osmid": 5827544489, "y": 22.5453713, "x": 114.0774657, "street_count": 4, "highway": null, "ref": null }, "geometry": { "type": "Point", "coordinates": [ 114.0774657, 22.5453713 ] } },
{ "type": "Feature", "properties": { "osmid": 5827544491, "y": 22.5437656, "x": 114.0778635, "street_count": 3, "highway": null, "ref": null }, "geometry": { "type": "Point", "coordinates": [ 114.0778635, 22.5437656 ] } },
{ "type": "Feature", "properties": { "osmid": 5827544497, "y": 22.5447102, "x": 114.0782917, "street_count": 3, "highway": null, "ref": null }, "geometry": { "type": "Point", "coordinates": [ 114.0782917, 22.5447102 ] } },
{ "type": "Feature", "properties": { "osmid": 5827544502, "y": 22.5463987, "x": 114.0774276, "street_count": 3, "highway": null, "ref": null }, "geometry": { "type": "Point", "coordinates": [ 114.0774276, 22.5463987 ] } },
{ "type": "Feature", "properties": { "osmid": 5827544503, "y": 22.5463917, "x": 114.0764039, "street_count": 3, "highway": null, "ref": null }, "geometry": { "type": "Point", "coordinates": [ 114.0764039, 22.5463917 ] } },
{ "type": "Feature", "properties": { "osmid": 5827544504, "y": 22.5464053, "x": 114.0782859, "street_count": 4, "highway": null, "ref": null }, "geometry": { "type": "Point", "coordinates": [ 114.0782859, 22.5464053 ] } },
{ "type": "Feature", "properties": { "osmid": 5827544505, "y": 22.5464138, "x": 114.0792219, "street_count": 3, "highway": null, "ref": null }, "geometry": { "type": "Point", "coordinates": [ 114.0792219, 22.5464138 ] } },
{ "type": "Feature", "properties": { "osmid": 5827544562, "y": 22.5440634, "x": 114.0804225, "street_count": 3, "highway": null, "ref": null }, "geometry": { "type": "Point", "coordinates": [ 114.0804225, 22.5440634 ] } },
{ "type": "Feature", "properties": { "osmid": 5832653044, "y": 22.5507804, "x": 114.0511066, "street_count": 3, "highway": null, "ref": null }, "geometry": { "type": "Point", "coordinates": [ 114.0511066, 22.5507804 ] } },
{ "type": "Feature", "properties": { "osmid": 5832653080, "y": 22.550888, "x": 114.0579149, "street_count": 3, "highway": null, "ref": null }, "geometry": { "type": "Point", "coordinates": [ 114.0579149, 22.550888 ] } },
{ "type": "Feature", "properties": { "osmid": 5832657502, "y": 22.5475247, "x": 114.0574714, "street_count": 3, "highway": null, "ref": null }, "geometry": { "type": "Point", "coordinates": [ 114.0574714, 22.5475247 ] } },
{ "type": "Feature", "properties": { "osmid": 5832657515, "y": 22.5473725, "x": 114.0573203, "street_count": 3, "highway": null, "ref": null }, "geometry": { "type": "Point", "coordinates": [ 114.0573203, 22.5473725 ] } },
{ "type": "Feature", "properties": { "osmid": 5832657517, "y": 22.546925, "x": 114.0580111, "street_count": 3, "highway": null, "ref": null }, "geometry": { "type": "Point", "coordinates": [ 114.0580111, 22.546925 ] } },
{ "type": "Feature", "properties": { "osmid": 5832657531, "y": 22.5479684, "x": 114.0579933, "street_count": 3, "highway": null, "ref": null }, "geometry": { "type": "Point", "coordinates": [ 114.0579933, 22.5479684 ] } },
{ "type": "Feature", "properties": { "osmid": 5832657742, "y": 22.5451607, "x": 114.0580417, "street_count": 3, "highway": null, "ref": null }, "geometry": { "type": "Point", "coordinates": [ 114.0580417, 22.5451607 ] } },
{ "type": "Feature", "properties": { "osmid": 5832657762, "y": 22.5426681, "x": 114.0507262, "street_count": 3, "highway": null, "ref": null }, "geometry": { "type": "Point", "coordinates": [ 114.0507262, 22.5426681 ] } },
{ "type": "Feature", "properties": { "osmid": 5832657777, "y": 22.5433007, "x": 114.0513588, "street_count": 3, "highway": null, "ref": null }, "geometry": { "type": "Point", "coordinates": [ 114.0513588, 22.5433007 ] } },
{ "type": "Feature", "properties": { "osmid": 5832657778, "y": 22.5426877, "x": 114.051366, "street_count": 3, "highway": null, "ref": null }, "geometry": { "type": "Point", "coordinates": [ 114.051366, 22.5426877 ] } },
{ "type": "Feature", "properties": { "osmid": 5832657781, "y": 22.5448428, "x": 114.0512136, "street_count": 3, "highway": null, "ref": null }, "geometry": { "type": "Point", "coordinates": [ 114.0512136, 22.5448428 ] } },
{ "type": "Feature", "properties": { "osmid": 5832657889, "y": 22.5453348, "x": 114.0506882, "street_count": 3, "highway": null, "ref": null }, "geometry": { "type": "Point", "coordinates": [ 114.0506882, 22.5453348 ] } },
{ "type": "Feature", "properties": { "osmid": 5832657901, "y": 22.5454054, "x": 114.051631, "street_count": 3, "highway": null, "ref": null }, "geometry": { "type": "Point", "coordinates": [ 114.051631, 22.5454054 ] } },
{ "type": "Feature", "properties": { "osmid": 5832657907, "y": 22.5457256, "x": 114.0512148, "street_count": 3, "highway": null, "ref": null }, "geometry": { "type": "Point", "coordinates": [ 114.0512148, 22.5457256 ] } },
{ "type": "Feature", "properties": { "osmid": 5832657910, "y": 22.5457311, "x": 114.0510477, "street_count": 3, "highway": null, "ref": null }, "geometry": { "type": "Point", "coordinates": [ 114.0510477, 22.5457311 ] } },
{ "type": "Feature", "properties": { "osmid": 5832657915, "y": 22.5453891, "x": 114.0506807, "street_count": 3, "highway": null, "ref": null }, "geometry": { "type": "Point", "coordinates": [ 114.0506807, 22.5453891 ] } },
{ "type": "Feature", "properties": { "osmid": 5832657926, "y": 22.5472859, "x": 114.0516076, "street_count": 3, "highway": null, "ref": null }, "geometry": { "type": "Point", "coordinates": [ 114.0516076, 22.5472859 ] } },
{ "type": "Feature", "properties": { "osmid": 5832657946, "y": 22.5478619, "x": 114.0510317, "street_count": 3, "highway": null, "ref": null }, "geometry": { "type": "Point", "coordinates": [ 114.0510317, 22.5478619 ] } },
{ "type": "Feature", "properties": { "osmid": 5832657962, "y": 22.5494822, "x": 114.0623283, "street_count": 3, "highway": null, "ref": null }, "geometry": { "type": "Point", "coordinates": [ 114.0623283, 22.5494822 ] } },
{ "type": "Feature", "properties": { "osmid": 5834215792, "y": 22.5508128, "x": 114.0472522, "street_count": 3, "highway": null, "ref": null }, "geometry": { "type": "Point", "coordinates": [ 114.0472522, 22.5508128 ] } },
{ "type": "Feature", "properties": { "osmid": 5834215800, "y": 22.5508614, "x": 114.0478824, "street_count": 3, "highway": null, "ref": null }, "geometry": { "type": "Point", "coordinates": [ 114.0478824, 22.5508614 ] } },
{ "type": "Feature", "properties": { "osmid": 5834798803, "y": 22.5410507, "x": 114.0510302, "street_count": 3, "highway": null, "ref": null }, "geometry": { "type": "Point", "coordinates": [ 114.0510302, 22.5410507 ] } },
{ "type": "Feature", "properties": { "osmid": 5834798806, "y": 22.5409576, "x": 114.0464304, "street_count": 3, "highway": null, "ref": null }, "geometry": { "type": "Point", "coordinates": [ 114.0464304, 22.5409576 ] } },
{ "type": "Feature", "properties": { "osmid": 5834799144, "y": 22.5400456, "x": 114.0579676, "street_count": 3, "highway": null, "ref": null }, "geometry": { "type": "Point", "coordinates": [ 114.0579676, 22.5400456 ] } },
{ "type": "Feature", "properties": { "osmid": 5834799157, "y": 22.5392431, "x": 114.057955, "street_count": 3, "highway": null, "ref": null }, "geometry": { "type": "Point", "coordinates": [ 114.057955, 22.5392431 ] } },
{ "type": "Feature", "properties": { "osmid": 5834799167, "y": 22.5424231, "x": 114.0499604, "street_count": 3, "highway": null, "ref": null }, "geometry": { "type": "Point", "coordinates": [ 114.0499604, 22.5424231 ] } },
{ "type": "Feature", "properties": { "osmid": 5834799172, "y": 22.5418115, "x": 114.0500365, "street_count": 3, "highway": null, "ref": null }, "geometry": { "type": "Point", "coordinates": [ 114.0500365, 22.5418115 ] } },
{ "type": "Feature", "properties": { "osmid": 5834799173, "y": 22.5410413, "x": 114.0500533, "street_count": 3, "highway": null, "ref": null }, "geometry": { "type": "Point", "coordinates": [ 114.0500533, 22.5410413 ] } },
{ "type": "Feature", "properties": { "osmid": 5834799299, "y": 22.538487, "x": 114.0512003, "street_count": 3, "highway": null, "ref": null }, "geometry": { "type": "Point", "coordinates": [ 114.0512003, 22.538487 ] } },
{ "type": "Feature", "properties": { "osmid": 5836885680, "y": 22.5387224, "x": 114.0714156, "street_count": 3, "highway": null, "ref": null }, "geometry": { "type": "Point", "coordinates": [ 114.0714156, 22.5387224 ] } },
{ "type": "Feature", "properties": { "osmid": 5836885684, "y": 22.5386117, "x": 114.0714946, "street_count": 3, "highway": null, "ref": null }, "geometry": { "type": "Point", "coordinates": [ 114.0714946, 22.5386117 ] } },
{ "type": "Feature", "properties": { "osmid": 5836889190, "y": 22.538309, "x": 114.0719193, "street_count": 3, "highway": null, "ref": null }, "geometry": { "type": "Point", "coordinates": [ 114.0719193, 22.538309 ] } },
{ "type": "Feature", "properties": { "osmid": 5836889226, "y": 22.5428282, "x": 114.0722783, "street_count": 3, "highway": null, "ref": null }, "geometry": { "type": "Point", "coordinates": [ 114.0722783, 22.5428282 ] } },
{ "type": "Feature", "properties": { "osmid": 5948648297, "y": 22.5104848, "x": 114.0726126, "street_count": 1, "highway": null, "ref": null }, "geometry": { "type": "Point", "coordinates": [ 114.0726126, 22.5104848 ] } },
{ "type": "Feature", "properties": { "osmid": 6020564486, "y": 22.5209886, "x": 114.0423149, "street_count": 3, "highway": null, "ref": null }, "geometry": { "type": "Point", "coordinates": [ 114.0423149, 22.5209886 ] } },
{ "type": "Feature", "properties": { "osmid": 6020564487, "y": 22.5208323, "x": 114.042351, "street_count": 3, "highway": null, "ref": null }, "geometry": { "type": "Point", "coordinates": [ 114.042351, 22.5208323 ] } },
{ "type": "Feature", "properties": { "osmid": 6020564502, "y": 22.5214931, "x": 114.0413967, "street_count": 3, "highway": null, "ref": null }, "geometry": { "type": "Point", "coordinates": [ 114.0413967, 22.5214931 ] } },
{ "type": "Feature", "properties": { "osmid": 6020564510, "y": 22.5233268, "x": 114.0370902, "street_count": 3, "highway": null, "ref": null }, "geometry": { "type": "Point", "coordinates": [ 114.0370902, 22.5233268 ] } },
{ "type": "Feature", "properties": { "osmid": 6020564517, "y": 22.5237211, "x": 114.0370888, "street_count": 3, "highway": null, "ref": null }, "geometry": { "type": "Point", "coordinates": [ 114.0370888, 22.5237211 ] } },
{ "type": "Feature", "properties": { "osmid": 6020564521, "y": 22.5237574, "x": 114.037867, "street_count": 3, "highway": null, "ref": null }, "geometry": { "type": "Point", "coordinates": [ 114.037867, 22.5237574 ] } },
{ "type": "Feature", "properties": { "osmid": 6020564527, "y": 22.5233522, "x": 114.0380063, "street_count": 3, "highway": null, "ref": null }, "geometry": { "type": "Point", "coordinates": [ 114.0380063, 22.5233522 ] } },
{ "type": "Feature", "properties": { "osmid": 6020564532, "y": 22.5265696, "x": 114.0322538, "street_count": 3, "highway": null, "ref": null }, "geometry": { "type": "Point", "coordinates": [ 114.0322538, 22.5265696 ] } },
{ "type": "Feature", "properties": { "osmid": 6020564541, "y": 22.5266687, "x": 114.0329494, "street_count": 3, "highway": null, "ref": null }, "geometry": { "type": "Point", "coordinates": [ 114.0329494, 22.5266687 ] } },
{ "type": "Feature", "properties": { "osmid": 6020564549, "y": 22.5260214, "x": 114.0332026, "street_count": 3, "highway": null, "ref": null }, "geometry": { "type": "Point", "coordinates": [ 114.0332026, 22.5260214 ] } },
{ "type": "Feature", "properties": { "osmid": 6020564601, "y": 22.530007, "x": 114.0300334, "street_count": 3, "highway": null, "ref": null }, "geometry": { "type": "Point", "coordinates": [ 114.0300334, 22.530007 ] } },
{ "type": "Feature", "properties": { "osmid": 6033481320, "y": 22.5323279, "x": 114.0629584, "street_count": 3, "highway": null, "ref": null }, "geometry": { "type": "Point", "coordinates": [ 114.0629584, 22.5323279 ] } },
{ "type": "Feature", "properties": { "osmid": 6033481323, "y": 22.5318694, "x": 114.0623687, "street_count": 3, "highway": null, "ref": null }, "geometry": { "type": "Point", "coordinates": [ 114.0623687, 22.5318694 ] } },
{ "type": "Feature", "properties": { "osmid": 6033481329, "y": 22.5318501, "x": 114.0608672, "street_count": 3, "highway": null, "ref": null }, "geometry": { "type": "Point", "coordinates": [ 114.0608672, 22.5318501 ] } },
{ "type": "Feature", "properties": { "osmid": 6033481369, "y": 22.5313913, "x": 114.0608812, "street_count": 3, "highway": null, "ref": null }, "geometry": { "type": "Point", "coordinates": [ 114.0608812, 22.5313913 ] } },
{ "type": "Feature", "properties": { "osmid": 6033482390, "y": 22.5316493, "x": 114.0584153, "street_count": 3, "highway": null, "ref": null }, "geometry": { "type": "Point", "coordinates": [ 114.0584153, 22.5316493 ] } },
{ "type": "Feature", "properties": { "osmid": 6033482414, "y": 22.5295924, "x": 114.0587627, "street_count": 3, "highway": null, "ref": null }, "geometry": { "type": "Point", "coordinates": [ 114.0587627, 22.5295924 ] } },
{ "type": "Feature", "properties": { "osmid": 6033482425, "y": 22.5319583, "x": 114.0705086, "street_count": 3, "highway": null, "ref": null }, "geometry": { "type": "Point", "coordinates": [ 114.0705086, 22.5319583 ] } },
{ "type": "Feature", "properties": { "osmid": 6033482430, "y": 22.531988, "x": 114.0690602, "street_count": 3, "highway": null, "ref": null }, "geometry": { "type": "Point", "coordinates": [ 114.0690602, 22.531988 ] } },
{ "type": "Feature", "properties": { "osmid": 6033482469, "y": 22.5353897, "x": 114.0584562, "street_count": 3, "highway": null, "ref": null }, "geometry": { "type": "Point", "coordinates": [ 114.0584562, 22.5353897 ] } },
{ "type": "Feature", "properties": { "osmid": 6033482475, "y": 22.5348369, "x": 114.0582035, "street_count": 3, "highway": null, "ref": null }, "geometry": { "type": "Point", "coordinates": [ 114.0582035, 22.5348369 ] } },
{ "type": "Feature", "properties": { "osmid": 6033496395, "y": 22.5333008, "x": 114.0580447, "street_count": 4, "highway": null, "ref": null }, "geometry": { "type": "Point", "coordinates": [ 114.0580447, 22.5333008 ] } },
{ "type": "Feature", "properties": { "osmid": 6052448230, "y": 22.5320518, "x": 114.0776519, "street_count": 3, "highway": null, "ref": null }, "geometry": { "type": "Point", "coordinates": [ 114.0776519, 22.5320518 ] } },
{ "type": "Feature", "properties": { "osmid": 6052448234, "y": 22.5318985, "x": 114.0775847, "street_count": 3, "highway": null, "ref": null }, "geometry": { "type": "Point", "coordinates": [ 114.0775847, 22.5318985 ] } },
{ "type": "Feature", "properties": { "osmid": 6055901726, "y": 22.5503059, "x": 114.0759826, "street_count": 3, "highway": null, "ref": null }, "geometry": { "type": "Point", "coordinates": [ 114.0759826, 22.5503059 ] } },
{ "type": "Feature", "properties": { "osmid": 6056271409, "y": 22.5493188, "x": 114.0626287, "street_count": 3, "highway": null, "ref": null }, "geometry": { "type": "Point", "coordinates": [ 114.0626287, 22.5493188 ] } },
{ "type": "Feature", "properties": { "osmid": 6155402638, "y": 22.5396157, "x": 114.0628184, "street_count": 3, "highway": null, "ref": null }, "geometry": { "type": "Point", "coordinates": [ 114.0628184, 22.5396157 ] } },
{ "type": "Feature", "properties": { "osmid": 6155402664, "y": 22.5417042, "x": 114.0736429, "street_count": 1, "highway": null, "ref": null }, "geometry": { "type": "Point", "coordinates": [ 114.0736429, 22.5417042 ] } },
{ "type": "Feature", "properties": { "osmid": 6203900689, "y": 22.5202801, "x": 114.0464364, "street_count": 3, "highway": null, "ref": null }, "geometry": { "type": "Point", "coordinates": [ 114.0464364, 22.5202801 ] } },
{ "type": "Feature", "properties": { "osmid": 6261187076, "y": 22.5427804, "x": 114.0703547, "street_count": 3, "highway": null, "ref": null }, "geometry": { "type": "Point", "coordinates": [ 114.0703547, 22.5427804 ] } },
{ "type": "Feature", "properties": { "osmid": 6261187081, "y": 22.5430365, "x": 114.0706028, "street_count": 3, "highway": null, "ref": null }, "geometry": { "type": "Point", "coordinates": [ 114.0706028, 22.5430365 ] } },
{ "type": "Feature", "properties": { "osmid": 6267508958, "y": 22.5287593, "x": 114.0682972, "street_count": 1, "highway": null, "ref": null }, "geometry": { "type": "Point", "coordinates": [ 114.0682972, 22.5287593 ] } },
{ "type": "Feature", "properties": { "osmid": 6316672407, "y": 22.51776, "x": 114.061344, "street_count": 4, "highway": null, "ref": null }, "geometry": { "type": "Point", "coordinates": [ 114.061344, 22.51776 ] } },
{ "type": "Feature", "properties": { "osmid": 6316672424, "y": 22.5200693, "x": 114.0652927, "street_count": 3, "highway": null, "ref": null }, "geometry": { "type": "Point", "coordinates": [ 114.0652927, 22.5200693 ] } },
{ "type": "Feature", "properties": { "osmid": 6317315212, "y": 22.5505145, "x": 114.0679679, "street_count": 3, "highway": null, "ref": null }, "geometry": { "type": "Point", "coordinates": [ 114.0679679, 22.5505145 ] } },
{ "type": "Feature", "properties": { "osmid": 6410193821, "y": 22.5313654, "x": 114.0425797, "street_count": 3, "highway": null, "ref": null }, "geometry": { "type": "Point", "coordinates": [ 114.0425797, 22.5313654 ] } },
{ "type": "Feature", "properties": { "osmid": 6410193851, "y": 22.5316535, "x": 114.0474453, "street_count": 3, "highway": null, "ref": null }, "geometry": { "type": "Point", "coordinates": [ 114.0474453, 22.5316535 ] } },
{ "type": "Feature", "properties": { "osmid": 6410193855, "y": 22.5316692, "x": 114.0482018, "street_count": 3, "highway": null, "ref": null }, "geometry": { "type": "Point", "coordinates": [ 114.0482018, 22.5316692 ] } },
{ "type": "Feature", "properties": { "osmid": 6410193883, "y": 22.5307497, "x": 114.0444753, "street_count": 3, "highway": null, "ref": null }, "geometry": { "type": "Point", "coordinates": [ 114.0444753, 22.5307497 ] } },
{ "type": "Feature", "properties": { "osmid": 6410194513, "y": 22.5279453, "x": 114.044911, "street_count": 3, "highway": null, "ref": null }, "geometry": { "type": "Point", "coordinates": [ 114.044911, 22.5279453 ] } },
{ "type": "Feature", "properties": { "osmid": 6410194531, "y": 22.5241453, "x": 114.039364, "street_count": 3, "highway": null, "ref": null }, "geometry": { "type": "Point", "coordinates": [ 114.039364, 22.5241453 ] } },
{ "type": "Feature", "properties": { "osmid": 6410194600, "y": 22.5192036, "x": 114.0460028, "street_count": 3, "highway": null, "ref": null }, "geometry": { "type": "Point", "coordinates": [ 114.0460028, 22.5192036 ] } },
{ "type": "Feature", "properties": { "osmid": 6413071005, "y": 22.5426911, "x": 114.0643294, "street_count": 3, "highway": null, "ref": null }, "geometry": { "type": "Point", "coordinates": [ 114.0643294, 22.5426911 ] } },
{ "type": "Feature", "properties": { "osmid": 6413071010, "y": 22.5386234, "x": 114.066682, "street_count": 3, "highway": null, "ref": null }, "geometry": { "type": "Point", "coordinates": [ 114.066682, 22.5386234 ] } },
{ "type": "Feature", "properties": { "osmid": 6413071047, "y": 22.5439836, "x": 114.0673554, "street_count": 1, "highway": null, "ref": null }, "geometry": { "type": "Point", "coordinates": [ 114.0673554, 22.5439836 ] } },
{ "type": "Feature", "properties": { "osmid": 6438778593, "y": 22.5295053, "x": 114.0454065, "street_count": 1, "highway": null, "ref": null }, "geometry": { "type": "Point", "coordinates": [ 114.0454065, 22.5295053 ] } },
{ "type": "Feature", "properties": { "osmid": 6467166907, "y": 22.5425566, "x": 114.045444, "street_count": 3, "highway": null, "ref": null }, "geometry": { "type": "Point", "coordinates": [ 114.045444, 22.5425566 ] } },
{ "type": "Feature", "properties": { "osmid": 6467166929, "y": 22.5425202, "x": 114.0439039, "street_count": 3, "highway": null, "ref": null }, "geometry": { "type": "Point", "coordinates": [ 114.0439039, 22.5425202 ] } },
{ "type": "Feature", "properties": { "osmid": 6496420788, "y": 22.5371208, "x": 114.0579828, "street_count": 3, "highway": null, "ref": null }, "geometry": { "type": "Point", "coordinates": [ 114.0579828, 22.5371208 ] } },
{ "type": "Feature", "properties": { "osmid": 6496420791, "y": 22.5370217, "x": 114.0581626, "street_count": 3, "highway": null, "ref": null }, "geometry": { "type": "Point", "coordinates": [ 114.0581626, 22.5370217 ] } },
{ "type": "Feature", "properties": { "osmid": 6496421043, "y": 22.5351351, "x": 114.0580043, "street_count": 3, "highway": null, "ref": null }, "geometry": { "type": "Point", "coordinates": [ 114.0580043, 22.5351351 ] } },
{ "type": "Feature", "properties": { "osmid": 6581380413, "y": 22.5467434, "x": 114.0294752, "street_count": 3, "highway": null, "ref": null }, "geometry": { "type": "Point", "coordinates": [ 114.0294752, 22.5467434 ] } },
{ "type": "Feature", "properties": { "osmid": 7227357853, "y": 22.5436997, "x": 114.0384392, "street_count": 3, "highway": null, "ref": null }, "geometry": { "type": "Point", "coordinates": [ 114.0384392, 22.5436997 ] } },
{ "type": "Feature", "properties": { "osmid": 7227417660, "y": 22.5430789, "x": 114.0431792, "street_count": 3, "highway": "crossing", "ref": null }, "geometry": { "type": "Point", "coordinates": [ 114.0431792, 22.5430789 ] } },
{ "type": "Feature", "properties": { "osmid": 7232025520, "y": 22.5312288, "x": 114.0493467, "street_count": 3, "highway": null, "ref": null }, "geometry": { "type": "Point", "coordinates": [ 114.0493467, 22.5312288 ] } },
{ "type": "Feature", "properties": { "osmid": 7232025523, "y": 22.5313787, "x": 114.0502614, "street_count": 3, "highway": null, "ref": null }, "geometry": { "type": "Point", "coordinates": [ 114.0502614, 22.5313787 ] } },
{ "type": "Feature", "properties": { "osmid": 7232047137, "y": 22.5349292, "x": 114.0512643, "street_count": 3, "highway": null, "ref": null }, "geometry": { "type": "Point", "coordinates": [ 114.0512643, 22.5349292 ] } },
{ "type": "Feature", "properties": { "osmid": 7232047153, "y": 22.5356899, "x": 114.0513725, "street_count": 3, "highway": null, "ref": null }, "geometry": { "type": "Point", "coordinates": [ 114.0513725, 22.5356899 ] } },
{ "type": "Feature", "properties": { "osmid": 7232047223, "y": 22.5365058, "x": 114.047829, "street_count": 3, "highway": null, "ref": null }, "geometry": { "type": "Point", "coordinates": [ 114.047829, 22.5365058 ] } },
{ "type": "Feature", "properties": { "osmid": 7232047224, "y": 22.5367535, "x": 114.0478251, "street_count": 3, "highway": null, "ref": null }, "geometry": { "type": "Point", "coordinates": [ 114.0478251, 22.5367535 ] } },
{ "type": "Feature", "properties": { "osmid": 7249081499, "y": 22.5335967, "x": 114.0590297, "street_count": 3, "highway": null, "ref": null }, "geometry": { "type": "Point", "coordinates": [ 114.0590297, 22.5335967 ] } },
{ "type": "Feature", "properties": { "osmid": 7249081500, "y": 22.5319254, "x": 114.0590576, "street_count": 1, "highway": null, "ref": null }, "geometry": { "type": "Point", "coordinates": [ 114.0590576, 22.5319254 ] } },
{ "type": "Feature", "properties": { "osmid": 7252057816, "y": 22.5450878, "x": 114.0677919, "street_count": 1, "highway": null, "ref": null }, "geometry": { "type": "Point", "coordinates": [ 114.0677919, 22.5450878 ] } },
{ "type": "Feature", "properties": { "osmid": 7252057847, "y": 22.5475344, "x": 114.0661857, "street_count": 3, "highway": null, "ref": null }, "geometry": { "type": "Point", "coordinates": [ 114.0661857, 22.5475344 ] } },
{ "type": "Feature", "properties": { "osmid": 7252057927, "y": 22.5430539, "x": 114.0719038, "street_count": 3, "highway": null, "ref": null }, "geometry": { "type": "Point", "coordinates": [ 114.0719038, 22.5430539 ] } },
{ "type": "Feature", "properties": { "osmid": 7558081676, "y": 22.5336419, "x": 114.0629407, "street_count": 3, "highway": null, "ref": null }, "geometry": { "type": "Point", "coordinates": [ 114.0629407, 22.5336419 ] } },
{ "type": "Feature", "properties": { "osmid": 7609471530, "y": 22.5287242, "x": 114.0677338, "street_count": 3, "highway": null, "ref": null }, "geometry": { "type": "Point", "coordinates": [ 114.0677338, 22.5287242 ] } },
{ "type": "Feature", "properties": { "osmid": 7609471531, "y": 22.5289858, "x": 114.0680289, "street_count": 3, "highway": null, "ref": null }, "geometry": { "type": "Point", "coordinates": [ 114.0680289, 22.5289858 ] } },
{ "type": "Feature", "properties": { "osmid": 7609471538, "y": 22.5286018, "x": 114.0678713, "street_count": 1, "highway": null, "ref": null }, "geometry": { "type": "Point", "coordinates": [ 114.0678713, 22.5286018 ] } },
{ "type": "Feature", "properties": { "osmid": 7609471561, "y": 22.5353788, "x": 114.068207, "street_count": 3, "highway": null, "ref": null }, "geometry": { "type": "Point", "coordinates": [ 114.068207, 22.5353788 ] } },
{ "type": "Feature", "properties": { "osmid": 7609471564, "y": 22.539047, "x": 114.0682743, "street_count": 1, "highway": null, "ref": null }, "geometry": { "type": "Point", "coordinates": [ 114.0682743, 22.539047 ] } },
{ "type": "Feature", "properties": { "osmid": 7609471566, "y": 22.5365505, "x": 114.0681815, "street_count": 3, "highway": null, "ref": null }, "geometry": { "type": "Point", "coordinates": [ 114.0681815, 22.5365505 ] } },
{ "type": "Feature", "properties": { "osmid": 7609471567, "y": 22.5353206, "x": 114.0684291, "street_count": 1, "highway": null, "ref": null }, "geometry": { "type": "Point", "coordinates": [ 114.0684291, 22.5353206 ] } },
{ "type": "Feature", "properties": { "osmid": 7609471568, "y": 22.5352764, "x": 114.0682104, "street_count": 3, "highway": null, "ref": null }, "geometry": { "type": "Point", "coordinates": [ 114.0682104, 22.5352764 ] } },
{ "type": "Feature", "properties": { "osmid": 7616135774, "y": 22.5304675, "x": 114.0386329, "street_count": 3, "highway": null, "ref": null }, "geometry": { "type": "Point", "coordinates": [ 114.0386329, 22.5304675 ] } },
{ "type": "Feature", "properties": { "osmid": 7616135775, "y": 22.5306988, "x": 114.0391461, "street_count": 3, "highway": null, "ref": null }, "geometry": { "type": "Point", "coordinates": [ 114.0391461, 22.5306988 ] } },
{ "type": "Feature", "properties": { "osmid": 7626167472, "y": 22.5148463, "x": 114.0504392, "street_count": 4, "highway": null, "ref": null }, "geometry": { "type": "Point", "coordinates": [ 114.0504392, 22.5148463 ] } },
{ "type": "Feature", "properties": { "osmid": 7626167474, "y": 22.5144387, "x": 114.05052, "street_count": 3, "highway": null, "ref": null }, "geometry": { "type": "Point", "coordinates": [ 114.05052, 22.5144387 ] } },
{ "type": "Feature", "properties": { "osmid": 7626167483, "y": 22.5149198, "x": 114.0510761, "street_count": 3, "highway": null, "ref": null }, "geometry": { "type": "Point", "coordinates": [ 114.0510761, 22.5149198 ] } },
{ "type": "Feature", "properties": { "osmid": 7626252386, "y": 22.514649, "x": 114.0503376, "street_count": 3, "highway": null, "ref": null }, "geometry": { "type": "Point", "coordinates": [ 114.0503376, 22.514649 ] } },
{ "type": "Feature", "properties": { "osmid": 7626252390, "y": 22.5147121, "x": 114.0424338, "street_count": 2, "highway": null, "ref": null }, "geometry": { "type": "Point", "coordinates": [ 114.0424338, 22.5147121 ] } },
{ "type": "Feature", "properties": { "osmid": 7626252406, "y": 22.5151811, "x": 114.0405555, "street_count": 3, "highway": null, "ref": null }, "geometry": { "type": "Point", "coordinates": [ 114.0405555, 22.5151811 ] } },
{ "type": "Feature", "properties": { "osmid": 7626252415, "y": 22.5196515, "x": 114.0616091, "street_count": 3, "highway": null, "ref": null }, "geometry": { "type": "Point", "coordinates": [ 114.0616091, 22.5196515 ] } },
{ "type": "Feature", "properties": { "osmid": 7626252432, "y": 22.5182906, "x": 114.0503615, "street_count": 3, "highway": null, "ref": null }, "geometry": { "type": "Point", "coordinates": [ 114.0503615, 22.5182906 ] } },
{ "type": "Feature", "properties": { "osmid": 7626252440, "y": 22.5177271, "x": 114.0507544, "street_count": 4, "highway": null, "ref": null }, "geometry": { "type": "Point", "coordinates": [ 114.0507544, 22.5177271 ] } },
{ "type": "Feature", "properties": { "osmid": 7626252442, "y": 22.5177705, "x": 114.0508922, "street_count": 3, "highway": null, "ref": null }, "geometry": { "type": "Point", "coordinates": [ 114.0508922, 22.5177705 ] } },
{ "type": "Feature", "properties": { "osmid": 7629438273, "y": 22.5045952, "x": 114.0530291, "street_count": 3, "highway": null, "ref": null }, "geometry": { "type": "Point", "coordinates": [ 114.0530291, 22.5045952 ] } },
{ "type": "Feature", "properties": { "osmid": 7637463224, "y": 22.5430722, "x": 114.0714439, "street_count": 3, "highway": null, "ref": null }, "geometry": { "type": "Point", "coordinates": [ 114.0714439, 22.5430722 ] } },
{ "type": "Feature", "properties": { "osmid": 7637610188, "y": 22.5264204, "x": 114.0691777, "street_count": 3, "highway": null, "ref": null }, "geometry": { "type": "Point", "coordinates": [ 114.0691777, 22.5264204 ] } },
{ "type": "Feature", "properties": { "osmid": 7637610190, "y": 22.5262429, "x": 114.0691094, "street_count": 3, "highway": null, "ref": null }, "geometry": { "type": "Point", "coordinates": [ 114.0691094, 22.5262429 ] } },
{ "type": "Feature", "properties": { "osmid": 7637610201, "y": 22.5262858, "x": 114.0689655, "street_count": 3, "highway": null, "ref": null }, "geometry": { "type": "Point", "coordinates": [ 114.0689655, 22.5262858 ] } },
{ "type": "Feature", "properties": { "osmid": 7637868027, "y": 22.5297158, "x": 114.0516337, "street_count": 1, "highway": null, "ref": null }, "geometry": { "type": "Point", "coordinates": [ 114.0516337, 22.5297158 ] } },
{ "type": "Feature", "properties": { "osmid": 7637868046, "y": 22.5311293, "x": 114.05267, "street_count": 3, "highway": null, "ref": null }, "geometry": { "type": "Point", "coordinates": [ 114.05267, 22.5311293 ] } },
{ "type": "Feature", "properties": { "osmid": 7637868049, "y": 22.5285307, "x": 114.0525325, "street_count": 3, "highway": null, "ref": null }, "geometry": { "type": "Point", "coordinates": [ 114.0525325, 22.5285307 ] } },
{ "type": "Feature", "properties": { "osmid": 7640452829, "y": 22.5279691, "x": 114.0630575, "street_count": 3, "highway": null, "ref": null }, "geometry": { "type": "Point", "coordinates": [ 114.0630575, 22.5279691 ] } },
{ "type": "Feature", "properties": { "osmid": 7642948007, "y": 22.5232295, "x": 114.0624018, "street_count": 3, "highway": null, "ref": null }, "geometry": { "type": "Point", "coordinates": [ 114.0624018, 22.5232295 ] } },
{ "type": "Feature", "properties": { "osmid": 7656321485, "y": 22.5213964, "x": 114.0612836, "street_count": 3, "highway": null, "ref": null }, "geometry": { "type": "Point", "coordinates": [ 114.0612836, 22.5213964 ] } },
{ "type": "Feature", "properties": { "osmid": 7656321494, "y": 22.5212848, "x": 114.0613582, "street_count": 3, "highway": null, "ref": null }, "geometry": { "type": "Point", "coordinates": [ 114.0613582, 22.5212848 ] } },
{ "type": "Feature", "properties": { "osmid": 7656321502, "y": 22.5208614, "x": 114.0606803, "street_count": 3, "highway": null, "ref": null }, "geometry": { "type": "Point", "coordinates": [ 114.0606803, 22.5208614 ] } },
{ "type": "Feature", "properties": { "osmid": 7656321511, "y": 22.5208247, "x": 114.061201, "street_count": 4, "highway": null, "ref": null }, "geometry": { "type": "Point", "coordinates": [ 114.061201, 22.5208247 ] } },
{ "type": "Feature", "properties": { "osmid": 7656321578, "y": 22.5169822, "x": 114.0524487, "street_count": 3, "highway": null, "ref": null }, "geometry": { "type": "Point", "coordinates": [ 114.0524487, 22.5169822 ] } },
{ "type": "Feature", "properties": { "osmid": 7656321580, "y": 22.5174339, "x": 114.0524391, "street_count": 1, "highway": null, "ref": null }, "geometry": { "type": "Point", "coordinates": [ 114.0524391, 22.5174339 ] } },
{ "type": "Feature", "properties": { "osmid": 7656321592, "y": 22.5154911, "x": 114.0519893, "street_count": 3, "highway": null, "ref": null }, "geometry": { "type": "Point", "coordinates": [ 114.0519893, 22.5154911 ] } },
{ "type": "Feature", "properties": { "osmid": 7656321615, "y": 22.5163278, "x": 114.0525939, "street_count": 3, "highway": null, "ref": null }, "geometry": { "type": "Point", "coordinates": [ 114.0525939, 22.5163278 ] } },
{ "type": "Feature", "properties": { "osmid": 7656321617, "y": 22.5144347, "x": 114.0522563, "street_count": 3, "highway": null, "ref": null }, "geometry": { "type": "Point", "coordinates": [ 114.0522563, 22.5144347 ] } },
{ "type": "Feature", "properties": { "osmid": 7673048432, "y": 22.5261503, "x": 114.0651296, "street_count": 1, "highway": null, "ref": null }, "geometry": { "type": "Point", "coordinates": [ 114.0651296, 22.5261503 ] } },
{ "type": "Feature", "properties": { "osmid": 7701169497, "y": 22.5191917, "x": 114.0632002, "street_count": 5, "highway": null, "ref": null }, "geometry": { "type": "Point", "coordinates": [ 114.0632002, 22.5191917 ] } },
{ "type": "Feature", "properties": { "osmid": 7701169511, "y": 22.5127367, "x": 114.0514642, "street_count": 3, "highway": null, "ref": null }, "geometry": { "type": "Point", "coordinates": [ 114.0514642, 22.5127367 ] } },
{ "type": "Feature", "properties": { "osmid": 7701169518, "y": 22.5125094, "x": 114.0511526, "street_count": 3, "highway": null, "ref": null }, "geometry": { "type": "Point", "coordinates": [ 114.0511526, 22.5125094 ] } },
{ "type": "Feature", "properties": { "osmid": 7701169566, "y": 22.5186052, "x": 114.0403339, "street_count": 3, "highway": null, "ref": null }, "geometry": { "type": "Point", "coordinates": [ 114.0403339, 22.5186052 ] } },
{ "type": "Feature", "properties": { "osmid": 7701171822, "y": 22.514999, "x": 114.0404776, "street_count": 3, "highway": null, "ref": null }, "geometry": { "type": "Point", "coordinates": [ 114.0404776, 22.514999 ] } },
{ "type": "Feature", "properties": { "osmid": 7701171850, "y": 22.5207609, "x": 114.028992, "street_count": 4, "highway": null, "ref": null }, "geometry": { "type": "Point", "coordinates": [ 114.028992, 22.5207609 ] } },
{ "type": "Feature", "properties": { "osmid": 7701171856, "y": 22.5189994, "x": 114.0324714, "street_count": 4, "highway": null, "ref": null }, "geometry": { "type": "Point", "coordinates": [ 114.0324714, 22.5189994 ] } },
{ "type": "Feature", "properties": { "osmid": 7701171911, "y": 22.5157203, "x": 114.0384768, "street_count": 4, "highway": null, "ref": null }, "geometry": { "type": "Point", "coordinates": [ 114.0384768, 22.5157203 ] } },
{ "type": "Feature", "properties": { "osmid": 7702665399, "y": 22.5141757, "x": 114.0447955, "street_count": 3, "highway": null, "ref": null }, "geometry": { "type": "Point", "coordinates": [ 114.0447955, 22.5141757 ] } },
{ "type": "Feature", "properties": { "osmid": 7702665402, "y": 22.5140911, "x": 114.0464696, "street_count": 3, "highway": null, "ref": null }, "geometry": { "type": "Point", "coordinates": [ 114.0464696, 22.5140911 ] } },
{ "type": "Feature", "properties": { "osmid": 7702665403, "y": 22.5141061, "x": 114.0473964, "street_count": 3, "highway": null, "ref": null }, "geometry": { "type": "Point", "coordinates": [ 114.0473964, 22.5141061 ] } },
{ "type": "Feature", "properties": { "osmid": 7702665410, "y": 22.5143977, "x": 114.0499617, "street_count": 3, "highway": null, "ref": null }, "geometry": { "type": "Point", "coordinates": [ 114.0499617, 22.5143977 ] } },
{ "type": "Feature", "properties": { "osmid": 7702665417, "y": 22.5148112, "x": 114.0410595, "street_count": 4, "highway": null, "ref": null }, "geometry": { "type": "Point", "coordinates": [ 114.0410595, 22.5148112 ] } },
{ "type": "Feature", "properties": { "osmid": 7702665421, "y": 22.5145094, "x": 114.0423293, "street_count": 3, "highway": null, "ref": null }, "geometry": { "type": "Point", "coordinates": [ 114.0423293, 22.5145094 ] } },
{ "type": "Feature", "properties": { "osmid": 7702665457, "y": 22.5145025, "x": 114.0505053, "street_count": 4, "highway": null, "ref": null }, "geometry": { "type": "Point", "coordinates": [ 114.0505053, 22.5145025 ] } },
{ "type": "Feature", "properties": { "osmid": 7704094931, "y": 22.5112289, "x": 114.045828, "street_count": 1, "highway": null, "ref": null }, "geometry": { "type": "Point", "coordinates": [ 114.045828, 22.5112289 ] } },
{ "type": "Feature", "properties": { "osmid": 7707208812, "y": 22.5293469, "x": 114.0630055, "street_count": 3, "highway": null, "ref": null }, "geometry": { "type": "Point", "coordinates": [ 114.0630055, 22.5293469 ] } },
{ "type": "Feature", "properties": { "osmid": 7710972505, "y": 22.5273792, "x": 114.0548142, "street_count": 3, "highway": null, "ref": null }, "geometry": { "type": "Point", "coordinates": [ 114.0548142, 22.5273792 ] } },
{ "type": "Feature", "properties": { "osmid": 7710972529, "y": 22.5276971, "x": 114.0451859, "street_count": 3, "highway": null, "ref": null }, "geometry": { "type": "Point", "coordinates": [ 114.0451859, 22.5276971 ] } },
{ "type": "Feature", "properties": { "osmid": 7719250780, "y": 22.5250141, "x": 114.0684938, "street_count": 3, "highway": null, "ref": null }, "geometry": { "type": "Point", "coordinates": [ 114.0684938, 22.5250141 ] } },
{ "type": "Feature", "properties": { "osmid": 7724575156, "y": 22.5312979, "x": 114.0537186, "street_count": 3, "highway": null, "ref": null }, "geometry": { "type": "Point", "coordinates": [ 114.0537186, 22.5312979 ] } },
{ "type": "Feature", "properties": { "osmid": 7724575160, "y": 22.5311037, "x": 114.0538674, "street_count": 3, "highway": null, "ref": null }, "geometry": { "type": "Point", "coordinates": [ 114.0538674, 22.5311037 ] } },
{ "type": "Feature", "properties": { "osmid": 7726383871, "y": 22.5276285, "x": 114.0512707, "street_count": 3, "highway": null, "ref": null }, "geometry": { "type": "Point", "coordinates": [ 114.0512707, 22.5276285 ] } },
{ "type": "Feature", "properties": { "osmid": 7735592377, "y": 22.5312383, "x": 114.0525728, "street_count": 3, "highway": null, "ref": null }, "geometry": { "type": "Point", "coordinates": [ 114.0525728, 22.5312383 ] } },
{ "type": "Feature", "properties": { "osmid": 7735602390, "y": 22.5312409, "x": 114.0527612, "street_count": 3, "highway": null, "ref": null }, "geometry": { "type": "Point", "coordinates": [ 114.0527612, 22.5312409 ] } },
{ "type": "Feature", "properties": { "osmid": 7791604199, "y": 22.5394287, "x": 114.0630239, "street_count": 3, "highway": null, "ref": null }, "geometry": { "type": "Point", "coordinates": [ 114.0630239, 22.5394287 ] } },
{ "type": "Feature", "properties": { "osmid": 7791604210, "y": 22.5497717, "x": 114.0626206, "street_count": 3, "highway": null, "ref": null }, "geometry": { "type": "Point", "coordinates": [ 114.0626206, 22.5497717 ] } },
{ "type": "Feature", "properties": { "osmid": 7868781052, "y": 22.52687, "x": 114.0316989, "street_count": 4, "highway": "traffic_signals", "ref": null }, "geometry": { "type": "Point", "coordinates": [ 114.0316989, 22.52687 ] } },
{ "type": "Feature", "properties": { "osmid": 7868781069, "y": 22.5268015, "x": 114.031487, "street_count": 3, "highway": null, "ref": null }, "geometry": { "type": "Point", "coordinates": [ 114.031487, 22.5268015 ] } },
{ "type": "Feature", "properties": { "osmid": 7893911643, "y": 22.5215434, "x": 114.0608843, "street_count": 3, "highway": null, "ref": null }, "geometry": { "type": "Point", "coordinates": [ 114.0608843, 22.5215434 ] } },
{ "type": "Feature", "properties": { "osmid": 7893947001, "y": 22.5439399, "x": 114.0650396, "street_count": 3, "highway": null, "ref": null }, "geometry": { "type": "Point", "coordinates": [ 114.0650396, 22.5439399 ] } },
{ "type": "Feature", "properties": { "osmid": 7893947019, "y": 22.5470188, "x": 114.0763912, "street_count": 4, "highway": null, "ref": null }, "geometry": { "type": "Point", "coordinates": [ 114.0763912, 22.5470188 ] } },
{ "type": "Feature", "properties": { "osmid": 7899265503, "y": 22.5279066, "x": 114.04505, "street_count": 3, "highway": null, "ref": null }, "geometry": { "type": "Point", "coordinates": [ 114.04505, 22.5279066 ] } },
{ "type": "Feature", "properties": { "osmid": 7950517395, "y": 22.5359065, "x": 114.0719669, "street_count": 3, "highway": null, "ref": null }, "geometry": { "type": "Point", "coordinates": [ 114.0719669, 22.5359065 ] } },
{ "type": "Feature", "properties": { "osmid": 7950517401, "y": 22.5346669, "x": 114.078527, "street_count": 3, "highway": null, "ref": null }, "geometry": { "type": "Point", "coordinates": [ 114.078527, 22.5346669 ] } },
{ "type": "Feature", "properties": { "osmid": 7950517436, "y": 22.5387679, "x": 114.0720225, "street_count": 4, "highway": null, "ref": null }, "geometry": { "type": "Point", "coordinates": [ 114.0720225, 22.5387679 ] } },
{ "type": "Feature", "properties": { "osmid": 7950517485, "y": 22.5334377, "x": 114.0750911, "street_count": 3, "highway": null, "ref": null }, "geometry": { "type": "Point", "coordinates": [ 114.0750911, 22.5334377 ] } },
{ "type": "Feature", "properties": { "osmid": 7950517541, "y": 22.5353989, "x": 114.0766757, "street_count": 3, "highway": null, "ref": null }, "geometry": { "type": "Point", "coordinates": [ 114.0766757, 22.5353989 ] } },
{ "type": "Feature", "properties": { "osmid": 7950517542, "y": 22.5358946, "x": 114.0760385, "street_count": 3, "highway": null, "ref": null }, "geometry": { "type": "Point", "coordinates": [ 114.0760385, 22.5358946 ] } },
{ "type": "Feature", "properties": { "osmid": 7950517543, "y": 22.5361215, "x": 114.0762594, "street_count": 1, "highway": null, "ref": null }, "geometry": { "type": "Point", "coordinates": [ 114.0762594, 22.5361215 ] } },
{ "type": "Feature", "properties": { "osmid": 7950517545, "y": 22.5347331, "x": 114.0761433, "street_count": 3, "highway": null, "ref": null }, "geometry": { "type": "Point", "coordinates": [ 114.0761433, 22.5347331 ] } },
{ "type": "Feature", "properties": { "osmid": 7950517551, "y": 22.5356956, "x": 114.0769197, "street_count": 4, "highway": null, "ref": null }, "geometry": { "type": "Point", "coordinates": [ 114.0769197, 22.5356956 ] } },
{ "type": "Feature", "properties": { "osmid": 7953723959, "y": 22.5376957, "x": 114.0703099, "street_count": 1, "highway": null, "ref": null }, "geometry": { "type": "Point", "coordinates": [ 114.0703099, 22.5376957 ] } },
{ "type": "Feature", "properties": { "osmid": 7953723960, "y": 22.537458, "x": 114.0699486, "street_count": 3, "highway": null, "ref": null }, "geometry": { "type": "Point", "coordinates": [ 114.0699486, 22.537458 ] } },
{ "type": "Feature", "properties": { "osmid": 7953724239, "y": 22.5417476, "x": 114.0748766, "street_count": 3, "highway": null, "ref": null }, "geometry": { "type": "Point", "coordinates": [ 114.0748766, 22.5417476 ] } },
{ "type": "Feature", "properties": { "osmid": 7958753225, "y": 22.5322496, "x": 114.0479797, "street_count": 3, "highway": null, "ref": null }, "geometry": { "type": "Point", "coordinates": [ 114.0479797, 22.5322496 ] } },
{ "type": "Feature", "properties": { "osmid": 7958753235, "y": 22.541763, "x": 114.0478295, "street_count": 3, "highway": null, "ref": null }, "geometry": { "type": "Point", "coordinates": [ 114.0478295, 22.541763 ] } },
{ "type": "Feature", "properties": { "osmid": 7958753244, "y": 22.5333402, "x": 114.0447715, "street_count": 4, "highway": null, "ref": null }, "geometry": { "type": "Point", "coordinates": [ 114.0447715, 22.5333402 ] } },
{ "type": "Feature", "properties": { "osmid": 7958753249, "y": 22.5333676, "x": 114.0478778, "street_count": 4, "highway": null, "ref": null }, "geometry": { "type": "Point", "coordinates": [ 114.0478778, 22.5333676 ] } },
{ "type": "Feature", "properties": { "osmid": 7958753250, "y": 22.5334379, "x": 114.0478767, "street_count": 4, "highway": null, "ref": null }, "geometry": { "type": "Point", "coordinates": [ 114.0478767, 22.5334379 ] } },
{ "type": "Feature", "properties": { "osmid": 7958753251, "y": 22.5334062, "x": 114.0479607, "street_count": 4, "highway": null, "ref": null }, "geometry": { "type": "Point", "coordinates": [ 114.0479607, 22.5334062 ] } },
{ "type": "Feature", "properties": { "osmid": 7958753253, "y": 22.5333507, "x": 114.0459912, "street_count": 4, "highway": null, "ref": null }, "geometry": { "type": "Point", "coordinates": [ 114.0459912, 22.5333507 ] } },
{ "type": "Feature", "properties": { "osmid": 7958753254, "y": 22.5322488, "x": 114.0478952, "street_count": 4, "highway": null, "ref": null }, "geometry": { "type": "Point", "coordinates": [ 114.0478952, 22.5322488 ] } },
{ "type": "Feature", "properties": { "osmid": 7958755724, "y": 22.5409895, "x": 114.0478361, "street_count": 4, "highway": null, "ref": null }, "geometry": { "type": "Point", "coordinates": [ 114.0478361, 22.5409895 ] } },
{ "type": "Feature", "properties": { "osmid": 7958755753, "y": 22.5402545, "x": 114.0478482, "street_count": 4, "highway": null, "ref": null }, "geometry": { "type": "Point", "coordinates": [ 114.0478482, 22.5402545 ] } },
{ "type": "Feature", "properties": { "osmid": 7958755754, "y": 22.5402751, "x": 114.0490454, "street_count": 3, "highway": null, "ref": null }, "geometry": { "type": "Point", "coordinates": [ 114.0490454, 22.5402751 ] } },
{ "type": "Feature", "properties": { "osmid": 7958755764, "y": 22.5403175, "x": 114.0496617, "street_count": 3, "highway": null, "ref": null }, "geometry": { "type": "Point", "coordinates": [ 114.0496617, 22.5403175 ] } },
{ "type": "Feature", "properties": { "osmid": 7959590802, "y": 22.5394358, "x": 114.0455616, "street_count": 3, "highway": null, "ref": null }, "geometry": { "type": "Point", "coordinates": [ 114.0455616, 22.5394358 ] } },
{ "type": "Feature", "properties": { "osmid": 7959590803, "y": 22.539447, "x": 114.0464465, "street_count": 3, "highway": null, "ref": null }, "geometry": { "type": "Point", "coordinates": [ 114.0464465, 22.539447 ] } },
{ "type": "Feature", "properties": { "osmid": 7959590809, "y": 22.5393628, "x": 114.04692, "street_count": 3, "highway": null, "ref": null }, "geometry": { "type": "Point", "coordinates": [ 114.04692, 22.5393628 ] } },
{ "type": "Feature", "properties": { "osmid": 7959590814, "y": 22.5396036, "x": 114.0444942, "street_count": 3, "highway": null, "ref": null }, "geometry": { "type": "Point", "coordinates": [ 114.0444942, 22.5396036 ] } },
{ "type": "Feature", "properties": { "osmid": 7959590835, "y": 22.539624, "x": 114.0581209, "street_count": 4, "highway": null, "ref": null }, "geometry": { "type": "Point", "coordinates": [ 114.0581209, 22.539624 ] } },
{ "type": "Feature", "properties": { "osmid": 7959590839, "y": 22.5395436, "x": 114.0581199, "street_count": 4, "highway": null, "ref": null }, "geometry": { "type": "Point", "coordinates": [ 114.0581199, 22.5395436 ] } },
{ "type": "Feature", "properties": { "osmid": 7959590868, "y": 22.539453, "x": 114.0469192, "street_count": 4, "highway": null, "ref": null }, "geometry": { "type": "Point", "coordinates": [ 114.0469192, 22.539453 ] } },
{ "type": "Feature", "properties": { "osmid": 7959590869, "y": 22.5394649, "x": 114.0478611, "street_count": 4, "highway": null, "ref": null }, "geometry": { "type": "Point", "coordinates": [ 114.0478611, 22.5394649 ] } },
{ "type": "Feature", "properties": { "osmid": 7959590870, "y": 22.5393782, "x": 114.0478626, "street_count": 4, "highway": null, "ref": null }, "geometry": { "type": "Point", "coordinates": [ 114.0478626, 22.5393782 ] } },
{ "type": "Feature", "properties": { "osmid": 7959590871, "y": 22.5394639, "x": 114.047783, "street_count": 4, "highway": null, "ref": null }, "geometry": { "type": "Point", "coordinates": [ 114.047783, 22.5394639 ] } },
{ "type": "Feature", "properties": { "osmid": 7959590872, "y": 22.5393768, "x": 114.0477843, "street_count": 4, "highway": null, "ref": null }, "geometry": { "type": "Point", "coordinates": [ 114.0477843, 22.5393768 ] } },
{ "type": "Feature", "properties": { "osmid": 7959590873, "y": 22.5394801, "x": 114.0490603, "street_count": 4, "highway": null, "ref": null }, "geometry": { "type": "Point", "coordinates": [ 114.0490603, 22.5394801 ] } },
{ "type": "Feature", "properties": { "osmid": 7959590877, "y": 22.5371295, "x": 114.0495794, "street_count": 3, "highway": null, "ref": null }, "geometry": { "type": "Point", "coordinates": [ 114.0495794, 22.5371295 ] } },
{ "type": "Feature", "properties": { "osmid": 7959590880, "y": 22.5376817, "x": 114.0495615, "street_count": 3, "highway": null, "ref": null }, "geometry": { "type": "Point", "coordinates": [ 114.0495615, 22.5376817 ] } },
{ "type": "Feature", "properties": { "osmid": 7959590884, "y": 22.5394859, "x": 114.0495261, "street_count": 4, "highway": null, "ref": null }, "geometry": { "type": "Point", "coordinates": [ 114.0495261, 22.5394859 ] } },
{ "type": "Feature", "properties": { "osmid": 7959602886, "y": 22.5394053, "x": 114.0495381, "street_count": 4, "highway": null, "ref": null }, "geometry": { "type": "Point", "coordinates": [ 114.0495381, 22.5394053 ] } },
{ "type": "Feature", "properties": { "osmid": 7959602889, "y": 22.5384724, "x": 114.0495508, "street_count": 3, "highway": null, "ref": null }, "geometry": { "type": "Point", "coordinates": [ 114.0495508, 22.5384724 ] } },
{ "type": "Feature", "properties": { "osmid": 7959602891, "y": 22.5372934, "x": 114.0478167, "street_count": 4, "highway": null, "ref": null }, "geometry": { "type": "Point", "coordinates": [ 114.0478167, 22.5372934 ] } },
{ "type": "Feature", "properties": { "osmid": 7959602898, "y": 22.5375383, "x": 114.0533568, "street_count": 4, "highway": null, "ref": null }, "geometry": { "type": "Point", "coordinates": [ 114.0533568, 22.5375383 ] } },
{ "type": "Feature", "properties": { "osmid": 7959602907, "y": 22.5374362, "x": 114.0567482, "street_count": 3, "highway": null, "ref": null }, "geometry": { "type": "Point", "coordinates": [ 114.0567482, 22.5374362 ] } },
{ "type": "Feature", "properties": { "osmid": 7959602911, "y": 22.5374715, "x": 114.0589704, "street_count": 3, "highway": null, "ref": null }, "geometry": { "type": "Point", "coordinates": [ 114.0589704, 22.5374715 ] } },
{ "type": "Feature", "properties": { "osmid": 7959602934, "y": 22.5374792, "x": 114.0494507, "street_count": 3, "highway": null, "ref": null }, "geometry": { "type": "Point", "coordinates": [ 114.0494507, 22.5374792 ] } },
{ "type": "Feature", "properties": { "osmid": 7959602961, "y": 22.5374027, "x": 114.0467247, "street_count": 3, "highway": null, "ref": null }, "geometry": { "type": "Point", "coordinates": [ 114.0467247, 22.5374027 ] } },
{ "type": "Feature", "properties": { "osmid": 7959603010, "y": 22.5372793, "x": 114.0468112, "street_count": 3, "highway": null, "ref": null }, "geometry": { "type": "Point", "coordinates": [ 114.0468112, 22.5372793 ] } },
{ "type": "Feature", "properties": { "osmid": 7959603011, "y": 22.5372947, "x": 114.0478968, "street_count": 4, "highway": null, "ref": null }, "geometry": { "type": "Point", "coordinates": [ 114.0478968, 22.5372947 ] } },
{ "type": "Feature", "properties": { "osmid": 7959603012, "y": 22.5374556, "x": 114.0478941, "street_count": 4, "highway": null, "ref": null }, "geometry": { "type": "Point", "coordinates": [ 114.0478941, 22.5374556 ] } },
{ "type": "Feature", "properties": { "osmid": 7959603013, "y": 22.5374543, "x": 114.0478142, "street_count": 4, "highway": null, "ref": null }, "geometry": { "type": "Point", "coordinates": [ 114.0478142, 22.5374543 ] } },
{ "type": "Feature", "properties": { "osmid": 7959603029, "y": 22.5374844, "x": 114.0497894, "street_count": 3, "highway": null, "ref": null }, "geometry": { "type": "Point", "coordinates": [ 114.0497894, 22.5374844 ] } },
{ "type": "Feature", "properties": { "osmid": 7959603031, "y": 22.5356264, "x": 114.0500572, "street_count": 3, "highway": null, "ref": null }, "geometry": { "type": "Point", "coordinates": [ 114.0500572, 22.5356264 ] } },
{ "type": "Feature", "properties": { "osmid": 7959603047, "y": 22.537318, "x": 114.0493507, "street_count": 3, "highway": null, "ref": null }, "geometry": { "type": "Point", "coordinates": [ 114.0493507, 22.537318 ] } },
{ "type": "Feature", "properties": { "osmid": 7959603056, "y": 22.537322, "x": 114.0497655, "street_count": 3, "highway": null, "ref": null }, "geometry": { "type": "Point", "coordinates": [ 114.0497655, 22.537322 ] } },
{ "type": "Feature", "properties": { "osmid": 7959603088, "y": 22.5395008, "x": 114.0507065, "street_count": 3, "highway": null, "ref": null }, "geometry": { "type": "Point", "coordinates": [ 114.0507065, 22.5395008 ] } },
{ "type": "Feature", "properties": { "osmid": 7959603093, "y": 22.5395088, "x": 114.051182, "street_count": 4, "highway": null, "ref": null }, "geometry": { "type": "Point", "coordinates": [ 114.051182, 22.5395088 ] } },
{ "type": "Feature", "properties": { "osmid": 7959603096, "y": 22.539516, "x": 114.0516508, "street_count": 3, "highway": null, "ref": null }, "geometry": { "type": "Point", "coordinates": [ 114.0516508, 22.539516 ] } },
{ "type": "Feature", "properties": { "osmid": 7959603100, "y": 22.5390917, "x": 114.0513107, "street_count": 3, "highway": null, "ref": null }, "geometry": { "type": "Point", "coordinates": [ 114.0513107, 22.5390917 ] } },
{ "type": "Feature", "properties": { "osmid": 7959603103, "y": 22.5354109, "x": 114.0517262, "street_count": 3, "highway": null, "ref": null }, "geometry": { "type": "Point", "coordinates": [ 114.0517262, 22.5354109 ] } },
{ "type": "Feature", "properties": { "osmid": 7959603104, "y": 22.5378522, "x": 114.0512117, "street_count": 3, "highway": null, "ref": null }, "geometry": { "type": "Point", "coordinates": [ 114.0512117, 22.5378522 ] } },
{ "type": "Feature", "properties": { "osmid": 7959603111, "y": 22.5375011, "x": 114.0508259, "street_count": 3, "highway": null, "ref": null }, "geometry": { "type": "Point", "coordinates": [ 114.0508259, 22.5375011 ] } },
{ "type": "Feature", "properties": { "osmid": 7959603112, "y": 22.5373418, "x": 114.050778, "street_count": 3, "highway": null, "ref": null }, "geometry": { "type": "Point", "coordinates": [ 114.050778, 22.5373418 ] } },
{ "type": "Feature", "properties": { "osmid": 7959603120, "y": 22.5369961, "x": 114.0513474, "street_count": 3, "highway": null, "ref": null }, "geometry": { "type": "Point", "coordinates": [ 114.0513474, 22.5369961 ] } },
{ "type": "Feature", "properties": { "osmid": 7959603128, "y": 22.5373556, "x": 114.0517066, "street_count": 3, "highway": null, "ref": null }, "geometry": { "type": "Point", "coordinates": [ 114.0517066, 22.5373556 ] } },
{ "type": "Feature", "properties": { "osmid": 7959603129, "y": 22.5375165, "x": 114.0519185, "street_count": 3, "highway": null, "ref": null }, "geometry": { "type": "Point", "coordinates": [ 114.0519185, 22.5375165 ] } },
{ "type": "Feature", "properties": { "osmid": 7959603137, "y": 22.5378679, "x": 114.0513325, "street_count": 3, "highway": null, "ref": null }, "geometry": { "type": "Point", "coordinates": [ 114.0513325, 22.5378679 ] } },
{ "type": "Feature", "properties": { "osmid": 7959603149, "y": 22.5375271, "x": 114.0526135, "street_count": 3, "highway": null, "ref": null }, "geometry": { "type": "Point", "coordinates": [ 114.0526135, 22.5375271 ] } },
{ "type": "Feature", "properties": { "osmid": 7959603154, "y": 22.539455, "x": 114.0525896, "street_count": 3, "highway": null, "ref": null }, "geometry": { "type": "Point", "coordinates": [ 114.0525896, 22.539455 ] } },
{ "type": "Feature", "properties": { "osmid": 7959603173, "y": 22.5394668, "x": 114.0533214, "street_count": 4, "highway": null, "ref": null }, "geometry": { "type": "Point", "coordinates": [ 114.0533214, 22.5394668 ] } },
{ "type": "Feature", "properties": { "osmid": 7959603196, "y": 22.5373696, "x": 114.0525887, "street_count": 3, "highway": null, "ref": null }, "geometry": { "type": "Point", "coordinates": [ 114.0525887, 22.5373696 ] } },
{ "type": "Feature", "properties": { "osmid": 7959603210, "y": 22.539576, "x": 114.0559444, "street_count": 3, "highway": null, "ref": null }, "geometry": { "type": "Point", "coordinates": [ 114.0559444, 22.539576 ] } },
{ "type": "Feature", "properties": { "osmid": 7959603216, "y": 22.5395096, "x": 114.0559453, "street_count": 4, "highway": null, "ref": null }, "geometry": { "type": "Point", "coordinates": [ 114.0559453, 22.5395096 ] } },
{ "type": "Feature", "properties": { "osmid": 7959603232, "y": 22.5375779, "x": 114.055972, "street_count": 4, "highway": null, "ref": null }, "geometry": { "type": "Point", "coordinates": [ 114.055972, 22.5375779 ] } },
{ "type": "Feature", "properties": { "osmid": 7959603233, "y": 22.5374236, "x": 114.0559741, "street_count": 4, "highway": null, "ref": null }, "geometry": { "type": "Point", "coordinates": [ 114.0559741, 22.5374236 ] } },
{ "type": "Feature", "properties": { "osmid": 7959603239, "y": 22.5376029, "x": 114.0576308, "street_count": 3, "highway": null, "ref": null }, "geometry": { "type": "Point", "coordinates": [ 114.0576308, 22.5376029 ] } },
{ "type": "Feature", "properties": { "osmid": 7959603240, "y": 22.5374483, "x": 114.0575116, "street_count": 3, "highway": null, "ref": null }, "geometry": { "type": "Point", "coordinates": [ 114.0575116, 22.5374483 ] } },
{ "type": "Feature", "properties": { "osmid": 7959603243, "y": 22.5395426, "x": 114.0576146, "street_count": 3, "highway": null, "ref": null }, "geometry": { "type": "Point", "coordinates": [ 114.0576146, 22.5395426 ] } },
{ "type": "Feature", "properties": { "osmid": 7959603254, "y": 22.5375077, "x": 114.0513387, "street_count": 4, "highway": null, "ref": null }, "geometry": { "type": "Point", "coordinates": [ 114.0513387, 22.5375077 ] } },
{ "type": "Feature", "properties": { "osmid": 7959603255, "y": 22.5375061, "x": 114.051218, "street_count": 4, "highway": null, "ref": null }, "geometry": { "type": "Point", "coordinates": [ 114.051218, 22.5375061 ] } },
{ "type": "Feature", "properties": { "osmid": 7959603264, "y": 22.5373484, "x": 114.0512208, "street_count": 4, "highway": null, "ref": null }, "geometry": { "type": "Point", "coordinates": [ 114.0512208, 22.5373484 ] } },
{ "type": "Feature", "properties": { "osmid": 7959603265, "y": 22.5373497, "x": 114.0513413, "street_count": 4, "highway": null, "ref": null }, "geometry": { "type": "Point", "coordinates": [ 114.0513413, 22.5373497 ] } },
{ "type": "Feature", "properties": { "osmid": 7959603266, "y": 22.537382, "x": 114.0533596, "street_count": 4, "highway": null, "ref": null }, "geometry": { "type": "Point", "coordinates": [ 114.0533596, 22.537382 ] } },
{ "type": "Feature", "properties": { "osmid": 7959603270, "y": 22.539432, "x": 114.0511833, "street_count": 5, "highway": null, "ref": null }, "geometry": { "type": "Point", "coordinates": [ 114.0511833, 22.539432 ] } },
{ "type": "Feature", "properties": { "osmid": 7959603271, "y": 22.5394341, "x": 114.0513046, "street_count": 4, "highway": null, "ref": null }, "geometry": { "type": "Point", "coordinates": [ 114.0513046, 22.5394341 ] } },
{ "type": "Feature", "properties": { "osmid": 7959603272, "y": 22.5395105, "x": 114.0513024, "street_count": 4, "highway": null, "ref": null }, "geometry": { "type": "Point", "coordinates": [ 114.0513024, 22.5395105 ] } },
{ "type": "Feature", "properties": { "osmid": 7959932859, "y": 22.5396125, "x": 114.0576793, "street_count": 3, "highway": null, "ref": null }, "geometry": { "type": "Point", "coordinates": [ 114.0576793, 22.5396125 ] } },
{ "type": "Feature", "properties": { "osmid": 7959932863, "y": 22.5396219, "x": 114.0579777, "street_count": 4, "highway": null, "ref": null }, "geometry": { "type": "Point", "coordinates": [ 114.0579777, 22.5396219 ] } },
{ "type": "Feature", "properties": { "osmid": 7959932864, "y": 22.5395405, "x": 114.0579521, "street_count": 4, "highway": null, "ref": null }, "geometry": { "type": "Point", "coordinates": [ 114.0579521, 22.5395405 ] } },
{ "type": "Feature", "properties": { "osmid": 7959932869, "y": 22.5379601, "x": 114.0579718, "street_count": 3, "highway": null, "ref": null }, "geometry": { "type": "Point", "coordinates": [ 114.0579718, 22.5379601 ] } },
{ "type": "Feature", "properties": { "osmid": 7959932870, "y": 22.5374587, "x": 114.0581548, "street_count": 4, "highway": null, "ref": null }, "geometry": { "type": "Point", "coordinates": [ 114.0581548, 22.5374587 ] } },
{ "type": "Feature", "properties": { "osmid": 7959932876, "y": 22.5365006, "x": 114.057991, "street_count": 3, "highway": null, "ref": null }, "geometry": { "type": "Point", "coordinates": [ 114.057991, 22.5365006 ] } },
{ "type": "Feature", "properties": { "osmid": 7959932877, "y": 22.5379155, "x": 114.0581454, "street_count": 3, "highway": null, "ref": null }, "geometry": { "type": "Point", "coordinates": [ 114.0581454, 22.5379155 ] } },
{ "type": "Feature", "properties": { "osmid": 7959932878, "y": 22.5358694, "x": 114.0581831, "street_count": 3, "highway": null, "ref": null }, "geometry": { "type": "Point", "coordinates": [ 114.0581831, 22.5358694 ] } },
{ "type": "Feature", "properties": { "osmid": 7959932880, "y": 22.5353524, "x": 114.0580032, "street_count": 4, "highway": null, "ref": null }, "geometry": { "type": "Point", "coordinates": [ 114.0580032, 22.5353524 ] } },
{ "type": "Feature", "properties": { "osmid": 7959932882, "y": 22.5335035, "x": 114.0578469, "street_count": 3, "highway": null, "ref": null }, "geometry": { "type": "Point", "coordinates": [ 114.0578469, 22.5335035 ] } },
{ "type": "Feature", "properties": { "osmid": 7959932883, "y": 22.5329834, "x": 114.0578578, "street_count": 3, "highway": null, "ref": null }, "geometry": { "type": "Point", "coordinates": [ 114.0578578, 22.5329834 ] } },
{ "type": "Feature", "properties": { "osmid": 7959990507, "y": 22.5336562, "x": 114.0582291, "street_count": 3, "highway": null, "ref": null }, "geometry": { "type": "Point", "coordinates": [ 114.0582291, 22.5336562 ] } },
{ "type": "Feature", "properties": { "osmid": 7959990521, "y": 22.5336633, "x": 114.0620456, "street_count": 4, "highway": null, "ref": null }, "geometry": { "type": "Point", "coordinates": [ 114.0620456, 22.5336633 ] } },
{ "type": "Feature", "properties": { "osmid": 7959990531, "y": 22.5336871, "x": 114.0619308, "street_count": 3, "highway": null, "ref": null }, "geometry": { "type": "Point", "coordinates": [ 114.0619308, 22.5336871 ] } },
{ "type": "Feature", "properties": { "osmid": 7959990534, "y": 22.5318453, "x": 114.0603597, "street_count": 3, "highway": null, "ref": null }, "geometry": { "type": "Point", "coordinates": [ 114.0603597, 22.5318453 ] } },
{ "type": "Feature", "properties": { "osmid": 7959990553, "y": 22.5335999, "x": 114.059252, "street_count": 4, "highway": null, "ref": null }, "geometry": { "type": "Point", "coordinates": [ 114.059252, 22.5335999 ] } },
{ "type": "Feature", "properties": { "osmid": 7959990554, "y": 22.5335426, "x": 114.0592511, "street_count": 3, "highway": null, "ref": null }, "geometry": { "type": "Point", "coordinates": [ 114.0592511, 22.5335426 ] } },
{ "type": "Feature", "properties": { "osmid": 7959990555, "y": 22.5335404, "x": 114.059029, "street_count": 4, "highway": null, "ref": null }, "geometry": { "type": "Point", "coordinates": [ 114.059029, 22.5335404 ] } },
{ "type": "Feature", "properties": { "osmid": 7959990556, "y": 22.5335662, "x": 114.0605553, "street_count": 4, "highway": null, "ref": null }, "geometry": { "type": "Point", "coordinates": [ 114.0605553, 22.5335662 ] } },
{ "type": "Feature", "properties": { "osmid": 7959990557, "y": 22.5335686, "x": 114.0606197, "street_count": 4, "highway": null, "ref": null }, "geometry": { "type": "Point", "coordinates": [ 114.0606197, 22.5335686 ] } },
{ "type": "Feature", "properties": { "osmid": 7959990558, "y": 22.5336239, "x": 114.0605537, "street_count": 4, "highway": null, "ref": null }, "geometry": { "type": "Point", "coordinates": [ 114.0605537, 22.5336239 ] } },
{ "type": "Feature", "properties": { "osmid": 7959990559, "y": 22.5336232, "x": 114.0606185, "street_count": 4, "highway": null, "ref": null }, "geometry": { "type": "Point", "coordinates": [ 114.0606185, 22.5336232 ] } },
{ "type": "Feature", "properties": { "osmid": 7959990565, "y": 22.5376146, "x": 114.0584001, "street_count": 3, "highway": null, "ref": null }, "geometry": { "type": "Point", "coordinates": [ 114.0584001, 22.5376146 ] } },
{ "type": "Feature", "properties": { "osmid": 7959990587, "y": 22.5374651, "x": 114.0585632, "street_count": 3, "highway": null, "ref": null }, "geometry": { "type": "Point", "coordinates": [ 114.0585632, 22.5374651 ] } },
{ "type": "Feature", "properties": { "osmid": 7959990588, "y": 22.5355272, "x": 114.0593206, "street_count": 3, "highway": null, "ref": null }, "geometry": { "type": "Point", "coordinates": [ 114.0593206, 22.5355272 ] } },
{ "type": "Feature", "properties": { "osmid": 7959990589, "y": 22.5355162, "x": 114.0585985, "street_count": 3, "highway": null, "ref": null }, "geometry": { "type": "Point", "coordinates": [ 114.0585985, 22.5355162 ] } },
{ "type": "Feature", "properties": { "osmid": 7959990594, "y": 22.535488, "x": 114.0567577, "street_count": 3, "highway": null, "ref": null }, "geometry": { "type": "Point", "coordinates": [ 114.0567577, 22.535488 ] } },
{ "type": "Feature", "properties": { "osmid": 7959990597, "y": 22.5353968, "x": 114.0507952, "street_count": 3, "highway": null, "ref": null }, "geometry": { "type": "Point", "coordinates": [ 114.0507952, 22.5353968 ] } },
{ "type": "Feature", "properties": { "osmid": 7959990599, "y": 22.5352269, "x": 114.0479308, "street_count": 4, "highway": null, "ref": null }, "geometry": { "type": "Point", "coordinates": [ 114.0479308, 22.5352269 ] } },
{ "type": "Feature", "properties": { "osmid": 7959990600, "y": 22.5352255, "x": 114.0478489, "street_count": 4, "highway": null, "ref": null }, "geometry": { "type": "Point", "coordinates": [ 114.0478489, 22.5352255 ] } },
{ "type": "Feature", "properties": { "osmid": 7959990601, "y": 22.5352711, "x": 114.0507918, "street_count": 3, "highway": null, "ref": null }, "geometry": { "type": "Point", "coordinates": [ 114.0507918, 22.5352711 ] } },
{ "type": "Feature", "properties": { "osmid": 7959990615, "y": 22.5354574, "x": 114.0620732, "street_count": 3, "highway": null, "ref": null }, "geometry": { "type": "Point", "coordinates": [ 114.0620732, 22.5354574 ] } },
{ "type": "Feature", "properties": { "osmid": 7959990620, "y": 22.5354432, "x": 114.0619164, "street_count": 3, "highway": null, "ref": null }, "geometry": { "type": "Point", "coordinates": [ 114.0619164, 22.5354432 ] } },
{ "type": "Feature", "properties": { "osmid": 7959990621, "y": 22.5355252, "x": 114.0605007, "street_count": 4, "highway": null, "ref": null }, "geometry": { "type": "Point", "coordinates": [ 114.0605007, 22.5355252 ] } },
{ "type": "Feature", "properties": { "osmid": 7959990622, "y": 22.5354219, "x": 114.0605149, "street_count": 4, "highway": null, "ref": null }, "geometry": { "type": "Point", "coordinates": [ 114.0605149, 22.5354219 ] } },
{ "type": "Feature", "properties": { "osmid": 7959990623, "y": 22.5355226, "x": 114.0605962, "street_count": 4, "highway": null, "ref": null }, "geometry": { "type": "Point", "coordinates": [ 114.0605962, 22.5355226 ] } },
{ "type": "Feature", "properties": { "osmid": 7959990624, "y": 22.5354213, "x": 114.0605968, "street_count": 4, "highway": null, "ref": null }, "geometry": { "type": "Point", "coordinates": [ 114.0605968, 22.5354213 ] } },
{ "type": "Feature", "properties": { "osmid": 7959990637, "y": 22.5354013, "x": 114.0592079, "street_count": 3, "highway": null, "ref": null }, "geometry": { "type": "Point", "coordinates": [ 114.0592079, 22.5354013 ] } },
{ "type": "Feature", "properties": { "osmid": 7959990653, "y": 22.5376108, "x": 114.0581521, "street_count": 4, "highway": null, "ref": null }, "geometry": { "type": "Point", "coordinates": [ 114.0581521, 22.5376108 ] } },
{ "type": "Feature", "properties": { "osmid": 7959990654, "y": 22.5355099, "x": 114.0581895, "street_count": 4, "highway": null, "ref": null }, "geometry": { "type": "Point", "coordinates": [ 114.0581895, 22.5355099 ] } },
{ "type": "Feature", "properties": { "osmid": 7959990655, "y": 22.5353856, "x": 114.0581917, "street_count": 4, "highway": null, "ref": null }, "geometry": { "type": "Point", "coordinates": [ 114.0581917, 22.5353856 ] } },
{ "type": "Feature", "properties": { "osmid": 7959990662, "y": 22.5376081, "x": 114.0579764, "street_count": 4, "highway": null, "ref": null }, "geometry": { "type": "Point", "coordinates": [ 114.0579764, 22.5376081 ] } },
{ "type": "Feature", "properties": { "osmid": 7959990663, "y": 22.5374556, "x": 114.0579784, "street_count": 4, "highway": null, "ref": null }, "geometry": { "type": "Point", "coordinates": [ 114.0579784, 22.5374556 ] } },
{ "type": "Feature", "properties": { "osmid": 7959990664, "y": 22.5355071, "x": 114.0580028, "street_count": 4, "highway": null, "ref": null }, "geometry": { "type": "Point", "coordinates": [ 114.0580028, 22.5355071 ] } },
{ "type": "Feature", "properties": { "osmid": 7959990665, "y": 22.5353851, "x": 114.0580031, "street_count": 4, "highway": null, "ref": null }, "geometry": { "type": "Point", "coordinates": [ 114.0580031, 22.5353851 ] } },
{ "type": "Feature", "properties": { "osmid": 7959990681, "y": 22.5354764, "x": 114.0560011, "street_count": 4, "highway": null, "ref": null }, "geometry": { "type": "Point", "coordinates": [ 114.0560011, 22.5354764 ] } },
{ "type": "Feature", "properties": { "osmid": 7959990682, "y": 22.5353517, "x": 114.0560027, "street_count": 4, "highway": null, "ref": null }, "geometry": { "type": "Point", "coordinates": [ 114.0560027, 22.5353517 ] } },
{ "type": "Feature", "properties": { "osmid": 7959990732, "y": 22.5354365, "x": 114.0533974, "street_count": 4, "highway": null, "ref": null }, "geometry": { "type": "Point", "coordinates": [ 114.0533974, 22.5354365 ] } },
{ "type": "Feature", "properties": { "osmid": 7959990733, "y": 22.5353115, "x": 114.0534015, "street_count": 4, "highway": null, "ref": null }, "geometry": { "type": "Point", "coordinates": [ 114.0534015, 22.5353115 ] } },
{ "type": "Feature", "properties": { "osmid": 7959990736, "y": 22.5354245, "x": 114.0526143, "street_count": 3, "highway": null, "ref": null }, "geometry": { "type": "Point", "coordinates": [ 114.0526143, 22.5354245 ] } },
{ "type": "Feature", "properties": { "osmid": 7959990747, "y": 22.5357617, "x": 114.0512493, "street_count": 3, "highway": null, "ref": null }, "geometry": { "type": "Point", "coordinates": [ 114.0512493, 22.5357617 ] } },
{ "type": "Feature", "properties": { "osmid": 7959990754, "y": 22.5342941, "x": 114.0512704, "street_count": 3, "highway": null, "ref": null }, "geometry": { "type": "Point", "coordinates": [ 114.0512704, 22.5342941 ] } },
{ "type": "Feature", "properties": { "osmid": 7959990766, "y": 22.5354038, "x": 114.0512558, "street_count": 4, "highway": null, "ref": null }, "geometry": { "type": "Point", "coordinates": [ 114.0512558, 22.5354038 ] } },
{ "type": "Feature", "properties": { "osmid": 7959990767, "y": 22.5352781, "x": 114.051258, "street_count": 4, "highway": null, "ref": null }, "geometry": { "type": "Point", "coordinates": [ 114.051258, 22.5352781 ] } },
{ "type": "Feature", "properties": { "osmid": 7959990771, "y": 22.5349205, "x": 114.0513855, "street_count": 3, "highway": null, "ref": null }, "geometry": { "type": "Point", "coordinates": [ 114.0513855, 22.5349205 ] } },
{ "type": "Feature", "properties": { "osmid": 7959990777, "y": 22.5352854, "x": 114.0517174, "street_count": 3, "highway": null, "ref": null }, "geometry": { "type": "Point", "coordinates": [ 114.0517174, 22.5352854 ] } },
{ "type": "Feature", "properties": { "osmid": 7959990780, "y": 22.5354056, "x": 114.0513776, "street_count": 4, "highway": null, "ref": null }, "geometry": { "type": "Point", "coordinates": [ 114.0513776, 22.5354056 ] } },
{ "type": "Feature", "properties": { "osmid": 7959990781, "y": 22.5352802, "x": 114.0513797, "street_count": 4, "highway": null, "ref": null }, "geometry": { "type": "Point", "coordinates": [ 114.0513797, 22.5352802 ] } },
{ "type": "Feature", "properties": { "osmid": 7959990816, "y": 22.53531, "x": 114.0459502, "street_count": 4, "highway": null, "ref": null }, "geometry": { "type": "Point", "coordinates": [ 114.0459502, 22.53531 ] } },
{ "type": "Feature", "properties": { "osmid": 7959990817, "y": 22.5351962, "x": 114.0459533, "street_count": 4, "highway": null, "ref": null }, "geometry": { "type": "Point", "coordinates": [ 114.0459533, 22.5351962 ] } },
{ "type": "Feature", "properties": { "osmid": 7959990818, "y": 22.5334173, "x": 114.0459904, "street_count": 4, "highway": null, "ref": null }, "geometry": { "type": "Point", "coordinates": [ 114.0459904, 22.5334173 ] } },
{ "type": "Feature", "properties": { "osmid": 7959990819, "y": 22.5353515, "x": 114.047847, "street_count": 4, "highway": null, "ref": null }, "geometry": { "type": "Point", "coordinates": [ 114.047847, 22.5353515 ] } },
{ "type": "Feature", "properties": { "osmid": 7959990831, "y": 22.5353528, "x": 114.0479288, "street_count": 4, "highway": null, "ref": null }, "geometry": { "type": "Point", "coordinates": [ 114.0479288, 22.5353528 ] } },
{ "type": "Feature", "properties": { "osmid": 7959990836, "y": 22.5353826, "x": 114.0498739, "street_count": 3, "highway": null, "ref": null }, "geometry": { "type": "Point", "coordinates": [ 114.0498739, 22.5353826 ] } },
{ "type": "Feature", "properties": { "osmid": 7959990844, "y": 22.5353887, "x": 114.0502716, "street_count": 3, "highway": null, "ref": null }, "geometry": { "type": "Point", "coordinates": [ 114.0502716, 22.5353887 ] } },
{ "type": "Feature", "properties": { "osmid": 7959990859, "y": 22.5352557, "x": 114.049798, "street_count": 3, "highway": null, "ref": null }, "geometry": { "type": "Point", "coordinates": [ 114.049798, 22.5352557 ] } },
{ "type": "Feature", "properties": { "osmid": 7959990870, "y": 22.5352635, "x": 114.0503019, "street_count": 3, "highway": null, "ref": null }, "geometry": { "type": "Point", "coordinates": [ 114.0503019, 22.5352635 ] } },
{ "type": "Feature", "properties": { "osmid": 7959990871, "y": 22.5342776, "x": 114.0500696, "street_count": 3, "highway": null, "ref": null }, "geometry": { "type": "Point", "coordinates": [ 114.0500696, 22.5342776 ] } },
{ "type": "Feature", "properties": { "osmid": 7961465892, "y": 22.541798, "x": 114.0490659, "street_count": 3, "highway": null, "ref": null }, "geometry": { "type": "Point", "coordinates": [ 114.0490659, 22.541798 ] } },
{ "type": "Feature", "properties": { "osmid": 7961465962, "y": 22.5457469, "x": 114.0443823, "street_count": 3, "highway": null, "ref": null }, "geometry": { "type": "Point", "coordinates": [ 114.0443823, 22.5457469 ] } },
{ "type": "Feature", "properties": { "osmid": 7961465981, "y": 22.5472573, "x": 114.0498355, "street_count": 3, "highway": null, "ref": null }, "geometry": { "type": "Point", "coordinates": [ 114.0498355, 22.5472573 ] } },
{ "type": "Feature", "properties": { "osmid": 7961467090, "y": 22.5432643, "x": 114.0499124, "street_count": 3, "highway": null, "ref": null }, "geometry": { "type": "Point", "coordinates": [ 114.0499124, 22.5432643 ] } },
{ "type": "Feature", "properties": { "osmid": 7961467128, "y": 22.5492563, "x": 114.0476861, "street_count": 4, "highway": null, "ref": null }, "geometry": { "type": "Point", "coordinates": [ 114.0476861, 22.5492563 ] } },
{ "type": "Feature", "properties": { "osmid": 7961467136, "y": 22.5432201, "x": 114.0477304, "street_count": 3, "highway": null, "ref": null }, "geometry": { "type": "Point", "coordinates": [ 114.0477304, 22.5432201 ] } },
{ "type": "Feature", "properties": { "osmid": 7961467144, "y": 22.5432219, "x": 114.0478049, "street_count": 3, "highway": null, "ref": null }, "geometry": { "type": "Point", "coordinates": [ 114.0478049, 22.5432219 ] } },
{ "type": "Feature", "properties": { "osmid": 7961511682, "y": 22.5443056, "x": 114.0467593, "street_count": 3, "highway": null, "ref": null }, "geometry": { "type": "Point", "coordinates": [ 114.0467593, 22.5443056 ] } },
{ "type": "Feature", "properties": { "osmid": 7961542786, "y": 22.5471787, "x": 114.0443563, "street_count": 3, "highway": null, "ref": null }, "geometry": { "type": "Point", "coordinates": [ 114.0443563, 22.5471787 ] } },
{ "type": "Feature", "properties": { "osmid": 7961542788, "y": 22.5489653, "x": 114.0443237, "street_count": 3, "highway": null, "ref": null }, "geometry": { "type": "Point", "coordinates": [ 114.0443237, 22.5489653 ] } },
{ "type": "Feature", "properties": { "osmid": 7961542789, "y": 22.5495391, "x": 114.0443133, "street_count": 3, "highway": null, "ref": null }, "geometry": { "type": "Point", "coordinates": [ 114.0443133, 22.5495391 ] } },
{ "type": "Feature", "properties": { "osmid": 7961542792, "y": 22.5471834, "x": 114.0446989, "street_count": 4, "highway": null, "ref": null }, "geometry": { "type": "Point", "coordinates": [ 114.0446989, 22.5471834 ] } },
{ "type": "Feature", "properties": { "osmid": 7961542798, "y": 22.5473426, "x": 114.0447012, "street_count": 3, "highway": null, "ref": null }, "geometry": { "type": "Point", "coordinates": [ 114.0447012, 22.5473426 ] } },
{ "type": "Feature", "properties": { "osmid": 7961542813, "y": 22.5445965, "x": 114.046755, "street_count": 3, "highway": null, "ref": null }, "geometry": { "type": "Point", "coordinates": [ 114.046755, 22.5445965 ] } },
{ "type": "Feature", "properties": { "osmid": 7961542817, "y": 22.5432179, "x": 114.0467767, "street_count": 3, "highway": null, "ref": null }, "geometry": { "type": "Point", "coordinates": [ 114.0467767, 22.5432179 ] } },
{ "type": "Feature", "properties": { "osmid": 7961542845, "y": 22.5472132, "x": 114.0467169, "street_count": 3, "highway": null, "ref": null }, "geometry": { "type": "Point", "coordinates": [ 114.0467169, 22.5472132 ] } },
{ "type": "Feature", "properties": { "osmid": 7961542848, "y": 22.5473712, "x": 114.0467057, "street_count": 3, "highway": null, "ref": null }, "geometry": { "type": "Point", "coordinates": [ 114.0467057, 22.5473712 ] } },
{ "type": "Feature", "properties": { "osmid": 7961542885, "y": 22.5507593, "x": 114.0466438, "street_count": 3, "highway": null, "ref": null }, "geometry": { "type": "Point", "coordinates": [ 114.0466438, 22.5507593 ] } },
{ "type": "Feature", "properties": { "osmid": 7961542899, "y": 22.549331, "x": 114.047618, "street_count": 4, "highway": null, "ref": null }, "geometry": { "type": "Point", "coordinates": [ 114.047618, 22.549331 ] } },
{ "type": "Feature", "properties": { "osmid": 7961542900, "y": 22.5473847, "x": 114.0476534, "street_count": 4, "highway": null, "ref": null }, "geometry": { "type": "Point", "coordinates": [ 114.0476534, 22.5473847 ] } },
{ "type": "Feature", "properties": { "osmid": 7961542901, "y": 22.5472272, "x": 114.0476562, "street_count": 4, "highway": null, "ref": null }, "geometry": { "type": "Point", "coordinates": [ 114.0476562, 22.5472272 ] } },
{ "type": "Feature", "properties": { "osmid": 7961542902, "y": 22.5453557, "x": 114.0476905, "street_count": 4, "highway": null, "ref": null }, "geometry": { "type": "Point", "coordinates": [ 114.0476905, 22.5453557 ] } },
{ "type": "Feature", "properties": { "osmid": 7961542903, "y": 22.545282, "x": 114.0476916, "street_count": 4, "highway": null, "ref": null }, "geometry": { "type": "Point", "coordinates": [ 114.0476916, 22.545282 ] } },
{ "type": "Feature", "properties": { "osmid": 7961542904, "y": 22.5493321, "x": 114.0476846, "street_count": 4, "highway": null, "ref": null }, "geometry": { "type": "Point", "coordinates": [ 114.0476846, 22.5493321 ] } },
{ "type": "Feature", "properties": { "osmid": 7961542905, "y": 22.5473857, "x": 114.047723, "street_count": 4, "highway": null, "ref": null }, "geometry": { "type": "Point", "coordinates": [ 114.047723, 22.5473857 ] } },
{ "type": "Feature", "properties": { "osmid": 7961542906, "y": 22.5472282, "x": 114.0477261, "street_count": 4, "highway": null, "ref": null }, "geometry": { "type": "Point", "coordinates": [ 114.0477261, 22.5472282 ] } },
{ "type": "Feature", "properties": { "osmid": 7961542907, "y": 22.5453571, "x": 114.0477633, "street_count": 4, "highway": null, "ref": null }, "geometry": { "type": "Point", "coordinates": [ 114.0477633, 22.5453571 ] } },
{ "type": "Feature", "properties": { "osmid": 7961542908, "y": 22.5452833, "x": 114.0477645, "street_count": 4, "highway": null, "ref": null }, "geometry": { "type": "Point", "coordinates": [ 114.0477645, 22.5452833 ] } },
{ "type": "Feature", "properties": { "osmid": 7961542909, "y": 22.5492555, "x": 114.0476194, "street_count": 4, "highway": null, "ref": null }, "geometry": { "type": "Point", "coordinates": [ 114.0476194, 22.5492555 ] } },
{ "type": "Feature", "properties": { "osmid": 7961542910, "y": 22.5493156, "x": 114.0466702, "street_count": 4, "highway": null, "ref": null }, "geometry": { "type": "Point", "coordinates": [ 114.0466702, 22.5493156 ] } },
{ "type": "Feature", "properties": { "osmid": 7961542911, "y": 22.5492422, "x": 114.0466715, "street_count": 4, "highway": null, "ref": null }, "geometry": { "type": "Point", "coordinates": [ 114.0466715, 22.5492422 ] } },
{ "type": "Feature", "properties": { "osmid": 7961542916, "y": 22.5453384, "x": 114.0467443, "street_count": 4, "highway": null, "ref": null }, "geometry": { "type": "Point", "coordinates": [ 114.0467443, 22.5453384 ] } },
{ "type": "Feature", "properties": { "osmid": 7961542917, "y": 22.5452653, "x": 114.0467453, "street_count": 4, "highway": null, "ref": null }, "geometry": { "type": "Point", "coordinates": [ 114.0467453, 22.5452653 ] } },
{ "type": "Feature", "properties": { "osmid": 7961542921, "y": 22.5492854, "x": 114.0498073, "street_count": 3, "highway": null, "ref": null }, "geometry": { "type": "Point", "coordinates": [ 114.0498073, 22.5492854 ] } },
{ "type": "Feature", "properties": { "osmid": 7961542928, "y": 22.5474159, "x": 114.0498418, "street_count": 3, "highway": null, "ref": null }, "geometry": { "type": "Point", "coordinates": [ 114.0498418, 22.5474159 ] } },
{ "type": "Feature", "properties": { "osmid": 7961542936, "y": 22.5473905, "x": 114.0480578, "street_count": 3, "highway": null, "ref": null }, "geometry": { "type": "Point", "coordinates": [ 114.0480578, 22.5473905 ] } },
{ "type": "Feature", "properties": { "osmid": 7961542945, "y": 22.5472328, "x": 114.0480398, "street_count": 3, "highway": null, "ref": null }, "geometry": { "type": "Point", "coordinates": [ 114.0480398, 22.5472328 ] } },
{ "type": "Feature", "properties": { "osmid": 7961542987, "y": 22.5453956, "x": 114.0498635, "street_count": 4, "highway": null, "ref": null }, "geometry": { "type": "Point", "coordinates": [ 114.0498635, 22.5453956 ] } },
{ "type": "Feature", "properties": { "osmid": 7961542988, "y": 22.5453203, "x": 114.0498642, "street_count": 4, "highway": null, "ref": null }, "geometry": { "type": "Point", "coordinates": [ 114.0498642, 22.5453203 ] } },
{ "type": "Feature", "properties": { "osmid": 7961771623, "y": 22.5468631, "x": 114.0511792, "street_count": 3, "highway": null, "ref": null }, "geometry": { "type": "Point", "coordinates": [ 114.0511792, 22.5468631 ] } },
{ "type": "Feature", "properties": { "osmid": 7961771626, "y": 22.5478556, "x": 114.0511627, "street_count": 3, "highway": null, "ref": null }, "geometry": { "type": "Point", "coordinates": [ 114.0511627, 22.5478556 ] } },
{ "type": "Feature", "properties": { "osmid": 7961771629, "y": 22.5454327, "x": 114.0574988, "street_count": 3, "highway": null, "ref": null }, "geometry": { "type": "Point", "coordinates": [ 114.0574988, 22.5454327 ] } },
{ "type": "Feature", "properties": { "osmid": 7961771682, "y": 22.5500639, "x": 114.0443037, "street_count": 3, "highway": null, "ref": null }, "geometry": { "type": "Point", "coordinates": [ 114.0443037, 22.5500639 ] } },
{ "type": "Feature", "properties": { "osmid": 7961786798, "y": 22.5450059, "x": 114.0510593, "street_count": 3, "highway": null, "ref": null }, "geometry": { "type": "Point", "coordinates": [ 114.0510593, 22.5450059 ] } },
{ "type": "Feature", "properties": { "osmid": 7961786812, "y": 22.5453457, "x": 114.0515394, "street_count": 3, "highway": null, "ref": null }, "geometry": { "type": "Point", "coordinates": [ 114.0515394, 22.5453457 ] } },
{ "type": "Feature", "properties": { "osmid": 7961786849, "y": 22.5453401, "x": 114.0510569, "street_count": 4, "highway": null, "ref": null }, "geometry": { "type": "Point", "coordinates": [ 114.0510569, 22.5453401 ] } },
{ "type": "Feature", "properties": { "osmid": 7961786850, "y": 22.5453426, "x": 114.051212, "street_count": 4, "highway": null, "ref": null }, "geometry": { "type": "Point", "coordinates": [ 114.051212, 22.5453426 ] } },
{ "type": "Feature", "properties": { "osmid": 7961786851, "y": 22.5453981, "x": 114.0510565, "street_count": 4, "highway": null, "ref": null }, "geometry": { "type": "Point", "coordinates": [ 114.0510565, 22.5453981 ] } },
{ "type": "Feature", "properties": { "osmid": 7961786852, "y": 22.5454017, "x": 114.0512137, "street_count": 4, "highway": null, "ref": null }, "geometry": { "type": "Point", "coordinates": [ 114.0512137, 22.5454017 ] } },
{ "type": "Feature", "properties": { "osmid": 7961786863, "y": 22.5508232, "x": 114.0577858, "street_count": 3, "highway": null, "ref": null }, "geometry": { "type": "Point", "coordinates": [ 114.0577858, 22.5508232 ] } },
{ "type": "Feature", "properties": { "osmid": 7961786893, "y": 22.5454437, "x": 114.0582621, "street_count": 3, "highway": null, "ref": null }, "geometry": { "type": "Point", "coordinates": [ 114.0582621, 22.5454437 ] } },
{ "type": "Feature", "properties": { "osmid": 7961786904, "y": 22.5455244, "x": 114.0583102, "street_count": 3, "highway": null, "ref": null }, "geometry": { "type": "Point", "coordinates": [ 114.0583102, 22.5455244 ] } },
{ "type": "Feature", "properties": { "osmid": 7961786907, "y": 22.5457563, "x": 114.0580314, "street_count": 3, "highway": null, "ref": null }, "geometry": { "type": "Point", "coordinates": [ 114.0580314, 22.5457563 ] } },
{ "type": "Feature", "properties": { "osmid": 7961993768, "y": 22.5473903, "x": 114.0584683, "street_count": 3, "highway": null, "ref": null }, "geometry": { "type": "Point", "coordinates": [ 114.0584683, 22.5473903 ] } },
{ "type": "Feature", "properties": { "osmid": 7962005188, "y": 22.547539, "x": 114.058473, "street_count": 3, "highway": null, "ref": null }, "geometry": { "type": "Point", "coordinates": [ 114.058473, 22.547539 ] } },
{ "type": "Feature", "properties": { "osmid": 7962005192, "y": 22.5469115, "x": 114.0578471, "street_count": 3, "highway": null, "ref": null }, "geometry": { "type": "Point", "coordinates": [ 114.0578471, 22.5469115 ] } },
{ "type": "Feature", "properties": { "osmid": 7962005231, "y": 22.546833, "x": 114.0510249, "street_count": 3, "highway": null, "ref": null }, "geometry": { "type": "Point", "coordinates": [ 114.0510249, 22.546833 ] } },
{ "type": "Feature", "properties": { "osmid": 7962005236, "y": 22.5472683, "x": 114.0504398, "street_count": 3, "highway": null, "ref": null }, "geometry": { "type": "Point", "coordinates": [ 114.0504398, 22.5472683 ] } },
{ "type": "Feature", "properties": { "osmid": 7962005244, "y": 22.5474271, "x": 114.050624, "street_count": 3, "highway": null, "ref": null }, "geometry": { "type": "Point", "coordinates": [ 114.050624, 22.5474271 ] } },
{ "type": "Feature", "properties": { "osmid": 7962005264, "y": 22.5474436, "x": 114.0517838, "street_count": 3, "highway": null, "ref": null }, "geometry": { "type": "Point", "coordinates": [ 114.0517838, 22.5474436 ] } },
{ "type": "Feature", "properties": { "osmid": 7962005294, "y": 22.5493041, "x": 114.0511388, "street_count": 4, "highway": null, "ref": null }, "geometry": { "type": "Point", "coordinates": [ 114.0511388, 22.5493041 ] } },
{ "type": "Feature", "properties": { "osmid": 7962005295, "y": 22.5511331, "x": 114.0509729, "street_count": 4, "highway": null, "ref": null }, "geometry": { "type": "Point", "coordinates": [ 114.0509729, 22.5511331 ] } },
{ "type": "Feature", "properties": { "osmid": 7962005297, "y": 22.5474322, "x": 114.0510342, "street_count": 4, "highway": null, "ref": null }, "geometry": { "type": "Point", "coordinates": [ 114.0510342, 22.5474322 ] } },
{ "type": "Feature", "properties": { "osmid": 7962005298, "y": 22.5472774, "x": 114.0510335, "street_count": 4, "highway": null, "ref": null }, "geometry": { "type": "Point", "coordinates": [ 114.0510335, 22.5472774 ] } },
{ "type": "Feature", "properties": { "osmid": 7962005300, "y": 22.5493884, "x": 114.0511375, "street_count": 4, "highway": null, "ref": null }, "geometry": { "type": "Point", "coordinates": [ 114.0511375, 22.5493884 ] } },
{ "type": "Feature", "properties": { "osmid": 7962005301, "y": 22.5474349, "x": 114.0511697, "street_count": 4, "highway": null, "ref": null }, "geometry": { "type": "Point", "coordinates": [ 114.0511697, 22.5474349 ] } },
{ "type": "Feature", "properties": { "osmid": 7962005302, "y": 22.5472793, "x": 114.0511723, "street_count": 4, "highway": null, "ref": null }, "geometry": { "type": "Point", "coordinates": [ 114.0511723, 22.5472793 ] } },
{ "type": "Feature", "properties": { "osmid": 7962005327, "y": 22.5494109, "x": 114.057808, "street_count": 4, "highway": null, "ref": null }, "geometry": { "type": "Point", "coordinates": [ 114.057808, 22.5494109 ] } },
{ "type": "Feature", "properties": { "osmid": 7962005328, "y": 22.54941, "x": 114.0579475, "street_count": 4, "highway": null, "ref": null }, "geometry": { "type": "Point", "coordinates": [ 114.0579475, 22.54941 ] } },
{ "type": "Feature", "properties": { "osmid": 7962005329, "y": 22.5494918, "x": 114.0578067, "street_count": 4, "highway": null, "ref": null }, "geometry": { "type": "Point", "coordinates": [ 114.0578067, 22.5494918 ] } },
{ "type": "Feature", "properties": { "osmid": 7962005330, "y": 22.5494926, "x": 114.057946, "street_count": 4, "highway": null, "ref": null }, "geometry": { "type": "Point", "coordinates": [ 114.057946, 22.5494926 ] } },
{ "type": "Feature", "properties": { "osmid": 7962005345, "y": 22.5475466, "x": 114.059005, "street_count": 3, "highway": null, "ref": null }, "geometry": { "type": "Point", "coordinates": [ 114.059005, 22.5475466 ] } },
{ "type": "Feature", "properties": { "osmid": 7962005346, "y": 22.5495061, "x": 114.0589774, "street_count": 4, "highway": null, "ref": null }, "geometry": { "type": "Point", "coordinates": [ 114.0589774, 22.5495061 ] } },
{ "type": "Feature", "properties": { "osmid": 7962005347, "y": 22.5494285, "x": 114.0589785, "street_count": 4, "highway": null, "ref": null }, "geometry": { "type": "Point", "coordinates": [ 114.0589785, 22.5494285 ] } },
{ "type": "Feature", "properties": { "osmid": 7962005352, "y": 22.5512624, "x": 114.0589528, "street_count": 3, "highway": null, "ref": null }, "geometry": { "type": "Point", "coordinates": [ 114.0589528, 22.5512624 ] } },
{ "type": "Feature", "properties": { "osmid": 7962005353, "y": 22.5434644, "x": 114.0588139, "street_count": 3, "highway": null, "ref": null }, "geometry": { "type": "Point", "coordinates": [ 114.0588139, 22.5434644 ] } },
{ "type": "Feature", "properties": { "osmid": 7962005378, "y": 22.5512787, "x": 114.0600126, "street_count": 3, "highway": null, "ref": null }, "geometry": { "type": "Point", "coordinates": [ 114.0600126, 22.5512787 ] } },
{ "type": "Feature", "properties": { "osmid": 7962005386, "y": 22.551285, "x": 114.0604272, "street_count": 3, "highway": null, "ref": null }, "geometry": { "type": "Point", "coordinates": [ 114.0604272, 22.551285 ] } },
{ "type": "Feature", "properties": { "osmid": 7962005392, "y": 22.5455169, "x": 114.0578689, "street_count": 4, "highway": null, "ref": null }, "geometry": { "type": "Point", "coordinates": [ 114.0578689, 22.5455169 ] } },
{ "type": "Feature", "properties": { "osmid": 7962005396, "y": 22.5475323, "x": 114.0580005, "street_count": 4, "highway": null, "ref": null }, "geometry": { "type": "Point", "coordinates": [ 114.0580005, 22.5475323 ] } },
{ "type": "Feature", "properties": { "osmid": 7962005397, "y": 22.5473833, "x": 114.0580031, "street_count": 4, "highway": null, "ref": null }, "geometry": { "type": "Point", "coordinates": [ 114.0580031, 22.5473833 ] } },
{ "type": "Feature", "properties": { "osmid": 7962005398, "y": 22.5455203, "x": 114.0580355, "street_count": 4, "highway": null, "ref": null }, "geometry": { "type": "Point", "coordinates": [ 114.0580355, 22.5455203 ] } },
{ "type": "Feature", "properties": { "osmid": 7962005399, "y": 22.5454405, "x": 114.0580369, "street_count": 4, "highway": null, "ref": null }, "geometry": { "type": "Point", "coordinates": [ 114.0580369, 22.5454405 ] } },
{ "type": "Feature", "properties": { "osmid": 7962005405, "y": 22.547398, "x": 114.0589752, "street_count": 3, "highway": null, "ref": null }, "geometry": { "type": "Point", "coordinates": [ 114.0589752, 22.547398 ] } },
{ "type": "Feature", "properties": { "osmid": 7962005407, "y": 22.5455354, "x": 114.0590573, "street_count": 4, "highway": null, "ref": null }, "geometry": { "type": "Point", "coordinates": [ 114.0590573, 22.5455354 ] } },
{ "type": "Feature", "properties": { "osmid": 7962005408, "y": 22.5454551, "x": 114.0590605, "street_count": 4, "highway": null, "ref": null }, "geometry": { "type": "Point", "coordinates": [ 114.0590605, 22.5454551 ] } },
{ "type": "Feature", "properties": { "osmid": 7962005411, "y": 22.5434873, "x": 114.0604128, "street_count": 5, "highway": null, "ref": null }, "geometry": { "type": "Point", "coordinates": [ 114.0604128, 22.5434873 ] } },
{ "type": "Feature", "properties": { "osmid": 7962005424, "y": 22.5495223, "x": 114.060213, "street_count": 4, "highway": null, "ref": null }, "geometry": { "type": "Point", "coordinates": [ 114.060213, 22.5495223 ] } },
{ "type": "Feature", "properties": { "osmid": 7962005425, "y": 22.5494481, "x": 114.0602144, "street_count": 4, "highway": null, "ref": null }, "geometry": { "type": "Point", "coordinates": [ 114.0602144, 22.5494481 ] } },
{ "type": "Feature", "properties": { "osmid": 7962005426, "y": 22.5495236, "x": 114.0603113, "street_count": 4, "highway": null, "ref": null }, "geometry": { "type": "Point", "coordinates": [ 114.0603113, 22.5495236 ] } },
{ "type": "Feature", "properties": { "osmid": 7962005427, "y": 22.5494497, "x": 114.0603127, "street_count": 4, "highway": null, "ref": null }, "geometry": { "type": "Point", "coordinates": [ 114.0603127, 22.5494497 ] } },
{ "type": "Feature", "properties": { "osmid": 7962005428, "y": 22.5475657, "x": 114.0603443, "street_count": 4, "highway": null, "ref": null }, "geometry": { "type": "Point", "coordinates": [ 114.0603443, 22.5475657 ] } },
{ "type": "Feature", "properties": { "osmid": 7962005429, "y": 22.5474189, "x": 114.0603468, "street_count": 4, "highway": null, "ref": null }, "geometry": { "type": "Point", "coordinates": [ 114.0603468, 22.5474189 ] } },
{ "type": "Feature", "properties": { "osmid": 7962005430, "y": 22.5455551, "x": 114.0603781, "street_count": 4, "highway": null, "ref": null }, "geometry": { "type": "Point", "coordinates": [ 114.0603781, 22.5455551 ] } },
{ "type": "Feature", "properties": { "osmid": 7962005431, "y": 22.5454741, "x": 114.0603795, "street_count": 4, "highway": null, "ref": null }, "geometry": { "type": "Point", "coordinates": [ 114.0603795, 22.5454741 ] } },
{ "type": "Feature", "properties": { "osmid": 7962005432, "y": 22.5455347, "x": 114.059001, "street_count": 4, "highway": null, "ref": null }, "geometry": { "type": "Point", "coordinates": [ 114.059001, 22.5455347 ] } },
{ "type": "Feature", "properties": { "osmid": 7962005433, "y": 22.5455537, "x": 114.0602818, "street_count": 4, "highway": null, "ref": null }, "geometry": { "type": "Point", "coordinates": [ 114.0602818, 22.5455537 ] } },
{ "type": "Feature", "properties": { "osmid": 7962005434, "y": 22.5454544, "x": 114.0590023, "street_count": 4, "highway": null, "ref": null }, "geometry": { "type": "Point", "coordinates": [ 114.0590023, 22.5454544 ] } },
{ "type": "Feature", "properties": { "osmid": 7962005435, "y": 22.5454728, "x": 114.0602833, "street_count": 4, "highway": null, "ref": null }, "geometry": { "type": "Point", "coordinates": [ 114.0602833, 22.5454728 ] } },
{ "type": "Feature", "properties": { "osmid": 7962005463, "y": 22.5445447, "x": 114.0602994, "street_count": 4, "highway": null, "ref": null }, "geometry": { "type": "Point", "coordinates": [ 114.0602994, 22.5445447 ] } },
{ "type": "Feature", "properties": { "osmid": 7962005468, "y": 22.545494, "x": 114.0617587, "street_count": 3, "highway": null, "ref": null }, "geometry": { "type": "Point", "coordinates": [ 114.0617587, 22.545494 ] } },
{ "type": "Feature", "properties": { "osmid": 7962005469, "y": 22.5435311, "x": 114.0618073, "street_count": 3, "highway": null, "ref": null }, "geometry": { "type": "Point", "coordinates": [ 114.0618073, 22.5435311 ] } },
{ "type": "Feature", "properties": { "osmid": 7962005475, "y": 22.5475643, "x": 114.060247, "street_count": 4, "highway": null, "ref": null }, "geometry": { "type": "Point", "coordinates": [ 114.060247, 22.5475643 ] } },
{ "type": "Feature", "properties": { "osmid": 7962005476, "y": 22.5474174, "x": 114.0602496, "street_count": 4, "highway": null, "ref": null }, "geometry": { "type": "Point", "coordinates": [ 114.0602496, 22.5474174 ] } },
{ "type": "Feature", "properties": { "osmid": 7963887445, "y": 22.5327081, "x": 114.047888, "street_count": 3, "highway": null, "ref": null }, "geometry": { "type": "Point", "coordinates": [ 114.047888, 22.5327081 ] } },
{ "type": "Feature", "properties": { "osmid": 7963887456, "y": 22.5322479, "x": 114.0478096, "street_count": 3, "highway": null, "ref": null }, "geometry": { "type": "Point", "coordinates": [ 114.0478096, 22.5322479 ] } },
{ "type": "Feature", "properties": { "osmid": 7963896350, "y": 22.5277628, "x": 114.0444092, "street_count": 4, "highway": null, "ref": null }, "geometry": { "type": "Point", "coordinates": [ 114.0444092, 22.5277628 ] } },
{ "type": "Feature", "properties": { "osmid": 7965680795, "y": 22.5424156, "x": 114.0509981, "street_count": 3, "highway": null, "ref": null }, "geometry": { "type": "Point", "coordinates": [ 114.0509981, 22.5424156 ] } },
{ "type": "Feature", "properties": { "osmid": 7965680848, "y": 22.5307607, "x": 114.0361972, "street_count": 3, "highway": null, "ref": null }, "geometry": { "type": "Point", "coordinates": [ 114.0361972, 22.5307607 ] } },
{ "type": "Feature", "properties": { "osmid": 7965680850, "y": 22.5317019, "x": 114.0379865, "street_count": 4, "highway": null, "ref": null }, "geometry": { "type": "Point", "coordinates": [ 114.0379865, 22.5317019 ] } },
{ "type": "Feature", "properties": { "osmid": 7965680865, "y": 22.5341092, "x": 114.043955, "street_count": 3, "highway": null, "ref": null }, "geometry": { "type": "Point", "coordinates": [ 114.043955, 22.5341092 ] } },
{ "type": "Feature", "properties": { "osmid": 7965680871, "y": 22.5308358, "x": 114.0369057, "street_count": 3, "highway": null, "ref": null }, "geometry": { "type": "Point", "coordinates": [ 114.0369057, 22.5308358 ] } },
{ "type": "Feature", "properties": { "osmid": 7965680872, "y": 22.5311763, "x": 114.0370091, "street_count": 4, "highway": null, "ref": null }, "geometry": { "type": "Point", "coordinates": [ 114.0370091, 22.5311763 ] } },
{ "type": "Feature", "properties": { "osmid": 7965696088, "y": 22.5332147, "x": 114.0404912, "street_count": 4, "highway": null, "ref": null }, "geometry": { "type": "Point", "coordinates": [ 114.0404912, 22.5332147 ] } },
{ "type": "Feature", "properties": { "osmid": 7965696089, "y": 22.5332815, "x": 114.0404841, "street_count": 4, "highway": null, "ref": null }, "geometry": { "type": "Point", "coordinates": [ 114.0404841, 22.5332815 ] } },
{ "type": "Feature", "properties": { "osmid": 7965696093, "y": 22.5332429, "x": 114.0405351, "street_count": 4, "highway": null, "ref": null }, "geometry": { "type": "Point", "coordinates": [ 114.0405351, 22.5332429 ] } },
{ "type": "Feature", "properties": { "osmid": 7965696102, "y": 22.53123, "x": 114.040622, "street_count": 3, "highway": null, "ref": null }, "geometry": { "type": "Point", "coordinates": [ 114.040622, 22.53123 ] } },
{ "type": "Feature", "properties": { "osmid": 7965696138, "y": 22.5375223, "x": 114.0436998, "street_count": 3, "highway": null, "ref": null }, "geometry": { "type": "Point", "coordinates": [ 114.0436998, 22.5375223 ] } },
{ "type": "Feature", "properties": { "osmid": 7965696210, "y": 22.5337647, "x": 114.0439566, "street_count": 3, "highway": null, "ref": null }, "geometry": { "type": "Point", "coordinates": [ 114.0439566, 22.5337647 ] } },
{ "type": "Feature", "properties": { "osmid": 7965696228, "y": 22.5469914, "x": 114.0442337, "street_count": 3, "highway": null, "ref": null }, "geometry": { "type": "Point", "coordinates": [ 114.0442337, 22.5469914 ] } },
{ "type": "Feature", "properties": { "osmid": 7965696230, "y": 22.5501017, "x": 114.0441795, "street_count": 3, "highway": null, "ref": null }, "geometry": { "type": "Point", "coordinates": [ 114.0441795, 22.5501017 ] } },
{ "type": "Feature", "properties": { "osmid": 7965696231, "y": 22.5337222, "x": 114.0444653, "street_count": 3, "highway": null, "ref": null }, "geometry": { "type": "Point", "coordinates": [ 114.0444653, 22.5337222 ] } },
{ "type": "Feature", "properties": { "osmid": 7965696232, "y": 22.5341527, "x": 114.0444577, "street_count": 3, "highway": null, "ref": null }, "geometry": { "type": "Point", "coordinates": [ 114.0444577, 22.5341527 ] } },
{ "type": "Feature", "properties": { "osmid": 7965696306, "y": 22.5380067, "x": 114.0438801, "street_count": 3, "highway": null, "ref": null }, "geometry": { "type": "Point", "coordinates": [ 114.0438801, 22.5380067 ] } },
{ "type": "Feature", "properties": { "osmid": 7965696319, "y": 22.5376553, "x": 114.0441289, "street_count": 3, "highway": null, "ref": null }, "geometry": { "type": "Point", "coordinates": [ 114.0441289, 22.5376553 ] } },
{ "type": "Feature", "properties": { "osmid": 7965696332, "y": 22.5397841, "x": 114.0443595, "street_count": 3, "highway": null, "ref": null }, "geometry": { "type": "Point", "coordinates": [ 114.0443595, 22.5397841 ] } },
{ "type": "Feature", "properties": { "osmid": 7965696340, "y": 22.5421038, "x": 114.0399791, "street_count": 3, "highway": null, "ref": null }, "geometry": { "type": "Point", "coordinates": [ 114.0399791, 22.5421038 ] } },
{ "type": "Feature", "properties": { "osmid": 7965696350, "y": 22.5450259, "x": 114.044268, "street_count": 3, "highway": null, "ref": null }, "geometry": { "type": "Point", "coordinates": [ 114.044268, 22.5450259 ] } },
{ "type": "Feature", "properties": { "osmid": 7965696351, "y": 22.546258, "x": 114.0442465, "street_count": 3, "highway": null, "ref": null }, "geometry": { "type": "Point", "coordinates": [ 114.0442465, 22.546258 ] } },
{ "type": "Feature", "properties": { "osmid": 7966386931, "y": 22.5393976, "x": 114.0490618, "street_count": 3, "highway": null, "ref": null }, "geometry": { "type": "Point", "coordinates": [ 114.0490618, 22.5393976 ] } },
{ "type": "Feature", "properties": { "osmid": 7966386945, "y": 22.5409551, "x": 114.0455332, "street_count": 3, "highway": null, "ref": null }, "geometry": { "type": "Point", "coordinates": [ 114.0455332, 22.5409551 ] } },
{ "type": "Feature", "properties": { "osmid": 7967774247, "y": 22.5487862, "x": 114.0371666, "street_count": 3, "highway": null, "ref": null }, "geometry": { "type": "Point", "coordinates": [ 114.0371666, 22.5487862 ] } },
{ "type": "Feature", "properties": { "osmid": 7967774249, "y": 22.5481912, "x": 114.0348659, "street_count": 3, "highway": null, "ref": null }, "geometry": { "type": "Point", "coordinates": [ 114.0348659, 22.5481912 ] } },
{ "type": "Feature", "properties": { "osmid": 7967774255, "y": 22.549268, "x": 114.0384892, "street_count": 3, "highway": null, "ref": null }, "geometry": { "type": "Point", "coordinates": [ 114.0384892, 22.549268 ] } },
{ "type": "Feature", "properties": { "osmid": 7973099504, "y": 22.5421351, "x": 114.0402346, "street_count": 3, "highway": null, "ref": null }, "geometry": { "type": "Point", "coordinates": [ 114.0402346, 22.5421351 ] } },
{ "type": "Feature", "properties": { "osmid": 7973099505, "y": 22.5417877, "x": 114.0380755, "street_count": 3, "highway": null, "ref": null }, "geometry": { "type": "Point", "coordinates": [ 114.0380755, 22.5417877 ] } },
{ "type": "Feature", "properties": { "osmid": 7973099506, "y": 22.5417655, "x": 114.038594, "street_count": 3, "highway": null, "ref": null }, "geometry": { "type": "Point", "coordinates": [ 114.038594, 22.5417655 ] } },
{ "type": "Feature", "properties": { "osmid": 7973099507, "y": 22.5407673, "x": 114.0319826, "street_count": 3, "highway": null, "ref": null }, "geometry": { "type": "Point", "coordinates": [ 114.0319826, 22.5407673 ] } },
{ "type": "Feature", "properties": { "osmid": 7973099508, "y": 22.5405942, "x": 114.0316463, "street_count": 3, "highway": null, "ref": null }, "geometry": { "type": "Point", "coordinates": [ 114.0316463, 22.5405942 ] } },
{ "type": "Feature", "properties": { "osmid": 7973099509, "y": 22.5404717, "x": 114.0309229, "street_count": 3, "highway": null, "ref": null }, "geometry": { "type": "Point", "coordinates": [ 114.0309229, 22.5404717 ] } },
{ "type": "Feature", "properties": { "osmid": 7973099511, "y": 22.5402739, "x": 114.0290714, "street_count": 3, "highway": null, "ref": null }, "geometry": { "type": "Point", "coordinates": [ 114.0290714, 22.5402739 ] } },
{ "type": "Feature", "properties": { "osmid": 7973099522, "y": 22.5408055, "x": 114.0304902, "street_count": 3, "highway": null, "ref": null }, "geometry": { "type": "Point", "coordinates": [ 114.0304902, 22.5408055 ] } },
{ "type": "Feature", "properties": { "osmid": 7973099523, "y": 22.5408375, "x": 114.0306788, "street_count": 3, "highway": null, "ref": null }, "geometry": { "type": "Point", "coordinates": [ 114.0306788, 22.5408375 ] } },
{ "type": "Feature", "properties": { "osmid": 7973099524, "y": 22.5404876, "x": 114.0286178, "street_count": 3, "highway": null, "ref": null }, "geometry": { "type": "Point", "coordinates": [ 114.0286178, 22.5404876 ] } },
{ "type": "Feature", "properties": { "osmid": 7973099528, "y": 22.5409877, "x": 114.0308699, "street_count": 3, "highway": null, "ref": null }, "geometry": { "type": "Point", "coordinates": [ 114.0308699, 22.5409877 ] } },
{ "type": "Feature", "properties": { "osmid": 7973099529, "y": 22.5413556, "x": 114.0330376, "street_count": 3, "highway": null, "ref": null }, "geometry": { "type": "Point", "coordinates": [ 114.0330376, 22.5413556 ] } },
{ "type": "Feature", "properties": { "osmid": 7973099530, "y": 22.5413111, "x": 114.0334956, "street_count": 3, "highway": null, "ref": null }, "geometry": { "type": "Point", "coordinates": [ 114.0334956, 22.5413111 ] } },
{ "type": "Feature", "properties": { "osmid": 7973099531, "y": 22.5414531, "x": 114.0343442, "street_count": 3, "highway": null, "ref": null }, "geometry": { "type": "Point", "coordinates": [ 114.0343442, 22.5414531 ] } },
{ "type": "Feature", "properties": { "osmid": 7973099532, "y": 22.5416065, "x": 114.0346893, "street_count": 3, "highway": null, "ref": null }, "geometry": { "type": "Point", "coordinates": [ 114.0346893, 22.5416065 ] } },
{ "type": "Feature", "properties": { "osmid": 7973099533, "y": 22.541647, "x": 114.0355025, "street_count": 3, "highway": null, "ref": null }, "geometry": { "type": "Point", "coordinates": [ 114.0355025, 22.541647 ] } },
{ "type": "Feature", "properties": { "osmid": 7973099537, "y": 22.5419044, "x": 114.0371457, "street_count": 3, "highway": null, "ref": null }, "geometry": { "type": "Point", "coordinates": [ 114.0371457, 22.5419044 ] } },
{ "type": "Feature", "properties": { "osmid": 7973099538, "y": 22.5424838, "x": 114.0417236, "street_count": 3, "highway": null, "ref": null }, "geometry": { "type": "Point", "coordinates": [ 114.0417236, 22.5424838 ] } },
{ "type": "Feature", "properties": { "osmid": 7973099541, "y": 22.5425427, "x": 114.0404809, "street_count": 3, "highway": null, "ref": null }, "geometry": { "type": "Point", "coordinates": [ 114.0404809, 22.5425427 ] } },
{ "type": "Feature", "properties": { "osmid": 7973099584, "y": 22.5423752, "x": 114.0400646, "street_count": 3, "highway": null, "ref": null }, "geometry": { "type": "Point", "coordinates": [ 114.0400646, 22.5423752 ] } },
{ "type": "Feature", "properties": { "osmid": 7973114848, "y": 22.541421, "x": 114.0358562, "street_count": 3, "highway": null, "ref": null }, "geometry": { "type": "Point", "coordinates": [ 114.0358562, 22.541421 ] } },
{ "type": "Feature", "properties": { "osmid": 7973114851, "y": 22.5419686, "x": 114.0356229, "street_count": 3, "highway": null, "ref": null }, "geometry": { "type": "Point", "coordinates": [ 114.0356229, 22.5419686 ] } },
{ "type": "Feature", "properties": { "osmid": 7973114859, "y": 22.5413786, "x": 114.0355999, "street_count": 3, "highway": null, "ref": null }, "geometry": { "type": "Point", "coordinates": [ 114.0355999, 22.5413786 ] } },
{ "type": "Feature", "properties": { "osmid": 7973114863, "y": 22.5418683, "x": 114.0368094, "street_count": 3, "highway": null, "ref": null }, "geometry": { "type": "Point", "coordinates": [ 114.0368094, 22.5418683 ] } },
{ "type": "Feature", "properties": { "osmid": 7975286295, "y": 22.5501077, "x": 114.0340236, "street_count": 3, "highway": null, "ref": null }, "geometry": { "type": "Point", "coordinates": [ 114.0340236, 22.5501077 ] } },
{ "type": "Feature", "properties": { "osmid": 7975286312, "y": 22.5476225, "x": 114.0345895, "street_count": 3, "highway": null, "ref": null }, "geometry": { "type": "Point", "coordinates": [ 114.0345895, 22.5476225 ] } },
{ "type": "Feature", "properties": { "osmid": 7975286318, "y": 22.5485667, "x": 114.0344076, "street_count": 3, "highway": null, "ref": null }, "geometry": { "type": "Point", "coordinates": [ 114.0344076, 22.5485667 ] } },
{ "type": "Feature", "properties": { "osmid": 7975286323, "y": 22.5483772, "x": 114.034953, "street_count": 3, "highway": null, "ref": null }, "geometry": { "type": "Point", "coordinates": [ 114.034953, 22.5483772 ] } },
{ "type": "Feature", "properties": { "osmid": 7975286330, "y": 22.5432354, "x": 114.0354556, "street_count": 3, "highway": null, "ref": null }, "geometry": { "type": "Point", "coordinates": [ 114.0354556, 22.5432354 ] } },
{ "type": "Feature", "properties": { "osmid": 7975286343, "y": 22.5443187, "x": 114.0383278, "street_count": 3, "highway": null, "ref": null }, "geometry": { "type": "Point", "coordinates": [ 114.0383278, 22.5443187 ] } },
{ "type": "Feature", "properties": { "osmid": 7975286345, "y": 22.5425517, "x": 114.0391569, "street_count": 2, "highway": null, "ref": null }, "geometry": { "type": "Point", "coordinates": [ 114.0391569, 22.5425517 ] } },
{ "type": "Feature", "properties": { "osmid": 7975286412, "y": 22.5423626, "x": 114.0391677, "street_count": 3, "highway": null, "ref": null }, "geometry": { "type": "Point", "coordinates": [ 114.0391677, 22.5423626 ] } },
{ "type": "Feature", "properties": { "osmid": 7975286415, "y": 22.5437125, "x": 114.0391425, "street_count": 3, "highway": null, "ref": null }, "geometry": { "type": "Point", "coordinates": [ 114.0391425, 22.5437125 ] } },
{ "type": "Feature", "properties": { "osmid": 7975286422, "y": 22.5438725, "x": 114.0355539, "street_count": 3, "highway": null, "ref": null }, "geometry": { "type": "Point", "coordinates": [ 114.0355539, 22.5438725 ] } },
{ "type": "Feature", "properties": { "osmid": 7975286429, "y": 22.544419, "x": 114.0391695, "street_count": 4, "highway": null, "ref": null }, "geometry": { "type": "Point", "coordinates": [ 114.0391695, 22.544419 ] } },
{ "type": "Feature", "properties": { "osmid": 7975286430, "y": 22.5438501, "x": 114.035409, "street_count": 3, "highway": null, "ref": null }, "geometry": { "type": "Point", "coordinates": [ 114.035409, 22.5438501 ] } },
{ "type": "Feature", "properties": { "osmid": 7975286455, "y": 22.5446079, "x": 114.044001, "street_count": 3, "highway": null, "ref": null }, "geometry": { "type": "Point", "coordinates": [ 114.044001, 22.5446079 ] } },
{ "type": "Feature", "properties": { "osmid": 7975286462, "y": 22.5444281, "x": 114.0436528, "street_count": 3, "highway": null, "ref": null }, "geometry": { "type": "Point", "coordinates": [ 114.0436528, 22.5444281 ] } },
{ "type": "Feature", "properties": { "osmid": 7975286488, "y": 22.544036, "x": 114.0436541, "street_count": 3, "highway": "crossing", "ref": null }, "geometry": { "type": "Point", "coordinates": [ 114.0436541, 22.544036 ] } },
{ "type": "Feature", "properties": { "osmid": 7975286500, "y": 22.5442654, "x": 114.0383375, "street_count": 4, "highway": null, "ref": null }, "geometry": { "type": "Point", "coordinates": [ 114.0383375, 22.5442654 ] } },
{ "type": "Feature", "properties": { "osmid": 7975286501, "y": 22.5437715, "x": 114.0353013, "street_count": 6, "highway": null, "ref": null }, "geometry": { "type": "Point", "coordinates": [ 114.0353013, 22.5437715 ] } },
{ "type": "Feature", "properties": { "osmid": 7975286514, "y": 22.5444338, "x": 114.042016, "street_count": 4, "highway": null, "ref": null }, "geometry": { "type": "Point", "coordinates": [ 114.042016, 22.5444338 ] } },
{ "type": "Feature", "properties": { "osmid": 7975286521, "y": 22.5443965, "x": 114.0420291, "street_count": 4, "highway": null, "ref": null }, "geometry": { "type": "Point", "coordinates": [ 114.0420291, 22.5443965 ] } },
{ "type": "Feature", "properties": { "osmid": 7975286522, "y": 22.5480668, "x": 114.0344098, "street_count": 4, "highway": null, "ref": null }, "geometry": { "type": "Point", "coordinates": [ 114.0344098, 22.5480668 ] } },
{ "type": "Feature", "properties": { "osmid": 7975286528, "y": 22.5477841, "x": 114.0344654, "street_count": 3, "highway": null, "ref": null }, "geometry": { "type": "Point", "coordinates": [ 114.0344654, 22.5477841 ] } },
{ "type": "Feature", "properties": { "osmid": 7975286534, "y": 22.5479512, "x": 114.0340327, "street_count": 3, "highway": null, "ref": null }, "geometry": { "type": "Point", "coordinates": [ 114.0340327, 22.5479512 ] } },
{ "type": "Feature", "properties": { "osmid": 7975286536, "y": 22.5481495, "x": 114.0340552, "street_count": 3, "highway": null, "ref": null }, "geometry": { "type": "Point", "coordinates": [ 114.0340552, 22.5481495 ] } },
{ "type": "Feature", "properties": { "osmid": 7975286544, "y": 22.5486079, "x": 114.034303, "street_count": 3, "highway": null, "ref": null }, "geometry": { "type": "Point", "coordinates": [ 114.034303, 22.5486079 ] } },
{ "type": "Feature", "properties": { "osmid": 7975286574, "y": 22.5490944, "x": 114.0391143, "street_count": 1, "highway": null, "ref": null }, "geometry": { "type": "Point", "coordinates": [ 114.0391143, 22.5490944 ] } },
{ "type": "Feature", "properties": { "osmid": 7975286578, "y": 22.5425759, "x": 114.0411121, "street_count": 3, "highway": null, "ref": null }, "geometry": { "type": "Point", "coordinates": [ 114.0411121, 22.5425759 ] } },
{ "type": "Feature", "properties": { "osmid": 7975286583, "y": 22.5464263, "x": 114.0391612, "street_count": 4, "highway": null, "ref": null }, "geometry": { "type": "Point", "coordinates": [ 114.0391612, 22.5464263 ] } },
{ "type": "Feature", "properties": { "osmid": 7977050923, "y": 22.5457989, "x": 114.0349432, "street_count": 3, "highway": null, "ref": null }, "geometry": { "type": "Point", "coordinates": [ 114.0349432, 22.5457989 ] } },
{ "type": "Feature", "properties": { "osmid": 7977050954, "y": 22.5463503, "x": 114.0379, "street_count": 3, "highway": null, "ref": null }, "geometry": { "type": "Point", "coordinates": [ 114.0379, 22.5463503 ] } },
{ "type": "Feature", "properties": { "osmid": 7977050964, "y": 22.5444283, "x": 114.0398595, "street_count": 4, "highway": null, "ref": null }, "geometry": { "type": "Point", "coordinates": [ 114.0398595, 22.5444283 ] } },
{ "type": "Feature", "properties": { "osmid": 7977050965, "y": 22.5482682, "x": 114.039868, "street_count": 3, "highway": null, "ref": null }, "geometry": { "type": "Point", "coordinates": [ 114.039868, 22.5482682 ] } },
{ "type": "Feature", "properties": { "osmid": 7977056072, "y": 22.5533482, "x": 114.0397784, "street_count": 4, "highway": null, "ref": null }, "geometry": { "type": "Point", "coordinates": [ 114.0397784, 22.5533482 ] } },
{ "type": "Feature", "properties": { "osmid": 7977056073, "y": 22.5496022, "x": 114.0397897, "street_count": 4, "highway": null, "ref": null }, "geometry": { "type": "Point", "coordinates": [ 114.0397897, 22.5496022 ] } },
{ "type": "Feature", "properties": { "osmid": 7977056074, "y": 22.549463, "x": 114.039791, "street_count": 4, "highway": null, "ref": null }, "geometry": { "type": "Point", "coordinates": [ 114.039791, 22.549463 ] } },
{ "type": "Feature", "properties": { "osmid": 7977056078, "y": 22.5496221, "x": 114.0398632, "street_count": 4, "highway": null, "ref": null }, "geometry": { "type": "Point", "coordinates": [ 114.0398632, 22.5496221 ] } },
{ "type": "Feature", "properties": { "osmid": 7977056079, "y": 22.5494802, "x": 114.0398638, "street_count": 4, "highway": null, "ref": null }, "geometry": { "type": "Point", "coordinates": [ 114.0398638, 22.5494802 ] } },
{ "type": "Feature", "properties": { "osmid": 7977056082, "y": 22.5464606, "x": 114.0397897, "street_count": 4, "highway": null, "ref": null }, "geometry": { "type": "Point", "coordinates": [ 114.0397897, 22.5464606 ] } },
{ "type": "Feature", "properties": { "osmid": 7977056084, "y": 22.5464637, "x": 114.0398702, "street_count": 4, "highway": null, "ref": null }, "geometry": { "type": "Point", "coordinates": [ 114.0398702, 22.5464637 ] } },
{ "type": "Feature", "properties": { "osmid": 7977056101, "y": 22.5503618, "x": 114.0433593, "street_count": 3, "highway": null, "ref": null }, "geometry": { "type": "Point", "coordinates": [ 114.0433593, 22.5503618 ] } },
{ "type": "Feature", "properties": { "osmid": 7977056103, "y": 22.5503282, "x": 114.0437018, "street_count": 3, "highway": null, "ref": null }, "geometry": { "type": "Point", "coordinates": [ 114.0437018, 22.5503282 ] } },
{ "type": "Feature", "properties": { "osmid": 7977056115, "y": 22.5471364, "x": 114.0414571, "street_count": 3, "highway": null, "ref": null }, "geometry": { "type": "Point", "coordinates": [ 114.0414571, 22.5471364 ] } },
{ "type": "Feature", "properties": { "osmid": 7977056116, "y": 22.5471745, "x": 114.0436794, "street_count": 3, "highway": null, "ref": null }, "geometry": { "type": "Point", "coordinates": [ 114.0436794, 22.5471745 ] } },
{ "type": "Feature", "properties": { "osmid": 7977056117, "y": 22.5471952, "x": 114.0437467, "street_count": 4, "highway": null, "ref": null }, "geometry": { "type": "Point", "coordinates": [ 114.0437467, 22.5471952 ] } },
{ "type": "Feature", "properties": { "osmid": 7977056124, "y": 22.5473915, "x": 114.0442268, "street_count": 3, "highway": null, "ref": null }, "geometry": { "type": "Point", "coordinates": [ 114.0442268, 22.5473915 ] } },
{ "type": "Feature", "properties": { "osmid": 7977056128, "y": 22.5471595, "x": 114.0437473, "street_count": 4, "highway": null, "ref": null }, "geometry": { "type": "Point", "coordinates": [ 114.0437473, 22.5471595 ] } },
{ "type": "Feature", "properties": { "osmid": 7979238484, "y": 22.544434, "x": 114.0420419, "street_count": 4, "highway": null, "ref": null }, "geometry": { "type": "Point", "coordinates": [ 114.0420419, 22.544434 ] } },
{ "type": "Feature", "properties": { "osmid": 7979256597, "y": 22.5464991, "x": 114.0414866, "street_count": 4, "highway": null, "ref": null }, "geometry": { "type": "Point", "coordinates": [ 114.0414866, 22.5464991 ] } },
{ "type": "Feature", "properties": { "osmid": 7979256612, "y": 22.5465066, "x": 114.0415124, "street_count": 3, "highway": null, "ref": null }, "geometry": { "type": "Point", "coordinates": [ 114.0415124, 22.5465066 ] } },
{ "type": "Feature", "properties": { "osmid": 7979256626, "y": 22.5498994, "x": 114.0415502, "street_count": 3, "highway": null, "ref": null }, "geometry": { "type": "Point", "coordinates": [ 114.0415502, 22.5498994 ] } },
{ "type": "Feature", "properties": { "osmid": 7979256640, "y": 22.5498448, "x": 114.0413328, "street_count": 3, "highway": null, "ref": null }, "geometry": { "type": "Point", "coordinates": [ 114.0413328, 22.5498448 ] } },
{ "type": "Feature", "properties": { "osmid": 7979256646, "y": 22.5471373, "x": 114.0414851, "street_count": 4, "highway": null, "ref": null }, "geometry": { "type": "Point", "coordinates": [ 114.0414851, 22.5471373 ] } },
{ "type": "Feature", "properties": { "osmid": 7979256647, "y": 22.5482912, "x": 114.0430734, "street_count": 3, "highway": null, "ref": null }, "geometry": { "type": "Point", "coordinates": [ 114.0430734, 22.5482912 ] } },
{ "type": "Feature", "properties": { "osmid": 7979256648, "y": 22.5482796, "x": 114.0414504, "street_count": 4, "highway": null, "ref": null }, "geometry": { "type": "Point", "coordinates": [ 114.0414504, 22.5482796 ] } },
{ "type": "Feature", "properties": { "osmid": 7979256649, "y": 22.5482798, "x": 114.0414865, "street_count": 4, "highway": null, "ref": null }, "geometry": { "type": "Point", "coordinates": [ 114.0414865, 22.5482798 ] } },
{ "type": "Feature", "properties": { "osmid": 7979256695, "y": 22.5500203, "x": 114.0415005, "street_count": 3, "highway": null, "ref": null }, "geometry": { "type": "Point", "coordinates": [ 114.0415005, 22.5500203 ] } },
{ "type": "Feature", "properties": { "osmid": 7979256736, "y": 22.5519182, "x": 114.0398553, "street_count": 3, "highway": null, "ref": null }, "geometry": { "type": "Point", "coordinates": [ 114.0398553, 22.5519182 ] } },
{ "type": "Feature", "properties": { "osmid": 7979256811, "y": 22.5507247, "x": 114.0340049, "street_count": 4, "highway": null, "ref": null }, "geometry": { "type": "Point", "coordinates": [ 114.0340049, 22.5507247 ] } },
{ "type": "Feature", "properties": { "osmid": 7979256822, "y": 22.5495719, "x": 114.0374032, "street_count": 1, "highway": null, "ref": null }, "geometry": { "type": "Point", "coordinates": [ 114.0374032, 22.5495719 ] } },
{ "type": "Feature", "properties": { "osmid": 7979256831, "y": 22.5498593, "x": 114.0373188, "street_count": 4, "highway": null, "ref": null }, "geometry": { "type": "Point", "coordinates": [ 114.0373188, 22.5498593 ] } },
{ "type": "Feature", "properties": { "osmid": 7979256832, "y": 22.5505081, "x": 114.036108, "street_count": 3, "highway": null, "ref": null }, "geometry": { "type": "Point", "coordinates": [ 114.036108, 22.5505081 ] } },
{ "type": "Feature", "properties": { "osmid": 7979256862, "y": 22.5487761, "x": 114.0365159, "street_count": 4, "highway": null, "ref": null }, "geometry": { "type": "Point", "coordinates": [ 114.0365159, 22.5487761 ] } },
{ "type": "Feature", "properties": { "osmid": 7979256883, "y": 22.5496175, "x": 114.0363178, "street_count": 3, "highway": null, "ref": null }, "geometry": { "type": "Point", "coordinates": [ 114.0363178, 22.5496175 ] } },
{ "type": "Feature", "properties": { "osmid": 7986450947, "y": 22.5461938, "x": 114.0324744, "street_count": 3, "highway": null, "ref": null }, "geometry": { "type": "Point", "coordinates": [ 114.0324744, 22.5461938 ] } },
{ "type": "Feature", "properties": { "osmid": 7986450948, "y": 22.5457917, "x": 114.0348441, "street_count": 3, "highway": null, "ref": null }, "geometry": { "type": "Point", "coordinates": [ 114.0348441, 22.5457917 ] } },
{ "type": "Feature", "properties": { "osmid": 7986450971, "y": 22.5466663, "x": 114.0297688, "street_count": 3, "highway": null, "ref": null }, "geometry": { "type": "Point", "coordinates": [ 114.0297688, 22.5466663 ] } },
{ "type": "Feature", "properties": { "osmid": 7986471593, "y": 22.5474137, "x": 114.0322448, "street_count": 4, "highway": null, "ref": null }, "geometry": { "type": "Point", "coordinates": [ 114.0322448, 22.5474137 ] } },
{ "type": "Feature", "properties": { "osmid": 7992164359, "y": 22.5416824, "x": 114.0718758, "street_count": 3, "highway": null, "ref": null }, "geometry": { "type": "Point", "coordinates": [ 114.0718758, 22.5416824 ] } },
{ "type": "Feature", "properties": { "osmid": 7992164372, "y": 22.5416833, "x": 114.0719761, "street_count": 4, "highway": null, "ref": null }, "geometry": { "type": "Point", "coordinates": [ 114.0719761, 22.5416833 ] } },
{ "type": "Feature", "properties": { "osmid": 7992170511, "y": 22.5389052, "x": 114.0723762, "street_count": 3, "highway": null, "ref": null }, "geometry": { "type": "Point", "coordinates": [ 114.0723762, 22.5389052 ] } },
{ "type": "Feature", "properties": { "osmid": 7992170512, "y": 22.5396648, "x": 114.074121, "street_count": 3, "highway": null, "ref": null }, "geometry": { "type": "Point", "coordinates": [ 114.074121, 22.5396648 ] } },
{ "type": "Feature", "properties": { "osmid": 7992170513, "y": 22.5400271, "x": 114.0749627, "street_count": 3, "highway": null, "ref": null }, "geometry": { "type": "Point", "coordinates": [ 114.0749627, 22.5400271 ] } },
{ "type": "Feature", "properties": { "osmid": 7992170518, "y": 22.5396049, "x": 114.0741543, "street_count": 4, "highway": null, "ref": null }, "geometry": { "type": "Point", "coordinates": [ 114.0741543, 22.5396049 ] } },
{ "type": "Feature", "properties": { "osmid": 7992170524, "y": 22.5391107, "x": 114.0720171, "street_count": 3, "highway": null, "ref": null }, "geometry": { "type": "Point", "coordinates": [ 114.0720171, 22.5391107 ] } },
{ "type": "Feature", "properties": { "osmid": 7992170550, "y": 22.5391776, "x": 114.0719383, "street_count": 3, "highway": null, "ref": null }, "geometry": { "type": "Point", "coordinates": [ 114.0719383, 22.5391776 ] } },
{ "type": "Feature", "properties": { "osmid": 7992170555, "y": 22.5387517, "x": 114.0719347, "street_count": 4, "highway": null, "ref": null }, "geometry": { "type": "Point", "coordinates": [ 114.0719347, 22.5387517 ] } },
{ "type": "Feature", "properties": { "osmid": 7992170556, "y": 22.5386634, "x": 114.0720206, "street_count": 4, "highway": null, "ref": null }, "geometry": { "type": "Point", "coordinates": [ 114.0720206, 22.5386634 ] } },
{ "type": "Feature", "properties": { "osmid": 7992170569, "y": 22.5380992, "x": 114.072035, "street_count": 3, "highway": null, "ref": null }, "geometry": { "type": "Point", "coordinates": [ 114.072035, 22.5380992 ] } },
{ "type": "Feature", "properties": { "osmid": 7992170585, "y": 22.5402244, "x": 114.077671, "street_count": 4, "highway": null, "ref": null }, "geometry": { "type": "Point", "coordinates": [ 114.077671, 22.5402244 ] } },
{ "type": "Feature", "properties": { "osmid": 7992170611, "y": 22.5362201, "x": 114.0801194, "street_count": 3, "highway": null, "ref": null }, "geometry": { "type": "Point", "coordinates": [ 114.0801194, 22.5362201 ] } },
{ "type": "Feature", "properties": { "osmid": 7993875250, "y": 22.5359079, "x": 114.0720771, "street_count": 4, "highway": null, "ref": null }, "geometry": { "type": "Point", "coordinates": [ 114.0720771, 22.5359079 ] } },
{ "type": "Feature", "properties": { "osmid": 7993875258, "y": 22.5367459, "x": 114.0720674, "street_count": 3, "highway": null, "ref": null }, "geometry": { "type": "Point", "coordinates": [ 114.0720674, 22.5367459 ] } },
{ "type": "Feature", "properties": { "osmid": 7993875260, "y": 22.5365908, "x": 114.0732455, "street_count": 1, "highway": null, "ref": null }, "geometry": { "type": "Point", "coordinates": [ 114.0732455, 22.5365908 ] } },
{ "type": "Feature", "properties": { "osmid": 7993875261, "y": 22.5367522, "x": 114.0723563, "street_count": 3, "highway": null, "ref": null }, "geometry": { "type": "Point", "coordinates": [ 114.0723563, 22.5367522 ] } },
{ "type": "Feature", "properties": { "osmid": 7993875263, "y": 22.5363432, "x": 114.0732787, "street_count": 1, "highway": null, "ref": null }, "geometry": { "type": "Point", "coordinates": [ 114.0732787, 22.5363432 ] } },
{ "type": "Feature", "properties": { "osmid": 7993875264, "y": 22.5363376, "x": 114.0729157, "street_count": 3, "highway": null, "ref": null }, "geometry": { "type": "Point", "coordinates": [ 114.0729157, 22.5363376 ] } },
{ "type": "Feature", "properties": { "osmid": 7993875265, "y": 22.5366839, "x": 114.0729113, "street_count": 3, "highway": null, "ref": null }, "geometry": { "type": "Point", "coordinates": [ 114.0729113, 22.5366839 ] } },
{ "type": "Feature", "properties": { "osmid": 7993875266, "y": 22.5365135, "x": 114.0723603, "street_count": 3, "highway": null, "ref": null }, "geometry": { "type": "Point", "coordinates": [ 114.0723603, 22.5365135 ] } },
{ "type": "Feature", "properties": { "osmid": 7993875267, "y": 22.5365189, "x": 114.0729134, "street_count": 3, "highway": null, "ref": null }, "geometry": { "type": "Point", "coordinates": [ 114.0729134, 22.5365189 ] } },
{ "type": "Feature", "properties": { "osmid": 8002408089, "y": 22.5506078, "x": 114.0677346, "street_count": 3, "highway": null, "ref": null }, "geometry": { "type": "Point", "coordinates": [ 114.0677346, 22.5506078 ] } },
{ "type": "Feature", "properties": { "osmid": 8002408174, "y": 22.5476229, "x": 114.0661273, "street_count": 3, "highway": null, "ref": null }, "geometry": { "type": "Point", "coordinates": [ 114.0661273, 22.5476229 ] } },
{ "type": "Feature", "properties": { "osmid": 8002408175, "y": 22.547604, "x": 114.0645942, "street_count": 3, "highway": null, "ref": null }, "geometry": { "type": "Point", "coordinates": [ 114.0645942, 22.547604 ] } },
{ "type": "Feature", "properties": { "osmid": 8002408176, "y": 22.5475069, "x": 114.0646031, "street_count": 3, "highway": null, "ref": null }, "geometry": { "type": "Point", "coordinates": [ 114.0646031, 22.5475069 ] } },
{ "type": "Feature", "properties": { "osmid": 8002408178, "y": 22.5475805, "x": 114.0680296, "street_count": 4, "highway": null, "ref": null }, "geometry": { "type": "Point", "coordinates": [ 114.0680296, 22.5475805 ] } },
{ "type": "Feature", "properties": { "osmid": 8002408180, "y": 22.5476671, "x": 114.068029, "street_count": 4, "highway": null, "ref": null }, "geometry": { "type": "Point", "coordinates": [ 114.068029, 22.5476671 ] } },
{ "type": "Feature", "properties": { "osmid": 8002408185, "y": 22.5477403, "x": 114.0684801, "street_count": 3, "highway": null, "ref": null }, "geometry": { "type": "Point", "coordinates": [ 114.0684801, 22.5477403 ] } },
{ "type": "Feature", "properties": { "osmid": 8002408198, "y": 22.5480388, "x": 114.0680345, "street_count": 3, "highway": null, "ref": null }, "geometry": { "type": "Point", "coordinates": [ 114.0680345, 22.5480388 ] } },
{ "type": "Feature", "properties": { "osmid": 8025306506, "y": 22.5344292, "x": 114.0802853, "street_count": 3, "highway": null, "ref": null }, "geometry": { "type": "Point", "coordinates": [ 114.0802853, 22.5344292 ] } },
{ "type": "Feature", "properties": { "osmid": 8025306507, "y": 22.5348751, "x": 114.0792135, "street_count": 1, "highway": null, "ref": null }, "geometry": { "type": "Point", "coordinates": [ 114.0792135, 22.5348751 ] } },
{ "type": "Feature", "properties": { "osmid": 8025306509, "y": 22.5346833, "x": 114.0796745, "street_count": 3, "highway": null, "ref": null }, "geometry": { "type": "Point", "coordinates": [ 114.0796745, 22.5346833 ] } },
{ "type": "Feature", "properties": { "osmid": 8025306510, "y": 22.535228, "x": 114.0799244, "street_count": 1, "highway": null, "ref": null }, "geometry": { "type": "Point", "coordinates": [ 114.0799244, 22.535228 ] } },
{ "type": "Feature", "properties": { "osmid": 8025306528, "y": 22.5345963, "x": 114.0803625, "street_count": 3, "highway": null, "ref": null }, "geometry": { "type": "Point", "coordinates": [ 114.0803625, 22.5345963 ] } },
{ "type": "Feature", "properties": { "osmid": 8044279502, "y": 22.5469794, "x": 114.0760371, "street_count": 4, "highway": null, "ref": null }, "geometry": { "type": "Point", "coordinates": [ 114.0760371, 22.5469794 ] } },
{ "type": "Feature", "properties": { "osmid": 8044279541, "y": 22.543058, "x": 114.0741608, "street_count": 3, "highway": null, "ref": null }, "geometry": { "type": "Point", "coordinates": [ 114.0741608, 22.543058 ] } },
{ "type": "Feature", "properties": { "osmid": 8044279549, "y": 22.5432835, "x": 114.0756006, "street_count": 3, "highway": "crossing", "ref": null }, "geometry": { "type": "Point", "coordinates": [ 114.0756006, 22.5432835 ] } },
{ "type": "Feature", "properties": { "osmid": 8044291595, "y": 22.550642, "x": 114.0759784, "street_count": 4, "highway": null, "ref": null }, "geometry": { "type": "Point", "coordinates": [ 114.0759784, 22.550642 ] } },
{ "type": "Feature", "properties": { "osmid": 8044291609, "y": 22.5453435, "x": 114.0760669, "street_count": 3, "highway": null, "ref": null }, "geometry": { "type": "Point", "coordinates": [ 114.0760669, 22.5453435 ] } },
{ "type": "Feature", "properties": { "osmid": 8044291611, "y": 22.5453469, "x": 114.0762363, "street_count": 5, "highway": null, "ref": null }, "geometry": { "type": "Point", "coordinates": [ 114.0762363, 22.5453469 ] } },
{ "type": "Feature", "properties": { "osmid": 8044291626, "y": 22.5470158, "x": 114.0762062, "street_count": 5, "highway": null, "ref": null }, "geometry": { "type": "Point", "coordinates": [ 114.0762062, 22.5470158 ] } },
{ "type": "Feature", "properties": { "osmid": 8044291635, "y": 22.549063, "x": 114.0759992, "street_count": 3, "highway": null, "ref": null }, "geometry": { "type": "Point", "coordinates": [ 114.0759992, 22.549063 ] } },
{ "type": "Feature", "properties": { "osmid": 8044291662, "y": 22.5499967, "x": 114.076168, "street_count": 3, "highway": null, "ref": null }, "geometry": { "type": "Point", "coordinates": [ 114.076168, 22.5499967 ] } },
{ "type": "Feature", "properties": { "osmid": 8044291669, "y": 22.5514656, "x": 114.0761714, "street_count": 4, "highway": null, "ref": null }, "geometry": { "type": "Point", "coordinates": [ 114.0761714, 22.5514656 ] } },
{ "type": "Feature", "properties": { "osmid": 8060848736, "y": 22.5396771, "x": 114.0619609, "street_count": 4, "highway": null, "ref": null }, "geometry": { "type": "Point", "coordinates": [ 114.0619609, 22.5396771 ] } },
{ "type": "Feature", "properties": { "osmid": 8060848749, "y": 22.5411745, "x": 114.0604409, "street_count": 3, "highway": null, "ref": null }, "geometry": { "type": "Point", "coordinates": [ 114.0604409, 22.5411745 ] } },
{ "type": "Feature", "properties": { "osmid": 8071642695, "y": 22.5174037, "x": 114.035136, "street_count": 3, "highway": null, "ref": null }, "geometry": { "type": "Point", "coordinates": [ 114.035136, 22.5174037 ] } },
{ "type": "Feature", "properties": { "osmid": 8071642705, "y": 22.5195718, "x": 114.0312225, "street_count": 3, "highway": null, "ref": null }, "geometry": { "type": "Point", "coordinates": [ 114.0312225, 22.5195718 ] } },
{ "type": "Feature", "properties": { "osmid": 8071642706, "y": 22.5190075, "x": 114.0322811, "street_count": 3, "highway": null, "ref": null }, "geometry": { "type": "Point", "coordinates": [ 114.0322811, 22.5190075 ] } },
{ "type": "Feature", "properties": { "osmid": 8071642707, "y": 22.5188667, "x": 114.0325451, "street_count": 3, "highway": null, "ref": null }, "geometry": { "type": "Point", "coordinates": [ 114.0325451, 22.5188667 ] } },
{ "type": "Feature", "properties": { "osmid": 8071642709, "y": 22.5166623, "x": 114.0365288, "street_count": 3, "highway": null, "ref": null }, "geometry": { "type": "Point", "coordinates": [ 114.0365288, 22.5166623 ] } },
{ "type": "Feature", "properties": { "osmid": 8071647039, "y": 22.5167253, "x": 114.036563, "street_count": 4, "highway": null, "ref": null }, "geometry": { "type": "Point", "coordinates": [ 114.036563, 22.5167253 ] } },
{ "type": "Feature", "properties": { "osmid": 8071647047, "y": 22.5191863, "x": 114.0321122, "street_count": 3, "highway": null, "ref": null }, "geometry": { "type": "Point", "coordinates": [ 114.0321122, 22.5191863 ] } },
{ "type": "Feature", "properties": { "osmid": 8071647050, "y": 22.5183325, "x": 114.0335472, "street_count": 4, "highway": null, "ref": null }, "geometry": { "type": "Point", "coordinates": [ 114.0335472, 22.5183325 ] } },
{ "type": "Feature", "properties": { "osmid": 8071647051, "y": 22.5184918, "x": 114.0336458, "street_count": 4, "highway": null, "ref": null }, "geometry": { "type": "Point", "coordinates": [ 114.0336458, 22.5184918 ] } },
{ "type": "Feature", "properties": { "osmid": 8071647053, "y": 22.5168867, "x": 114.0366527, "street_count": 4, "highway": null, "ref": null }, "geometry": { "type": "Point", "coordinates": [ 114.0366527, 22.5168867 ] } },
{ "type": "Feature", "properties": { "osmid": 8071647055, "y": 22.5174663, "x": 114.035172, "street_count": 4, "highway": null, "ref": null }, "geometry": { "type": "Point", "coordinates": [ 114.035172, 22.5174663 ] } },
{ "type": "Feature", "properties": { "osmid": 8071647057, "y": 22.5176311, "x": 114.0352619, "street_count": 4, "highway": null, "ref": null }, "geometry": { "type": "Point", "coordinates": [ 114.0352619, 22.5176311 ] } },
{ "type": "Feature", "properties": { "osmid": 8071647061, "y": 22.5196154, "x": 114.0312937, "street_count": 4, "highway": null, "ref": null }, "geometry": { "type": "Point", "coordinates": [ 114.0312937, 22.5196154 ] } },
{ "type": "Feature", "properties": { "osmid": 8071647064, "y": 22.5201902, "x": 114.0304797, "street_count": 3, "highway": null, "ref": null }, "geometry": { "type": "Point", "coordinates": [ 114.0304797, 22.5201902 ] } },
{ "type": "Feature", "properties": { "osmid": 8071647082, "y": 22.5258723, "x": 114.0322887, "street_count": 3, "highway": null, "ref": null }, "geometry": { "type": "Point", "coordinates": [ 114.0322887, 22.5258723 ] } },
{ "type": "Feature", "properties": { "osmid": 8071647091, "y": 22.5216896, "x": 114.0296332, "street_count": 3, "highway": null, "ref": null }, "geometry": { "type": "Point", "coordinates": [ 114.0296332, 22.5216896 ] } },
{ "type": "Feature", "properties": { "osmid": 8071647092, "y": 22.5226139, "x": 114.0300903, "street_count": 3, "highway": null, "ref": null }, "geometry": { "type": "Point", "coordinates": [ 114.0300903, 22.5226139 ] } },
{ "type": "Feature", "properties": { "osmid": 8071647094, "y": 22.5257199, "x": 114.032327, "street_count": 3, "highway": null, "ref": null }, "geometry": { "type": "Point", "coordinates": [ 114.032327, 22.5257199 ] } },
{ "type": "Feature", "properties": { "osmid": 8071647104, "y": 22.5207116, "x": 114.028931, "street_count": 3, "highway": null, "ref": null }, "geometry": { "type": "Point", "coordinates": [ 114.028931, 22.5207116 ] } },
{ "type": "Feature", "properties": { "osmid": 8071647105, "y": 22.5219393, "x": 114.0296423, "street_count": 3, "highway": null, "ref": null }, "geometry": { "type": "Point", "coordinates": [ 114.0296423, 22.5219393 ] } },
{ "type": "Feature", "properties": { "osmid": 8071647107, "y": 22.5225479, "x": 114.0302069, "street_count": 4, "highway": null, "ref": null }, "geometry": { "type": "Point", "coordinates": [ 114.0302069, 22.5225479 ] } },
{ "type": "Feature", "properties": { "osmid": 8071647108, "y": 22.5239415, "x": 114.0309732, "street_count": 4, "highway": null, "ref": null }, "geometry": { "type": "Point", "coordinates": [ 114.0309732, 22.5239415 ] } },
{ "type": "Feature", "properties": { "osmid": 8071647109, "y": 22.5238742, "x": 114.0310934, "street_count": 4, "highway": null, "ref": null }, "geometry": { "type": "Point", "coordinates": [ 114.0310934, 22.5238742 ] } },
{ "type": "Feature", "properties": { "osmid": 8071647126, "y": 22.5208048, "x": 114.0293078, "street_count": 3, "highway": null, "ref": null }, "geometry": { "type": "Point", "coordinates": [ 114.0293078, 22.5208048 ] } },
{ "type": "Feature", "properties": { "osmid": 8076307465, "y": 22.5425141, "x": 114.0571955, "street_count": 3, "highway": null, "ref": null }, "geometry": { "type": "Point", "coordinates": [ 114.0571955, 22.5425141 ] } },
{ "type": "Feature", "properties": { "osmid": 8076307469, "y": 22.5425685, "x": 114.0589558, "street_count": 3, "highway": null, "ref": null }, "geometry": { "type": "Point", "coordinates": [ 114.0589558, 22.5425685 ] } },
{ "type": "Feature", "properties": { "osmid": 8076307471, "y": 22.5402097, "x": 114.0630092, "street_count": 3, "highway": null, "ref": null }, "geometry": { "type": "Point", "coordinates": [ 114.0630092, 22.5402097 ] } },
{ "type": "Feature", "properties": { "osmid": 8109948015, "y": 22.5338001, "x": 114.0631022, "street_count": 4, "highway": null, "ref": null }, "geometry": { "type": "Point", "coordinates": [ 114.0631022, 22.5338001 ] } },
{ "type": "Feature", "properties": { "osmid": 8109971621, "y": 22.5318791, "x": 114.0635574, "street_count": 3, "highway": null, "ref": null }, "geometry": { "type": "Point", "coordinates": [ 114.0635574, 22.5318791 ] } },
{ "type": "Feature", "properties": { "osmid": 8109971622, "y": 22.5318317, "x": 114.0595349, "street_count": 3, "highway": null, "ref": null }, "geometry": { "type": "Point", "coordinates": [ 114.0595349, 22.5318317 ] } },
{ "type": "Feature", "properties": { "osmid": 8109971632, "y": 22.5318081, "x": 114.0575556, "street_count": 3, "highway": null, "ref": null }, "geometry": { "type": "Point", "coordinates": [ 114.0575556, 22.5318081 ] } },
{ "type": "Feature", "properties": { "osmid": 8109971643, "y": 22.5318142, "x": 114.058714, "street_count": 3, "highway": null, "ref": null }, "geometry": { "type": "Point", "coordinates": [ 114.058714, 22.5318142 ] } },
{ "type": "Feature", "properties": { "osmid": 8109971648, "y": 22.5318959, "x": 114.0646606, "street_count": 3, "highway": null, "ref": null }, "geometry": { "type": "Point", "coordinates": [ 114.0646606, 22.5318959 ] } },
{ "type": "Feature", "properties": { "osmid": 8109971662, "y": 22.5314515, "x": 114.0641555, "street_count": 3, "highway": null, "ref": null }, "geometry": { "type": "Point", "coordinates": [ 114.0641555, 22.5314515 ] } },
{ "type": "Feature", "properties": { "osmid": 8146911905, "y": 22.5181402, "x": 114.0620715, "street_count": 3, "highway": null, "ref": null }, "geometry": { "type": "Point", "coordinates": [ 114.0620715, 22.5181402 ] } },
{ "type": "Feature", "properties": { "osmid": 8146911911, "y": 22.5157304, "x": 114.0602228, "street_count": 3, "highway": null, "ref": null }, "geometry": { "type": "Point", "coordinates": [ 114.0602228, 22.5157304 ] } },
{ "type": "Feature", "properties": { "osmid": 8146989123, "y": 22.5049771, "x": 114.054882, "street_count": 1, "highway": null, "ref": null }, "geometry": { "type": "Point", "coordinates": [ 114.054882, 22.5049771 ] } },
{ "type": "Feature", "properties": { "osmid": 8146989127, "y": 22.5042684, "x": 114.0531027, "street_count": 1, "highway": null, "ref": null }, "geometry": { "type": "Point", "coordinates": [ 114.0531027, 22.5042684 ] } },
{ "type": "Feature", "properties": { "osmid": 8146989184, "y": 22.5110364, "x": 114.0545825, "street_count": 3, "highway": null, "ref": null }, "geometry": { "type": "Point", "coordinates": [ 114.0545825, 22.5110364 ] } },
{ "type": "Feature", "properties": { "osmid": 8146989191, "y": 22.5118112, "x": 114.0543053, "street_count": 4, "highway": null, "ref": null }, "geometry": { "type": "Point", "coordinates": [ 114.0543053, 22.5118112 ] } },
{ "type": "Feature", "properties": { "osmid": 8146989209, "y": 22.5110373, "x": 114.0513263, "street_count": 3, "highway": null, "ref": null }, "geometry": { "type": "Point", "coordinates": [ 114.0513263, 22.5110373 ] } },
{ "type": "Feature", "properties": { "osmid": 8148654288, "y": 22.5297435, "x": 114.064424, "street_count": 3, "highway": null, "ref": null }, "geometry": { "type": "Point", "coordinates": [ 114.064424, 22.5297435 ] } },
{ "type": "Feature", "properties": { "osmid": 8152978225, "y": 22.5419019, "x": 114.061943, "street_count": 1, "highway": null, "ref": null }, "geometry": { "type": "Point", "coordinates": [ 114.061943, 22.5419019 ] } },
{ "type": "Feature", "properties": { "osmid": 8167951077, "y": 22.5189976, "x": 114.0565033, "street_count": 3, "highway": null, "ref": null }, "geometry": { "type": "Point", "coordinates": [ 114.0565033, 22.5189976 ] } },
{ "type": "Feature", "properties": { "osmid": 8167951092, "y": 22.5230088, "x": 114.0564442, "street_count": 3, "highway": null, "ref": null }, "geometry": { "type": "Point", "coordinates": [ 114.0564442, 22.5230088 ] } },
{ "type": "Feature", "properties": { "osmid": 8167985467, "y": 22.5221992, "x": 114.0536762, "street_count": 3, "highway": null, "ref": null }, "geometry": { "type": "Point", "coordinates": [ 114.0536762, 22.5221992 ] } },
{ "type": "Feature", "properties": { "osmid": 8167985470, "y": 22.5243587, "x": 114.0559828, "street_count": 1, "highway": null, "ref": null }, "geometry": { "type": "Point", "coordinates": [ 114.0559828, 22.5243587 ] } },
{ "type": "Feature", "properties": { "osmid": 8167985481, "y": 22.5222283, "x": 114.0545587, "street_count": 3, "highway": null, "ref": null }, "geometry": { "type": "Point", "coordinates": [ 114.0545587, 22.5222283 ] } },
{ "type": "Feature", "properties": { "osmid": 8167985564, "y": 22.5238717, "x": 114.0564325, "street_count": 1, "highway": null, "ref": null }, "geometry": { "type": "Point", "coordinates": [ 114.0564325, 22.5238717 ] } },
{ "type": "Feature", "properties": { "osmid": 8167985613, "y": 22.5258013, "x": 114.0536948, "street_count": 3, "highway": null, "ref": null }, "geometry": { "type": "Point", "coordinates": [ 114.0536948, 22.5258013 ] } },
{ "type": "Feature", "properties": { "osmid": 8167985621, "y": 22.5257223, "x": 114.0484796, "street_count": 3, "highway": null, "ref": null }, "geometry": { "type": "Point", "coordinates": [ 114.0484796, 22.5257223 ] } },
{ "type": "Feature", "properties": { "osmid": 8167985622, "y": 22.5256991, "x": 114.046715, "street_count": 3, "highway": null, "ref": null }, "geometry": { "type": "Point", "coordinates": [ 114.046715, 22.5256991 ] } },
{ "type": "Feature", "properties": { "osmid": 8167985624, "y": 22.5256736, "x": 114.0454863, "street_count": 3, "highway": null, "ref": null }, "geometry": { "type": "Point", "coordinates": [ 114.0454863, 22.5256736 ] } },
{ "type": "Feature", "properties": { "osmid": 8167985625, "y": 22.525676, "x": 114.0449448, "street_count": 3, "highway": null, "ref": null }, "geometry": { "type": "Point", "coordinates": [ 114.0449448, 22.525676 ] } },
{ "type": "Feature", "properties": { "osmid": 8167985645, "y": 22.5257828, "x": 114.0468592, "street_count": 3, "highway": null, "ref": null }, "geometry": { "type": "Point", "coordinates": [ 114.0468592, 22.5257828 ] } },
{ "type": "Feature", "properties": { "osmid": 8167985649, "y": 22.525871, "x": 114.0532822, "street_count": 3, "highway": null, "ref": null }, "geometry": { "type": "Point", "coordinates": [ 114.0532822, 22.525871 ] } },
{ "type": "Feature", "properties": { "osmid": 8167985658, "y": 22.525765, "x": 114.0452576, "street_count": 3, "highway": null, "ref": null }, "geometry": { "type": "Point", "coordinates": [ 114.0452576, 22.525765 ] } },
{ "type": "Feature", "properties": { "osmid": 8167985663, "y": 22.5284068, "x": 114.0468212, "street_count": 3, "highway": null, "ref": null }, "geometry": { "type": "Point", "coordinates": [ 114.0468212, 22.5284068 ] } },
{ "type": "Feature", "properties": { "osmid": 8167985664, "y": 22.5295229, "x": 114.0468051, "street_count": 3, "highway": null, "ref": null }, "geometry": { "type": "Point", "coordinates": [ 114.0468051, 22.5295229 ] } },
{ "type": "Feature", "properties": { "osmid": 8167985697, "y": 22.5197542, "x": 114.0485809, "street_count": 3, "highway": null, "ref": null }, "geometry": { "type": "Point", "coordinates": [ 114.0485809, 22.5197542 ] } },
{ "type": "Feature", "properties": { "osmid": 8167985701, "y": 22.5211655, "x": 114.0485561, "street_count": 4, "highway": null, "ref": null }, "geometry": { "type": "Point", "coordinates": [ 114.0485561, 22.5211655 ] } },
{ "type": "Feature", "properties": { "osmid": 8167985710, "y": 22.5258026, "x": 114.0485493, "street_count": 3, "highway": null, "ref": null }, "geometry": { "type": "Point", "coordinates": [ 114.0485493, 22.5258026 ] } },
{ "type": "Feature", "properties": { "osmid": 8167985719, "y": 22.5275845, "x": 114.0468332, "street_count": 4, "highway": null, "ref": null }, "geometry": { "type": "Point", "coordinates": [ 114.0468332, 22.5275845 ] } },
{ "type": "Feature", "properties": { "osmid": 8167985720, "y": 22.5276011, "x": 114.0485122, "street_count": 4, "highway": null, "ref": null }, "geometry": { "type": "Point", "coordinates": [ 114.0485122, 22.5276011 ] } },
{ "type": "Feature", "properties": { "osmid": 8167985726, "y": 22.529018, "x": 114.0495582, "street_count": 4, "highway": null, "ref": null }, "geometry": { "type": "Point", "coordinates": [ 114.0495582, 22.529018 ] } },
{ "type": "Feature", "properties": { "osmid": 8167985727, "y": 22.5276118, "x": 114.0495888, "street_count": 4, "highway": null, "ref": null }, "geometry": { "type": "Point", "coordinates": [ 114.0495888, 22.5276118 ] } },
{ "type": "Feature", "properties": { "osmid": 8167985753, "y": 22.5258182, "x": 114.0496277, "street_count": 3, "highway": null, "ref": null }, "geometry": { "type": "Point", "coordinates": [ 114.0496277, 22.5258182 ] } },
{ "type": "Feature", "properties": { "osmid": 8167985759, "y": 22.5233284, "x": 114.0512346, "street_count": 3, "highway": null, "ref": null }, "geometry": { "type": "Point", "coordinates": [ 114.0512346, 22.5233284 ] } },
{ "type": "Feature", "properties": { "osmid": 8167985760, "y": 22.5212008, "x": 114.0510814, "street_count": 3, "highway": null, "ref": null }, "geometry": { "type": "Point", "coordinates": [ 114.0510814, 22.5212008 ] } },
{ "type": "Feature", "properties": { "osmid": 8167985768, "y": 22.5186411, "x": 114.050897, "street_count": 3, "highway": null, "ref": null }, "geometry": { "type": "Point", "coordinates": [ 114.050897, 22.5186411 ] } },
{ "type": "Feature", "properties": { "osmid": 8167985780, "y": 22.5253375, "x": 114.0513794, "street_count": 3, "highway": null, "ref": null }, "geometry": { "type": "Point", "coordinates": [ 114.0513794, 22.5253375 ] } },
{ "type": "Feature", "properties": { "osmid": 8167985788, "y": 22.5257566, "x": 114.0508575, "street_count": 3, "highway": null, "ref": null }, "geometry": { "type": "Point", "coordinates": [ 114.0508575, 22.5257566 ] } },
{ "type": "Feature", "properties": { "osmid": 8167985791, "y": 22.5276295, "x": 114.0513791, "street_count": 3, "highway": null, "ref": null }, "geometry": { "type": "Point", "coordinates": [ 114.0513791, 22.5276295 ] } },
{ "type": "Feature", "properties": { "osmid": 8167985792, "y": 22.5257652, "x": 114.0514105, "street_count": 4, "highway": null, "ref": null }, "geometry": { "type": "Point", "coordinates": [ 114.0514105, 22.5257652 ] } },
{ "type": "Feature", "properties": { "osmid": 8167985804, "y": 22.5258371, "x": 114.0509363, "street_count": 3, "highway": null, "ref": null }, "geometry": { "type": "Point", "coordinates": [ 114.0509363, 22.5258371 ] } },
{ "type": "Feature", "properties": { "osmid": 8167985814, "y": 22.5186911, "x": 114.0510162, "street_count": 3, "highway": null, "ref": null }, "geometry": { "type": "Point", "coordinates": [ 114.0510162, 22.5186911 ] } },
{ "type": "Feature", "properties": { "osmid": 8167985833, "y": 22.5262503, "x": 114.0515406, "street_count": 3, "highway": null, "ref": null }, "geometry": { "type": "Point", "coordinates": [ 114.0515406, 22.5262503 ] } },
{ "type": "Feature", "properties": { "osmid": 8167985843, "y": 22.5253074, "x": 114.0515142, "street_count": 3, "highway": null, "ref": null }, "geometry": { "type": "Point", "coordinates": [ 114.0515142, 22.5253074 ] } },
{ "type": "Feature", "properties": { "osmid": 8167985854, "y": 22.525775, "x": 114.0520269, "street_count": 3, "highway": null, "ref": null }, "geometry": { "type": "Point", "coordinates": [ 114.0520269, 22.525775 ] } },
{ "type": "Feature", "properties": { "osmid": 8167985858, "y": 22.525857, "x": 114.0572245, "street_count": 3, "highway": null, "ref": null }, "geometry": { "type": "Point", "coordinates": [ 114.0572245, 22.525857 ] } },
{ "type": "Feature", "properties": { "osmid": 8167985871, "y": 22.5258738, "x": 114.058292, "street_count": 3, "highway": null, "ref": null }, "geometry": { "type": "Point", "coordinates": [ 114.058292, 22.5258738 ] } },
{ "type": "Feature", "properties": { "osmid": 8167985873, "y": 22.5249579, "x": 114.0589347, "street_count": 1, "highway": null, "ref": null }, "geometry": { "type": "Point", "coordinates": [ 114.0589347, 22.5249579 ] } },
{ "type": "Feature", "properties": { "osmid": 8167985880, "y": 22.5245188, "x": 114.0584747, "street_count": 3, "highway": null, "ref": null }, "geometry": { "type": "Point", "coordinates": [ 114.0584747, 22.5245188 ] } },
{ "type": "Feature", "properties": { "osmid": 8167985893, "y": 22.5236808, "x": 114.0570375, "street_count": 3, "highway": null, "ref": null }, "geometry": { "type": "Point", "coordinates": [ 114.0570375, 22.5236808 ] } },
{ "type": "Feature", "properties": { "osmid": 8167985894, "y": 22.5236581, "x": 114.0576459, "street_count": 3, "highway": null, "ref": null }, "geometry": { "type": "Point", "coordinates": [ 114.0576459, 22.5236581 ] } },
{ "type": "Feature", "properties": { "osmid": 8167985895, "y": 22.5236249, "x": 114.0585417, "street_count": 4, "highway": null, "ref": null }, "geometry": { "type": "Point", "coordinates": [ 114.0585417, 22.5236249 ] } },
{ "type": "Feature", "properties": { "osmid": 8168044500, "y": 22.5295668, "x": 114.0586236, "street_count": 3, "highway": null, "ref": null }, "geometry": { "type": "Point", "coordinates": [ 114.0586236, 22.5295668 ] } },
{ "type": "Feature", "properties": { "osmid": 8168044501, "y": 22.5276264, "x": 114.0591438, "street_count": 4, "highway": null, "ref": null }, "geometry": { "type": "Point", "coordinates": [ 114.0591438, 22.5276264 ] } },
{ "type": "Feature", "properties": { "osmid": 8168044516, "y": 22.5259576, "x": 114.0592694, "street_count": 3, "highway": null, "ref": null }, "geometry": { "type": "Point", "coordinates": [ 114.0592694, 22.5259576 ] } },
{ "type": "Feature", "properties": { "osmid": 8168061639, "y": 22.5255702, "x": 114.0597164, "street_count": 3, "highway": null, "ref": null }, "geometry": { "type": "Point", "coordinates": [ 114.0597164, 22.5255702 ] } },
{ "type": "Feature", "properties": { "osmid": 8168061641, "y": 22.525889, "x": 114.0592667, "street_count": 3, "highway": null, "ref": null }, "geometry": { "type": "Point", "coordinates": [ 114.0592667, 22.525889 ] } },
{ "type": "Feature", "properties": { "osmid": 8168061648, "y": 22.5236573, "x": 114.0603237, "street_count": 3, "highway": null, "ref": null }, "geometry": { "type": "Point", "coordinates": [ 114.0603237, 22.5236573 ] } },
{ "type": "Feature", "properties": { "osmid": 8168061649, "y": 22.5226752, "x": 114.0605878, "street_count": 3, "highway": null, "ref": null }, "geometry": { "type": "Point", "coordinates": [ 114.0605878, 22.5226752 ] } },
{ "type": "Feature", "properties": { "osmid": 8168061656, "y": 22.5267991, "x": 114.0594974, "street_count": 3, "highway": null, "ref": null }, "geometry": { "type": "Point", "coordinates": [ 114.0594974, 22.5267991 ] } },
{ "type": "Feature", "properties": { "osmid": 8168061659, "y": 22.5293057, "x": 114.0588382, "street_count": 3, "highway": null, "ref": null }, "geometry": { "type": "Point", "coordinates": [ 114.0588382, 22.5293057 ] } },
{ "type": "Feature", "properties": { "osmid": 8168061668, "y": 22.5276203, "x": 114.0615149, "street_count": 3, "highway": null, "ref": null }, "geometry": { "type": "Point", "coordinates": [ 114.0615149, 22.5276203 ] } },
{ "type": "Feature", "properties": { "osmid": 8168061672, "y": 22.5276185, "x": 114.0592819, "street_count": 4, "highway": null, "ref": null }, "geometry": { "type": "Point", "coordinates": [ 114.0592819, 22.5276185 ] } },
{ "type": "Feature", "properties": { "osmid": 8168061678, "y": 22.5262206, "x": 114.0596496, "street_count": 3, "highway": null, "ref": null }, "geometry": { "type": "Point", "coordinates": [ 114.0596496, 22.5262206 ] } },
{ "type": "Feature", "properties": { "osmid": 8168061691, "y": 22.5259696, "x": 114.0601031, "street_count": 3, "highway": null, "ref": null }, "geometry": { "type": "Point", "coordinates": [ 114.0601031, 22.5259696 ] } },
{ "type": "Feature", "properties": { "osmid": 8168061706, "y": 22.5276117, "x": 114.0603999, "street_count": 3, "highway": null, "ref": null }, "geometry": { "type": "Point", "coordinates": [ 114.0603999, 22.5276117 ] } },
{ "type": "Feature", "properties": { "osmid": 8168061714, "y": 22.5268141, "x": 114.0606099, "street_count": 4, "highway": null, "ref": null }, "geometry": { "type": "Point", "coordinates": [ 114.0606099, 22.5268141 ] } },
{ "type": "Feature", "properties": { "osmid": 8168061727, "y": 22.5256111, "x": 114.0630882, "street_count": 3, "highway": null, "ref": null }, "geometry": { "type": "Point", "coordinates": [ 114.0630882, 22.5256111 ] } },
{ "type": "Feature", "properties": { "osmid": 8168061742, "y": 22.5255634, "x": 114.0598224, "street_count": 3, "highway": null, "ref": null }, "geometry": { "type": "Point", "coordinates": [ 114.0598224, 22.5255634 ] } },
{ "type": "Feature", "properties": { "osmid": 8168061756, "y": 22.5259023, "x": 114.0601021, "street_count": 3, "highway": null, "ref": null }, "geometry": { "type": "Point", "coordinates": [ 114.0601021, 22.5259023 ] } },
{ "type": "Feature", "properties": { "osmid": 8168061761, "y": 22.523639, "x": 114.06023, "street_count": 4, "highway": null, "ref": null }, "geometry": { "type": "Point", "coordinates": [ 114.06023, 22.523639 ] } },
{ "type": "Feature", "properties": { "osmid": 8168061764, "y": 22.5259624, "x": 114.0596075, "street_count": 4, "highway": null, "ref": null }, "geometry": { "type": "Point", "coordinates": [ 114.0596075, 22.5259624 ] } },
{ "type": "Feature", "properties": { "osmid": 8168061765, "y": 22.5258947, "x": 114.0596271, "street_count": 4, "highway": null, "ref": null }, "geometry": { "type": "Point", "coordinates": [ 114.0596271, 22.5258947 ] } },
{ "type": "Feature", "properties": { "osmid": 8168061766, "y": 22.5259646, "x": 114.0597169, "street_count": 4, "highway": null, "ref": null }, "geometry": { "type": "Point", "coordinates": [ 114.0597169, 22.5259646 ] } },
{ "type": "Feature", "properties": { "osmid": 8168061767, "y": 22.5258975, "x": 114.0597345, "street_count": 4, "highway": null, "ref": null }, "geometry": { "type": "Point", "coordinates": [ 114.0597345, 22.5258975 ] } },
{ "type": "Feature", "properties": { "osmid": 8169270268, "y": 22.5214366, "x": 114.0564656, "street_count": 3, "highway": null, "ref": null }, "geometry": { "type": "Point", "coordinates": [ 114.0564656, 22.5214366 ] } },
{ "type": "Feature", "properties": { "osmid": 8169270272, "y": 22.5245943, "x": 114.0600773, "street_count": 3, "highway": null, "ref": null }, "geometry": { "type": "Point", "coordinates": [ 114.0600773, 22.5245943 ] } },
{ "type": "Feature", "properties": { "osmid": 8169270274, "y": 22.5259243, "x": 114.0569688, "street_count": 3, "highway": null, "ref": null }, "geometry": { "type": "Point", "coordinates": [ 114.0569688, 22.5259243 ] } },
{ "type": "Feature", "properties": { "osmid": 8169270312, "y": 22.5156818, "x": 114.0383869, "street_count": 5, "highway": null, "ref": null }, "geometry": { "type": "Point", "coordinates": [ 114.0383869, 22.5156818 ] } },
{ "type": "Feature", "properties": { "osmid": 8185629232, "y": 22.5160665, "x": 114.0386978, "street_count": 3, "highway": null, "ref": null }, "geometry": { "type": "Point", "coordinates": [ 114.0386978, 22.5160665 ] } },
{ "type": "Feature", "properties": { "osmid": 8185629248, "y": 22.5213929, "x": 114.038862, "street_count": 1, "highway": null, "ref": null }, "geometry": { "type": "Point", "coordinates": [ 114.038862, 22.5213929 ] } },
{ "type": "Feature", "properties": { "osmid": 8185629258, "y": 22.5162298, "x": 114.0387027, "street_count": 3, "highway": null, "ref": null }, "geometry": { "type": "Point", "coordinates": [ 114.0387027, 22.5162298 ] } },
{ "type": "Feature", "properties": { "osmid": 8185629262, "y": 22.5186577, "x": 114.0378023, "street_count": 4, "highway": null, "ref": null }, "geometry": { "type": "Point", "coordinates": [ 114.0378023, 22.5186577 ] } },
{ "type": "Feature", "properties": { "osmid": 8185629288, "y": 22.5205994, "x": 114.0415645, "street_count": 3, "highway": null, "ref": null }, "geometry": { "type": "Point", "coordinates": [ 114.0415645, 22.5205994 ] } },
{ "type": "Feature", "properties": { "osmid": 8195511757, "y": 22.5188728, "x": 114.0575384, "street_count": 3, "highway": null, "ref": null }, "geometry": { "type": "Point", "coordinates": [ 114.0575384, 22.5188728 ] } },
{ "type": "Feature", "properties": { "osmid": 8195511761, "y": 22.5193131, "x": 114.0584835, "street_count": 3, "highway": null, "ref": null }, "geometry": { "type": "Point", "coordinates": [ 114.0584835, 22.5193131 ] } },
{ "type": "Feature", "properties": { "osmid": 8195511793, "y": 22.5169214, "x": 114.0555193, "street_count": 4, "highway": null, "ref": null }, "geometry": { "type": "Point", "coordinates": [ 114.0555193, 22.5169214 ] } },
{ "type": "Feature", "properties": { "osmid": 8198614155, "y": 22.5266809, "x": 114.0328073, "street_count": 3, "highway": null, "ref": null }, "geometry": { "type": "Point", "coordinates": [ 114.0328073, 22.5266809 ] } },
{ "type": "Feature", "properties": { "osmid": 8198655607, "y": 22.5283516, "x": 114.0338594, "street_count": 4, "highway": null, "ref": null }, "geometry": { "type": "Point", "coordinates": [ 114.0338594, 22.5283516 ] } },
{ "type": "Feature", "properties": { "osmid": 8198655610, "y": 22.5283878, "x": 114.0337279, "street_count": 3, "highway": null, "ref": null }, "geometry": { "type": "Point", "coordinates": [ 114.0337279, 22.5283878 ] } },
{ "type": "Feature", "properties": { "osmid": 8198655615, "y": 22.5280351, "x": 114.0337498, "street_count": 3, "highway": null, "ref": null }, "geometry": { "type": "Point", "coordinates": [ 114.0337498, 22.5280351 ] } },
{ "type": "Feature", "properties": { "osmid": 8198655625, "y": 22.5282127, "x": 114.0341831, "street_count": 3, "highway": null, "ref": null }, "geometry": { "type": "Point", "coordinates": [ 114.0341831, 22.5282127 ] } },
{ "type": "Feature", "properties": { "osmid": 8289756736, "y": 22.5242063, "x": 114.0437232, "street_count": 3, "highway": null, "ref": null }, "geometry": { "type": "Point", "coordinates": [ 114.0437232, 22.5242063 ] } },
{ "type": "Feature", "properties": { "osmid": 8289756737, "y": 22.5225666, "x": 114.0427974, "street_count": 3, "highway": null, "ref": null }, "geometry": { "type": "Point", "coordinates": [ 114.0427974, 22.5225666 ] } },
{ "type": "Feature", "properties": { "osmid": 8289756744, "y": 22.525344, "x": 114.0442958, "street_count": 3, "highway": null, "ref": null }, "geometry": { "type": "Point", "coordinates": [ 114.0442958, 22.525344 ] } },
{ "type": "Feature", "properties": { "osmid": 8289756746, "y": 22.5256722, "x": 114.0444644, "street_count": 4, "highway": null, "ref": null }, "geometry": { "type": "Point", "coordinates": [ 114.0444644, 22.5256722 ] } },
{ "type": "Feature", "properties": { "osmid": 8289756747, "y": 22.5257574, "x": 114.0445096, "street_count": 4, "highway": null, "ref": null }, "geometry": { "type": "Point", "coordinates": [ 114.0445096, 22.5257574 ] } },
{ "type": "Feature", "properties": { "osmid": 8289756749, "y": 22.521595, "x": 114.0421972, "street_count": 3, "highway": null, "ref": null }, "geometry": { "type": "Point", "coordinates": [ 114.0421972, 22.521595 ] } },
{ "type": "Feature", "properties": { "osmid": 8298779513, "y": 22.5416878, "x": 114.0357465, "street_count": 4, "highway": null, "ref": null }, "geometry": { "type": "Point", "coordinates": [ 114.0357465, 22.5416878 ] } },
{ "type": "Feature", "properties": { "osmid": 8298792534, "y": 22.5416743, "x": 114.0356654, "street_count": 4, "highway": null, "ref": null }, "geometry": { "type": "Point", "coordinates": [ 114.0356654, 22.5416743 ] } },
{ "type": "Feature", "properties": { "osmid": 8298792552, "y": 22.5418984, "x": 114.0357104, "street_count": 4, "highway": null, "ref": null }, "geometry": { "type": "Point", "coordinates": [ 114.0357104, 22.5418984 ] } },
{ "type": "Feature", "properties": { "osmid": 8298792553, "y": 22.542813, "x": 114.035753, "street_count": 1, "highway": null, "ref": null }, "geometry": { "type": "Point", "coordinates": [ 114.035753, 22.542813 ] } },
{ "type": "Feature", "properties": { "osmid": 8298792564, "y": 22.5439722, "x": 114.0351923, "street_count": 3, "highway": "crossing", "ref": null }, "geometry": { "type": "Point", "coordinates": [ 114.0351923, 22.5439722 ] } },
{ "type": "Feature", "properties": { "osmid": 8298792591, "y": 22.543904, "x": 114.0353063, "street_count": 3, "highway": null, "ref": null }, "geometry": { "type": "Point", "coordinates": [ 114.0353063, 22.543904 ] } },
{ "type": "Feature", "properties": { "osmid": 8298792601, "y": 22.5432691, "x": 114.0356693, "street_count": 4, "highway": null, "ref": null }, "geometry": { "type": "Point", "coordinates": [ 114.0356693, 22.5432691 ] } },
{ "type": "Feature", "properties": { "osmid": 8318215966, "y": 22.536073, "x": 114.0641563, "street_count": 1, "highway": null, "ref": null }, "geometry": { "type": "Point", "coordinates": [ 114.0641563, 22.536073 ] } },
{ "type": "Feature", "properties": { "osmid": 8377247189, "y": 22.5436845, "x": 114.071902, "street_count": 2, "highway": null, "ref": null }, "geometry": { "type": "Point", "coordinates": [ 114.071902, 22.5436845 ] } },
{ "type": "Feature", "properties": { "osmid": 8377247190, "y": 22.5430629, "x": 114.0718185, "street_count": 3, "highway": null, "ref": null }, "geometry": { "type": "Point", "coordinates": [ 114.0718185, 22.5430629 ] } },
{ "type": "Feature", "properties": { "osmid": 8377247191, "y": 22.5437122, "x": 114.0718294, "street_count": 2, "highway": null, "ref": null }, "geometry": { "type": "Point", "coordinates": [ 114.0718294, 22.5437122 ] } },
{ "type": "Feature", "properties": { "osmid": 8431765802, "y": 22.5403182, "x": 114.0787683, "street_count": 3, "highway": null, "ref": null }, "geometry": { "type": "Point", "coordinates": [ 114.0787683, 22.5403182 ] } },
{ "type": "Feature", "properties": { "osmid": 8431765803, "y": 22.5430326, "x": 114.0787238, "street_count": 3, "highway": null, "ref": null }, "geometry": { "type": "Point", "coordinates": [ 114.0787238, 22.5430326 ] } },
{ "type": "Feature", "properties": { "osmid": 8431765812, "y": 22.5403809, "x": 114.0787676, "street_count": 3, "highway": null, "ref": null }, "geometry": { "type": "Point", "coordinates": [ 114.0787676, 22.5403809 ] } },
{ "type": "Feature", "properties": { "osmid": 8431765813, "y": 22.5403757, "x": 114.0787137, "street_count": 4, "highway": null, "ref": null }, "geometry": { "type": "Point", "coordinates": [ 114.0787137, 22.5403757 ] } },
{ "type": "Feature", "properties": { "osmid": 8431769807, "y": 22.5418061, "x": 114.0609809, "street_count": 1, "highway": null, "ref": null }, "geometry": { "type": "Point", "coordinates": [ 114.0609809, 22.5418061 ] } },
{ "type": "Feature", "properties": { "osmid": 8431769835, "y": 22.54309, "x": 114.0653453, "street_count": 3, "highway": null, "ref": null }, "geometry": { "type": "Point", "coordinates": [ 114.0653453, 22.54309 ] } },
{ "type": "Feature", "properties": { "osmid": 8431769836, "y": 22.5429253, "x": 114.0643957, "street_count": 3, "highway": null, "ref": null }, "geometry": { "type": "Point", "coordinates": [ 114.0643957, 22.5429253 ] } },
{ "type": "Feature", "properties": { "osmid": 8431769837, "y": 22.5431115, "x": 114.0666356, "street_count": 3, "highway": null, "ref": null }, "geometry": { "type": "Point", "coordinates": [ 114.0666356, 22.5431115 ] } },
{ "type": "Feature", "properties": { "osmid": 8431769846, "y": 22.5430084, "x": 114.0604228, "street_count": 3, "highway": null, "ref": null }, "geometry": { "type": "Point", "coordinates": [ 114.0604228, 22.5430084 ] } },
{ "type": "Feature", "properties": { "osmid": 8434694161, "y": 22.540548, "x": 114.0760792, "street_count": 1, "highway": "crossing", "ref": null }, "geometry": { "type": "Point", "coordinates": [ 114.0760792, 22.540548 ] } },
{ "type": "Feature", "properties": { "osmid": 8434694177, "y": 22.5396333, "x": 114.0758321, "street_count": 1, "highway": null, "ref": null }, "geometry": { "type": "Point", "coordinates": [ 114.0758321, 22.5396333 ] } },
{ "type": "Feature", "properties": { "osmid": 8434720733, "y": 22.5497101, "x": 114.0414882, "street_count": 3, "highway": null, "ref": null }, "geometry": { "type": "Point", "coordinates": [ 114.0414882, 22.5497101 ] } },
{ "type": "Feature", "properties": { "osmid": 8453450228, "y": 22.5116016, "x": 114.0545003, "street_count": 3, "highway": null, "ref": null }, "geometry": { "type": "Point", "coordinates": [ 114.0545003, 22.5116016 ] } },
{ "type": "Feature", "properties": { "osmid": 8453450298, "y": 22.5119517, "x": 114.038891, "street_count": 2, "highway": null, "ref": null }, "geometry": { "type": "Point", "coordinates": [ 114.038891, 22.5119517 ] } },
{ "type": "Feature", "properties": { "osmid": 8453450310, "y": 22.5144021, "x": 114.0380795, "street_count": 3, "highway": null, "ref": null }, "geometry": { "type": "Point", "coordinates": [ 114.0380795, 22.5144021 ] } },
{ "type": "Feature", "properties": { "osmid": 8453450367, "y": 22.5143163, "x": 114.0380377, "street_count": 3, "highway": null, "ref": null }, "geometry": { "type": "Point", "coordinates": [ 114.0380377, 22.5143163 ] } },
{ "type": "Feature", "properties": { "osmid": 8482605802, "y": 22.5104809, "x": 114.0397663, "street_count": 4, "highway": null, "ref": null }, "geometry": { "type": "Point", "coordinates": [ 114.0397663, 22.5104809 ] } },
{ "type": "Feature", "properties": { "osmid": 8482605813, "y": 22.5095163, "x": 114.0457152, "street_count": 4, "highway": null, "ref": null }, "geometry": { "type": "Point", "coordinates": [ 114.0457152, 22.5095163 ] } },
{ "type": "Feature", "properties": { "osmid": 8482605816, "y": 22.509489, "x": 114.0472496, "street_count": 4, "highway": null, "ref": null }, "geometry": { "type": "Point", "coordinates": [ 114.0472496, 22.509489 ] } },
{ "type": "Feature", "properties": { "osmid": 8482608226, "y": 22.5098879, "x": 114.0518948, "street_count": 4, "highway": null, "ref": null }, "geometry": { "type": "Point", "coordinates": [ 114.0518948, 22.5098879 ] } },
{ "type": "Feature", "properties": { "osmid": 8482608230, "y": 22.5102769, "x": 114.053335, "street_count": 4, "highway": null, "ref": null }, "geometry": { "type": "Point", "coordinates": [ 114.053335, 22.5102769 ] } },
{ "type": "Feature", "properties": { "osmid": 8482608236, "y": 22.5088631, "x": 114.0537467, "street_count": 4, "highway": null, "ref": null }, "geometry": { "type": "Point", "coordinates": [ 114.0537467, 22.5088631 ] } },
{ "type": "Feature", "properties": { "osmid": 8482608237, "y": 22.5076603, "x": 114.0540946, "street_count": 3, "highway": null, "ref": null }, "geometry": { "type": "Point", "coordinates": [ 114.0540946, 22.5076603 ] } },
{ "type": "Feature", "properties": { "osmid": 8482608240, "y": 22.5063577, "x": 114.054474, "street_count": 4, "highway": null, "ref": null }, "geometry": { "type": "Point", "coordinates": [ 114.054474, 22.5063577 ] } },
{ "type": "Feature", "properties": { "osmid": 8482608241, "y": 22.5102075, "x": 114.0533547, "street_count": 4, "highway": null, "ref": null }, "geometry": { "type": "Point", "coordinates": [ 114.0533547, 22.5102075 ] } },
{ "type": "Feature", "properties": { "osmid": 8482608257, "y": 22.5098696, "x": 114.051795, "street_count": 4, "highway": null, "ref": null }, "geometry": { "type": "Point", "coordinates": [ 114.051795, 22.5098696 ] } },
{ "type": "Feature", "properties": { "osmid": 8482608258, "y": 22.5099385, "x": 114.0517811, "street_count": 3, "highway": null, "ref": null }, "geometry": { "type": "Point", "coordinates": [ 114.0517811, 22.5099385 ] } },
{ "type": "Feature", "properties": { "osmid": 8482608260, "y": 22.5099557, "x": 114.0518787, "street_count": 3, "highway": null, "ref": null }, "geometry": { "type": "Point", "coordinates": [ 114.0518787, 22.5099557 ] } },
{ "type": "Feature", "properties": { "osmid": 8482608266, "y": 22.5097015, "x": 114.0503137, "street_count": 3, "highway": null, "ref": null }, "geometry": { "type": "Point", "coordinates": [ 114.0503137, 22.5097015 ] } },
{ "type": "Feature", "properties": { "osmid": 8482608267, "y": 22.5096312, "x": 114.0503257, "street_count": 4, "highway": null, "ref": null }, "geometry": { "type": "Point", "coordinates": [ 114.0503257, 22.5096312 ] } },
{ "type": "Feature", "properties": { "osmid": 8482608274, "y": 22.5095523, "x": 114.0487973, "street_count": 3, "highway": null, "ref": null }, "geometry": { "type": "Point", "coordinates": [ 114.0487973, 22.5095523 ] } },
{ "type": "Feature", "properties": { "osmid": 8482608275, "y": 22.5094794, "x": 114.0488023, "street_count": 4, "highway": null, "ref": null }, "geometry": { "type": "Point", "coordinates": [ 114.0488023, 22.5094794 ] } },
{ "type": "Feature", "properties": { "osmid": 8482608281, "y": 22.5094155, "x": 114.0472505, "street_count": 4, "highway": null, "ref": null }, "geometry": { "type": "Point", "coordinates": [ 114.0472505, 22.5094155 ] } },
{ "type": "Feature", "properties": { "osmid": 8482608288, "y": 22.5094423, "x": 114.0457112, "street_count": 4, "highway": null, "ref": null }, "geometry": { "type": "Point", "coordinates": [ 114.0457112, 22.5094423 ] } },
{ "type": "Feature", "properties": { "osmid": 8482608295, "y": 22.5095475, "x": 114.0442327, "street_count": 4, "highway": null, "ref": null }, "geometry": { "type": "Point", "coordinates": [ 114.0442327, 22.5095475 ] } },
{ "type": "Feature", "properties": { "osmid": 8482608296, "y": 22.5096236, "x": 114.0442417, "street_count": 4, "highway": null, "ref": null }, "geometry": { "type": "Point", "coordinates": [ 114.0442417, 22.5096236 ] } },
{ "type": "Feature", "properties": { "osmid": 8482608305, "y": 22.5097582, "x": 114.0427059, "street_count": 4, "highway": null, "ref": null }, "geometry": { "type": "Point", "coordinates": [ 114.0427059, 22.5097582 ] } },
{ "type": "Feature", "properties": { "osmid": 8482608313, "y": 22.5100762, "x": 114.0412315, "street_count": 4, "highway": null, "ref": null }, "geometry": { "type": "Point", "coordinates": [ 114.0412315, 22.5100762 ] } },
{ "type": "Feature", "properties": { "osmid": 8482608314, "y": 22.5101525, "x": 114.0412494, "street_count": 4, "highway": null, "ref": null }, "geometry": { "type": "Point", "coordinates": [ 114.0412494, 22.5101525 ] } },
{ "type": "Feature", "properties": { "osmid": 8482608327, "y": 22.5104108, "x": 114.0397479, "street_count": 4, "highway": null, "ref": null }, "geometry": { "type": "Point", "coordinates": [ 114.0397479, 22.5104108 ] } },
{ "type": "Feature", "properties": { "osmid": 8482608338, "y": 22.5106973, "x": 114.0384713, "street_count": 4, "highway": null, "ref": null }, "geometry": { "type": "Point", "coordinates": [ 114.0384713, 22.5106973 ] } },
{ "type": "Feature", "properties": { "osmid": 8482608339, "y": 22.5107633, "x": 114.0384957, "street_count": 4, "highway": null, "ref": null }, "geometry": { "type": "Point", "coordinates": [ 114.0384957, 22.5107633 ] } },
{ "type": "Feature", "properties": { "osmid": 8482608340, "y": 22.5098305, "x": 114.0427201, "street_count": 4, "highway": null, "ref": null }, "geometry": { "type": "Point", "coordinates": [ 114.0427201, 22.5098305 ] } },
{ "type": "Feature", "properties": { "osmid": 8483293289, "y": 22.527658, "x": 114.0582371, "street_count": 3, "highway": null, "ref": null }, "geometry": { "type": "Point", "coordinates": [ 114.0582371, 22.527658 ] } },
{ "type": "Feature", "properties": { "osmid": 8487628351, "y": 22.5277019, "x": 114.0569189, "street_count": 4, "highway": null, "ref": null }, "geometry": { "type": "Point", "coordinates": [ 114.0569189, 22.5277019 ] } },
{ "type": "Feature", "properties": { "osmid": 8490646154, "y": 22.5299668, "x": 114.0535395, "street_count": 1, "highway": null, "ref": null }, "geometry": { "type": "Point", "coordinates": [ 114.0535395, 22.5299668 ] } },
{ "type": "Feature", "properties": { "osmid": 8490646155, "y": 22.5299651, "x": 114.0537049, "street_count": 3, "highway": null, "ref": null }, "geometry": { "type": "Point", "coordinates": [ 114.0537049, 22.5299651 ] } },
{ "type": "Feature", "properties": { "osmid": 8490646156, "y": 22.5299657, "x": 114.0536499, "street_count": 4, "highway": null, "ref": null }, "geometry": { "type": "Point", "coordinates": [ 114.0536499, 22.5299657 ] } },
{ "type": "Feature", "properties": { "osmid": 8490782023, "y": 22.5274125, "x": 114.0569271, "street_count": 3, "highway": null, "ref": null }, "geometry": { "type": "Point", "coordinates": [ 114.0569271, 22.5274125 ] } },
{ "type": "Feature", "properties": { "osmid": 8490782025, "y": 22.5273751, "x": 114.0569281, "street_count": 3, "highway": null, "ref": null }, "geometry": { "type": "Point", "coordinates": [ 114.0569281, 22.5273751 ] } },
{ "type": "Feature", "properties": { "osmid": 8495464669, "y": 22.5264287, "x": 114.0582362, "street_count": 1, "highway": null, "ref": null }, "geometry": { "type": "Point", "coordinates": [ 114.0582362, 22.5264287 ] } },
{ "type": "Feature", "properties": { "osmid": 8495464684, "y": 22.5276398, "x": 114.0589026, "street_count": 3, "highway": null, "ref": null }, "geometry": { "type": "Point", "coordinates": [ 114.0589026, 22.5276398 ] } },
{ "type": "Feature", "properties": { "osmid": 8495464918, "y": 22.5275923, "x": 114.058237, "street_count": 4, "highway": null, "ref": null }, "geometry": { "type": "Point", "coordinates": [ 114.058237, 22.5275923 ] } },
{ "type": "Feature", "properties": { "osmid": 8508946962, "y": 22.5351583, "x": 114.0581957, "street_count": 3, "highway": null, "ref": null }, "geometry": { "type": "Point", "coordinates": [ 114.0581957, 22.5351583 ] } },
{ "type": "Feature", "properties": { "osmid": 8516154823, "y": 22.5430828, "x": 114.0649681, "street_count": 3, "highway": null, "ref": null }, "geometry": { "type": "Point", "coordinates": [ 114.0649681, 22.5430828 ] } },
{ "type": "Feature", "properties": { "osmid": 8516154876, "y": 22.5355201, "x": 114.0630687, "street_count": 4, "highway": null, "ref": null }, "geometry": { "type": "Point", "coordinates": [ 114.0630687, 22.5355201 ] } },
{ "type": "Feature", "properties": { "osmid": 8516154879, "y": 22.5354734, "x": 114.0629024, "street_count": 4, "highway": null, "ref": null }, "geometry": { "type": "Point", "coordinates": [ 114.0629024, 22.5354734 ] } },
{ "type": "Feature", "properties": { "osmid": 8516154880, "y": 22.5355588, "x": 114.062902, "street_count": 4, "highway": null, "ref": null }, "geometry": { "type": "Point", "coordinates": [ 114.062902, 22.5355588 ] } },
{ "type": "Feature", "properties": { "osmid": 8516154889, "y": 22.5363367, "x": 114.0628853, "street_count": 3, "highway": null, "ref": null }, "geometry": { "type": "Point", "coordinates": [ 114.0628853, 22.5363367 ] } },
{ "type": "Feature", "properties": { "osmid": 8516154905, "y": 22.5350913, "x": 114.0629072, "street_count": 3, "highway": null, "ref": null }, "geometry": { "type": "Point", "coordinates": [ 114.0629072, 22.5350913 ] } },
{ "type": "Feature", "properties": { "osmid": 8516154908, "y": 22.5359, "x": 114.0630669, "street_count": 3, "highway": null, "ref": null }, "geometry": { "type": "Point", "coordinates": [ 114.0630669, 22.5359 ] } },
{ "type": "Feature", "properties": { "osmid": 8516154909, "y": 22.5376529, "x": 114.0628187, "street_count": 4, "highway": null, "ref": null }, "geometry": { "type": "Point", "coordinates": [ 114.0628187, 22.5376529 ] } },
{ "type": "Feature", "properties": { "osmid": 8516154910, "y": 22.5376514, "x": 114.0629619, "street_count": 4, "highway": null, "ref": null }, "geometry": { "type": "Point", "coordinates": [ 114.0629619, 22.5376514 ] } },
{ "type": "Feature", "properties": { "osmid": 8516154911, "y": 22.5375245, "x": 114.0628363, "street_count": 4, "highway": null, "ref": null }, "geometry": { "type": "Point", "coordinates": [ 114.0628363, 22.5375245 ] } },
{ "type": "Feature", "properties": { "osmid": 8516154912, "y": 22.537525, "x": 114.0629728, "street_count": 4, "highway": null, "ref": null }, "geometry": { "type": "Point", "coordinates": [ 114.0629728, 22.537525 ] } },
{ "type": "Feature", "properties": { "osmid": 8516218128, "y": 22.5338157, "x": 114.0640968, "street_count": 4, "highway": null, "ref": null }, "geometry": { "type": "Point", "coordinates": [ 114.0640968, 22.5338157 ] } },
{ "type": "Feature", "properties": { "osmid": 8569716248, "y": 22.5402532, "x": 114.0477707, "street_count": 3, "highway": null, "ref": null }, "geometry": { "type": "Point", "coordinates": [ 114.0477707, 22.5402532 ] } },
{ "type": "Feature", "properties": { "osmid": 8577265830, "y": 22.5240731, "x": 114.0367141, "street_count": 3, "highway": null, "ref": null }, "geometry": { "type": "Point", "coordinates": [ 114.0367141, 22.5240731 ] } },
{ "type": "Feature", "properties": { "osmid": 8624031172, "y": 22.5508997, "x": 114.0626003, "street_count": 3, "highway": null, "ref": null }, "geometry": { "type": "Point", "coordinates": [ 114.0626003, 22.5508997 ] } },
{ "type": "Feature", "properties": { "osmid": 8791690421, "y": 22.5434702, "x": 114.0590411, "street_count": 3, "highway": null, "ref": null }, "geometry": { "type": "Point", "coordinates": [ 114.0590411, 22.5434702 ] } },
{ "type": "Feature", "properties": { "osmid": 8791690425, "y": 22.5434705, "x": 114.0591023, "street_count": 3, "highway": null, "ref": null }, "geometry": { "type": "Point", "coordinates": [ 114.0591023, 22.5434705 ] } },
{ "type": "Feature", "properties": { "osmid": 8791690428, "y": 22.5473994, "x": 114.0590304, "street_count": 3, "highway": null, "ref": null }, "geometry": { "type": "Point", "coordinates": [ 114.0590304, 22.5473994 ] } },
{ "type": "Feature", "properties": { "osmid": 8791690431, "y": 22.5445315, "x": 114.0590172, "street_count": 4, "highway": null, "ref": null }, "geometry": { "type": "Point", "coordinates": [ 114.0590172, 22.5445315 ] } },
{ "type": "Feature", "properties": { "osmid": 8791690434, "y": 22.5445321, "x": 114.0590773, "street_count": 4, "highway": null, "ref": null }, "geometry": { "type": "Point", "coordinates": [ 114.0590773, 22.5445321 ] } },
{ "type": "Feature", "properties": { "osmid": 8791690456, "y": 22.5431918, "x": 114.0804395, "street_count": 3, "highway": null, "ref": null }, "geometry": { "type": "Point", "coordinates": [ 114.0804395, 22.5431918 ] } },
{ "type": "Feature", "properties": { "osmid": 8791690457, "y": 22.5431744, "x": 114.0792604, "street_count": 3, "highway": null, "ref": null }, "geometry": { "type": "Point", "coordinates": [ 114.0792604, 22.5431744 ] } },
{ "type": "Feature", "properties": { "osmid": 8791690458, "y": 22.5431495, "x": 114.0778374, "street_count": 3, "highway": null, "ref": null }, "geometry": { "type": "Point", "coordinates": [ 114.0778374, 22.5431495 ] } },
{ "type": "Feature", "properties": { "osmid": 8791690465, "y": 22.5440507, "x": 114.0792475, "street_count": 3, "highway": null, "ref": null }, "geometry": { "type": "Point", "coordinates": [ 114.0792475, 22.5440507 ] } },
{ "type": "Feature", "properties": { "osmid": 8791690466, "y": 22.5447235, "x": 114.0792364, "street_count": 3, "highway": null, "ref": null }, "geometry": { "type": "Point", "coordinates": [ 114.0792364, 22.5447235 ] } },
{ "type": "Feature", "properties": { "osmid": 8791690468, "y": 22.5431049, "x": 114.0769463, "street_count": 3, "highway": null, "ref": null }, "geometry": { "type": "Point", "coordinates": [ 114.0769463, 22.5431049 ] } },
{ "type": "Feature", "properties": { "osmid": 8791690550, "y": 22.5424576, "x": 114.0604099, "street_count": 3, "highway": null, "ref": null }, "geometry": { "type": "Point", "coordinates": [ 114.0604099, 22.5424576 ] } },
{ "type": "Feature", "properties": { "osmid": 8792350041, "y": 22.5258543, "x": 114.0520287, "street_count": 3, "highway": null, "ref": null }, "geometry": { "type": "Point", "coordinates": [ 114.0520287, 22.5258543 ] } },
{ "type": "Feature", "properties": { "osmid": 8794485628, "y": 22.5285336, "x": 114.0515004, "street_count": 3, "highway": null, "ref": null }, "geometry": { "type": "Point", "coordinates": [ 114.0515004, 22.5285336 ] } },
{ "type": "Feature", "properties": { "osmid": 8869144262, "y": 22.5305863, "x": 114.0292276, "street_count": 3, "highway": null, "ref": null }, "geometry": { "type": "Point", "coordinates": [ 114.0292276, 22.5305863 ] } },
{ "type": "Feature", "properties": { "osmid": 8869146313, "y": 22.5293438, "x": 114.0622308, "street_count": 3, "highway": null, "ref": null }, "geometry": { "type": "Point", "coordinates": [ 114.0622308, 22.5293438 ] } },
{ "type": "Feature", "properties": { "osmid": 8869177719, "y": 22.5293142, "x": 114.0595544, "street_count": 3, "highway": null, "ref": null }, "geometry": { "type": "Point", "coordinates": [ 114.0595544, 22.5293142 ] } },
{ "type": "Feature", "properties": { "osmid": 8869177728, "y": 22.5259815, "x": 114.0622479, "street_count": 3, "highway": null, "ref": null }, "geometry": { "type": "Point", "coordinates": [ 114.0622479, 22.5259815 ] } },
{ "type": "Feature", "properties": { "osmid": 8869177729, "y": 22.5259791, "x": 114.0618277, "street_count": 3, "highway": null, "ref": null }, "geometry": { "type": "Point", "coordinates": [ 114.0618277, 22.5259791 ] } },
{ "type": "Feature", "properties": { "osmid": 8869177730, "y": 22.5259736, "x": 114.0608293, "street_count": 3, "highway": null, "ref": null }, "geometry": { "type": "Point", "coordinates": [ 114.0608293, 22.5259736 ] } },
{ "type": "Feature", "properties": { "osmid": 8869177731, "y": 22.525844, "x": 114.0514164, "street_count": 4, "highway": null, "ref": null }, "geometry": { "type": "Point", "coordinates": [ 114.0514164, 22.525844 ] } },
{ "type": "Feature", "properties": { "osmid": 8869177732, "y": 22.5258459, "x": 114.0515466, "street_count": 4, "highway": null, "ref": null }, "geometry": { "type": "Point", "coordinates": [ 114.0515466, 22.5258459 ] } },
{ "type": "Feature", "properties": { "osmid": 8869177733, "y": 22.5259924, "x": 114.063086, "street_count": 4, "highway": null, "ref": null }, "geometry": { "type": "Point", "coordinates": [ 114.063086, 22.5259924 ] } },
{ "type": "Feature", "properties": { "osmid": 8869177742, "y": 22.5259881, "x": 114.0627539, "street_count": 3, "highway": null, "ref": null }, "geometry": { "type": "Point", "coordinates": [ 114.0627539, 22.5259881 ] } },
{ "type": "Feature", "properties": { "osmid": 8869177754, "y": 22.5262942, "x": 114.0630843, "street_count": 3, "highway": null, "ref": null }, "geometry": { "type": "Point", "coordinates": [ 114.0630843, 22.5262942 ] } },
{ "type": "Feature", "properties": { "osmid": 8869177764, "y": 22.525905, "x": 114.0608633, "street_count": 3, "highway": null, "ref": null }, "geometry": { "type": "Point", "coordinates": [ 114.0608633, 22.525905 ] } },
{ "type": "Feature", "properties": { "osmid": 8869177769, "y": 22.5259195, "x": 114.062733, "street_count": 3, "highway": null, "ref": null }, "geometry": { "type": "Point", "coordinates": [ 114.062733, 22.5259195 ] } },
{ "type": "Feature", "properties": { "osmid": 8869177775, "y": 22.5259247, "x": 114.0630864, "street_count": 4, "highway": null, "ref": null }, "geometry": { "type": "Point", "coordinates": [ 114.0630864, 22.5259247 ] } },
{ "type": "Feature", "properties": { "osmid": 8869448090, "y": 22.5218368, "x": 114.047211, "street_count": 3, "highway": null, "ref": null }, "geometry": { "type": "Point", "coordinates": [ 114.047211, 22.5218368 ] } },
{ "type": "Feature", "properties": { "osmid": 8869448108, "y": 22.5224415, "x": 114.0474645, "street_count": 3, "highway": null, "ref": null }, "geometry": { "type": "Point", "coordinates": [ 114.0474645, 22.5224415 ] } },
{ "type": "Feature", "properties": { "osmid": 8869448109, "y": 22.5226037, "x": 114.0485295, "street_count": 3, "highway": null, "ref": null }, "geometry": { "type": "Point", "coordinates": [ 114.0485295, 22.5226037 ] } },
{ "type": "Feature", "properties": { "osmid": 8869448111, "y": 22.5133244, "x": 114.0537283, "street_count": 3, "highway": null, "ref": null }, "geometry": { "type": "Point", "coordinates": [ 114.0537283, 22.5133244 ] } },
{ "type": "Feature", "properties": { "osmid": 8869448116, "y": 22.5218069, "x": 114.0450853, "street_count": 3, "highway": null, "ref": null }, "geometry": { "type": "Point", "coordinates": [ 114.0450853, 22.5218069 ] } },
{ "type": "Feature", "properties": { "osmid": 8869467017, "y": 22.5200682, "x": 114.0439961, "street_count": 3, "highway": null, "ref": null }, "geometry": { "type": "Point", "coordinates": [ 114.0439961, 22.5200682 ] } },
{ "type": "Feature", "properties": { "osmid": 8872340111, "y": 22.5056934, "x": 114.0509458, "street_count": 4, "highway": null, "ref": null }, "geometry": { "type": "Point", "coordinates": [ 114.0509458, 22.5056934 ] } },
{ "type": "Feature", "properties": { "osmid": 8872340116, "y": 22.5055115, "x": 114.0491434, "street_count": 4, "highway": null, "ref": null }, "geometry": { "type": "Point", "coordinates": [ 114.0491434, 22.5055115 ] } },
{ "type": "Feature", "properties": { "osmid": 8872362717, "y": 22.505429, "x": 114.0473182, "street_count": 3, "highway": null, "ref": null }, "geometry": { "type": "Point", "coordinates": [ 114.0473182, 22.505429 ] } },
{ "type": "Feature", "properties": { "osmid": 8872362720, "y": 22.5080932, "x": 114.0489236, "street_count": 4, "highway": null, "ref": null }, "geometry": { "type": "Point", "coordinates": [ 114.0489236, 22.5080932 ] } },
{ "type": "Feature", "properties": { "osmid": 8872362721, "y": 22.5054689, "x": 114.0454926, "street_count": 3, "highway": null, "ref": null }, "geometry": { "type": "Point", "coordinates": [ 114.0454926, 22.5054689 ] } },
{ "type": "Feature", "properties": { "osmid": 8872362722, "y": 22.505752, "x": 114.0437824, "street_count": 3, "highway": null, "ref": null }, "geometry": { "type": "Point", "coordinates": [ 114.0437824, 22.505752 ] } },
{ "type": "Feature", "properties": { "osmid": 8872362723, "y": 22.5062371, "x": 114.0420525, "street_count": 3, "highway": null, "ref": null }, "geometry": { "type": "Point", "coordinates": [ 114.0420525, 22.5062371 ] } },
{ "type": "Feature", "properties": { "osmid": 8872362724, "y": 22.5067455, "x": 114.0404905, "street_count": 3, "highway": null, "ref": null }, "geometry": { "type": "Point", "coordinates": [ 114.0404905, 22.5067455 ] } },
{ "type": "Feature", "properties": { "osmid": 8872362725, "y": 22.5072406, "x": 114.0389405, "street_count": 3, "highway": null, "ref": null }, "geometry": { "type": "Point", "coordinates": [ 114.0389405, 22.5072406 ] } },
{ "type": "Feature", "properties": { "osmid": 8872362726, "y": 22.5077491, "x": 114.0374379, "street_count": 3, "highway": null, "ref": null }, "geometry": { "type": "Point", "coordinates": [ 114.0374379, 22.5077491 ] } },
{ "type": "Feature", "properties": { "osmid": 8878665892, "y": 22.5475861, "x": 114.0621231, "street_count": 3, "highway": null, "ref": null }, "geometry": { "type": "Point", "coordinates": [ 114.0621231, 22.5475861 ] } },
{ "type": "Feature", "properties": { "osmid": 8878665902, "y": 22.5480681, "x": 114.0626512, "street_count": 3, "highway": null, "ref": null }, "geometry": { "type": "Point", "coordinates": [ 114.0626512, 22.5480681 ] } },
{ "type": "Feature", "properties": { "osmid": 8878665913, "y": 22.5469947, "x": 114.062674, "street_count": 3, "highway": null, "ref": null }, "geometry": { "type": "Point", "coordinates": [ 114.062674, 22.5469947 ] } },
{ "type": "Feature", "properties": { "osmid": 8878670822, "y": 22.5474482, "x": 114.0621625, "street_count": 3, "highway": null, "ref": null }, "geometry": { "type": "Point", "coordinates": [ 114.0621625, 22.5474482 ] } },
{ "type": "Feature", "properties": { "osmid": 8882319490, "y": 22.5255878, "x": 114.0717097, "street_count": 3, "highway": null, "ref": null }, "geometry": { "type": "Point", "coordinates": [ 114.0717097, 22.5255878 ] } },
{ "type": "Feature", "properties": { "osmid": 8882319634, "y": 22.5207434, "x": 114.072846, "street_count": 3, "highway": null, "ref": null }, "geometry": { "type": "Point", "coordinates": [ 114.072846, 22.5207434 ] } },
{ "type": "Feature", "properties": { "osmid": 8882319736, "y": 22.5206826, "x": 114.0564758, "street_count": 4, "highway": null, "ref": null }, "geometry": { "type": "Point", "coordinates": [ 114.0564758, 22.5206826 ] } },
{ "type": "Feature", "properties": { "osmid": 8987589741, "y": 22.5203067, "x": 114.0464471, "street_count": 3, "highway": null, "ref": null }, "geometry": { "type": "Point", "coordinates": [ 114.0464471, 22.5203067 ] } },
{ "type": "Feature", "properties": { "osmid": 8987589756, "y": 22.5200235, "x": 114.0463328, "street_count": 3, "highway": null, "ref": null }, "geometry": { "type": "Point", "coordinates": [ 114.0463328, 22.5200235 ] } },
{ "type": "Feature", "properties": { "osmid": 9000013660, "y": 22.5181968, "x": 114.0552344, "street_count": 3, "highway": null, "ref": null }, "geometry": { "type": "Point", "coordinates": [ 114.0552344, 22.5181968 ] } },
{ "type": "Feature", "properties": { "osmid": 9198650558, "y": 22.5192713, "x": 114.0632892, "street_count": 3, "highway": null, "ref": null }, "geometry": { "type": "Point", "coordinates": [ 114.0632892, 22.5192713 ] } },
{ "type": "Feature", "properties": { "osmid": 9200052964, "y": 22.5431878, "x": 114.0674455, "street_count": 3, "highway": null, "ref": null }, "geometry": { "type": "Point", "coordinates": [ 114.0674455, 22.5431878 ] } },
{ "type": "Feature", "properties": { "osmid": 9203706610, "y": 22.5430835, "x": 114.0812747, "street_count": 3, "highway": null, "ref": null }, "geometry": { "type": "Point", "coordinates": [ 114.0812747, 22.5430835 ] } },
{ "type": "Feature", "properties": { "osmid": 9222802792, "y": 22.5249475, "x": 114.0439627, "street_count": 3, "highway": null, "ref": null }, "geometry": { "type": "Point", "coordinates": [ 114.0439627, 22.5249475 ] } },
{ "type": "Feature", "properties": { "osmid": 9222802794, "y": 22.5215831, "x": 114.0420405, "street_count": 3, "highway": null, "ref": null }, "geometry": { "type": "Point", "coordinates": [ 114.0420405, 22.5215831 ] } },
{ "type": "Feature", "properties": { "osmid": 9222802797, "y": 22.5206448, "x": 114.0414527, "street_count": 3, "highway": null, "ref": null }, "geometry": { "type": "Point", "coordinates": [ 114.0414527, 22.5206448 ] } },
{ "type": "Feature", "properties": { "osmid": 9222802798, "y": 22.5176736, "x": 114.0395952, "street_count": 3, "highway": null, "ref": null }, "geometry": { "type": "Point", "coordinates": [ 114.0395952, 22.5176736 ] } },
{ "type": "Feature", "properties": { "osmid": 9222802799, "y": 22.5191254, "x": 114.0405358, "street_count": 3, "highway": null, "ref": null }, "geometry": { "type": "Point", "coordinates": [ 114.0405358, 22.5191254 ] } },
{ "type": "Feature", "properties": { "osmid": 9222802800, "y": 22.5266231, "x": 114.0447919, "street_count": 3, "highway": null, "ref": null }, "geometry": { "type": "Point", "coordinates": [ 114.0447919, 22.5266231 ] } },
{ "type": "Feature", "properties": { "osmid": 9222802801, "y": 22.5265929, "x": 114.0449025, "street_count": 3, "highway": null, "ref": null }, "geometry": { "type": "Point", "coordinates": [ 114.0449025, 22.5265929 ] } },
{ "type": "Feature", "properties": { "osmid": 9228759443, "y": 22.5125549, "x": 114.0514036, "street_count": 3, "highway": null, "ref": null }, "geometry": { "type": "Point", "coordinates": [ 114.0514036, 22.5125549 ] } },
{ "type": "Feature", "properties": { "osmid": 9393473353, "y": 22.5499702, "x": 114.0424901, "street_count": 3, "highway": null, "ref": null }, "geometry": { "type": "Point", "coordinates": [ 114.0424901, 22.5499702 ] } },
{ "type": "Feature", "properties": { "osmid": 9393473355, "y": 22.5499066, "x": 114.0425597, "street_count": 3, "highway": null, "ref": null }, "geometry": { "type": "Point", "coordinates": [ 114.0425597, 22.5499066 ] } },
{ "type": "Feature", "properties": { "osmid": 9393473358, "y": 22.5494905, "x": 114.0428409, "street_count": 1, "highway": null, "ref": null }, "geometry": { "type": "Point", "coordinates": [ 114.0428409, 22.5494905 ] } },
{ "type": "Feature", "properties": { "osmid": 9393473359, "y": 22.5495109, "x": 114.0426937, "street_count": 3, "highway": null, "ref": null }, "geometry": { "type": "Point", "coordinates": [ 114.0426937, 22.5495109 ] } },
{ "type": "Feature", "properties": { "osmid": 9393473360, "y": 22.5496895, "x": 114.0434102, "street_count": 3, "highway": null, "ref": null }, "geometry": { "type": "Point", "coordinates": [ 114.0434102, 22.5496895 ] } },
{ "type": "Feature", "properties": { "osmid": 9393473361, "y": 22.550132, "x": 114.0434108, "street_count": 3, "highway": null, "ref": null }, "geometry": { "type": "Point", "coordinates": [ 114.0434108, 22.550132 ] } },
{ "type": "Feature", "properties": { "osmid": 9393473363, "y": 22.5502138, "x": 114.0434286, "street_count": 3, "highway": null, "ref": null }, "geometry": { "type": "Point", "coordinates": [ 114.0434286, 22.5502138 ] } },
{ "type": "Feature", "properties": { "osmid": 9393473366, "y": 22.5496902, "x": 114.0437034, "street_count": 3, "highway": null, "ref": null }, "geometry": { "type": "Point", "coordinates": [ 114.0437034, 22.5496902 ] } },
{ "type": "Feature", "properties": { "osmid": 9393473370, "y": 22.5496173, "x": 114.0433033, "street_count": 1, "highway": null, "ref": null }, "geometry": { "type": "Point", "coordinates": [ 114.0433033, 22.5496173 ] } },
{ "type": "Feature", "properties": { "osmid": 9577362646, "y": 22.5233062, "x": 114.0474339, "street_count": 3, "highway": null, "ref": null }, "geometry": { "type": "Point", "coordinates": [ 114.0474339, 22.5233062 ] } },
{ "type": "Feature", "properties": { "osmid": 9577362648, "y": 22.5233198, "x": 114.04852, "street_count": 3, "highway": null, "ref": null }, "geometry": { "type": "Point", "coordinates": [ 114.04852, 22.5233198 ] } },
{ "type": "Feature", "properties": { "osmid": 9608302581, "y": 22.5224087, "x": 114.0364268, "street_count": 3, "highway": null, "ref": null }, "geometry": { "type": "Point", "coordinates": [ 114.0364268, 22.5224087 ] } },
{ "type": "Feature", "properties": { "osmid": 9608302698, "y": 22.5212514, "x": 114.0338468, "street_count": 3, "highway": null, "ref": null }, "geometry": { "type": "Point", "coordinates": [ 114.0338468, 22.5212514 ] } },
{ "type": "Feature", "properties": { "osmid": 9608397713, "y": 22.5135532, "x": 114.0397454, "street_count": 3, "highway": null, "ref": null }, "geometry": { "type": "Point", "coordinates": [ 114.0397454, 22.5135532 ] } },
{ "type": "Feature", "properties": { "osmid": 9653865272, "y": 22.5359923, "x": 114.063066, "street_count": 3, "highway": null, "ref": null }, "geometry": { "type": "Point", "coordinates": [ 114.063066, 22.5359923 ] } },
{ "type": "Feature", "properties": { "osmid": 9653865274, "y": 22.537523, "x": 114.0627478, "street_count": 4, "highway": null, "ref": null }, "geometry": { "type": "Point", "coordinates": [ 114.0627478, 22.537523 ] } },
{ "type": "Feature", "properties": { "osmid": 9653865275, "y": 22.5376562, "x": 114.0626705, "street_count": 3, "highway": null, "ref": null }, "geometry": { "type": "Point", "coordinates": [ 114.0626705, 22.5376562 ] } },
{ "type": "Feature", "properties": { "osmid": 9655569173, "y": 22.5430103, "x": 114.0684913, "street_count": 3, "highway": null, "ref": null }, "geometry": { "type": "Point", "coordinates": [ 114.0684913, 22.5430103 ] } },
{ "type": "Feature", "properties": { "osmid": 9655569174, "y": 22.5431211, "x": 114.067418, "street_count": 3, "highway": null, "ref": null }, "geometry": { "type": "Point", "coordinates": [ 114.067418, 22.5431211 ] } },
{ "type": "Feature", "properties": { "osmid": 9660848459, "y": 22.5214905, "x": 114.041169, "street_count": 3, "highway": null, "ref": null }, "geometry": { "type": "Point", "coordinates": [ 114.041169, 22.5214905 ] } },
{ "type": "Feature", "properties": { "osmid": 9660848462, "y": 22.5235267, "x": 114.0374422, "street_count": 4, "highway": null, "ref": null }, "geometry": { "type": "Point", "coordinates": [ 114.0374422, 22.5235267 ] } },
{ "type": "Feature", "properties": { "osmid": 9660848463, "y": 22.5239648, "x": 114.0366455, "street_count": 3, "highway": null, "ref": null }, "geometry": { "type": "Point", "coordinates": [ 114.0366455, 22.5239648 ] } },
{ "type": "Feature", "properties": { "osmid": 9660848465, "y": 22.5269849, "x": 114.0311536, "street_count": 3, "highway": null, "ref": null }, "geometry": { "type": "Point", "coordinates": [ 114.0311536, 22.5269849 ] } },
{ "type": "Feature", "properties": { "osmid": 9660848467, "y": 22.5264041, "x": 114.0322097, "street_count": 3, "highway": null, "ref": null }, "geometry": { "type": "Point", "coordinates": [ 114.0322097, 22.5264041 ] } },
{ "type": "Feature", "properties": { "osmid": 9660848469, "y": 22.5258883, "x": 114.0331477, "street_count": 3, "highway": null, "ref": null }, "geometry": { "type": "Point", "coordinates": [ 114.0331477, 22.5258883 ] } },
{ "type": "Feature", "properties": { "osmid": 9660848480, "y": 22.5262355, "x": 114.0325208, "street_count": 4, "highway": null, "ref": null }, "geometry": { "type": "Point", "coordinates": [ 114.0325208, 22.5262355 ] } },
{ "type": "Feature", "properties": { "osmid": 9660848481, "y": 22.5261716, "x": 114.0326326, "street_count": 4, "highway": null, "ref": null }, "geometry": { "type": "Point", "coordinates": [ 114.0326326, 22.5261716 ] } },
{ "type": "Feature", "properties": { "osmid": 9660848487, "y": 22.5234094, "x": 114.0376557, "street_count": 3, "highway": null, "ref": null }, "geometry": { "type": "Point", "coordinates": [ 114.0376557, 22.5234094 ] } },
{ "type": "Feature", "properties": { "osmid": 9660848493, "y": 22.5181629, "x": 114.0503424, "street_count": 3, "highway": null, "ref": null }, "geometry": { "type": "Point", "coordinates": [ 114.0503424, 22.5181629 ] } },
{ "type": "Feature", "properties": { "osmid": 9666019841, "y": 22.5479085, "x": 114.0578315, "street_count": 3, "highway": null, "ref": null }, "geometry": { "type": "Point", "coordinates": [ 114.0578315, 22.5479085 ] } },
{ "type": "Feature", "properties": { "osmid": 9666019842, "y": 22.5473804, "x": 114.0578398, "street_count": 4, "highway": null, "ref": null }, "geometry": { "type": "Point", "coordinates": [ 114.0578398, 22.5473804 ] } },
{ "type": "Feature", "properties": { "osmid": 9666019852, "y": 22.5450405, "x": 114.0578764, "street_count": 3, "highway": null, "ref": null }, "geometry": { "type": "Point", "coordinates": [ 114.0578764, 22.5450405 ] } },
{ "type": "Feature", "properties": { "osmid": 9666019854, "y": 22.5455143, "x": 114.0576325, "street_count": 3, "highway": null, "ref": null }, "geometry": { "type": "Point", "coordinates": [ 114.0576325, 22.5455143 ] } },
{ "type": "Feature", "properties": { "osmid": 9666019856, "y": 22.5457278, "x": 114.0578656, "street_count": 3, "highway": null, "ref": null }, "geometry": { "type": "Point", "coordinates": [ 114.0578656, 22.5457278 ] } },
{ "type": "Feature", "properties": { "osmid": 9666019868, "y": 22.5231398, "x": 114.06271, "street_count": 3, "highway": null, "ref": null }, "geometry": { "type": "Point", "coordinates": [ 114.06271, 22.5231398 ] } },
{ "type": "Feature", "properties": { "osmid": 9666019883, "y": 22.5215191, "x": 114.0607867, "street_count": 3, "highway": null, "ref": null }, "geometry": { "type": "Point", "coordinates": [ 114.0607867, 22.5215191 ] } },
{ "type": "Feature", "properties": { "osmid": 9666019885, "y": 22.520926, "x": 114.0605726, "street_count": 3, "highway": null, "ref": null }, "geometry": { "type": "Point", "coordinates": [ 114.0605726, 22.520926 ] } },
{ "type": "Feature", "properties": { "osmid": 9666019894, "y": 22.5354674, "x": 114.0625086, "street_count": 3, "highway": null, "ref": null }, "geometry": { "type": "Point", "coordinates": [ 114.0625086, 22.5354674 ] } },
{ "type": "Feature", "properties": { "osmid": 9666019897, "y": 22.545438, "x": 114.0578702, "street_count": 4, "highway": null, "ref": null }, "geometry": { "type": "Point", "coordinates": [ 114.0578702, 22.545438 ] } },
{ "type": "Feature", "properties": { "osmid": 9666019900, "y": 22.5359779, "x": 114.0628945, "street_count": 3, "highway": null, "ref": null }, "geometry": { "type": "Point", "coordinates": [ 114.0628945, 22.5359779 ] } },
{ "type": "Feature", "properties": { "osmid": 9666019902, "y": 22.54753, "x": 114.0578374, "street_count": 4, "highway": null, "ref": null }, "geometry": { "type": "Point", "coordinates": [ 114.0578374, 22.54753 ] } },
{ "type": "Feature", "properties": { "osmid": 9669373592, "y": 22.5219714, "x": 114.0443651, "street_count": 3, "highway": null, "ref": null }, "geometry": { "type": "Point", "coordinates": [ 114.0443651, 22.5219714 ] } },
{ "type": "Feature", "properties": { "osmid": 9671934765, "y": 22.5314064, "x": 114.0253877, "street_count": 3, "highway": "motorway_junction", "ref": null }, "geometry": { "type": "Point", "coordinates": [ 114.0253877, 22.5314064 ] } },
{ "type": "Feature", "properties": { "osmid": 9706857112, "y": 22.5310065, "x": 114.0351308, "street_count": 1, "highway": null, "ref": null }, "geometry": { "type": "Point", "coordinates": [ 114.0351308, 22.5310065 ] } },
{ "type": "Feature", "properties": { "osmid": 9730051941, "y": 22.5306267, "x": 114.0367848, "street_count": 3, "highway": null, "ref": null }, "geometry": { "type": "Point", "coordinates": [ 114.0367848, 22.5306267 ] } },
{ "type": "Feature", "properties": { "osmid": 9730051942, "y": 22.5306836, "x": 114.03547, "street_count": 3, "highway": null, "ref": null }, "geometry": { "type": "Point", "coordinates": [ 114.03547, 22.5306836 ] } },
{ "type": "Feature", "properties": { "osmid": 9731823962, "y": 22.5105909, "x": 114.054752, "street_count": 4, "highway": null, "ref": null }, "geometry": { "type": "Point", "coordinates": [ 114.054752, 22.5105909 ] } },
{ "type": "Feature", "properties": { "osmid": 9731824018, "y": 22.5152436, "x": 114.0503644, "street_count": 3, "highway": null, "ref": null }, "geometry": { "type": "Point", "coordinates": [ 114.0503644, 22.5152436 ] } },
{ "type": "Feature", "properties": { "osmid": 9732895733, "y": 22.5493862, "x": 114.0510043, "street_count": 4, "highway": null, "ref": null }, "geometry": { "type": "Point", "coordinates": [ 114.0510043, 22.5493862 ] } },
{ "type": "Feature", "properties": { "osmid": 9732895734, "y": 22.5493037, "x": 114.0510058, "street_count": 4, "highway": null, "ref": null }, "geometry": { "type": "Point", "coordinates": [ 114.0510058, 22.5493037 ] } },
{ "type": "Feature", "properties": { "osmid": 9732895742, "y": 22.5410355, "x": 114.049452, "street_count": 3, "highway": null, "ref": null }, "geometry": { "type": "Point", "coordinates": [ 114.049452, 22.5410355 ] } },
{ "type": "Feature", "properties": { "osmid": 9732895743, "y": 22.5410235, "x": 114.049028, "street_count": 4, "highway": null, "ref": null }, "geometry": { "type": "Point", "coordinates": [ 114.049028, 22.5410235 ] } },
{ "type": "Feature", "properties": { "osmid": 9732895756, "y": 22.536994, "x": 114.0512272, "street_count": 3, "highway": null, "ref": null }, "geometry": { "type": "Point", "coordinates": [ 114.0512272, 22.536994 ] } },
{ "type": "Feature", "properties": { "osmid": 9732895760, "y": 22.5416701, "x": 114.0510156, "street_count": 3, "highway": null, "ref": null }, "geometry": { "type": "Point", "coordinates": [ 114.0510156, 22.5416701 ] } },
{ "type": "Feature", "properties": { "osmid": 9757737411, "y": 22.5182556, "x": 114.0509814, "street_count": 4, "highway": null, "ref": null }, "geometry": { "type": "Point", "coordinates": [ 114.0509814, 22.5182556 ] } },
{ "type": "Feature", "properties": { "osmid": 9867711844, "y": 22.5374042, "x": 114.0468082, "street_count": 3, "highway": null, "ref": null }, "geometry": { "type": "Point", "coordinates": [ 114.0468082, 22.5374042 ] } },
{ "type": "Feature", "properties": { "osmid": 10006651411, "y": 22.5212664, "x": 114.0415548, "street_count": 3, "highway": null, "ref": null }, "geometry": { "type": "Point", "coordinates": [ 114.0415548, 22.5212664 ] } },
{ "type": "Feature", "properties": { "osmid": 10006651412, "y": 22.5213726, "x": 114.0416125, "street_count": 3, "highway": null, "ref": null }, "geometry": { "type": "Point", "coordinates": [ 114.0416125, 22.5213726 ] } },
{ "type": "Feature", "properties": { "osmid": 10031001799, "y": 22.5429111, "x": 114.0635496, "street_count": 3, "highway": null, "ref": null }, "geometry": { "type": "Point", "coordinates": [ 114.0635496, 22.5429111 ] } },
{ "type": "Feature", "properties": { "osmid": 10031001805, "y": 22.5429598, "x": 114.0589458, "street_count": 3, "highway": null, "ref": null }, "geometry": { "type": "Point", "coordinates": [ 114.0589458, 22.5429598 ] } },
{ "type": "Feature", "properties": { "osmid": 10031001813, "y": 22.5425183, "x": 114.0634061, "street_count": 3, "highway": null, "ref": null }, "geometry": { "type": "Point", "coordinates": [ 114.0634061, 22.5425183 ] } },
{ "type": "Feature", "properties": { "osmid": 10050110834, "y": 22.5257569, "x": 114.0443708, "street_count": 3, "highway": null, "ref": null }, "geometry": { "type": "Point", "coordinates": [ 114.0443708, 22.5257569 ] } },
{ "type": "Feature", "properties": { "osmid": 10050110835, "y": 22.5157513, "x": 114.038409, "street_count": 4, "highway": null, "ref": null }, "geometry": { "type": "Point", "coordinates": [ 114.038409, 22.5157513 ] } },
{ "type": "Feature", "properties": { "osmid": 10050110836, "y": 22.5148339, "x": 114.040985, "street_count": 3, "highway": null, "ref": null }, "geometry": { "type": "Point", "coordinates": [ 114.040985, 22.5148339 ] } },
{ "type": "Feature", "properties": { "osmid": 10154495540, "y": 22.5295756, "x": 114.0513239, "street_count": 3, "highway": null, "ref": null }, "geometry": { "type": "Point", "coordinates": [ 114.0513239, 22.5295756 ] } },
{ "type": "Feature", "properties": { "osmid": 10556743814, "y": 22.5425156, "x": 114.0629879, "street_count": 3, "highway": null, "ref": null }, "geometry": { "type": "Point", "coordinates": [ 114.0629879, 22.5425156 ] } },
{ "type": "Feature", "properties": { "osmid": 10556743815, "y": 22.5426746, "x": 114.0636475, "street_count": 3, "highway": null, "ref": null }, "geometry": { "type": "Point", "coordinates": [ 114.0636475, 22.5426746 ] } },
{ "type": "Feature", "properties": { "osmid": 10556743818, "y": 22.5425925, "x": 114.0664879, "street_count": 3, "highway": null, "ref": null }, "geometry": { "type": "Point", "coordinates": [ 114.0664879, 22.5425925 ] } },
{ "type": "Feature", "properties": { "osmid": 10556743820, "y": 22.5425607, "x": 114.06501, "street_count": 3, "highway": null, "ref": null }, "geometry": { "type": "Point", "coordinates": [ 114.06501, 22.5425607 ] } },
{ "type": "Feature", "properties": { "osmid": 10556743824, "y": 22.5424466, "x": 114.0595543, "street_count": 3, "highway": null, "ref": null }, "geometry": { "type": "Point", "coordinates": [ 114.0595543, 22.5424466 ] } },
{ "type": "Feature", "properties": { "osmid": 10556743830, "y": 22.5430295, "x": 114.0621385, "street_count": 3, "highway": null, "ref": null }, "geometry": { "type": "Point", "coordinates": [ 114.0621385, 22.5430295 ] } },
{ "type": "Feature", "properties": { "osmid": 10556743834, "y": 22.5438943, "x": 114.0625848, "street_count": 3, "highway": null, "ref": null }, "geometry": { "type": "Point", "coordinates": [ 114.0625848, 22.5438943 ] } },
{ "type": "Feature", "properties": { "osmid": 10576642003, "y": 22.5428196, "x": 114.0572365, "street_count": 3, "highway": null, "ref": null }, "geometry": { "type": "Point", "coordinates": [ 114.0572365, 22.5428196 ] } },
{ "type": "Feature", "properties": { "osmid": 10579173218, "y": 22.5424887, "x": 114.0616931, "street_count": 3, "highway": null, "ref": null }, "geometry": { "type": "Point", "coordinates": [ 114.0616931, 22.5424887 ] } },
{ "type": "Feature", "properties": { "osmid": 10579173219, "y": 22.5426385, "x": 114.0619612, "street_count": 3, "highway": null, "ref": null }, "geometry": { "type": "Point", "coordinates": [ 114.0619612, 22.5426385 ] } },
{ "type": "Feature", "properties": { "osmid": 10727191843, "y": 22.5218632, "x": 114.0448426, "street_count": 3, "highway": null, "ref": null }, "geometry": { "type": "Point", "coordinates": [ 114.0448426, 22.5218632 ] } },
{ "type": "Feature", "properties": { "osmid": 10727765858, "y": 22.513816, "x": 114.0529319, "street_count": 1, "highway": null, "ref": null }, "geometry": { "type": "Point", "coordinates": [ 114.0529319, 22.513816 ] } },
{ "type": "Feature", "properties": { "osmid": 10727765867, "y": 22.5157307, "x": 114.0564703, "street_count": 1, "highway": null, "ref": null }, "geometry": { "type": "Point", "coordinates": [ 114.0564703, 22.5157307 ] } },
{ "type": "Feature", "properties": { "osmid": 10815731976, "y": 22.5112073, "x": 114.0530647, "street_count": 4, "highway": null, "ref": null }, "geometry": { "type": "Point", "coordinates": [ 114.0530647, 22.5112073 ] } },
{ "type": "Feature", "properties": { "osmid": 10815767713, "y": 22.5136741, "x": 114.039504, "street_count": 4, "highway": null, "ref": null }, "geometry": { "type": "Point", "coordinates": [ 114.039504, 22.5136741 ] } },
{ "type": "Feature", "properties": { "osmid": 10815767721, "y": 22.5134472, "x": 114.0402368, "street_count": 3, "highway": null, "ref": null }, "geometry": { "type": "Point", "coordinates": [ 114.0402368, 22.5134472 ] } },
{ "type": "Feature", "properties": { "osmid": 10815767724, "y": 22.5135782, "x": 114.0405587, "street_count": 3, "highway": null, "ref": null }, "geometry": { "type": "Point", "coordinates": [ 114.0405587, 22.5135782 ] } },
{ "type": "Feature", "properties": { "osmid": 10815767728, "y": 22.5135574, "x": 114.0406309, "street_count": 3, "highway": null, "ref": null }, "geometry": { "type": "Point", "coordinates": [ 114.0406309, 22.5135574 ] } },
{ "type": "Feature", "properties": { "osmid": 10815767731, "y": 22.5132699, "x": 114.0407666, "street_count": 3, "highway": null, "ref": null }, "geometry": { "type": "Point", "coordinates": [ 114.0407666, 22.5132699 ] } },
{ "type": "Feature", "properties": { "osmid": 10815767734, "y": 22.5134402, "x": 114.0394211, "street_count": 3, "highway": null, "ref": null }, "geometry": { "type": "Point", "coordinates": [ 114.0394211, 22.5134402 ] } },
{ "type": "Feature", "properties": { "osmid": 10815767749, "y": 22.5125033, "x": 114.0445835, "street_count": 4, "highway": null, "ref": null }, "geometry": { "type": "Point", "coordinates": [ 114.0445835, 22.5125033 ] } },
{ "type": "Feature", "properties": { "osmid": 10815767792, "y": 22.5140561, "x": 114.0554993, "street_count": 4, "highway": null, "ref": null }, "geometry": { "type": "Point", "coordinates": [ 114.0554993, 22.5140561 ] } },
{ "type": "Feature", "properties": { "osmid": 10815767795, "y": 22.5140201, "x": 114.0554207, "street_count": 4, "highway": null, "ref": null }, "geometry": { "type": "Point", "coordinates": [ 114.0554207, 22.5140201 ] } },
{ "type": "Feature", "properties": { "osmid": 10815767810, "y": 22.5152916, "x": 114.0509858, "street_count": 3, "highway": null, "ref": null }, "geometry": { "type": "Point", "coordinates": [ 114.0509858, 22.5152916 ] } },
{ "type": "Feature", "properties": { "osmid": 10829151809, "y": 22.5311182, "x": 114.0370211, "street_count": 3, "highway": null, "ref": null }, "geometry": { "type": "Point", "coordinates": [ 114.0370211, 22.5311182 ] } },
{ "type": "Feature", "properties": { "osmid": 10829151813, "y": 22.5339336, "x": 114.044174, "street_count": 4, "highway": null, "ref": null }, "geometry": { "type": "Point", "coordinates": [ 114.044174, 22.5339336 ] } },
{ "type": "Feature", "properties": { "osmid": 10875282430, "y": 22.5313659, "x": 114.0587453, "street_count": 3, "highway": null, "ref": null }, "geometry": { "type": "Point", "coordinates": [ 114.0587453, 22.5313659 ] } },
{ "type": "Feature", "properties": { "osmid": 10964030922, "y": 22.5446409, "x": 114.0697923, "street_count": 1, "highway": null, "ref": null }, "geometry": { "type": "Point", "coordinates": [ 114.0697923, 22.5446409 ] } },
{ "type": "Feature", "properties": { "osmid": 11111332270, "y": 22.5469963, "x": 114.0628358, "street_count": 3, "highway": null, "ref": null }, "geometry": { "type": "Point", "coordinates": [ 114.0628358, 22.5469963 ] } },
{ "type": "Feature", "properties": { "osmid": 11111332276, "y": 22.5474847, "x": 114.0633393, "street_count": 3, "highway": null, "ref": null }, "geometry": { "type": "Point", "coordinates": [ 114.0633393, 22.5474847 ] } },
{ "type": "Feature", "properties": { "osmid": 11111332280, "y": 22.548002, "x": 114.0628179, "street_count": 3, "highway": null, "ref": null }, "geometry": { "type": "Point", "coordinates": [ 114.0628179, 22.548002 ] } },
{ "type": "Feature", "properties": { "osmid": 11111332283, "y": 22.5475968, "x": 114.0633495, "street_count": 3, "highway": null, "ref": null }, "geometry": { "type": "Point", "coordinates": [ 114.0633495, 22.5475968 ] } },
{ "type": "Feature", "properties": { "osmid": 11553088688, "y": 22.5378703, "x": 114.0439293, "street_count": 3, "highway": null, "ref": null }, "geometry": { "type": "Point", "coordinates": [ 114.0439293, 22.5378703 ] } },
{ "type": "Feature", "properties": { "osmid": 11649065418, "y": 22.5217847, "x": 114.0635411, "street_count": 3, "highway": null, "ref": null }, "geometry": { "type": "Point", "coordinates": [ 114.0635411, 22.5217847 ] } },
{ "type": "Feature", "properties": { "osmid": 12089221626, "y": 22.539606, "x": 114.0619624, "street_count": 4, "highway": null, "ref": null }, "geometry": { "type": "Point", "coordinates": [ 114.0619624, 22.539606 ] } },
{ "type": "Feature", "properties": { "osmid": 12089221633, "y": 22.5391785, "x": 114.062823, "street_count": 3, "highway": null, "ref": null }, "geometry": { "type": "Point", "coordinates": [ 114.062823, 22.5391785 ] } },
{ "type": "Feature", "properties": { "osmid": 12089221648, "y": 22.5365702, "x": 114.0628962, "street_count": 4, "highway": null, "ref": null }, "geometry": { "type": "Point", "coordinates": [ 114.0628962, 22.5365702 ] } },
{ "type": "Feature", "properties": { "osmid": 12089221652, "y": 22.537657, "x": 114.0620033, "street_count": 3, "highway": null, "ref": null }, "geometry": { "type": "Point", "coordinates": [ 114.0620033, 22.537657 ] } },
{ "type": "Feature", "properties": { "osmid": 12089221656, "y": 22.5375169, "x": 114.0632099, "street_count": 3, "highway": null, "ref": null }, "geometry": { "type": "Point", "coordinates": [ 114.0632099, 22.5375169 ] } },
{ "type": "Feature", "properties": { "osmid": 12089221659, "y": 22.5376501, "x": 114.0630848, "street_count": 4, "highway": null, "ref": null }, "geometry": { "type": "Point", "coordinates": [ 114.0630848, 22.5376501 ] } },
{ "type": "Feature", "properties": { "osmid": 12098191727, "y": 22.5491324, "x": 114.0414875, "street_count": 3, "highway": null, "ref": null }, "geometry": { "type": "Point", "coordinates": [ 114.0414875, 22.5491324 ] } },
{ "type": "Feature", "properties": { "osmid": 12098191733, "y": 22.5496275, "x": 114.0425336, "street_count": 1, "highway": null, "ref": null }, "geometry": { "type": "Point", "coordinates": [ 114.0425336, 22.5496275 ] } },
{ "type": "Feature", "properties": { "osmid": 12098191735, "y": 22.5492253, "x": 114.0415982, "street_count": 3, "highway": null, "ref": null }, "geometry": { "type": "Point", "coordinates": [ 114.0415982, 22.5492253 ] } },
{ "type": "Feature", "properties": { "osmid": 12098191740, "y": 22.5493173, "x": 114.0414877, "street_count": 3, "highway": null, "ref": null }, "geometry": { "type": "Point", "coordinates": [ 114.0414877, 22.5493173 ] } },
{ "type": "Feature", "properties": { "osmid": 12098191741, "y": 22.5496988, "x": 114.0426301, "street_count": 3, "highway": null, "ref": null }, "geometry": { "type": "Point", "coordinates": [ 114.0426301, 22.5496988 ] } },
{ "type": "Feature", "properties": { "osmid": 12098191742, "y": 22.5497081, "x": 114.0426655, "street_count": 1, "highway": null, "ref": null }, "geometry": { "type": "Point", "coordinates": [ 114.0426655, 22.5497081 ] } },
{ "type": "Feature", "properties": { "osmid": 12098191743, "y": 22.5496697, "x": 114.0437039, "street_count": 3, "highway": null, "ref": null }, "geometry": { "type": "Point", "coordinates": [ 114.0437039, 22.5496697 ] } },
{ "type": "Feature", "properties": { "osmid": 12144580997, "y": 22.5486252, "x": 114.0365498, "street_count": 3, "highway": null, "ref": null }, "geometry": { "type": "Point", "coordinates": [ 114.0365498, 22.5486252 ] } },
{ "type": "Feature", "properties": { "osmid": 12326760183, "y": 22.5107515, "x": 114.0546861, "street_count": 1, "highway": null, "ref": null }, "geometry": { "type": "Point", "coordinates": [ 114.0546861, 22.5107515 ] } },
{ "type": "Feature", "properties": { "osmid": 12326760184, "y": 22.5115625, "x": 114.0543579, "street_count": 4, "highway": null, "ref": null }, "geometry": { "type": "Point", "coordinates": [ 114.0543579, 22.5115625 ] } },
{ "type": "Feature", "properties": { "osmid": 12369322416, "y": 22.5216972, "x": 114.0636482, "street_count": 3, "highway": null, "ref": null }, "geometry": { "type": "Point", "coordinates": [ 114.0636482, 22.5216972 ] } },
{ "type": "Feature", "properties": { "osmid": 12785836783, "y": 22.5120873, "x": 114.0374301, "street_count": 1, "highway": null, "ref": null }, "geometry": { "type": "Point", "coordinates": [ 114.0374301, 22.5120873 ] } },
{ "type": "Feature", "properties": { "osmid": 12825008599, "y": 22.5504127, "x": 114.0627762, "street_count": 3, "highway": null, "ref": null }, "geometry": { "type": "Point", "coordinates": [ 114.0627762, 22.5504127 ] } },
{ "type": "Feature", "properties": { "osmid": 12980712833, "y": 22.5316374, "x": 114.0773564, "street_count": 1, "highway": null, "ref": null }, "geometry": { "type": "Point", "coordinates": [ 114.0773564, 22.5316374 ] } },
{ "type": "Feature", "properties": { "osmid": 12987924104, "y": 22.5439832, "x": 114.0669709, "street_count": 3, "highway": null, "ref": null }, "geometry": { "type": "Point", "coordinates": [ 114.0669709, 22.5439832 ] } },
{ "type": "Feature", "properties": { "osmid": 12987924106, "y": 22.5450852, "x": 114.0674666, "street_count": 3, "highway": null, "ref": null }, "geometry": { "type": "Point", "coordinates": [ 114.0674666, 22.5450852 ] } },
{ "type": "Feature", "properties": { "osmid": 12987924174, "y": 22.5430589, "x": 114.0636321, "street_count": 3, "highway": null, "ref": null }, "geometry": { "type": "Point", "coordinates": [ 114.0636321, 22.5430589 ] } },
{ "type": "Feature", "properties": { "osmid": 12987924189, "y": 22.5437871, "x": 114.0625785, "street_count": 3, "highway": null, "ref": null }, "geometry": { "type": "Point", "coordinates": [ 114.0625785, 22.5437871 ] } },
{ "type": "Feature", "properties": { "osmid": 12987924203, "y": 22.5437727, "x": 114.0630621, "street_count": 3, "highway": null, "ref": null }, "geometry": { "type": "Point", "coordinates": [ 114.0630621, 22.5437727 ] } },
{ "type": "Feature", "properties": { "osmid": 12987924215, "y": 22.545107, "x": 114.062896, "street_count": 3, "highway": null, "ref": null }, "geometry": { "type": "Point", "coordinates": [ 114.062896, 22.545107 ] } },
{ "type": "Feature", "properties": { "osmid": 12987924263, "y": 22.5427835, "x": 114.0712864, "street_count": 3, "highway": null, "ref": null }, "geometry": { "type": "Point", "coordinates": [ 114.0712864, 22.5427835 ] } },
{ "type": "Feature", "properties": { "osmid": 12988540075, "y": 22.5491198, "x": 114.0785506, "street_count": 4, "highway": null, "ref": null }, "geometry": { "type": "Point", "coordinates": [ 114.0785506, 22.5491198 ] } },
{ "type": "Feature", "properties": { "osmid": 12988998011, "y": 22.5393436, "x": 114.0682755, "street_count": 1, "highway": null, "ref": null }, "geometry": { "type": "Point", "coordinates": [ 114.0682755, 22.5393436 ] } },
{ "type": "Feature", "properties": { "osmid": 13017481542, "y": 22.5395083, "x": 114.0511535, "street_count": 4, "highway": null, "ref": null }, "geometry": { "type": "Point", "coordinates": [ 114.0511535, 22.5395083 ] } },
{ "type": "Feature", "properties": { "osmid": 13017481543, "y": 22.5402765, "x": 114.0511682, "street_count": 3, "highway": null, "ref": null }, "geometry": { "type": "Point", "coordinates": [ 114.0511682, 22.5402765 ] } },
{ "type": "Feature", "properties": { "osmid": 13017481549, "y": 22.539985, "x": 114.0510755, "street_count": 4, "highway": null, "ref": null }, "geometry": { "type": "Point", "coordinates": [ 114.0510755, 22.539985 ] } },
{ "type": "Feature", "properties": { "osmid": 13017481550, "y": 22.5424926, "x": 114.0621127, "street_count": 3, "highway": null, "ref": null }, "geometry": { "type": "Point", "coordinates": [ 114.0621127, 22.5424926 ] } },
{ "type": "Feature", "properties": { "osmid": 13017481562, "y": 22.540224, "x": 114.0627993, "street_count": 3, "highway": null, "ref": null }, "geometry": { "type": "Point", "coordinates": [ 114.0627993, 22.540224 ] } },
{ "type": "Feature", "properties": { "osmid": 13017481563, "y": 22.5420901, "x": 114.0630709, "street_count": 3, "highway": null, "ref": null }, "geometry": { "type": "Point", "coordinates": [ 114.0630709, 22.5420901 ] } },
{ "type": "Feature", "properties": { "osmid": 13017481570, "y": 22.5421294, "x": 114.0626298, "street_count": 3, "highway": null, "ref": null }, "geometry": { "type": "Point", "coordinates": [ 114.0626298, 22.5421294 ] } },
{ "type": "Feature", "properties": { "osmid": 13072493341, "y": 22.5411705, "x": 114.0601634, "street_count": 3, "highway": null, "ref": null }, "geometry": { "type": "Point", "coordinates": [ 114.0601634, 22.5411705 ] } },
{ "type": "Feature", "properties": { "osmid": 13072493346, "y": 22.54116, "x": 114.0590448, "street_count": 3, "highway": null, "ref": null }, "geometry": { "type": "Point", "coordinates": [ 114.0590448, 22.54116 ] } },
{ "type": "Feature", "properties": { "osmid": 13072493347, "y": 22.5411775, "x": 114.05972, "street_count": 3, "highway": null, "ref": null }, "geometry": { "type": "Point", "coordinates": [ 114.05972, 22.5411775 ] } },
{ "type": "Feature", "properties": { "osmid": 13072493356, "y": 22.5396379, "x": 114.058971, "street_count": 3, "highway": null, "ref": null }, "geometry": { "type": "Point", "coordinates": [ 114.058971, 22.5396379 ] } },
{ "type": "Feature", "properties": { "osmid": 13072493360, "y": 22.5419572, "x": 114.0590245, "street_count": 1, "highway": null, "ref": null }, "geometry": { "type": "Point", "coordinates": [ 114.0590245, 22.5419572 ] } },
{ "type": "Feature", "properties": { "osmid": 13072493372, "y": 22.5406045, "x": 114.0589593, "street_count": 3, "highway": null, "ref": null }, "geometry": { "type": "Point", "coordinates": [ 114.0589593, 22.5406045 ] } },
{ "type": "Feature", "properties": { "osmid": 13072612781, "y": 22.5429562, "x": 114.0663438, "street_count": 3, "highway": null, "ref": null }, "geometry": { "type": "Point", "coordinates": [ 114.0663438, 22.5429562 ] } },
{ "type": "Feature", "properties": { "osmid": 13072612795, "y": 22.5427288, "x": 114.0663507, "street_count": 3, "highway": null, "ref": null }, "geometry": { "type": "Point", "coordinates": [ 114.0663507, 22.5427288 ] } },
{ "type": "Feature", "properties": { "osmid": 13072634342, "y": 22.5394196, "x": 114.063595, "street_count": 3, "highway": null, "ref": null }, "geometry": { "type": "Point", "coordinates": [ 114.063595, 22.5394196 ] } },
{ "type": "Feature", "properties": { "osmid": 13072634348, "y": 22.5395048, "x": 114.0628178, "street_count": 3, "highway": null, "ref": null }, "geometry": { "type": "Point", "coordinates": [ 114.0628178, 22.5395048 ] } },
{ "type": "Feature", "properties": { "osmid": 13072634356, "y": 22.5392715, "x": 114.0630168, "street_count": 3, "highway": null, "ref": null }, "geometry": { "type": "Point", "coordinates": [ 114.0630168, 22.5392715 ] } },
{ "type": "Feature", "properties": { "osmid": 13072634358, "y": 22.5388277, "x": 114.0630218, "street_count": 3, "highway": null, "ref": null }, "geometry": { "type": "Point", "coordinates": [ 114.0630218, 22.5388277 ] } },
{ "type": "Feature", "properties": { "osmid": 13072634370, "y": 22.5386919, "x": 114.0629845, "street_count": 4, "highway": null, "ref": null }, "geometry": { "type": "Point", "coordinates": [ 114.0629845, 22.5386919 ] } },
{ "type": "Feature", "properties": { "osmid": 13072634374, "y": 22.5375157, "x": 114.0620444, "street_count": 3, "highway": null, "ref": null }, "geometry": { "type": "Point", "coordinates": [ 114.0620444, 22.5375157 ] } },
{ "type": "Feature", "properties": { "osmid": 13072634395, "y": 22.5367146, "x": 114.0630449, "street_count": 3, "highway": null, "ref": null }, "geometry": { "type": "Point", "coordinates": [ 114.0630449, 22.5367146 ] } },
{ "type": "Feature", "properties": { "osmid": 13072634404, "y": 22.5375243, "x": 114.0635802, "street_count": 3, "highway": null, "ref": null }, "geometry": { "type": "Point", "coordinates": [ 114.0635802, 22.5375243 ] } },
{ "type": "Feature", "properties": { "osmid": 13114390049, "y": 22.5320332, "x": 114.0386233, "street_count": 3, "highway": null, "ref": null }, "geometry": { "type": "Point", "coordinates": [ 114.0386233, 22.5320332 ] } },
{ "type": "Feature", "properties": { "osmid": 13114390050, "y": 22.5320902, "x": 114.0386051, "street_count": 4, "highway": null, "ref": null }, "geometry": { "type": "Point", "coordinates": [ 114.0386051, 22.5320902 ] } },
{ "type": "Feature", "properties": { "osmid": 13114400121, "y": 22.5338625, "x": 114.0388338, "street_count": 1, "highway": null, "ref": null }, "geometry": { "type": "Point", "coordinates": [ 114.0388338, 22.5338625 ] } },
{ "type": "Feature", "properties": { "osmid": 13114400127, "y": 22.533315, "x": 114.0382142, "street_count": 1, "highway": null, "ref": null }, "geometry": { "type": "Point", "coordinates": [ 114.0382142, 22.533315 ] } },
{ "type": "Feature", "properties": { "osmid": 13114400131, "y": 22.5328522, "x": 114.0399276, "street_count": 3, "highway": null, "ref": null }, "geometry": { "type": "Point", "coordinates": [ 114.0399276, 22.5328522 ] } },
{ "type": "Feature", "properties": { "osmid": 13114400132, "y": 22.5328941, "x": 114.0398822, "street_count": 4, "highway": null, "ref": null }, "geometry": { "type": "Point", "coordinates": [ 114.0398822, 22.5328941 ] } },
{ "type": "Feature", "properties": { "osmid": 13146343700, "y": 22.521686, "x": 114.059651, "street_count": 3, "highway": null, "ref": null }, "geometry": { "type": "Point", "coordinates": [ 114.059651, 22.521686 ] } },
{ "type": "Feature", "properties": { "osmid": 13146343905, "y": 22.5209925, "x": 114.0584156, "street_count": 3, "highway": null, "ref": null }, "geometry": { "type": "Point", "coordinates": [ 114.0584156, 22.5209925 ] } },
{ "type": "Feature", "properties": { "osmid": 13146343906, "y": 22.5228164, "x": 114.0582302, "street_count": 3, "highway": null, "ref": null }, "geometry": { "type": "Point", "coordinates": [ 114.0582302, 22.5228164 ] } },
{ "type": "Feature", "properties": { "osmid": 13146343907, "y": 22.5236443, "x": 114.0580183, "street_count": 3, "highway": null, "ref": null }, "geometry": { "type": "Point", "coordinates": [ 114.0580183, 22.5236443 ] } },
{ "type": "Feature", "properties": { "osmid": 13146693212, "y": 22.5305403, "x": 114.0537749, "street_count": 4, "highway": null, "ref": null }, "geometry": { "type": "Point", "coordinates": [ 114.0537749, 22.5305403 ] } },
{ "type": "Feature", "properties": { "osmid": 13146695328, "y": 22.5287844, "x": 114.0550572, "street_count": 1, "highway": null, "ref": null }, "geometry": { "type": "Point", "coordinates": [ 114.0550572, 22.5287844 ] } },
{ "type": "Feature", "properties": { "osmid": 13146695340, "y": 22.5300739, "x": 114.0567282, "street_count": 3, "highway": null, "ref": null }, "geometry": { "type": "Point", "coordinates": [ 114.0567282, 22.5300739 ] } },
{ "type": "Feature", "properties": { "osmid": 13146891390, "y": 22.5227404, "x": 114.0625002, "street_count": 3, "highway": null, "ref": null }, "geometry": { "type": "Point", "coordinates": [ 114.0625002, 22.5227404 ] } },
{ "type": "Feature", "properties": { "osmid": 13146891391, "y": 22.5259113, "x": 114.0618652, "street_count": 3, "highway": null, "ref": null }, "geometry": { "type": "Point", "coordinates": [ 114.0618652, 22.5259113 ] } },
{ "type": "Feature", "properties": { "osmid": 13148609100, "y": 22.5360581, "x": 114.0640674, "street_count": 4, "highway": null, "ref": null }, "geometry": { "type": "Point", "coordinates": [ 114.0640674, 22.5360581 ] } },
{ "type": "Feature", "properties": { "osmid": 13148610627, "y": 22.5314531, "x": 114.0644172, "street_count": 3, "highway": null, "ref": null }, "geometry": { "type": "Point", "coordinates": [ 114.0644172, 22.5314531 ] } },
{ "type": "Feature", "properties": { "osmid": 13154859280, "y": 22.5236109, "x": 114.0593871, "street_count": 3, "highway": null, "ref": null }, "geometry": { "type": "Point", "coordinates": [ 114.0593871, 22.5236109 ] } },
{ "type": "Feature", "properties": { "osmid": 13158997505, "y": 22.5263383, "x": 114.0386823, "street_count": 3, "highway": null, "ref": null }, "geometry": { "type": "Point", "coordinates": [ 114.0386823, 22.5263383 ] } },
{ "type": "Feature", "properties": { "osmid": 13158997506, "y": 22.5267191, "x": 114.0369738, "street_count": 3, "highway": null, "ref": null }, "geometry": { "type": "Point", "coordinates": [ 114.0369738, 22.5267191 ] } },
{ "type": "Feature", "properties": { "osmid": 13159009111, "y": 22.5228387, "x": 114.0454274, "street_count": 3, "highway": null, "ref": null }, "geometry": { "type": "Point", "coordinates": [ 114.0454274, 22.5228387 ] } },
{ "type": "Feature", "properties": { "osmid": 13159089252, "y": 22.5242017, "x": 114.0341659, "street_count": 1, "highway": null, "ref": null }, "geometry": { "type": "Point", "coordinates": [ 114.0341659, 22.5242017 ] } },
{ "type": "Feature", "properties": { "osmid": 13159089253, "y": 22.525039, "x": 114.0346922, "street_count": 3, "highway": null, "ref": null }, "geometry": { "type": "Point", "coordinates": [ 114.0346922, 22.525039 ] } },
{ "type": "Feature", "properties": { "osmid": 13233850219, "y": 22.5273732, "x": 114.0545109, "street_count": 3, "highway": null, "ref": null }, "geometry": { "type": "Point", "coordinates": [ 114.0545109, 22.5273732 ] } },
{ "type": "Feature", "properties": { "osmid": 13290568739, "y": 22.5447734, "x": 114.0360388, "street_count": 1, "highway": null, "ref": null }, "geometry": { "type": "Point", "coordinates": [ 114.0360388, 22.5447734 ] } },
{ "type": "Feature", "properties": { "osmid": 13457568222, "y": 22.5143262, "x": 114.0478138, "street_count": 3, "highway": null, "ref": null }, "geometry": { "type": "Point", "coordinates": [ 114.0478138, 22.5143262 ] } },
{ "type": "Feature", "properties": { "osmid": 13664196095, "y": 22.5388043, "x": 114.072361, "street_count": 3, "highway": null, "ref": null }, "geometry": { "type": "Point", "coordinates": [ 114.072361, 22.5388043 ] } },
{ "type": "Feature", "properties": { "osmid": 13664196096, "y": 22.5387021, "x": 114.0706083, "street_count": 3, "highway": null, "ref": null }, "geometry": { "type": "Point", "coordinates": [ 114.0706083, 22.5387021 ] } },
{ "type": "Feature", "properties": { "osmid": 13898259977, "y": 22.5305635, "x": 114.0299143, "street_count": 3, "highway": null, "ref": null }, "geometry": { "type": "Point", "coordinates": [ 114.0299143, 22.5305635 ] } },
{ "type": "Feature", "properties": { "osmid": 14107078700, "y": 22.5249409, "x": 114.0687905, "street_count": 3, "highway": null, "ref": null }, "geometry": { "type": "Point", "coordinates": [ 114.0687905, 22.5249409 ] } },
{ "type": "Feature", "properties": { "osmid": 14107091604, "y": 22.5245074, "x": 114.0704858, "street_count": 3, "highway": null, "ref": null }, "geometry": { "type": "Point", "coordinates": [ 114.0704858, 22.5245074 ] } },
{ "type": "Feature", "properties": { "osmid": 14107091605, "y": 22.5253934, "x": 114.0668973, "street_count": 3, "highway": null, "ref": null }, "geometry": { "type": "Point", "coordinates": [ 114.0668973, 22.5253934 ] } },
{ "type": "Feature", "properties": { "osmid": 14107091612, "y": 22.5244158, "x": 114.0704523, "street_count": 3, "highway": null, "ref": null }, "geometry": { "type": "Point", "coordinates": [ 114.0704523, 22.5244158 ] } },
{ "type": "Feature", "properties": { "osmid": 14166264352, "y": 22.5255066, "x": 114.0669533, "street_count": 3, "highway": null, "ref": null }, "geometry": { "type": "Point", "coordinates": [ 114.0669533, 22.5255066 ] } },
{ "type": "Feature", "properties": { "osmid": 14166264366, "y": 22.5252914, "x": 114.0668468, "street_count": 2, "highway": null, "ref": null }, "geometry": { "type": "Point", "coordinates": [ 114.0668468, 22.5252914 ] } },
{ "type": "Feature", "properties": { "osmid": 14166264380, "y": 22.5248335, "x": 114.06945, "street_count": 3, "highway": null, "ref": null }, "geometry": { "type": "Point", "coordinates": [ 114.06945, 22.5248335 ] } },
{ "type": "Feature", "properties": { "osmid": 14166264381, "y": 22.5261975, "x": 114.0699702, "street_count": 3, "highway": null, "ref": null }, "geometry": { "type": "Point", "coordinates": [ 114.0699702, 22.5261975 ] } }
]
}
