scenario_family,seed,od_id,condition_id,method,rain_delay_min,water_delay_min,water_missing_rate,water_noise_sigma,distance_m,truth_exposure,max_truth_risk,p95_truth_risk,high_risk_length_ratio,route_overlap_with_rain,rain_effective_weight_mean,water_effective_weight_mean,water_effective_weight_p90,fallback_fraction,confidence_mean,uncertainty_mean
moving_center,9101,OD01,M1_clean,rain_only,0,0,0.0,0.0,12026.07407166441,0.37246138895142566,0.4626532231580128,0.43265867634113814,0.0,1.0,,,,,0.9199999999842324,0.0800000000055519
moving_center,9101,OD01,M1_clean,v2_naive,0,0,0.0,0.0,12026.07407166441,0.37246138895142566,0.4626532231580128,0.43265867634113814,0.0,1.0,,,,,0.320661274095147,0.37803676744236264
moving_center,9101,OD01,M1_clean,v2_reliability_universal,0,0,0.0,0.0,12026.07407166441,0.37246138895142566,0.4626532231580128,0.43265867634113814,0.0,1.0,0.9999999999944482,0.2490228843614344,0.82228429205291,0.0,0.5415038140574632,0.4584961859425368
moving_center,9101,OD01,M1_clean,v2_reliability_source_specific,0,0,0.0,0.0,12026.07407166441,0.37246138895142566,0.4626532231580128,0.43265867634113814,0.0,1.0,0.9999999999944482,0.21362328582204565,0.7006129309877653,0.0,0.535603880967565,0.46439611903243494
moving_center,9101,OD02,M1_clean,rain_only,0,0,0.0,0.0,4936.13225699163,0.3997900580168504,0.47853894030018196,0.4594742537689726,0.0,1.0,,,,,0.9199999999913154,0.08000000000305797
moving_center,9101,OD02,M1_clean,v2_naive,0,0,0.0,0.0,4934.65106276426,0.39999993167422043,0.47853894030018196,0.45210994220094464,0.0,0.7686259578269142,,,,,0.33755652231459327,0.3570788501909049
moving_center,9101,OD02,M1_clean,v2_reliability_universal,0,0,0.0,0.0,4936.13225699163,0.3997900580168504,0.47853894030018196,0.4594742537689726,0.0,1.0,0.9999999999969418,0.44468794718479354,1.0631659715492991,0.0,0.5741146578626032,0.4258853421373966
moving_center,9101,OD02,M1_clean,v2_reliability_source_specific,0,0,0.0,0.0,4936.13225699163,0.3997900580168504,0.47853894030018196,0.4594742537689726,0.0,1.0,0.9999999999969418,0.40935999986730526,0.9645121512134229,0.0,0.5682266666430219,0.431773333356978
moving_center,9101,OD01,M2_water_stale,rain_only,0,60,0.0,0.0,12026.07407166441,0.37246138895142566,0.4626532231580128,0.43265867634113814,0.0,1.0,,,,,0.9199999999842324,0.0800000000055519
moving_center,9101,OD01,M2_water_stale,v2_naive,0,60,0.0,0.0,12026.07407166441,0.37246138895142566,0.4626532231580128,0.43265867634113814,0.0,1.0,,,,,0.30683237636739796,0.3872482147990856
moving_center,9101,OD01,M2_water_stale,v2_reliability_universal,0,60,0.0,0.0,12026.07407166441,0.37246138895142566,0.4626532231580128,0.43265867634113814,0.0,1.0,0.9999999999944482,0.04580519976889261,0.1512507429222398,0.0,0.5076341999587062,0.49236580004129377
moving_center,9101,OD01,M2_water_stale,v2_reliability_source_specific,0,60,0.0,0.0,12026.07407166441,0.37246138895142566,0.4626532231580128,0.43265867634113814,0.0,1.0,0.9999999999944482,0.005317838568094963,0.017440731947248704,0.0,0.5008863064252398,0.49911369357476004
moving_center,9101,OD02,M2_water_stale,rain_only,0,60,0.0,0.0,4936.13225699163,0.3997900580168504,0.47853894030018196,0.4594742537689726,0.0,1.0,,,,,0.9199999999913154,0.08000000000305797
moving_center,9101,OD02,M2_water_stale,v2_naive,0,60,0.0,0.0,4934.65106276426,0.39999993167422043,0.47853894030018196,0.45210994220094464,0.0,0.7686259578269142,,,,,0.31354084525716497,0.3744351884352507
moving_center,9101,OD02,M2_water_stale,v2_reliability_universal,0,60,0.0,0.0,4936.13225699163,0.3997900580168504,0.47853894030018196,0.4594742537689726,0.0,1.0,0.9999999999969418,0.08179577675300881,0.19555845174302489,0.0,0.5136326294573057,0.4863673705426942
moving_center,9101,OD02,M2_water_stale,v2_reliability_source_specific,0,60,0.0,0.0,4936.13225699163,0.3997900580168504,0.47853894030018196,0.4594742537689726,0.0,1.0,0.9999999999969418,0.010190417150231149,0.024010116207049095,0.0,0.5016984028568428,0.49830159714315714
moving_center,9101,OD01,M3_water_missing,rain_only,0,0,1.0,0.0,12026.07407166441,0.37246138895142566,0.4626532231580128,0.43265867634113814,0.0,1.0,,,,,0.9199999999842324,0.0800000000055519
moving_center,9101,OD01,M3_water_missing,v2_naive,0,0,1.0,0.0,12026.07407166441,0.37246138895142566,0.4626532231580128,0.43265867634113814,0.0,1.0,,,,,0.2974999999953086,0.405000000002776
moving_center,9101,OD01,M3_water_missing,v2_reliability_universal,0,0,1.0,0.0,12026.07407166441,0.37246138895142566,0.4626532231580128,0.43265867634113814,0.0,1.0,0.9999999999944482,0.0,0.0,0.0,0.4999999999972241,0.5000000000027759
moving_center,9101,OD01,M3_water_missing,v2_reliability_source_specific,0,0,1.0,0.0,12026.07407166441,0.37246138895142566,0.4626532231580128,0.43265867634113814,0.0,1.0,0.9999999999944482,0.0,0.0,0.0,0.4999999999972241,0.5000000000027759
moving_center,9101,OD02,M3_water_missing,rain_only,0,0,1.0,0.0,4936.13225699163,0.3997900580168504,0.47853894030018196,0.4594742537689726,0.0,1.0,,,,,0.9199999999913154,0.08000000000305797
moving_center,9101,OD02,M3_water_missing,v2_naive,0,0,1.0,0.0,4934.65106276426,0.39999993167422043,0.47853894030018196,0.45210994220094464,0.0,0.7686259578269142,,,,,0.29749999999753546,0.4050000000014582
moving_center,9101,OD02,M3_water_missing,v2_reliability_universal,0,0,1.0,0.0,4936.13225699163,0.3997900580168504,0.47853894030018196,0.4594742537689726,0.0,1.0,0.9999999999969418,0.0,0.0,0.0,0.4999999999984709,0.500000000001529
moving_center,9101,OD02,M3_water_missing,v2_reliability_source_specific,0,0,1.0,0.0,4936.13225699163,0.3997900580168504,0.47853894030018196,0.4594742537689726,0.0,1.0,0.9999999999969418,0.0,0.0,0.0,0.4999999999984709,0.500000000001529
moving_center,9101,OD01,M4_water_degraded,rain_only,0,0,0.2,0.15,12026.07407166441,0.37246138895142566,0.4626532231580128,0.43265867634113814,0.0,1.0,,,,,0.9199999999842324,0.0800000000055519
moving_center,9101,OD01,M4_water_degraded,v2_naive,0,0,0.2,0.15,12026.07407166441,0.37246138895142566,0.4626532231580128,0.43265867634113814,0.0,1.0,,,,,0.31319553854312,0.3872482147990856
moving_center,9101,OD01,M4_water_degraded,v2_reliability_universal,0,0,0.2,0.15,12026.07407166441,0.37246138895142566,0.4626532231580128,0.43265867634113814,0.0,1.0,0.9999999999944482,0.10852033211876681,0.40027096104456544,0.0,0.5180867220170186,0.48191327798298145
moving_center,9101,OD01,M4_water_degraded,v2_reliability_source_specific,0,0,0.2,0.15,12026.07407166441,0.37246138895142566,0.4626532231580128,0.43265867634113814,0.0,1.0,0.9999999999944482,0.07882867334172022,0.32073846288456903,0.0,0.5131381122208442,0.4868618877791558
moving_center,9101,OD02,M4_water_degraded,rain_only,0,0,0.2,0.15,4936.13225699163,0.3997900580168504,0.47853894030018196,0.4594742537689726,0.0,1.0,,,,,0.9199999999913154,0.08000000000305797
moving_center,9101,OD02,M4_water_degraded,v2_naive,0,0,0.2,0.15,4934.65106276426,0.39999993167422043,0.47853894030018196,0.45210994220094464,0.0,0.7686259578269142,,,,,0.328016069891556,0.3744351884352507
moving_center,9101,OD02,M4_water_degraded,v2_reliability_universal,0,0,0.2,0.15,4936.13225699163,0.3997900580168504,0.47853894030018196,0.4594742537689726,0.0,1.0,0.9999999999969418,0.22234397359239677,0.5315829857746496,0.0,0.5370573289305369,0.4629426710694628
moving_center,9101,OD02,M4_water_degraded,v2_reliability_source_specific,0,0,0.2,0.15,4936.13225699163,0.3997900580168504,0.47853894030018196,0.4594742537689726,0.0,1.0,0.9999999999969418,0.20467999993365263,0.48225607560671147,0.0,0.5341133333207462,0.4658866666792535
moving_center,9101,OD01,M5_rain_stale,rain_only,60,0,0.0,0.0,11795.538521401335,0.41194844484718807,0.4891364076462245,0.4523644544744463,0.0,1.0,,,,,0.33844908587251554,0.08000000000498818
moving_center,9101,OD01,M5_rain_stale,v2_naive,60,0,0.0,0.0,11795.538521401335,0.41194844484718807,0.4891364076462245,0.4523644544744463,0.0,1.0,,,,,0.155373019014549,0.34819504316332317
moving_center,9101,OD01,M5_rain_stale,v2_reliability_universal,60,0,0.0,0.0,11795.538521401335,0.41194844484718807,0.4891364076462245,0.4523644544744463,0.0,1.0,0.3678794411696073,0.5270196351760078,1.2300062355203125,0.0,0.2717763264474716,0.7282236735525284
moving_center,9101,OD01,M5_rain_stale,v2_reliability_source_specific,60,0,0.0,0.0,11795.538521401335,0.41194844484718807,0.4891364076462245,0.4523644544744463,0.0,1.0,0.3678794411696073,0.4624574882958445,1.0874665882905055,0.0,0.26101596863411103,0.738984031365889
moving_center,9101,OD02,M5_rain_stale,rain_only,60,0,0.0,0.0,4936.13225699163,0.3997900580168504,0.47853894030018196,0.4594742537689726,0.0,1.0,,,,,0.33844908587453204,0.08000000000305797
moving_center,9101,OD02,M5_rain_stale,v2_naive,60,0,0.0,0.0,4934.65106276426,0.39999993167422043,0.47853894030018196,0.45210994220094464,0.0,0.7686259578269142,,,,,0.13435468406573944,0.3570788501909049
moving_center,9101,OD02,M5_rain_stale,v2_reliability_universal,60,0,0.0,0.0,4936.13225699163,0.3997900580168504,0.47853894030018196,0.4594742537689726,0.0,1.0,0.3678794411703173,0.44468794718479354,1.0631659715492991,0.0,0.25805437844929086,0.741945621550709
moving_center,9101,OD02,M5_rain_stale,v2_reliability_source_specific,60,0,0.0,0.0,4936.13225699163,0.3997900580168504,0.47853894030018196,0.4594742537689726,0.0,1.0,0.3678794411703173,0.40935999986730526,0.9645121512134229,0.0,0.2521663872297095,0.7478336127702903
moving_center,9101,OD01,M6_disagreement,rain_only,0,0,0.0,0.0,12026.07407166441,0.37246138895142566,0.4626532231580128,0.43265867634113814,0.0,1.0,,,,,0.9199999999842324,0.0800000000055519
moving_center,9101,OD01,M6_disagreement,v2_naive,0,0,0.0,0.0,12026.07407166441,0.37246138895142566,0.4626532231580128,0.43265867634113814,0.0,1.0,,,,,0.320661274095147,0.37803676744236264
moving_center,9101,OD01,M6_disagreement,v2_reliability_universal,0,0,0.0,0.0,12026.07407166441,0.37246138895142566,0.4626532231580128,0.43265867634113814,0.0,1.0,0.9999999999944482,0.2490228843614344,0.82228429205291,0.0,0.5415038140574632,0.4584961859425368
moving_center,9101,OD01,M6_disagreement,v2_reliability_source_specific,0,0,0.0,0.0,12026.07407166441,0.37246138895142566,0.4626532231580128,0.43265867634113814,0.0,1.0,0.9999999999944482,0.21362328582204565,0.7006129309877653,0.0,0.535603880967565,0.46439611903243494
moving_center,9101,OD02,M6_disagreement,rain_only,0,0,0.0,0.0,4936.13225699163,0.3997900580168504,0.47853894030018196,0.4594742537689726,0.0,1.0,,,,,0.9199999999913154,0.08000000000305797
moving_center,9101,OD02,M6_disagreement,v2_naive,0,0,0.0,0.0,4934.65106276426,0.39999993167422043,0.47853894030018196,0.45210994220094464,0.0,0.7686259578269142,,,,,0.33755652231459327,0.3570788501909049
moving_center,9101,OD02,M6_disagreement,v2_reliability_universal,0,0,0.0,0.0,4936.13225699163,0.3997900580168504,0.47853894030018196,0.4594742537689726,0.0,1.0,0.9999999999969418,0.44468794718479354,1.0631659715492991,0.0,0.5741146578626032,0.4258853421373966
moving_center,9101,OD02,M6_disagreement,v2_reliability_source_specific,0,0,0.0,0.0,4936.13225699163,0.3997900580168504,0.47853894030018196,0.4594742537689726,0.0,1.0,0.9999999999969418,0.40935999986730526,0.9645121512134229,0.0,0.5682266666430219,0.431773333356978
moving_center,9102,OD01,M1_clean,rain_only,0,0,0.0,0.0,12026.07407166441,0.3717884046260101,0.4618181821398325,0.4318974009228362,0.0,1.0,,,,,0.9199999999842324,0.0800000000055519
moving_center,9102,OD01,M1_clean,v2_naive,0,0,0.0,0.0,12026.07407166441,0.3717884046260101,0.4618181821398325,0.4318974009228362,0.0,1.0,,,,,0.320661274095147,0.37803676744236264
moving_center,9102,OD01,M1_clean,v2_reliability_universal,0,0,0.0,0.0,12026.07407166441,0.3717884046260101,0.4618181821398325,0.4318974009228362,0.0,1.0,0.9999999999944482,0.2490228843614344,0.82228429205291,0.0,0.5415038140574632,0.4584961859425368
moving_center,9102,OD01,M1_clean,v2_reliability_source_specific,0,0,0.0,0.0,12026.07407166441,0.3717884046260101,0.4618181821398325,0.4318974009228362,0.0,1.0,0.9999999999944482,0.21362328582204565,0.7006129309877653,0.0,0.535603880967565,0.46439611903243494
moving_center,9102,OD02,M1_clean,rain_only,0,0,0.0,0.0,4936.13225699163,0.3986018902590104,0.4766163980408728,0.4585035667353866,0.0,1.0,,,,,0.9199999999913154,0.08000000000305797
moving_center,9102,OD02,M1_clean,v2_naive,0,0,0.0,0.0,4934.65106276426,0.39881180476522077,0.4766163980408728,0.4512740406407054,0.0,0.7686259578269142,,,,,0.33755652231459327,0.3570788501909049
moving_center,9102,OD02,M1_clean,v2_reliability_universal,0,0,0.0,0.0,4936.13225699163,0.3986018902590104,0.4766163980408728,0.4585035667353866,0.0,1.0,0.9999999999969418,0.44468794718479354,1.0631659715492991,0.0,0.5741146578626032,0.4258853421373966
moving_center,9102,OD02,M1_clean,v2_reliability_source_specific,0,0,0.0,0.0,4936.13225699163,0.3986018902590104,0.4766163980408728,0.4585035667353866,0.0,1.0,0.9999999999969418,0.40935999986730526,0.9645121512134229,0.0,0.5682266666430219,0.431773333356978
moving_center,9102,OD01,M2_water_stale,rain_only,0,60,0.0,0.0,12026.07407166441,0.3717884046260101,0.4618181821398325,0.4318974009228362,0.0,1.0,,,,,0.9199999999842324,0.0800000000055519
moving_center,9102,OD01,M2_water_stale,v2_naive,0,60,0.0,0.0,12026.07407166441,0.3717884046260101,0.4618181821398325,0.4318974009228362,0.0,1.0,,,,,0.30683237636739796,0.3872482147990856
moving_center,9102,OD01,M2_water_stale,v2_reliability_universal,0,60,0.0,0.0,12026.07407166441,0.3717884046260101,0.4618181821398325,0.4318974009228362,0.0,1.0,0.9999999999944482,0.04580519976889261,0.1512507429222398,0.0,0.5076341999587062,0.49236580004129377
moving_center,9102,OD01,M2_water_stale,v2_reliability_source_specific,0,60,0.0,0.0,12026.07407166441,0.3717884046260101,0.4618181821398325,0.4318974009228362,0.0,1.0,0.9999999999944482,0.005317838568094963,0.017440731947248704,0.0,0.5008863064252398,0.49911369357476004
moving_center,9102,OD02,M2_water_stale,rain_only,0,60,0.0,0.0,4936.13225699163,0.3986018902590104,0.4766163980408728,0.4585035667353866,0.0,1.0,,,,,0.9199999999913154,0.08000000000305797
moving_center,9102,OD02,M2_water_stale,v2_naive,0,60,0.0,0.0,4934.65106276426,0.39881180476522077,0.4766163980408728,0.4512740406407054,0.0,0.7686259578269142,,,,,0.31354084525716497,0.3744351884352507
moving_center,9102,OD02,M2_water_stale,v2_reliability_universal,0,60,0.0,0.0,4936.13225699163,0.3986018902590104,0.4766163980408728,0.4585035667353866,0.0,1.0,0.9999999999969418,0.08179577675300881,0.19555845174302489,0.0,0.5136326294573057,0.4863673705426942
moving_center,9102,OD02,M2_water_stale,v2_reliability_source_specific,0,60,0.0,0.0,4936.13225699163,0.3986018902590104,0.4766163980408728,0.4585035667353866,0.0,1.0,0.9999999999969418,0.010190417150231149,0.024010116207049095,0.0,0.5016984028568428,0.49830159714315714
moving_center,9102,OD01,M3_water_missing,rain_only,0,0,1.0,0.0,12026.07407166441,0.3717884046260101,0.4618181821398325,0.4318974009228362,0.0,1.0,,,,,0.9199999999842324,0.0800000000055519
moving_center,9102,OD01,M3_water_missing,v2_naive,0,0,1.0,0.0,12026.07407166441,0.3717884046260101,0.4618181821398325,0.4318974009228362,0.0,1.0,,,,,0.2974999999953086,0.405000000002776
moving_center,9102,OD01,M3_water_missing,v2_reliability_universal,0,0,1.0,0.0,12026.07407166441,0.3717884046260101,0.4618181821398325,0.4318974009228362,0.0,1.0,0.9999999999944482,0.0,0.0,0.0,0.4999999999972241,0.5000000000027759
moving_center,9102,OD01,M3_water_missing,v2_reliability_source_specific,0,0,1.0,0.0,12026.07407166441,0.3717884046260101,0.4618181821398325,0.4318974009228362,0.0,1.0,0.9999999999944482,0.0,0.0,0.0,0.4999999999972241,0.5000000000027759
moving_center,9102,OD02,M3_water_missing,rain_only,0,0,1.0,0.0,4936.13225699163,0.3986018902590104,0.4766163980408728,0.4585035667353866,0.0,1.0,,,,,0.9199999999913154,0.08000000000305797
moving_center,9102,OD02,M3_water_missing,v2_naive,0,0,1.0,0.0,4934.65106276426,0.39881180476522077,0.4766163980408728,0.4512740406407054,0.0,0.7686259578269142,,,,,0.29749999999753546,0.4050000000014582
moving_center,9102,OD02,M3_water_missing,v2_reliability_universal,0,0,1.0,0.0,4936.13225699163,0.3986018902590104,0.4766163980408728,0.4585035667353866,0.0,1.0,0.9999999999969418,0.0,0.0,0.0,0.4999999999984709,0.500000000001529
moving_center,9102,OD02,M3_water_missing,v2_reliability_source_specific,0,0,1.0,0.0,4936.13225699163,0.3986018902590104,0.4766163980408728,0.4585035667353866,0.0,1.0,0.9999999999969418,0.0,0.0,0.0,0.4999999999984709,0.500000000001529
moving_center,9102,OD01,M4_water_degraded,rain_only,0,0,0.2,0.15,12026.07407166441,0.3717884046260101,0.4618181821398325,0.4318974009228362,0.0,1.0,,,,,0.9199999999842324,0.0800000000055519
moving_center,9102,OD01,M4_water_degraded,v2_naive,0,0,0.2,0.15,12026.07407166441,0.3717884046260101,0.4618181821398325,0.4318974009228362,0.0,1.0,,,,,0.3155446142203487,0.3872482147990856
moving_center,9102,OD01,M4_water_degraded,v2_reliability_universal,0,0,0.2,0.15,12026.07407166441,0.3717884046260101,0.4618181821398325,0.4318974009228362,0.0,1.0,0.9999999999944482,0.1245114421807172,0.411142146026455,0.0,0.5207519070273435,0.47924809297265636
moving_center,9102,OD01,M4_water_degraded,v2_reliability_source_specific,0,0,0.2,0.15,12026.07407166441,0.3717884046260101,0.4618181821398325,0.4318974009228362,0.0,1.0,0.9999999999944482,0.10681164291102282,0.35030646549388267,0.0,0.5178019404823946,0.48219805951760536
moving_center,9102,OD02,M4_water_degraded,rain_only,0,0,0.2,0.15,4936.13225699163,0.3986018902590104,0.4766163980408728,0.4585035667353866,0.0,1.0,,,,,0.9199999999913154,0.08000000000305797
moving_center,9102,OD02,M4_water_degraded,v2_naive,0,0,0.2,0.15,4934.65106276426,0.39881180476522077,0.4766163980408728,0.4512740406407054,0.0,0.7686259578269142,,,,,0.328016069891556,0.3744351884352507
moving_center,9102,OD02,M4_water_degraded,v2_reliability_universal,0,0,0.2,0.15,4936.13225699163,0.3986018902590104,0.4766163980408728,0.4585035667353866,0.0,1.0,0.9999999999969418,0.22234397359239677,0.5315829857746496,0.0,0.5370573289305369,0.4629426710694628
moving_center,9102,OD02,M4_water_degraded,v2_reliability_source_specific,0,0,0.2,0.15,4936.13225699163,0.3986018902590104,0.4766163980408728,0.4585035667353866,0.0,1.0,0.9999999999969418,0.20467999993365263,0.48225607560671147,0.0,0.5341133333207462,0.4658866666792535
moving_center,9102,OD01,M5_rain_stale,rain_only,60,0,0.0,0.0,11795.538521401335,0.411797664414687,0.49025910412745377,0.45143167226964714,0.0,1.0,,,,,0.33844908587251554,0.08000000000498818
moving_center,9102,OD01,M5_rain_stale,v2_naive,60,0,0.0,0.0,11795.538521401335,0.411797664414687,0.49025910412745377,0.45143167226964714,0.0,1.0,,,,,0.155373019014549,0.34819504316332317
moving_center,9102,OD01,M5_rain_stale,v2_reliability_universal,60,0,0.0,0.0,11795.538521401335,0.411797664414687,0.49025910412745377,0.45143167226964714,0.0,1.0,0.3678794411696073,0.5270196351760078,1.2300062355203125,0.0,0.2717763264474716,0.7282236735525284
moving_center,9102,OD01,M5_rain_stale,v2_reliability_source_specific,60,0,0.0,0.0,11795.538521401335,0.411797664414687,0.49025910412745377,0.45143167226964714,0.0,1.0,0.3678794411696073,0.4624574882958445,1.0874665882905055,0.0,0.26101596863411103,0.738984031365889
moving_center,9102,OD02,M5_rain_stale,rain_only,60,0,0.0,0.0,4936.13225699163,0.3986018902590104,0.4766163980408728,0.4585035667353866,0.0,1.0,,,,,0.33844908587453204,0.08000000000305797
moving_center,9102,OD02,M5_rain_stale,v2_naive,60,0,0.0,0.0,4934.65106276426,0.39881180476522077,0.4766163980408728,0.4512740406407054,0.0,0.7686259578269142,,,,,0.13435468406573944,0.3570788501909049
moving_center,9102,OD02,M5_rain_stale,v2_reliability_universal,60,0,0.0,0.0,4936.13225699163,0.3986018902590104,0.4766163980408728,0.4585035667353866,0.0,1.0,0.3678794411703173,0.44468794718479354,1.0631659715492991,0.0,0.25805437844929086,0.741945621550709
moving_center,9102,OD02,M5_rain_stale,v2_reliability_source_specific,60,0,0.0,0.0,4936.13225699163,0.3986018902590104,0.4766163980408728,0.4585035667353866,0.0,1.0,0.3678794411703173,0.40935999986730526,0.9645121512134229,0.0,0.2521663872297095,0.7478336127702903
moving_center,9102,OD01,M6_disagreement,rain_only,0,0,0.0,0.0,12026.07407166441,0.3717884046260101,0.4618181821398325,0.4318974009228362,0.0,1.0,,,,,0.9199999999842324,0.0800000000055519
moving_center,9102,OD01,M6_disagreement,v2_naive,0,0,0.0,0.0,12026.07407166441,0.3717884046260101,0.4618181821398325,0.4318974009228362,0.0,1.0,,,,,0.320661274095147,0.37803676744236264
moving_center,9102,OD01,M6_disagreement,v2_reliability_universal,0,0,0.0,0.0,12026.07407166441,0.3717884046260101,0.4618181821398325,0.4318974009228362,0.0,1.0,0.9999999999944482,0.2490228843614344,0.82228429205291,0.0,0.5415038140574632,0.4584961859425368
moving_center,9102,OD01,M6_disagreement,v2_reliability_source_specific,0,0,0.0,0.0,12026.07407166441,0.3717884046260101,0.4618181821398325,0.4318974009228362,0.0,1.0,0.9999999999944482,0.21362328582204565,0.7006129309877653,0.0,0.535603880967565,0.46439611903243494
moving_center,9102,OD02,M6_disagreement,rain_only,0,0,0.0,0.0,4936.13225699163,0.3986018902590104,0.4766163980408728,0.4585035667353866,0.0,1.0,,,,,0.9199999999913154,0.08000000000305797
moving_center,9102,OD02,M6_disagreement,v2_naive,0,0,0.0,0.0,4934.65106276426,0.39881180476522077,0.4766163980408728,0.4512740406407054,0.0,0.7686259578269142,,,,,0.33755652231459327,0.3570788501909049
moving_center,9102,OD02,M6_disagreement,v2_reliability_universal,0,0,0.0,0.0,4936.13225699163,0.3986018902590104,0.4766163980408728,0.4585035667353866,0.0,1.0,0.9999999999969418,0.44468794718479354,1.0631659715492991,0.0,0.5741146578626032,0.4258853421373966
moving_center,9102,OD02,M6_disagreement,v2_reliability_source_specific,0,0,0.0,0.0,4936.13225699163,0.3986018902590104,0.4766163980408728,0.4585035667353866,0.0,1.0,0.9999999999969418,0.40935999986730526,0.9645121512134229,0.0,0.5682266666430219,0.431773333356978
moving_center,9103,OD01,M1_clean,rain_only,0,0,0.0,0.0,12026.07407166441,0.374120625361143,0.470417957788077,0.43522554549216297,0.0,1.0,,,,,0.9199999999842324,0.0800000000055519
moving_center,9103,OD01,M1_clean,v2_naive,0,0,0.0,0.0,12026.07407166441,0.374120625361143,0.470417957788077,0.43522554549216297,0.0,1.0,,,,,0.320661274095147,0.37803676744236264
moving_center,9103,OD01,M1_clean,v2_reliability_universal,0,0,0.0,0.0,12026.07407166441,0.374120625361143,0.470417957788077,0.43522554549216297,0.0,1.0,0.9999999999944482,0.2490228843614344,0.82228429205291,0.0,0.5415038140574632,0.4584961859425368
moving_center,9103,OD01,M1_clean,v2_reliability_source_specific,0,0,0.0,0.0,12026.07407166441,0.374120625361143,0.470417957788077,0.43522554549216297,0.0,1.0,0.9999999999944482,0.21362328582204565,0.7006129309877653,0.0,0.535603880967565,0.46439611903243494
moving_center,9103,OD02,M1_clean,rain_only,0,0,0.0,0.0,4936.13225699163,0.4038519546284183,0.47869744854557744,0.4656168620580142,0.0,1.0,,,,,0.9199999999913154,0.08000000000305797
moving_center,9103,OD02,M1_clean,v2_naive,0,0,0.0,0.0,4934.65106276426,0.4040450427061785,0.47869744854557744,0.4597699754279165,0.0,0.7686259578269142,,,,,0.33755652231459327,0.3570788501909049
moving_center,9103,OD02,M1_clean,v2_reliability_universal,0,0,0.0,0.0,4936.13225699163,0.4038519546284183,0.47869744854557744,0.4656168620580142,0.0,1.0,0.9999999999969418,0.44468794718479354,1.0631659715492991,0.0,0.5741146578626032,0.4258853421373966
moving_center,9103,OD02,M1_clean,v2_reliability_source_specific,0,0,0.0,0.0,4936.13225699163,0.4038519546284183,0.47869744854557744,0.4656168620580142,0.0,1.0,0.9999999999969418,0.40935999986730526,0.9645121512134229,0.0,0.5682266666430219,0.431773333356978
moving_center,9103,OD01,M2_water_stale,rain_only,0,60,0.0,0.0,12026.07407166441,0.374120625361143,0.470417957788077,0.43522554549216297,0.0,1.0,,,,,0.9199999999842324,0.0800000000055519
moving_center,9103,OD01,M2_water_stale,v2_naive,0,60,0.0,0.0,12026.07407166441,0.374120625361143,0.470417957788077,0.43522554549216297,0.0,1.0,,,,,0.30683237636739796,0.3872482147990856
moving_center,9103,OD01,M2_water_stale,v2_reliability_universal,0,60,0.0,0.0,12026.07407166441,0.374120625361143,0.470417957788077,0.43522554549216297,0.0,1.0,0.9999999999944482,0.04580519976889261,0.1512507429222398,0.0,0.5076341999587062,0.49236580004129377
moving_center,9103,OD01,M2_water_stale,v2_reliability_source_specific,0,60,0.0,0.0,12026.07407166441,0.374120625361143,0.470417957788077,0.43522554549216297,0.0,1.0,0.9999999999944482,0.005317838568094963,0.017440731947248704,0.0,0.5008863064252398,0.49911369357476004
moving_center,9103,OD02,M2_water_stale,rain_only,0,60,0.0,0.0,4936.13225699163,0.4038519546284183,0.47869744854557744,0.4656168620580142,0.0,1.0,,,,,0.9199999999913154,0.08000000000305797
moving_center,9103,OD02,M2_water_stale,v2_naive,0,60,0.0,0.0,4934.65106276426,0.4040450427061785,0.47869744854557744,0.4597699754279165,0.0,0.7686259578269142,,,,,0.31354084525716497,0.3744351884352507
moving_center,9103,OD02,M2_water_stale,v2_reliability_universal,0,60,0.0,0.0,4936.13225699163,0.4038519546284183,0.47869744854557744,0.4656168620580142,0.0,1.0,0.9999999999969418,0.08179577675300881,0.19555845174302489,0.0,0.5136326294573057,0.4863673705426942
moving_center,9103,OD02,M2_water_stale,v2_reliability_source_specific,0,60,0.0,0.0,4936.13225699163,0.4038519546284183,0.47869744854557744,0.4656168620580142,0.0,1.0,0.9999999999969418,0.010190417150231149,0.024010116207049095,0.0,0.5016984028568428,0.49830159714315714
moving_center,9103,OD01,M3_water_missing,rain_only,0,0,1.0,0.0,12026.07407166441,0.374120625361143,0.470417957788077,0.43522554549216297,0.0,1.0,,,,,0.9199999999842324,0.0800000000055519
moving_center,9103,OD01,M3_water_missing,v2_naive,0,0,1.0,0.0,12026.07407166441,0.374120625361143,0.470417957788077,0.43522554549216297,0.0,1.0,,,,,0.2974999999953086,0.405000000002776
moving_center,9103,OD01,M3_water_missing,v2_reliability_universal,0,0,1.0,0.0,12026.07407166441,0.374120625361143,0.470417957788077,0.43522554549216297,0.0,1.0,0.9999999999944482,0.0,0.0,0.0,0.4999999999972241,0.5000000000027759
moving_center,9103,OD01,M3_water_missing,v2_reliability_source_specific,0,0,1.0,0.0,12026.07407166441,0.374120625361143,0.470417957788077,0.43522554549216297,0.0,1.0,0.9999999999944482,0.0,0.0,0.0,0.4999999999972241,0.5000000000027759
moving_center,9103,OD02,M3_water_missing,rain_only,0,0,1.0,0.0,4936.13225699163,0.4038519546284183,0.47869744854557744,0.4656168620580142,0.0,1.0,,,,,0.9199999999913154,0.08000000000305797
moving_center,9103,OD02,M3_water_missing,v2_naive,0,0,1.0,0.0,4934.65106276426,0.4040450427061785,0.47869744854557744,0.4597699754279165,0.0,0.7686259578269142,,,,,0.29749999999753546,0.4050000000014582
moving_center,9103,OD02,M3_water_missing,v2_reliability_universal,0,0,1.0,0.0,4936.13225699163,0.4038519546284183,0.47869744854557744,0.4656168620580142,0.0,1.0,0.9999999999969418,0.0,0.0,0.0,0.4999999999984709,0.500000000001529
moving_center,9103,OD02,M3_water_missing,v2_reliability_source_specific,0,0,1.0,0.0,4936.13225699163,0.4038519546284183,0.47869744854557744,0.4656168620580142,0.0,1.0,0.9999999999969418,0.0,0.0,0.0,0.4999999999984709,0.500000000001529
moving_center,9103,OD01,M4_water_degraded,rain_only,0,0,0.2,0.15,12026.07407166441,0.374120625361143,0.470417957788077,0.43522554549216297,0.0,1.0,,,,,0.9199999999842324,0.0800000000055519
moving_center,9103,OD01,M4_water_degraded,v2_naive,0,0,0.2,0.15,12026.07407166441,0.374120625361143,0.470417957788077,0.43522554549216297,0.0,1.0,,,,,0.3137045703096658,0.3872482147990856
moving_center,9103,OD01,M4_water_degraded,v2_reliability_universal,0,0,0.2,0.15,12026.07407166441,0.374120625361143,0.470417957788077,0.43522554549216297,0.0,1.0,0.9999999999944482,0.11314280190105187,0.40027096104456544,0.0,0.5188571336473994,0.4811428663526005
moving_center,9103,OD01,M4_water_degraded,v2_reliability_source_specific,0,0,0.2,0.15,12026.07407166441,0.374120625361143,0.470417957788077,0.43522554549216297,0.0,1.0,0.9999999999944482,0.0847626009535765,0.32073846288456903,0.0,0.5141271001561535,0.48587289984384646
moving_center,9103,OD02,M4_water_degraded,rain_only,0,0,0.2,0.15,4936.13225699163,0.4038519546284183,0.47869744854557744,0.4656168620580142,0.0,1.0,,,,,0.9199999999913154,0.08000000000305797
moving_center,9103,OD02,M4_water_degraded,v2_naive,0,0,0.2,0.15,4934.65106276426,0.4040450427061785,0.47869744854557744,0.4597699754279165,0.0,0.7686259578269142,,,,,0.328016069891556,0.3744351884352507
moving_center,9103,OD02,M4_water_degraded,v2_reliability_universal,0,0,0.2,0.15,4936.13225699163,0.4038519546284183,0.47869744854557744,0.4656168620580142,0.0,1.0,0.9999999999969418,0.22234397359239677,0.5315829857746496,0.0,0.5370573289305369,0.4629426710694628
moving_center,9103,OD02,M4_water_degraded,v2_reliability_source_specific,0,0,0.2,0.15,4936.13225699163,0.4038519546284183,0.47869744854557744,0.4656168620580142,0.0,1.0,0.9999999999969418,0.20467999993365263,0.48225607560671147,0.0,0.5341133333207462,0.4658866666792535
moving_center,9103,OD01,M5_rain_stale,rain_only,60,0,0.0,0.0,11795.538521401335,0.41360803672656304,0.4915424142149244,0.4595703285045158,0.0,1.0,,,,,0.33844908587251554,0.08000000000498818
moving_center,9103,OD01,M5_rain_stale,v2_naive,60,0,0.0,0.0,11795.538521401335,0.41360803672656304,0.4915424142149244,0.4595703285045158,0.0,1.0,,,,,0.155373019014549,0.34819504316332317
moving_center,9103,OD01,M5_rain_stale,v2_reliability_universal,60,0,0.0,0.0,11795.538521401335,0.41360803672656304,0.4915424142149244,0.4595703285045158,0.0,1.0,0.3678794411696073,0.5270196351760078,1.2300062355203125,0.0,0.2717763264474716,0.7282236735525284
moving_center,9103,OD01,M5_rain_stale,v2_reliability_source_specific,60,0,0.0,0.0,11795.538521401335,0.41360803672656304,0.4915424142149244,0.4595703285045158,0.0,1.0,0.3678794411696073,0.4624574882958445,1.0874665882905055,0.0,0.26101596863411103,0.738984031365889
moving_center,9103,OD02,M5_rain_stale,rain_only,60,0,0.0,0.0,4936.13225699163,0.4038519546284183,0.47869744854557744,0.4656168620580142,0.0,1.0,,,,,0.33844908587453204,0.08000000000305797
moving_center,9103,OD02,M5_rain_stale,v2_naive,60,0,0.0,0.0,4934.65106276426,0.4040450427061785,0.47869744854557744,0.4597699754279165,0.0,0.7686259578269142,,,,,0.13435468406573944,0.3570788501909049
moving_center,9103,OD02,M5_rain_stale,v2_reliability_universal,60,0,0.0,0.0,4936.13225699163,0.4038519546284183,0.47869744854557744,0.4656168620580142,0.0,1.0,0.3678794411703173,0.44468794718479354,1.0631659715492991,0.0,0.25805437844929086,0.741945621550709
moving_center,9103,OD02,M5_rain_stale,v2_reliability_source_specific,60,0,0.0,0.0,4936.13225699163,0.4038519546284183,0.47869744854557744,0.4656168620580142,0.0,1.0,0.3678794411703173,0.40935999986730526,0.9645121512134229,0.0,0.2521663872297095,0.7478336127702903
moving_center,9103,OD01,M6_disagreement,rain_only,0,0,0.0,0.0,12026.07407166441,0.374120625361143,0.470417957788077,0.43522554549216297,0.0,1.0,,,,,0.9199999999842324,0.0800000000055519
moving_center,9103,OD01,M6_disagreement,v2_naive,0,0,0.0,0.0,12026.07407166441,0.374120625361143,0.470417957788077,0.43522554549216297,0.0,1.0,,,,,0.320661274095147,0.37803676744236264
moving_center,9103,OD01,M6_disagreement,v2_reliability_universal,0,0,0.0,0.0,12026.07407166441,0.374120625361143,0.470417957788077,0.43522554549216297,0.0,1.0,0.9999999999944482,0.2490228843614344,0.82228429205291,0.0,0.5415038140574632,0.4584961859425368
moving_center,9103,OD01,M6_disagreement,v2_reliability_source_specific,0,0,0.0,0.0,12026.07407166441,0.374120625361143,0.470417957788077,0.43522554549216297,0.0,1.0,0.9999999999944482,0.21362328582204565,0.7006129309877653,0.0,0.535603880967565,0.46439611903243494
moving_center,9103,OD02,M6_disagreement,rain_only,0,0,0.0,0.0,4936.13225699163,0.4038519546284183,0.47869744854557744,0.4656168620580142,0.0,1.0,,,,,0.9199999999913154,0.08000000000305797
moving_center,9103,OD02,M6_disagreement,v2_naive,0,0,0.0,0.0,4934.65106276426,0.4040450427061785,0.47869744854557744,0.4597699754279165,0.0,0.7686259578269142,,,,,0.33755652231459327,0.3570788501909049
moving_center,9103,OD02,M6_disagreement,v2_reliability_universal,0,0,0.0,0.0,4936.13225699163,0.4038519546284183,0.47869744854557744,0.4656168620580142,0.0,1.0,0.9999999999969418,0.44468794718479354,1.0631659715492991,0.0,0.5741146578626032,0.4258853421373966
moving_center,9103,OD02,M6_disagreement,v2_reliability_source_specific,0,0,0.0,0.0,4936.13225699163,0.4038519546284183,0.47869744854557744,0.4656168620580142,0.0,1.0,0.9999999999969418,0.40935999986730526,0.9645121512134229,0.0,0.5682266666430219,0.431773333356978
moving_center,9104,OD01,M1_clean,rain_only,0,0,0.0,0.0,12026.07407166441,0.37115745645264536,0.46106265773003335,0.4319562876868923,0.0,1.0,,,,,0.9199999999842324,0.0800000000055519
moving_center,9104,OD01,M1_clean,v2_naive,0,0,0.0,0.0,12026.07407166441,0.37115745645264536,0.46106265773003335,0.4319562876868923,0.0,1.0,,,,,0.320661274095147,0.37803676744236264
moving_center,9104,OD01,M1_clean,v2_reliability_universal,0,0,0.0,0.0,12026.07407166441,0.37115745645264536,0.46106265773003335,0.4319562876868923,0.0,1.0,0.9999999999944482,0.2490228843614344,0.82228429205291,0.0,0.5415038140574632,0.4584961859425368
moving_center,9104,OD01,M1_clean,v2_reliability_source_specific,0,0,0.0,0.0,12026.07407166441,0.37115745645264536,0.46106265773003335,0.4319562876868923,0.0,1.0,0.9999999999944482,0.21362328582204565,0.7006129309877653,0.0,0.535603880967565,0.46439611903243494
moving_center,9104,OD02,M1_clean,rain_only,0,0,0.0,0.0,4936.13225699163,0.3995972858748716,0.47780084336502227,0.45791457770308996,0.0,1.0,,,,,0.9199999999913154,0.08000000000305797
moving_center,9104,OD02,M1_clean,v2_naive,0,0,0.0,0.0,4934.65106276426,0.399808863382959,0.47780084336502227,0.45052921153935316,0.0,0.7686259578269142,,,,,0.33755652231459327,0.3570788501909049
moving_center,9104,OD02,M1_clean,v2_reliability_universal,0,0,0.0,0.0,4936.13225699163,0.3995972858748716,0.47780084336502227,0.45791457770308996,0.0,1.0,0.9999999999969418,0.44468794718479354,1.0631659715492991,0.0,0.5741146578626032,0.4258853421373966
moving_center,9104,OD02,M1_clean,v2_reliability_source_specific,0,0,0.0,0.0,4936.13225699163,0.3995972858748716,0.47780084336502227,0.45791457770308996,0.0,1.0,0.9999999999969418,0.40935999986730526,0.9645121512134229,0.0,0.5682266666430219,0.431773333356978
moving_center,9104,OD01,M2_water_stale,rain_only,0,60,0.0,0.0,12026.07407166441,0.37115745645264536,0.46106265773003335,0.4319562876868923,0.0,1.0,,,,,0.9199999999842324,0.0800000000055519
moving_center,9104,OD01,M2_water_stale,v2_naive,0,60,0.0,0.0,12026.07407166441,0.37115745645264536,0.46106265773003335,0.4319562876868923,0.0,1.0,,,,,0.30683237636739796,0.3872482147990856
moving_center,9104,OD01,M2_water_stale,v2_reliability_universal,0,60,0.0,0.0,12026.07407166441,0.37115745645264536,0.46106265773003335,0.4319562876868923,0.0,1.0,0.9999999999944482,0.04580519976889261,0.1512507429222398,0.0,0.5076341999587062,0.49236580004129377
moving_center,9104,OD01,M2_water_stale,v2_reliability_source_specific,0,60,0.0,0.0,12026.07407166441,0.37115745645264536,0.46106265773003335,0.4319562876868923,0.0,1.0,0.9999999999944482,0.005317838568094963,0.017440731947248704,0.0,0.5008863064252398,0.49911369357476004
moving_center,9104,OD02,M2_water_stale,rain_only,0,60,0.0,0.0,4936.13225699163,0.3995972858748716,0.47780084336502227,0.45791457770308996,0.0,1.0,,,,,0.9199999999913154,0.08000000000305797
moving_center,9104,OD02,M2_water_stale,v2_naive,0,60,0.0,0.0,4934.65106276426,0.399808863382959,0.47780084336502227,0.45052921153935316,0.0,0.7686259578269142,,,,,0.31354084525716497,0.3744351884352507
moving_center,9104,OD02,M2_water_stale,v2_reliability_universal,0,60,0.0,0.0,4936.13225699163,0.3995972858748716,0.47780084336502227,0.45791457770308996,0.0,1.0,0.9999999999969418,0.08179577675300881,0.19555845174302489,0.0,0.5136326294573057,0.4863673705426942
moving_center,9104,OD02,M2_water_stale,v2_reliability_source_specific,0,60,0.0,0.0,4936.13225699163,0.3995972858748716,0.47780084336502227,0.45791457770308996,0.0,1.0,0.9999999999969418,0.010190417150231149,0.024010116207049095,0.0,0.5016984028568428,0.49830159714315714
moving_center,9104,OD01,M3_water_missing,rain_only,0,0,1.0,0.0,12026.07407166441,0.37115745645264536,0.46106265773003335,0.4319562876868923,0.0,1.0,,,,,0.9199999999842324,0.0800000000055519
moving_center,9104,OD01,M3_water_missing,v2_naive,0,0,1.0,0.0,12026.07407166441,0.37115745645264536,0.46106265773003335,0.4319562876868923,0.0,1.0,,,,,0.2974999999953086,0.405000000002776
moving_center,9104,OD01,M3_water_missing,v2_reliability_universal,0,0,1.0,0.0,12026.07407166441,0.37115745645264536,0.46106265773003335,0.4319562876868923,0.0,1.0,0.9999999999944482,0.0,0.0,0.0,0.4999999999972241,0.5000000000027759
moving_center,9104,OD01,M3_water_missing,v2_reliability_source_specific,0,0,1.0,0.0,12026.07407166441,0.37115745645264536,0.46106265773003335,0.4319562876868923,0.0,1.0,0.9999999999944482,0.0,0.0,0.0,0.4999999999972241,0.5000000000027759
moving_center,9104,OD02,M3_water_missing,rain_only,0,0,1.0,0.0,4936.13225699163,0.3995972858748716,0.47780084336502227,0.45791457770308996,0.0,1.0,,,,,0.9199999999913154,0.08000000000305797
moving_center,9104,OD02,M3_water_missing,v2_naive,0,0,1.0,0.0,4934.65106276426,0.399808863382959,0.47780084336502227,0.45052921153935316,0.0,0.7686259578269142,,,,,0.29749999999753546,0.4050000000014582
moving_center,9104,OD02,M3_water_missing,v2_reliability_universal,0,0,1.0,0.0,4936.13225699163,0.3995972858748716,0.47780084336502227,0.45791457770308996,0.0,1.0,0.9999999999969418,0.0,0.0,0.0,0.4999999999984709,0.500000000001529
moving_center,9104,OD02,M3_water_missing,v2_reliability_source_specific,0,0,1.0,0.0,4936.13225699163,0.3995972858748716,0.47780084336502227,0.45791457770308996,0.0,1.0,0.9999999999969418,0.0,0.0,0.0,0.4999999999984709,0.500000000001529
moving_center,9104,OD01,M4_water_degraded,rain_only,0,0,0.2,0.15,12026.07407166441,0.37115745645264536,0.46106265773003335,0.4319562876868923,0.0,1.0,,,,,0.9199999999842324,0.0800000000055519
moving_center,9104,OD01,M4_water_degraded,v2_naive,0,0,0.2,0.15,12026.07407166441,0.37115745645264536,0.46106265773003335,0.4319562876868923,0.0,1.0,,,,,0.3144493784632884,0.3872482147990856
moving_center,9104,OD01,M4_water_degraded,v2_reliability_universal,0,0,0.2,0.15,12026.07407166441,0.37115745645264536,0.46106265773003335,0.4319562876868923,0.0,1.0,0.9999999999944482,0.11843903151614747,0.40027096104456544,0.0,0.5197398385832486,0.4802601614167514
moving_center,9104,OD01,M4_water_degraded,v2_reliability_source_specific,0,0,0.2,0.15,12026.07407166441,0.37115745645264536,0.46106265773003335,0.4319562876868923,0.0,1.0,0.9999999999944482,0.09359279424742067,0.3493885784444643,0.0,0.5155987990384608,0.48440120096153916
moving_center,9104,OD02,M4_water_degraded,rain_only,0,0,0.2,0.15,4936.13225699163,0.3995972858748716,0.47780084336502227,0.45791457770308996,0.0,1.0,,,,,0.9199999999913154,0.08000000000305797
moving_center,9104,OD02,M4_water_degraded,v2_naive,0,0,0.2,0.15,4934.65106276426,0.399808863382959,0.47780084336502227,0.45052921153935316,0.0,0.7686259578269142,,,,,0.328016069891556,0.3744351884352507
moving_center,9104,OD02,M4_water_degraded,v2_reliability_universal,0,0,0.2,0.15,4936.13225699163,0.3995972858748716,0.47780084336502227,0.45791457770308996,0.0,1.0,0.9999999999969418,0.22234397359239677,0.5315829857746496,0.0,0.5370573289305369,0.4629426710694628
moving_center,9104,OD02,M4_water_degraded,v2_reliability_source_specific,0,0,0.2,0.15,4936.13225699163,0.3995972858748716,0.47780084336502227,0.45791457770308996,0.0,1.0,0.9999999999969418,0.20467999993365263,0.48225607560671147,0.0,0.5341133333207462,0.4658866666792535
moving_center,9104,OD01,M5_rain_stale,rain_only,60,0,0.0,0.0,11795.538521401335,0.41150630086183554,0.48511455669528647,0.4511645184106499,0.0,1.0,,,,,0.33844908587251554,0.08000000000498818
moving_center,9104,OD01,M5_rain_stale,v2_naive,60,0,0.0,0.0,11795.538521401335,0.41150630086183554,0.48511455669528647,0.4511645184106499,0.0,1.0,,,,,0.155373019014549,0.34819504316332317
moving_center,9104,OD01,M5_rain_stale,v2_reliability_universal,60,0,0.0,0.0,11795.538521401335,0.41150630086183554,0.48511455669528647,0.4511645184106499,0.0,1.0,0.3678794411696073,0.5270196351760078,1.2300062355203125,0.0,0.2717763264474716,0.7282236735525284
moving_center,9104,OD01,M5_rain_stale,v2_reliability_source_specific,60,0,0.0,0.0,11795.538521401335,0.41150630086183554,0.48511455669528647,0.4511645184106499,0.0,1.0,0.3678794411696073,0.4624574882958445,1.0874665882905055,0.0,0.26101596863411103,0.738984031365889
moving_center,9104,OD02,M5_rain_stale,rain_only,60,0,0.0,0.0,4936.13225699163,0.3995972858748716,0.47780084336502227,0.45791457770308996,0.0,1.0,,,,,0.33844908587453204,0.08000000000305797
moving_center,9104,OD02,M5_rain_stale,v2_naive,60,0,0.0,0.0,4934.65106276426,0.399808863382959,0.47780084336502227,0.45052921153935316,0.0,0.7686259578269142,,,,,0.13435468406573944,0.3570788501909049
moving_center,9104,OD02,M5_rain_stale,v2_reliability_universal,60,0,0.0,0.0,4936.13225699163,0.3995972858748716,0.47780084336502227,0.45791457770308996,0.0,1.0,0.3678794411703173,0.44468794718479354,1.0631659715492991,0.0,0.25805437844929086,0.741945621550709
moving_center,9104,OD02,M5_rain_stale,v2_reliability_source_specific,60,0,0.0,0.0,4936.13225699163,0.3995972858748716,0.47780084336502227,0.45791457770308996,0.0,1.0,0.3678794411703173,0.40935999986730526,0.9645121512134229,0.0,0.2521663872297095,0.7478336127702903
moving_center,9104,OD01,M6_disagreement,rain_only,0,0,0.0,0.0,12026.07407166441,0.37115745645264536,0.46106265773003335,0.4319562876868923,0.0,1.0,,,,,0.9199999999842324,0.0800000000055519
moving_center,9104,OD01,M6_disagreement,v2_naive,0,0,0.0,0.0,12026.07407166441,0.37115745645264536,0.46106265773003335,0.4319562876868923,0.0,1.0,,,,,0.320661274095147,0.37803676744236264
moving_center,9104,OD01,M6_disagreement,v2_reliability_universal,0,0,0.0,0.0,12026.07407166441,0.37115745645264536,0.46106265773003335,0.4319562876868923,0.0,1.0,0.9999999999944482,0.2490228843614344,0.82228429205291,0.0,0.5415038140574632,0.4584961859425368
moving_center,9104,OD01,M6_disagreement,v2_reliability_source_specific,0,0,0.0,0.0,12026.07407166441,0.37115745645264536,0.46106265773003335,0.4319562876868923,0.0,1.0,0.9999999999944482,0.21362328582204565,0.7006129309877653,0.0,0.535603880967565,0.46439611903243494
moving_center,9104,OD02,M6_disagreement,rain_only,0,0,0.0,0.0,4936.13225699163,0.3995972858748716,0.47780084336502227,0.45791457770308996,0.0,1.0,,,,,0.9199999999913154,0.08000000000305797
moving_center,9104,OD02,M6_disagreement,v2_naive,0,0,0.0,0.0,4934.65106276426,0.399808863382959,0.47780084336502227,0.45052921153935316,0.0,0.7686259578269142,,,,,0.33755652231459327,0.3570788501909049
moving_center,9104,OD02,M6_disagreement,v2_reliability_universal,0,0,0.0,0.0,4936.13225699163,0.3995972858748716,0.47780084336502227,0.45791457770308996,0.0,1.0,0.9999999999969418,0.44468794718479354,1.0631659715492991,0.0,0.5741146578626032,0.4258853421373966
moving_center,9104,OD02,M6_disagreement,v2_reliability_source_specific,0,0,0.0,0.0,4936.13225699163,0.3995972858748716,0.47780084336502227,0.45791457770308996,0.0,1.0,0.9999999999969418,0.40935999986730526,0.9645121512134229,0.0,0.5682266666430219,0.431773333356978
dual_center,9101,OD01,M1_clean,rain_only,0,0,0.0,0.0,12005.227587708212,0.6161505322403261,0.7337126960511339,0.7133642944165626,0.3806933771179803,1.0,,,,,0.9199999999842845,0.08000000000553362
dual_center,9101,OD01,M1_clean,v2_naive,0,0,0.0,0.0,12005.227587708212,0.6161505322403261,0.7337126960511339,0.7133642944165626,0.3806933771179803,1.0,,,,,0.3207014925021356,0.3779899471225494
dual_center,9101,OD01,M1_clean,v2_reliability_universal,0,0,0.0,0.0,12005.227587708212,0.6161505322403261,0.7337126960511339,0.7133642944165626,0.3806933771179803,1.0,0.9999999999944664,0.2494553002840515,0.8141228727504686,0.0,0.5415758833779085,0.45842411662209154
dual_center,9101,OD01,M1_clean,v2_reliability_source_specific,0,0,0.0,0.0,12005.227587708212,0.6161505322403261,0.7337126960511339,0.7133642944165626,0.3806933771179803,1.0,0.9999999999944664,0.21399423209257862,0.6936578172287339,0.0,0.5356657053459963,0.46433429465400367
dual_center,9101,OD02,M1_clean,rain_only,0,0,0.0,0.0,4934.65106276426,0.6323749406448075,0.7239176186331996,0.713042356623281,0.41617855896524847,1.0,,,,,0.919999999991717,0.08000000000291649
dual_center,9101,OD02,M1_clean,v2_naive,0,0,0.0,0.0,4934.65106276426,0.6323749406448075,0.7239176186331996,0.713042356623281,0.41617855896524847,1.0,,,,,0.33755652231459327,0.3570788501909049
dual_center,9101,OD02,M1_clean,v2_reliability_universal,0,0,0.0,0.0,4934.65106276426,0.6323749406448075,0.7239176186331996,0.713042356623281,0.41617855896524847,1.0,0.9999999999970831,0.44482142556289433,1.063784878563353,0.0,0.574136904259024,0.4258630957409758
dual_center,9101,OD02,M1_clean,v2_reliability_source_specific,0,0,0.0,0.0,4934.65106276426,0.6323749406448075,0.7239176186331996,0.713042356623281,0.41617855896524847,1.0,0.9999999999970831,0.40948287414169826,0.9651023016689475,0.0,0.5682471456888246,0.43175285431117505
dual_center,9101,OD01,M2_water_stale,rain_only,0,60,0.0,0.0,12005.227587708212,0.6161505322403261,0.7337126960511339,0.7133642944165626,0.3806933771179803,1.0,,,,,0.9199999999842845,0.08000000000553362
dual_center,9101,OD01,M2_water_stale,v2_naive,0,60,0.0,0.0,12005.227587708212,0.6161505322403261,0.7337126960511339,0.7133642944165626,0.3806933771179803,1.0,,,,,0.30684858157742656,0.38721738970203123
dual_center,9101,OD01,M2_water_stale,v2_reliability_universal,0,60,0.0,0.0,12005.227587708212,0.6161505322403261,0.7337126960511339,0.7133642944165626,0.3806933771179803,1.0,0.9999999999944664,0.04588473823287561,0.1497495337361658,0.0,0.5076474563693791,0.49235254363062086
dual_center,9101,OD01,M2_water_stale,v2_reliability_source_specific,0,60,0.0,0.0,12005.227587708212,0.6161505322403261,0.7337126960511339,0.7133642944165626,0.3806933771179803,1.0,0.9999999999944664,0.005327072731760876,0.017267594585135118,0.0,0.5008878454525266,0.49911215454747326
dual_center,9101,OD02,M2_water_stale,rain_only,0,60,0.0,0.0,4934.65106276426,0.6323749406448075,0.7239176186331996,0.713042356623281,0.41617855896524847,1.0,,,,,0.919999999991717,0.08000000000291649
dual_center,9101,OD02,M2_water_stale,v2_naive,0,60,0.0,0.0,4934.65106276426,0.6323749406448075,0.7239176186331996,0.713042356623281,0.41617855896524847,1.0,,,,,0.31354084525716497,0.3744351884352507
dual_center,9101,OD02,M2_water_stale,v2_reliability_universal,0,60,0.0,0.0,4934.65106276426,0.6323749406448075,0.7239176186331996,0.713042356623281,0.41617855896524847,1.0,0.9999999999970831,0.0818203287285809,0.1956722933262585,0.0,0.5136367214533051,0.48636327854669464
dual_center,9101,OD02,M2_water_stale,v2_reliability_source_specific,0,60,0.0,0.0,4934.65106276426,0.6323749406448075,0.7239176186331996,0.713042356623281,0.41617855896524847,1.0,0.9999999999970831,0.010193475925181075,0.024024807137587357,0.0,0.5016989126527385,0.49830108734726125
dual_center,9101,OD01,M3_water_missing,rain_only,0,0,1.0,0.0,12005.227587708212,0.6161505322403261,0.7337126960511339,0.7133642944165626,0.3806933771179803,1.0,,,,,0.9199999999842845,0.08000000000553362
dual_center,9101,OD01,M3_water_missing,v2_naive,0,0,1.0,0.0,12005.227587708212,0.6161505322403261,0.7337126960511339,0.7133642944165626,0.3806933771179803,1.0,,,,,0.29749999999532406,0.4050000000027669
dual_center,9101,OD01,M3_water_missing,v2_reliability_universal,0,0,1.0,0.0,12005.227587708212,0.6161505322403261,0.7337126960511339,0.7133642944165626,0.3806933771179803,1.0,0.9999999999944664,0.0,0.0,0.0,0.4999999999972332,0.5000000000027668
dual_center,9101,OD01,M3_water_missing,v2_reliability_source_specific,0,0,1.0,0.0,12005.227587708212,0.6161505322403261,0.7337126960511339,0.7133642944165626,0.3806933771179803,1.0,0.9999999999944664,0.0,0.0,0.0,0.4999999999972332,0.5000000000027668
dual_center,9101,OD02,M3_water_missing,rain_only,0,0,1.0,0.0,4934.65106276426,0.6323749406448075,0.7239176186331996,0.713042356623281,0.41617855896524847,1.0,,,,,0.919999999991717,0.08000000000291649
dual_center,9101,OD02,M3_water_missing,v2_naive,0,0,1.0,0.0,4934.65106276426,0.6323749406448075,0.7239176186331996,0.713042356623281,0.41617855896524847,1.0,,,,,0.29749999999753546,0.4050000000014582
dual_center,9101,OD02,M3_water_missing,v2_reliability_universal,0,0,1.0,0.0,4934.65106276426,0.6323749406448075,0.7239176186331996,0.713042356623281,0.41617855896524847,1.0,0.9999999999970831,0.0,0.0,0.0,0.49999999999854156,0.5000000000014582
dual_center,9101,OD02,M3_water_missing,v2_reliability_source_specific,0,0,1.0,0.0,4934.65106276426,0.6323749406448075,0.7239176186331996,0.713042356623281,0.41617855896524847,1.0,0.9999999999970831,0.0,0.0,0.0,0.49999999999854156,0.5000000000014582
dual_center,9101,OD01,M4_water_degraded,rain_only,0,0,0.2,0.15,12005.227587708212,0.6161505322403261,0.7337126960511339,0.7133642944165626,0.3806933771179803,1.0,,,,,0.9199999999842845,0.08000000000553362
dual_center,9101,OD01,M4_water_degraded,v2_naive,0,0,0.2,0.15,12005.227587708212,0.6161505322403261,0.7337126960511339,0.7133642944165626,0.3806933771179803,1.0,,,,,0.3144788102207378,0.38721738970203123
dual_center,9101,OD01,M4_water_degraded,v2_reliability_universal,0,0,0.2,0.15,12005.227587708212,0.6161505322403261,0.7337126960511339,0.7133642944165626,0.3806933771179803,1.0,0.9999999999944664,0.1186446950366639,0.39629739740425857,0.0,0.5197741158366772,0.48022588416332274
dual_center,9101,OD01,M4_water_degraded,v2_reliability_source_specific,0,0,0.2,0.15,12005.227587708212,0.6161505322403261,0.7337126960511339,0.7133642944165626,0.3806933771179803,1.0,0.9999999999944664,0.09375531350575546,0.34682890861436694,0.0,0.5156258855815258,0.4843741144184742
dual_center,9101,OD02,M4_water_degraded,rain_only,0,0,0.2,0.15,4934.65106276426,0.6323749406448075,0.7239176186331996,0.713042356623281,0.41617855896524847,1.0,,,,,0.919999999991717,0.08000000000291649
dual_center,9101,OD02,M4_water_degraded,v2_naive,0,0,0.2,0.15,4934.65106276426,0.6323749406448075,0.7239176186331996,0.713042356623281,0.41617855896524847,1.0,,,,,0.328016069891556,0.3744351884352507
dual_center,9101,OD02,M4_water_degraded,v2_reliability_universal,0,0,0.2,0.15,4934.65106276426,0.6323749406448075,0.7239176186331996,0.713042356623281,0.41617855896524847,1.0,0.9999999999970831,0.22241071278144717,0.5318924392816765,0.0,0.5370684521287828,0.46293154787121704
dual_center,9101,OD02,M4_water_degraded,v2_reliability_source_specific,0,0,0.2,0.15,4934.65106276426,0.6323749406448075,0.7239176186331996,0.713042356623281,0.41617855896524847,1.0,0.9999999999970831,0.20474143707084913,0.48255115083447375,0.0,0.5341235728436832,0.46587642715631666
dual_center,9101,OD01,M5_rain_stale,rain_only,60,0,0.0,0.0,12026.07407166441,0.6150798339005291,0.7337126960511339,0.7133642944165626,0.3572572422795684,1.0,,,,,0.33844908587192646,0.0800000000055519
dual_center,9101,OD01,M5_rain_stale,v2_naive,60,0,0.0,0.0,12005.227587708212,0.6161505322403261,0.7337126960511339,0.7133642944165626,0.3806933771179803,0.9298119073156934,,,,,0.1241088213933373,0.3779899471225494
dual_center,9101,OD01,M5_rain_stale,v2_reliability_universal,60,0,0.0,0.0,12026.07407166441,0.6150798339005291,0.7337126960511339,0.7133642944165626,0.3572572422795684,1.0,0.3678794411693999,0.2490228843614344,0.82228429205291,0.0,0.22544353464493905,0.7745564653550607
dual_center,9101,OD01,M5_rain_stale,v2_reliability_source_specific,60,0,0.0,0.0,12026.07407166441,0.6150798339005291,0.7337126960511339,0.7133642944165626,0.3572572422795684,1.0,0.3678794411693999,0.21362328582204565,0.7006129309877653,0.0,0.21954360155504088,0.780456398444959
dual_center,9101,OD02,M5_rain_stale,rain_only,60,0,0.0,0.0,4934.65106276426,0.6323749406448075,0.7239176186331996,0.713042356623281,0.41617855896524847,1.0,,,,,0.3384490858746798,0.08000000000291649
dual_center,9101,OD02,M5_rain_stale,v2_naive,60,0,0.0,0.0,4934.65106276426,0.6323749406448075,0.7239176186331996,0.713042356623281,0.41617855896524847,1.0,,,,,0.13435468406573944,0.3570788501909049
dual_center,9101,OD02,M5_rain_stale,v2_reliability_universal,60,0,0.0,0.0,4934.65106276426,0.6323749406448075,0.7239176186331996,0.713042356623281,0.41617855896524847,1.0,0.36787944117036925,0.44482142556289433,1.063784878563353,0.0,0.258076624845667,0.7419233751543327
dual_center,9101,OD02,M5_rain_stale,v2_reliability_source_specific,60,0,0.0,0.0,4934.65106276426,0.6323749406448075,0.7239176186331996,0.713042356623281,0.41617855896524847,1.0,0.36787944117036925,0.40948287414169826,0.9651023016689475,0.0,0.25218686627546766,0.7478131337245321
dual_center,9101,OD01,M6_disagreement,rain_only,0,0,0.0,0.0,12005.227587708212,0.6161505322403261,0.7337126960511339,0.7133642944165626,0.3806933771179803,1.0,,,,,0.9199999999842845,0.08000000000553362
dual_center,9101,OD01,M6_disagreement,v2_naive,0,0,0.0,0.0,12005.227587708212,0.6161505322403261,0.7337126960511339,0.7133642944165626,0.3806933771179803,1.0,,,,,0.3207014925021356,0.3779899471225494
dual_center,9101,OD01,M6_disagreement,v2_reliability_universal,0,0,0.0,0.0,12005.227587708212,0.6161505322403261,0.7337126960511339,0.7133642944165626,0.3806933771179803,1.0,0.9999999999944664,0.2494553002840515,0.8141228727504686,0.0,0.5415758833779085,0.45842411662209154
dual_center,9101,OD01,M6_disagreement,v2_reliability_source_specific,0,0,0.0,0.0,12005.227587708212,0.6161505322403261,0.7337126960511339,0.7133642944165626,0.3806933771179803,1.0,0.9999999999944664,0.21399423209257862,0.6936578172287339,0.0,0.5356657053459963,0.46433429465400367
dual_center,9101,OD02,M6_disagreement,rain_only,0,0,0.0,0.0,4934.65106276426,0.6323749406448075,0.7239176186331996,0.713042356623281,0.41617855896524847,1.0,,,,,0.919999999991717,0.08000000000291649
dual_center,9101,OD02,M6_disagreement,v2_naive,0,0,0.0,0.0,4934.65106276426,0.6323749406448075,0.7239176186331996,0.713042356623281,0.41617855896524847,1.0,,,,,0.33755652231459327,0.3570788501909049
dual_center,9101,OD02,M6_disagreement,v2_reliability_universal,0,0,0.0,0.0,4934.65106276426,0.6323749406448075,0.7239176186331996,0.713042356623281,0.41617855896524847,1.0,0.9999999999970831,0.44482142556289433,1.063784878563353,0.0,0.574136904259024,0.4258630957409758
dual_center,9101,OD02,M6_disagreement,v2_reliability_source_specific,0,0,0.0,0.0,4934.65106276426,0.6323749406448075,0.7239176186331996,0.713042356623281,0.41617855896524847,1.0,0.9999999999970831,0.40948287414169826,0.9651023016689475,0.0,0.5682471456888246,0.43175285431117505
dual_center,9102,OD01,M1_clean,rain_only,0,0,0.0,0.0,12005.227587708212,0.6158876729949946,0.7352218983228338,0.7154665125616892,0.3623269906396666,1.0,,,,,0.9199999999842845,0.08000000000553362
dual_center,9102,OD01,M1_clean,v2_naive,0,0,0.0,0.0,12005.227587708212,0.6158876729949946,0.7352218983228338,0.7154665125616892,0.3623269906396666,1.0,,,,,0.3207014925021356,0.3779899471225494
dual_center,9102,OD01,M1_clean,v2_reliability_universal,0,0,0.0,0.0,12005.227587708212,0.6158876729949946,0.7352218983228338,0.7154665125616892,0.3623269906396666,1.0,0.9999999999944664,0.2494553002840515,0.8141228727504686,0.0,0.5415758833779085,0.45842411662209154
dual_center,9102,OD01,M1_clean,v2_reliability_source_specific,0,0,0.0,0.0,12005.227587708212,0.6158876729949946,0.7352218983228338,0.7154665125616892,0.3623269906396666,1.0,0.9999999999944664,0.21399423209257862,0.6936578172287339,0.0,0.5356657053459963,0.46433429465400367
dual_center,9102,OD02,M1_clean,rain_only,0,0,0.0,0.0,4934.65106276426,0.6291264598445525,0.7257953173079976,0.7151700468640217,0.41617855896524847,1.0,,,,,0.919999999991717,0.08000000000291649
dual_center,9102,OD02,M1_clean,v2_naive,0,0,0.0,0.0,4934.65106276426,0.6291264598445525,0.7257953173079976,0.7151700468640217,0.41617855896524847,1.0,,,,,0.33755652231459327,0.3570788501909049
dual_center,9102,OD02,M1_clean,v2_reliability_universal,0,0,0.0,0.0,4934.65106276426,0.6291264598445525,0.7257953173079976,0.7151700468640217,0.41617855896524847,1.0,0.9999999999970831,0.44482142556289433,1.063784878563353,0.0,0.574136904259024,0.4258630957409758
dual_center,9102,OD02,M1_clean,v2_reliability_source_specific,0,0,0.0,0.0,4934.65106276426,0.6291264598445525,0.7257953173079976,0.7151700468640217,0.41617855896524847,1.0,0.9999999999970831,0.40948287414169826,0.9651023016689475,0.0,0.5682471456888246,0.43175285431117505
dual_center,9102,OD01,M2_water_stale,rain_only,0,60,0.0,0.0,12005.227587708212,0.6158876729949946,0.7352218983228338,0.7154665125616892,0.3623269906396666,1.0,,,,,0.9199999999842845,0.08000000000553362
dual_center,9102,OD01,M2_water_stale,v2_naive,0,60,0.0,0.0,12005.227587708212,0.6158876729949946,0.7352218983228338,0.7154665125616892,0.3623269906396666,1.0,,,,,0.30684858157742656,0.38721738970203123
dual_center,9102,OD01,M2_water_stale,v2_reliability_universal,0,60,0.0,0.0,12005.227587708212,0.6158876729949946,0.7352218983228338,0.7154665125616892,0.3623269906396666,1.0,0.9999999999944664,0.04588473823287561,0.1497495337361658,0.0,0.5076474563693791,0.49235254363062086
dual_center,9102,OD01,M2_water_stale,v2_reliability_source_specific,0,60,0.0,0.0,12005.227587708212,0.6158876729949946,0.7352218983228338,0.7154665125616892,0.3623269906396666,1.0,0.9999999999944664,0.005327072731760876,0.017267594585135118,0.0,0.5008878454525266,0.49911215454747326
dual_center,9102,OD02,M2_water_stale,rain_only,0,60,0.0,0.0,4934.65106276426,0.6291264598445525,0.7257953173079976,0.7151700468640217,0.41617855896524847,1.0,,,,,0.919999999991717,0.08000000000291649
dual_center,9102,OD02,M2_water_stale,v2_naive,0,60,0.0,0.0,4934.65106276426,0.6291264598445525,0.7257953173079976,0.7151700468640217,0.41617855896524847,1.0,,,,,0.31354084525716497,0.3744351884352507
dual_center,9102,OD02,M2_water_stale,v2_reliability_universal,0,60,0.0,0.0,4934.65106276426,0.6291264598445525,0.7257953173079976,0.7151700468640217,0.41617855896524847,1.0,0.9999999999970831,0.0818203287285809,0.1956722933262585,0.0,0.5136367214533051,0.48636327854669464
dual_center,9102,OD02,M2_water_stale,v2_reliability_source_specific,0,60,0.0,0.0,4934.65106276426,0.6291264598445525,0.7257953173079976,0.7151700468640217,0.41617855896524847,1.0,0.9999999999970831,0.010193475925181075,0.024024807137587357,0.0,0.5016989126527385,0.49830108734726125
dual_center,9102,OD01,M3_water_missing,rain_only,0,0,1.0,0.0,12005.227587708212,0.6158876729949946,0.7352218983228338,0.7154665125616892,0.3623269906396666,1.0,,,,,0.9199999999842845,0.08000000000553362
dual_center,9102,OD01,M3_water_missing,v2_naive,0,0,1.0,0.0,12005.227587708212,0.6158876729949946,0.7352218983228338,0.7154665125616892,0.3623269906396666,1.0,,,,,0.29749999999532406,0.4050000000027669
dual_center,9102,OD01,M3_water_missing,v2_reliability_universal,0,0,1.0,0.0,12005.227587708212,0.6158876729949946,0.7352218983228338,0.7154665125616892,0.3623269906396666,1.0,0.9999999999944664,0.0,0.0,0.0,0.4999999999972332,0.5000000000027668
dual_center,9102,OD01,M3_water_missing,v2_reliability_source_specific,0,0,1.0,0.0,12005.227587708212,0.6158876729949946,0.7352218983228338,0.7154665125616892,0.3623269906396666,1.0,0.9999999999944664,0.0,0.0,0.0,0.4999999999972332,0.5000000000027668
dual_center,9102,OD02,M3_water_missing,rain_only,0,0,1.0,0.0,4934.65106276426,0.6291264598445525,0.7257953173079976,0.7151700468640217,0.41617855896524847,1.0,,,,,0.919999999991717,0.08000000000291649
dual_center,9102,OD02,M3_water_missing,v2_naive,0,0,1.0,0.0,4934.65106276426,0.6291264598445525,0.7257953173079976,0.7151700468640217,0.41617855896524847,1.0,,,,,0.29749999999753546,0.4050000000014582
dual_center,9102,OD02,M3_water_missing,v2_reliability_universal,0,0,1.0,0.0,4934.65106276426,0.6291264598445525,0.7257953173079976,0.7151700468640217,0.41617855896524847,1.0,0.9999999999970831,0.0,0.0,0.0,0.49999999999854156,0.5000000000014582
dual_center,9102,OD02,M3_water_missing,v2_reliability_source_specific,0,0,1.0,0.0,4934.65106276426,0.6291264598445525,0.7257953173079976,0.7151700468640217,0.41617855896524847,1.0,0.9999999999970831,0.0,0.0,0.0,0.49999999999854156,0.5000000000014582
dual_center,9102,OD01,M4_water_degraded,rain_only,0,0,0.2,0.15,12005.227587708212,0.6158876729949946,0.7352218983228338,0.7154665125616892,0.3623269906396666,1.0,,,,,0.9199999999842845,0.08000000000553362
dual_center,9102,OD01,M4_water_degraded,v2_naive,0,0,0.2,0.15,12005.227587708212,0.6158876729949946,0.7352218983228338,0.7154665125616892,0.3623269906396666,1.0,,,,,0.31557594780052245,0.38721738970203123
dual_center,9102,OD01,M4_water_degraded,v2_reliability_universal,0,0,0.2,0.15,12005.227587708212,0.6158876729949946,0.7352218983228338,0.7154665125616892,0.3623269906396666,1.0,0.9999999999944664,0.12472765014202575,0.4070614363752343,0.0,0.5207879416875708,0.47921205831242925
dual_center,9102,OD01,M4_water_degraded,v2_reliability_source_specific,0,0,0.2,0.15,12005.227587708212,0.6158876729949946,0.7352218983228338,0.7154665125616892,0.3623269906396666,1.0,0.9999999999944664,0.10699711604628931,0.34682890861436694,0.0,0.5178328526716147,0.4821671473283853
dual_center,9102,OD02,M4_water_degraded,rain_only,0,0,0.2,0.15,4934.65106276426,0.6291264598445525,0.7257953173079976,0.7151700468640217,0.41617855896524847,1.0,,,,,0.919999999991717,0.08000000000291649
dual_center,9102,OD02,M4_water_degraded,v2_naive,0,0,0.2,0.15,4934.65106276426,0.6291264598445525,0.7257953173079976,0.7151700468640217,0.41617855896524847,1.0,,,,,0.328016069891556,0.3744351884352507
dual_center,9102,OD02,M4_water_degraded,v2_reliability_universal,0,0,0.2,0.15,4934.65106276426,0.6291264598445525,0.7257953173079976,0.7151700468640217,0.41617855896524847,1.0,0.9999999999970831,0.22241071278144717,0.5318924392816765,0.0,0.5370684521287828,0.46293154787121704
dual_center,9102,OD02,M4_water_degraded,v2_reliability_source_specific,0,0,0.2,0.15,4934.65106276426,0.6291264598445525,0.7257953173079976,0.7151700468640217,0.41617855896524847,1.0,0.9999999999970831,0.20474143707084913,0.48255115083447375,0.0,0.5341235728436832,0.46587642715631666
dual_center,9102,OD01,M5_rain_stale,rain_only,60,0,0.0,0.0,12026.07407166441,0.6147440243614801,0.7352218983228338,0.7154665125616892,0.34827036411765633,1.0,,,,,0.33844908587192646,0.0800000000055519
dual_center,9102,OD01,M5_rain_stale,v2_naive,60,0,0.0,0.0,12005.227587708212,0.6158876729949946,0.7352218983228338,0.7154665125616892,0.3623269906396666,0.9298119073156934,,,,,0.1241088213933373,0.3779899471225494
dual_center,9102,OD01,M5_rain_stale,v2_reliability_universal,60,0,0.0,0.0,12026.07407166441,0.6147440243614801,0.7352218983228338,0.7154665125616892,0.34827036411765633,1.0,0.3678794411693999,0.2490228843614344,0.82228429205291,0.0,0.22544353464493905,0.7745564653550607
dual_center,9102,OD01,M5_rain_stale,v2_reliability_source_specific,60,0,0.0,0.0,12026.07407166441,0.6147440243614801,0.7352218983228338,0.7154665125616892,0.34827036411765633,1.0,0.3678794411693999,0.21362328582204565,0.7006129309877653,0.0,0.21954360155504088,0.780456398444959
dual_center,9102,OD02,M5_rain_stale,rain_only,60,0,0.0,0.0,4934.65106276426,0.6291264598445525,0.7257953173079976,0.7151700468640217,0.41617855896524847,1.0,,,,,0.3384490858746798,0.08000000000291649
dual_center,9102,OD02,M5_rain_stale,v2_naive,60,0,0.0,0.0,4934.65106276426,0.6291264598445525,0.7257953173079976,0.7151700468640217,0.41617855896524847,1.0,,,,,0.13435468406573944,0.3570788501909049
dual_center,9102,OD02,M5_rain_stale,v2_reliability_universal,60,0,0.0,0.0,4934.65106276426,0.6291264598445525,0.7257953173079976,0.7151700468640217,0.41617855896524847,1.0,0.36787944117036925,0.44482142556289433,1.063784878563353,0.0,0.258076624845667,0.7419233751543327
dual_center,9102,OD02,M5_rain_stale,v2_reliability_source_specific,60,0,0.0,0.0,4934.65106276426,0.6291264598445525,0.7257953173079976,0.7151700468640217,0.41617855896524847,1.0,0.36787944117036925,0.40948287414169826,0.9651023016689475,0.0,0.25218686627546766,0.7478131337245321
dual_center,9102,OD01,M6_disagreement,rain_only,0,0,0.0,0.0,12005.227587708212,0.6158876729949946,0.7352218983228338,0.7154665125616892,0.3623269906396666,1.0,,,,,0.9199999999842845,0.08000000000553362
dual_center,9102,OD01,M6_disagreement,v2_naive,0,0,0.0,0.0,12005.227587708212,0.6158876729949946,0.7352218983228338,0.7154665125616892,0.3623269906396666,1.0,,,,,0.3207014925021356,0.3779899471225494
dual_center,9102,OD01,M6_disagreement,v2_reliability_universal,0,0,0.0,0.0,12005.227587708212,0.6158876729949946,0.7352218983228338,0.7154665125616892,0.3623269906396666,1.0,0.9999999999944664,0.2494553002840515,0.8141228727504686,0.0,0.5415758833779085,0.45842411662209154
dual_center,9102,OD01,M6_disagreement,v2_reliability_source_specific,0,0,0.0,0.0,12005.227587708212,0.6158876729949946,0.7352218983228338,0.7154665125616892,0.3623269906396666,1.0,0.9999999999944664,0.21399423209257862,0.6936578172287339,0.0,0.5356657053459963,0.46433429465400367
dual_center,9102,OD02,M6_disagreement,rain_only,0,0,0.0,0.0,4934.65106276426,0.6291264598445525,0.7257953173079976,0.7151700468640217,0.41617855896524847,1.0,,,,,0.919999999991717,0.08000000000291649
dual_center,9102,OD02,M6_disagreement,v2_naive,0,0,0.0,0.0,4934.65106276426,0.6291264598445525,0.7257953173079976,0.7151700468640217,0.41617855896524847,1.0,,,,,0.33755652231459327,0.3570788501909049
dual_center,9102,OD02,M6_disagreement,v2_reliability_universal,0,0,0.0,0.0,4934.65106276426,0.6291264598445525,0.7257953173079976,0.7151700468640217,0.41617855896524847,1.0,0.9999999999970831,0.44482142556289433,1.063784878563353,0.0,0.574136904259024,0.4258630957409758
dual_center,9102,OD02,M6_disagreement,v2_reliability_source_specific,0,0,0.0,0.0,4934.65106276426,0.6291264598445525,0.7257953173079976,0.7151700468640217,0.41617855896524847,1.0,0.9999999999970831,0.40948287414169826,0.9651023016689475,0.0,0.5682471456888246,0.43175285431117505
dual_center,9103,OD01,M1_clean,rain_only,0,0,0.0,0.0,12005.227587708212,0.6131644839377807,0.7339979862327707,0.7143451808478241,0.36643520464989293,1.0,,,,,0.9199999999842845,0.08000000000553362
dual_center,9103,OD01,M1_clean,v2_naive,0,0,0.0,0.0,12005.227587708212,0.6131644839377807,0.7339979862327707,0.7143451808478241,0.36643520464989293,1.0,,,,,0.3207014925021356,0.3779899471225494
dual_center,9103,OD01,M1_clean,v2_reliability_universal,0,0,0.0,0.0,12005.227587708212,0.6131644839377807,0.7339979862327707,0.7143451808478241,0.36643520464989293,1.0,0.9999999999944664,0.2494553002840515,0.8141228727504686,0.0,0.5415758833779085,0.45842411662209154
dual_center,9103,OD01,M1_clean,v2_reliability_source_specific,0,0,0.0,0.0,12005.227587708212,0.6131644839377807,0.7339979862327707,0.7143451808478241,0.36643520464989293,1.0,0.9999999999944664,0.21399423209257862,0.6936578172287339,0.0,0.5356657053459963,0.46433429465400367
dual_center,9103,OD02,M1_clean,rain_only,0,0,0.0,0.0,4934.65106276426,0.6285878333906678,0.7242283439794073,0.7136073639522681,0.41617855896524847,1.0,,,,,0.919999999991717,0.08000000000291649
dual_center,9103,OD02,M1_clean,v2_naive,0,0,0.0,0.0,4934.65106276426,0.6285878333906678,0.7242283439794073,0.7136073639522681,0.41617855896524847,1.0,,,,,0.33755652231459327,0.3570788501909049
dual_center,9103,OD02,M1_clean,v2_reliability_universal,0,0,0.0,0.0,4934.65106276426,0.6285878333906678,0.7242283439794073,0.7136073639522681,0.41617855896524847,1.0,0.9999999999970831,0.44482142556289433,1.063784878563353,0.0,0.574136904259024,0.4258630957409758
dual_center,9103,OD02,M1_clean,v2_reliability_source_specific,0,0,0.0,0.0,4934.65106276426,0.6285878333906678,0.7242283439794073,0.7136073639522681,0.41617855896524847,1.0,0.9999999999970831,0.40948287414169826,0.9651023016689475,0.0,0.5682471456888246,0.43175285431117505
dual_center,9103,OD01,M2_water_stale,rain_only,0,60,0.0,0.0,12005.227587708212,0.6131644839377807,0.7339979862327707,0.7143451808478241,0.36643520464989293,1.0,,,,,0.9199999999842845,0.08000000000553362
dual_center,9103,OD01,M2_water_stale,v2_naive,0,60,0.0,0.0,12005.227587708212,0.6131644839377807,0.7339979862327707,0.7143451808478241,0.36643520464989293,1.0,,,,,0.30684858157742656,0.38721738970203123
dual_center,9103,OD01,M2_water_stale,v2_reliability_universal,0,60,0.0,0.0,12005.227587708212,0.6131644839377807,0.7339979862327707,0.7143451808478241,0.36643520464989293,1.0,0.9999999999944664,0.04588473823287561,0.1497495337361658,0.0,0.5076474563693791,0.49235254363062086
dual_center,9103,OD01,M2_water_stale,v2_reliability_source_specific,0,60,0.0,0.0,12005.227587708212,0.6131644839377807,0.7339979862327707,0.7143451808478241,0.36643520464989293,1.0,0.9999999999944664,0.005327072731760876,0.017267594585135118,0.0,0.5008878454525266,0.49911215454747326
dual_center,9103,OD02,M2_water_stale,rain_only,0,60,0.0,0.0,4934.65106276426,0.6285878333906678,0.7242283439794073,0.7136073639522681,0.41617855896524847,1.0,,,,,0.919999999991717,0.08000000000291649
dual_center,9103,OD02,M2_water_stale,v2_naive,0,60,0.0,0.0,4934.65106276426,0.6285878333906678,0.7242283439794073,0.7136073639522681,0.41617855896524847,1.0,,,,,0.31354084525716497,0.3744351884352507
dual_center,9103,OD02,M2_water_stale,v2_reliability_universal,0,60,0.0,0.0,4934.65106276426,0.6285878333906678,0.7242283439794073,0.7136073639522681,0.41617855896524847,1.0,0.9999999999970831,0.0818203287285809,0.1956722933262585,0.0,0.5136367214533051,0.48636327854669464
dual_center,9103,OD02,M2_water_stale,v2_reliability_source_specific,0,60,0.0,0.0,4934.65106276426,0.6285878333906678,0.7242283439794073,0.7136073639522681,0.41617855896524847,1.0,0.9999999999970831,0.010193475925181075,0.024024807137587357,0.0,0.5016989126527385,0.49830108734726125
dual_center,9103,OD01,M3_water_missing,rain_only,0,0,1.0,0.0,12005.227587708212,0.6131644839377807,0.7339979862327707,0.7143451808478241,0.36643520464989293,1.0,,,,,0.9199999999842845,0.08000000000553362
dual_center,9103,OD01,M3_water_missing,v2_naive,0,0,1.0,0.0,12005.227587708212,0.6131644839377807,0.7339979862327707,0.7143451808478241,0.36643520464989293,1.0,,,,,0.29749999999532406,0.4050000000027669
dual_center,9103,OD01,M3_water_missing,v2_reliability_universal,0,0,1.0,0.0,12005.227587708212,0.6131644839377807,0.7339979862327707,0.7143451808478241,0.36643520464989293,1.0,0.9999999999944664,0.0,0.0,0.0,0.4999999999972332,0.5000000000027668
dual_center,9103,OD01,M3_water_missing,v2_reliability_source_specific,0,0,1.0,0.0,12005.227587708212,0.6131644839377807,0.7339979862327707,0.7143451808478241,0.36643520464989293,1.0,0.9999999999944664,0.0,0.0,0.0,0.4999999999972332,0.5000000000027668
dual_center,9103,OD02,M3_water_missing,rain_only,0,0,1.0,0.0,4934.65106276426,0.6285878333906678,0.7242283439794073,0.7136073639522681,0.41617855896524847,1.0,,,,,0.919999999991717,0.08000000000291649
dual_center,9103,OD02,M3_water_missing,v2_naive,0,0,1.0,0.0,4934.65106276426,0.6285878333906678,0.7242283439794073,0.7136073639522681,0.41617855896524847,1.0,,,,,0.29749999999753546,0.4050000000014582
dual_center,9103,OD02,M3_water_missing,v2_reliability_universal,0,0,1.0,0.0,4934.65106276426,0.6285878333906678,0.7242283439794073,0.7136073639522681,0.41617855896524847,1.0,0.9999999999970831,0.0,0.0,0.0,0.49999999999854156,0.5000000000014582
dual_center,9103,OD02,M3_water_missing,v2_reliability_source_specific,0,0,1.0,0.0,4934.65106276426,0.6285878333906678,0.7242283439794073,0.7136073639522681,0.41617855896524847,1.0,0.9999999999970831,0.0,0.0,0.0,0.49999999999854156,0.5000000000014582
dual_center,9103,OD01,M4_water_degraded,rain_only,0,0,0.2,0.15,12005.227587708212,0.6131644839377807,0.7339979862327707,0.7143451808478241,0.36643520464989293,1.0,,,,,0.9199999999842845,0.08000000000553362
dual_center,9103,OD01,M4_water_degraded,v2_naive,0,0,0.2,0.15,12005.227587708212,0.6131644839377807,0.7339979862327707,0.7143451808478241,0.36643520464989293,1.0,,,,,0.31518305100258476,0.38721738970203123
dual_center,9103,OD01,M4_water_degraded,v2_reliability_universal,0,0,0.2,0.15,12005.227587708212,0.6131644839377807,0.7339979862327707,0.7143451808478241,0.36643520464989293,1.0,0.9999999999944664,0.12309510464251781,0.4070614363752343,0.0,0.5205158507709862,0.47948414922901383
dual_center,9103,OD01,M4_water_degraded,v2_reliability_source_specific,0,0,0.2,0.15,12005.227587708212,0.6131644839377807,0.7339979862327707,0.7143451808478241,0.36643520464989293,1.0,0.9999999999944664,0.10303154907612068,0.34682890861436694,0.0,0.5171719248432533,0.4828280751567467
dual_center,9103,OD02,M4_water_degraded,rain_only,0,0,0.2,0.15,4934.65106276426,0.6285878333906678,0.7242283439794073,0.7136073639522681,0.41617855896524847,1.0,,,,,0.919999999991717,0.08000000000291649
dual_center,9103,OD02,M4_water_degraded,v2_naive,0,0,0.2,0.15,4934.65106276426,0.6285878333906678,0.7242283439794073,0.7136073639522681,0.41617855896524847,1.0,,,,,0.3233807350939657,0.3744351884352507
dual_center,9103,OD02,M4_water_degraded,v2_reliability_universal,0,0,0.2,0.15,4934.65106276426,0.6285878333906678,0.7242283439794073,0.7136073639522681,0.41617855896524847,1.0,0.9999999999970831,0.195430321189489,0.46010593202254335,0.0,0.5325717201967897,0.46742827980321
dual_center,9103,OD02,M4_water_degraded,v2_reliability_source_specific,0,0,0.2,0.15,4934.65106276426,0.6285878333906678,0.7242283439794073,0.7136073639522681,0.41617855896524847,1.0,0.9999999999970831,0.14784017596121807,0.45981036654086394,0.0,0.5246400293254114,0.4753599706745885
dual_center,9103,OD01,M5_rain_stale,rain_only,60,0,0.0,0.0,12026.07407166441,0.6120698781215766,0.7339979862327707,0.7143451808478241,0.34302378550521695,1.0,,,,,0.33844908587192646,0.0800000000055519
dual_center,9103,OD01,M5_rain_stale,v2_naive,60,0,0.0,0.0,12005.227587708212,0.6131644839377807,0.7339979862327707,0.7143451808478241,0.36643520464989293,0.9298119073156934,,,,,0.1241088213933373,0.3779899471225494
dual_center,9103,OD01,M5_rain_stale,v2_reliability_universal,60,0,0.0,0.0,12026.07407166441,0.6120698781215766,0.7339979862327707,0.7143451808478241,0.34302378550521695,1.0,0.3678794411693999,0.2490228843614344,0.82228429205291,0.0,0.22544353464493905,0.7745564653550607
dual_center,9103,OD01,M5_rain_stale,v2_reliability_source_specific,60,0,0.0,0.0,12026.07407166441,0.6120698781215766,0.7339979862327707,0.7143451808478241,0.34302378550521695,1.0,0.3678794411693999,0.21362328582204565,0.7006129309877653,0.0,0.21954360155504088,0.780456398444959
dual_center,9103,OD02,M5_rain_stale,rain_only,60,0,0.0,0.0,4934.65106276426,0.6285878333906678,0.7242283439794073,0.7136073639522681,0.41617855896524847,1.0,,,,,0.3384490858746798,0.08000000000291649
dual_center,9103,OD02,M5_rain_stale,v2_naive,60,0,0.0,0.0,4934.65106276426,0.6285878333906678,0.7242283439794073,0.7136073639522681,0.41617855896524847,1.0,,,,,0.13435468406573944,0.3570788501909049
dual_center,9103,OD02,M5_rain_stale,v2_reliability_universal,60,0,0.0,0.0,4934.65106276426,0.6285878333906678,0.7242283439794073,0.7136073639522681,0.41617855896524847,1.0,0.36787944117036925,0.44482142556289433,1.063784878563353,0.0,0.258076624845667,0.7419233751543327
dual_center,9103,OD02,M5_rain_stale,v2_reliability_source_specific,60,0,0.0,0.0,4934.65106276426,0.6285878333906678,0.7242283439794073,0.7136073639522681,0.41617855896524847,1.0,0.36787944117036925,0.40948287414169826,0.9651023016689475,0.0,0.25218686627546766,0.7478131337245321
dual_center,9103,OD01,M6_disagreement,rain_only,0,0,0.0,0.0,12005.227587708212,0.6131644839377807,0.7339979862327707,0.7143451808478241,0.36643520464989293,1.0,,,,,0.9199999999842845,0.08000000000553362
dual_center,9103,OD01,M6_disagreement,v2_naive,0,0,0.0,0.0,12005.227587708212,0.6131644839377807,0.7339979862327707,0.7143451808478241,0.36643520464989293,1.0,,,,,0.3207014925021356,0.3779899471225494
dual_center,9103,OD01,M6_disagreement,v2_reliability_universal,0,0,0.0,0.0,12005.227587708212,0.6131644839377807,0.7339979862327707,0.7143451808478241,0.36643520464989293,1.0,0.9999999999944664,0.2494553002840515,0.8141228727504686,0.0,0.5415758833779085,0.45842411662209154
dual_center,9103,OD01,M6_disagreement,v2_reliability_source_specific,0,0,0.0,0.0,12005.227587708212,0.6131644839377807,0.7339979862327707,0.7143451808478241,0.36643520464989293,1.0,0.9999999999944664,0.21399423209257862,0.6936578172287339,0.0,0.5356657053459963,0.46433429465400367
dual_center,9103,OD02,M6_disagreement,rain_only,0,0,0.0,0.0,4934.65106276426,0.6285878333906678,0.7242283439794073,0.7136073639522681,0.41617855896524847,1.0,,,,,0.919999999991717,0.08000000000291649
dual_center,9103,OD02,M6_disagreement,v2_naive,0,0,0.0,0.0,4934.65106276426,0.6285878333906678,0.7242283439794073,0.7136073639522681,0.41617855896524847,1.0,,,,,0.33755652231459327,0.3570788501909049
dual_center,9103,OD02,M6_disagreement,v2_reliability_universal,0,0,0.0,0.0,4934.65106276426,0.6285878333906678,0.7242283439794073,0.7136073639522681,0.41617855896524847,1.0,0.9999999999970831,0.44482142556289433,1.063784878563353,0.0,0.574136904259024,0.4258630957409758
dual_center,9103,OD02,M6_disagreement,v2_reliability_source_specific,0,0,0.0,0.0,4934.65106276426,0.6285878333906678,0.7242283439794073,0.7136073639522681,0.41617855896524847,1.0,0.9999999999970831,0.40948287414169826,0.9651023016689475,0.0,0.5682471456888246,0.43175285431117505
dual_center,9104,OD01,M1_clean,rain_only,0,0,0.0,0.0,12005.227587708212,0.6146468050513745,0.7285323312039507,0.7074051748711424,0.3905401665625581,1.0,,,,,0.9199999999842845,0.08000000000553362
dual_center,9104,OD01,M1_clean,v2_naive,0,0,0.0,0.0,12005.227587708212,0.6146468050513745,0.7285323312039507,0.7074051748711424,0.3905401665625581,1.0,,,,,0.3207014925021356,0.3779899471225494
dual_center,9104,OD01,M1_clean,v2_reliability_universal,0,0,0.0,0.0,12005.227587708212,0.6146468050513745,0.7285323312039507,0.7074051748711424,0.3905401665625581,1.0,0.9999999999944664,0.2494553002840515,0.8141228727504686,0.0,0.5415758833779085,0.45842411662209154
dual_center,9104,OD01,M1_clean,v2_reliability_source_specific,0,0,0.0,0.0,12005.227587708212,0.6146468050513745,0.7285323312039507,0.7074051748711424,0.3905401665625581,1.0,0.9999999999944664,0.21399423209257862,0.6936578172287339,0.0,0.5356657053459963,0.46433429465400367
dual_center,9104,OD02,M1_clean,rain_only,0,0,0.0,0.0,4934.65106276426,0.6319899486635184,0.7235335669079312,0.7126993814389595,0.41617855896524847,1.0,,,,,0.919999999991717,0.08000000000291649
dual_center,9104,OD02,M1_clean,v2_naive,0,0,0.0,0.0,4934.65106276426,0.6319899486635184,0.7235335669079312,0.7126993814389595,0.41617855896524847,1.0,,,,,0.33755652231459327,0.3570788501909049
dual_center,9104,OD02,M1_clean,v2_reliability_universal,0,0,0.0,0.0,4934.65106276426,0.6319899486635184,0.7235335669079312,0.7126993814389595,0.41617855896524847,1.0,0.9999999999970831,0.44482142556289433,1.063784878563353,0.0,0.574136904259024,0.4258630957409758
dual_center,9104,OD02,M1_clean,v2_reliability_source_specific,0,0,0.0,0.0,4934.65106276426,0.6319899486635184,0.7235335669079312,0.7126993814389595,0.41617855896524847,1.0,0.9999999999970831,0.40948287414169826,0.9651023016689475,0.0,0.5682471456888246,0.43175285431117505
dual_center,9104,OD01,M2_water_stale,rain_only,0,60,0.0,0.0,12005.227587708212,0.6146468050513745,0.7285323312039507,0.7074051748711424,0.3905401665625581,1.0,,,,,0.9199999999842845,0.08000000000553362
dual_center,9104,OD01,M2_water_stale,v2_naive,0,60,0.0,0.0,12005.227587708212,0.6146468050513745,0.7285323312039507,0.7074051748711424,0.3905401665625581,1.0,,,,,0.30684858157742656,0.38721738970203123
dual_center,9104,OD01,M2_water_stale,v2_reliability_universal,0,60,0.0,0.0,12005.227587708212,0.6146468050513745,0.7285323312039507,0.7074051748711424,0.3905401665625581,1.0,0.9999999999944664,0.04588473823287561,0.1497495337361658,0.0,0.5076474563693791,0.49235254363062086
dual_center,9104,OD01,M2_water_stale,v2_reliability_source_specific,0,60,0.0,0.0,12005.227587708212,0.6146468050513745,0.7285323312039507,0.7074051748711424,0.3905401665625581,1.0,0.9999999999944664,0.005327072731760876,0.017267594585135118,0.0,0.5008878454525266,0.49911215454747326
dual_center,9104,OD02,M2_water_stale,rain_only,0,60,0.0,0.0,4934.65106276426,0.6319899486635184,0.7235335669079312,0.7126993814389595,0.41617855896524847,1.0,,,,,0.919999999991717,0.08000000000291649
dual_center,9104,OD02,M2_water_stale,v2_naive,0,60,0.0,0.0,4934.65106276426,0.6319899486635184,0.7235335669079312,0.7126993814389595,0.41617855896524847,1.0,,,,,0.31354084525716497,0.3744351884352507
dual_center,9104,OD02,M2_water_stale,v2_reliability_universal,0,60,0.0,0.0,4934.65106276426,0.6319899486635184,0.7235335669079312,0.7126993814389595,0.41617855896524847,1.0,0.9999999999970831,0.0818203287285809,0.1956722933262585,0.0,0.5136367214533051,0.48636327854669464
dual_center,9104,OD02,M2_water_stale,v2_reliability_source_specific,0,60,0.0,0.0,4934.65106276426,0.6319899486635184,0.7235335669079312,0.7126993814389595,0.41617855896524847,1.0,0.9999999999970831,0.010193475925181075,0.024024807137587357,0.0,0.5016989126527385,0.49830108734726125
dual_center,9104,OD01,M3_water_missing,rain_only,0,0,1.0,0.0,12005.227587708212,0.6146468050513745,0.7285323312039507,0.7074051748711424,0.3905401665625581,1.0,,,,,0.9199999999842845,0.08000000000553362
dual_center,9104,OD01,M3_water_missing,v2_naive,0,0,1.0,0.0,12005.227587708212,0.6146468050513745,0.7285323312039507,0.7074051748711424,0.3905401665625581,1.0,,,,,0.29749999999532406,0.4050000000027669
dual_center,9104,OD01,M3_water_missing,v2_reliability_universal,0,0,1.0,0.0,12005.227587708212,0.6146468050513745,0.7285323312039507,0.7074051748711424,0.3905401665625581,1.0,0.9999999999944664,0.0,0.0,0.0,0.4999999999972332,0.5000000000027668
dual_center,9104,OD01,M3_water_missing,v2_reliability_source_specific,0,0,1.0,0.0,12005.227587708212,0.6146468050513745,0.7285323312039507,0.7074051748711424,0.3905401665625581,1.0,0.9999999999944664,0.0,0.0,0.0,0.4999999999972332,0.5000000000027668
dual_center,9104,OD02,M3_water_missing,rain_only,0,0,1.0,0.0,4934.65106276426,0.6319899486635184,0.7235335669079312,0.7126993814389595,0.41617855896524847,1.0,,,,,0.919999999991717,0.08000000000291649
dual_center,9104,OD02,M3_water_missing,v2_naive,0,0,1.0,0.0,4934.65106276426,0.6319899486635184,0.7235335669079312,0.7126993814389595,0.41617855896524847,1.0,,,,,0.29749999999753546,0.4050000000014582
dual_center,9104,OD02,M3_water_missing,v2_reliability_universal,0,0,1.0,0.0,4934.65106276426,0.6319899486635184,0.7235335669079312,0.7126993814389595,0.41617855896524847,1.0,0.9999999999970831,0.0,0.0,0.0,0.49999999999854156,0.5000000000014582
dual_center,9104,OD02,M3_water_missing,v2_reliability_source_specific,0,0,1.0,0.0,4934.65106276426,0.6319899486635184,0.7235335669079312,0.7126993814389595,0.41617855896524847,1.0,0.9999999999970831,0.0,0.0,0.0,0.49999999999854156,0.5000000000014582
dual_center,9104,OD01,M4_water_degraded,rain_only,0,0,0.2,0.15,12005.227587708212,0.6146468050513745,0.7285323312039507,0.7074051748711424,0.3905401665625581,1.0,,,,,0.9199999999842845,0.08000000000553362
dual_center,9104,OD01,M4_water_degraded,v2_naive,0,0,0.2,0.15,12005.227587708212,0.6146468050513745,0.7285323312039507,0.7074051748711424,0.3905401665625581,1.0,,,,,0.31557594780052245,0.38721738970203123
dual_center,9104,OD01,M4_water_degraded,v2_reliability_universal,0,0,0.2,0.15,12005.227587708212,0.6146468050513745,0.7285323312039507,0.7074051748711424,0.3905401665625581,1.0,0.9999999999944664,0.12472765014202575,0.4070614363752343,0.0,0.5207879416875708,0.47921205831242925
dual_center,9104,OD01,M4_water_degraded,v2_reliability_source_specific,0,0,0.2,0.15,12005.227587708212,0.6146468050513745,0.7285323312039507,0.7074051748711424,0.3905401665625581,1.0,0.9999999999944664,0.10699711604628931,0.34682890861436694,0.0,0.5178328526716147,0.4821671473283853
dual_center,9104,OD02,M4_water_degraded,rain_only,0,0,0.2,0.15,4934.65106276426,0.6319899486635184,0.7235335669079312,0.7126993814389595,0.41617855896524847,1.0,,,,,0.919999999991717,0.08000000000291649
dual_center,9104,OD02,M4_water_degraded,v2_naive,0,0,0.2,0.15,4934.65106276426,0.6319899486635184,0.7235335669079312,0.7126993814389595,0.41617855896524847,1.0,,,,,0.328016069891556,0.3744351884352507
dual_center,9104,OD02,M4_water_degraded,v2_reliability_universal,0,0,0.2,0.15,4934.65106276426,0.6319899486635184,0.7235335669079312,0.7126993814389595,0.41617855896524847,1.0,0.9999999999970831,0.22241071278144717,0.5318924392816765,0.0,0.5370684521287828,0.46293154787121704
dual_center,9104,OD02,M4_water_degraded,v2_reliability_source_specific,0,0,0.2,0.15,4934.65106276426,0.6319899486635184,0.7235335669079312,0.7126993814389595,0.41617855896524847,1.0,0.9999999999970831,0.20474143707084913,0.48255115083447375,0.0,0.5341235728436832,0.46587642715631666
dual_center,9104,OD01,M5_rain_stale,rain_only,60,0,0.0,0.0,12026.07407166441,0.6135880119858036,0.7285323312039507,0.7074051748711424,0.3670869629004425,1.0,,,,,0.33844908587192646,0.0800000000055519
dual_center,9104,OD01,M5_rain_stale,v2_naive,60,0,0.0,0.0,12005.227587708212,0.6146468050513745,0.7285323312039507,0.7074051748711424,0.3905401665625581,0.9298119073156934,,,,,0.1241088213933373,0.3779899471225494
dual_center,9104,OD01,M5_rain_stale,v2_reliability_universal,60,0,0.0,0.0,12026.07407166441,0.6135880119858036,0.7285323312039507,0.7074051748711424,0.3670869629004425,1.0,0.3678794411693999,0.2490228843614344,0.82228429205291,0.0,0.22544353464493905,0.7745564653550607
dual_center,9104,OD01,M5_rain_stale,v2_reliability_source_specific,60,0,0.0,0.0,12026.07407166441,0.6135880119858036,0.7285323312039507,0.7074051748711424,0.3670869629004425,1.0,0.3678794411693999,0.21362328582204565,0.7006129309877653,0.0,0.21954360155504088,0.780456398444959
dual_center,9104,OD02,M5_rain_stale,rain_only,60,0,0.0,0.0,4934.65106276426,0.6319899486635184,0.7235335669079312,0.7126993814389595,0.41617855896524847,1.0,,,,,0.3384490858746798,0.08000000000291649
dual_center,9104,OD02,M5_rain_stale,v2_naive,60,0,0.0,0.0,4934.65106276426,0.6319899486635184,0.7235335669079312,0.7126993814389595,0.41617855896524847,1.0,,,,,0.13435468406573944,0.3570788501909049
dual_center,9104,OD02,M5_rain_stale,v2_reliability_universal,60,0,0.0,0.0,4934.65106276426,0.6319899486635184,0.7235335669079312,0.7126993814389595,0.41617855896524847,1.0,0.36787944117036925,0.44482142556289433,1.063784878563353,0.0,0.258076624845667,0.7419233751543327
dual_center,9104,OD02,M5_rain_stale,v2_reliability_source_specific,60,0,0.0,0.0,4934.65106276426,0.6319899486635184,0.7235335669079312,0.7126993814389595,0.41617855896524847,1.0,0.36787944117036925,0.40948287414169826,0.9651023016689475,0.0,0.25218686627546766,0.7478131337245321
dual_center,9104,OD01,M6_disagreement,rain_only,0,0,0.0,0.0,12005.227587708212,0.6146468050513745,0.7285323312039507,0.7074051748711424,0.3905401665625581,1.0,,,,,0.9199999999842845,0.08000000000553362
dual_center,9104,OD01,M6_disagreement,v2_naive,0,0,0.0,0.0,12005.227587708212,0.6146468050513745,0.7285323312039507,0.7074051748711424,0.3905401665625581,1.0,,,,,0.3207014925021356,0.3779899471225494
dual_center,9104,OD01,M6_disagreement,v2_reliability_universal,0,0,0.0,0.0,12005.227587708212,0.6146468050513745,0.7285323312039507,0.7074051748711424,0.3905401665625581,1.0,0.9999999999944664,0.2494553002840515,0.8141228727504686,0.0,0.5415758833779085,0.45842411662209154
dual_center,9104,OD01,M6_disagreement,v2_reliability_source_specific,0,0,0.0,0.0,12005.227587708212,0.6146468050513745,0.7285323312039507,0.7074051748711424,0.3905401665625581,1.0,0.9999999999944664,0.21399423209257862,0.6936578172287339,0.0,0.5356657053459963,0.46433429465400367
dual_center,9104,OD02,M6_disagreement,rain_only,0,0,0.0,0.0,4934.65106276426,0.6319899486635184,0.7235335669079312,0.7126993814389595,0.41617855896524847,1.0,,,,,0.919999999991717,0.08000000000291649
dual_center,9104,OD02,M6_disagreement,v2_naive,0,0,0.0,0.0,4934.65106276426,0.6319899486635184,0.7235335669079312,0.7126993814389595,0.41617855896524847,1.0,,,,,0.33755652231459327,0.3570788501909049
dual_center,9104,OD02,M6_disagreement,v2_reliability_universal,0,0,0.0,0.0,4934.65106276426,0.6319899486635184,0.7235335669079312,0.7126993814389595,0.41617855896524847,1.0,0.9999999999970831,0.44482142556289433,1.063784878563353,0.0,0.574136904259024,0.4258630957409758
dual_center,9104,OD02,M6_disagreement,v2_reliability_source_specific,0,0,0.0,0.0,4934.65106276426,0.6319899486635184,0.7235335669079312,0.7126993814389595,0.41617855896524847,1.0,0.9999999999970831,0.40948287414169826,0.9651023016689475,0.0,0.5682471456888246,0.43175285431117505
anisotropic_band,9101,OD01,M1_clean,rain_only,0,0,0.0,0.0,11795.538521401335,0.5482383969037051,0.6870426385515489,0.6779469826425881,0.17094443217184616,1.0,,,,,0.9199999999858336,0.08000000000498818
anisotropic_band,9101,OD01,M1_clean,v2_naive,0,0,0.0,0.0,11795.538521401335,0.5482383969037051,0.6870426385515489,0.6779469826425881,0.17094443217184616,1.0,,,,,0.36138267579395456,0.34819504316332317
anisotropic_band,9101,OD01,M1_clean,v2_reliability_universal,0,0,0.0,0.0,11795.538521401335,0.5482383969037051,0.6870426385515489,0.6779469826425881,0.17094443217184616,1.0,0.9999999999950119,0.5270196351760078,1.2300062355203125,0.0,0.5878366058601739,0.4121633941398262
anisotropic_band,9101,OD01,M1_clean,v2_reliability_source_specific,0,0,0.0,0.0,11795.538521401335,0.5482383969037051,0.6870426385515489,0.6779469826425881,0.17094443217184616,1.0,0.9999999999950119,0.4624574882958445,1.0874665882905055,0.0,0.5770762480468135,0.4229237519531867
anisotropic_band,9101,OD02,M1_clean,rain_only,0,0,0.0,0.0,5435.052372866004,0.4225931694492436,0.612737275205058,0.5218775461408007,0.0,1.0,,,,,0.9199999999864859,0.08000000000475845
anisotropic_band,9101,OD02,M1_clean,v2_naive,0,0,0.0,0.0,5374.124282283249,0.42801715617525826,0.612737275205058,0.5218775461408007,0.0,0.5354455583444488,,,,,0.3573395913057338,0.3537511662486173
anisotropic_band,9101,OD02,M1_clean,v2_reliability_universal,0,0,0.0,0.0,5411.6191830311855,0.42527394046340355,0.612737275205058,0.5218775461408007,0.0,0.8367604671503477,0.9999999999951829,0.5112404504985136,1.8687677638875015,0.0,0.5852067417473437,0.4147932582526564
anisotropic_band,9101,OD02,M1_clean,v2_reliability_source_specific,0,0,0.0,0.0,5411.6191830311855,0.42527394046340355,0.612737275205058,0.5218775461408007,0.0,0.8367604671503477,0.9999999999951829,0.5112404504985136,1.8687677638875015,0.0,0.5852067417473437,0.4147932582526564
anisotropic_band,9101,OD01,M2_water_stale,rain_only,0,60,0.0,0.0,11795.538521401335,0.5482383969037051,0.6870426385515489,0.6779469826425881,0.17094443217184616,1.0,,,,,0.9199999999858336,0.08000000000498818
anisotropic_band,9101,OD01,M2_water_stale,v2_naive,0,60,0.0,0.0,11795.538521401335,0.5482383969037051,0.6870426385515489,0.6779469826425881,0.17094443217184616,1.0,,,,,0.3200519761043275,0.36326297118091994
anisotropic_band,9101,OD01,M2_water_stale,v2_reliability_universal,0,60,0.0,0.0,11795.538521401335,0.5482383969037051,0.6870426385515489,0.6779469826425881,0.17094443217184616,1.0,0.9999999999950119,0.09693984443746358,0.22624700328030103,0.0,0.5161566407370832,0.4838433592629169
anisotropic_band,9101,OD01,M2_water_stale,v2_reliability_source_specific,0,60,0.0,0.0,11795.538521401335,0.5482383969037051,0.6870426385515489,0.6779469826425881,0.17094443217184616,1.0,0.9999999999950119,0.011512201293507926,0.027070886689493576,0.0,0.5019187002130907,0.49808129978690946
anisotropic_band,9101,OD02,M2_water_stale,rain_only,0,60,0.0,0.0,5435.052372866004,0.4225931694492436,0.612737275205058,0.5218775461408007,0.0,1.0,,,,,0.9199999999864859,0.08000000000475845
anisotropic_band,9101,OD02,M2_water_stale,v2_naive,0,60,0.0,0.0,5374.124282283249,0.42801715617525826,0.612737275205058,0.5218775461408007,0.0,0.5354455583444488,,,,,0.3175835235047241,0.3680710536264961
anisotropic_band,9101,OD02,M2_water_stale,v2_reliability_universal,0,60,0.0,0.0,5435.052372866004,0.4225931694492436,0.612737275205058,0.5218775461408007,0.0,1.0,0.9999999999952413,0.09556879771737006,0.34374062032907005,0.0,0.5159281329505156,0.4840718670494842
anisotropic_band,9101,OD02,M2_water_stale,v2_reliability_source_specific,0,60,0.0,0.0,5435.052372866004,0.4225931694492436,0.612737275205058,0.5218775461408007,0.0,1.0,0.9999999999952413,0.012933830307662821,0.04652023421216364,0.0,0.5021556383822311,0.49784436161776874
anisotropic_band,9101,OD01,M3_water_missing,rain_only,0,0,1.0,0.0,11795.538521401335,0.5482383969037051,0.6870426385515489,0.6779469826425881,0.17094443217184616,1.0,,,,,0.9199999999858336,0.08000000000498818
anisotropic_band,9101,OD01,M3_water_missing,v2_naive,0,0,1.0,0.0,11795.538521401335,0.5482383969037051,0.6870426385515489,0.6779469826425881,0.17094443217184616,1.0,,,,,0.29749999999578497,0.4050000000024942
anisotropic_band,9101,OD01,M3_water_missing,v2_reliability_universal,0,0,1.0,0.0,11795.538521401335,0.5482383969037051,0.6870426385515489,0.6779469826425881,0.17094443217184616,1.0,0.9999999999950119,0.0,0.0,0.0,0.49999999999750594,0.5000000000024941
anisotropic_band,9101,OD01,M3_water_missing,v2_reliability_source_specific,0,0,1.0,0.0,11795.538521401335,0.5482383969037051,0.6870426385515489,0.6779469826425881,0.17094443217184616,1.0,0.9999999999950119,0.0,0.0,0.0,0.49999999999750594,0.5000000000024941
anisotropic_band,9101,OD02,M3_water_missing,rain_only,0,0,1.0,0.0,5435.052372866004,0.4225931694492436,0.612737275205058,0.5218775461408007,0.0,1.0,,,,,0.9199999999864859,0.08000000000475845
anisotropic_band,9101,OD02,M3_water_missing,v2_naive,0,0,1.0,0.0,5374.124282283249,0.42801715617525826,0.612737275205058,0.5218775461408007,0.0,0.5354455583444488,,,,,0.2974999999954244,0.4050000000027073
anisotropic_band,9101,OD02,M3_water_missing,v2_reliability_universal,0,0,1.0,0.0,5435.052372866004,0.4225931694492436,0.612737275205058,0.5218775461408007,0.0,1.0,0.9999999999952413,0.0,0.0,0.0,0.4999999999976206,0.5000000000023791
anisotropic_band,9101,OD02,M3_water_missing,v2_reliability_source_specific,0,0,1.0,0.0,5435.052372866004,0.4225931694492436,0.612737275205058,0.5218775461408007,0.0,1.0,0.9999999999952413,0.0,0.0,0.0,0.4999999999976206,0.5000000000023791
anisotropic_band,9101,OD01,M4_water_degraded,rain_only,0,0,0.2,0.15,11795.538521401335,0.5482383969037051,0.6870426385515489,0.6779469826425881,0.17094443217184616,1.0,,,,,0.9199999999858336,0.08000000000498818
anisotropic_band,9101,OD01,M4_water_degraded,v2_naive,0,0,0.2,0.15,11795.538521401335,0.5482383969037051,0.6870426385515489,0.6779469826425881,0.17094443217184616,1.0,,,,,0.35218174649821316,0.36326297118091994
anisotropic_band,9101,OD01,M4_water_degraded,v2_reliability_universal,0,0,0.2,0.15,11795.538521401335,0.5482383969037051,0.6870426385515489,0.6779469826425881,0.17094443217184616,1.0,0.9999999999950119,0.2635098175880039,0.6150031177601563,0.0,0.54391830292884,0.4560816970711601
anisotropic_band,9101,OD01,M4_water_degraded,v2_reliability_source_specific,0,0,0.2,0.15,11795.538521401335,0.5482383969037051,0.6870426385515489,0.6779469826425881,0.17094443217184616,1.0,0.9999999999950119,0.23122874414792224,0.5437332941452527,0.0,0.5385381240221597,0.4614618759778404
anisotropic_band,9101,OD02,M4_water_degraded,rain_only,0,0,0.2,0.15,5435.052372866004,0.4225931694492436,0.612737275205058,0.5218775461408007,0.0,1.0,,,,,0.9199999999864859,0.08000000000475845
anisotropic_band,9101,OD02,M4_water_degraded,v2_naive,0,0,0.2,0.15,5374.124282283249,0.42801715617525826,0.612737275205058,0.5218775461408007,0.0,0.5354455583444488,,,,,0.34848396819194805,0.3680710536264961
anisotropic_band,9101,OD02,M4_water_degraded,v2_reliability_universal,0,0,0.2,0.15,5411.6191830311855,0.42527394046340355,0.612737275205058,0.5218775461408007,0.0,0.8367604671503477,0.9999999999951829,0.2556202252492568,0.9343838819437508,0.0,0.5426033708724676,0.4573966291275325
anisotropic_band,9101,OD02,M4_water_degraded,v2_reliability_source_specific,0,0,0.2,0.15,5411.6191830311855,0.42527394046340355,0.612737275205058,0.5218775461408007,0.0,0.8367604671503477,0.9999999999951829,0.2556202252492568,0.9343838819437508,0.0,0.5426033708724676,0.4573966291275325
anisotropic_band,9101,OD01,M5_rain_stale,rain_only,60,0,0.0,0.0,12026.07407166441,0.5492052826599815,0.7112191482346447,0.6844436135110155,0.1115744518377391,1.0,,,,,0.33844908587192646,0.0800000000055519
anisotropic_band,9101,OD01,M5_rain_stale,v2_naive,60,0,0.0,0.0,12026.07407166441,0.5492052826599815,0.7112191482346447,0.6844436135110155,0.1115744518377391,1.0,,,,,0.12408340102971795,0.37803676744236264
anisotropic_band,9101,OD01,M5_rain_stale,v2_reliability_universal,60,0,0.0,0.0,11795.538521401335,0.5482383969037051,0.6870426385515489,0.6779469826425881,0.17094443217184616,0.10519029111160601,0.3678794411696073,0.5270196351760078,1.2300062355203125,0.0,0.2717763264474716,0.7282236735525284
anisotropic_band,9101,OD01,M5_rain_stale,v2_reliability_source_specific,60,0,0.0,0.0,11795.538521401335,0.5482383969037051,0.6870426385515489,0.6779469826425881,0.17094443217184616,0.10519029111160601,0.3678794411696073,0.4624574882958445,1.0874665882905055,0.0,0.26101596863411103,0.738984031365889
anisotropic_band,9101,OD02,M5_rain_stale,rain_only,60,0,0.0,0.0,4936.13225699163,0.48496834464981486,0.630234609830549,0.6228591677765277,0.0,1.0,,,,,0.33844908587453204,0.08000000000305797
anisotropic_band,9101,OD02,M5_rain_stale,v2_naive,60,0,0.0,0.0,4934.65106276426,0.4850852790738519,0.630234609830549,0.6119960761394971,0.0,0.7686259578269142,,,,,0.13435468406573944,0.3570788501909049
anisotropic_band,9101,OD02,M5_rain_stale,v2_reliability_universal,60,0,0.0,0.0,4936.13225699163,0.48496834464981486,0.630234609830549,0.6228591677765277,0.0,1.0,0.3678794411703173,0.44468794718479354,1.0631659715492991,0.0,0.25805437844929086,0.741945621550709
anisotropic_band,9101,OD02,M5_rain_stale,v2_reliability_source_specific,60,0,0.0,0.0,4936.13225699163,0.48496834464981486,0.630234609830549,0.6228591677765277,0.0,1.0,0.3678794411703173,0.40935999986730526,0.9645121512134229,0.0,0.2521663872297095,0.7478336127702903
anisotropic_band,9101,OD01,M6_disagreement,rain_only,0,0,0.0,0.0,11795.538521401335,0.5482383969037051,0.6870426385515489,0.6779469826425881,0.17094443217184616,1.0,,,,,0.9199999999858336,0.08000000000498818
anisotropic_band,9101,OD01,M6_disagreement,v2_naive,0,0,0.0,0.0,11795.538521401335,0.5482383969037051,0.6870426385515489,0.6779469826425881,0.17094443217184616,1.0,,,,,0.36138267579395456,0.34819504316332317
anisotropic_band,9101,OD01,M6_disagreement,v2_reliability_universal,0,0,0.0,0.0,11795.538521401335,0.5482383969037051,0.6870426385515489,0.6779469826425881,0.17094443217184616,1.0,0.9999999999950119,0.5270196351760078,1.2300062355203125,0.0,0.5878366058601739,0.4121633941398262
anisotropic_band,9101,OD01,M6_disagreement,v2_reliability_source_specific,0,0,0.0,0.0,11795.538521401335,0.5482383969037051,0.6870426385515489,0.6779469826425881,0.17094443217184616,1.0,0.9999999999950119,0.4624574882958445,1.0874665882905055,0.0,0.5770762480468135,0.4229237519531867
anisotropic_band,9101,OD02,M6_disagreement,rain_only,0,0,0.0,0.0,5435.052372866004,0.4225931694492436,0.612737275205058,0.5218775461408007,0.0,1.0,,,,,0.9199999999864859,0.08000000000475845
anisotropic_band,9101,OD02,M6_disagreement,v2_naive,0,0,0.0,0.0,5374.124282283249,0.42801715617525826,0.612737275205058,0.5218775461408007,0.0,0.5354455583444488,,,,,0.3573395913057338,0.3537511662486173
anisotropic_band,9101,OD02,M6_disagreement,v2_reliability_universal,0,0,0.0,0.0,5411.6191830311855,0.42527394046340355,0.612737275205058,0.5218775461408007,0.0,0.8367604671503477,0.9999999999951829,0.5112404504985136,1.8687677638875015,0.0,0.5852067417473437,0.4147932582526564
anisotropic_band,9101,OD02,M6_disagreement,v2_reliability_source_specific,0,0,0.0,0.0,5411.6191830311855,0.42527394046340355,0.612737275205058,0.5218775461408007,0.0,0.8367604671503477,0.9999999999951829,0.5112404504985136,1.8687677638875015,0.0,0.5852067417473437,0.4147932582526564
anisotropic_band,9102,OD01,M1_clean,rain_only,0,0,0.0,0.0,11795.538521401335,0.5489465202647668,0.6872199880742588,0.6782489427532524,0.17094443217184616,1.0,,,,,0.9199999999858336,0.08000000000498818
anisotropic_band,9102,OD01,M1_clean,v2_naive,0,0,0.0,0.0,11795.538521401335,0.5489465202647668,0.6872199880742588,0.6782489427532524,0.17094443217184616,1.0,,,,,0.36138267579395456,0.34819504316332317
anisotropic_band,9102,OD01,M1_clean,v2_reliability_universal,0,0,0.0,0.0,11795.538521401335,0.5489465202647668,0.6872199880742588,0.6782489427532524,0.17094443217184616,1.0,0.9999999999950119,0.5270196351760078,1.2300062355203125,0.0,0.5878366058601739,0.4121633941398262
anisotropic_band,9102,OD01,M1_clean,v2_reliability_source_specific,0,0,0.0,0.0,11795.538521401335,0.5489465202647668,0.6872199880742588,0.6782489427532524,0.17094443217184616,1.0,0.9999999999950119,0.4624574882958445,1.0874665882905055,0.0,0.5770762480468135,0.4229237519531867
anisotropic_band,9102,OD02,M1_clean,rain_only,0,0,0.0,0.0,5435.052372866004,0.4247127502726747,0.6072686519132745,0.5180083618990932,0.0,1.0,,,,,0.9199999999864859,0.08000000000475845
anisotropic_band,9102,OD02,M1_clean,v2_naive,0,0,0.0,0.0,5374.124282283249,0.4300151279057779,0.6072686519132745,0.5180083618990932,0.0,0.5354455583444488,,,,,0.3573395913057338,0.3537511662486173
anisotropic_band,9102,OD02,M1_clean,v2_reliability_universal,0,0,0.0,0.0,5411.6191830311855,0.4272569445636618,0.6072686519132745,0.5180083618990932,0.0,0.8367604671503477,0.9999999999951829,0.5112404504985136,1.8687677638875015,0.0,0.5852067417473437,0.4147932582526564
anisotropic_band,9102,OD02,M1_clean,v2_reliability_source_specific,0,0,0.0,0.0,5411.6191830311855,0.4272569445636618,0.6072686519132745,0.5180083618990932,0.0,0.8367604671503477,0.9999999999951829,0.5112404504985136,1.8687677638875015,0.0,0.5852067417473437,0.4147932582526564
anisotropic_band,9102,OD01,M2_water_stale,rain_only,0,60,0.0,0.0,11795.538521401335,0.5489465202647668,0.6872199880742588,0.6782489427532524,0.17094443217184616,1.0,,,,,0.9199999999858336,0.08000000000498818
anisotropic_band,9102,OD01,M2_water_stale,v2_naive,0,60,0.0,0.0,11795.538521401335,0.5489465202647668,0.6872199880742588,0.6782489427532524,0.17094443217184616,1.0,,,,,0.3200519761043275,0.36326297118091994
anisotropic_band,9102,OD01,M2_water_stale,v2_reliability_universal,0,60,0.0,0.0,11795.538521401335,0.5489465202647668,0.6872199880742588,0.6782489427532524,0.17094443217184616,1.0,0.9999999999950119,0.09693984443746358,0.22624700328030103,0.0,0.5161566407370832,0.4838433592629169
anisotropic_band,9102,OD01,M2_water_stale,v2_reliability_source_specific,0,60,0.0,0.0,11795.538521401335,0.5489465202647668,0.6872199880742588,0.6782489427532524,0.17094443217184616,1.0,0.9999999999950119,0.011512201293507926,0.027070886689493576,0.0,0.5019187002130907,0.49808129978690946
anisotropic_band,9102,OD02,M2_water_stale,rain_only,0,60,0.0,0.0,5435.052372866004,0.4247127502726747,0.6072686519132745,0.5180083618990932,0.0,1.0,,,,,0.9199999999864859,0.08000000000475845
anisotropic_band,9102,OD02,M2_water_stale,v2_naive,0,60,0.0,0.0,5374.124282283249,0.4300151279057779,0.6072686519132745,0.5180083618990932,0.0,0.5354455583444488,,,,,0.3175835235047241,0.3680710536264961
anisotropic_band,9102,OD02,M2_water_stale,v2_reliability_universal,0,60,0.0,0.0,5435.052372866004,0.4247127502726747,0.6072686519132745,0.5180083618990932,0.0,1.0,0.9999999999952413,0.09556879771737006,0.34374062032907005,0.0,0.5159281329505156,0.4840718670494842
anisotropic_band,9102,OD02,M2_water_stale,v2_reliability_source_specific,0,60,0.0,0.0,5435.052372866004,0.4247127502726747,0.6072686519132745,0.5180083618990932,0.0,1.0,0.9999999999952413,0.012933830307662821,0.04652023421216364,0.0,0.5021556383822311,0.49784436161776874
anisotropic_band,9102,OD01,M3_water_missing,rain_only,0,0,1.0,0.0,11795.538521401335,0.5489465202647668,0.6872199880742588,0.6782489427532524,0.17094443217184616,1.0,,,,,0.9199999999858336,0.08000000000498818
anisotropic_band,9102,OD01,M3_water_missing,v2_naive,0,0,1.0,0.0,11795.538521401335,0.5489465202647668,0.6872199880742588,0.6782489427532524,0.17094443217184616,1.0,,,,,0.29749999999578497,0.4050000000024942
anisotropic_band,9102,OD01,M3_water_missing,v2_reliability_universal,0,0,1.0,0.0,11795.538521401335,0.5489465202647668,0.6872199880742588,0.6782489427532524,0.17094443217184616,1.0,0.9999999999950119,0.0,0.0,0.0,0.49999999999750594,0.5000000000024941
anisotropic_band,9102,OD01,M3_water_missing,v2_reliability_source_specific,0,0,1.0,0.0,11795.538521401335,0.5489465202647668,0.6872199880742588,0.6782489427532524,0.17094443217184616,1.0,0.9999999999950119,0.0,0.0,0.0,0.49999999999750594,0.5000000000024941
anisotropic_band,9102,OD02,M3_water_missing,rain_only,0,0,1.0,0.0,5435.052372866004,0.4247127502726747,0.6072686519132745,0.5180083618990932,0.0,1.0,,,,,0.9199999999864859,0.08000000000475845
anisotropic_band,9102,OD02,M3_water_missing,v2_naive,0,0,1.0,0.0,5374.124282283249,0.4300151279057779,0.6072686519132745,0.5180083618990932,0.0,0.5354455583444488,,,,,0.2974999999954244,0.4050000000027073
anisotropic_band,9102,OD02,M3_water_missing,v2_reliability_universal,0,0,1.0,0.0,5435.052372866004,0.4247127502726747,0.6072686519132745,0.5180083618990932,0.0,1.0,0.9999999999952413,0.0,0.0,0.0,0.4999999999976206,0.5000000000023791
anisotropic_band,9102,OD02,M3_water_missing,v2_reliability_source_specific,0,0,1.0,0.0,5435.052372866004,0.4247127502726747,0.6072686519132745,0.5180083618990932,0.0,1.0,0.9999999999952413,0.0,0.0,0.0,0.4999999999976206,0.5000000000023791
anisotropic_band,9102,OD01,M4_water_degraded,rain_only,0,0,0.2,0.15,11795.538521401335,0.5489465202647668,0.6872199880742588,0.6782489427532524,0.17094443217184616,1.0,,,,,0.9199999999858336,0.08000000000498818
anisotropic_band,9102,OD01,M4_water_degraded,v2_naive,0,0,0.2,0.15,11795.538521401335,0.5489465202647668,0.6872199880742588,0.6782489427532524,0.17094443217184616,1.0,,,,,0.35206889685968323,0.36326297118091994
anisotropic_band,9102,OD01,M4_water_degraded,v2_reliability_universal,0,0,0.2,0.15,11795.538521401335,0.5489465202647668,0.6872199880742588,0.6782489427532524,0.17094443217184616,1.0,0.9999999999950119,0.26291761395207897,0.6150031177601563,0.0,0.5438196023228524,0.4561803976771477
anisotropic_band,9102,OD01,M4_water_degraded,v2_reliability_source_specific,0,0,0.2,0.15,11795.538521401335,0.5489465202647668,0.6872199880742588,0.6782489427532524,0.17094443217184616,1.0,0.9999999999950119,0.22985773804884332,0.5437332941452527,0.0,0.5383096230056466,0.4616903769943535
anisotropic_band,9102,OD02,M4_water_degraded,rain_only,0,0,0.2,0.15,5435.052372866004,0.4247127502726747,0.6072686519132745,0.5180083618990932,0.0,1.0,,,,,0.9199999999864859,0.08000000000475845
anisotropic_band,9102,OD02,M4_water_degraded,v2_naive,0,0,0.2,0.15,5374.124282283249,0.4300151279057779,0.6072686519132745,0.5180083618990932,0.0,0.5354455583444488,,,,,0.34848396819194805,0.3680710536264961
anisotropic_band,9102,OD02,M4_water_degraded,v2_reliability_universal,0,0,0.2,0.15,5435.052372866004,0.4247127502726747,0.6072686519132745,0.5180083618990932,0.0,1.0,0.9999999999952413,0.2597829262028053,0.9343838819437508,0.0,0.5432971543647549,0.45670284563524494
anisotropic_band,9102,OD02,M4_water_degraded,v2_reliability_source_specific,0,0,0.2,0.15,5435.052372866004,0.4247127502726747,0.6072686519132745,0.5180083618990932,0.0,1.0,0.9999999999952413,0.2597829262028053,0.9343838819437508,0.0,0.5432971543647549,0.45670284563524494
anisotropic_band,9102,OD01,M5_rain_stale,rain_only,60,0,0.0,0.0,12026.07407166441,0.5504611613181097,0.7112645274858864,0.6845068346676126,0.1115744518377391,1.0,,,,,0.33844908587192646,0.0800000000055519
anisotropic_band,9102,OD01,M5_rain_stale,v2_naive,60,0,0.0,0.0,12026.07407166441,0.5504611613181097,0.7112645274858864,0.6845068346676126,0.1115744518377391,1.0,,,,,0.12408340102971795,0.37803676744236264
anisotropic_band,9102,OD01,M5_rain_stale,v2_reliability_universal,60,0,0.0,0.0,11795.538521401335,0.5489465202647668,0.6872199880742588,0.6782489427532524,0.17094443217184616,0.10519029111160601,0.3678794411696073,0.5270196351760078,1.2300062355203125,0.0,0.2717763264474716,0.7282236735525284
anisotropic_band,9102,OD01,M5_rain_stale,v2_reliability_source_specific,60,0,0.0,0.0,11795.538521401335,0.5489465202647668,0.6872199880742588,0.6782489427532524,0.17094443217184616,0.10519029111160601,0.3678794411696073,0.4624574882958445,1.0874665882905055,0.0,0.26101596863411103,0.738984031365889
anisotropic_band,9102,OD02,M5_rain_stale,rain_only,60,0,0.0,0.0,4936.13225699163,0.4829088940204544,0.6247759524353719,0.6174011291520691,0.0,1.0,,,,,0.33844908587453204,0.08000000000305797
anisotropic_band,9102,OD02,M5_rain_stale,v2_naive,60,0,0.0,0.0,4934.65106276426,0.48303456395471184,0.6247759524353719,0.6070824038202851,0.0,0.7686259578269142,,,,,0.13435468406573944,0.3570788501909049
anisotropic_band,9102,OD02,M5_rain_stale,v2_reliability_universal,60,0,0.0,0.0,4936.13225699163,0.4829088940204544,0.6247759524353719,0.6174011291520691,0.0,1.0,0.3678794411703173,0.44468794718479354,1.0631659715492991,0.0,0.25805437844929086,0.741945621550709
anisotropic_band,9102,OD02,M5_rain_stale,v2_reliability_source_specific,60,0,0.0,0.0,4936.13225699163,0.4829088940204544,0.6247759524353719,0.6174011291520691,0.0,1.0,0.3678794411703173,0.40935999986730526,0.9645121512134229,0.0,0.2521663872297095,0.7478336127702903
anisotropic_band,9102,OD01,M6_disagreement,rain_only,0,0,0.0,0.0,11795.538521401335,0.5489465202647668,0.6872199880742588,0.6782489427532524,0.17094443217184616,1.0,,,,,0.9199999999858336,0.08000000000498818
anisotropic_band,9102,OD01,M6_disagreement,v2_naive,0,0,0.0,0.0,11795.538521401335,0.5489465202647668,0.6872199880742588,0.6782489427532524,0.17094443217184616,1.0,,,,,0.36138267579395456,0.34819504316332317
anisotropic_band,9102,OD01,M6_disagreement,v2_reliability_universal,0,0,0.0,0.0,11795.538521401335,0.5489465202647668,0.6872199880742588,0.6782489427532524,0.17094443217184616,1.0,0.9999999999950119,0.5270196351760078,1.2300062355203125,0.0,0.5878366058601739,0.4121633941398262
anisotropic_band,9102,OD01,M6_disagreement,v2_reliability_source_specific,0,0,0.0,0.0,11795.538521401335,0.5489465202647668,0.6872199880742588,0.6782489427532524,0.17094443217184616,1.0,0.9999999999950119,0.4624574882958445,1.0874665882905055,0.0,0.5770762480468135,0.4229237519531867
anisotropic_band,9102,OD02,M6_disagreement,rain_only,0,0,0.0,0.0,5435.052372866004,0.4247127502726747,0.6072686519132745,0.5180083618990932,0.0,1.0,,,,,0.9199999999864859,0.08000000000475845
anisotropic_band,9102,OD02,M6_disagreement,v2_naive,0,0,0.0,0.0,5374.124282283249,0.4300151279057779,0.6072686519132745,0.5180083618990932,0.0,0.5354455583444488,,,,,0.3573395913057338,0.3537511662486173
anisotropic_band,9102,OD02,M6_disagreement,v2_reliability_universal,0,0,0.0,0.0,5411.6191830311855,0.4272569445636618,0.6072686519132745,0.5180083618990932,0.0,0.8367604671503477,0.9999999999951829,0.5112404504985136,1.8687677638875015,0.0,0.5852067417473437,0.4147932582526564
anisotropic_band,9102,OD02,M6_disagreement,v2_reliability_source_specific,0,0,0.0,0.0,5411.6191830311855,0.4272569445636618,0.6072686519132745,0.5180083618990932,0.0,0.8367604671503477,0.9999999999951829,0.5112404504985136,1.8687677638875015,0.0,0.5852067417473437,0.4147932582526564
anisotropic_band,9103,OD01,M1_clean,rain_only,0,0,0.0,0.0,11795.538521401335,0.5479551704509531,0.6880022740774908,0.678847450737433,0.17094443217184616,1.0,,,,,0.9199999999858336,0.08000000000498818
anisotropic_band,9103,OD01,M1_clean,v2_naive,0,0,0.0,0.0,11795.538521401335,0.5479551704509531,0.6880022740774908,0.678847450737433,0.17094443217184616,1.0,,,,,0.36138267579395456,0.34819504316332317
anisotropic_band,9103,OD01,M1_clean,v2_reliability_universal,0,0,0.0,0.0,11795.538521401335,0.5479551704509531,0.6880022740774908,0.678847450737433,0.17094443217184616,1.0,0.9999999999950119,0.5270196351760078,1.2300062355203125,0.0,0.5878366058601739,0.4121633941398262
anisotropic_band,9103,OD01,M1_clean,v2_reliability_source_specific,0,0,0.0,0.0,11795.538521401335,0.5479551704509531,0.6880022740774908,0.678847450737433,0.17094443217184616,1.0,0.9999999999950119,0.4624574882958445,1.0874665882905055,0.0,0.5770762480468135,0.4229237519531867
anisotropic_band,9103,OD02,M1_clean,rain_only,0,0,0.0,0.0,5435.052372866004,0.4274457148573884,0.6036653152682673,0.515883962296054,0.0,1.0,,,,,0.9199999999864859,0.08000000000475845
anisotropic_band,9103,OD02,M1_clean,v2_naive,0,0,0.0,0.0,5374.124282283249,0.4326485181245805,0.6036653152682673,0.515883962296054,0.0,0.5354455583444488,,,,,0.3573395913057338,0.3537511662486173
anisotropic_band,9103,OD02,M1_clean,v2_reliability_universal,0,0,0.0,0.0,5411.6191830311855,0.42993626327340406,0.6036653152682673,0.515883962296054,0.0,0.8367604671503477,0.9999999999951829,0.5112404504985136,1.8687677638875015,0.0,0.5852067417473437,0.4147932582526564
anisotropic_band,9103,OD02,M1_clean,v2_reliability_source_specific,0,0,0.0,0.0,5411.6191830311855,0.42993626327340406,0.6036653152682673,0.515883962296054,0.0,0.8367604671503477,0.9999999999951829,0.5112404504985136,1.8687677638875015,0.0,0.5852067417473437,0.4147932582526564
anisotropic_band,9103,OD01,M2_water_stale,rain_only,0,60,0.0,0.0,11795.538521401335,0.5479551704509531,0.6880022740774908,0.678847450737433,0.17094443217184616,1.0,,,,,0.9199999999858336,0.08000000000498818
anisotropic_band,9103,OD01,M2_water_stale,v2_naive,0,60,0.0,0.0,11795.538521401335,0.5479551704509531,0.6880022740774908,0.678847450737433,0.17094443217184616,1.0,,,,,0.3200519761043275,0.36326297118091994
anisotropic_band,9103,OD01,M2_water_stale,v2_reliability_universal,0,60,0.0,0.0,11795.538521401335,0.5479551704509531,0.6880022740774908,0.678847450737433,0.17094443217184616,1.0,0.9999999999950119,0.09693984443746358,0.22624700328030103,0.0,0.5161566407370832,0.4838433592629169
anisotropic_band,9103,OD01,M2_water_stale,v2_reliability_source_specific,0,60,0.0,0.0,11795.538521401335,0.5479551704509531,0.6880022740774908,0.678847450737433,0.17094443217184616,1.0,0.9999999999950119,0.011512201293507926,0.027070886689493576,0.0,0.5019187002130907,0.49808129978690946
anisotropic_band,9103,OD02,M2_water_stale,rain_only,0,60,0.0,0.0,5435.052372866004,0.4274457148573884,0.6036653152682673,0.515883962296054,0.0,1.0,,,,,0.9199999999864859,0.08000000000475845
anisotropic_band,9103,OD02,M2_water_stale,v2_naive,0,60,0.0,0.0,5374.124282283249,0.4326485181245805,0.6036653152682673,0.515883962296054,0.0,0.5354455583444488,,,,,0.3175835235047241,0.3680710536264961
anisotropic_band,9103,OD02,M2_water_stale,v2_reliability_universal,0,60,0.0,0.0,5435.052372866004,0.4274457148573884,0.6036653152682673,0.515883962296054,0.0,1.0,0.9999999999952413,0.09556879771737006,0.34374062032907005,0.0,0.5159281329505156,0.4840718670494842
anisotropic_band,9103,OD02,M2_water_stale,v2_reliability_source_specific,0,60,0.0,0.0,5435.052372866004,0.4274457148573884,0.6036653152682673,0.515883962296054,0.0,1.0,0.9999999999952413,0.012933830307662821,0.04652023421216364,0.0,0.5021556383822311,0.49784436161776874
anisotropic_band,9103,OD01,M3_water_missing,rain_only,0,0,1.0,0.0,11795.538521401335,0.5479551704509531,0.6880022740774908,0.678847450737433,0.17094443217184616,1.0,,,,,0.9199999999858336,0.08000000000498818
anisotropic_band,9103,OD01,M3_water_missing,v2_naive,0,0,1.0,0.0,11795.538521401335,0.5479551704509531,0.6880022740774908,0.678847450737433,0.17094443217184616,1.0,,,,,0.29749999999578497,0.4050000000024942
anisotropic_band,9103,OD01,M3_water_missing,v2_reliability_universal,0,0,1.0,0.0,11795.538521401335,0.5479551704509531,0.6880022740774908,0.678847450737433,0.17094443217184616,1.0,0.9999999999950119,0.0,0.0,0.0,0.49999999999750594,0.5000000000024941
anisotropic_band,9103,OD01,M3_water_missing,v2_reliability_source_specific,0,0,1.0,0.0,11795.538521401335,0.5479551704509531,0.6880022740774908,0.678847450737433,0.17094443217184616,1.0,0.9999999999950119,0.0,0.0,0.0,0.49999999999750594,0.5000000000024941
anisotropic_band,9103,OD02,M3_water_missing,rain_only,0,0,1.0,0.0,5435.052372866004,0.4274457148573884,0.6036653152682673,0.515883962296054,0.0,1.0,,,,,0.9199999999864859,0.08000000000475845
anisotropic_band,9103,OD02,M3_water_missing,v2_naive,0,0,1.0,0.0,5374.124282283249,0.4326485181245805,0.6036653152682673,0.515883962296054,0.0,0.5354455583444488,,,,,0.2974999999954244,0.4050000000027073
anisotropic_band,9103,OD02,M3_water_missing,v2_reliability_universal,0,0,1.0,0.0,5435.052372866004,0.4274457148573884,0.6036653152682673,0.515883962296054,0.0,1.0,0.9999999999952413,0.0,0.0,0.0,0.4999999999976206,0.5000000000023791
anisotropic_band,9103,OD02,M3_water_missing,v2_reliability_source_specific,0,0,1.0,0.0,5435.052372866004,0.4274457148573884,0.6036653152682673,0.515883962296054,0.0,1.0,0.9999999999952413,0.0,0.0,0.0,0.4999999999976206,0.5000000000023791
anisotropic_band,9103,OD01,M4_water_degraded,rain_only,0,0,0.2,0.15,11795.538521401335,0.5479551704509531,0.6880022740774908,0.678847450737433,0.17094443217184616,1.0,,,,,0.9199999999858336,0.08000000000498818
anisotropic_band,9103,OD01,M4_water_degraded,v2_naive,0,0,0.2,0.15,11795.538521401335,0.5479551704509531,0.6880022740774908,0.678847450737433,0.17094443217184616,1.0,,,,,0.35197700460097164,0.36326297118091994
anisotropic_band,9103,OD01,M4_water_degraded,v2_reliability_universal,0,0,0.2,0.15,11795.538521401335,0.5479551704509531,0.6880022740774908,0.678847450737433,0.17094443217184616,1.0,0.9999999999950119,0.2623646069195134,0.6150031177601563,0.0,0.5437274344840916,0.4562725655159085
anisotropic_band,9103,OD01,M4_water_degraded,v2_reliability_source_specific,0,0,0.2,0.15,11795.538521401335,0.5479551704509531,0.6880022740774908,0.678847450737433,0.17094443217184616,1.0,0.9999999999950119,0.22874134238472982,0.5437332941452527,0.0,0.5381235570616276,0.46187644293837243
anisotropic_band,9103,OD02,M4_water_degraded,rain_only,0,0,0.2,0.15,5435.052372866004,0.4274457148573884,0.6036653152682673,0.515883962296054,0.0,1.0,,,,,0.9199999999864859,0.08000000000475845
anisotropic_band,9103,OD02,M4_water_degraded,v2_naive,0,0,0.2,0.15,5374.124282283249,0.4326485181245805,0.6036653152682673,0.515883962296054,0.0,0.5354455583444488,,,,,0.34848396819194805,0.3680710536264961
anisotropic_band,9103,OD02,M4_water_degraded,v2_reliability_universal,0,0,0.2,0.15,5411.6191830311855,0.42993626327340406,0.6036653152682673,0.515883962296054,0.0,0.8367604671503477,0.9999999999951829,0.2556202252492568,0.9343838819437508,0.0,0.5426033708724676,0.4573966291275325
anisotropic_band,9103,OD02,M4_water_degraded,v2_reliability_source_specific,0,0,0.2,0.15,5411.6191830311855,0.42993626327340406,0.6036653152682673,0.515883962296054,0.0,0.8367604671503477,0.9999999999951829,0.2556202252492568,0.9343838819437508,0.0,0.5426033708724676,0.4573966291275325
anisotropic_band,9103,OD01,M5_rain_stale,rain_only,60,0,0.0,0.0,12026.07407166441,0.5474458316814487,0.7115384912948998,0.6847999107059732,0.09361675984752027,1.0,,,,,0.33844908587192646,0.0800000000055519
anisotropic_band,9103,OD01,M5_rain_stale,v2_naive,60,0,0.0,0.0,12026.07407166441,0.5474458316814487,0.7115384912948998,0.6847999107059732,0.09361675984752027,1.0,,,,,0.12408340102971795,0.37803676744236264
anisotropic_band,9103,OD01,M5_rain_stale,v2_reliability_universal,60,0,0.0,0.0,11795.538521401335,0.5479551704509531,0.6880022740774908,0.678847450737433,0.17094443217184616,0.10519029111160601,0.3678794411696073,0.5270196351760078,1.2300062355203125,0.0,0.2717763264474716,0.7282236735525284
anisotropic_band,9103,OD01,M5_rain_stale,v2_reliability_source_specific,60,0,0.0,0.0,11795.538521401335,0.5479551704509531,0.6880022740774908,0.678847450737433,0.17094443217184616,0.10519029111160601,0.3678794411696073,0.4624574882958445,1.0874665882905055,0.0,0.26101596863411103,0.738984031365889
anisotropic_band,9103,OD02,M5_rain_stale,rain_only,60,0,0.0,0.0,4936.13225699163,0.4859975170649238,0.6211004490941736,0.6137347598501538,0.0,1.0,,,,,0.33844908587453204,0.08000000000305797
anisotropic_band,9103,OD02,M5_rain_stale,v2_naive,60,0,0.0,0.0,4934.65106276426,0.48613190558785907,0.6211004490941736,0.6043922628393796,0.0,0.7686259578269142,,,,,0.13435468406573944,0.3570788501909049
anisotropic_band,9103,OD02,M5_rain_stale,v2_reliability_universal,60,0,0.0,0.0,4936.13225699163,0.4859975170649238,0.6211004490941736,0.6137347598501538,0.0,1.0,0.3678794411703173,0.44468794718479354,1.0631659715492991,0.0,0.25805437844929086,0.741945621550709
anisotropic_band,9103,OD02,M5_rain_stale,v2_reliability_source_specific,60,0,0.0,0.0,4936.13225699163,0.4859975170649238,0.6211004490941736,0.6137347598501538,0.0,1.0,0.3678794411703173,0.40935999986730526,0.9645121512134229,0.0,0.2521663872297095,0.7478336127702903
anisotropic_band,9103,OD01,M6_disagreement,rain_only,0,0,0.0,0.0,11795.538521401335,0.5479551704509531,0.6880022740774908,0.678847450737433,0.17094443217184616,1.0,,,,,0.9199999999858336,0.08000000000498818
anisotropic_band,9103,OD01,M6_disagreement,v2_naive,0,0,0.0,0.0,11795.538521401335,0.5479551704509531,0.6880022740774908,0.678847450737433,0.17094443217184616,1.0,,,,,0.36138267579395456,0.34819504316332317
anisotropic_band,9103,OD01,M6_disagreement,v2_reliability_universal,0,0,0.0,0.0,11795.538521401335,0.5479551704509531,0.6880022740774908,0.678847450737433,0.17094443217184616,1.0,0.9999999999950119,0.5270196351760078,1.2300062355203125,0.0,0.5878366058601739,0.4121633941398262
anisotropic_band,9103,OD01,M6_disagreement,v2_reliability_source_specific,0,0,0.0,0.0,11795.538521401335,0.5479551704509531,0.6880022740774908,0.678847450737433,0.17094443217184616,1.0,0.9999999999950119,0.4624574882958445,1.0874665882905055,0.0,0.5770762480468135,0.4229237519531867
anisotropic_band,9103,OD02,M6_disagreement,rain_only,0,0,0.0,0.0,5435.052372866004,0.4274457148573884,0.6036653152682673,0.515883962296054,0.0,1.0,,,,,0.9199999999864859,0.08000000000475845
anisotropic_band,9103,OD02,M6_disagreement,v2_naive,0,0,0.0,0.0,5374.124282283249,0.4326485181245805,0.6036653152682673,0.515883962296054,0.0,0.5354455583444488,,,,,0.3573395913057338,0.3537511662486173
anisotropic_band,9103,OD02,M6_disagreement,v2_reliability_universal,0,0,0.0,0.0,5411.6191830311855,0.42993626327340406,0.6036653152682673,0.515883962296054,0.0,0.8367604671503477,0.9999999999951829,0.5112404504985136,1.8687677638875015,0.0,0.5852067417473437,0.4147932582526564
anisotropic_band,9103,OD02,M6_disagreement,v2_reliability_source_specific,0,0,0.0,0.0,5411.6191830311855,0.42993626327340406,0.6036653152682673,0.515883962296054,0.0,0.8367604671503477,0.9999999999951829,0.5112404504985136,1.8687677638875015,0.0,0.5852067417473437,0.4147932582526564
anisotropic_band,9104,OD01,M1_clean,rain_only,0,0,0.0,0.0,11795.538521401335,0.5480901681714516,0.6871984868162432,0.6781833366658062,0.17094443217184616,1.0,,,,,0.9199999999858336,0.08000000000498818
anisotropic_band,9104,OD01,M1_clean,v2_naive,0,0,0.0,0.0,11795.538521401335,0.5480901681714516,0.6871984868162432,0.6781833366658062,0.17094443217184616,1.0,,,,,0.36138267579395456,0.34819504316332317
anisotropic_band,9104,OD01,M1_clean,v2_reliability_universal,0,0,0.0,0.0,11795.538521401335,0.5480901681714516,0.6871984868162432,0.6781833366658062,0.17094443217184616,1.0,0.9999999999950119,0.5270196351760078,1.2300062355203125,0.0,0.5878366058601739,0.4121633941398262
anisotropic_band,9104,OD01,M1_clean,v2_reliability_source_specific,0,0,0.0,0.0,11795.538521401335,0.5480901681714516,0.6871984868162432,0.6781833366658062,0.17094443217184616,1.0,0.9999999999950119,0.4624574882958445,1.0874665882905055,0.0,0.5770762480468135,0.4229237519531867
anisotropic_band,9104,OD02,M1_clean,rain_only,0,0,0.0,0.0,5435.052372866004,0.4271901421701105,0.6034933124799349,0.5174645995228243,0.0,1.0,,,,,0.9199999999864859,0.08000000000475845
anisotropic_band,9104,OD02,M1_clean,v2_naive,0,0,0.0,0.0,5374.124282283249,0.4322504534142908,0.6034933124799349,0.5174645995228243,0.0,0.5354455583444488,,,,,0.3573395913057338,0.3537511662486173
anisotropic_band,9104,OD02,M1_clean,v2_reliability_universal,0,0,0.0,0.0,5411.6191830311855,0.4296627850768787,0.6034933124799349,0.5174645995228243,0.0,0.8367604671503477,0.9999999999951829,0.5112404504985136,1.8687677638875015,0.0,0.5852067417473437,0.4147932582526564
anisotropic_band,9104,OD02,M1_clean,v2_reliability_source_specific,0,0,0.0,0.0,5411.6191830311855,0.4296627850768787,0.6034933124799349,0.5174645995228243,0.0,0.8367604671503477,0.9999999999951829,0.5112404504985136,1.8687677638875015,0.0,0.5852067417473437,0.4147932582526564
anisotropic_band,9104,OD01,M2_water_stale,rain_only,0,60,0.0,0.0,11795.538521401335,0.5480901681714516,0.6871984868162432,0.6781833366658062,0.17094443217184616,1.0,,,,,0.9199999999858336,0.08000000000498818
anisotropic_band,9104,OD01,M2_water_stale,v2_naive,0,60,0.0,0.0,11795.538521401335,0.5480901681714516,0.6871984868162432,0.6781833366658062,0.17094443217184616,1.0,,,,,0.3200519761043275,0.36326297118091994
anisotropic_band,9104,OD01,M2_water_stale,v2_reliability_universal,0,60,0.0,0.0,11795.538521401335,0.5480901681714516,0.6871984868162432,0.6781833366658062,0.17094443217184616,1.0,0.9999999999950119,0.09693984443746358,0.22624700328030103,0.0,0.5161566407370832,0.4838433592629169
anisotropic_band,9104,OD01,M2_water_stale,v2_reliability_source_specific,0,60,0.0,0.0,11795.538521401335,0.5480901681714516,0.6871984868162432,0.6781833366658062,0.17094443217184616,1.0,0.9999999999950119,0.011512201293507926,0.027070886689493576,0.0,0.5019187002130907,0.49808129978690946
anisotropic_band,9104,OD02,M2_water_stale,rain_only,0,60,0.0,0.0,5435.052372866004,0.4271901421701105,0.6034933124799349,0.5174645995228243,0.0,1.0,,,,,0.9199999999864859,0.08000000000475845
anisotropic_band,9104,OD02,M2_water_stale,v2_naive,0,60,0.0,0.0,5374.124282283249,0.4322504534142908,0.6034933124799349,0.5174645995228243,0.0,0.5354455583444488,,,,,0.3175835235047241,0.3680710536264961
anisotropic_band,9104,OD02,M2_water_stale,v2_reliability_universal,0,60,0.0,0.0,5435.052372866004,0.4271901421701105,0.6034933124799349,0.5174645995228243,0.0,1.0,0.9999999999952413,0.09556879771737006,0.34374062032907005,0.0,0.5159281329505156,0.4840718670494842
anisotropic_band,9104,OD02,M2_water_stale,v2_reliability_source_specific,0,60,0.0,0.0,5435.052372866004,0.4271901421701105,0.6034933124799349,0.5174645995228243,0.0,1.0,0.9999999999952413,0.012933830307662821,0.04652023421216364,0.0,0.5021556383822311,0.49784436161776874
anisotropic_band,9104,OD01,M3_water_missing,rain_only,0,0,1.0,0.0,11795.538521401335,0.5480901681714516,0.6871984868162432,0.6781833366658062,0.17094443217184616,1.0,,,,,0.9199999999858336,0.08000000000498818
anisotropic_band,9104,OD01,M3_water_missing,v2_naive,0,0,1.0,0.0,11795.538521401335,0.5480901681714516,0.6871984868162432,0.6781833366658062,0.17094443217184616,1.0,,,,,0.29749999999578497,0.4050000000024942
anisotropic_band,9104,OD01,M3_water_missing,v2_reliability_universal,0,0,1.0,0.0,11795.538521401335,0.5480901681714516,0.6871984868162432,0.6781833366658062,0.17094443217184616,1.0,0.9999999999950119,0.0,0.0,0.0,0.49999999999750594,0.5000000000024941
anisotropic_band,9104,OD01,M3_water_missing,v2_reliability_source_specific,0,0,1.0,0.0,11795.538521401335,0.5480901681714516,0.6871984868162432,0.6781833366658062,0.17094443217184616,1.0,0.9999999999950119,0.0,0.0,0.0,0.49999999999750594,0.5000000000024941
anisotropic_band,9104,OD02,M3_water_missing,rain_only,0,0,1.0,0.0,5435.052372866004,0.4271901421701105,0.6034933124799349,0.5174645995228243,0.0,1.0,,,,,0.9199999999864859,0.08000000000475845
anisotropic_band,9104,OD02,M3_water_missing,v2_naive,0,0,1.0,0.0,5374.124282283249,0.4322504534142908,0.6034933124799349,0.5174645995228243,0.0,0.5354455583444488,,,,,0.2974999999954244,0.4050000000027073
anisotropic_band,9104,OD02,M3_water_missing,v2_reliability_universal,0,0,1.0,0.0,5435.052372866004,0.4271901421701105,0.6034933124799349,0.5174645995228243,0.0,1.0,0.9999999999952413,0.0,0.0,0.0,0.4999999999976206,0.5000000000023791
anisotropic_band,9104,OD02,M3_water_missing,v2_reliability_source_specific,0,0,1.0,0.0,5435.052372866004,0.4271901421701105,0.6034933124799349,0.5174645995228243,0.0,1.0,0.9999999999952413,0.0,0.0,0.0,0.4999999999976206,0.5000000000023791
anisotropic_band,9104,OD01,M4_water_degraded,rain_only,0,0,0.2,0.15,11795.538521401335,0.5480901681714516,0.6871984868162432,0.6781833366658062,0.17094443217184616,1.0,,,,,0.9199999999858336,0.08000000000498818
anisotropic_band,9104,OD01,M4_water_degraded,v2_naive,0,0,0.2,0.15,11795.538521401335,0.5480901681714516,0.6871984868162432,0.6781833366658062,0.17094443217184616,1.0,,,,,0.35206889685968323,0.36326297118091994
anisotropic_band,9104,OD01,M4_water_degraded,v2_reliability_universal,0,0,0.2,0.15,11795.538521401335,0.5480901681714516,0.6871984868162432,0.6781833366658062,0.17094443217184616,1.0,0.9999999999950119,0.26291761395207897,0.6150031177601563,0.0,0.5438196023228524,0.4561803976771477
anisotropic_band,9104,OD01,M4_water_degraded,v2_reliability_source_specific,0,0,0.2,0.15,11795.538521401335,0.5480901681714516,0.6871984868162432,0.6781833366658062,0.17094443217184616,1.0,0.9999999999950119,0.22985773804884332,0.5437332941452527,0.0,0.5383096230056466,0.4616903769943535
anisotropic_band,9104,OD02,M4_water_degraded,rain_only,0,0,0.2,0.15,5435.052372866004,0.4271901421701105,0.6034933124799349,0.5174645995228243,0.0,1.0,,,,,0.9199999999864859,0.08000000000475845
anisotropic_band,9104,OD02,M4_water_degraded,v2_naive,0,0,0.2,0.15,5374.124282283249,0.4322504534142908,0.6034933124799349,0.5174645995228243,0.0,0.5354455583444488,,,,,0.335688543944475,0.3680710536264961
anisotropic_band,9104,OD02,M4_water_degraded,v2_reliability_universal,0,0,0.2,0.15,5435.052372866004,0.4271901421701105,0.6034933124799349,0.5174645995228243,0.0,1.0,0.9999999999952413,0.21990149946928175,0.7909388800977342,0.0,0.5366502499091677,0.46334975009083224
anisotropic_band,9104,OD02,M4_water_degraded,v2_reliability_source_specific,0,0,0.2,0.15,5435.052372866004,0.4271901421701105,0.6034933124799349,0.5174645995228243,0.0,1.0,0.9999999999952413,0.15756630961186585,0.5667324723401946,0.0,0.5262610515995982,0.47373894840040154
anisotropic_band,9104,OD01,M5_rain_stale,rain_only,60,0,0.0,0.0,12026.07407166441,0.548577775711833,0.7114128972303064,0.6846367191490427,0.09361675984752027,1.0,,,,,0.33844908587192646,0.0800000000055519
anisotropic_band,9104,OD01,M5_rain_stale,v2_naive,60,0,0.0,0.0,12026.07407166441,0.548577775711833,0.7114128972303064,0.6846367191490427,0.09361675984752027,1.0,,,,,0.12408340102971795,0.37803676744236264
anisotropic_band,9104,OD01,M5_rain_stale,v2_reliability_universal,60,0,0.0,0.0,11795.538521401335,0.5480901681714516,0.6871984868162432,0.6781833366658062,0.17094443217184616,0.10519029111160601,0.3678794411696073,0.5270196351760078,1.2300062355203125,0.0,0.2717763264474716,0.7282236735525284
anisotropic_band,9104,OD01,M5_rain_stale,v2_reliability_source_specific,60,0,0.0,0.0,11795.538521401335,0.5480901681714516,0.6871984868162432,0.6781833366658062,0.17094443217184616,0.10519029111160601,0.3678794411696073,0.4624574882958445,1.0874665882905055,0.0,0.26101596863411103,0.738984031365889
anisotropic_band,9104,OD02,M5_rain_stale,rain_only,60,0,0.0,0.0,4936.13225699163,0.4858275151994889,0.6209979781042042,0.6136267895866456,0.0,1.0,,,,,0.33844908587453204,0.08000000000305797
anisotropic_band,9104,OD02,M5_rain_stale,v2_naive,60,0,0.0,0.0,4934.65106276426,0.4859601733135473,0.6209979781042042,0.6039680389996571,0.0,0.7686259578269142,,,,,0.13435468406573944,0.3570788501909049
anisotropic_band,9104,OD02,M5_rain_stale,v2_reliability_universal,60,0,0.0,0.0,4936.13225699163,0.4858275151994889,0.6209979781042042,0.6136267895866456,0.0,1.0,0.3678794411703173,0.44468794718479354,1.0631659715492991,0.0,0.25805437844929086,0.741945621550709
anisotropic_band,9104,OD02,M5_rain_stale,v2_reliability_source_specific,60,0,0.0,0.0,4936.13225699163,0.4858275151994889,0.6209979781042042,0.6136267895866456,0.0,1.0,0.3678794411703173,0.40935999986730526,0.9645121512134229,0.0,0.2521663872297095,0.7478336127702903
anisotropic_band,9104,OD01,M6_disagreement,rain_only,0,0,0.0,0.0,11795.538521401335,0.5480901681714516,0.6871984868162432,0.6781833366658062,0.17094443217184616,1.0,,,,,0.9199999999858336,0.08000000000498818
anisotropic_band,9104,OD01,M6_disagreement,v2_naive,0,0,0.0,0.0,11795.538521401335,0.5480901681714516,0.6871984868162432,0.6781833366658062,0.17094443217184616,1.0,,,,,0.36138267579395456,0.34819504316332317
anisotropic_band,9104,OD01,M6_disagreement,v2_reliability_universal,0,0,0.0,0.0,11795.538521401335,0.5480901681714516,0.6871984868162432,0.6781833366658062,0.17094443217184616,1.0,0.9999999999950119,0.5270196351760078,1.2300062355203125,0.0,0.5878366058601739,0.4121633941398262
anisotropic_band,9104,OD01,M6_disagreement,v2_reliability_source_specific,0,0,0.0,0.0,11795.538521401335,0.5480901681714516,0.6871984868162432,0.6781833366658062,0.17094443217184616,1.0,0.9999999999950119,0.4624574882958445,1.0874665882905055,0.0,0.5770762480468135,0.4229237519531867
anisotropic_band,9104,OD02,M6_disagreement,rain_only,0,0,0.0,0.0,5435.052372866004,0.4271901421701105,0.6034933124799349,0.5174645995228243,0.0,1.0,,,,,0.9199999999864859,0.08000000000475845
anisotropic_band,9104,OD02,M6_disagreement,v2_naive,0,0,0.0,0.0,5374.124282283249,0.4322504534142908,0.6034933124799349,0.5174645995228243,0.0,0.5354455583444488,,,,,0.3573395913057338,0.3537511662486173
anisotropic_band,9104,OD02,M6_disagreement,v2_reliability_universal,0,0,0.0,0.0,5411.6191830311855,0.4296627850768787,0.6034933124799349,0.5174645995228243,0.0,0.8367604671503477,0.9999999999951829,0.5112404504985136,1.8687677638875015,0.0,0.5852067417473437,0.4147932582526564
anisotropic_band,9104,OD02,M6_disagreement,v2_reliability_source_specific,0,0,0.0,0.0,5411.6191830311855,0.4296627850768787,0.6034933124799349,0.5174645995228243,0.0,0.8367604671503477,0.9999999999951829,0.5112404504985136,1.8687677638875015,0.0,0.5852067417473437,0.4147932582526564
