timestamp,policy,attempted,reason,candidate_improvement,route_changed,replan_count,route_change_count,planner_calls,confidence,observed_exposure,last_replan_at,distance_m,truth_exposure,max_truth_risk,p95_truth_risk,high_risk_length_ratio,initial_route_truth_exposure,computation_ms,edge_ids,benchmark,seed
2023-09-07T12:00:00+08:00,never,True,initial,,False,0,0,1,0.9199332089641964,0.2964867066727258,2023-09-07T12:00:00+08:00,10361.510411375662,0.2964867066727258,0.3833541958350557,0.3763548271741827,0.0,0.2964867066727258,107.76770004304126,"9706921350,9706921684,0;9706921684,9706921682,0;9706921682,9713848047,0;9713848047,9713848018,0;9713848018,9713848023,0;9713848023,12984979400,0;12984979400,9713848118,0;9713848118,9713848006,0;9713848006,9713847968,0;9713847968,9706921713,0;9706921713,9706921712,0;9706921712,9706921786,0;9706921786,9778914467,0;9778914467,9706887247,0;9706887247,9706857800,0;9706857800,9706857774,0;9706857774,9706857801,0;9706857801,9706857775,0;9706857775,9706857832,0;9706857832,9706857843,0;9706857843,7161807983,0;7161807983,7161812592,0;7161812592,499478563,0;499478563,499478564,0;499478564,7973114513,0;7973114513,7973099569,0;7973099569,7975273881,0;7975273881,7973099508,0;7973099508,7973099507,0;7973099507,7973114859,0;7973114859,8298792534,0;8298792534,8298792550,0;8298792550,7973114851,0;7973114851,7975286501,0;7975286501,8298792599,0;8298792599,1116501292,0;1116501292,7975286500,0;7975286500,1116501304,0;1116501304,7975286429,0;7975286429,7975286583,0;7975286583,7977056082,0;7977056082,7977056084,0;7977056084,7977050965,0;7977050965,7977056079,0;7977056079,7977056078,0;7977056078,7979256736,0;7979256736,7977056077,0;7977056077,7979256760,0;7979256760,8407048466,0;8407048466,2530277169,0;2530277169,13161326472,0;13161326472,7979256723,0;7979256723,7979924894,0;7979924894,7979918290,0;7979918290,7967831812,0;7967831812,279077946,0;279077946,564083084,0;564083084,5374860944,0;5374860944,5374860978,0;5374860978,5374861143,0;5374861143,9053077286,0;9053077286,13527622504,0;13527622504,13167173350,0;13167173350,13527622497,0;13527622497,564083093,0;564083093,6317320202,0;6317320202,564083165,0;564083165,13167173329,0;13167173329,6317320222,0;6317320222,6028645652,0;6028645652,2369336843,0;2369336843,2369336701,0;2369336701,12333484744,0;12333484744,2368579077,0;2368579077,2369336820,0;2369336820,2368578991,0;2368578991,8887740818,0;8887740818,9570709534,0;9570709534,2369336807,0;2369336807,2368578970,0;2368578970,6043430915,0;6043430915,4899192485,0;4899192485,564639012,0;564639012,564638925,0;564638925,504640818,0;504640818,504637096,0;504637096,2787061089,0;2787061089,2787061351,0;2787061351,2787061330,0;2787061330,11155489650,0;11155489650,2787061341,0;2787061341,2787061167,0",T1,6101
2023-09-07T12:00:00+08:00,always,True,initial,,False,0,0,1,0.9199332089641964,0.2964867066727258,2023-09-07T12:00:00+08:00,10361.510411375662,0.2964867066727258,0.3833541958350557,0.3763548271741827,0.0,0.2964867066727258,103.47630007890984,"9706921350,9706921684,0;9706921684,9706921682,0;9706921682,9713848047,0;9713848047,9713848018,0;9713848018,9713848023,0;9713848023,12984979400,0;12984979400,9713848118,0;9713848118,9713848006,0;9713848006,9713847968,0;9713847968,9706921713,0;9706921713,9706921712,0;9706921712,9706921786,0;9706921786,9778914467,0;9778914467,9706887247,0;9706887247,9706857800,0;9706857800,9706857774,0;9706857774,9706857801,0;9706857801,9706857775,0;9706857775,9706857832,0;9706857832,9706857843,0;9706857843,7161807983,0;7161807983,7161812592,0;7161812592,499478563,0;499478563,499478564,0;499478564,7973114513,0;7973114513,7973099569,0;7973099569,7975273881,0;7975273881,7973099508,0;7973099508,7973099507,0;7973099507,7973114859,0;7973114859,8298792534,0;8298792534,8298792550,0;8298792550,7973114851,0;7973114851,7975286501,0;7975286501,8298792599,0;8298792599,1116501292,0;1116501292,7975286500,0;7975286500,1116501304,0;1116501304,7975286429,0;7975286429,7975286583,0;7975286583,7977056082,0;7977056082,7977056084,0;7977056084,7977050965,0;7977050965,7977056079,0;7977056079,7977056078,0;7977056078,7979256736,0;7979256736,7977056077,0;7977056077,7979256760,0;7979256760,8407048466,0;8407048466,2530277169,0;2530277169,13161326472,0;13161326472,7979256723,0;7979256723,7979924894,0;7979924894,7979918290,0;7979918290,7967831812,0;7967831812,279077946,0;279077946,564083084,0;564083084,5374860944,0;5374860944,5374860978,0;5374860978,5374861143,0;5374861143,9053077286,0;9053077286,13527622504,0;13527622504,13167173350,0;13167173350,13527622497,0;13527622497,564083093,0;564083093,6317320202,0;6317320202,564083165,0;564083165,13167173329,0;13167173329,6317320222,0;6317320222,6028645652,0;6028645652,2369336843,0;2369336843,2369336701,0;2369336701,12333484744,0;12333484744,2368579077,0;2368579077,2369336820,0;2369336820,2368578991,0;2368578991,8887740818,0;8887740818,9570709534,0;9570709534,2369336807,0;2369336807,2368578970,0;2368578970,6043430915,0;6043430915,4899192485,0;4899192485,564639012,0;564639012,564638925,0;564638925,504640818,0;504640818,504637096,0;504637096,2787061089,0;2787061089,2787061351,0;2787061351,2787061330,0;2787061330,11155489650,0;11155489650,2787061341,0;2787061341,2787061167,0",T1,6101
2023-09-07T12:00:00+08:00,triggered,True,initial,,False,0,0,1,0.9199332089641964,0.2964867066727258,2023-09-07T12:00:00+08:00,10361.510411375662,0.2964867066727258,0.3833541958350557,0.3763548271741827,0.0,0.2964867066727258,104.21840008348228,"9706921350,9706921684,0;9706921684,9706921682,0;9706921682,9713848047,0;9713848047,9713848018,0;9713848018,9713848023,0;9713848023,12984979400,0;12984979400,9713848118,0;9713848118,9713848006,0;9713848006,9713847968,0;9713847968,9706921713,0;9706921713,9706921712,0;9706921712,9706921786,0;9706921786,9778914467,0;9778914467,9706887247,0;9706887247,9706857800,0;9706857800,9706857774,0;9706857774,9706857801,0;9706857801,9706857775,0;9706857775,9706857832,0;9706857832,9706857843,0;9706857843,7161807983,0;7161807983,7161812592,0;7161812592,499478563,0;499478563,499478564,0;499478564,7973114513,0;7973114513,7973099569,0;7973099569,7975273881,0;7975273881,7973099508,0;7973099508,7973099507,0;7973099507,7973114859,0;7973114859,8298792534,0;8298792534,8298792550,0;8298792550,7973114851,0;7973114851,7975286501,0;7975286501,8298792599,0;8298792599,1116501292,0;1116501292,7975286500,0;7975286500,1116501304,0;1116501304,7975286429,0;7975286429,7975286583,0;7975286583,7977056082,0;7977056082,7977056084,0;7977056084,7977050965,0;7977050965,7977056079,0;7977056079,7977056078,0;7977056078,7979256736,0;7979256736,7977056077,0;7977056077,7979256760,0;7979256760,8407048466,0;8407048466,2530277169,0;2530277169,13161326472,0;13161326472,7979256723,0;7979256723,7979924894,0;7979924894,7979918290,0;7979918290,7967831812,0;7967831812,279077946,0;279077946,564083084,0;564083084,5374860944,0;5374860944,5374860978,0;5374860978,5374861143,0;5374861143,9053077286,0;9053077286,13527622504,0;13527622504,13167173350,0;13167173350,13527622497,0;13527622497,564083093,0;564083093,6317320202,0;6317320202,564083165,0;564083165,13167173329,0;13167173329,6317320222,0;6317320222,6028645652,0;6028645652,2369336843,0;2369336843,2369336701,0;2369336701,12333484744,0;12333484744,2368579077,0;2368579077,2369336820,0;2369336820,2368578991,0;2368578991,8887740818,0;8887740818,9570709534,0;9570709534,2369336807,0;2369336807,2368578970,0;2368578970,6043430915,0;6043430915,4899192485,0;4899192485,564639012,0;564639012,564638925,0;564638925,504640818,0;504640818,504637096,0;504637096,2787061089,0;2787061089,2787061351,0;2787061351,2787061330,0;2787061330,11155489650,0;11155489650,2787061341,0;2787061341,2787061167,0",T1,6101
2023-09-07T12:15:00+08:00,never,False,never,,False,0,0,1,0.9199332089641964,0.2964867066727258,2023-09-07T12:00:00+08:00,10361.510411375662,0.2964867066727258,0.3833541958350557,0.3763548271741827,0.0,0.2964867066727258,87.55409996956587,"9706921350,9706921684,0;9706921684,9706921682,0;9706921682,9713848047,0;9713848047,9713848018,0;9713848018,9713848023,0;9713848023,12984979400,0;12984979400,9713848118,0;9713848118,9713848006,0;9713848006,9713847968,0;9713847968,9706921713,0;9706921713,9706921712,0;9706921712,9706921786,0;9706921786,9778914467,0;9778914467,9706887247,0;9706887247,9706857800,0;9706857800,9706857774,0;9706857774,9706857801,0;9706857801,9706857775,0;9706857775,9706857832,0;9706857832,9706857843,0;9706857843,7161807983,0;7161807983,7161812592,0;7161812592,499478563,0;499478563,499478564,0;499478564,7973114513,0;7973114513,7973099569,0;7973099569,7975273881,0;7975273881,7973099508,0;7973099508,7973099507,0;7973099507,7973114859,0;7973114859,8298792534,0;8298792534,8298792550,0;8298792550,7973114851,0;7973114851,7975286501,0;7975286501,8298792599,0;8298792599,1116501292,0;1116501292,7975286500,0;7975286500,1116501304,0;1116501304,7975286429,0;7975286429,7975286583,0;7975286583,7977056082,0;7977056082,7977056084,0;7977056084,7977050965,0;7977050965,7977056079,0;7977056079,7977056078,0;7977056078,7979256736,0;7979256736,7977056077,0;7977056077,7979256760,0;7979256760,8407048466,0;8407048466,2530277169,0;2530277169,13161326472,0;13161326472,7979256723,0;7979256723,7979924894,0;7979924894,7979918290,0;7979918290,7967831812,0;7967831812,279077946,0;279077946,564083084,0;564083084,5374860944,0;5374860944,5374860978,0;5374860978,5374861143,0;5374861143,9053077286,0;9053077286,13527622504,0;13527622504,13167173350,0;13167173350,13527622497,0;13527622497,564083093,0;564083093,6317320202,0;6317320202,564083165,0;564083165,13167173329,0;13167173329,6317320222,0;6317320222,6028645652,0;6028645652,2369336843,0;2369336843,2369336701,0;2369336701,12333484744,0;12333484744,2368579077,0;2368579077,2369336820,0;2369336820,2368578991,0;2368578991,8887740818,0;8887740818,9570709534,0;9570709534,2369336807,0;2369336807,2368578970,0;2368578970,6043430915,0;6043430915,4899192485,0;4899192485,564639012,0;564639012,564638925,0;564638925,504640818,0;504640818,504637096,0;504637096,2787061089,0;2787061089,2787061351,0;2787061351,2787061330,0;2787061330,11155489650,0;11155489650,2787061341,0;2787061341,2787061167,0",T1,6101
2023-09-07T12:15:00+08:00,always,True,always,0.0,False,1,0,2,0.9199332089641964,0.2964867066727258,2023-09-07T12:15:00+08:00,10361.510411375662,0.2964867066727258,0.3833541958350557,0.3763548271741827,0.0,0.2964867066727258,105.42089998489246,"9706921350,9706921684,0;9706921684,9706921682,0;9706921682,9713848047,0;9713848047,9713848018,0;9713848018,9713848023,0;9713848023,12984979400,0;12984979400,9713848118,0;9713848118,9713848006,0;9713848006,9713847968,0;9713847968,9706921713,0;9706921713,9706921712,0;9706921712,9706921786,0;9706921786,9778914467,0;9778914467,9706887247,0;9706887247,9706857800,0;9706857800,9706857774,0;9706857774,9706857801,0;9706857801,9706857775,0;9706857775,9706857832,0;9706857832,9706857843,0;9706857843,7161807983,0;7161807983,7161812592,0;7161812592,499478563,0;499478563,499478564,0;499478564,7973114513,0;7973114513,7973099569,0;7973099569,7975273881,0;7975273881,7973099508,0;7973099508,7973099507,0;7973099507,7973114859,0;7973114859,8298792534,0;8298792534,8298792550,0;8298792550,7973114851,0;7973114851,7975286501,0;7975286501,8298792599,0;8298792599,1116501292,0;1116501292,7975286500,0;7975286500,1116501304,0;1116501304,7975286429,0;7975286429,7975286583,0;7975286583,7977056082,0;7977056082,7977056084,0;7977056084,7977050965,0;7977050965,7977056079,0;7977056079,7977056078,0;7977056078,7979256736,0;7979256736,7977056077,0;7977056077,7979256760,0;7979256760,8407048466,0;8407048466,2530277169,0;2530277169,13161326472,0;13161326472,7979256723,0;7979256723,7979924894,0;7979924894,7979918290,0;7979918290,7967831812,0;7967831812,279077946,0;279077946,564083084,0;564083084,5374860944,0;5374860944,5374860978,0;5374860978,5374861143,0;5374861143,9053077286,0;9053077286,13527622504,0;13527622504,13167173350,0;13167173350,13527622497,0;13527622497,564083093,0;564083093,6317320202,0;6317320202,564083165,0;564083165,13167173329,0;13167173329,6317320222,0;6317320222,6028645652,0;6028645652,2369336843,0;2369336843,2369336701,0;2369336701,12333484744,0;12333484744,2368579077,0;2368579077,2369336820,0;2369336820,2368578991,0;2368578991,8887740818,0;8887740818,9570709534,0;9570709534,2369336807,0;2369336807,2368578970,0;2368578970,6043430915,0;6043430915,4899192485,0;4899192485,564639012,0;564639012,564638925,0;564638925,504640818,0;504640818,504637096,0;504637096,2787061089,0;2787061089,2787061351,0;2787061351,2787061330,0;2787061330,11155489650,0;11155489650,2787061341,0;2787061341,2787061167,0",T1,6101
2023-09-07T12:15:00+08:00,triggered,False,keep_current,,False,0,0,1,0.9199332089641964,0.2964867066727258,2023-09-07T12:00:00+08:00,10361.510411375662,0.2964867066727258,0.3833541958350557,0.3763548271741827,0.0,0.2964867066727258,86.89500001491979,"9706921350,9706921684,0;9706921684,9706921682,0;9706921682,9713848047,0;9713848047,9713848018,0;9713848018,9713848023,0;9713848023,12984979400,0;12984979400,9713848118,0;9713848118,9713848006,0;9713848006,9713847968,0;9713847968,9706921713,0;9706921713,9706921712,0;9706921712,9706921786,0;9706921786,9778914467,0;9778914467,9706887247,0;9706887247,9706857800,0;9706857800,9706857774,0;9706857774,9706857801,0;9706857801,9706857775,0;9706857775,9706857832,0;9706857832,9706857843,0;9706857843,7161807983,0;7161807983,7161812592,0;7161812592,499478563,0;499478563,499478564,0;499478564,7973114513,0;7973114513,7973099569,0;7973099569,7975273881,0;7975273881,7973099508,0;7973099508,7973099507,0;7973099507,7973114859,0;7973114859,8298792534,0;8298792534,8298792550,0;8298792550,7973114851,0;7973114851,7975286501,0;7975286501,8298792599,0;8298792599,1116501292,0;1116501292,7975286500,0;7975286500,1116501304,0;1116501304,7975286429,0;7975286429,7975286583,0;7975286583,7977056082,0;7977056082,7977056084,0;7977056084,7977050965,0;7977050965,7977056079,0;7977056079,7977056078,0;7977056078,7979256736,0;7979256736,7977056077,0;7977056077,7979256760,0;7979256760,8407048466,0;8407048466,2530277169,0;2530277169,13161326472,0;13161326472,7979256723,0;7979256723,7979924894,0;7979924894,7979918290,0;7979918290,7967831812,0;7967831812,279077946,0;279077946,564083084,0;564083084,5374860944,0;5374860944,5374860978,0;5374860978,5374861143,0;5374861143,9053077286,0;9053077286,13527622504,0;13527622504,13167173350,0;13167173350,13527622497,0;13527622497,564083093,0;564083093,6317320202,0;6317320202,564083165,0;564083165,13167173329,0;13167173329,6317320222,0;6317320222,6028645652,0;6028645652,2369336843,0;2369336843,2369336701,0;2369336701,12333484744,0;12333484744,2368579077,0;2368579077,2369336820,0;2369336820,2368578991,0;2368578991,8887740818,0;8887740818,9570709534,0;9570709534,2369336807,0;2369336807,2368578970,0;2368578970,6043430915,0;6043430915,4899192485,0;4899192485,564639012,0;564639012,564638925,0;564638925,504640818,0;504640818,504637096,0;504637096,2787061089,0;2787061089,2787061351,0;2787061351,2787061330,0;2787061330,11155489650,0;11155489650,2787061341,0;2787061341,2787061167,0",T1,6101
2023-09-07T12:30:00+08:00,never,False,never,,False,0,0,1,0.9199332089641964,0.3102847950817374,2023-09-07T12:00:00+08:00,10361.510411375662,0.3102847950817374,0.4344960407130229,0.3810850455532618,0.0,0.3102847950817374,89.5543999504298,"9706921350,9706921684,0;9706921684,9706921682,0;9706921682,9713848047,0;9713848047,9713848018,0;9713848018,9713848023,0;9713848023,12984979400,0;12984979400,9713848118,0;9713848118,9713848006,0;9713848006,9713847968,0;9713847968,9706921713,0;9706921713,9706921712,0;9706921712,9706921786,0;9706921786,9778914467,0;9778914467,9706887247,0;9706887247,9706857800,0;9706857800,9706857774,0;9706857774,9706857801,0;9706857801,9706857775,0;9706857775,9706857832,0;9706857832,9706857843,0;9706857843,7161807983,0;7161807983,7161812592,0;7161812592,499478563,0;499478563,499478564,0;499478564,7973114513,0;7973114513,7973099569,0;7973099569,7975273881,0;7975273881,7973099508,0;7973099508,7973099507,0;7973099507,7973114859,0;7973114859,8298792534,0;8298792534,8298792550,0;8298792550,7973114851,0;7973114851,7975286501,0;7975286501,8298792599,0;8298792599,1116501292,0;1116501292,7975286500,0;7975286500,1116501304,0;1116501304,7975286429,0;7975286429,7975286583,0;7975286583,7977056082,0;7977056082,7977056084,0;7977056084,7977050965,0;7977050965,7977056079,0;7977056079,7977056078,0;7977056078,7979256736,0;7979256736,7977056077,0;7977056077,7979256760,0;7979256760,8407048466,0;8407048466,2530277169,0;2530277169,13161326472,0;13161326472,7979256723,0;7979256723,7979924894,0;7979924894,7979918290,0;7979918290,7967831812,0;7967831812,279077946,0;279077946,564083084,0;564083084,5374860944,0;5374860944,5374860978,0;5374860978,5374861143,0;5374861143,9053077286,0;9053077286,13527622504,0;13527622504,13167173350,0;13167173350,13527622497,0;13527622497,564083093,0;564083093,6317320202,0;6317320202,564083165,0;564083165,13167173329,0;13167173329,6317320222,0;6317320222,6028645652,0;6028645652,2369336843,0;2369336843,2369336701,0;2369336701,12333484744,0;12333484744,2368579077,0;2368579077,2369336820,0;2369336820,2368578991,0;2368578991,8887740818,0;8887740818,9570709534,0;9570709534,2369336807,0;2369336807,2368578970,0;2368578970,6043430915,0;6043430915,4899192485,0;4899192485,564639012,0;564639012,564638925,0;564638925,504640818,0;504640818,504637096,0;504637096,2787061089,0;2787061089,2787061351,0;2787061351,2787061330,0;2787061330,11155489650,0;11155489650,2787061341,0;2787061341,2787061167,0",T1,6101
2023-09-07T12:30:00+08:00,always,True,always,0.0049010914433404,True,2,1,3,0.9199327917110895,0.3109875175012365,2023-09-07T12:30:00+08:00,10297.182344079098,0.3109875175012365,0.4088897018954474,0.3804882288592738,0.0,0.3102847950817374,109.24129997147249,"9706921350,9706921684,0;9706921684,9706921682,0;9706921682,9713848047,0;9713848047,9713848018,0;9713848018,9713848023,0;9713848023,12984979400,0;12984979400,9713848118,0;9713848118,9713848006,0;9713848006,9713847968,0;9713847968,9706921713,0;9706921713,9706921712,0;9706921712,9706921786,0;9706921786,9778914467,0;9778914467,9706887247,0;9706887247,9706857800,0;9706857800,9706857774,0;9706857774,9706857801,0;9706857801,9706857775,0;9706857775,9706857832,0;9706857832,9706857843,0;9706857843,7161807983,0;7161807983,7161812592,0;7161812592,499478563,0;499478563,499478564,0;499478564,7973114513,0;7973114513,7973099569,0;7973099569,7975273881,0;7975273881,7973099508,0;7973099508,7973099507,0;7973099507,7973114859,0;7973114859,8298792534,0;8298792534,8298792550,0;8298792550,7973114851,0;7973114851,7975286501,0;7975286501,8298792599,0;8298792599,1116501292,0;1116501292,7975286500,0;7975286500,1116501304,0;1116501304,7975286429,0;7975286429,7975286583,0;7975286583,7977056082,0;7977056082,7977056084,0;7977056084,7977050965,0;7977050965,7977056079,0;7977056079,7979256640,0;7979256640,7979256626,0;7979256626,7979256668,0;7979256668,7977056101,0;7977056101,7967831807,0;7967831807,7967774259,0;7967774259,503464976,0;503464976,7961771680,0;7961771680,1116492807,0;1116492807,7967774262,0;7967774262,503464985,0;503464985,2530277199,0;2530277199,564083084,0;564083084,5374860944,0;5374860944,5374860978,0;5374860978,5374861143,0;5374861143,9053077286,0;9053077286,13527622504,0;13527622504,13167173350,0;13167173350,13527622497,0;13527622497,564083093,0;564083093,6317320202,0;6317320202,564083165,0;564083165,13167173329,0;13167173329,6317320222,0;6317320222,6028645652,0;6028645652,2369336843,0;2369336843,2369336701,0;2369336701,12333484744,0;12333484744,2368579077,0;2368579077,2369336820,0;2369336820,2368578991,0;2368578991,8887740818,0;8887740818,9570709534,0;9570709534,2369336807,0;2369336807,2368578970,0;2368578970,6043430915,0;6043430915,4899192485,0;4899192485,564639012,0;564639012,564638925,0;564638925,504640818,0;504640818,504637096,0;504637096,2787061089,0;2787061089,2787061351,0;2787061351,2787061330,0;2787061330,11155489650,0;11155489650,2787061341,0;2787061341,2787061167,0",T1,6101
2023-09-07T12:30:00+08:00,triggered,False,keep_current,,False,0,0,1,0.9199332089641964,0.3102847950817374,2023-09-07T12:00:00+08:00,10361.510411375662,0.3102847950817374,0.4344960407130229,0.3810850455532618,0.0,0.3102847950817374,89.88109999336302,"9706921350,9706921684,0;9706921684,9706921682,0;9706921682,9713848047,0;9713848047,9713848018,0;9713848018,9713848023,0;9713848023,12984979400,0;12984979400,9713848118,0;9713848118,9713848006,0;9713848006,9713847968,0;9713847968,9706921713,0;9706921713,9706921712,0;9706921712,9706921786,0;9706921786,9778914467,0;9778914467,9706887247,0;9706887247,9706857800,0;9706857800,9706857774,0;9706857774,9706857801,0;9706857801,9706857775,0;9706857775,9706857832,0;9706857832,9706857843,0;9706857843,7161807983,0;7161807983,7161812592,0;7161812592,499478563,0;499478563,499478564,0;499478564,7973114513,0;7973114513,7973099569,0;7973099569,7975273881,0;7975273881,7973099508,0;7973099508,7973099507,0;7973099507,7973114859,0;7973114859,8298792534,0;8298792534,8298792550,0;8298792550,7973114851,0;7973114851,7975286501,0;7975286501,8298792599,0;8298792599,1116501292,0;1116501292,7975286500,0;7975286500,1116501304,0;1116501304,7975286429,0;7975286429,7975286583,0;7975286583,7977056082,0;7977056082,7977056084,0;7977056084,7977050965,0;7977050965,7977056079,0;7977056079,7977056078,0;7977056078,7979256736,0;7979256736,7977056077,0;7977056077,7979256760,0;7979256760,8407048466,0;8407048466,2530277169,0;2530277169,13161326472,0;13161326472,7979256723,0;7979256723,7979924894,0;7979924894,7979918290,0;7979918290,7967831812,0;7967831812,279077946,0;279077946,564083084,0;564083084,5374860944,0;5374860944,5374860978,0;5374860978,5374861143,0;5374861143,9053077286,0;9053077286,13527622504,0;13527622504,13167173350,0;13167173350,13527622497,0;13527622497,564083093,0;564083093,6317320202,0;6317320202,564083165,0;564083165,13167173329,0;13167173329,6317320222,0;6317320222,6028645652,0;6028645652,2369336843,0;2369336843,2369336701,0;2369336701,12333484744,0;12333484744,2368579077,0;2368579077,2369336820,0;2369336820,2368578991,0;2368578991,8887740818,0;8887740818,9570709534,0;9570709534,2369336807,0;2369336807,2368578970,0;2368578970,6043430915,0;6043430915,4899192485,0;4899192485,564639012,0;564639012,564638925,0;564638925,504640818,0;504640818,504637096,0;504637096,2787061089,0;2787061089,2787061351,0;2787061351,2787061330,0;2787061330,11155489650,0;11155489650,2787061341,0;2787061341,2787061167,0",T1,6101
2023-09-07T12:45:00+08:00,never,False,never,,False,0,0,1,0.9199332089641964,0.3309819276952548,2023-09-07T12:00:00+08:00,10361.510411375662,0.3309819276952548,0.5279326746821721,0.4747232935311858,0.0,0.3309819276952548,93.49360002670436,"9706921350,9706921684,0;9706921684,9706921682,0;9706921682,9713848047,0;9713848047,9713848018,0;9713848018,9713848023,0;9713848023,12984979400,0;12984979400,9713848118,0;9713848118,9713848006,0;9713848006,9713847968,0;9713847968,9706921713,0;9706921713,9706921712,0;9706921712,9706921786,0;9706921786,9778914467,0;9778914467,9706887247,0;9706887247,9706857800,0;9706857800,9706857774,0;9706857774,9706857801,0;9706857801,9706857775,0;9706857775,9706857832,0;9706857832,9706857843,0;9706857843,7161807983,0;7161807983,7161812592,0;7161812592,499478563,0;499478563,499478564,0;499478564,7973114513,0;7973114513,7973099569,0;7973099569,7975273881,0;7975273881,7973099508,0;7973099508,7973099507,0;7973099507,7973114859,0;7973114859,8298792534,0;8298792534,8298792550,0;8298792550,7973114851,0;7973114851,7975286501,0;7975286501,8298792599,0;8298792599,1116501292,0;1116501292,7975286500,0;7975286500,1116501304,0;1116501304,7975286429,0;7975286429,7975286583,0;7975286583,7977056082,0;7977056082,7977056084,0;7977056084,7977050965,0;7977050965,7977056079,0;7977056079,7977056078,0;7977056078,7979256736,0;7979256736,7977056077,0;7977056077,7979256760,0;7979256760,8407048466,0;8407048466,2530277169,0;2530277169,13161326472,0;13161326472,7979256723,0;7979256723,7979924894,0;7979924894,7979918290,0;7979918290,7967831812,0;7967831812,279077946,0;279077946,564083084,0;564083084,5374860944,0;5374860944,5374860978,0;5374860978,5374861143,0;5374861143,9053077286,0;9053077286,13527622504,0;13527622504,13167173350,0;13167173350,13527622497,0;13527622497,564083093,0;564083093,6317320202,0;6317320202,564083165,0;564083165,13167173329,0;13167173329,6317320222,0;6317320222,6028645652,0;6028645652,2369336843,0;2369336843,2369336701,0;2369336701,12333484744,0;12333484744,2368579077,0;2368579077,2369336820,0;2369336820,2368578991,0;2368578991,8887740818,0;8887740818,9570709534,0;9570709534,2369336807,0;2369336807,2368578970,0;2368578970,6043430915,0;6043430915,4899192485,0;4899192485,564639012,0;564639012,564638925,0;564638925,504640818,0;504640818,504637096,0;504637096,2787061089,0;2787061089,2787061351,0;2787061351,2787061330,0;2787061330,11155489650,0;11155489650,2787061341,0;2787061341,2787061167,0",T1,6101
2023-09-07T12:45:00+08:00,always,True,always,0.0,False,3,1,4,0.9199327917110895,0.326803920723123,2023-09-07T12:45:00+08:00,10297.182344079098,0.326803920723123,0.4550764772969833,0.4266750042600257,0.0,0.3309819276952548,111.63890000898392,"9706921350,9706921684,0;9706921684,9706921682,0;9706921682,9713848047,0;9713848047,9713848018,0;9713848018,9713848023,0;9713848023,12984979400,0;12984979400,9713848118,0;9713848118,9713848006,0;9713848006,9713847968,0;9713847968,9706921713,0;9706921713,9706921712,0;9706921712,9706921786,0;9706921786,9778914467,0;9778914467,9706887247,0;9706887247,9706857800,0;9706857800,9706857774,0;9706857774,9706857801,0;9706857801,9706857775,0;9706857775,9706857832,0;9706857832,9706857843,0;9706857843,7161807983,0;7161807983,7161812592,0;7161812592,499478563,0;499478563,499478564,0;499478564,7973114513,0;7973114513,7973099569,0;7973099569,7975273881,0;7975273881,7973099508,0;7973099508,7973099507,0;7973099507,7973114859,0;7973114859,8298792534,0;8298792534,8298792550,0;8298792550,7973114851,0;7973114851,7975286501,0;7975286501,8298792599,0;8298792599,1116501292,0;1116501292,7975286500,0;7975286500,1116501304,0;1116501304,7975286429,0;7975286429,7975286583,0;7975286583,7977056082,0;7977056082,7977056084,0;7977056084,7977050965,0;7977050965,7977056079,0;7977056079,7979256640,0;7979256640,7979256626,0;7979256626,7979256668,0;7979256668,7977056101,0;7977056101,7967831807,0;7967831807,7967774259,0;7967774259,503464976,0;503464976,7961771680,0;7961771680,1116492807,0;1116492807,7967774262,0;7967774262,503464985,0;503464985,2530277199,0;2530277199,564083084,0;564083084,5374860944,0;5374860944,5374860978,0;5374860978,5374861143,0;5374861143,9053077286,0;9053077286,13527622504,0;13527622504,13167173350,0;13167173350,13527622497,0;13527622497,564083093,0;564083093,6317320202,0;6317320202,564083165,0;564083165,13167173329,0;13167173329,6317320222,0;6317320222,6028645652,0;6028645652,2369336843,0;2369336843,2369336701,0;2369336701,12333484744,0;12333484744,2368579077,0;2368579077,2369336820,0;2369336820,2368578991,0;2368578991,8887740818,0;8887740818,9570709534,0;9570709534,2369336807,0;2369336807,2368578970,0;2368578970,6043430915,0;6043430915,4899192485,0;4899192485,564639012,0;564639012,564638925,0;564638925,504640818,0;504640818,504637096,0;504637096,2787061089,0;2787061089,2787061351,0;2787061351,2787061330,0;2787061330,11155489650,0;11155489650,2787061341,0;2787061341,2787061167,0",T1,6101
2023-09-07T12:45:00+08:00,triggered,False,keep_current,,False,0,0,1,0.9199332089641964,0.3309819276952548,2023-09-07T12:00:00+08:00,10361.510411375662,0.3309819276952548,0.5279326746821721,0.4747232935311858,0.0,0.3309819276952548,91.11729997675866,"9706921350,9706921684,0;9706921684,9706921682,0;9706921682,9713848047,0;9713848047,9713848018,0;9713848018,9713848023,0;9713848023,12984979400,0;12984979400,9713848118,0;9713848118,9713848006,0;9713848006,9713847968,0;9713847968,9706921713,0;9706921713,9706921712,0;9706921712,9706921786,0;9706921786,9778914467,0;9778914467,9706887247,0;9706887247,9706857800,0;9706857800,9706857774,0;9706857774,9706857801,0;9706857801,9706857775,0;9706857775,9706857832,0;9706857832,9706857843,0;9706857843,7161807983,0;7161807983,7161812592,0;7161812592,499478563,0;499478563,499478564,0;499478564,7973114513,0;7973114513,7973099569,0;7973099569,7975273881,0;7975273881,7973099508,0;7973099508,7973099507,0;7973099507,7973114859,0;7973114859,8298792534,0;8298792534,8298792550,0;8298792550,7973114851,0;7973114851,7975286501,0;7975286501,8298792599,0;8298792599,1116501292,0;1116501292,7975286500,0;7975286500,1116501304,0;1116501304,7975286429,0;7975286429,7975286583,0;7975286583,7977056082,0;7977056082,7977056084,0;7977056084,7977050965,0;7977050965,7977056079,0;7977056079,7977056078,0;7977056078,7979256736,0;7979256736,7977056077,0;7977056077,7979256760,0;7979256760,8407048466,0;8407048466,2530277169,0;2530277169,13161326472,0;13161326472,7979256723,0;7979256723,7979924894,0;7979924894,7979918290,0;7979918290,7967831812,0;7967831812,279077946,0;279077946,564083084,0;564083084,5374860944,0;5374860944,5374860978,0;5374860978,5374861143,0;5374861143,9053077286,0;9053077286,13527622504,0;13527622504,13167173350,0;13167173350,13527622497,0;13527622497,564083093,0;564083093,6317320202,0;6317320202,564083165,0;564083165,13167173329,0;13167173329,6317320222,0;6317320222,6028645652,0;6028645652,2369336843,0;2369336843,2369336701,0;2369336701,12333484744,0;12333484744,2368579077,0;2368579077,2369336820,0;2369336820,2368578991,0;2368578991,8887740818,0;8887740818,9570709534,0;9570709534,2369336807,0;2369336807,2368578970,0;2368578970,6043430915,0;6043430915,4899192485,0;4899192485,564639012,0;564639012,564638925,0;564638925,504640818,0;504640818,504637096,0;504637096,2787061089,0;2787061089,2787061351,0;2787061351,2787061330,0;2787061330,11155489650,0;11155489650,2787061341,0;2787061341,2787061167,0",T1,6101
2023-09-07T13:00:00+08:00,never,False,never,,False,0,0,1,0.9199332089641964,0.365477148717784,2023-09-07T12:00:00+08:00,10361.510411375662,0.365477148717784,0.6894694705774908,0.6362600894315567,0.0140836793381787,0.365477148717784,96.82849998353048,"9706921350,9706921684,0;9706921684,9706921682,0;9706921682,9713848047,0;9713848047,9713848018,0;9713848018,9713848023,0;9713848023,12984979400,0;12984979400,9713848118,0;9713848118,9713848006,0;9713848006,9713847968,0;9713847968,9706921713,0;9706921713,9706921712,0;9706921712,9706921786,0;9706921786,9778914467,0;9778914467,9706887247,0;9706887247,9706857800,0;9706857800,9706857774,0;9706857774,9706857801,0;9706857801,9706857775,0;9706857775,9706857832,0;9706857832,9706857843,0;9706857843,7161807983,0;7161807983,7161812592,0;7161812592,499478563,0;499478563,499478564,0;499478564,7973114513,0;7973114513,7973099569,0;7973099569,7975273881,0;7975273881,7973099508,0;7973099508,7973099507,0;7973099507,7973114859,0;7973114859,8298792534,0;8298792534,8298792550,0;8298792550,7973114851,0;7973114851,7975286501,0;7975286501,8298792599,0;8298792599,1116501292,0;1116501292,7975286500,0;7975286500,1116501304,0;1116501304,7975286429,0;7975286429,7975286583,0;7975286583,7977056082,0;7977056082,7977056084,0;7977056084,7977050965,0;7977050965,7977056079,0;7977056079,7977056078,0;7977056078,7979256736,0;7979256736,7977056077,0;7977056077,7979256760,0;7979256760,8407048466,0;8407048466,2530277169,0;2530277169,13161326472,0;13161326472,7979256723,0;7979256723,7979924894,0;7979924894,7979918290,0;7979918290,7967831812,0;7967831812,279077946,0;279077946,564083084,0;564083084,5374860944,0;5374860944,5374860978,0;5374860978,5374861143,0;5374861143,9053077286,0;9053077286,13527622504,0;13527622504,13167173350,0;13167173350,13527622497,0;13527622497,564083093,0;564083093,6317320202,0;6317320202,564083165,0;564083165,13167173329,0;13167173329,6317320222,0;6317320222,6028645652,0;6028645652,2369336843,0;2369336843,2369336701,0;2369336701,12333484744,0;12333484744,2368579077,0;2368579077,2369336820,0;2369336820,2368578991,0;2368578991,8887740818,0;8887740818,9570709534,0;9570709534,2369336807,0;2369336807,2368578970,0;2368578970,6043430915,0;6043430915,4899192485,0;4899192485,564639012,0;564639012,564638925,0;564638925,504640818,0;504640818,504637096,0;504637096,2787061089,0;2787061089,2787061351,0;2787061351,2787061330,0;2787061330,11155489650,0;11155489650,2787061341,0;2787061341,2787061167,0",T1,6101
2023-09-07T13:00:00+08:00,always,True,always,0.0,False,4,1,5,0.9199327917110895,0.3531645927596004,2023-09-07T13:00:00+08:00,10297.182344079098,0.3531645927596004,0.5997123602842277,0.503652963261279,0.0,0.365477148717784,118.71350003639236,"9706921350,9706921684,0;9706921684,9706921682,0;9706921682,9713848047,0;9713848047,9713848018,0;9713848018,9713848023,0;9713848023,12984979400,0;12984979400,9713848118,0;9713848118,9713848006,0;9713848006,9713847968,0;9713847968,9706921713,0;9706921713,9706921712,0;9706921712,9706921786,0;9706921786,9778914467,0;9778914467,9706887247,0;9706887247,9706857800,0;9706857800,9706857774,0;9706857774,9706857801,0;9706857801,9706857775,0;9706857775,9706857832,0;9706857832,9706857843,0;9706857843,7161807983,0;7161807983,7161812592,0;7161812592,499478563,0;499478563,499478564,0;499478564,7973114513,0;7973114513,7973099569,0;7973099569,7975273881,0;7975273881,7973099508,0;7973099508,7973099507,0;7973099507,7973114859,0;7973114859,8298792534,0;8298792534,8298792550,0;8298792550,7973114851,0;7973114851,7975286501,0;7975286501,8298792599,0;8298792599,1116501292,0;1116501292,7975286500,0;7975286500,1116501304,0;1116501304,7975286429,0;7975286429,7975286583,0;7975286583,7977056082,0;7977056082,7977056084,0;7977056084,7977050965,0;7977050965,7977056079,0;7977056079,7979256640,0;7979256640,7979256626,0;7979256626,7979256668,0;7979256668,7977056101,0;7977056101,7967831807,0;7967831807,7967774259,0;7967774259,503464976,0;503464976,7961771680,0;7961771680,1116492807,0;1116492807,7967774262,0;7967774262,503464985,0;503464985,2530277199,0;2530277199,564083084,0;564083084,5374860944,0;5374860944,5374860978,0;5374860978,5374861143,0;5374861143,9053077286,0;9053077286,13527622504,0;13527622504,13167173350,0;13167173350,13527622497,0;13527622497,564083093,0;564083093,6317320202,0;6317320202,564083165,0;564083165,13167173329,0;13167173329,6317320222,0;6317320222,6028645652,0;6028645652,2369336843,0;2369336843,2369336701,0;2369336701,12333484744,0;12333484744,2368579077,0;2368579077,2369336820,0;2369336820,2368578991,0;2368578991,8887740818,0;8887740818,9570709534,0;9570709534,2369336807,0;2369336807,2368578970,0;2368578970,6043430915,0;6043430915,4899192485,0;4899192485,564639012,0;564639012,564638925,0;564638925,504640818,0;504640818,504637096,0;504637096,2787061089,0;2787061089,2787061351,0;2787061351,2787061330,0;2787061330,11155489650,0;11155489650,2787061341,0;2787061341,2787061167,0",T1,6101
2023-09-07T13:00:00+08:00,triggered,False,keep_current,,False,0,0,1,0.9199332089641964,0.365477148717784,2023-09-07T12:00:00+08:00,10361.510411375662,0.365477148717784,0.6894694705774908,0.6362600894315567,0.0140836793381787,0.365477148717784,95.82139999838546,"9706921350,9706921684,0;9706921684,9706921682,0;9706921682,9713848047,0;9713848047,9713848018,0;9713848018,9713848023,0;9713848023,12984979400,0;12984979400,9713848118,0;9713848118,9713848006,0;9713848006,9713847968,0;9713847968,9706921713,0;9706921713,9706921712,0;9706921712,9706921786,0;9706921786,9778914467,0;9778914467,9706887247,0;9706887247,9706857800,0;9706857800,9706857774,0;9706857774,9706857801,0;9706857801,9706857775,0;9706857775,9706857832,0;9706857832,9706857843,0;9706857843,7161807983,0;7161807983,7161812592,0;7161812592,499478563,0;499478563,499478564,0;499478564,7973114513,0;7973114513,7973099569,0;7973099569,7975273881,0;7975273881,7973099508,0;7973099508,7973099507,0;7973099507,7973114859,0;7973114859,8298792534,0;8298792534,8298792550,0;8298792550,7973114851,0;7973114851,7975286501,0;7975286501,8298792599,0;8298792599,1116501292,0;1116501292,7975286500,0;7975286500,1116501304,0;1116501304,7975286429,0;7975286429,7975286583,0;7975286583,7977056082,0;7977056082,7977056084,0;7977056084,7977050965,0;7977050965,7977056079,0;7977056079,7977056078,0;7977056078,7979256736,0;7979256736,7977056077,0;7977056077,7979256760,0;7979256760,8407048466,0;8407048466,2530277169,0;2530277169,13161326472,0;13161326472,7979256723,0;7979256723,7979924894,0;7979924894,7979918290,0;7979918290,7967831812,0;7967831812,279077946,0;279077946,564083084,0;564083084,5374860944,0;5374860944,5374860978,0;5374860978,5374861143,0;5374861143,9053077286,0;9053077286,13527622504,0;13527622504,13167173350,0;13167173350,13527622497,0;13527622497,564083093,0;564083093,6317320202,0;6317320202,564083165,0;564083165,13167173329,0;13167173329,6317320222,0;6317320222,6028645652,0;6028645652,2369336843,0;2369336843,2369336701,0;2369336701,12333484744,0;12333484744,2368579077,0;2368579077,2369336820,0;2369336820,2368578991,0;2368578991,8887740818,0;8887740818,9570709534,0;9570709534,2369336807,0;2369336807,2368578970,0;2368578970,6043430915,0;6043430915,4899192485,0;4899192485,564639012,0;564639012,564638925,0;564638925,504640818,0;504640818,504637096,0;504637096,2787061089,0;2787061089,2787061351,0;2787061351,2787061330,0;2787061330,11155489650,0;11155489650,2787061341,0;2787061341,2787061167,0",T1,6101
2023-09-07T13:15:00+08:00,never,False,never,,False,0,0,1,0.9199332089641964,0.4177142568597644,2023-09-07T12:00:00+08:00,10361.510411375662,0.4177142568597644,0.909520878769327,0.8563114976302749,0.1150815772968842,0.4177142568597644,90.10500001022592,"9706921350,9706921684,0;9706921684,9706921682,0;9706921682,9713848047,0;9713848047,9713848018,0;9713848018,9713848023,0;9713848023,12984979400,0;12984979400,9713848118,0;9713848118,9713848006,0;9713848006,9713847968,0;9713847968,9706921713,0;9706921713,9706921712,0;9706921712,9706921786,0;9706921786,9778914467,0;9778914467,9706887247,0;9706887247,9706857800,0;9706857800,9706857774,0;9706857774,9706857801,0;9706857801,9706857775,0;9706857775,9706857832,0;9706857832,9706857843,0;9706857843,7161807983,0;7161807983,7161812592,0;7161812592,499478563,0;499478563,499478564,0;499478564,7973114513,0;7973114513,7973099569,0;7973099569,7975273881,0;7975273881,7973099508,0;7973099508,7973099507,0;7973099507,7973114859,0;7973114859,8298792534,0;8298792534,8298792550,0;8298792550,7973114851,0;7973114851,7975286501,0;7975286501,8298792599,0;8298792599,1116501292,0;1116501292,7975286500,0;7975286500,1116501304,0;1116501304,7975286429,0;7975286429,7975286583,0;7975286583,7977056082,0;7977056082,7977056084,0;7977056084,7977050965,0;7977050965,7977056079,0;7977056079,7977056078,0;7977056078,7979256736,0;7979256736,7977056077,0;7977056077,7979256760,0;7979256760,8407048466,0;8407048466,2530277169,0;2530277169,13161326472,0;13161326472,7979256723,0;7979256723,7979924894,0;7979924894,7979918290,0;7979918290,7967831812,0;7967831812,279077946,0;279077946,564083084,0;564083084,5374860944,0;5374860944,5374860978,0;5374860978,5374861143,0;5374861143,9053077286,0;9053077286,13527622504,0;13527622504,13167173350,0;13167173350,13527622497,0;13527622497,564083093,0;564083093,6317320202,0;6317320202,564083165,0;564083165,13167173329,0;13167173329,6317320222,0;6317320222,6028645652,0;6028645652,2369336843,0;2369336843,2369336701,0;2369336701,12333484744,0;12333484744,2368579077,0;2368579077,2369336820,0;2369336820,2368578991,0;2368578991,8887740818,0;8887740818,9570709534,0;9570709534,2369336807,0;2369336807,2368578970,0;2368578970,6043430915,0;6043430915,4899192485,0;4899192485,564639012,0;564639012,564638925,0;564638925,504640818,0;504640818,504637096,0;504637096,2787061089,0;2787061089,2787061351,0;2787061351,2787061330,0;2787061330,11155489650,0;11155489650,2787061341,0;2787061341,2787061167,0",T1,6101
2023-09-07T13:15:00+08:00,always,True,always,0.0,False,5,1,6,0.9199327917110895,0.3953416680179643,2023-09-07T13:15:00+08:00,10297.182344079098,0.3953416680179643,0.8323176177952752,0.6258018896654767,0.023328647951834,0.4177142568597644,112.83729999559,"9706921350,9706921684,0;9706921684,9706921682,0;9706921682,9713848047,0;9713848047,9713848018,0;9713848018,9713848023,0;9713848023,12984979400,0;12984979400,9713848118,0;9713848118,9713848006,0;9713848006,9713847968,0;9713847968,9706921713,0;9706921713,9706921712,0;9706921712,9706921786,0;9706921786,9778914467,0;9778914467,9706887247,0;9706887247,9706857800,0;9706857800,9706857774,0;9706857774,9706857801,0;9706857801,9706857775,0;9706857775,9706857832,0;9706857832,9706857843,0;9706857843,7161807983,0;7161807983,7161812592,0;7161812592,499478563,0;499478563,499478564,0;499478564,7973114513,0;7973114513,7973099569,0;7973099569,7975273881,0;7975273881,7973099508,0;7973099508,7973099507,0;7973099507,7973114859,0;7973114859,8298792534,0;8298792534,8298792550,0;8298792550,7973114851,0;7973114851,7975286501,0;7975286501,8298792599,0;8298792599,1116501292,0;1116501292,7975286500,0;7975286500,1116501304,0;1116501304,7975286429,0;7975286429,7975286583,0;7975286583,7977056082,0;7977056082,7977056084,0;7977056084,7977050965,0;7977050965,7977056079,0;7977056079,7979256640,0;7979256640,7979256626,0;7979256626,7979256668,0;7979256668,7977056101,0;7977056101,7967831807,0;7967831807,7967774259,0;7967774259,503464976,0;503464976,7961771680,0;7961771680,1116492807,0;1116492807,7967774262,0;7967774262,503464985,0;503464985,2530277199,0;2530277199,564083084,0;564083084,5374860944,0;5374860944,5374860978,0;5374860978,5374861143,0;5374861143,9053077286,0;9053077286,13527622504,0;13527622504,13167173350,0;13167173350,13527622497,0;13527622497,564083093,0;564083093,6317320202,0;6317320202,564083165,0;564083165,13167173329,0;13167173329,6317320222,0;6317320222,6028645652,0;6028645652,2369336843,0;2369336843,2369336701,0;2369336701,12333484744,0;12333484744,2368579077,0;2368579077,2369336820,0;2369336820,2368578991,0;2368578991,8887740818,0;8887740818,9570709534,0;9570709534,2369336807,0;2369336807,2368578970,0;2368578970,6043430915,0;6043430915,4899192485,0;4899192485,564639012,0;564639012,564638925,0;564638925,504640818,0;504640818,504637096,0;504637096,2787061089,0;2787061089,2787061351,0;2787061351,2787061330,0;2787061330,11155489650,0;11155489650,2787061341,0;2787061341,2787061167,0",T1,6101
2023-09-07T13:15:00+08:00,triggered,False,keep_current,,False,0,0,1,0.9199332089641964,0.4177142568597644,2023-09-07T12:00:00+08:00,10361.510411375662,0.4177142568597644,0.909520878769327,0.8563114976302749,0.1150815772968842,0.4177142568597644,89.78639997076243,"9706921350,9706921684,0;9706921684,9706921682,0;9706921682,9713848047,0;9713848047,9713848018,0;9713848018,9713848023,0;9713848023,12984979400,0;12984979400,9713848118,0;9713848118,9713848006,0;9713848006,9713847968,0;9713847968,9706921713,0;9706921713,9706921712,0;9706921712,9706921786,0;9706921786,9778914467,0;9778914467,9706887247,0;9706887247,9706857800,0;9706857800,9706857774,0;9706857774,9706857801,0;9706857801,9706857775,0;9706857775,9706857832,0;9706857832,9706857843,0;9706857843,7161807983,0;7161807983,7161812592,0;7161812592,499478563,0;499478563,499478564,0;499478564,7973114513,0;7973114513,7973099569,0;7973099569,7975273881,0;7975273881,7973099508,0;7973099508,7973099507,0;7973099507,7973114859,0;7973114859,8298792534,0;8298792534,8298792550,0;8298792550,7973114851,0;7973114851,7975286501,0;7975286501,8298792599,0;8298792599,1116501292,0;1116501292,7975286500,0;7975286500,1116501304,0;1116501304,7975286429,0;7975286429,7975286583,0;7975286583,7977056082,0;7977056082,7977056084,0;7977056084,7977050965,0;7977050965,7977056079,0;7977056079,7977056078,0;7977056078,7979256736,0;7979256736,7977056077,0;7977056077,7979256760,0;7979256760,8407048466,0;8407048466,2530277169,0;2530277169,13161326472,0;13161326472,7979256723,0;7979256723,7979924894,0;7979924894,7979918290,0;7979918290,7967831812,0;7967831812,279077946,0;279077946,564083084,0;564083084,5374860944,0;5374860944,5374860978,0;5374860978,5374861143,0;5374861143,9053077286,0;9053077286,13527622504,0;13527622504,13167173350,0;13167173350,13527622497,0;13527622497,564083093,0;564083093,6317320202,0;6317320202,564083165,0;564083165,13167173329,0;13167173329,6317320222,0;6317320222,6028645652,0;6028645652,2369336843,0;2369336843,2369336701,0;2369336701,12333484744,0;12333484744,2368579077,0;2368579077,2369336820,0;2369336820,2368578991,0;2368578991,8887740818,0;8887740818,9570709534,0;9570709534,2369336807,0;2369336807,2368578970,0;2368578970,6043430915,0;6043430915,4899192485,0;4899192485,564639012,0;564639012,564638925,0;564638925,504640818,0;504640818,504637096,0;504637096,2787061089,0;2787061089,2787061351,0;2787061351,2787061330,0;2787061330,11155489650,0;11155489650,2787061341,0;2787061341,2787061167,0",T1,6101
2023-09-07T13:30:00+08:00,never,False,never,,False,0,0,1,0.9199332089641964,0.4526319639265069,2023-09-07T12:00:00+08:00,10361.510411375662,0.4526319639265069,0.9247284213879586,0.8563114976302749,0.2808169947375232,0.4526319639265069,91.2551000365056,"9706921350,9706921684,0;9706921684,9706921682,0;9706921682,9713848047,0;9713848047,9713848018,0;9713848018,9713848023,0;9713848023,12984979400,0;12984979400,9713848118,0;9713848118,9713848006,0;9713848006,9713847968,0;9713847968,9706921713,0;9706921713,9706921712,0;9706921712,9706921786,0;9706921786,9778914467,0;9778914467,9706887247,0;9706887247,9706857800,0;9706857800,9706857774,0;9706857774,9706857801,0;9706857801,9706857775,0;9706857775,9706857832,0;9706857832,9706857843,0;9706857843,7161807983,0;7161807983,7161812592,0;7161812592,499478563,0;499478563,499478564,0;499478564,7973114513,0;7973114513,7973099569,0;7973099569,7975273881,0;7975273881,7973099508,0;7973099508,7973099507,0;7973099507,7973114859,0;7973114859,8298792534,0;8298792534,8298792550,0;8298792550,7973114851,0;7973114851,7975286501,0;7975286501,8298792599,0;8298792599,1116501292,0;1116501292,7975286500,0;7975286500,1116501304,0;1116501304,7975286429,0;7975286429,7975286583,0;7975286583,7977056082,0;7977056082,7977056084,0;7977056084,7977050965,0;7977050965,7977056079,0;7977056079,7977056078,0;7977056078,7979256736,0;7979256736,7977056077,0;7977056077,7979256760,0;7979256760,8407048466,0;8407048466,2530277169,0;2530277169,13161326472,0;13161326472,7979256723,0;7979256723,7979924894,0;7979924894,7979918290,0;7979918290,7967831812,0;7967831812,279077946,0;279077946,564083084,0;564083084,5374860944,0;5374860944,5374860978,0;5374860978,5374861143,0;5374861143,9053077286,0;9053077286,13527622504,0;13527622504,13167173350,0;13167173350,13527622497,0;13527622497,564083093,0;564083093,6317320202,0;6317320202,564083165,0;564083165,13167173329,0;13167173329,6317320222,0;6317320222,6028645652,0;6028645652,2369336843,0;2369336843,2369336701,0;2369336701,12333484744,0;12333484744,2368579077,0;2368579077,2369336820,0;2369336820,2368578991,0;2368578991,8887740818,0;8887740818,9570709534,0;9570709534,2369336807,0;2369336807,2368578970,0;2368578970,6043430915,0;6043430915,4899192485,0;4899192485,564639012,0;564639012,564638925,0;564638925,504640818,0;504640818,504637096,0;504637096,2787061089,0;2787061089,2787061351,0;2787061351,2787061330,0;2787061330,11155489650,0;11155489650,2787061341,0;2787061341,2787061167,0",T1,6101
2023-09-07T13:30:00+08:00,always,True,always,0.0284904720387793,True,6,2,7,0.919938305745216,0.3712234413278023,2023-09-07T13:30:00+08:00,11217.511335828478,0.3712234413278023,0.7528562628492789,0.6340112128684638,0.0445906466835989,0.4526319639265069,115.27250002836809,"9706921350,9706921684,0;9706921684,9706921682,0;9706921682,9713848047,0;9713848047,9713848018,0;9713848018,9713848023,0;9713848023,12984979400,0;12984979400,9713848118,0;9713848118,9713848006,0;9713848006,9713847968,0;9713847968,9706921713,0;9706921713,9706921712,0;9706921712,9706921786,0;9706921786,9778914467,0;9778914467,9706887247,0;9706887247,9706857800,0;9706857800,9706857774,0;9706857774,9706857801,0;9706857801,9706857775,0;9706857775,9706857832,0;9706857832,9706857843,0;9706857843,7161807983,0;7161807983,7161812592,0;7161812592,499478563,0;499478563,499478564,0;499478564,7973114513,0;7973114513,7973099569,0;7973099569,7975273881,0;7975273881,7973099508,0;7973099508,8298792548,0;8298792548,7973099506,0;7973099506,7975273876,0;7975273876,2530284953,0;2530284953,1491845601,0;1491845601,1491845610,0;1491845610,1116501223,0;1116501223,499478765,0;499478765,1116501237,0;1116501237,2525990704,0;2525990704,2525990691,0;2525990691,2525990692,0;2525990692,499543123,0;499543123,2750667601,0;2750667601,13072510361,0;13072510361,2750667627,0;2750667627,5834799167,0;5834799167,499543165,0;499543165,7965680795,0;7965680795,5271707993,0;5271707993,4848290283,0;4848290283,2750593369,0;2750593369,277673161,0;277673161,277052181,0;277052181,2750593322,0;2750593322,8076307465,0;8076307465,8076307469,0;8076307469,10556743824,0;10556743824,8791690550,0;8791690550,10579173218,0;10579173218,13017481550,0;13017481550,10556743814,0;10556743814,10031001813,0;10031001813,10556743820,0;10556743820,7252057922,0;7252057922,10556743818,0;10556743818,500016970,0;500016970,6413071087,0;6413071087,500016482,0;500016482,500016487,0;500016487,7252057894,0;7252057894,2367574792,0;2367574792,8077904806,0;8077904806,8002408178,0;8002408178,8002408180,0;8002408180,8077904800,0;8077904800,8002408198,0;8002408198,6317315212,0;6317315212,8002408173,0;8002408173,8002408172,0;8002408172,8002397282,0;8002397282,8002408030,0;8002408030,8002408117,0;8002408117,3671795931,0;3671795931,8002408083,0;8002408083,8002408082,0;8002408082,8077904795,0;8077904795,3671795928,0;3671795928,8002408012,0;8002408012,12988628620,0;12988628620,6413071588,0;6413071588,6413071335,0;6413071335,8002408006,0;8002408006,10539884637,0;10539884637,6302206145,0;6302206145,11046800331,0;11046800331,3671791988,0;3671791988,2787061351,0;2787061351,2787061330,0;2787061330,11155489650,0;11155489650,2787061341,0;2787061341,2787061167,0",T1,6101
2023-09-07T13:30:00+08:00,triggered,True,high_risk_ratio,0.0476389849591717,True,1,1,2,0.919938305745216,0.3712234413278023,2023-09-07T13:30:00+08:00,11217.511335828478,0.3712234413278023,0.7528562628492789,0.6340112128684638,0.0445906466835989,0.4526319639265069,114.94409997249022,"9706921350,9706921684,0;9706921684,9706921682,0;9706921682,9713848047,0;9713848047,9713848018,0;9713848018,9713848023,0;9713848023,12984979400,0;12984979400,9713848118,0;9713848118,9713848006,0;9713848006,9713847968,0;9713847968,9706921713,0;9706921713,9706921712,0;9706921712,9706921786,0;9706921786,9778914467,0;9778914467,9706887247,0;9706887247,9706857800,0;9706857800,9706857774,0;9706857774,9706857801,0;9706857801,9706857775,0;9706857775,9706857832,0;9706857832,9706857843,0;9706857843,7161807983,0;7161807983,7161812592,0;7161812592,499478563,0;499478563,499478564,0;499478564,7973114513,0;7973114513,7973099569,0;7973099569,7975273881,0;7975273881,7973099508,0;7973099508,8298792548,0;8298792548,7973099506,0;7973099506,7975273876,0;7975273876,2530284953,0;2530284953,1491845601,0;1491845601,1491845610,0;1491845610,1116501223,0;1116501223,499478765,0;499478765,1116501237,0;1116501237,2525990704,0;2525990704,2525990691,0;2525990691,2525990692,0;2525990692,499543123,0;499543123,2750667601,0;2750667601,13072510361,0;13072510361,2750667627,0;2750667627,5834799167,0;5834799167,499543165,0;499543165,7965680795,0;7965680795,5271707993,0;5271707993,4848290283,0;4848290283,2750593369,0;2750593369,277673161,0;277673161,277052181,0;277052181,2750593322,0;2750593322,8076307465,0;8076307465,8076307469,0;8076307469,10556743824,0;10556743824,8791690550,0;8791690550,10579173218,0;10579173218,13017481550,0;13017481550,10556743814,0;10556743814,10031001813,0;10031001813,10556743820,0;10556743820,7252057922,0;7252057922,10556743818,0;10556743818,500016970,0;500016970,6413071087,0;6413071087,500016482,0;500016482,500016487,0;500016487,7252057894,0;7252057894,2367574792,0;2367574792,8077904806,0;8077904806,8002408178,0;8002408178,8002408180,0;8002408180,8077904800,0;8077904800,8002408198,0;8002408198,6317315212,0;6317315212,8002408173,0;8002408173,8002408172,0;8002408172,8002397282,0;8002397282,8002408030,0;8002408030,8002408117,0;8002408117,3671795931,0;3671795931,8002408083,0;8002408083,8002408082,0;8002408082,8077904795,0;8077904795,3671795928,0;3671795928,8002408012,0;8002408012,12988628620,0;12988628620,6413071588,0;6413071588,6413071335,0;6413071335,8002408006,0;8002408006,10539884637,0;10539884637,6302206145,0;6302206145,11046800331,0;11046800331,3671791988,0;3671791988,2787061351,0;2787061351,2787061330,0;2787061330,11155489650,0;11155489650,2787061341,0;2787061341,2787061167,0",T1,6101
2023-09-07T13:45:00+08:00,never,False,never,,False,0,0,1,0.9199332089641964,0.46612904499399,2023-09-07T12:00:00+08:00,10361.510411375662,0.46612904499399,0.9247284213879586,0.8563114976302749,0.2937798626350558,0.46612904499399,90.52949998294936,"9706921350,9706921684,0;9706921684,9706921682,0;9706921682,9713848047,0;9713848047,9713848018,0;9713848018,9713848023,0;9713848023,12984979400,0;12984979400,9713848118,0;9713848118,9713848006,0;9713848006,9713847968,0;9713847968,9706921713,0;9706921713,9706921712,0;9706921712,9706921786,0;9706921786,9778914467,0;9778914467,9706887247,0;9706887247,9706857800,0;9706857800,9706857774,0;9706857774,9706857801,0;9706857801,9706857775,0;9706857775,9706857832,0;9706857832,9706857843,0;9706857843,7161807983,0;7161807983,7161812592,0;7161812592,499478563,0;499478563,499478564,0;499478564,7973114513,0;7973114513,7973099569,0;7973099569,7975273881,0;7975273881,7973099508,0;7973099508,7973099507,0;7973099507,7973114859,0;7973114859,8298792534,0;8298792534,8298792550,0;8298792550,7973114851,0;7973114851,7975286501,0;7975286501,8298792599,0;8298792599,1116501292,0;1116501292,7975286500,0;7975286500,1116501304,0;1116501304,7975286429,0;7975286429,7975286583,0;7975286583,7977056082,0;7977056082,7977056084,0;7977056084,7977050965,0;7977050965,7977056079,0;7977056079,7977056078,0;7977056078,7979256736,0;7979256736,7977056077,0;7977056077,7979256760,0;7979256760,8407048466,0;8407048466,2530277169,0;2530277169,13161326472,0;13161326472,7979256723,0;7979256723,7979924894,0;7979924894,7979918290,0;7979918290,7967831812,0;7967831812,279077946,0;279077946,564083084,0;564083084,5374860944,0;5374860944,5374860978,0;5374860978,5374861143,0;5374861143,9053077286,0;9053077286,13527622504,0;13527622504,13167173350,0;13167173350,13527622497,0;13527622497,564083093,0;564083093,6317320202,0;6317320202,564083165,0;564083165,13167173329,0;13167173329,6317320222,0;6317320222,6028645652,0;6028645652,2369336843,0;2369336843,2369336701,0;2369336701,12333484744,0;12333484744,2368579077,0;2368579077,2369336820,0;2369336820,2368578991,0;2368578991,8887740818,0;8887740818,9570709534,0;9570709534,2369336807,0;2369336807,2368578970,0;2368578970,6043430915,0;6043430915,4899192485,0;4899192485,564639012,0;564639012,564638925,0;564638925,504640818,0;504640818,504637096,0;504637096,2787061089,0;2787061089,2787061351,0;2787061351,2787061330,0;2787061330,11155489650,0;11155489650,2787061341,0;2787061341,2787061167,0",T1,6101
2023-09-07T13:45:00+08:00,always,True,always,0.0,False,7,2,8,0.919938305745216,0.3797403836087475,2023-09-07T13:45:00+08:00,11217.511335828478,0.3797403836087475,0.8100370111004371,0.6911919611202045,0.068308133179008,0.46612904499399,114.22419996233656,"9706921350,9706921684,0;9706921684,9706921682,0;9706921682,9713848047,0;9713848047,9713848018,0;9713848018,9713848023,0;9713848023,12984979400,0;12984979400,9713848118,0;9713848118,9713848006,0;9713848006,9713847968,0;9713847968,9706921713,0;9706921713,9706921712,0;9706921712,9706921786,0;9706921786,9778914467,0;9778914467,9706887247,0;9706887247,9706857800,0;9706857800,9706857774,0;9706857774,9706857801,0;9706857801,9706857775,0;9706857775,9706857832,0;9706857832,9706857843,0;9706857843,7161807983,0;7161807983,7161812592,0;7161812592,499478563,0;499478563,499478564,0;499478564,7973114513,0;7973114513,7973099569,0;7973099569,7975273881,0;7975273881,7973099508,0;7973099508,8298792548,0;8298792548,7973099506,0;7973099506,7975273876,0;7975273876,2530284953,0;2530284953,1491845601,0;1491845601,1491845610,0;1491845610,1116501223,0;1116501223,499478765,0;499478765,1116501237,0;1116501237,2525990704,0;2525990704,2525990691,0;2525990691,2525990692,0;2525990692,499543123,0;499543123,2750667601,0;2750667601,13072510361,0;13072510361,2750667627,0;2750667627,5834799167,0;5834799167,499543165,0;499543165,7965680795,0;7965680795,5271707993,0;5271707993,4848290283,0;4848290283,2750593369,0;2750593369,277673161,0;277673161,277052181,0;277052181,2750593322,0;2750593322,8076307465,0;8076307465,8076307469,0;8076307469,10556743824,0;10556743824,8791690550,0;8791690550,10579173218,0;10579173218,13017481550,0;13017481550,10556743814,0;10556743814,10031001813,0;10031001813,10556743820,0;10556743820,7252057922,0;7252057922,10556743818,0;10556743818,500016970,0;500016970,6413071087,0;6413071087,500016482,0;500016482,500016487,0;500016487,7252057894,0;7252057894,2367574792,0;2367574792,8077904806,0;8077904806,8002408178,0;8002408178,8002408180,0;8002408180,8077904800,0;8077904800,8002408198,0;8002408198,6317315212,0;6317315212,8002408173,0;8002408173,8002408172,0;8002408172,8002397282,0;8002397282,8002408030,0;8002408030,8002408117,0;8002408117,3671795931,0;3671795931,8002408083,0;8002408083,8002408082,0;8002408082,8077904795,0;8077904795,3671795928,0;3671795928,8002408012,0;8002408012,12988628620,0;12988628620,6413071588,0;6413071588,6413071335,0;6413071335,8002408006,0;8002408006,10539884637,0;10539884637,6302206145,0;6302206145,11046800331,0;11046800331,3671791988,0;3671791988,2787061351,0;2787061351,2787061330,0;2787061330,11155489650,0;11155489650,2787061341,0;2787061341,2787061167,0",T1,6101
2023-09-07T13:45:00+08:00,triggered,False,keep_current,,False,1,1,2,0.919938305745216,0.3797403836087475,2023-09-07T13:30:00+08:00,11217.511335828478,0.3797403836087475,0.8100370111004371,0.6911919611202045,0.068308133179008,0.46612904499399,89.6608000039123,"9706921350,9706921684,0;9706921684,9706921682,0;9706921682,9713848047,0;9713848047,9713848018,0;9713848018,9713848023,0;9713848023,12984979400,0;12984979400,9713848118,0;9713848118,9713848006,0;9713848006,9713847968,0;9713847968,9706921713,0;9706921713,9706921712,0;9706921712,9706921786,0;9706921786,9778914467,0;9778914467,9706887247,0;9706887247,9706857800,0;9706857800,9706857774,0;9706857774,9706857801,0;9706857801,9706857775,0;9706857775,9706857832,0;9706857832,9706857843,0;9706857843,7161807983,0;7161807983,7161812592,0;7161812592,499478563,0;499478563,499478564,0;499478564,7973114513,0;7973114513,7973099569,0;7973099569,7975273881,0;7975273881,7973099508,0;7973099508,8298792548,0;8298792548,7973099506,0;7973099506,7975273876,0;7975273876,2530284953,0;2530284953,1491845601,0;1491845601,1491845610,0;1491845610,1116501223,0;1116501223,499478765,0;499478765,1116501237,0;1116501237,2525990704,0;2525990704,2525990691,0;2525990691,2525990692,0;2525990692,499543123,0;499543123,2750667601,0;2750667601,13072510361,0;13072510361,2750667627,0;2750667627,5834799167,0;5834799167,499543165,0;499543165,7965680795,0;7965680795,5271707993,0;5271707993,4848290283,0;4848290283,2750593369,0;2750593369,277673161,0;277673161,277052181,0;277052181,2750593322,0;2750593322,8076307465,0;8076307465,8076307469,0;8076307469,10556743824,0;10556743824,8791690550,0;8791690550,10579173218,0;10579173218,13017481550,0;13017481550,10556743814,0;10556743814,10031001813,0;10031001813,10556743820,0;10556743820,7252057922,0;7252057922,10556743818,0;10556743818,500016970,0;500016970,6413071087,0;6413071087,500016482,0;500016482,500016487,0;500016487,7252057894,0;7252057894,2367574792,0;2367574792,8077904806,0;8077904806,8002408178,0;8002408178,8002408180,0;8002408180,8077904800,0;8077904800,8002408198,0;8002408198,6317315212,0;6317315212,8002408173,0;8002408173,8002408172,0;8002408172,8002397282,0;8002397282,8002408030,0;8002408030,8002408117,0;8002408117,3671795931,0;3671795931,8002408083,0;8002408083,8002408082,0;8002408082,8077904795,0;8077904795,3671795928,0;3671795928,8002408012,0;8002408012,12988628620,0;12988628620,6413071588,0;6413071588,6413071335,0;6413071335,8002408006,0;8002408006,10539884637,0;10539884637,6302206145,0;6302206145,11046800331,0;11046800331,3671791988,0;3671791988,2787061351,0;2787061351,2787061330,0;2787061330,11155489650,0;11155489650,2787061341,0;2787061341,2787061167,0",T1,6101
2023-09-07T14:00:00+08:00,never,False,never,,False,0,0,1,0.9199332089641964,0.46612904499399,2023-09-07T12:00:00+08:00,10361.510411375662,0.46612904499399,0.9247284213879586,0.8563114976302749,0.2937798626350558,0.46612904499399,89.39609996741638,"9706921350,9706921684,0;9706921684,9706921682,0;9706921682,9713848047,0;9713848047,9713848018,0;9713848018,9713848023,0;9713848023,12984979400,0;12984979400,9713848118,0;9713848118,9713848006,0;9713848006,9713847968,0;9713847968,9706921713,0;9706921713,9706921712,0;9706921712,9706921786,0;9706921786,9778914467,0;9778914467,9706887247,0;9706887247,9706857800,0;9706857800,9706857774,0;9706857774,9706857801,0;9706857801,9706857775,0;9706857775,9706857832,0;9706857832,9706857843,0;9706857843,7161807983,0;7161807983,7161812592,0;7161812592,499478563,0;499478563,499478564,0;499478564,7973114513,0;7973114513,7973099569,0;7973099569,7975273881,0;7975273881,7973099508,0;7973099508,7973099507,0;7973099507,7973114859,0;7973114859,8298792534,0;8298792534,8298792550,0;8298792550,7973114851,0;7973114851,7975286501,0;7975286501,8298792599,0;8298792599,1116501292,0;1116501292,7975286500,0;7975286500,1116501304,0;1116501304,7975286429,0;7975286429,7975286583,0;7975286583,7977056082,0;7977056082,7977056084,0;7977056084,7977050965,0;7977050965,7977056079,0;7977056079,7977056078,0;7977056078,7979256736,0;7979256736,7977056077,0;7977056077,7979256760,0;7979256760,8407048466,0;8407048466,2530277169,0;2530277169,13161326472,0;13161326472,7979256723,0;7979256723,7979924894,0;7979924894,7979918290,0;7979918290,7967831812,0;7967831812,279077946,0;279077946,564083084,0;564083084,5374860944,0;5374860944,5374860978,0;5374860978,5374861143,0;5374861143,9053077286,0;9053077286,13527622504,0;13527622504,13167173350,0;13167173350,13527622497,0;13527622497,564083093,0;564083093,6317320202,0;6317320202,564083165,0;564083165,13167173329,0;13167173329,6317320222,0;6317320222,6028645652,0;6028645652,2369336843,0;2369336843,2369336701,0;2369336701,12333484744,0;12333484744,2368579077,0;2368579077,2369336820,0;2369336820,2368578991,0;2368578991,8887740818,0;8887740818,9570709534,0;9570709534,2369336807,0;2369336807,2368578970,0;2368578970,6043430915,0;6043430915,4899192485,0;4899192485,564639012,0;564639012,564638925,0;564638925,504640818,0;504640818,504637096,0;504637096,2787061089,0;2787061089,2787061351,0;2787061351,2787061330,0;2787061330,11155489650,0;11155489650,2787061341,0;2787061341,2787061167,0",T1,6101
2023-09-07T14:00:00+08:00,always,True,always,0.0,False,8,2,9,0.919938305745216,0.3797403836087475,2023-09-07T14:00:00+08:00,11217.511335828478,0.3797403836087475,0.8100370111004371,0.6911919611202045,0.068308133179008,0.46612904499399,111.36729997815564,"9706921350,9706921684,0;9706921684,9706921682,0;9706921682,9713848047,0;9713848047,9713848018,0;9713848018,9713848023,0;9713848023,12984979400,0;12984979400,9713848118,0;9713848118,9713848006,0;9713848006,9713847968,0;9713847968,9706921713,0;9706921713,9706921712,0;9706921712,9706921786,0;9706921786,9778914467,0;9778914467,9706887247,0;9706887247,9706857800,0;9706857800,9706857774,0;9706857774,9706857801,0;9706857801,9706857775,0;9706857775,9706857832,0;9706857832,9706857843,0;9706857843,7161807983,0;7161807983,7161812592,0;7161812592,499478563,0;499478563,499478564,0;499478564,7973114513,0;7973114513,7973099569,0;7973099569,7975273881,0;7975273881,7973099508,0;7973099508,8298792548,0;8298792548,7973099506,0;7973099506,7975273876,0;7975273876,2530284953,0;2530284953,1491845601,0;1491845601,1491845610,0;1491845610,1116501223,0;1116501223,499478765,0;499478765,1116501237,0;1116501237,2525990704,0;2525990704,2525990691,0;2525990691,2525990692,0;2525990692,499543123,0;499543123,2750667601,0;2750667601,13072510361,0;13072510361,2750667627,0;2750667627,5834799167,0;5834799167,499543165,0;499543165,7965680795,0;7965680795,5271707993,0;5271707993,4848290283,0;4848290283,2750593369,0;2750593369,277673161,0;277673161,277052181,0;277052181,2750593322,0;2750593322,8076307465,0;8076307465,8076307469,0;8076307469,10556743824,0;10556743824,8791690550,0;8791690550,10579173218,0;10579173218,13017481550,0;13017481550,10556743814,0;10556743814,10031001813,0;10031001813,10556743820,0;10556743820,7252057922,0;7252057922,10556743818,0;10556743818,500016970,0;500016970,6413071087,0;6413071087,500016482,0;500016482,500016487,0;500016487,7252057894,0;7252057894,2367574792,0;2367574792,8077904806,0;8077904806,8002408178,0;8002408178,8002408180,0;8002408180,8077904800,0;8077904800,8002408198,0;8002408198,6317315212,0;6317315212,8002408173,0;8002408173,8002408172,0;8002408172,8002397282,0;8002397282,8002408030,0;8002408030,8002408117,0;8002408117,3671795931,0;3671795931,8002408083,0;8002408083,8002408082,0;8002408082,8077904795,0;8077904795,3671795928,0;3671795928,8002408012,0;8002408012,12988628620,0;12988628620,6413071588,0;6413071588,6413071335,0;6413071335,8002408006,0;8002408006,10539884637,0;10539884637,6302206145,0;6302206145,11046800331,0;11046800331,3671791988,0;3671791988,2787061351,0;2787061351,2787061330,0;2787061330,11155489650,0;11155489650,2787061341,0;2787061341,2787061167,0",T1,6101
2023-09-07T14:00:00+08:00,triggered,False,keep_current,,False,1,1,2,0.919938305745216,0.3797403836087475,2023-09-07T13:30:00+08:00,11217.511335828478,0.3797403836087475,0.8100370111004371,0.6911919611202045,0.068308133179008,0.46612904499399,88.85609998833388,"9706921350,9706921684,0;9706921684,9706921682,0;9706921682,9713848047,0;9713848047,9713848018,0;9713848018,9713848023,0;9713848023,12984979400,0;12984979400,9713848118,0;9713848118,9713848006,0;9713848006,9713847968,0;9713847968,9706921713,0;9706921713,9706921712,0;9706921712,9706921786,0;9706921786,9778914467,0;9778914467,9706887247,0;9706887247,9706857800,0;9706857800,9706857774,0;9706857774,9706857801,0;9706857801,9706857775,0;9706857775,9706857832,0;9706857832,9706857843,0;9706857843,7161807983,0;7161807983,7161812592,0;7161812592,499478563,0;499478563,499478564,0;499478564,7973114513,0;7973114513,7973099569,0;7973099569,7975273881,0;7975273881,7973099508,0;7973099508,8298792548,0;8298792548,7973099506,0;7973099506,7975273876,0;7975273876,2530284953,0;2530284953,1491845601,0;1491845601,1491845610,0;1491845610,1116501223,0;1116501223,499478765,0;499478765,1116501237,0;1116501237,2525990704,0;2525990704,2525990691,0;2525990691,2525990692,0;2525990692,499543123,0;499543123,2750667601,0;2750667601,13072510361,0;13072510361,2750667627,0;2750667627,5834799167,0;5834799167,499543165,0;499543165,7965680795,0;7965680795,5271707993,0;5271707993,4848290283,0;4848290283,2750593369,0;2750593369,277673161,0;277673161,277052181,0;277052181,2750593322,0;2750593322,8076307465,0;8076307465,8076307469,0;8076307469,10556743824,0;10556743824,8791690550,0;8791690550,10579173218,0;10579173218,13017481550,0;13017481550,10556743814,0;10556743814,10031001813,0;10031001813,10556743820,0;10556743820,7252057922,0;7252057922,10556743818,0;10556743818,500016970,0;500016970,6413071087,0;6413071087,500016482,0;500016482,500016487,0;500016487,7252057894,0;7252057894,2367574792,0;2367574792,8077904806,0;8077904806,8002408178,0;8002408178,8002408180,0;8002408180,8077904800,0;8077904800,8002408198,0;8002408198,6317315212,0;6317315212,8002408173,0;8002408173,8002408172,0;8002408172,8002397282,0;8002397282,8002408030,0;8002408030,8002408117,0;8002408117,3671795931,0;3671795931,8002408083,0;8002408083,8002408082,0;8002408082,8077904795,0;8077904795,3671795928,0;3671795928,8002408012,0;8002408012,12988628620,0;12988628620,6413071588,0;6413071588,6413071335,0;6413071335,8002408006,0;8002408006,10539884637,0;10539884637,6302206145,0;6302206145,11046800331,0;11046800331,3671791988,0;3671791988,2787061351,0;2787061351,2787061330,0;2787061330,11155489650,0;11155489650,2787061341,0;2787061341,2787061167,0",T1,6101
2023-09-07T14:15:00+08:00,never,False,never,,False,0,0,1,0.9199332089641964,0.46612904499399,2023-09-07T12:00:00+08:00,10361.510411375662,0.46612904499399,0.9247284213879586,0.8563114976302749,0.2937798626350558,0.46612904499399,94.19909998541698,"9706921350,9706921684,0;9706921684,9706921682,0;9706921682,9713848047,0;9713848047,9713848018,0;9713848018,9713848023,0;9713848023,12984979400,0;12984979400,9713848118,0;9713848118,9713848006,0;9713848006,9713847968,0;9713847968,9706921713,0;9706921713,9706921712,0;9706921712,9706921786,0;9706921786,9778914467,0;9778914467,9706887247,0;9706887247,9706857800,0;9706857800,9706857774,0;9706857774,9706857801,0;9706857801,9706857775,0;9706857775,9706857832,0;9706857832,9706857843,0;9706857843,7161807983,0;7161807983,7161812592,0;7161812592,499478563,0;499478563,499478564,0;499478564,7973114513,0;7973114513,7973099569,0;7973099569,7975273881,0;7975273881,7973099508,0;7973099508,7973099507,0;7973099507,7973114859,0;7973114859,8298792534,0;8298792534,8298792550,0;8298792550,7973114851,0;7973114851,7975286501,0;7975286501,8298792599,0;8298792599,1116501292,0;1116501292,7975286500,0;7975286500,1116501304,0;1116501304,7975286429,0;7975286429,7975286583,0;7975286583,7977056082,0;7977056082,7977056084,0;7977056084,7977050965,0;7977050965,7977056079,0;7977056079,7977056078,0;7977056078,7979256736,0;7979256736,7977056077,0;7977056077,7979256760,0;7979256760,8407048466,0;8407048466,2530277169,0;2530277169,13161326472,0;13161326472,7979256723,0;7979256723,7979924894,0;7979924894,7979918290,0;7979918290,7967831812,0;7967831812,279077946,0;279077946,564083084,0;564083084,5374860944,0;5374860944,5374860978,0;5374860978,5374861143,0;5374861143,9053077286,0;9053077286,13527622504,0;13527622504,13167173350,0;13167173350,13527622497,0;13527622497,564083093,0;564083093,6317320202,0;6317320202,564083165,0;564083165,13167173329,0;13167173329,6317320222,0;6317320222,6028645652,0;6028645652,2369336843,0;2369336843,2369336701,0;2369336701,12333484744,0;12333484744,2368579077,0;2368579077,2369336820,0;2369336820,2368578991,0;2368578991,8887740818,0;8887740818,9570709534,0;9570709534,2369336807,0;2369336807,2368578970,0;2368578970,6043430915,0;6043430915,4899192485,0;4899192485,564639012,0;564639012,564638925,0;564638925,504640818,0;504640818,504637096,0;504637096,2787061089,0;2787061089,2787061351,0;2787061351,2787061330,0;2787061330,11155489650,0;11155489650,2787061341,0;2787061341,2787061167,0",T1,6101
2023-09-07T14:15:00+08:00,always,True,always,0.0,False,9,2,10,0.919938305745216,0.3797403836087475,2023-09-07T14:15:00+08:00,11217.511335828478,0.3797403836087475,0.8100370111004371,0.6911919611202045,0.068308133179008,0.46612904499399,117.46410001069307,"9706921350,9706921684,0;9706921684,9706921682,0;9706921682,9713848047,0;9713848047,9713848018,0;9713848018,9713848023,0;9713848023,12984979400,0;12984979400,9713848118,0;9713848118,9713848006,0;9713848006,9713847968,0;9713847968,9706921713,0;9706921713,9706921712,0;9706921712,9706921786,0;9706921786,9778914467,0;9778914467,9706887247,0;9706887247,9706857800,0;9706857800,9706857774,0;9706857774,9706857801,0;9706857801,9706857775,0;9706857775,9706857832,0;9706857832,9706857843,0;9706857843,7161807983,0;7161807983,7161812592,0;7161812592,499478563,0;499478563,499478564,0;499478564,7973114513,0;7973114513,7973099569,0;7973099569,7975273881,0;7975273881,7973099508,0;7973099508,8298792548,0;8298792548,7973099506,0;7973099506,7975273876,0;7975273876,2530284953,0;2530284953,1491845601,0;1491845601,1491845610,0;1491845610,1116501223,0;1116501223,499478765,0;499478765,1116501237,0;1116501237,2525990704,0;2525990704,2525990691,0;2525990691,2525990692,0;2525990692,499543123,0;499543123,2750667601,0;2750667601,13072510361,0;13072510361,2750667627,0;2750667627,5834799167,0;5834799167,499543165,0;499543165,7965680795,0;7965680795,5271707993,0;5271707993,4848290283,0;4848290283,2750593369,0;2750593369,277673161,0;277673161,277052181,0;277052181,2750593322,0;2750593322,8076307465,0;8076307465,8076307469,0;8076307469,10556743824,0;10556743824,8791690550,0;8791690550,10579173218,0;10579173218,13017481550,0;13017481550,10556743814,0;10556743814,10031001813,0;10031001813,10556743820,0;10556743820,7252057922,0;7252057922,10556743818,0;10556743818,500016970,0;500016970,6413071087,0;6413071087,500016482,0;500016482,500016487,0;500016487,7252057894,0;7252057894,2367574792,0;2367574792,8077904806,0;8077904806,8002408178,0;8002408178,8002408180,0;8002408180,8077904800,0;8077904800,8002408198,0;8002408198,6317315212,0;6317315212,8002408173,0;8002408173,8002408172,0;8002408172,8002397282,0;8002397282,8002408030,0;8002408030,8002408117,0;8002408117,3671795931,0;3671795931,8002408083,0;8002408083,8002408082,0;8002408082,8077904795,0;8077904795,3671795928,0;3671795928,8002408012,0;8002408012,12988628620,0;12988628620,6413071588,0;6413071588,6413071335,0;6413071335,8002408006,0;8002408006,10539884637,0;10539884637,6302206145,0;6302206145,11046800331,0;11046800331,3671791988,0;3671791988,2787061351,0;2787061351,2787061330,0;2787061330,11155489650,0;11155489650,2787061341,0;2787061341,2787061167,0",T1,6101
2023-09-07T14:15:00+08:00,triggered,False,keep_current,,False,1,1,2,0.919938305745216,0.3797403836087475,2023-09-07T13:30:00+08:00,11217.511335828478,0.3797403836087475,0.8100370111004371,0.6911919611202045,0.068308133179008,0.46612904499399,94.14319996722044,"9706921350,9706921684,0;9706921684,9706921682,0;9706921682,9713848047,0;9713848047,9713848018,0;9713848018,9713848023,0;9713848023,12984979400,0;12984979400,9713848118,0;9713848118,9713848006,0;9713848006,9713847968,0;9713847968,9706921713,0;9706921713,9706921712,0;9706921712,9706921786,0;9706921786,9778914467,0;9778914467,9706887247,0;9706887247,9706857800,0;9706857800,9706857774,0;9706857774,9706857801,0;9706857801,9706857775,0;9706857775,9706857832,0;9706857832,9706857843,0;9706857843,7161807983,0;7161807983,7161812592,0;7161812592,499478563,0;499478563,499478564,0;499478564,7973114513,0;7973114513,7973099569,0;7973099569,7975273881,0;7975273881,7973099508,0;7973099508,8298792548,0;8298792548,7973099506,0;7973099506,7975273876,0;7975273876,2530284953,0;2530284953,1491845601,0;1491845601,1491845610,0;1491845610,1116501223,0;1116501223,499478765,0;499478765,1116501237,0;1116501237,2525990704,0;2525990704,2525990691,0;2525990691,2525990692,0;2525990692,499543123,0;499543123,2750667601,0;2750667601,13072510361,0;13072510361,2750667627,0;2750667627,5834799167,0;5834799167,499543165,0;499543165,7965680795,0;7965680795,5271707993,0;5271707993,4848290283,0;4848290283,2750593369,0;2750593369,277673161,0;277673161,277052181,0;277052181,2750593322,0;2750593322,8076307465,0;8076307465,8076307469,0;8076307469,10556743824,0;10556743824,8791690550,0;8791690550,10579173218,0;10579173218,13017481550,0;13017481550,10556743814,0;10556743814,10031001813,0;10031001813,10556743820,0;10556743820,7252057922,0;7252057922,10556743818,0;10556743818,500016970,0;500016970,6413071087,0;6413071087,500016482,0;500016482,500016487,0;500016487,7252057894,0;7252057894,2367574792,0;2367574792,8077904806,0;8077904806,8002408178,0;8002408178,8002408180,0;8002408180,8077904800,0;8077904800,8002408198,0;8002408198,6317315212,0;6317315212,8002408173,0;8002408173,8002408172,0;8002408172,8002397282,0;8002397282,8002408030,0;8002408030,8002408117,0;8002408117,3671795931,0;3671795931,8002408083,0;8002408083,8002408082,0;8002408082,8077904795,0;8077904795,3671795928,0;3671795928,8002408012,0;8002408012,12988628620,0;12988628620,6413071588,0;6413071588,6413071335,0;6413071335,8002408006,0;8002408006,10539884637,0;10539884637,6302206145,0;6302206145,11046800331,0;11046800331,3671791988,0;3671791988,2787061351,0;2787061351,2787061330,0;2787061330,11155489650,0;11155489650,2787061341,0;2787061341,2787061167,0",T1,6101
2023-09-07T14:30:00+08:00,never,False,never,,False,0,0,1,0.9199332089641964,0.46612904499399,2023-09-07T12:00:00+08:00,10361.510411375662,0.46612904499399,0.9247284213879586,0.8563114976302749,0.2937798626350558,0.46612904499399,95.40289995493367,"9706921350,9706921684,0;9706921684,9706921682,0;9706921682,9713848047,0;9713848047,9713848018,0;9713848018,9713848023,0;9713848023,12984979400,0;12984979400,9713848118,0;9713848118,9713848006,0;9713848006,9713847968,0;9713847968,9706921713,0;9706921713,9706921712,0;9706921712,9706921786,0;9706921786,9778914467,0;9778914467,9706887247,0;9706887247,9706857800,0;9706857800,9706857774,0;9706857774,9706857801,0;9706857801,9706857775,0;9706857775,9706857832,0;9706857832,9706857843,0;9706857843,7161807983,0;7161807983,7161812592,0;7161812592,499478563,0;499478563,499478564,0;499478564,7973114513,0;7973114513,7973099569,0;7973099569,7975273881,0;7975273881,7973099508,0;7973099508,7973099507,0;7973099507,7973114859,0;7973114859,8298792534,0;8298792534,8298792550,0;8298792550,7973114851,0;7973114851,7975286501,0;7975286501,8298792599,0;8298792599,1116501292,0;1116501292,7975286500,0;7975286500,1116501304,0;1116501304,7975286429,0;7975286429,7975286583,0;7975286583,7977056082,0;7977056082,7977056084,0;7977056084,7977050965,0;7977050965,7977056079,0;7977056079,7977056078,0;7977056078,7979256736,0;7979256736,7977056077,0;7977056077,7979256760,0;7979256760,8407048466,0;8407048466,2530277169,0;2530277169,13161326472,0;13161326472,7979256723,0;7979256723,7979924894,0;7979924894,7979918290,0;7979918290,7967831812,0;7967831812,279077946,0;279077946,564083084,0;564083084,5374860944,0;5374860944,5374860978,0;5374860978,5374861143,0;5374861143,9053077286,0;9053077286,13527622504,0;13527622504,13167173350,0;13167173350,13527622497,0;13527622497,564083093,0;564083093,6317320202,0;6317320202,564083165,0;564083165,13167173329,0;13167173329,6317320222,0;6317320222,6028645652,0;6028645652,2369336843,0;2369336843,2369336701,0;2369336701,12333484744,0;12333484744,2368579077,0;2368579077,2369336820,0;2369336820,2368578991,0;2368578991,8887740818,0;8887740818,9570709534,0;9570709534,2369336807,0;2369336807,2368578970,0;2368578970,6043430915,0;6043430915,4899192485,0;4899192485,564639012,0;564639012,564638925,0;564638925,504640818,0;504640818,504637096,0;504637096,2787061089,0;2787061089,2787061351,0;2787061351,2787061330,0;2787061330,11155489650,0;11155489650,2787061341,0;2787061341,2787061167,0",T1,6101
2023-09-07T14:30:00+08:00,always,True,always,0.0,False,10,2,11,0.919938305745216,0.3797403836087475,2023-09-07T14:30:00+08:00,11217.511335828478,0.3797403836087475,0.8100370111004371,0.6911919611202045,0.068308133179008,0.46612904499399,119.15369995404036,"9706921350,9706921684,0;9706921684,9706921682,0;9706921682,9713848047,0;9713848047,9713848018,0;9713848018,9713848023,0;9713848023,12984979400,0;12984979400,9713848118,0;9713848118,9713848006,0;9713848006,9713847968,0;9713847968,9706921713,0;9706921713,9706921712,0;9706921712,9706921786,0;9706921786,9778914467,0;9778914467,9706887247,0;9706887247,9706857800,0;9706857800,9706857774,0;9706857774,9706857801,0;9706857801,9706857775,0;9706857775,9706857832,0;9706857832,9706857843,0;9706857843,7161807983,0;7161807983,7161812592,0;7161812592,499478563,0;499478563,499478564,0;499478564,7973114513,0;7973114513,7973099569,0;7973099569,7975273881,0;7975273881,7973099508,0;7973099508,8298792548,0;8298792548,7973099506,0;7973099506,7975273876,0;7975273876,2530284953,0;2530284953,1491845601,0;1491845601,1491845610,0;1491845610,1116501223,0;1116501223,499478765,0;499478765,1116501237,0;1116501237,2525990704,0;2525990704,2525990691,0;2525990691,2525990692,0;2525990692,499543123,0;499543123,2750667601,0;2750667601,13072510361,0;13072510361,2750667627,0;2750667627,5834799167,0;5834799167,499543165,0;499543165,7965680795,0;7965680795,5271707993,0;5271707993,4848290283,0;4848290283,2750593369,0;2750593369,277673161,0;277673161,277052181,0;277052181,2750593322,0;2750593322,8076307465,0;8076307465,8076307469,0;8076307469,10556743824,0;10556743824,8791690550,0;8791690550,10579173218,0;10579173218,13017481550,0;13017481550,10556743814,0;10556743814,10031001813,0;10031001813,10556743820,0;10556743820,7252057922,0;7252057922,10556743818,0;10556743818,500016970,0;500016970,6413071087,0;6413071087,500016482,0;500016482,500016487,0;500016487,7252057894,0;7252057894,2367574792,0;2367574792,8077904806,0;8077904806,8002408178,0;8002408178,8002408180,0;8002408180,8077904800,0;8077904800,8002408198,0;8002408198,6317315212,0;6317315212,8002408173,0;8002408173,8002408172,0;8002408172,8002397282,0;8002397282,8002408030,0;8002408030,8002408117,0;8002408117,3671795931,0;3671795931,8002408083,0;8002408083,8002408082,0;8002408082,8077904795,0;8077904795,3671795928,0;3671795928,8002408012,0;8002408012,12988628620,0;12988628620,6413071588,0;6413071588,6413071335,0;6413071335,8002408006,0;8002408006,10539884637,0;10539884637,6302206145,0;6302206145,11046800331,0;11046800331,3671791988,0;3671791988,2787061351,0;2787061351,2787061330,0;2787061330,11155489650,0;11155489650,2787061341,0;2787061341,2787061167,0",T1,6101
2023-09-07T14:30:00+08:00,triggered,False,keep_current,,False,1,1,2,0.919938305745216,0.3797403836087475,2023-09-07T13:30:00+08:00,11217.511335828478,0.3797403836087475,0.8100370111004371,0.6911919611202045,0.068308133179008,0.46612904499399,95.75460001360624,"9706921350,9706921684,0;9706921684,9706921682,0;9706921682,9713848047,0;9713848047,9713848018,0;9713848018,9713848023,0;9713848023,12984979400,0;12984979400,9713848118,0;9713848118,9713848006,0;9713848006,9713847968,0;9713847968,9706921713,0;9706921713,9706921712,0;9706921712,9706921786,0;9706921786,9778914467,0;9778914467,9706887247,0;9706887247,9706857800,0;9706857800,9706857774,0;9706857774,9706857801,0;9706857801,9706857775,0;9706857775,9706857832,0;9706857832,9706857843,0;9706857843,7161807983,0;7161807983,7161812592,0;7161812592,499478563,0;499478563,499478564,0;499478564,7973114513,0;7973114513,7973099569,0;7973099569,7975273881,0;7975273881,7973099508,0;7973099508,8298792548,0;8298792548,7973099506,0;7973099506,7975273876,0;7975273876,2530284953,0;2530284953,1491845601,0;1491845601,1491845610,0;1491845610,1116501223,0;1116501223,499478765,0;499478765,1116501237,0;1116501237,2525990704,0;2525990704,2525990691,0;2525990691,2525990692,0;2525990692,499543123,0;499543123,2750667601,0;2750667601,13072510361,0;13072510361,2750667627,0;2750667627,5834799167,0;5834799167,499543165,0;499543165,7965680795,0;7965680795,5271707993,0;5271707993,4848290283,0;4848290283,2750593369,0;2750593369,277673161,0;277673161,277052181,0;277052181,2750593322,0;2750593322,8076307465,0;8076307465,8076307469,0;8076307469,10556743824,0;10556743824,8791690550,0;8791690550,10579173218,0;10579173218,13017481550,0;13017481550,10556743814,0;10556743814,10031001813,0;10031001813,10556743820,0;10556743820,7252057922,0;7252057922,10556743818,0;10556743818,500016970,0;500016970,6413071087,0;6413071087,500016482,0;500016482,500016487,0;500016487,7252057894,0;7252057894,2367574792,0;2367574792,8077904806,0;8077904806,8002408178,0;8002408178,8002408180,0;8002408180,8077904800,0;8077904800,8002408198,0;8002408198,6317315212,0;6317315212,8002408173,0;8002408173,8002408172,0;8002408172,8002397282,0;8002397282,8002408030,0;8002408030,8002408117,0;8002408117,3671795931,0;3671795931,8002408083,0;8002408083,8002408082,0;8002408082,8077904795,0;8077904795,3671795928,0;3671795928,8002408012,0;8002408012,12988628620,0;12988628620,6413071588,0;6413071588,6413071335,0;6413071335,8002408006,0;8002408006,10539884637,0;10539884637,6302206145,0;6302206145,11046800331,0;11046800331,3671791988,0;3671791988,2787061351,0;2787061351,2787061330,0;2787061330,11155489650,0;11155489650,2787061341,0;2787061341,2787061167,0",T1,6101
2023-09-07T14:45:00+08:00,never,False,never,,False,0,0,1,0.9199332089641964,0.46612904499399,2023-09-07T12:00:00+08:00,10361.510411375662,0.46612904499399,0.9247284213879586,0.8563114976302749,0.2937798626350558,0.46612904499399,92.1496000373736,"9706921350,9706921684,0;9706921684,9706921682,0;9706921682,9713848047,0;9713848047,9713848018,0;9713848018,9713848023,0;9713848023,12984979400,0;12984979400,9713848118,0;9713848118,9713848006,0;9713848006,9713847968,0;9713847968,9706921713,0;9706921713,9706921712,0;9706921712,9706921786,0;9706921786,9778914467,0;9778914467,9706887247,0;9706887247,9706857800,0;9706857800,9706857774,0;9706857774,9706857801,0;9706857801,9706857775,0;9706857775,9706857832,0;9706857832,9706857843,0;9706857843,7161807983,0;7161807983,7161812592,0;7161812592,499478563,0;499478563,499478564,0;499478564,7973114513,0;7973114513,7973099569,0;7973099569,7975273881,0;7975273881,7973099508,0;7973099508,7973099507,0;7973099507,7973114859,0;7973114859,8298792534,0;8298792534,8298792550,0;8298792550,7973114851,0;7973114851,7975286501,0;7975286501,8298792599,0;8298792599,1116501292,0;1116501292,7975286500,0;7975286500,1116501304,0;1116501304,7975286429,0;7975286429,7975286583,0;7975286583,7977056082,0;7977056082,7977056084,0;7977056084,7977050965,0;7977050965,7977056079,0;7977056079,7977056078,0;7977056078,7979256736,0;7979256736,7977056077,0;7977056077,7979256760,0;7979256760,8407048466,0;8407048466,2530277169,0;2530277169,13161326472,0;13161326472,7979256723,0;7979256723,7979924894,0;7979924894,7979918290,0;7979918290,7967831812,0;7967831812,279077946,0;279077946,564083084,0;564083084,5374860944,0;5374860944,5374860978,0;5374860978,5374861143,0;5374861143,9053077286,0;9053077286,13527622504,0;13527622504,13167173350,0;13167173350,13527622497,0;13527622497,564083093,0;564083093,6317320202,0;6317320202,564083165,0;564083165,13167173329,0;13167173329,6317320222,0;6317320222,6028645652,0;6028645652,2369336843,0;2369336843,2369336701,0;2369336701,12333484744,0;12333484744,2368579077,0;2368579077,2369336820,0;2369336820,2368578991,0;2368578991,8887740818,0;8887740818,9570709534,0;9570709534,2369336807,0;2369336807,2368578970,0;2368578970,6043430915,0;6043430915,4899192485,0;4899192485,564639012,0;564639012,564638925,0;564638925,504640818,0;504640818,504637096,0;504637096,2787061089,0;2787061089,2787061351,0;2787061351,2787061330,0;2787061330,11155489650,0;11155489650,2787061341,0;2787061341,2787061167,0",T1,6101
2023-09-07T14:45:00+08:00,always,True,always,0.0,False,11,2,12,0.919938305745216,0.3797403836087475,2023-09-07T14:45:00+08:00,11217.511335828478,0.3797403836087475,0.8100370111004371,0.6911919611202045,0.068308133179008,0.46612904499399,117.21359996590763,"9706921350,9706921684,0;9706921684,9706921682,0;9706921682,9713848047,0;9713848047,9713848018,0;9713848018,9713848023,0;9713848023,12984979400,0;12984979400,9713848118,0;9713848118,9713848006,0;9713848006,9713847968,0;9713847968,9706921713,0;9706921713,9706921712,0;9706921712,9706921786,0;9706921786,9778914467,0;9778914467,9706887247,0;9706887247,9706857800,0;9706857800,9706857774,0;9706857774,9706857801,0;9706857801,9706857775,0;9706857775,9706857832,0;9706857832,9706857843,0;9706857843,7161807983,0;7161807983,7161812592,0;7161812592,499478563,0;499478563,499478564,0;499478564,7973114513,0;7973114513,7973099569,0;7973099569,7975273881,0;7975273881,7973099508,0;7973099508,8298792548,0;8298792548,7973099506,0;7973099506,7975273876,0;7975273876,2530284953,0;2530284953,1491845601,0;1491845601,1491845610,0;1491845610,1116501223,0;1116501223,499478765,0;499478765,1116501237,0;1116501237,2525990704,0;2525990704,2525990691,0;2525990691,2525990692,0;2525990692,499543123,0;499543123,2750667601,0;2750667601,13072510361,0;13072510361,2750667627,0;2750667627,5834799167,0;5834799167,499543165,0;499543165,7965680795,0;7965680795,5271707993,0;5271707993,4848290283,0;4848290283,2750593369,0;2750593369,277673161,0;277673161,277052181,0;277052181,2750593322,0;2750593322,8076307465,0;8076307465,8076307469,0;8076307469,10556743824,0;10556743824,8791690550,0;8791690550,10579173218,0;10579173218,13017481550,0;13017481550,10556743814,0;10556743814,10031001813,0;10031001813,10556743820,0;10556743820,7252057922,0;7252057922,10556743818,0;10556743818,500016970,0;500016970,6413071087,0;6413071087,500016482,0;500016482,500016487,0;500016487,7252057894,0;7252057894,2367574792,0;2367574792,8077904806,0;8077904806,8002408178,0;8002408178,8002408180,0;8002408180,8077904800,0;8077904800,8002408198,0;8002408198,6317315212,0;6317315212,8002408173,0;8002408173,8002408172,0;8002408172,8002397282,0;8002397282,8002408030,0;8002408030,8002408117,0;8002408117,3671795931,0;3671795931,8002408083,0;8002408083,8002408082,0;8002408082,8077904795,0;8077904795,3671795928,0;3671795928,8002408012,0;8002408012,12988628620,0;12988628620,6413071588,0;6413071588,6413071335,0;6413071335,8002408006,0;8002408006,10539884637,0;10539884637,6302206145,0;6302206145,11046800331,0;11046800331,3671791988,0;3671791988,2787061351,0;2787061351,2787061330,0;2787061330,11155489650,0;11155489650,2787061341,0;2787061341,2787061167,0",T1,6101
2023-09-07T14:45:00+08:00,triggered,False,keep_current,,False,1,1,2,0.919938305745216,0.3797403836087475,2023-09-07T13:30:00+08:00,11217.511335828478,0.3797403836087475,0.8100370111004371,0.6911919611202045,0.068308133179008,0.46612904499399,91.56719996826725,"9706921350,9706921684,0;9706921684,9706921682,0;9706921682,9713848047,0;9713848047,9713848018,0;9713848018,9713848023,0;9713848023,12984979400,0;12984979400,9713848118,0;9713848118,9713848006,0;9713848006,9713847968,0;9713847968,9706921713,0;9706921713,9706921712,0;9706921712,9706921786,0;9706921786,9778914467,0;9778914467,9706887247,0;9706887247,9706857800,0;9706857800,9706857774,0;9706857774,9706857801,0;9706857801,9706857775,0;9706857775,9706857832,0;9706857832,9706857843,0;9706857843,7161807983,0;7161807983,7161812592,0;7161812592,499478563,0;499478563,499478564,0;499478564,7973114513,0;7973114513,7973099569,0;7973099569,7975273881,0;7975273881,7973099508,0;7973099508,8298792548,0;8298792548,7973099506,0;7973099506,7975273876,0;7975273876,2530284953,0;2530284953,1491845601,0;1491845601,1491845610,0;1491845610,1116501223,0;1116501223,499478765,0;499478765,1116501237,0;1116501237,2525990704,0;2525990704,2525990691,0;2525990691,2525990692,0;2525990692,499543123,0;499543123,2750667601,0;2750667601,13072510361,0;13072510361,2750667627,0;2750667627,5834799167,0;5834799167,499543165,0;499543165,7965680795,0;7965680795,5271707993,0;5271707993,4848290283,0;4848290283,2750593369,0;2750593369,277673161,0;277673161,277052181,0;277052181,2750593322,0;2750593322,8076307465,0;8076307465,8076307469,0;8076307469,10556743824,0;10556743824,8791690550,0;8791690550,10579173218,0;10579173218,13017481550,0;13017481550,10556743814,0;10556743814,10031001813,0;10031001813,10556743820,0;10556743820,7252057922,0;7252057922,10556743818,0;10556743818,500016970,0;500016970,6413071087,0;6413071087,500016482,0;500016482,500016487,0;500016487,7252057894,0;7252057894,2367574792,0;2367574792,8077904806,0;8077904806,8002408178,0;8002408178,8002408180,0;8002408180,8077904800,0;8077904800,8002408198,0;8002408198,6317315212,0;6317315212,8002408173,0;8002408173,8002408172,0;8002408172,8002397282,0;8002397282,8002408030,0;8002408030,8002408117,0;8002408117,3671795931,0;3671795931,8002408083,0;8002408083,8002408082,0;8002408082,8077904795,0;8077904795,3671795928,0;3671795928,8002408012,0;8002408012,12988628620,0;12988628620,6413071588,0;6413071588,6413071335,0;6413071335,8002408006,0;8002408006,10539884637,0;10539884637,6302206145,0;6302206145,11046800331,0;11046800331,3671791988,0;3671791988,2787061351,0;2787061351,2787061330,0;2787061330,11155489650,0;11155489650,2787061341,0;2787061341,2787061167,0",T1,6101
2023-09-07T12:00:00+08:00,never,True,initial,,False,0,0,1,0.9199332089641964,0.2964867066727258,2023-09-07T12:00:00+08:00,10361.510411375662,0.2964867066727258,0.3833541958350557,0.3763548271741827,0.0,0.2964867066727258,112.72259999532253,"9706921350,9706921684,0;9706921684,9706921682,0;9706921682,9713848047,0;9713848047,9713848018,0;9713848018,9713848023,0;9713848023,12984979400,0;12984979400,9713848118,0;9713848118,9713848006,0;9713848006,9713847968,0;9713847968,9706921713,0;9706921713,9706921712,0;9706921712,9706921786,0;9706921786,9778914467,0;9778914467,9706887247,0;9706887247,9706857800,0;9706857800,9706857774,0;9706857774,9706857801,0;9706857801,9706857775,0;9706857775,9706857832,0;9706857832,9706857843,0;9706857843,7161807983,0;7161807983,7161812592,0;7161812592,499478563,0;499478563,499478564,0;499478564,7973114513,0;7973114513,7973099569,0;7973099569,7975273881,0;7975273881,7973099508,0;7973099508,7973099507,0;7973099507,7973114859,0;7973114859,8298792534,0;8298792534,8298792550,0;8298792550,7973114851,0;7973114851,7975286501,0;7975286501,8298792599,0;8298792599,1116501292,0;1116501292,7975286500,0;7975286500,1116501304,0;1116501304,7975286429,0;7975286429,7975286583,0;7975286583,7977056082,0;7977056082,7977056084,0;7977056084,7977050965,0;7977050965,7977056079,0;7977056079,7977056078,0;7977056078,7979256736,0;7979256736,7977056077,0;7977056077,7979256760,0;7979256760,8407048466,0;8407048466,2530277169,0;2530277169,13161326472,0;13161326472,7979256723,0;7979256723,7979924894,0;7979924894,7979918290,0;7979918290,7967831812,0;7967831812,279077946,0;279077946,564083084,0;564083084,5374860944,0;5374860944,5374860978,0;5374860978,5374861143,0;5374861143,9053077286,0;9053077286,13527622504,0;13527622504,13167173350,0;13167173350,13527622497,0;13527622497,564083093,0;564083093,6317320202,0;6317320202,564083165,0;564083165,13167173329,0;13167173329,6317320222,0;6317320222,6028645652,0;6028645652,2369336843,0;2369336843,2369336701,0;2369336701,12333484744,0;12333484744,2368579077,0;2368579077,2369336820,0;2369336820,2368578991,0;2368578991,8887740818,0;8887740818,9570709534,0;9570709534,2369336807,0;2369336807,2368578970,0;2368578970,6043430915,0;6043430915,4899192485,0;4899192485,564639012,0;564639012,564638925,0;564638925,504640818,0;504640818,504637096,0;504637096,2787061089,0;2787061089,2787061351,0;2787061351,2787061330,0;2787061330,11155489650,0;11155489650,2787061341,0;2787061341,2787061167,0",T1,6102
2023-09-07T12:00:00+08:00,always,True,initial,,False,0,0,1,0.9199332089641964,0.2964867066727258,2023-09-07T12:00:00+08:00,10361.510411375662,0.2964867066727258,0.3833541958350557,0.3763548271741827,0.0,0.2964867066727258,111.89560004277156,"9706921350,9706921684,0;9706921684,9706921682,0;9706921682,9713848047,0;9713848047,9713848018,0;9713848018,9713848023,0;9713848023,12984979400,0;12984979400,9713848118,0;9713848118,9713848006,0;9713848006,9713847968,0;9713847968,9706921713,0;9706921713,9706921712,0;9706921712,9706921786,0;9706921786,9778914467,0;9778914467,9706887247,0;9706887247,9706857800,0;9706857800,9706857774,0;9706857774,9706857801,0;9706857801,9706857775,0;9706857775,9706857832,0;9706857832,9706857843,0;9706857843,7161807983,0;7161807983,7161812592,0;7161812592,499478563,0;499478563,499478564,0;499478564,7973114513,0;7973114513,7973099569,0;7973099569,7975273881,0;7975273881,7973099508,0;7973099508,7973099507,0;7973099507,7973114859,0;7973114859,8298792534,0;8298792534,8298792550,0;8298792550,7973114851,0;7973114851,7975286501,0;7975286501,8298792599,0;8298792599,1116501292,0;1116501292,7975286500,0;7975286500,1116501304,0;1116501304,7975286429,0;7975286429,7975286583,0;7975286583,7977056082,0;7977056082,7977056084,0;7977056084,7977050965,0;7977050965,7977056079,0;7977056079,7977056078,0;7977056078,7979256736,0;7979256736,7977056077,0;7977056077,7979256760,0;7979256760,8407048466,0;8407048466,2530277169,0;2530277169,13161326472,0;13161326472,7979256723,0;7979256723,7979924894,0;7979924894,7979918290,0;7979918290,7967831812,0;7967831812,279077946,0;279077946,564083084,0;564083084,5374860944,0;5374860944,5374860978,0;5374860978,5374861143,0;5374861143,9053077286,0;9053077286,13527622504,0;13527622504,13167173350,0;13167173350,13527622497,0;13527622497,564083093,0;564083093,6317320202,0;6317320202,564083165,0;564083165,13167173329,0;13167173329,6317320222,0;6317320222,6028645652,0;6028645652,2369336843,0;2369336843,2369336701,0;2369336701,12333484744,0;12333484744,2368579077,0;2368579077,2369336820,0;2369336820,2368578991,0;2368578991,8887740818,0;8887740818,9570709534,0;9570709534,2369336807,0;2369336807,2368578970,0;2368578970,6043430915,0;6043430915,4899192485,0;4899192485,564639012,0;564639012,564638925,0;564638925,504640818,0;504640818,504637096,0;504637096,2787061089,0;2787061089,2787061351,0;2787061351,2787061330,0;2787061330,11155489650,0;11155489650,2787061341,0;2787061341,2787061167,0",T1,6102
2023-09-07T12:00:00+08:00,triggered,True,initial,,False,0,0,1,0.9199332089641964,0.2964867066727258,2023-09-07T12:00:00+08:00,10361.510411375662,0.2964867066727258,0.3833541958350557,0.3763548271741827,0.0,0.2964867066727258,109.57530001178384,"9706921350,9706921684,0;9706921684,9706921682,0;9706921682,9713848047,0;9713848047,9713848018,0;9713848018,9713848023,0;9713848023,12984979400,0;12984979400,9713848118,0;9713848118,9713848006,0;9713848006,9713847968,0;9713847968,9706921713,0;9706921713,9706921712,0;9706921712,9706921786,0;9706921786,9778914467,0;9778914467,9706887247,0;9706887247,9706857800,0;9706857800,9706857774,0;9706857774,9706857801,0;9706857801,9706857775,0;9706857775,9706857832,0;9706857832,9706857843,0;9706857843,7161807983,0;7161807983,7161812592,0;7161812592,499478563,0;499478563,499478564,0;499478564,7973114513,0;7973114513,7973099569,0;7973099569,7975273881,0;7975273881,7973099508,0;7973099508,7973099507,0;7973099507,7973114859,0;7973114859,8298792534,0;8298792534,8298792550,0;8298792550,7973114851,0;7973114851,7975286501,0;7975286501,8298792599,0;8298792599,1116501292,0;1116501292,7975286500,0;7975286500,1116501304,0;1116501304,7975286429,0;7975286429,7975286583,0;7975286583,7977056082,0;7977056082,7977056084,0;7977056084,7977050965,0;7977050965,7977056079,0;7977056079,7977056078,0;7977056078,7979256736,0;7979256736,7977056077,0;7977056077,7979256760,0;7979256760,8407048466,0;8407048466,2530277169,0;2530277169,13161326472,0;13161326472,7979256723,0;7979256723,7979924894,0;7979924894,7979918290,0;7979918290,7967831812,0;7967831812,279077946,0;279077946,564083084,0;564083084,5374860944,0;5374860944,5374860978,0;5374860978,5374861143,0;5374861143,9053077286,0;9053077286,13527622504,0;13527622504,13167173350,0;13167173350,13527622497,0;13527622497,564083093,0;564083093,6317320202,0;6317320202,564083165,0;564083165,13167173329,0;13167173329,6317320222,0;6317320222,6028645652,0;6028645652,2369336843,0;2369336843,2369336701,0;2369336701,12333484744,0;12333484744,2368579077,0;2368579077,2369336820,0;2369336820,2368578991,0;2368578991,8887740818,0;8887740818,9570709534,0;9570709534,2369336807,0;2369336807,2368578970,0;2368578970,6043430915,0;6043430915,4899192485,0;4899192485,564639012,0;564639012,564638925,0;564638925,504640818,0;504640818,504637096,0;504637096,2787061089,0;2787061089,2787061351,0;2787061351,2787061330,0;2787061330,11155489650,0;11155489650,2787061341,0;2787061341,2787061167,0",T1,6102
2023-09-07T12:15:00+08:00,never,False,never,,False,0,0,1,0.9199332089641964,0.2964867066727258,2023-09-07T12:00:00+08:00,10361.510411375662,0.2964867066727258,0.3833541958350557,0.3763548271741827,0.0,0.2964867066727258,92.61719998903573,"9706921350,9706921684,0;9706921684,9706921682,0;9706921682,9713848047,0;9713848047,9713848018,0;9713848018,9713848023,0;9713848023,12984979400,0;12984979400,9713848118,0;9713848118,9713848006,0;9713848006,9713847968,0;9713847968,9706921713,0;9706921713,9706921712,0;9706921712,9706921786,0;9706921786,9778914467,0;9778914467,9706887247,0;9706887247,9706857800,0;9706857800,9706857774,0;9706857774,9706857801,0;9706857801,9706857775,0;9706857775,9706857832,0;9706857832,9706857843,0;9706857843,7161807983,0;7161807983,7161812592,0;7161812592,499478563,0;499478563,499478564,0;499478564,7973114513,0;7973114513,7973099569,0;7973099569,7975273881,0;7975273881,7973099508,0;7973099508,7973099507,0;7973099507,7973114859,0;7973114859,8298792534,0;8298792534,8298792550,0;8298792550,7973114851,0;7973114851,7975286501,0;7975286501,8298792599,0;8298792599,1116501292,0;1116501292,7975286500,0;7975286500,1116501304,0;1116501304,7975286429,0;7975286429,7975286583,0;7975286583,7977056082,0;7977056082,7977056084,0;7977056084,7977050965,0;7977050965,7977056079,0;7977056079,7977056078,0;7977056078,7979256736,0;7979256736,7977056077,0;7977056077,7979256760,0;7979256760,8407048466,0;8407048466,2530277169,0;2530277169,13161326472,0;13161326472,7979256723,0;7979256723,7979924894,0;7979924894,7979918290,0;7979918290,7967831812,0;7967831812,279077946,0;279077946,564083084,0;564083084,5374860944,0;5374860944,5374860978,0;5374860978,5374861143,0;5374861143,9053077286,0;9053077286,13527622504,0;13527622504,13167173350,0;13167173350,13527622497,0;13527622497,564083093,0;564083093,6317320202,0;6317320202,564083165,0;564083165,13167173329,0;13167173329,6317320222,0;6317320222,6028645652,0;6028645652,2369336843,0;2369336843,2369336701,0;2369336701,12333484744,0;12333484744,2368579077,0;2368579077,2369336820,0;2369336820,2368578991,0;2368578991,8887740818,0;8887740818,9570709534,0;9570709534,2369336807,0;2369336807,2368578970,0;2368578970,6043430915,0;6043430915,4899192485,0;4899192485,564639012,0;564639012,564638925,0;564638925,504640818,0;504640818,504637096,0;504637096,2787061089,0;2787061089,2787061351,0;2787061351,2787061330,0;2787061330,11155489650,0;11155489650,2787061341,0;2787061341,2787061167,0",T1,6102
2023-09-07T12:15:00+08:00,always,True,always,0.0,False,1,0,2,0.9199332089641964,0.2964867066727258,2023-09-07T12:15:00+08:00,10361.510411375662,0.2964867066727258,0.3833541958350557,0.3763548271741827,0.0,0.2964867066727258,112.2769999783486,"9706921350,9706921684,0;9706921684,9706921682,0;9706921682,9713848047,0;9713848047,9713848018,0;9713848018,9713848023,0;9713848023,12984979400,0;12984979400,9713848118,0;9713848118,9713848006,0;9713848006,9713847968,0;9713847968,9706921713,0;9706921713,9706921712,0;9706921712,9706921786,0;9706921786,9778914467,0;9778914467,9706887247,0;9706887247,9706857800,0;9706857800,9706857774,0;9706857774,9706857801,0;9706857801,9706857775,0;9706857775,9706857832,0;9706857832,9706857843,0;9706857843,7161807983,0;7161807983,7161812592,0;7161812592,499478563,0;499478563,499478564,0;499478564,7973114513,0;7973114513,7973099569,0;7973099569,7975273881,0;7975273881,7973099508,0;7973099508,7973099507,0;7973099507,7973114859,0;7973114859,8298792534,0;8298792534,8298792550,0;8298792550,7973114851,0;7973114851,7975286501,0;7975286501,8298792599,0;8298792599,1116501292,0;1116501292,7975286500,0;7975286500,1116501304,0;1116501304,7975286429,0;7975286429,7975286583,0;7975286583,7977056082,0;7977056082,7977056084,0;7977056084,7977050965,0;7977050965,7977056079,0;7977056079,7977056078,0;7977056078,7979256736,0;7979256736,7977056077,0;7977056077,7979256760,0;7979256760,8407048466,0;8407048466,2530277169,0;2530277169,13161326472,0;13161326472,7979256723,0;7979256723,7979924894,0;7979924894,7979918290,0;7979918290,7967831812,0;7967831812,279077946,0;279077946,564083084,0;564083084,5374860944,0;5374860944,5374860978,0;5374860978,5374861143,0;5374861143,9053077286,0;9053077286,13527622504,0;13527622504,13167173350,0;13167173350,13527622497,0;13527622497,564083093,0;564083093,6317320202,0;6317320202,564083165,0;564083165,13167173329,0;13167173329,6317320222,0;6317320222,6028645652,0;6028645652,2369336843,0;2369336843,2369336701,0;2369336701,12333484744,0;12333484744,2368579077,0;2368579077,2369336820,0;2369336820,2368578991,0;2368578991,8887740818,0;8887740818,9570709534,0;9570709534,2369336807,0;2369336807,2368578970,0;2368578970,6043430915,0;6043430915,4899192485,0;4899192485,564639012,0;564639012,564638925,0;564638925,504640818,0;504640818,504637096,0;504637096,2787061089,0;2787061089,2787061351,0;2787061351,2787061330,0;2787061330,11155489650,0;11155489650,2787061341,0;2787061341,2787061167,0",T1,6102
2023-09-07T12:15:00+08:00,triggered,False,keep_current,,False,0,0,1,0.9199332089641964,0.2964867066727258,2023-09-07T12:00:00+08:00,10361.510411375662,0.2964867066727258,0.3833541958350557,0.3763548271741827,0.0,0.2964867066727258,93.08690001489596,"9706921350,9706921684,0;9706921684,9706921682,0;9706921682,9713848047,0;9713848047,9713848018,0;9713848018,9713848023,0;9713848023,12984979400,0;12984979400,9713848118,0;9713848118,9713848006,0;9713848006,9713847968,0;9713847968,9706921713,0;9706921713,9706921712,0;9706921712,9706921786,0;9706921786,9778914467,0;9778914467,9706887247,0;9706887247,9706857800,0;9706857800,9706857774,0;9706857774,9706857801,0;9706857801,9706857775,0;9706857775,9706857832,0;9706857832,9706857843,0;9706857843,7161807983,0;7161807983,7161812592,0;7161812592,499478563,0;499478563,499478564,0;499478564,7973114513,0;7973114513,7973099569,0;7973099569,7975273881,0;7975273881,7973099508,0;7973099508,7973099507,0;7973099507,7973114859,0;7973114859,8298792534,0;8298792534,8298792550,0;8298792550,7973114851,0;7973114851,7975286501,0;7975286501,8298792599,0;8298792599,1116501292,0;1116501292,7975286500,0;7975286500,1116501304,0;1116501304,7975286429,0;7975286429,7975286583,0;7975286583,7977056082,0;7977056082,7977056084,0;7977056084,7977050965,0;7977050965,7977056079,0;7977056079,7977056078,0;7977056078,7979256736,0;7979256736,7977056077,0;7977056077,7979256760,0;7979256760,8407048466,0;8407048466,2530277169,0;2530277169,13161326472,0;13161326472,7979256723,0;7979256723,7979924894,0;7979924894,7979918290,0;7979918290,7967831812,0;7967831812,279077946,0;279077946,564083084,0;564083084,5374860944,0;5374860944,5374860978,0;5374860978,5374861143,0;5374861143,9053077286,0;9053077286,13527622504,0;13527622504,13167173350,0;13167173350,13527622497,0;13527622497,564083093,0;564083093,6317320202,0;6317320202,564083165,0;564083165,13167173329,0;13167173329,6317320222,0;6317320222,6028645652,0;6028645652,2369336843,0;2369336843,2369336701,0;2369336701,12333484744,0;12333484744,2368579077,0;2368579077,2369336820,0;2369336820,2368578991,0;2368578991,8887740818,0;8887740818,9570709534,0;9570709534,2369336807,0;2369336807,2368578970,0;2368578970,6043430915,0;6043430915,4899192485,0;4899192485,564639012,0;564639012,564638925,0;564638925,504640818,0;504640818,504637096,0;504637096,2787061089,0;2787061089,2787061351,0;2787061351,2787061330,0;2787061330,11155489650,0;11155489650,2787061341,0;2787061341,2787061167,0",T1,6102
2023-09-07T12:30:00+08:00,never,False,never,,False,0,0,1,0.9199332089641964,0.3101268035882113,2023-09-07T12:00:00+08:00,10361.510411375662,0.3101268035882113,0.4341285176532851,0.3805456953353726,0.0,0.3101268035882113,93.1278999778442,"9706921350,9706921684,0;9706921684,9706921682,0;9706921682,9713848047,0;9713848047,9713848018,0;9713848018,9713848023,0;9713848023,12984979400,0;12984979400,9713848118,0;9713848118,9713848006,0;9713848006,9713847968,0;9713847968,9706921713,0;9706921713,9706921712,0;9706921712,9706921786,0;9706921786,9778914467,0;9778914467,9706887247,0;9706887247,9706857800,0;9706857800,9706857774,0;9706857774,9706857801,0;9706857801,9706857775,0;9706857775,9706857832,0;9706857832,9706857843,0;9706857843,7161807983,0;7161807983,7161812592,0;7161812592,499478563,0;499478563,499478564,0;499478564,7973114513,0;7973114513,7973099569,0;7973099569,7975273881,0;7975273881,7973099508,0;7973099508,7973099507,0;7973099507,7973114859,0;7973114859,8298792534,0;8298792534,8298792550,0;8298792550,7973114851,0;7973114851,7975286501,0;7975286501,8298792599,0;8298792599,1116501292,0;1116501292,7975286500,0;7975286500,1116501304,0;1116501304,7975286429,0;7975286429,7975286583,0;7975286583,7977056082,0;7977056082,7977056084,0;7977056084,7977050965,0;7977050965,7977056079,0;7977056079,7977056078,0;7977056078,7979256736,0;7979256736,7977056077,0;7977056077,7979256760,0;7979256760,8407048466,0;8407048466,2530277169,0;2530277169,13161326472,0;13161326472,7979256723,0;7979256723,7979924894,0;7979924894,7979918290,0;7979918290,7967831812,0;7967831812,279077946,0;279077946,564083084,0;564083084,5374860944,0;5374860944,5374860978,0;5374860978,5374861143,0;5374861143,9053077286,0;9053077286,13527622504,0;13527622504,13167173350,0;13167173350,13527622497,0;13527622497,564083093,0;564083093,6317320202,0;6317320202,564083165,0;564083165,13167173329,0;13167173329,6317320222,0;6317320222,6028645652,0;6028645652,2369336843,0;2369336843,2369336701,0;2369336701,12333484744,0;12333484744,2368579077,0;2368579077,2369336820,0;2369336820,2368578991,0;2368578991,8887740818,0;8887740818,9570709534,0;9570709534,2369336807,0;2369336807,2368578970,0;2368578970,6043430915,0;6043430915,4899192485,0;4899192485,564639012,0;564639012,564638925,0;564638925,504640818,0;504640818,504637096,0;504637096,2787061089,0;2787061089,2787061351,0;2787061351,2787061330,0;2787061330,11155489650,0;11155489650,2787061341,0;2787061341,2787061167,0",T1,6102
2023-09-07T12:30:00+08:00,always,True,always,0.0049596714761408,True,2,1,3,0.9199327917110895,0.3107978323639143,2023-09-07T12:30:00+08:00,10297.182344079098,0.3107978323639143,0.4082670137901195,0.3798655407539564,0.0,0.3101268035882113,113.19139995612204,"9706921350,9706921684,0;9706921684,9706921682,0;9706921682,9713848047,0;9713848047,9713848018,0;9713848018,9713848023,0;9713848023,12984979400,0;12984979400,9713848118,0;9713848118,9713848006,0;9713848006,9713847968,0;9713847968,9706921713,0;9706921713,9706921712,0;9706921712,9706921786,0;9706921786,9778914467,0;9778914467,9706887247,0;9706887247,9706857800,0;9706857800,9706857774,0;9706857774,9706857801,0;9706857801,9706857775,0;9706857775,9706857832,0;9706857832,9706857843,0;9706857843,7161807983,0;7161807983,7161812592,0;7161812592,499478563,0;499478563,499478564,0;499478564,7973114513,0;7973114513,7973099569,0;7973099569,7975273881,0;7975273881,7973099508,0;7973099508,7973099507,0;7973099507,7973114859,0;7973114859,8298792534,0;8298792534,8298792550,0;8298792550,7973114851,0;7973114851,7975286501,0;7975286501,8298792599,0;8298792599,1116501292,0;1116501292,7975286500,0;7975286500,1116501304,0;1116501304,7975286429,0;7975286429,7975286583,0;7975286583,7977056082,0;7977056082,7977056084,0;7977056084,7977050965,0;7977050965,7977056079,0;7977056079,7979256640,0;7979256640,7979256626,0;7979256626,7979256668,0;7979256668,7977056101,0;7977056101,7967831807,0;7967831807,7967774259,0;7967774259,503464976,0;503464976,7961771680,0;7961771680,1116492807,0;1116492807,7967774262,0;7967774262,503464985,0;503464985,2530277199,0;2530277199,564083084,0;564083084,5374860944,0;5374860944,5374860978,0;5374860978,5374861143,0;5374861143,9053077286,0;9053077286,13527622504,0;13527622504,13167173350,0;13167173350,13527622497,0;13527622497,564083093,0;564083093,6317320202,0;6317320202,564083165,0;564083165,13167173329,0;13167173329,6317320222,0;6317320222,6028645652,0;6028645652,2369336843,0;2369336843,2369336701,0;2369336701,12333484744,0;12333484744,2368579077,0;2368579077,2369336820,0;2369336820,2368578991,0;2368578991,8887740818,0;8887740818,9570709534,0;9570709534,2369336807,0;2369336807,2368578970,0;2368578970,6043430915,0;6043430915,4899192485,0;4899192485,564639012,0;564639012,564638925,0;564638925,504640818,0;504640818,504637096,0;504637096,2787061089,0;2787061089,2787061351,0;2787061351,2787061330,0;2787061330,11155489650,0;11155489650,2787061341,0;2787061341,2787061167,0",T1,6102
2023-09-07T12:30:00+08:00,triggered,False,keep_current,,False,0,0,1,0.9199332089641964,0.3101268035882113,2023-09-07T12:00:00+08:00,10361.510411375662,0.3101268035882113,0.4341285176532851,0.3805456953353726,0.0,0.3101268035882113,92.44959999341518,"9706921350,9706921684,0;9706921684,9706921682,0;9706921682,9713848047,0;9713848047,9713848018,0;9713848018,9713848023,0;9713848023,12984979400,0;12984979400,9713848118,0;9713848118,9713848006,0;9713848006,9713847968,0;9713847968,9706921713,0;9706921713,9706921712,0;9706921712,9706921786,0;9706921786,9778914467,0;9778914467,9706887247,0;9706887247,9706857800,0;9706857800,9706857774,0;9706857774,9706857801,0;9706857801,9706857775,0;9706857775,9706857832,0;9706857832,9706857843,0;9706857843,7161807983,0;7161807983,7161812592,0;7161812592,499478563,0;499478563,499478564,0;499478564,7973114513,0;7973114513,7973099569,0;7973099569,7975273881,0;7975273881,7973099508,0;7973099508,7973099507,0;7973099507,7973114859,0;7973114859,8298792534,0;8298792534,8298792550,0;8298792550,7973114851,0;7973114851,7975286501,0;7975286501,8298792599,0;8298792599,1116501292,0;1116501292,7975286500,0;7975286500,1116501304,0;1116501304,7975286429,0;7975286429,7975286583,0;7975286583,7977056082,0;7977056082,7977056084,0;7977056084,7977050965,0;7977050965,7977056079,0;7977056079,7977056078,0;7977056078,7979256736,0;7979256736,7977056077,0;7977056077,7979256760,0;7979256760,8407048466,0;8407048466,2530277169,0;2530277169,13161326472,0;13161326472,7979256723,0;7979256723,7979924894,0;7979924894,7979918290,0;7979918290,7967831812,0;7967831812,279077946,0;279077946,564083084,0;564083084,5374860944,0;5374860944,5374860978,0;5374860978,5374861143,0;5374861143,9053077286,0;9053077286,13527622504,0;13527622504,13167173350,0;13167173350,13527622497,0;13527622497,564083093,0;564083093,6317320202,0;6317320202,564083165,0;564083165,13167173329,0;13167173329,6317320222,0;6317320222,6028645652,0;6028645652,2369336843,0;2369336843,2369336701,0;2369336701,12333484744,0;12333484744,2368579077,0;2368579077,2369336820,0;2369336820,2368578991,0;2368578991,8887740818,0;8887740818,9570709534,0;9570709534,2369336807,0;2369336807,2368578970,0;2368578970,6043430915,0;6043430915,4899192485,0;4899192485,564639012,0;564639012,564638925,0;564638925,504640818,0;504640818,504637096,0;504637096,2787061089,0;2787061089,2787061351,0;2787061351,2787061330,0;2787061330,11155489650,0;11155489650,2787061341,0;2787061341,2787061167,0",T1,6102
2023-09-07T12:45:00+08:00,never,False,never,,False,0,0,1,0.9199332089641964,0.3305869489614395,2023-09-07T12:00:00+08:00,10361.510411375662,0.3305869489614395,0.5273522013804494,0.4741428202294449,0.0,0.3305869489614395,89.25329998601228,"9706921350,9706921684,0;9706921684,9706921682,0;9706921682,9713848047,0;9713848047,9713848018,0;9713848018,9713848023,0;9713848023,12984979400,0;12984979400,9713848118,0;9713848118,9713848006,0;9713848006,9713847968,0;9713847968,9706921713,0;9706921713,9706921712,0;9706921712,9706921786,0;9706921786,9778914467,0;9778914467,9706887247,0;9706887247,9706857800,0;9706857800,9706857774,0;9706857774,9706857801,0;9706857801,9706857775,0;9706857775,9706857832,0;9706857832,9706857843,0;9706857843,7161807983,0;7161807983,7161812592,0;7161812592,499478563,0;499478563,499478564,0;499478564,7973114513,0;7973114513,7973099569,0;7973099569,7975273881,0;7975273881,7973099508,0;7973099508,7973099507,0;7973099507,7973114859,0;7973114859,8298792534,0;8298792534,8298792550,0;8298792550,7973114851,0;7973114851,7975286501,0;7975286501,8298792599,0;8298792599,1116501292,0;1116501292,7975286500,0;7975286500,1116501304,0;1116501304,7975286429,0;7975286429,7975286583,0;7975286583,7977056082,0;7977056082,7977056084,0;7977056084,7977050965,0;7977050965,7977056079,0;7977056079,7977056078,0;7977056078,7979256736,0;7979256736,7977056077,0;7977056077,7979256760,0;7979256760,8407048466,0;8407048466,2530277169,0;2530277169,13161326472,0;13161326472,7979256723,0;7979256723,7979924894,0;7979924894,7979918290,0;7979918290,7967831812,0;7967831812,279077946,0;279077946,564083084,0;564083084,5374860944,0;5374860944,5374860978,0;5374860978,5374861143,0;5374861143,9053077286,0;9053077286,13527622504,0;13527622504,13167173350,0;13167173350,13527622497,0;13527622497,564083093,0;564083093,6317320202,0;6317320202,564083165,0;564083165,13167173329,0;13167173329,6317320222,0;6317320222,6028645652,0;6028645652,2369336843,0;2369336843,2369336701,0;2369336701,12333484744,0;12333484744,2368579077,0;2368579077,2369336820,0;2369336820,2368578991,0;2368578991,8887740818,0;8887740818,9570709534,0;9570709534,2369336807,0;2369336807,2368578970,0;2368578970,6043430915,0;6043430915,4899192485,0;4899192485,564639012,0;564639012,564638925,0;564638925,504640818,0;504640818,504637096,0;504637096,2787061089,0;2787061089,2787061351,0;2787061351,2787061330,0;2787061330,11155489650,0;11155489650,2787061341,0;2787061341,2787061167,0",T1,6102
2023-09-07T12:45:00+08:00,always,True,always,0.0,False,3,1,4,0.9199327917110895,0.3263297078798172,2023-09-07T12:45:00+08:00,10297.182344079098,0.3263297078798172,0.4536066243820082,0.4251182839967322,0.0,0.3305869489614395,109.9879999528639,"9706921350,9706921684,0;9706921684,9706921682,0;9706921682,9713848047,0;9713848047,9713848018,0;9713848018,9713848023,0;9713848023,12984979400,0;12984979400,9713848118,0;9713848118,9713848006,0;9713848006,9713847968,0;9713847968,9706921713,0;9706921713,9706921712,0;9706921712,9706921786,0;9706921786,9778914467,0;9778914467,9706887247,0;9706887247,9706857800,0;9706857800,9706857774,0;9706857774,9706857801,0;9706857801,9706857775,0;9706857775,9706857832,0;9706857832,9706857843,0;9706857843,7161807983,0;7161807983,7161812592,0;7161812592,499478563,0;499478563,499478564,0;499478564,7973114513,0;7973114513,7973099569,0;7973099569,7975273881,0;7975273881,7973099508,0;7973099508,7973099507,0;7973099507,7973114859,0;7973114859,8298792534,0;8298792534,8298792550,0;8298792550,7973114851,0;7973114851,7975286501,0;7975286501,8298792599,0;8298792599,1116501292,0;1116501292,7975286500,0;7975286500,1116501304,0;1116501304,7975286429,0;7975286429,7975286583,0;7975286583,7977056082,0;7977056082,7977056084,0;7977056084,7977050965,0;7977050965,7977056079,0;7977056079,7979256640,0;7979256640,7979256626,0;7979256626,7979256668,0;7979256668,7977056101,0;7977056101,7967831807,0;7967831807,7967774259,0;7967774259,503464976,0;503464976,7961771680,0;7961771680,1116492807,0;1116492807,7967774262,0;7967774262,503464985,0;503464985,2530277199,0;2530277199,564083084,0;564083084,5374860944,0;5374860944,5374860978,0;5374860978,5374861143,0;5374861143,9053077286,0;9053077286,13527622504,0;13527622504,13167173350,0;13167173350,13527622497,0;13527622497,564083093,0;564083093,6317320202,0;6317320202,564083165,0;564083165,13167173329,0;13167173329,6317320222,0;6317320222,6028645652,0;6028645652,2369336843,0;2369336843,2369336701,0;2369336701,12333484744,0;12333484744,2368579077,0;2368579077,2369336820,0;2369336820,2368578991,0;2368578991,8887740818,0;8887740818,9570709534,0;9570709534,2369336807,0;2369336807,2368578970,0;2368578970,6043430915,0;6043430915,4899192485,0;4899192485,564639012,0;564639012,564638925,0;564638925,504640818,0;504640818,504637096,0;504637096,2787061089,0;2787061089,2787061351,0;2787061351,2787061330,0;2787061330,11155489650,0;11155489650,2787061341,0;2787061341,2787061167,0",T1,6102
2023-09-07T12:45:00+08:00,triggered,False,keep_current,,False,0,0,1,0.9199332089641964,0.3305869489614395,2023-09-07T12:00:00+08:00,10361.510411375662,0.3305869489614395,0.5273522013804494,0.4741428202294449,0.0,0.3305869489614395,88.62019993830472,"9706921350,9706921684,0;9706921684,9706921682,0;9706921682,9713848047,0;9713848047,9713848018,0;9713848018,9713848023,0;9713848023,12984979400,0;12984979400,9713848118,0;9713848118,9713848006,0;9713848006,9713847968,0;9713847968,9706921713,0;9706921713,9706921712,0;9706921712,9706921786,0;9706921786,9778914467,0;9778914467,9706887247,0;9706887247,9706857800,0;9706857800,9706857774,0;9706857774,9706857801,0;9706857801,9706857775,0;9706857775,9706857832,0;9706857832,9706857843,0;9706857843,7161807983,0;7161807983,7161812592,0;7161812592,499478563,0;499478563,499478564,0;499478564,7973114513,0;7973114513,7973099569,0;7973099569,7975273881,0;7975273881,7973099508,0;7973099508,7973099507,0;7973099507,7973114859,0;7973114859,8298792534,0;8298792534,8298792550,0;8298792550,7973114851,0;7973114851,7975286501,0;7975286501,8298792599,0;8298792599,1116501292,0;1116501292,7975286500,0;7975286500,1116501304,0;1116501304,7975286429,0;7975286429,7975286583,0;7975286583,7977056082,0;7977056082,7977056084,0;7977056084,7977050965,0;7977050965,7977056079,0;7977056079,7977056078,0;7977056078,7979256736,0;7979256736,7977056077,0;7977056077,7979256760,0;7979256760,8407048466,0;8407048466,2530277169,0;2530277169,13161326472,0;13161326472,7979256723,0;7979256723,7979924894,0;7979924894,7979918290,0;7979918290,7967831812,0;7967831812,279077946,0;279077946,564083084,0;564083084,5374860944,0;5374860944,5374860978,0;5374860978,5374861143,0;5374861143,9053077286,0;9053077286,13527622504,0;13527622504,13167173350,0;13167173350,13527622497,0;13527622497,564083093,0;564083093,6317320202,0;6317320202,564083165,0;564083165,13167173329,0;13167173329,6317320222,0;6317320222,6028645652,0;6028645652,2369336843,0;2369336843,2369336701,0;2369336701,12333484744,0;12333484744,2368579077,0;2368579077,2369336820,0;2369336820,2368578991,0;2368578991,8887740818,0;8887740818,9570709534,0;9570709534,2369336807,0;2369336807,2368578970,0;2368578970,6043430915,0;6043430915,4899192485,0;4899192485,564639012,0;564639012,564638925,0;564638925,504640818,0;504640818,504637096,0;504637096,2787061089,0;2787061089,2787061351,0;2787061351,2787061330,0;2787061330,11155489650,0;11155489650,2787061341,0;2787061341,2787061167,0",T1,6102
2023-09-07T13:00:00+08:00,never,False,never,,False,0,0,1,0.9199332089641964,0.3646871912501532,2023-09-07T12:00:00+08:00,10361.510411375662,0.3646871912501532,0.6883085239740452,0.6350991428280748,0.0140836793381787,0.3646871912501532,96.85149998404086,"9706921350,9706921684,0;9706921684,9706921682,0;9706921682,9713848047,0;9713848047,9713848018,0;9713848018,9713848023,0;9713848023,12984979400,0;12984979400,9713848118,0;9713848118,9713848006,0;9713848006,9713847968,0;9713847968,9706921713,0;9706921713,9706921712,0;9706921712,9706921786,0;9706921786,9778914467,0;9778914467,9706887247,0;9706887247,9706857800,0;9706857800,9706857774,0;9706857774,9706857801,0;9706857801,9706857775,0;9706857775,9706857832,0;9706857832,9706857843,0;9706857843,7161807983,0;7161807983,7161812592,0;7161812592,499478563,0;499478563,499478564,0;499478564,7973114513,0;7973114513,7973099569,0;7973099569,7975273881,0;7975273881,7973099508,0;7973099508,7973099507,0;7973099507,7973114859,0;7973114859,8298792534,0;8298792534,8298792550,0;8298792550,7973114851,0;7973114851,7975286501,0;7975286501,8298792599,0;8298792599,1116501292,0;1116501292,7975286500,0;7975286500,1116501304,0;1116501304,7975286429,0;7975286429,7975286583,0;7975286583,7977056082,0;7977056082,7977056084,0;7977056084,7977050965,0;7977050965,7977056079,0;7977056079,7977056078,0;7977056078,7979256736,0;7979256736,7977056077,0;7977056077,7979256760,0;7979256760,8407048466,0;8407048466,2530277169,0;2530277169,13161326472,0;13161326472,7979256723,0;7979256723,7979924894,0;7979924894,7979918290,0;7979918290,7967831812,0;7967831812,279077946,0;279077946,564083084,0;564083084,5374860944,0;5374860944,5374860978,0;5374860978,5374861143,0;5374861143,9053077286,0;9053077286,13527622504,0;13527622504,13167173350,0;13167173350,13527622497,0;13527622497,564083093,0;564083093,6317320202,0;6317320202,564083165,0;564083165,13167173329,0;13167173329,6317320222,0;6317320222,6028645652,0;6028645652,2369336843,0;2369336843,2369336701,0;2369336701,12333484744,0;12333484744,2368579077,0;2368579077,2369336820,0;2369336820,2368578991,0;2368578991,8887740818,0;8887740818,9570709534,0;9570709534,2369336807,0;2369336807,2368578970,0;2368578970,6043430915,0;6043430915,4899192485,0;4899192485,564639012,0;564639012,564638925,0;564638925,504640818,0;504640818,504637096,0;504637096,2787061089,0;2787061089,2787061351,0;2787061351,2787061330,0;2787061330,11155489650,0;11155489650,2787061341,0;2787061341,2787061167,0",T1,6102
2023-09-07T13:00:00+08:00,always,True,always,0.0,False,4,1,5,0.9199327917110895,0.3522161670729889,2023-09-07T13:00:00+08:00,10297.182344079098,0.3522161670729889,0.5982574603685983,0.5005395227346919,0.0,0.3646871912501532,122.98599997302516,"9706921350,9706921684,0;9706921684,9706921682,0;9706921682,9713848047,0;9713848047,9713848018,0;9713848018,9713848023,0;9713848023,12984979400,0;12984979400,9713848118,0;9713848118,9713848006,0;9713848006,9713847968,0;9713847968,9706921713,0;9706921713,9706921712,0;9706921712,9706921786,0;9706921786,9778914467,0;9778914467,9706887247,0;9706887247,9706857800,0;9706857800,9706857774,0;9706857774,9706857801,0;9706857801,9706857775,0;9706857775,9706857832,0;9706857832,9706857843,0;9706857843,7161807983,0;7161807983,7161812592,0;7161812592,499478563,0;499478563,499478564,0;499478564,7973114513,0;7973114513,7973099569,0;7973099569,7975273881,0;7975273881,7973099508,0;7973099508,7973099507,0;7973099507,7973114859,0;7973114859,8298792534,0;8298792534,8298792550,0;8298792550,7973114851,0;7973114851,7975286501,0;7975286501,8298792599,0;8298792599,1116501292,0;1116501292,7975286500,0;7975286500,1116501304,0;1116501304,7975286429,0;7975286429,7975286583,0;7975286583,7977056082,0;7977056082,7977056084,0;7977056084,7977050965,0;7977050965,7977056079,0;7977056079,7979256640,0;7979256640,7979256626,0;7979256626,7979256668,0;7979256668,7977056101,0;7977056101,7967831807,0;7967831807,7967774259,0;7967774259,503464976,0;503464976,7961771680,0;7961771680,1116492807,0;1116492807,7967774262,0;7967774262,503464985,0;503464985,2530277199,0;2530277199,564083084,0;564083084,5374860944,0;5374860944,5374860978,0;5374860978,5374861143,0;5374861143,9053077286,0;9053077286,13527622504,0;13527622504,13167173350,0;13167173350,13527622497,0;13527622497,564083093,0;564083093,6317320202,0;6317320202,564083165,0;564083165,13167173329,0;13167173329,6317320222,0;6317320222,6028645652,0;6028645652,2369336843,0;2369336843,2369336701,0;2369336701,12333484744,0;12333484744,2368579077,0;2368579077,2369336820,0;2369336820,2368578991,0;2368578991,8887740818,0;8887740818,9570709534,0;9570709534,2369336807,0;2369336807,2368578970,0;2368578970,6043430915,0;6043430915,4899192485,0;4899192485,564639012,0;564639012,564638925,0;564638925,504640818,0;504640818,504637096,0;504637096,2787061089,0;2787061089,2787061351,0;2787061351,2787061330,0;2787061330,11155489650,0;11155489650,2787061341,0;2787061341,2787061167,0",T1,6102
2023-09-07T13:00:00+08:00,triggered,False,keep_current,,False,0,0,1,0.9199332089641964,0.3646871912501532,2023-09-07T12:00:00+08:00,10361.510411375662,0.3646871912501532,0.6883085239740452,0.6350991428280748,0.0140836793381787,0.3646871912501532,96.5357000241056,"9706921350,9706921684,0;9706921684,9706921682,0;9706921682,9713848047,0;9713848047,9713848018,0;9713848018,9713848023,0;9713848023,12984979400,0;12984979400,9713848118,0;9713848118,9713848006,0;9713848006,9713847968,0;9713847968,9706921713,0;9706921713,9706921712,0;9706921712,9706921786,0;9706921786,9778914467,0;9778914467,9706887247,0;9706887247,9706857800,0;9706857800,9706857774,0;9706857774,9706857801,0;9706857801,9706857775,0;9706857775,9706857832,0;9706857832,9706857843,0;9706857843,7161807983,0;7161807983,7161812592,0;7161812592,499478563,0;499478563,499478564,0;499478564,7973114513,0;7973114513,7973099569,0;7973099569,7975273881,0;7975273881,7973099508,0;7973099508,7973099507,0;7973099507,7973114859,0;7973114859,8298792534,0;8298792534,8298792550,0;8298792550,7973114851,0;7973114851,7975286501,0;7975286501,8298792599,0;8298792599,1116501292,0;1116501292,7975286500,0;7975286500,1116501304,0;1116501304,7975286429,0;7975286429,7975286583,0;7975286583,7977056082,0;7977056082,7977056084,0;7977056084,7977050965,0;7977050965,7977056079,0;7977056079,7977056078,0;7977056078,7979256736,0;7979256736,7977056077,0;7977056077,7979256760,0;7979256760,8407048466,0;8407048466,2530277169,0;2530277169,13161326472,0;13161326472,7979256723,0;7979256723,7979924894,0;7979924894,7979918290,0;7979918290,7967831812,0;7967831812,279077946,0;279077946,564083084,0;564083084,5374860944,0;5374860944,5374860978,0;5374860978,5374861143,0;5374861143,9053077286,0;9053077286,13527622504,0;13527622504,13167173350,0;13167173350,13527622497,0;13527622497,564083093,0;564083093,6317320202,0;6317320202,564083165,0;564083165,13167173329,0;13167173329,6317320222,0;6317320222,6028645652,0;6028645652,2369336843,0;2369336843,2369336701,0;2369336701,12333484744,0;12333484744,2368579077,0;2368579077,2369336820,0;2369336820,2368578991,0;2368578991,8887740818,0;8887740818,9570709534,0;9570709534,2369336807,0;2369336807,2368578970,0;2368578970,6043430915,0;6043430915,4899192485,0;4899192485,564639012,0;564639012,564638925,0;564638925,504640818,0;504640818,504637096,0;504637096,2787061089,0;2787061089,2787061351,0;2787061351,2787061330,0;2787061330,11155489650,0;11155489650,2787061341,0;2787061341,2787061167,0",T1,6102
2023-09-07T13:15:00+08:00,never,False,never,,False,0,0,1,0.9199332089641964,0.416453124763017,2023-09-07T12:00:00+08:00,10361.510411375662,0.416453124763017,0.909520878769327,0.8543292877758971,0.1135386693345506,0.416453124763017,105.00420001335442,"9706921350,9706921684,0;9706921684,9706921682,0;9706921682,9713848047,0;9713848047,9713848018,0;9713848018,9713848023,0;9713848023,12984979400,0;12984979400,9713848118,0;9713848118,9713848006,0;9713848006,9713847968,0;9713847968,9706921713,0;9706921713,9706921712,0;9706921712,9706921786,0;9706921786,9778914467,0;9778914467,9706887247,0;9706887247,9706857800,0;9706857800,9706857774,0;9706857774,9706857801,0;9706857801,9706857775,0;9706857775,9706857832,0;9706857832,9706857843,0;9706857843,7161807983,0;7161807983,7161812592,0;7161812592,499478563,0;499478563,499478564,0;499478564,7973114513,0;7973114513,7973099569,0;7973099569,7975273881,0;7975273881,7973099508,0;7973099508,7973099507,0;7973099507,7973114859,0;7973114859,8298792534,0;8298792534,8298792550,0;8298792550,7973114851,0;7973114851,7975286501,0;7975286501,8298792599,0;8298792599,1116501292,0;1116501292,7975286500,0;7975286500,1116501304,0;1116501304,7975286429,0;7975286429,7975286583,0;7975286583,7977056082,0;7977056082,7977056084,0;7977056084,7977050965,0;7977050965,7977056079,0;7977056079,7977056078,0;7977056078,7979256736,0;7979256736,7977056077,0;7977056077,7979256760,0;7979256760,8407048466,0;8407048466,2530277169,0;2530277169,13161326472,0;13161326472,7979256723,0;7979256723,7979924894,0;7979924894,7979918290,0;7979918290,7967831812,0;7967831812,279077946,0;279077946,564083084,0;564083084,5374860944,0;5374860944,5374860978,0;5374860978,5374861143,0;5374861143,9053077286,0;9053077286,13527622504,0;13527622504,13167173350,0;13167173350,13527622497,0;13527622497,564083093,0;564083093,6317320202,0;6317320202,564083165,0;564083165,13167173329,0;13167173329,6317320222,0;6317320222,6028645652,0;6028645652,2369336843,0;2369336843,2369336701,0;2369336701,12333484744,0;12333484744,2368579077,0;2368579077,2369336820,0;2369336820,2368578991,0;2368578991,8887740818,0;8887740818,9570709534,0;9570709534,2369336807,0;2369336807,2368578970,0;2368578970,6043430915,0;6043430915,4899192485,0;4899192485,564639012,0;564639012,564638925,0;564638925,504640818,0;504640818,504637096,0;504637096,2787061089,0;2787061089,2787061351,0;2787061351,2787061330,0;2787061330,11155489650,0;11155489650,2787061341,0;2787061341,2787061167,0",T1,6102
2023-09-07T13:15:00+08:00,always,True,always,0.0,False,5,1,6,0.9199327917110895,0.3936345017820636,2023-09-07T13:15:00+08:00,10297.182344079098,0.3936345017820636,0.8296987979471423,0.6201976967178988,0.0170638669574287,0.416453124763017,129.02249995386228,"9706921350,9706921684,0;9706921684,9706921682,0;9706921682,9713848047,0;9713848047,9713848018,0;9713848018,9713848023,0;9713848023,12984979400,0;12984979400,9713848118,0;9713848118,9713848006,0;9713848006,9713847968,0;9713847968,9706921713,0;9706921713,9706921712,0;9706921712,9706921786,0;9706921786,9778914467,0;9778914467,9706887247,0;9706887247,9706857800,0;9706857800,9706857774,0;9706857774,9706857801,0;9706857801,9706857775,0;9706857775,9706857832,0;9706857832,9706857843,0;9706857843,7161807983,0;7161807983,7161812592,0;7161812592,499478563,0;499478563,499478564,0;499478564,7973114513,0;7973114513,7973099569,0;7973099569,7975273881,0;7975273881,7973099508,0;7973099508,7973099507,0;7973099507,7973114859,0;7973114859,8298792534,0;8298792534,8298792550,0;8298792550,7973114851,0;7973114851,7975286501,0;7975286501,8298792599,0;8298792599,1116501292,0;1116501292,7975286500,0;7975286500,1116501304,0;1116501304,7975286429,0;7975286429,7975286583,0;7975286583,7977056082,0;7977056082,7977056084,0;7977056084,7977050965,0;7977050965,7977056079,0;7977056079,7979256640,0;7979256640,7979256626,0;7979256626,7979256668,0;7979256668,7977056101,0;7977056101,7967831807,0;7967831807,7967774259,0;7967774259,503464976,0;503464976,7961771680,0;7961771680,1116492807,0;1116492807,7967774262,0;7967774262,503464985,0;503464985,2530277199,0;2530277199,564083084,0;564083084,5374860944,0;5374860944,5374860978,0;5374860978,5374861143,0;5374861143,9053077286,0;9053077286,13527622504,0;13527622504,13167173350,0;13167173350,13527622497,0;13527622497,564083093,0;564083093,6317320202,0;6317320202,564083165,0;564083165,13167173329,0;13167173329,6317320222,0;6317320222,6028645652,0;6028645652,2369336843,0;2369336843,2369336701,0;2369336701,12333484744,0;12333484744,2368579077,0;2368579077,2369336820,0;2369336820,2368578991,0;2368578991,8887740818,0;8887740818,9570709534,0;9570709534,2369336807,0;2369336807,2368578970,0;2368578970,6043430915,0;6043430915,4899192485,0;4899192485,564639012,0;564639012,564638925,0;564638925,504640818,0;504640818,504637096,0;504637096,2787061089,0;2787061089,2787061351,0;2787061351,2787061330,0;2787061330,11155489650,0;11155489650,2787061341,0;2787061341,2787061167,0",T1,6102
2023-09-07T13:15:00+08:00,triggered,False,keep_current,,False,0,0,1,0.9199332089641964,0.416453124763017,2023-09-07T12:00:00+08:00,10361.510411375662,0.416453124763017,0.909520878769327,0.8543292877758971,0.1135386693345506,0.416453124763017,105.4467999492772,"9706921350,9706921684,0;9706921684,9706921682,0;9706921682,9713848047,0;9713848047,9713848018,0;9713848018,9713848023,0;9713848023,12984979400,0;12984979400,9713848118,0;9713848118,9713848006,0;9713848006,9713847968,0;9713847968,9706921713,0;9706921713,9706921712,0;9706921712,9706921786,0;9706921786,9778914467,0;9778914467,9706887247,0;9706887247,9706857800,0;9706857800,9706857774,0;9706857774,9706857801,0;9706857801,9706857775,0;9706857775,9706857832,0;9706857832,9706857843,0;9706857843,7161807983,0;7161807983,7161812592,0;7161812592,499478563,0;499478563,499478564,0;499478564,7973114513,0;7973114513,7973099569,0;7973099569,7975273881,0;7975273881,7973099508,0;7973099508,7973099507,0;7973099507,7973114859,0;7973114859,8298792534,0;8298792534,8298792550,0;8298792550,7973114851,0;7973114851,7975286501,0;7975286501,8298792599,0;8298792599,1116501292,0;1116501292,7975286500,0;7975286500,1116501304,0;1116501304,7975286429,0;7975286429,7975286583,0;7975286583,7977056082,0;7977056082,7977056084,0;7977056084,7977050965,0;7977050965,7977056079,0;7977056079,7977056078,0;7977056078,7979256736,0;7979256736,7977056077,0;7977056077,7979256760,0;7979256760,8407048466,0;8407048466,2530277169,0;2530277169,13161326472,0;13161326472,7979256723,0;7979256723,7979924894,0;7979924894,7979918290,0;7979918290,7967831812,0;7967831812,279077946,0;279077946,564083084,0;564083084,5374860944,0;5374860944,5374860978,0;5374860978,5374861143,0;5374861143,9053077286,0;9053077286,13527622504,0;13527622504,13167173350,0;13167173350,13527622497,0;13527622497,564083093,0;564083093,6317320202,0;6317320202,564083165,0;564083165,13167173329,0;13167173329,6317320222,0;6317320222,6028645652,0;6028645652,2369336843,0;2369336843,2369336701,0;2369336701,12333484744,0;12333484744,2368579077,0;2368579077,2369336820,0;2369336820,2368578991,0;2368578991,8887740818,0;8887740818,9570709534,0;9570709534,2369336807,0;2369336807,2368578970,0;2368578970,6043430915,0;6043430915,4899192485,0;4899192485,564639012,0;564639012,564638925,0;564638925,504640818,0;504640818,504637096,0;504637096,2787061089,0;2787061089,2787061351,0;2787061351,2787061330,0;2787061330,11155489650,0;11155489650,2787061341,0;2787061341,2787061167,0",T1,6102
2023-09-07T13:30:00+08:00,never,False,never,,False,0,0,1,0.9199332089641964,0.4508293464293868,2023-09-07T12:00:00+08:00,10361.510411375662,0.4508293464293868,0.9247284213879586,0.8563114976302749,0.2808169947375232,0.4508293464293868,140.27230005012825,"9706921350,9706921684,0;9706921684,9706921682,0;9706921682,9713848047,0;9713848047,9713848018,0;9713848018,9713848023,0;9713848023,12984979400,0;12984979400,9713848118,0;9713848118,9713848006,0;9713848006,9713847968,0;9713847968,9706921713,0;9706921713,9706921712,0;9706921712,9706921786,0;9706921786,9778914467,0;9778914467,9706887247,0;9706887247,9706857800,0;9706857800,9706857774,0;9706857774,9706857801,0;9706857801,9706857775,0;9706857775,9706857832,0;9706857832,9706857843,0;9706857843,7161807983,0;7161807983,7161812592,0;7161812592,499478563,0;499478563,499478564,0;499478564,7973114513,0;7973114513,7973099569,0;7973099569,7975273881,0;7975273881,7973099508,0;7973099508,7973099507,0;7973099507,7973114859,0;7973114859,8298792534,0;8298792534,8298792550,0;8298792550,7973114851,0;7973114851,7975286501,0;7975286501,8298792599,0;8298792599,1116501292,0;1116501292,7975286500,0;7975286500,1116501304,0;1116501304,7975286429,0;7975286429,7975286583,0;7975286583,7977056082,0;7977056082,7977056084,0;7977056084,7977050965,0;7977050965,7977056079,0;7977056079,7977056078,0;7977056078,7979256736,0;7979256736,7977056077,0;7977056077,7979256760,0;7979256760,8407048466,0;8407048466,2530277169,0;2530277169,13161326472,0;13161326472,7979256723,0;7979256723,7979924894,0;7979924894,7979918290,0;7979918290,7967831812,0;7967831812,279077946,0;279077946,564083084,0;564083084,5374860944,0;5374860944,5374860978,0;5374860978,5374861143,0;5374861143,9053077286,0;9053077286,13527622504,0;13527622504,13167173350,0;13167173350,13527622497,0;13527622497,564083093,0;564083093,6317320202,0;6317320202,564083165,0;564083165,13167173329,0;13167173329,6317320222,0;6317320222,6028645652,0;6028645652,2369336843,0;2369336843,2369336701,0;2369336701,12333484744,0;12333484744,2368579077,0;2368579077,2369336820,0;2369336820,2368578991,0;2368578991,8887740818,0;8887740818,9570709534,0;9570709534,2369336807,0;2369336807,2368578970,0;2368578970,6043430915,0;6043430915,4899192485,0;4899192485,564639012,0;564639012,564638925,0;564638925,504640818,0;504640818,504637096,0;504637096,2787061089,0;2787061089,2787061351,0;2787061351,2787061330,0;2787061330,11155489650,0;11155489650,2787061341,0;2787061341,2787061167,0",T1,6102
2023-09-07T13:30:00+08:00,always,True,always,0.0256799565844127,True,6,2,7,0.919938305745216,0.3706324939507007,2023-09-07T13:30:00+08:00,11217.511335828478,0.3706324939507007,0.7453053597989231,0.626460309818031,0.0194239913754094,0.4508293464293868,162.69440000178292,"9706921350,9706921684,0;9706921684,9706921682,0;9706921682,9713848047,0;9713848047,9713848018,0;9713848018,9713848023,0;9713848023,12984979400,0;12984979400,9713848118,0;9713848118,9713848006,0;9713848006,9713847968,0;9713847968,9706921713,0;9706921713,9706921712,0;9706921712,9706921786,0;9706921786,9778914467,0;9778914467,9706887247,0;9706887247,9706857800,0;9706857800,9706857774,0;9706857774,9706857801,0;9706857801,9706857775,0;9706857775,9706857832,0;9706857832,9706857843,0;9706857843,7161807983,0;7161807983,7161812592,0;7161812592,499478563,0;499478563,499478564,0;499478564,7973114513,0;7973114513,7973099569,0;7973099569,7975273881,0;7975273881,7973099508,0;7973099508,8298792548,0;8298792548,7973099506,0;7973099506,7975273876,0;7975273876,2530284953,0;2530284953,1491845601,0;1491845601,1491845610,0;1491845610,1116501223,0;1116501223,499478765,0;499478765,1116501237,0;1116501237,2525990704,0;2525990704,2525990691,0;2525990691,2525990692,0;2525990692,499543123,0;499543123,2750667601,0;2750667601,13072510361,0;13072510361,2750667627,0;2750667627,5834799167,0;5834799167,499543165,0;499543165,7965680795,0;7965680795,5271707993,0;5271707993,4848290283,0;4848290283,2750593369,0;2750593369,277673161,0;277673161,277052181,0;277052181,2750593322,0;2750593322,8076307465,0;8076307465,8076307469,0;8076307469,10556743824,0;10556743824,8791690550,0;8791690550,10579173218,0;10579173218,13017481550,0;13017481550,10556743814,0;10556743814,10031001813,0;10031001813,10556743820,0;10556743820,7252057922,0;7252057922,10556743818,0;10556743818,500016970,0;500016970,6413071087,0;6413071087,500016482,0;500016482,500016487,0;500016487,7252057894,0;7252057894,2367574792,0;2367574792,8077904806,0;8077904806,8002408178,0;8002408178,8002408180,0;8002408180,8077904800,0;8077904800,8002408198,0;8002408198,6317315212,0;6317315212,8002408173,0;8002408173,8002408172,0;8002408172,8002397282,0;8002397282,8002408030,0;8002408030,8002408117,0;8002408117,3671795931,0;3671795931,8002408083,0;8002408083,8002408082,0;8002408082,8077904795,0;8077904795,3671795928,0;3671795928,8002408012,0;8002408012,12988628620,0;12988628620,6413071588,0;6413071588,6413071335,0;6413071335,8002408006,0;8002408006,10539884637,0;10539884637,6302206145,0;6302206145,11046800331,0;11046800331,3671791988,0;3671791988,2787061351,0;2787061351,2787061330,0;2787061330,11155489650,0;11155489650,2787061341,0;2787061341,2787061167,0",T1,6102
2023-09-07T13:30:00+08:00,triggered,True,high_risk_ratio,0.0460431103376691,True,1,1,2,0.919938305745216,0.3706324939507007,2023-09-07T13:30:00+08:00,11217.511335828478,0.3706324939507007,0.7453053597989231,0.626460309818031,0.0194239913754094,0.4508293464293868,163.74400001950562,"9706921350,9706921684,0;9706921684,9706921682,0;9706921682,9713848047,0;9713848047,9713848018,0;9713848018,9713848023,0;9713848023,12984979400,0;12984979400,9713848118,0;9713848118,9713848006,0;9713848006,9713847968,0;9713847968,9706921713,0;9706921713,9706921712,0;9706921712,9706921786,0;9706921786,9778914467,0;9778914467,9706887247,0;9706887247,9706857800,0;9706857800,9706857774,0;9706857774,9706857801,0;9706857801,9706857775,0;9706857775,9706857832,0;9706857832,9706857843,0;9706857843,7161807983,0;7161807983,7161812592,0;7161812592,499478563,0;499478563,499478564,0;499478564,7973114513,0;7973114513,7973099569,0;7973099569,7975273881,0;7975273881,7973099508,0;7973099508,8298792548,0;8298792548,7973099506,0;7973099506,7975273876,0;7975273876,2530284953,0;2530284953,1491845601,0;1491845601,1491845610,0;1491845610,1116501223,0;1116501223,499478765,0;499478765,1116501237,0;1116501237,2525990704,0;2525990704,2525990691,0;2525990691,2525990692,0;2525990692,499543123,0;499543123,2750667601,0;2750667601,13072510361,0;13072510361,2750667627,0;2750667627,5834799167,0;5834799167,499543165,0;499543165,7965680795,0;7965680795,5271707993,0;5271707993,4848290283,0;4848290283,2750593369,0;2750593369,277673161,0;277673161,277052181,0;277052181,2750593322,0;2750593322,8076307465,0;8076307465,8076307469,0;8076307469,10556743824,0;10556743824,8791690550,0;8791690550,10579173218,0;10579173218,13017481550,0;13017481550,10556743814,0;10556743814,10031001813,0;10031001813,10556743820,0;10556743820,7252057922,0;7252057922,10556743818,0;10556743818,500016970,0;500016970,6413071087,0;6413071087,500016482,0;500016482,500016487,0;500016487,7252057894,0;7252057894,2367574792,0;2367574792,8077904806,0;8077904806,8002408178,0;8002408178,8002408180,0;8002408180,8077904800,0;8077904800,8002408198,0;8002408198,6317315212,0;6317315212,8002408173,0;8002408173,8002408172,0;8002408172,8002397282,0;8002397282,8002408030,0;8002408030,8002408117,0;8002408117,3671795931,0;3671795931,8002408083,0;8002408083,8002408082,0;8002408082,8077904795,0;8077904795,3671795928,0;3671795928,8002408012,0;8002408012,12988628620,0;12988628620,6413071588,0;6413071588,6413071335,0;6413071335,8002408006,0;8002408006,10539884637,0;10539884637,6302206145,0;6302206145,11046800331,0;11046800331,3671791988,0;3671791988,2787061351,0;2787061351,2787061330,0;2787061330,11155489650,0;11155489650,2787061341,0;2787061341,2787061167,0",T1,6102
2023-09-07T13:45:00+08:00,never,False,never,,False,0,0,1,0.9199332089641964,0.4640689107115669,2023-09-07T12:00:00+08:00,10361.510411375662,0.4640689107115669,0.9247284213879586,0.8563114976302749,0.2937798626350558,0.4640689107115669,91.55080001801252,"9706921350,9706921684,0;9706921684,9706921682,0;9706921682,9713848047,0;9713848047,9713848018,0;9713848018,9713848023,0;9713848023,12984979400,0;12984979400,9713848118,0;9713848118,9713848006,0;9713848006,9713847968,0;9713847968,9706921713,0;9706921713,9706921712,0;9706921712,9706921786,0;9706921786,9778914467,0;9778914467,9706887247,0;9706887247,9706857800,0;9706857800,9706857774,0;9706857774,9706857801,0;9706857801,9706857775,0;9706857775,9706857832,0;9706857832,9706857843,0;9706857843,7161807983,0;7161807983,7161812592,0;7161812592,499478563,0;499478563,499478564,0;499478564,7973114513,0;7973114513,7973099569,0;7973099569,7975273881,0;7975273881,7973099508,0;7973099508,7973099507,0;7973099507,7973114859,0;7973114859,8298792534,0;8298792534,8298792550,0;8298792550,7973114851,0;7973114851,7975286501,0;7975286501,8298792599,0;8298792599,1116501292,0;1116501292,7975286500,0;7975286500,1116501304,0;1116501304,7975286429,0;7975286429,7975286583,0;7975286583,7977056082,0;7977056082,7977056084,0;7977056084,7977050965,0;7977050965,7977056079,0;7977056079,7977056078,0;7977056078,7979256736,0;7979256736,7977056077,0;7977056077,7979256760,0;7979256760,8407048466,0;8407048466,2530277169,0;2530277169,13161326472,0;13161326472,7979256723,0;7979256723,7979924894,0;7979924894,7979918290,0;7979918290,7967831812,0;7967831812,279077946,0;279077946,564083084,0;564083084,5374860944,0;5374860944,5374860978,0;5374860978,5374861143,0;5374861143,9053077286,0;9053077286,13527622504,0;13527622504,13167173350,0;13167173350,13527622497,0;13527622497,564083093,0;564083093,6317320202,0;6317320202,564083165,0;564083165,13167173329,0;13167173329,6317320222,0;6317320222,6028645652,0;6028645652,2369336843,0;2369336843,2369336701,0;2369336701,12333484744,0;12333484744,2368579077,0;2368579077,2369336820,0;2369336820,2368578991,0;2368578991,8887740818,0;8887740818,9570709534,0;9570709534,2369336807,0;2369336807,2368578970,0;2368578970,6043430915,0;6043430915,4899192485,0;4899192485,564639012,0;564639012,564638925,0;564638925,504640818,0;504640818,504637096,0;504637096,2787061089,0;2787061089,2787061351,0;2787061351,2787061330,0;2787061330,11155489650,0;11155489650,2787061341,0;2787061341,2787061167,0",T1,6102
2023-09-07T13:45:00+08:00,always,True,always,0.0,False,7,2,8,0.919938305745216,0.3790650151777743,2023-09-07T13:45:00+08:00,11217.511335828478,0.3790650151777743,0.801407407614316,0.6825623576339954,0.068308133179008,0.4640689107115669,115.70899997605012,"9706921350,9706921684,0;9706921684,9706921682,0;9706921682,9713848047,0;9713848047,9713848018,0;9713848018,9713848023,0;9713848023,12984979400,0;12984979400,9713848118,0;9713848118,9713848006,0;9713848006,9713847968,0;9713847968,9706921713,0;9706921713,9706921712,0;9706921712,9706921786,0;9706921786,9778914467,0;9778914467,9706887247,0;9706887247,9706857800,0;9706857800,9706857774,0;9706857774,9706857801,0;9706857801,9706857775,0;9706857775,9706857832,0;9706857832,9706857843,0;9706857843,7161807983,0;7161807983,7161812592,0;7161812592,499478563,0;499478563,499478564,0;499478564,7973114513,0;7973114513,7973099569,0;7973099569,7975273881,0;7975273881,7973099508,0;7973099508,8298792548,0;8298792548,7973099506,0;7973099506,7975273876,0;7975273876,2530284953,0;2530284953,1491845601,0;1491845601,1491845610,0;1491845610,1116501223,0;1116501223,499478765,0;499478765,1116501237,0;1116501237,2525990704,0;2525990704,2525990691,0;2525990691,2525990692,0;2525990692,499543123,0;499543123,2750667601,0;2750667601,13072510361,0;13072510361,2750667627,0;2750667627,5834799167,0;5834799167,499543165,0;499543165,7965680795,0;7965680795,5271707993,0;5271707993,4848290283,0;4848290283,2750593369,0;2750593369,277673161,0;277673161,277052181,0;277052181,2750593322,0;2750593322,8076307465,0;8076307465,8076307469,0;8076307469,10556743824,0;10556743824,8791690550,0;8791690550,10579173218,0;10579173218,13017481550,0;13017481550,10556743814,0;10556743814,10031001813,0;10031001813,10556743820,0;10556743820,7252057922,0;7252057922,10556743818,0;10556743818,500016970,0;500016970,6413071087,0;6413071087,500016482,0;500016482,500016487,0;500016487,7252057894,0;7252057894,2367574792,0;2367574792,8077904806,0;8077904806,8002408178,0;8002408178,8002408180,0;8002408180,8077904800,0;8077904800,8002408198,0;8002408198,6317315212,0;6317315212,8002408173,0;8002408173,8002408172,0;8002408172,8002397282,0;8002397282,8002408030,0;8002408030,8002408117,0;8002408117,3671795931,0;3671795931,8002408083,0;8002408083,8002408082,0;8002408082,8077904795,0;8077904795,3671795928,0;3671795928,8002408012,0;8002408012,12988628620,0;12988628620,6413071588,0;6413071588,6413071335,0;6413071335,8002408006,0;8002408006,10539884637,0;10539884637,6302206145,0;6302206145,11046800331,0;11046800331,3671791988,0;3671791988,2787061351,0;2787061351,2787061330,0;2787061330,11155489650,0;11155489650,2787061341,0;2787061341,2787061167,0",T1,6102
2023-09-07T13:45:00+08:00,triggered,False,keep_current,,False,1,1,2,0.919938305745216,0.3790650151777743,2023-09-07T13:30:00+08:00,11217.511335828478,0.3790650151777743,0.801407407614316,0.6825623576339954,0.068308133179008,0.4640689107115669,91.52619994711132,"9706921350,9706921684,0;9706921684,9706921682,0;9706921682,9713848047,0;9713848047,9713848018,0;9713848018,9713848023,0;9713848023,12984979400,0;12984979400,9713848118,0;9713848118,9713848006,0;9713848006,9713847968,0;9713847968,9706921713,0;9706921713,9706921712,0;9706921712,9706921786,0;9706921786,9778914467,0;9778914467,9706887247,0;9706887247,9706857800,0;9706857800,9706857774,0;9706857774,9706857801,0;9706857801,9706857775,0;9706857775,9706857832,0;9706857832,9706857843,0;9706857843,7161807983,0;7161807983,7161812592,0;7161812592,499478563,0;499478563,499478564,0;499478564,7973114513,0;7973114513,7973099569,0;7973099569,7975273881,0;7975273881,7973099508,0;7973099508,8298792548,0;8298792548,7973099506,0;7973099506,7975273876,0;7975273876,2530284953,0;2530284953,1491845601,0;1491845601,1491845610,0;1491845610,1116501223,0;1116501223,499478765,0;499478765,1116501237,0;1116501237,2525990704,0;2525990704,2525990691,0;2525990691,2525990692,0;2525990692,499543123,0;499543123,2750667601,0;2750667601,13072510361,0;13072510361,2750667627,0;2750667627,5834799167,0;5834799167,499543165,0;499543165,7965680795,0;7965680795,5271707993,0;5271707993,4848290283,0;4848290283,2750593369,0;2750593369,277673161,0;277673161,277052181,0;277052181,2750593322,0;2750593322,8076307465,0;8076307465,8076307469,0;8076307469,10556743824,0;10556743824,8791690550,0;8791690550,10579173218,0;10579173218,13017481550,0;13017481550,10556743814,0;10556743814,10031001813,0;10031001813,10556743820,0;10556743820,7252057922,0;7252057922,10556743818,0;10556743818,500016970,0;500016970,6413071087,0;6413071087,500016482,0;500016482,500016487,0;500016487,7252057894,0;7252057894,2367574792,0;2367574792,8077904806,0;8077904806,8002408178,0;8002408178,8002408180,0;8002408180,8077904800,0;8077904800,8002408198,0;8002408198,6317315212,0;6317315212,8002408173,0;8002408173,8002408172,0;8002408172,8002397282,0;8002397282,8002408030,0;8002408030,8002408117,0;8002408117,3671795931,0;3671795931,8002408083,0;8002408083,8002408082,0;8002408082,8077904795,0;8077904795,3671795928,0;3671795928,8002408012,0;8002408012,12988628620,0;12988628620,6413071588,0;6413071588,6413071335,0;6413071335,8002408006,0;8002408006,10539884637,0;10539884637,6302206145,0;6302206145,11046800331,0;11046800331,3671791988,0;3671791988,2787061351,0;2787061351,2787061330,0;2787061330,11155489650,0;11155489650,2787061341,0;2787061341,2787061167,0",T1,6102
2023-09-07T14:00:00+08:00,never,False,never,,False,0,0,1,0.9199332089641964,0.4640689107115669,2023-09-07T12:00:00+08:00,10361.510411375662,0.4640689107115669,0.9247284213879586,0.8563114976302749,0.2937798626350558,0.4640689107115669,100.97979998681694,"9706921350,9706921684,0;9706921684,9706921682,0;9706921682,9713848047,0;9713848047,9713848018,0;9713848018,9713848023,0;9713848023,12984979400,0;12984979400,9713848118,0;9713848118,9713848006,0;9713848006,9713847968,0;9713847968,9706921713,0;9706921713,9706921712,0;9706921712,9706921786,0;9706921786,9778914467,0;9778914467,9706887247,0;9706887247,9706857800,0;9706857800,9706857774,0;9706857774,9706857801,0;9706857801,9706857775,0;9706857775,9706857832,0;9706857832,9706857843,0;9706857843,7161807983,0;7161807983,7161812592,0;7161812592,499478563,0;499478563,499478564,0;499478564,7973114513,0;7973114513,7973099569,0;7973099569,7975273881,0;7975273881,7973099508,0;7973099508,7973099507,0;7973099507,7973114859,0;7973114859,8298792534,0;8298792534,8298792550,0;8298792550,7973114851,0;7973114851,7975286501,0;7975286501,8298792599,0;8298792599,1116501292,0;1116501292,7975286500,0;7975286500,1116501304,0;1116501304,7975286429,0;7975286429,7975286583,0;7975286583,7977056082,0;7977056082,7977056084,0;7977056084,7977050965,0;7977050965,7977056079,0;7977056079,7977056078,0;7977056078,7979256736,0;7979256736,7977056077,0;7977056077,7979256760,0;7979256760,8407048466,0;8407048466,2530277169,0;2530277169,13161326472,0;13161326472,7979256723,0;7979256723,7979924894,0;7979924894,7979918290,0;7979918290,7967831812,0;7967831812,279077946,0;279077946,564083084,0;564083084,5374860944,0;5374860944,5374860978,0;5374860978,5374861143,0;5374861143,9053077286,0;9053077286,13527622504,0;13527622504,13167173350,0;13167173350,13527622497,0;13527622497,564083093,0;564083093,6317320202,0;6317320202,564083165,0;564083165,13167173329,0;13167173329,6317320222,0;6317320222,6028645652,0;6028645652,2369336843,0;2369336843,2369336701,0;2369336701,12333484744,0;12333484744,2368579077,0;2368579077,2369336820,0;2369336820,2368578991,0;2368578991,8887740818,0;8887740818,9570709534,0;9570709534,2369336807,0;2369336807,2368578970,0;2368578970,6043430915,0;6043430915,4899192485,0;4899192485,564639012,0;564639012,564638925,0;564638925,504640818,0;504640818,504637096,0;504637096,2787061089,0;2787061089,2787061351,0;2787061351,2787061330,0;2787061330,11155489650,0;11155489650,2787061341,0;2787061341,2787061167,0",T1,6102
2023-09-07T14:00:00+08:00,always,True,always,0.0,False,8,2,9,0.919938305745216,0.3790650151777743,2023-09-07T14:00:00+08:00,11217.511335828478,0.3790650151777743,0.801407407614316,0.6825623576339954,0.068308133179008,0.4640689107115669,125.40560000343248,"9706921350,9706921684,0;9706921684,9706921682,0;9706921682,9713848047,0;9713848047,9713848018,0;9713848018,9713848023,0;9713848023,12984979400,0;12984979400,9713848118,0;9713848118,9713848006,0;9713848006,9713847968,0;9713847968,9706921713,0;9706921713,9706921712,0;9706921712,9706921786,0;9706921786,9778914467,0;9778914467,9706887247,0;9706887247,9706857800,0;9706857800,9706857774,0;9706857774,9706857801,0;9706857801,9706857775,0;9706857775,9706857832,0;9706857832,9706857843,0;9706857843,7161807983,0;7161807983,7161812592,0;7161812592,499478563,0;499478563,499478564,0;499478564,7973114513,0;7973114513,7973099569,0;7973099569,7975273881,0;7975273881,7973099508,0;7973099508,8298792548,0;8298792548,7973099506,0;7973099506,7975273876,0;7975273876,2530284953,0;2530284953,1491845601,0;1491845601,1491845610,0;1491845610,1116501223,0;1116501223,499478765,0;499478765,1116501237,0;1116501237,2525990704,0;2525990704,2525990691,0;2525990691,2525990692,0;2525990692,499543123,0;499543123,2750667601,0;2750667601,13072510361,0;13072510361,2750667627,0;2750667627,5834799167,0;5834799167,499543165,0;499543165,7965680795,0;7965680795,5271707993,0;5271707993,4848290283,0;4848290283,2750593369,0;2750593369,277673161,0;277673161,277052181,0;277052181,2750593322,0;2750593322,8076307465,0;8076307465,8076307469,0;8076307469,10556743824,0;10556743824,8791690550,0;8791690550,10579173218,0;10579173218,13017481550,0;13017481550,10556743814,0;10556743814,10031001813,0;10031001813,10556743820,0;10556743820,7252057922,0;7252057922,10556743818,0;10556743818,500016970,0;500016970,6413071087,0;6413071087,500016482,0;500016482,500016487,0;500016487,7252057894,0;7252057894,2367574792,0;2367574792,8077904806,0;8077904806,8002408178,0;8002408178,8002408180,0;8002408180,8077904800,0;8077904800,8002408198,0;8002408198,6317315212,0;6317315212,8002408173,0;8002408173,8002408172,0;8002408172,8002397282,0;8002397282,8002408030,0;8002408030,8002408117,0;8002408117,3671795931,0;3671795931,8002408083,0;8002408083,8002408082,0;8002408082,8077904795,0;8077904795,3671795928,0;3671795928,8002408012,0;8002408012,12988628620,0;12988628620,6413071588,0;6413071588,6413071335,0;6413071335,8002408006,0;8002408006,10539884637,0;10539884637,6302206145,0;6302206145,11046800331,0;11046800331,3671791988,0;3671791988,2787061351,0;2787061351,2787061330,0;2787061330,11155489650,0;11155489650,2787061341,0;2787061341,2787061167,0",T1,6102
2023-09-07T14:00:00+08:00,triggered,False,keep_current,,False,1,1,2,0.919938305745216,0.3790650151777743,2023-09-07T13:30:00+08:00,11217.511335828478,0.3790650151777743,0.801407407614316,0.6825623576339954,0.068308133179008,0.4640689107115669,99.15179997915402,"9706921350,9706921684,0;9706921684,9706921682,0;9706921682,9713848047,0;9713848047,9713848018,0;9713848018,9713848023,0;9713848023,12984979400,0;12984979400,9713848118,0;9713848118,9713848006,0;9713848006,9713847968,0;9713847968,9706921713,0;9706921713,9706921712,0;9706921712,9706921786,0;9706921786,9778914467,0;9778914467,9706887247,0;9706887247,9706857800,0;9706857800,9706857774,0;9706857774,9706857801,0;9706857801,9706857775,0;9706857775,9706857832,0;9706857832,9706857843,0;9706857843,7161807983,0;7161807983,7161812592,0;7161812592,499478563,0;499478563,499478564,0;499478564,7973114513,0;7973114513,7973099569,0;7973099569,7975273881,0;7975273881,7973099508,0;7973099508,8298792548,0;8298792548,7973099506,0;7973099506,7975273876,0;7975273876,2530284953,0;2530284953,1491845601,0;1491845601,1491845610,0;1491845610,1116501223,0;1116501223,499478765,0;499478765,1116501237,0;1116501237,2525990704,0;2525990704,2525990691,0;2525990691,2525990692,0;2525990692,499543123,0;499543123,2750667601,0;2750667601,13072510361,0;13072510361,2750667627,0;2750667627,5834799167,0;5834799167,499543165,0;499543165,7965680795,0;7965680795,5271707993,0;5271707993,4848290283,0;4848290283,2750593369,0;2750593369,277673161,0;277673161,277052181,0;277052181,2750593322,0;2750593322,8076307465,0;8076307465,8076307469,0;8076307469,10556743824,0;10556743824,8791690550,0;8791690550,10579173218,0;10579173218,13017481550,0;13017481550,10556743814,0;10556743814,10031001813,0;10031001813,10556743820,0;10556743820,7252057922,0;7252057922,10556743818,0;10556743818,500016970,0;500016970,6413071087,0;6413071087,500016482,0;500016482,500016487,0;500016487,7252057894,0;7252057894,2367574792,0;2367574792,8077904806,0;8077904806,8002408178,0;8002408178,8002408180,0;8002408180,8077904800,0;8077904800,8002408198,0;8002408198,6317315212,0;6317315212,8002408173,0;8002408173,8002408172,0;8002408172,8002397282,0;8002397282,8002408030,0;8002408030,8002408117,0;8002408117,3671795931,0;3671795931,8002408083,0;8002408083,8002408082,0;8002408082,8077904795,0;8077904795,3671795928,0;3671795928,8002408012,0;8002408012,12988628620,0;12988628620,6413071588,0;6413071588,6413071335,0;6413071335,8002408006,0;8002408006,10539884637,0;10539884637,6302206145,0;6302206145,11046800331,0;11046800331,3671791988,0;3671791988,2787061351,0;2787061351,2787061330,0;2787061330,11155489650,0;11155489650,2787061341,0;2787061341,2787061167,0",T1,6102
2023-09-07T14:15:00+08:00,never,False,never,,False,0,0,1,0.9199332089641964,0.4640689107115669,2023-09-07T12:00:00+08:00,10361.510411375662,0.4640689107115669,0.9247284213879586,0.8563114976302749,0.2937798626350558,0.4640689107115669,105.85719998925924,"9706921350,9706921684,0;9706921684,9706921682,0;9706921682,9713848047,0;9713848047,9713848018,0;9713848018,9713848023,0;9713848023,12984979400,0;12984979400,9713848118,0;9713848118,9713848006,0;9713848006,9713847968,0;9713847968,9706921713,0;9706921713,9706921712,0;9706921712,9706921786,0;9706921786,9778914467,0;9778914467,9706887247,0;9706887247,9706857800,0;9706857800,9706857774,0;9706857774,9706857801,0;9706857801,9706857775,0;9706857775,9706857832,0;9706857832,9706857843,0;9706857843,7161807983,0;7161807983,7161812592,0;7161812592,499478563,0;499478563,499478564,0;499478564,7973114513,0;7973114513,7973099569,0;7973099569,7975273881,0;7975273881,7973099508,0;7973099508,7973099507,0;7973099507,7973114859,0;7973114859,8298792534,0;8298792534,8298792550,0;8298792550,7973114851,0;7973114851,7975286501,0;7975286501,8298792599,0;8298792599,1116501292,0;1116501292,7975286500,0;7975286500,1116501304,0;1116501304,7975286429,0;7975286429,7975286583,0;7975286583,7977056082,0;7977056082,7977056084,0;7977056084,7977050965,0;7977050965,7977056079,0;7977056079,7977056078,0;7977056078,7979256736,0;7979256736,7977056077,0;7977056077,7979256760,0;7979256760,8407048466,0;8407048466,2530277169,0;2530277169,13161326472,0;13161326472,7979256723,0;7979256723,7979924894,0;7979924894,7979918290,0;7979918290,7967831812,0;7967831812,279077946,0;279077946,564083084,0;564083084,5374860944,0;5374860944,5374860978,0;5374860978,5374861143,0;5374861143,9053077286,0;9053077286,13527622504,0;13527622504,13167173350,0;13167173350,13527622497,0;13527622497,564083093,0;564083093,6317320202,0;6317320202,564083165,0;564083165,13167173329,0;13167173329,6317320222,0;6317320222,6028645652,0;6028645652,2369336843,0;2369336843,2369336701,0;2369336701,12333484744,0;12333484744,2368579077,0;2368579077,2369336820,0;2369336820,2368578991,0;2368578991,8887740818,0;8887740818,9570709534,0;9570709534,2369336807,0;2369336807,2368578970,0;2368578970,6043430915,0;6043430915,4899192485,0;4899192485,564639012,0;564639012,564638925,0;564638925,504640818,0;504640818,504637096,0;504637096,2787061089,0;2787061089,2787061351,0;2787061351,2787061330,0;2787061330,11155489650,0;11155489650,2787061341,0;2787061341,2787061167,0",T1,6102
2023-09-07T14:15:00+08:00,always,True,always,0.0,False,9,2,10,0.919938305745216,0.3790650151777743,2023-09-07T14:15:00+08:00,11217.511335828478,0.3790650151777743,0.801407407614316,0.6825623576339954,0.068308133179008,0.4640689107115669,130.91210002312437,"9706921350,9706921684,0;9706921684,9706921682,0;9706921682,9713848047,0;9713848047,9713848018,0;9713848018,9713848023,0;9713848023,12984979400,0;12984979400,9713848118,0;9713848118,9713848006,0;9713848006,9713847968,0;9713847968,9706921713,0;9706921713,9706921712,0;9706921712,9706921786,0;9706921786,9778914467,0;9778914467,9706887247,0;9706887247,9706857800,0;9706857800,9706857774,0;9706857774,9706857801,0;9706857801,9706857775,0;9706857775,9706857832,0;9706857832,9706857843,0;9706857843,7161807983,0;7161807983,7161812592,0;7161812592,499478563,0;499478563,499478564,0;499478564,7973114513,0;7973114513,7973099569,0;7973099569,7975273881,0;7975273881,7973099508,0;7973099508,8298792548,0;8298792548,7973099506,0;7973099506,7975273876,0;7975273876,2530284953,0;2530284953,1491845601,0;1491845601,1491845610,0;1491845610,1116501223,0;1116501223,499478765,0;499478765,1116501237,0;1116501237,2525990704,0;2525990704,2525990691,0;2525990691,2525990692,0;2525990692,499543123,0;499543123,2750667601,0;2750667601,13072510361,0;13072510361,2750667627,0;2750667627,5834799167,0;5834799167,499543165,0;499543165,7965680795,0;7965680795,5271707993,0;5271707993,4848290283,0;4848290283,2750593369,0;2750593369,277673161,0;277673161,277052181,0;277052181,2750593322,0;2750593322,8076307465,0;8076307465,8076307469,0;8076307469,10556743824,0;10556743824,8791690550,0;8791690550,10579173218,0;10579173218,13017481550,0;13017481550,10556743814,0;10556743814,10031001813,0;10031001813,10556743820,0;10556743820,7252057922,0;7252057922,10556743818,0;10556743818,500016970,0;500016970,6413071087,0;6413071087,500016482,0;500016482,500016487,0;500016487,7252057894,0;7252057894,2367574792,0;2367574792,8077904806,0;8077904806,8002408178,0;8002408178,8002408180,0;8002408180,8077904800,0;8077904800,8002408198,0;8002408198,6317315212,0;6317315212,8002408173,0;8002408173,8002408172,0;8002408172,8002397282,0;8002397282,8002408030,0;8002408030,8002408117,0;8002408117,3671795931,0;3671795931,8002408083,0;8002408083,8002408082,0;8002408082,8077904795,0;8077904795,3671795928,0;3671795928,8002408012,0;8002408012,12988628620,0;12988628620,6413071588,0;6413071588,6413071335,0;6413071335,8002408006,0;8002408006,10539884637,0;10539884637,6302206145,0;6302206145,11046800331,0;11046800331,3671791988,0;3671791988,2787061351,0;2787061351,2787061330,0;2787061330,11155489650,0;11155489650,2787061341,0;2787061341,2787061167,0",T1,6102
2023-09-07T14:15:00+08:00,triggered,False,keep_current,,False,1,1,2,0.919938305745216,0.3790650151777743,2023-09-07T13:30:00+08:00,11217.511335828478,0.3790650151777743,0.801407407614316,0.6825623576339954,0.068308133179008,0.4640689107115669,105.4156000027433,"9706921350,9706921684,0;9706921684,9706921682,0;9706921682,9713848047,0;9713848047,9713848018,0;9713848018,9713848023,0;9713848023,12984979400,0;12984979400,9713848118,0;9713848118,9713848006,0;9713848006,9713847968,0;9713847968,9706921713,0;9706921713,9706921712,0;9706921712,9706921786,0;9706921786,9778914467,0;9778914467,9706887247,0;9706887247,9706857800,0;9706857800,9706857774,0;9706857774,9706857801,0;9706857801,9706857775,0;9706857775,9706857832,0;9706857832,9706857843,0;9706857843,7161807983,0;7161807983,7161812592,0;7161812592,499478563,0;499478563,499478564,0;499478564,7973114513,0;7973114513,7973099569,0;7973099569,7975273881,0;7975273881,7973099508,0;7973099508,8298792548,0;8298792548,7973099506,0;7973099506,7975273876,0;7975273876,2530284953,0;2530284953,1491845601,0;1491845601,1491845610,0;1491845610,1116501223,0;1116501223,499478765,0;499478765,1116501237,0;1116501237,2525990704,0;2525990704,2525990691,0;2525990691,2525990692,0;2525990692,499543123,0;499543123,2750667601,0;2750667601,13072510361,0;13072510361,2750667627,0;2750667627,5834799167,0;5834799167,499543165,0;499543165,7965680795,0;7965680795,5271707993,0;5271707993,4848290283,0;4848290283,2750593369,0;2750593369,277673161,0;277673161,277052181,0;277052181,2750593322,0;2750593322,8076307465,0;8076307465,8076307469,0;8076307469,10556743824,0;10556743824,8791690550,0;8791690550,10579173218,0;10579173218,13017481550,0;13017481550,10556743814,0;10556743814,10031001813,0;10031001813,10556743820,0;10556743820,7252057922,0;7252057922,10556743818,0;10556743818,500016970,0;500016970,6413071087,0;6413071087,500016482,0;500016482,500016487,0;500016487,7252057894,0;7252057894,2367574792,0;2367574792,8077904806,0;8077904806,8002408178,0;8002408178,8002408180,0;8002408180,8077904800,0;8077904800,8002408198,0;8002408198,6317315212,0;6317315212,8002408173,0;8002408173,8002408172,0;8002408172,8002397282,0;8002397282,8002408030,0;8002408030,8002408117,0;8002408117,3671795931,0;3671795931,8002408083,0;8002408083,8002408082,0;8002408082,8077904795,0;8077904795,3671795928,0;3671795928,8002408012,0;8002408012,12988628620,0;12988628620,6413071588,0;6413071588,6413071335,0;6413071335,8002408006,0;8002408006,10539884637,0;10539884637,6302206145,0;6302206145,11046800331,0;11046800331,3671791988,0;3671791988,2787061351,0;2787061351,2787061330,0;2787061330,11155489650,0;11155489650,2787061341,0;2787061341,2787061167,0",T1,6102
2023-09-07T14:30:00+08:00,never,False,never,,False,0,0,1,0.9199332089641964,0.4640689107115669,2023-09-07T12:00:00+08:00,10361.510411375662,0.4640689107115669,0.9247284213879586,0.8563114976302749,0.2937798626350558,0.4640689107115669,98.32009999081492,"9706921350,9706921684,0;9706921684,9706921682,0;9706921682,9713848047,0;9713848047,9713848018,0;9713848018,9713848023,0;9713848023,12984979400,0;12984979400,9713848118,0;9713848118,9713848006,0;9713848006,9713847968,0;9713847968,9706921713,0;9706921713,9706921712,0;9706921712,9706921786,0;9706921786,9778914467,0;9778914467,9706887247,0;9706887247,9706857800,0;9706857800,9706857774,0;9706857774,9706857801,0;9706857801,9706857775,0;9706857775,9706857832,0;9706857832,9706857843,0;9706857843,7161807983,0;7161807983,7161812592,0;7161812592,499478563,0;499478563,499478564,0;499478564,7973114513,0;7973114513,7973099569,0;7973099569,7975273881,0;7975273881,7973099508,0;7973099508,7973099507,0;7973099507,7973114859,0;7973114859,8298792534,0;8298792534,8298792550,0;8298792550,7973114851,0;7973114851,7975286501,0;7975286501,8298792599,0;8298792599,1116501292,0;1116501292,7975286500,0;7975286500,1116501304,0;1116501304,7975286429,0;7975286429,7975286583,0;7975286583,7977056082,0;7977056082,7977056084,0;7977056084,7977050965,0;7977050965,7977056079,0;7977056079,7977056078,0;7977056078,7979256736,0;7979256736,7977056077,0;7977056077,7979256760,0;7979256760,8407048466,0;8407048466,2530277169,0;2530277169,13161326472,0;13161326472,7979256723,0;7979256723,7979924894,0;7979924894,7979918290,0;7979918290,7967831812,0;7967831812,279077946,0;279077946,564083084,0;564083084,5374860944,0;5374860944,5374860978,0;5374860978,5374861143,0;5374861143,9053077286,0;9053077286,13527622504,0;13527622504,13167173350,0;13167173350,13527622497,0;13527622497,564083093,0;564083093,6317320202,0;6317320202,564083165,0;564083165,13167173329,0;13167173329,6317320222,0;6317320222,6028645652,0;6028645652,2369336843,0;2369336843,2369336701,0;2369336701,12333484744,0;12333484744,2368579077,0;2368579077,2369336820,0;2369336820,2368578991,0;2368578991,8887740818,0;8887740818,9570709534,0;9570709534,2369336807,0;2369336807,2368578970,0;2368578970,6043430915,0;6043430915,4899192485,0;4899192485,564639012,0;564639012,564638925,0;564638925,504640818,0;504640818,504637096,0;504637096,2787061089,0;2787061089,2787061351,0;2787061351,2787061330,0;2787061330,11155489650,0;11155489650,2787061341,0;2787061341,2787061167,0",T1,6102
2023-09-07T14:30:00+08:00,always,True,always,0.0,False,10,2,11,0.919938305745216,0.3790650151777743,2023-09-07T14:30:00+08:00,11217.511335828478,0.3790650151777743,0.801407407614316,0.6825623576339954,0.068308133179008,0.4640689107115669,122.01310001546516,"9706921350,9706921684,0;9706921684,9706921682,0;9706921682,9713848047,0;9713848047,9713848018,0;9713848018,9713848023,0;9713848023,12984979400,0;12984979400,9713848118,0;9713848118,9713848006,0;9713848006,9713847968,0;9713847968,9706921713,0;9706921713,9706921712,0;9706921712,9706921786,0;9706921786,9778914467,0;9778914467,9706887247,0;9706887247,9706857800,0;9706857800,9706857774,0;9706857774,9706857801,0;9706857801,9706857775,0;9706857775,9706857832,0;9706857832,9706857843,0;9706857843,7161807983,0;7161807983,7161812592,0;7161812592,499478563,0;499478563,499478564,0;499478564,7973114513,0;7973114513,7973099569,0;7973099569,7975273881,0;7975273881,7973099508,0;7973099508,8298792548,0;8298792548,7973099506,0;7973099506,7975273876,0;7975273876,2530284953,0;2530284953,1491845601,0;1491845601,1491845610,0;1491845610,1116501223,0;1116501223,499478765,0;499478765,1116501237,0;1116501237,2525990704,0;2525990704,2525990691,0;2525990691,2525990692,0;2525990692,499543123,0;499543123,2750667601,0;2750667601,13072510361,0;13072510361,2750667627,0;2750667627,5834799167,0;5834799167,499543165,0;499543165,7965680795,0;7965680795,5271707993,0;5271707993,4848290283,0;4848290283,2750593369,0;2750593369,277673161,0;277673161,277052181,0;277052181,2750593322,0;2750593322,8076307465,0;8076307465,8076307469,0;8076307469,10556743824,0;10556743824,8791690550,0;8791690550,10579173218,0;10579173218,13017481550,0;13017481550,10556743814,0;10556743814,10031001813,0;10031001813,10556743820,0;10556743820,7252057922,0;7252057922,10556743818,0;10556743818,500016970,0;500016970,6413071087,0;6413071087,500016482,0;500016482,500016487,0;500016487,7252057894,0;7252057894,2367574792,0;2367574792,8077904806,0;8077904806,8002408178,0;8002408178,8002408180,0;8002408180,8077904800,0;8077904800,8002408198,0;8002408198,6317315212,0;6317315212,8002408173,0;8002408173,8002408172,0;8002408172,8002397282,0;8002397282,8002408030,0;8002408030,8002408117,0;8002408117,3671795931,0;3671795931,8002408083,0;8002408083,8002408082,0;8002408082,8077904795,0;8077904795,3671795928,0;3671795928,8002408012,0;8002408012,12988628620,0;12988628620,6413071588,0;6413071588,6413071335,0;6413071335,8002408006,0;8002408006,10539884637,0;10539884637,6302206145,0;6302206145,11046800331,0;11046800331,3671791988,0;3671791988,2787061351,0;2787061351,2787061330,0;2787061330,11155489650,0;11155489650,2787061341,0;2787061341,2787061167,0",T1,6102
2023-09-07T14:30:00+08:00,triggered,False,keep_current,,False,1,1,2,0.919938305745216,0.3790650151777743,2023-09-07T13:30:00+08:00,11217.511335828478,0.3790650151777743,0.801407407614316,0.6825623576339954,0.068308133179008,0.4640689107115669,97.00979996705428,"9706921350,9706921684,0;9706921684,9706921682,0;9706921682,9713848047,0;9713848047,9713848018,0;9713848018,9713848023,0;9713848023,12984979400,0;12984979400,9713848118,0;9713848118,9713848006,0;9713848006,9713847968,0;9713847968,9706921713,0;9706921713,9706921712,0;9706921712,9706921786,0;9706921786,9778914467,0;9778914467,9706887247,0;9706887247,9706857800,0;9706857800,9706857774,0;9706857774,9706857801,0;9706857801,9706857775,0;9706857775,9706857832,0;9706857832,9706857843,0;9706857843,7161807983,0;7161807983,7161812592,0;7161812592,499478563,0;499478563,499478564,0;499478564,7973114513,0;7973114513,7973099569,0;7973099569,7975273881,0;7975273881,7973099508,0;7973099508,8298792548,0;8298792548,7973099506,0;7973099506,7975273876,0;7975273876,2530284953,0;2530284953,1491845601,0;1491845601,1491845610,0;1491845610,1116501223,0;1116501223,499478765,0;499478765,1116501237,0;1116501237,2525990704,0;2525990704,2525990691,0;2525990691,2525990692,0;2525990692,499543123,0;499543123,2750667601,0;2750667601,13072510361,0;13072510361,2750667627,0;2750667627,5834799167,0;5834799167,499543165,0;499543165,7965680795,0;7965680795,5271707993,0;5271707993,4848290283,0;4848290283,2750593369,0;2750593369,277673161,0;277673161,277052181,0;277052181,2750593322,0;2750593322,8076307465,0;8076307465,8076307469,0;8076307469,10556743824,0;10556743824,8791690550,0;8791690550,10579173218,0;10579173218,13017481550,0;13017481550,10556743814,0;10556743814,10031001813,0;10031001813,10556743820,0;10556743820,7252057922,0;7252057922,10556743818,0;10556743818,500016970,0;500016970,6413071087,0;6413071087,500016482,0;500016482,500016487,0;500016487,7252057894,0;7252057894,2367574792,0;2367574792,8077904806,0;8077904806,8002408178,0;8002408178,8002408180,0;8002408180,8077904800,0;8077904800,8002408198,0;8002408198,6317315212,0;6317315212,8002408173,0;8002408173,8002408172,0;8002408172,8002397282,0;8002397282,8002408030,0;8002408030,8002408117,0;8002408117,3671795931,0;3671795931,8002408083,0;8002408083,8002408082,0;8002408082,8077904795,0;8077904795,3671795928,0;3671795928,8002408012,0;8002408012,12988628620,0;12988628620,6413071588,0;6413071588,6413071335,0;6413071335,8002408006,0;8002408006,10539884637,0;10539884637,6302206145,0;6302206145,11046800331,0;11046800331,3671791988,0;3671791988,2787061351,0;2787061351,2787061330,0;2787061330,11155489650,0;11155489650,2787061341,0;2787061341,2787061167,0",T1,6102
2023-09-07T14:45:00+08:00,never,False,never,,False,0,0,1,0.9199332089641964,0.4640689107115669,2023-09-07T12:00:00+08:00,10361.510411375662,0.4640689107115669,0.9247284213879586,0.8563114976302749,0.2937798626350558,0.4640689107115669,94.93979997932912,"9706921350,9706921684,0;9706921684,9706921682,0;9706921682,9713848047,0;9713848047,9713848018,0;9713848018,9713848023,0;9713848023,12984979400,0;12984979400,9713848118,0;9713848118,9713848006,0;9713848006,9713847968,0;9713847968,9706921713,0;9706921713,9706921712,0;9706921712,9706921786,0;9706921786,9778914467,0;9778914467,9706887247,0;9706887247,9706857800,0;9706857800,9706857774,0;9706857774,9706857801,0;9706857801,9706857775,0;9706857775,9706857832,0;9706857832,9706857843,0;9706857843,7161807983,0;7161807983,7161812592,0;7161812592,499478563,0;499478563,499478564,0;499478564,7973114513,0;7973114513,7973099569,0;7973099569,7975273881,0;7975273881,7973099508,0;7973099508,7973099507,0;7973099507,7973114859,0;7973114859,8298792534,0;8298792534,8298792550,0;8298792550,7973114851,0;7973114851,7975286501,0;7975286501,8298792599,0;8298792599,1116501292,0;1116501292,7975286500,0;7975286500,1116501304,0;1116501304,7975286429,0;7975286429,7975286583,0;7975286583,7977056082,0;7977056082,7977056084,0;7977056084,7977050965,0;7977050965,7977056079,0;7977056079,7977056078,0;7977056078,7979256736,0;7979256736,7977056077,0;7977056077,7979256760,0;7979256760,8407048466,0;8407048466,2530277169,0;2530277169,13161326472,0;13161326472,7979256723,0;7979256723,7979924894,0;7979924894,7979918290,0;7979918290,7967831812,0;7967831812,279077946,0;279077946,564083084,0;564083084,5374860944,0;5374860944,5374860978,0;5374860978,5374861143,0;5374861143,9053077286,0;9053077286,13527622504,0;13527622504,13167173350,0;13167173350,13527622497,0;13527622497,564083093,0;564083093,6317320202,0;6317320202,564083165,0;564083165,13167173329,0;13167173329,6317320222,0;6317320222,6028645652,0;6028645652,2369336843,0;2369336843,2369336701,0;2369336701,12333484744,0;12333484744,2368579077,0;2368579077,2369336820,0;2369336820,2368578991,0;2368578991,8887740818,0;8887740818,9570709534,0;9570709534,2369336807,0;2369336807,2368578970,0;2368578970,6043430915,0;6043430915,4899192485,0;4899192485,564639012,0;564639012,564638925,0;564638925,504640818,0;504640818,504637096,0;504637096,2787061089,0;2787061089,2787061351,0;2787061351,2787061330,0;2787061330,11155489650,0;11155489650,2787061341,0;2787061341,2787061167,0",T1,6102
2023-09-07T14:45:00+08:00,always,True,always,0.0,False,11,2,12,0.919938305745216,0.3790650151777743,2023-09-07T14:45:00+08:00,11217.511335828478,0.3790650151777743,0.801407407614316,0.6825623576339954,0.068308133179008,0.4640689107115669,118.55519999517128,"9706921350,9706921684,0;9706921684,9706921682,0;9706921682,9713848047,0;9713848047,9713848018,0;9713848018,9713848023,0;9713848023,12984979400,0;12984979400,9713848118,0;9713848118,9713848006,0;9713848006,9713847968,0;9713847968,9706921713,0;9706921713,9706921712,0;9706921712,9706921786,0;9706921786,9778914467,0;9778914467,9706887247,0;9706887247,9706857800,0;9706857800,9706857774,0;9706857774,9706857801,0;9706857801,9706857775,0;9706857775,9706857832,0;9706857832,9706857843,0;9706857843,7161807983,0;7161807983,7161812592,0;7161812592,499478563,0;499478563,499478564,0;499478564,7973114513,0;7973114513,7973099569,0;7973099569,7975273881,0;7975273881,7973099508,0;7973099508,8298792548,0;8298792548,7973099506,0;7973099506,7975273876,0;7975273876,2530284953,0;2530284953,1491845601,0;1491845601,1491845610,0;1491845610,1116501223,0;1116501223,499478765,0;499478765,1116501237,0;1116501237,2525990704,0;2525990704,2525990691,0;2525990691,2525990692,0;2525990692,499543123,0;499543123,2750667601,0;2750667601,13072510361,0;13072510361,2750667627,0;2750667627,5834799167,0;5834799167,499543165,0;499543165,7965680795,0;7965680795,5271707993,0;5271707993,4848290283,0;4848290283,2750593369,0;2750593369,277673161,0;277673161,277052181,0;277052181,2750593322,0;2750593322,8076307465,0;8076307465,8076307469,0;8076307469,10556743824,0;10556743824,8791690550,0;8791690550,10579173218,0;10579173218,13017481550,0;13017481550,10556743814,0;10556743814,10031001813,0;10031001813,10556743820,0;10556743820,7252057922,0;7252057922,10556743818,0;10556743818,500016970,0;500016970,6413071087,0;6413071087,500016482,0;500016482,500016487,0;500016487,7252057894,0;7252057894,2367574792,0;2367574792,8077904806,0;8077904806,8002408178,0;8002408178,8002408180,0;8002408180,8077904800,0;8077904800,8002408198,0;8002408198,6317315212,0;6317315212,8002408173,0;8002408173,8002408172,0;8002408172,8002397282,0;8002397282,8002408030,0;8002408030,8002408117,0;8002408117,3671795931,0;3671795931,8002408083,0;8002408083,8002408082,0;8002408082,8077904795,0;8077904795,3671795928,0;3671795928,8002408012,0;8002408012,12988628620,0;12988628620,6413071588,0;6413071588,6413071335,0;6413071335,8002408006,0;8002408006,10539884637,0;10539884637,6302206145,0;6302206145,11046800331,0;11046800331,3671791988,0;3671791988,2787061351,0;2787061351,2787061330,0;2787061330,11155489650,0;11155489650,2787061341,0;2787061341,2787061167,0",T1,6102
2023-09-07T14:45:00+08:00,triggered,False,keep_current,,False,1,1,2,0.919938305745216,0.3790650151777743,2023-09-07T13:30:00+08:00,11217.511335828478,0.3790650151777743,0.801407407614316,0.6825623576339954,0.068308133179008,0.4640689107115669,94.8179000406526,"9706921350,9706921684,0;9706921684,9706921682,0;9706921682,9713848047,0;9713848047,9713848018,0;9713848018,9713848023,0;9713848023,12984979400,0;12984979400,9713848118,0;9713848118,9713848006,0;9713848006,9713847968,0;9713847968,9706921713,0;9706921713,9706921712,0;9706921712,9706921786,0;9706921786,9778914467,0;9778914467,9706887247,0;9706887247,9706857800,0;9706857800,9706857774,0;9706857774,9706857801,0;9706857801,9706857775,0;9706857775,9706857832,0;9706857832,9706857843,0;9706857843,7161807983,0;7161807983,7161812592,0;7161812592,499478563,0;499478563,499478564,0;499478564,7973114513,0;7973114513,7973099569,0;7973099569,7975273881,0;7975273881,7973099508,0;7973099508,8298792548,0;8298792548,7973099506,0;7973099506,7975273876,0;7975273876,2530284953,0;2530284953,1491845601,0;1491845601,1491845610,0;1491845610,1116501223,0;1116501223,499478765,0;499478765,1116501237,0;1116501237,2525990704,0;2525990704,2525990691,0;2525990691,2525990692,0;2525990692,499543123,0;499543123,2750667601,0;2750667601,13072510361,0;13072510361,2750667627,0;2750667627,5834799167,0;5834799167,499543165,0;499543165,7965680795,0;7965680795,5271707993,0;5271707993,4848290283,0;4848290283,2750593369,0;2750593369,277673161,0;277673161,277052181,0;277052181,2750593322,0;2750593322,8076307465,0;8076307465,8076307469,0;8076307469,10556743824,0;10556743824,8791690550,0;8791690550,10579173218,0;10579173218,13017481550,0;13017481550,10556743814,0;10556743814,10031001813,0;10031001813,10556743820,0;10556743820,7252057922,0;7252057922,10556743818,0;10556743818,500016970,0;500016970,6413071087,0;6413071087,500016482,0;500016482,500016487,0;500016487,7252057894,0;7252057894,2367574792,0;2367574792,8077904806,0;8077904806,8002408178,0;8002408178,8002408180,0;8002408180,8077904800,0;8077904800,8002408198,0;8002408198,6317315212,0;6317315212,8002408173,0;8002408173,8002408172,0;8002408172,8002397282,0;8002397282,8002408030,0;8002408030,8002408117,0;8002408117,3671795931,0;3671795931,8002408083,0;8002408083,8002408082,0;8002408082,8077904795,0;8077904795,3671795928,0;3671795928,8002408012,0;8002408012,12988628620,0;12988628620,6413071588,0;6413071588,6413071335,0;6413071335,8002408006,0;8002408006,10539884637,0;10539884637,6302206145,0;6302206145,11046800331,0;11046800331,3671791988,0;3671791988,2787061351,0;2787061351,2787061330,0;2787061330,11155489650,0;11155489650,2787061341,0;2787061341,2787061167,0",T1,6102
2023-09-07T12:00:00+08:00,never,True,initial,,False,0,0,1,0.9199332089641964,0.2964867066727258,2023-09-07T12:00:00+08:00,10361.510411375662,0.2964867066727258,0.3833541958350557,0.3763548271741827,0.0,0.2964867066727258,120.56589999701828,"9706921350,9706921684,0;9706921684,9706921682,0;9706921682,9713848047,0;9713848047,9713848018,0;9713848018,9713848023,0;9713848023,12984979400,0;12984979400,9713848118,0;9713848118,9713848006,0;9713848006,9713847968,0;9713847968,9706921713,0;9706921713,9706921712,0;9706921712,9706921786,0;9706921786,9778914467,0;9778914467,9706887247,0;9706887247,9706857800,0;9706857800,9706857774,0;9706857774,9706857801,0;9706857801,9706857775,0;9706857775,9706857832,0;9706857832,9706857843,0;9706857843,7161807983,0;7161807983,7161812592,0;7161812592,499478563,0;499478563,499478564,0;499478564,7973114513,0;7973114513,7973099569,0;7973099569,7975273881,0;7975273881,7973099508,0;7973099508,7973099507,0;7973099507,7973114859,0;7973114859,8298792534,0;8298792534,8298792550,0;8298792550,7973114851,0;7973114851,7975286501,0;7975286501,8298792599,0;8298792599,1116501292,0;1116501292,7975286500,0;7975286500,1116501304,0;1116501304,7975286429,0;7975286429,7975286583,0;7975286583,7977056082,0;7977056082,7977056084,0;7977056084,7977050965,0;7977050965,7977056079,0;7977056079,7977056078,0;7977056078,7979256736,0;7979256736,7977056077,0;7977056077,7979256760,0;7979256760,8407048466,0;8407048466,2530277169,0;2530277169,13161326472,0;13161326472,7979256723,0;7979256723,7979924894,0;7979924894,7979918290,0;7979918290,7967831812,0;7967831812,279077946,0;279077946,564083084,0;564083084,5374860944,0;5374860944,5374860978,0;5374860978,5374861143,0;5374861143,9053077286,0;9053077286,13527622504,0;13527622504,13167173350,0;13167173350,13527622497,0;13527622497,564083093,0;564083093,6317320202,0;6317320202,564083165,0;564083165,13167173329,0;13167173329,6317320222,0;6317320222,6028645652,0;6028645652,2369336843,0;2369336843,2369336701,0;2369336701,12333484744,0;12333484744,2368579077,0;2368579077,2369336820,0;2369336820,2368578991,0;2368578991,8887740818,0;8887740818,9570709534,0;9570709534,2369336807,0;2369336807,2368578970,0;2368578970,6043430915,0;6043430915,4899192485,0;4899192485,564639012,0;564639012,564638925,0;564638925,504640818,0;504640818,504637096,0;504637096,2787061089,0;2787061089,2787061351,0;2787061351,2787061330,0;2787061330,11155489650,0;11155489650,2787061341,0;2787061341,2787061167,0",T1,6103
2023-09-07T12:00:00+08:00,always,True,initial,,False,0,0,1,0.9199332089641964,0.2964867066727258,2023-09-07T12:00:00+08:00,10361.510411375662,0.2964867066727258,0.3833541958350557,0.3763548271741827,0.0,0.2964867066727258,119.97579998569564,"9706921350,9706921684,0;9706921684,9706921682,0;9706921682,9713848047,0;9713848047,9713848018,0;9713848018,9713848023,0;9713848023,12984979400,0;12984979400,9713848118,0;9713848118,9713848006,0;9713848006,9713847968,0;9713847968,9706921713,0;9706921713,9706921712,0;9706921712,9706921786,0;9706921786,9778914467,0;9778914467,9706887247,0;9706887247,9706857800,0;9706857800,9706857774,0;9706857774,9706857801,0;9706857801,9706857775,0;9706857775,9706857832,0;9706857832,9706857843,0;9706857843,7161807983,0;7161807983,7161812592,0;7161812592,499478563,0;499478563,499478564,0;499478564,7973114513,0;7973114513,7973099569,0;7973099569,7975273881,0;7975273881,7973099508,0;7973099508,7973099507,0;7973099507,7973114859,0;7973114859,8298792534,0;8298792534,8298792550,0;8298792550,7973114851,0;7973114851,7975286501,0;7975286501,8298792599,0;8298792599,1116501292,0;1116501292,7975286500,0;7975286500,1116501304,0;1116501304,7975286429,0;7975286429,7975286583,0;7975286583,7977056082,0;7977056082,7977056084,0;7977056084,7977050965,0;7977050965,7977056079,0;7977056079,7977056078,0;7977056078,7979256736,0;7979256736,7977056077,0;7977056077,7979256760,0;7979256760,8407048466,0;8407048466,2530277169,0;2530277169,13161326472,0;13161326472,7979256723,0;7979256723,7979924894,0;7979924894,7979918290,0;7979918290,7967831812,0;7967831812,279077946,0;279077946,564083084,0;564083084,5374860944,0;5374860944,5374860978,0;5374860978,5374861143,0;5374861143,9053077286,0;9053077286,13527622504,0;13527622504,13167173350,0;13167173350,13527622497,0;13527622497,564083093,0;564083093,6317320202,0;6317320202,564083165,0;564083165,13167173329,0;13167173329,6317320222,0;6317320222,6028645652,0;6028645652,2369336843,0;2369336843,2369336701,0;2369336701,12333484744,0;12333484744,2368579077,0;2368579077,2369336820,0;2369336820,2368578991,0;2368578991,8887740818,0;8887740818,9570709534,0;9570709534,2369336807,0;2369336807,2368578970,0;2368578970,6043430915,0;6043430915,4899192485,0;4899192485,564639012,0;564639012,564638925,0;564638925,504640818,0;504640818,504637096,0;504637096,2787061089,0;2787061089,2787061351,0;2787061351,2787061330,0;2787061330,11155489650,0;11155489650,2787061341,0;2787061341,2787061167,0",T1,6103
2023-09-07T12:00:00+08:00,triggered,True,initial,,False,0,0,1,0.9199332089641964,0.2964867066727258,2023-09-07T12:00:00+08:00,10361.510411375662,0.2964867066727258,0.3833541958350557,0.3763548271741827,0.0,0.2964867066727258,120.11469999561086,"9706921350,9706921684,0;9706921684,9706921682,0;9706921682,9713848047,0;9713848047,9713848018,0;9713848018,9713848023,0;9713848023,12984979400,0;12984979400,9713848118,0;9713848118,9713848006,0;9713848006,9713847968,0;9713847968,9706921713,0;9706921713,9706921712,0;9706921712,9706921786,0;9706921786,9778914467,0;9778914467,9706887247,0;9706887247,9706857800,0;9706857800,9706857774,0;9706857774,9706857801,0;9706857801,9706857775,0;9706857775,9706857832,0;9706857832,9706857843,0;9706857843,7161807983,0;7161807983,7161812592,0;7161812592,499478563,0;499478563,499478564,0;499478564,7973114513,0;7973114513,7973099569,0;7973099569,7975273881,0;7975273881,7973099508,0;7973099508,7973099507,0;7973099507,7973114859,0;7973114859,8298792534,0;8298792534,8298792550,0;8298792550,7973114851,0;7973114851,7975286501,0;7975286501,8298792599,0;8298792599,1116501292,0;1116501292,7975286500,0;7975286500,1116501304,0;1116501304,7975286429,0;7975286429,7975286583,0;7975286583,7977056082,0;7977056082,7977056084,0;7977056084,7977050965,0;7977050965,7977056079,0;7977056079,7977056078,0;7977056078,7979256736,0;7979256736,7977056077,0;7977056077,7979256760,0;7979256760,8407048466,0;8407048466,2530277169,0;2530277169,13161326472,0;13161326472,7979256723,0;7979256723,7979924894,0;7979924894,7979918290,0;7979918290,7967831812,0;7967831812,279077946,0;279077946,564083084,0;564083084,5374860944,0;5374860944,5374860978,0;5374860978,5374861143,0;5374861143,9053077286,0;9053077286,13527622504,0;13527622504,13167173350,0;13167173350,13527622497,0;13527622497,564083093,0;564083093,6317320202,0;6317320202,564083165,0;564083165,13167173329,0;13167173329,6317320222,0;6317320222,6028645652,0;6028645652,2369336843,0;2369336843,2369336701,0;2369336701,12333484744,0;12333484744,2368579077,0;2368579077,2369336820,0;2369336820,2368578991,0;2368578991,8887740818,0;8887740818,9570709534,0;9570709534,2369336807,0;2369336807,2368578970,0;2368578970,6043430915,0;6043430915,4899192485,0;4899192485,564639012,0;564639012,564638925,0;564638925,504640818,0;504640818,504637096,0;504637096,2787061089,0;2787061089,2787061351,0;2787061351,2787061330,0;2787061330,11155489650,0;11155489650,2787061341,0;2787061341,2787061167,0",T1,6103
2023-09-07T12:15:00+08:00,never,False,never,,False,0,0,1,0.9199332089641964,0.2964867066727258,2023-09-07T12:00:00+08:00,10361.510411375662,0.2964867066727258,0.3833541958350557,0.3763548271741827,0.0,0.2964867066727258,90.45430005062371,"9706921350,9706921684,0;9706921684,9706921682,0;9706921682,9713848047,0;9713848047,9713848018,0;9713848018,9713848023,0;9713848023,12984979400,0;12984979400,9713848118,0;9713848118,9713848006,0;9713848006,9713847968,0;9713847968,9706921713,0;9706921713,9706921712,0;9706921712,9706921786,0;9706921786,9778914467,0;9778914467,9706887247,0;9706887247,9706857800,0;9706857800,9706857774,0;9706857774,9706857801,0;9706857801,9706857775,0;9706857775,9706857832,0;9706857832,9706857843,0;9706857843,7161807983,0;7161807983,7161812592,0;7161812592,499478563,0;499478563,499478564,0;499478564,7973114513,0;7973114513,7973099569,0;7973099569,7975273881,0;7975273881,7973099508,0;7973099508,7973099507,0;7973099507,7973114859,0;7973114859,8298792534,0;8298792534,8298792550,0;8298792550,7973114851,0;7973114851,7975286501,0;7975286501,8298792599,0;8298792599,1116501292,0;1116501292,7975286500,0;7975286500,1116501304,0;1116501304,7975286429,0;7975286429,7975286583,0;7975286583,7977056082,0;7977056082,7977056084,0;7977056084,7977050965,0;7977050965,7977056079,0;7977056079,7977056078,0;7977056078,7979256736,0;7979256736,7977056077,0;7977056077,7979256760,0;7979256760,8407048466,0;8407048466,2530277169,0;2530277169,13161326472,0;13161326472,7979256723,0;7979256723,7979924894,0;7979924894,7979918290,0;7979918290,7967831812,0;7967831812,279077946,0;279077946,564083084,0;564083084,5374860944,0;5374860944,5374860978,0;5374860978,5374861143,0;5374861143,9053077286,0;9053077286,13527622504,0;13527622504,13167173350,0;13167173350,13527622497,0;13527622497,564083093,0;564083093,6317320202,0;6317320202,564083165,0;564083165,13167173329,0;13167173329,6317320222,0;6317320222,6028645652,0;6028645652,2369336843,0;2369336843,2369336701,0;2369336701,12333484744,0;12333484744,2368579077,0;2368579077,2369336820,0;2369336820,2368578991,0;2368578991,8887740818,0;8887740818,9570709534,0;9570709534,2369336807,0;2369336807,2368578970,0;2368578970,6043430915,0;6043430915,4899192485,0;4899192485,564639012,0;564639012,564638925,0;564638925,504640818,0;504640818,504637096,0;504637096,2787061089,0;2787061089,2787061351,0;2787061351,2787061330,0;2787061330,11155489650,0;11155489650,2787061341,0;2787061341,2787061167,0",T1,6103
2023-09-07T12:15:00+08:00,always,True,always,0.0,False,1,0,2,0.9199332089641964,0.2964867066727258,2023-09-07T12:15:00+08:00,10361.510411375662,0.2964867066727258,0.3833541958350557,0.3763548271741827,0.0,0.2964867066727258,109.985500050243,"9706921350,9706921684,0;9706921684,9706921682,0;9706921682,9713848047,0;9713848047,9713848018,0;9713848018,9713848023,0;9713848023,12984979400,0;12984979400,9713848118,0;9713848118,9713848006,0;9713848006,9713847968,0;9713847968,9706921713,0;9706921713,9706921712,0;9706921712,9706921786,0;9706921786,9778914467,0;9778914467,9706887247,0;9706887247,9706857800,0;9706857800,9706857774,0;9706857774,9706857801,0;9706857801,9706857775,0;9706857775,9706857832,0;9706857832,9706857843,0;9706857843,7161807983,0;7161807983,7161812592,0;7161812592,499478563,0;499478563,499478564,0;499478564,7973114513,0;7973114513,7973099569,0;7973099569,7975273881,0;7975273881,7973099508,0;7973099508,7973099507,0;7973099507,7973114859,0;7973114859,8298792534,0;8298792534,8298792550,0;8298792550,7973114851,0;7973114851,7975286501,0;7975286501,8298792599,0;8298792599,1116501292,0;1116501292,7975286500,0;7975286500,1116501304,0;1116501304,7975286429,0;7975286429,7975286583,0;7975286583,7977056082,0;7977056082,7977056084,0;7977056084,7977050965,0;7977050965,7977056079,0;7977056079,7977056078,0;7977056078,7979256736,0;7979256736,7977056077,0;7977056077,7979256760,0;7979256760,8407048466,0;8407048466,2530277169,0;2530277169,13161326472,0;13161326472,7979256723,0;7979256723,7979924894,0;7979924894,7979918290,0;7979918290,7967831812,0;7967831812,279077946,0;279077946,564083084,0;564083084,5374860944,0;5374860944,5374860978,0;5374860978,5374861143,0;5374861143,9053077286,0;9053077286,13527622504,0;13527622504,13167173350,0;13167173350,13527622497,0;13527622497,564083093,0;564083093,6317320202,0;6317320202,564083165,0;564083165,13167173329,0;13167173329,6317320222,0;6317320222,6028645652,0;6028645652,2369336843,0;2369336843,2369336701,0;2369336701,12333484744,0;12333484744,2368579077,0;2368579077,2369336820,0;2369336820,2368578991,0;2368578991,8887740818,0;8887740818,9570709534,0;9570709534,2369336807,0;2369336807,2368578970,0;2368578970,6043430915,0;6043430915,4899192485,0;4899192485,564639012,0;564639012,564638925,0;564638925,504640818,0;504640818,504637096,0;504637096,2787061089,0;2787061089,2787061351,0;2787061351,2787061330,0;2787061330,11155489650,0;11155489650,2787061341,0;2787061341,2787061167,0",T1,6103
2023-09-07T12:15:00+08:00,triggered,False,keep_current,,False,0,0,1,0.9199332089641964,0.2964867066727258,2023-09-07T12:00:00+08:00,10361.510411375662,0.2964867066727258,0.3833541958350557,0.3763548271741827,0.0,0.2964867066727258,90.89079999830574,"9706921350,9706921684,0;9706921684,9706921682,0;9706921682,9713848047,0;9713848047,9713848018,0;9713848018,9713848023,0;9713848023,12984979400,0;12984979400,9713848118,0;9713848118,9713848006,0;9713848006,9713847968,0;9713847968,9706921713,0;9706921713,9706921712,0;9706921712,9706921786,0;9706921786,9778914467,0;9778914467,9706887247,0;9706887247,9706857800,0;9706857800,9706857774,0;9706857774,9706857801,0;9706857801,9706857775,0;9706857775,9706857832,0;9706857832,9706857843,0;9706857843,7161807983,0;7161807983,7161812592,0;7161812592,499478563,0;499478563,499478564,0;499478564,7973114513,0;7973114513,7973099569,0;7973099569,7975273881,0;7975273881,7973099508,0;7973099508,7973099507,0;7973099507,7973114859,0;7973114859,8298792534,0;8298792534,8298792550,0;8298792550,7973114851,0;7973114851,7975286501,0;7975286501,8298792599,0;8298792599,1116501292,0;1116501292,7975286500,0;7975286500,1116501304,0;1116501304,7975286429,0;7975286429,7975286583,0;7975286583,7977056082,0;7977056082,7977056084,0;7977056084,7977050965,0;7977050965,7977056079,0;7977056079,7977056078,0;7977056078,7979256736,0;7979256736,7977056077,0;7977056077,7979256760,0;7979256760,8407048466,0;8407048466,2530277169,0;2530277169,13161326472,0;13161326472,7979256723,0;7979256723,7979924894,0;7979924894,7979918290,0;7979918290,7967831812,0;7967831812,279077946,0;279077946,564083084,0;564083084,5374860944,0;5374860944,5374860978,0;5374860978,5374861143,0;5374861143,9053077286,0;9053077286,13527622504,0;13527622504,13167173350,0;13167173350,13527622497,0;13527622497,564083093,0;564083093,6317320202,0;6317320202,564083165,0;564083165,13167173329,0;13167173329,6317320222,0;6317320222,6028645652,0;6028645652,2369336843,0;2369336843,2369336701,0;2369336701,12333484744,0;12333484744,2368579077,0;2368579077,2369336820,0;2369336820,2368578991,0;2368578991,8887740818,0;8887740818,9570709534,0;9570709534,2369336807,0;2369336807,2368578970,0;2368578970,6043430915,0;6043430915,4899192485,0;4899192485,564639012,0;564639012,564638925,0;564638925,504640818,0;504640818,504637096,0;504637096,2787061089,0;2787061089,2787061351,0;2787061351,2787061330,0;2787061330,11155489650,0;11155489650,2787061341,0;2787061341,2787061167,0",T1,6103
2023-09-07T12:30:00+08:00,never,False,never,,False,0,0,1,0.9199332089641964,0.3102883980676981,2023-09-07T12:00:00+08:00,10361.510411375662,0.3102883980676981,0.4346985474276823,0.3809281117317945,0.0,0.3102883980676981,91.7885999660939,"9706921350,9706921684,0;9706921684,9706921682,0;9706921682,9713848047,0;9713848047,9713848018,0;9713848018,9713848023,0;9713848023,12984979400,0;12984979400,9713848118,0;9713848118,9713848006,0;9713848006,9713847968,0;9713847968,9706921713,0;9706921713,9706921712,0;9706921712,9706921786,0;9706921786,9778914467,0;9778914467,9706887247,0;9706887247,9706857800,0;9706857800,9706857774,0;9706857774,9706857801,0;9706857801,9706857775,0;9706857775,9706857832,0;9706857832,9706857843,0;9706857843,7161807983,0;7161807983,7161812592,0;7161812592,499478563,0;499478563,499478564,0;499478564,7973114513,0;7973114513,7973099569,0;7973099569,7975273881,0;7975273881,7973099508,0;7973099508,7973099507,0;7973099507,7973114859,0;7973114859,8298792534,0;8298792534,8298792550,0;8298792550,7973114851,0;7973114851,7975286501,0;7975286501,8298792599,0;8298792599,1116501292,0;1116501292,7975286500,0;7975286500,1116501304,0;1116501304,7975286429,0;7975286429,7975286583,0;7975286583,7977056082,0;7977056082,7977056084,0;7977056084,7977050965,0;7977050965,7977056079,0;7977056079,7977056078,0;7977056078,7979256736,0;7979256736,7977056077,0;7977056077,7979256760,0;7979256760,8407048466,0;8407048466,2530277169,0;2530277169,13161326472,0;13161326472,7979256723,0;7979256723,7979924894,0;7979924894,7979918290,0;7979918290,7967831812,0;7967831812,279077946,0;279077946,564083084,0;564083084,5374860944,0;5374860944,5374860978,0;5374860978,5374861143,0;5374861143,9053077286,0;9053077286,13527622504,0;13527622504,13167173350,0;13167173350,13527622497,0;13527622497,564083093,0;564083093,6317320202,0;6317320202,564083165,0;564083165,13167173329,0;13167173329,6317320222,0;6317320222,6028645652,0;6028645652,2369336843,0;2369336843,2369336701,0;2369336701,12333484744,0;12333484744,2368579077,0;2368579077,2369336820,0;2369336820,2368578991,0;2368578991,8887740818,0;8887740818,9570709534,0;9570709534,2369336807,0;2369336807,2368578970,0;2368578970,6043430915,0;6043430915,4899192485,0;4899192485,564639012,0;564639012,564638925,0;564638925,504640818,0;504640818,504637096,0;504637096,2787061089,0;2787061089,2787061351,0;2787061351,2787061330,0;2787061330,11155489650,0;11155489650,2787061341,0;2787061341,2787061167,0",T1,6103
2023-09-07T12:30:00+08:00,always,True,always,0.00511262451075,True,2,1,3,0.9199327917110895,0.3108773952469007,2023-09-07T12:30:00+08:00,10297.182344079098,0.3108773952469007,0.4081919353112417,0.3797904622750799,0.0,0.3102883980676981,112.86019999533892,"9706921350,9706921684,0;9706921684,9706921682,0;9706921682,9713848047,0;9713848047,9713848018,0;9713848018,9713848023,0;9713848023,12984979400,0;12984979400,9713848118,0;9713848118,9713848006,0;9713848006,9713847968,0;9713847968,9706921713,0;9706921713,9706921712,0;9706921712,9706921786,0;9706921786,9778914467,0;9778914467,9706887247,0;9706887247,9706857800,0;9706857800,9706857774,0;9706857774,9706857801,0;9706857801,9706857775,0;9706857775,9706857832,0;9706857832,9706857843,0;9706857843,7161807983,0;7161807983,7161812592,0;7161812592,499478563,0;499478563,499478564,0;499478564,7973114513,0;7973114513,7973099569,0;7973099569,7975273881,0;7975273881,7973099508,0;7973099508,7973099507,0;7973099507,7973114859,0;7973114859,8298792534,0;8298792534,8298792550,0;8298792550,7973114851,0;7973114851,7975286501,0;7975286501,8298792599,0;8298792599,1116501292,0;1116501292,7975286500,0;7975286500,1116501304,0;1116501304,7975286429,0;7975286429,7975286583,0;7975286583,7977056082,0;7977056082,7977056084,0;7977056084,7977050965,0;7977050965,7977056079,0;7977056079,7979256640,0;7979256640,7979256626,0;7979256626,7979256668,0;7979256668,7977056101,0;7977056101,7967831807,0;7967831807,7967774259,0;7967774259,503464976,0;503464976,7961771680,0;7961771680,1116492807,0;1116492807,7967774262,0;7967774262,503464985,0;503464985,2530277199,0;2530277199,564083084,0;564083084,5374860944,0;5374860944,5374860978,0;5374860978,5374861143,0;5374861143,9053077286,0;9053077286,13527622504,0;13527622504,13167173350,0;13167173350,13527622497,0;13527622497,564083093,0;564083093,6317320202,0;6317320202,564083165,0;564083165,13167173329,0;13167173329,6317320222,0;6317320222,6028645652,0;6028645652,2369336843,0;2369336843,2369336701,0;2369336701,12333484744,0;12333484744,2368579077,0;2368579077,2369336820,0;2369336820,2368578991,0;2368578991,8887740818,0;8887740818,9570709534,0;9570709534,2369336807,0;2369336807,2368578970,0;2368578970,6043430915,0;6043430915,4899192485,0;4899192485,564639012,0;564639012,564638925,0;564638925,504640818,0;504640818,504637096,0;504637096,2787061089,0;2787061089,2787061351,0;2787061351,2787061330,0;2787061330,11155489650,0;11155489650,2787061341,0;2787061341,2787061167,0",T1,6103
2023-09-07T12:30:00+08:00,triggered,False,keep_current,,False,0,0,1,0.9199332089641964,0.3102883980676981,2023-09-07T12:00:00+08:00,10361.510411375662,0.3102883980676981,0.4346985474276823,0.3809281117317945,0.0,0.3102883980676981,91.46440000040457,"9706921350,9706921684,0;9706921684,9706921682,0;9706921682,9713848047,0;9713848047,9713848018,0;9713848018,9713848023,0;9713848023,12984979400,0;12984979400,9713848118,0;9713848118,9713848006,0;9713848006,9713847968,0;9713847968,9706921713,0;9706921713,9706921712,0;9706921712,9706921786,0;9706921786,9778914467,0;9778914467,9706887247,0;9706887247,9706857800,0;9706857800,9706857774,0;9706857774,9706857801,0;9706857801,9706857775,0;9706857775,9706857832,0;9706857832,9706857843,0;9706857843,7161807983,0;7161807983,7161812592,0;7161812592,499478563,0;499478563,499478564,0;499478564,7973114513,0;7973114513,7973099569,0;7973099569,7975273881,0;7975273881,7973099508,0;7973099508,7973099507,0;7973099507,7973114859,0;7973114859,8298792534,0;8298792534,8298792550,0;8298792550,7973114851,0;7973114851,7975286501,0;7975286501,8298792599,0;8298792599,1116501292,0;1116501292,7975286500,0;7975286500,1116501304,0;1116501304,7975286429,0;7975286429,7975286583,0;7975286583,7977056082,0;7977056082,7977056084,0;7977056084,7977050965,0;7977050965,7977056079,0;7977056079,7977056078,0;7977056078,7979256736,0;7979256736,7977056077,0;7977056077,7979256760,0;7979256760,8407048466,0;8407048466,2530277169,0;2530277169,13161326472,0;13161326472,7979256723,0;7979256723,7979924894,0;7979924894,7979918290,0;7979918290,7967831812,0;7967831812,279077946,0;279077946,564083084,0;564083084,5374860944,0;5374860944,5374860978,0;5374860978,5374861143,0;5374861143,9053077286,0;9053077286,13527622504,0;13527622504,13167173350,0;13167173350,13527622497,0;13527622497,564083093,0;564083093,6317320202,0;6317320202,564083165,0;564083165,13167173329,0;13167173329,6317320222,0;6317320222,6028645652,0;6028645652,2369336843,0;2369336843,2369336701,0;2369336701,12333484744,0;12333484744,2368579077,0;2368579077,2369336820,0;2369336820,2368578991,0;2368578991,8887740818,0;8887740818,9570709534,0;9570709534,2369336807,0;2369336807,2368578970,0;2368578970,6043430915,0;6043430915,4899192485,0;4899192485,564639012,0;564639012,564638925,0;564638925,504640818,0;504640818,504637096,0;504637096,2787061089,0;2787061089,2787061351,0;2787061351,2787061330,0;2787061330,11155489650,0;11155489650,2787061341,0;2787061341,2787061167,0",T1,6103
2023-09-07T12:45:00+08:00,never,False,never,,False,0,0,1,0.9199332089641964,0.3309909351601564,2023-09-07T12:00:00+08:00,10361.510411375662,0.3309909351601564,0.529632652694109,0.4764232715431759,0.0,0.3309909351601564,87.59990008547902,"9706921350,9706921684,0;9706921684,9706921682,0;9706921682,9713848047,0;9713848047,9713848018,0;9713848018,9713848023,0;9713848023,12984979400,0;12984979400,9713848118,0;9713848118,9713848006,0;9713848006,9713847968,0;9713847968,9706921713,0;9706921713,9706921712,0;9706921712,9706921786,0;9706921786,9778914467,0;9778914467,9706887247,0;9706887247,9706857800,0;9706857800,9706857774,0;9706857774,9706857801,0;9706857801,9706857775,0;9706857775,9706857832,0;9706857832,9706857843,0;9706857843,7161807983,0;7161807983,7161812592,0;7161812592,499478563,0;499478563,499478564,0;499478564,7973114513,0;7973114513,7973099569,0;7973099569,7975273881,0;7975273881,7973099508,0;7973099508,7973099507,0;7973099507,7973114859,0;7973114859,8298792534,0;8298792534,8298792550,0;8298792550,7973114851,0;7973114851,7975286501,0;7975286501,8298792599,0;8298792599,1116501292,0;1116501292,7975286500,0;7975286500,1116501304,0;1116501304,7975286429,0;7975286429,7975286583,0;7975286583,7977056082,0;7977056082,7977056084,0;7977056084,7977050965,0;7977050965,7977056079,0;7977056079,7977056078,0;7977056078,7979256736,0;7979256736,7977056077,0;7977056077,7979256760,0;7979256760,8407048466,0;8407048466,2530277169,0;2530277169,13161326472,0;13161326472,7979256723,0;7979256723,7979924894,0;7979924894,7979918290,0;7979918290,7967831812,0;7967831812,279077946,0;279077946,564083084,0;564083084,5374860944,0;5374860944,5374860978,0;5374860978,5374861143,0;5374861143,9053077286,0;9053077286,13527622504,0;13527622504,13167173350,0;13167173350,13527622497,0;13527622497,564083093,0;564083093,6317320202,0;6317320202,564083165,0;564083165,13167173329,0;13167173329,6317320222,0;6317320222,6028645652,0;6028645652,2369336843,0;2369336843,2369336701,0;2369336701,12333484744,0;12333484744,2368579077,0;2368579077,2369336820,0;2369336820,2368578991,0;2368578991,8887740818,0;8887740818,9570709534,0;9570709534,2369336807,0;2369336807,2368578970,0;2368578970,6043430915,0;6043430915,4899192485,0;4899192485,564639012,0;564639012,564638925,0;564638925,504640818,0;504640818,504637096,0;504637096,2787061089,0;2787061089,2787061351,0;2787061351,2787061330,0;2787061330,11155489650,0;11155489650,2787061341,0;2787061341,2787061167,0",T1,6103
2023-09-07T12:45:00+08:00,always,True,always,0.0,False,3,1,4,0.9199327917110895,0.3265286150872833,2023-09-07T12:45:00+08:00,10297.182344079098,0.3265286150872833,0.4556053074482533,0.4249305877995409,0.0,0.3309909351601564,107.98730002716184,"9706921350,9706921684,0;9706921684,9706921682,0;9706921682,9713848047,0;9713848047,9713848018,0;9713848018,9713848023,0;9713848023,12984979400,0;12984979400,9713848118,0;9713848118,9713848006,0;9713848006,9713847968,0;9713847968,9706921713,0;9706921713,9706921712,0;9706921712,9706921786,0;9706921786,9778914467,0;9778914467,9706887247,0;9706887247,9706857800,0;9706857800,9706857774,0;9706857774,9706857801,0;9706857801,9706857775,0;9706857775,9706857832,0;9706857832,9706857843,0;9706857843,7161807983,0;7161807983,7161812592,0;7161812592,499478563,0;499478563,499478564,0;499478564,7973114513,0;7973114513,7973099569,0;7973099569,7975273881,0;7975273881,7973099508,0;7973099508,7973099507,0;7973099507,7973114859,0;7973114859,8298792534,0;8298792534,8298792550,0;8298792550,7973114851,0;7973114851,7975286501,0;7975286501,8298792599,0;8298792599,1116501292,0;1116501292,7975286500,0;7975286500,1116501304,0;1116501304,7975286429,0;7975286429,7975286583,0;7975286583,7977056082,0;7977056082,7977056084,0;7977056084,7977050965,0;7977050965,7977056079,0;7977056079,7979256640,0;7979256640,7979256626,0;7979256626,7979256668,0;7979256668,7977056101,0;7977056101,7967831807,0;7967831807,7967774259,0;7967774259,503464976,0;503464976,7961771680,0;7961771680,1116492807,0;1116492807,7967774262,0;7967774262,503464985,0;503464985,2530277199,0;2530277199,564083084,0;564083084,5374860944,0;5374860944,5374860978,0;5374860978,5374861143,0;5374861143,9053077286,0;9053077286,13527622504,0;13527622504,13167173350,0;13167173350,13527622497,0;13527622497,564083093,0;564083093,6317320202,0;6317320202,564083165,0;564083165,13167173329,0;13167173329,6317320222,0;6317320222,6028645652,0;6028645652,2369336843,0;2369336843,2369336701,0;2369336701,12333484744,0;12333484744,2368579077,0;2368579077,2369336820,0;2369336820,2368578991,0;2368578991,8887740818,0;8887740818,9570709534,0;9570709534,2369336807,0;2369336807,2368578970,0;2368578970,6043430915,0;6043430915,4899192485,0;4899192485,564639012,0;564639012,564638925,0;564638925,504640818,0;504640818,504637096,0;504637096,2787061089,0;2787061089,2787061351,0;2787061351,2787061330,0;2787061330,11155489650,0;11155489650,2787061341,0;2787061341,2787061167,0",T1,6103
2023-09-07T12:45:00+08:00,triggered,False,keep_current,,False,0,0,1,0.9199332089641964,0.3309909351601564,2023-09-07T12:00:00+08:00,10361.510411375662,0.3309909351601564,0.529632652694109,0.4764232715431759,0.0,0.3309909351601564,87.17120002256706,"9706921350,9706921684,0;9706921684,9706921682,0;9706921682,9713848047,0;9713848047,9713848018,0;9713848018,9713848023,0;9713848023,12984979400,0;12984979400,9713848118,0;9713848118,9713848006,0;9713848006,9713847968,0;9713847968,9706921713,0;9706921713,9706921712,0;9706921712,9706921786,0;9706921786,9778914467,0;9778914467,9706887247,0;9706887247,9706857800,0;9706857800,9706857774,0;9706857774,9706857801,0;9706857801,9706857775,0;9706857775,9706857832,0;9706857832,9706857843,0;9706857843,7161807983,0;7161807983,7161812592,0;7161812592,499478563,0;499478563,499478564,0;499478564,7973114513,0;7973114513,7973099569,0;7973099569,7975273881,0;7975273881,7973099508,0;7973099508,7973099507,0;7973099507,7973114859,0;7973114859,8298792534,0;8298792534,8298792550,0;8298792550,7973114851,0;7973114851,7975286501,0;7975286501,8298792599,0;8298792599,1116501292,0;1116501292,7975286500,0;7975286500,1116501304,0;1116501304,7975286429,0;7975286429,7975286583,0;7975286583,7977056082,0;7977056082,7977056084,0;7977056084,7977050965,0;7977050965,7977056079,0;7977056079,7977056078,0;7977056078,7979256736,0;7979256736,7977056077,0;7977056077,7979256760,0;7979256760,8407048466,0;8407048466,2530277169,0;2530277169,13161326472,0;13161326472,7979256723,0;7979256723,7979924894,0;7979924894,7979918290,0;7979918290,7967831812,0;7967831812,279077946,0;279077946,564083084,0;564083084,5374860944,0;5374860944,5374860978,0;5374860978,5374861143,0;5374861143,9053077286,0;9053077286,13527622504,0;13527622504,13167173350,0;13167173350,13527622497,0;13527622497,564083093,0;564083093,6317320202,0;6317320202,564083165,0;564083165,13167173329,0;13167173329,6317320222,0;6317320222,6028645652,0;6028645652,2369336843,0;2369336843,2369336701,0;2369336701,12333484744,0;12333484744,2368579077,0;2368579077,2369336820,0;2369336820,2368578991,0;2368578991,8887740818,0;8887740818,9570709534,0;9570709534,2369336807,0;2369336807,2368578970,0;2368578970,6043430915,0;6043430915,4899192485,0;4899192485,564639012,0;564639012,564638925,0;564638925,504640818,0;504640818,504637096,0;504637096,2787061089,0;2787061089,2787061351,0;2787061351,2787061330,0;2787061330,11155489650,0;11155489650,2787061341,0;2787061341,2787061167,0",T1,6103
2023-09-07T13:00:00+08:00,never,False,never,,False,0,0,1,0.9199332089641964,0.365495163647587,2023-09-07T12:00:00+08:00,10361.510411375662,0.365495163647587,0.6928694266013644,0.6396600454555366,0.0140836793381787,0.365495163647587,92.03909995267168,"9706921350,9706921684,0;9706921684,9706921682,0;9706921682,9713848047,0;9713848047,9713848018,0;9713848018,9713848023,0;9713848023,12984979400,0;12984979400,9713848118,0;9713848118,9713848006,0;9713848006,9713847968,0;9713847968,9706921713,0;9706921713,9706921712,0;9706921712,9706921786,0;9706921786,9778914467,0;9778914467,9706887247,0;9706887247,9706857800,0;9706857800,9706857774,0;9706857774,9706857801,0;9706857801,9706857775,0;9706857775,9706857832,0;9706857832,9706857843,0;9706857843,7161807983,0;7161807983,7161812592,0;7161812592,499478563,0;499478563,499478564,0;499478564,7973114513,0;7973114513,7973099569,0;7973099569,7975273881,0;7975273881,7973099508,0;7973099508,7973099507,0;7973099507,7973114859,0;7973114859,8298792534,0;8298792534,8298792550,0;8298792550,7973114851,0;7973114851,7975286501,0;7975286501,8298792599,0;8298792599,1116501292,0;1116501292,7975286500,0;7975286500,1116501304,0;1116501304,7975286429,0;7975286429,7975286583,0;7975286583,7977056082,0;7977056082,7977056084,0;7977056084,7977050965,0;7977050965,7977056079,0;7977056079,7977056078,0;7977056078,7979256736,0;7979256736,7977056077,0;7977056077,7979256760,0;7979256760,8407048466,0;8407048466,2530277169,0;2530277169,13161326472,0;13161326472,7979256723,0;7979256723,7979924894,0;7979924894,7979918290,0;7979918290,7967831812,0;7967831812,279077946,0;279077946,564083084,0;564083084,5374860944,0;5374860944,5374860978,0;5374860978,5374861143,0;5374861143,9053077286,0;9053077286,13527622504,0;13527622504,13167173350,0;13167173350,13527622497,0;13527622497,564083093,0;564083093,6317320202,0;6317320202,564083165,0;564083165,13167173329,0;13167173329,6317320222,0;6317320222,6028645652,0;6028645652,2369336843,0;2369336843,2369336701,0;2369336701,12333484744,0;12333484744,2368579077,0;2368579077,2369336820,0;2369336820,2368578991,0;2368578991,8887740818,0;8887740818,9570709534,0;9570709534,2369336807,0;2369336807,2368578970,0;2368578970,6043430915,0;6043430915,4899192485,0;4899192485,564639012,0;564639012,564638925,0;564638925,504640818,0;504640818,504637096,0;504637096,2787061089,0;2787061089,2787061351,0;2787061351,2787061330,0;2787061330,11155489650,0;11155489650,2787061341,0;2787061341,2787061167,0",T1,6103
2023-09-07T13:00:00+08:00,always,True,always,0.0,False,4,1,5,0.9199327917110895,0.3526139814879211,2023-09-07T13:00:00+08:00,10297.182344079098,0.3526139814879211,0.6022548265010883,0.5001641303403094,0.0,0.365495163647587,113.78690000856297,"9706921350,9706921684,0;9706921684,9706921682,0;9706921682,9713848047,0;9713848047,9713848018,0;9713848018,9713848023,0;9713848023,12984979400,0;12984979400,9713848118,0;9713848118,9713848006,0;9713848006,9713847968,0;9713847968,9706921713,0;9706921713,9706921712,0;9706921712,9706921786,0;9706921786,9778914467,0;9778914467,9706887247,0;9706887247,9706857800,0;9706857800,9706857774,0;9706857774,9706857801,0;9706857801,9706857775,0;9706857775,9706857832,0;9706857832,9706857843,0;9706857843,7161807983,0;7161807983,7161812592,0;7161812592,499478563,0;499478563,499478564,0;499478564,7973114513,0;7973114513,7973099569,0;7973099569,7975273881,0;7975273881,7973099508,0;7973099508,7973099507,0;7973099507,7973114859,0;7973114859,8298792534,0;8298792534,8298792550,0;8298792550,7973114851,0;7973114851,7975286501,0;7975286501,8298792599,0;8298792599,1116501292,0;1116501292,7975286500,0;7975286500,1116501304,0;1116501304,7975286429,0;7975286429,7975286583,0;7975286583,7977056082,0;7977056082,7977056084,0;7977056084,7977050965,0;7977050965,7977056079,0;7977056079,7979256640,0;7979256640,7979256626,0;7979256626,7979256668,0;7979256668,7977056101,0;7977056101,7967831807,0;7967831807,7967774259,0;7967774259,503464976,0;503464976,7961771680,0;7961771680,1116492807,0;1116492807,7967774262,0;7967774262,503464985,0;503464985,2530277199,0;2530277199,564083084,0;564083084,5374860944,0;5374860944,5374860978,0;5374860978,5374861143,0;5374861143,9053077286,0;9053077286,13527622504,0;13527622504,13167173350,0;13167173350,13527622497,0;13527622497,564083093,0;564083093,6317320202,0;6317320202,564083165,0;564083165,13167173329,0;13167173329,6317320222,0;6317320222,6028645652,0;6028645652,2369336843,0;2369336843,2369336701,0;2369336701,12333484744,0;12333484744,2368579077,0;2368579077,2369336820,0;2369336820,2368578991,0;2368578991,8887740818,0;8887740818,9570709534,0;9570709534,2369336807,0;2369336807,2368578970,0;2368578970,6043430915,0;6043430915,4899192485,0;4899192485,564639012,0;564639012,564638925,0;564638925,504640818,0;504640818,504637096,0;504637096,2787061089,0;2787061089,2787061351,0;2787061351,2787061330,0;2787061330,11155489650,0;11155489650,2787061341,0;2787061341,2787061167,0",T1,6103
2023-09-07T13:00:00+08:00,triggered,False,keep_current,,False,0,0,1,0.9199332089641964,0.365495163647587,2023-09-07T12:00:00+08:00,10361.510411375662,0.365495163647587,0.6928694266013644,0.6396600454555366,0.0140836793381787,0.365495163647587,93.38569996180011,"9706921350,9706921684,0;9706921684,9706921682,0;9706921682,9713848047,0;9713848047,9713848018,0;9713848018,9713848023,0;9713848023,12984979400,0;12984979400,9713848118,0;9713848118,9713848006,0;9713848006,9713847968,0;9713847968,9706921713,0;9706921713,9706921712,0;9706921712,9706921786,0;9706921786,9778914467,0;9778914467,9706887247,0;9706887247,9706857800,0;9706857800,9706857774,0;9706857774,9706857801,0;9706857801,9706857775,0;9706857775,9706857832,0;9706857832,9706857843,0;9706857843,7161807983,0;7161807983,7161812592,0;7161812592,499478563,0;499478563,499478564,0;499478564,7973114513,0;7973114513,7973099569,0;7973099569,7975273881,0;7975273881,7973099508,0;7973099508,7973099507,0;7973099507,7973114859,0;7973114859,8298792534,0;8298792534,8298792550,0;8298792550,7973114851,0;7973114851,7975286501,0;7975286501,8298792599,0;8298792599,1116501292,0;1116501292,7975286500,0;7975286500,1116501304,0;1116501304,7975286429,0;7975286429,7975286583,0;7975286583,7977056082,0;7977056082,7977056084,0;7977056084,7977050965,0;7977050965,7977056079,0;7977056079,7977056078,0;7977056078,7979256736,0;7979256736,7977056077,0;7977056077,7979256760,0;7979256760,8407048466,0;8407048466,2530277169,0;2530277169,13161326472,0;13161326472,7979256723,0;7979256723,7979924894,0;7979924894,7979918290,0;7979918290,7967831812,0;7967831812,279077946,0;279077946,564083084,0;564083084,5374860944,0;5374860944,5374860978,0;5374860978,5374861143,0;5374861143,9053077286,0;9053077286,13527622504,0;13527622504,13167173350,0;13167173350,13527622497,0;13527622497,564083093,0;564083093,6317320202,0;6317320202,564083165,0;564083165,13167173329,0;13167173329,6317320222,0;6317320222,6028645652,0;6028645652,2369336843,0;2369336843,2369336701,0;2369336701,12333484744,0;12333484744,2368579077,0;2368579077,2369336820,0;2369336820,2368578991,0;2368578991,8887740818,0;8887740818,9570709534,0;9570709534,2369336807,0;2369336807,2368578970,0;2368578970,6043430915,0;6043430915,4899192485,0;4899192485,564639012,0;564639012,564638925,0;564638925,504640818,0;504640818,504637096,0;504637096,2787061089,0;2787061089,2787061351,0;2787061351,2787061330,0;2787061330,11155489650,0;11155489650,2787061341,0;2787061341,2787061167,0",T1,6103
2023-09-07T13:15:00+08:00,never,False,never,,False,0,0,1,0.9199332089641964,0.4172757891200345,2023-09-07T12:00:00+08:00,10361.510411375662,0.4172757891200345,0.909520878769327,0.8563114976302749,0.1135386693345506,0.4172757891200345,116.1781000555493,"9706921350,9706921684,0;9706921684,9706921682,0;9706921682,9713848047,0;9713848047,9713848018,0;9713848018,9713848023,0;9713848023,12984979400,0;12984979400,9713848118,0;9713848118,9713848006,0;9713848006,9713847968,0;9713847968,9706921713,0;9706921713,9706921712,0;9706921712,9706921786,0;9706921786,9778914467,0;9778914467,9706887247,0;9706887247,9706857800,0;9706857800,9706857774,0;9706857774,9706857801,0;9706857801,9706857775,0;9706857775,9706857832,0;9706857832,9706857843,0;9706857843,7161807983,0;7161807983,7161812592,0;7161812592,499478563,0;499478563,499478564,0;499478564,7973114513,0;7973114513,7973099569,0;7973099569,7975273881,0;7975273881,7973099508,0;7973099508,7973099507,0;7973099507,7973114859,0;7973114859,8298792534,0;8298792534,8298792550,0;8298792550,7973114851,0;7973114851,7975286501,0;7975286501,8298792599,0;8298792599,1116501292,0;1116501292,7975286500,0;7975286500,1116501304,0;1116501304,7975286429,0;7975286429,7975286583,0;7975286583,7977056082,0;7977056082,7977056084,0;7977056084,7977050965,0;7977050965,7977056079,0;7977056079,7977056078,0;7977056078,7979256736,0;7979256736,7977056077,0;7977056077,7979256760,0;7979256760,8407048466,0;8407048466,2530277169,0;2530277169,13161326472,0;13161326472,7979256723,0;7979256723,7979924894,0;7979924894,7979918290,0;7979918290,7967831812,0;7967831812,279077946,0;279077946,564083084,0;564083084,5374860944,0;5374860944,5374860978,0;5374860978,5374861143,0;5374861143,9053077286,0;9053077286,13527622504,0;13527622504,13167173350,0;13167173350,13527622497,0;13527622497,564083093,0;564083093,6317320202,0;6317320202,564083165,0;564083165,13167173329,0;13167173329,6317320222,0;6317320222,6028645652,0;6028645652,2369336843,0;2369336843,2369336701,0;2369336701,12333484744,0;12333484744,2368579077,0;2368579077,2369336820,0;2369336820,2368578991,0;2368578991,8887740818,0;8887740818,9570709534,0;9570709534,2369336807,0;2369336807,2368578970,0;2368578970,6043430915,0;6043430915,4899192485,0;4899192485,564639012,0;564639012,564638925,0;564638925,504640818,0;504640818,504637096,0;504637096,2787061089,0;2787061089,2787061351,0;2787061351,2787061330,0;2787061330,11155489650,0;11155489650,2787061341,0;2787061341,2787061167,0",T1,6103
2023-09-07T13:15:00+08:00,always,True,always,0.0,False,5,1,6,0.9199327917110895,0.3943505677289416,2023-09-07T13:15:00+08:00,10297.182344079098,0.3943505677289416,0.8368940569856244,0.6205377984055388,0.0170638669574287,0.4172757891200345,140.1171999750659,"9706921350,9706921684,0;9706921684,9706921682,0;9706921682,9713848047,0;9713848047,9713848018,0;9713848018,9713848023,0;9713848023,12984979400,0;12984979400,9713848118,0;9713848118,9713848006,0;9713848006,9713847968,0;9713847968,9706921713,0;9706921713,9706921712,0;9706921712,9706921786,0;9706921786,9778914467,0;9778914467,9706887247,0;9706887247,9706857800,0;9706857800,9706857774,0;9706857774,9706857801,0;9706857801,9706857775,0;9706857775,9706857832,0;9706857832,9706857843,0;9706857843,7161807983,0;7161807983,7161812592,0;7161812592,499478563,0;499478563,499478564,0;499478564,7973114513,0;7973114513,7973099569,0;7973099569,7975273881,0;7975273881,7973099508,0;7973099508,7973099507,0;7973099507,7973114859,0;7973114859,8298792534,0;8298792534,8298792550,0;8298792550,7973114851,0;7973114851,7975286501,0;7975286501,8298792599,0;8298792599,1116501292,0;1116501292,7975286500,0;7975286500,1116501304,0;1116501304,7975286429,0;7975286429,7975286583,0;7975286583,7977056082,0;7977056082,7977056084,0;7977056084,7977050965,0;7977050965,7977056079,0;7977056079,7979256640,0;7979256640,7979256626,0;7979256626,7979256668,0;7979256668,7977056101,0;7977056101,7967831807,0;7967831807,7967774259,0;7967774259,503464976,0;503464976,7961771680,0;7961771680,1116492807,0;1116492807,7967774262,0;7967774262,503464985,0;503464985,2530277199,0;2530277199,564083084,0;564083084,5374860944,0;5374860944,5374860978,0;5374860978,5374861143,0;5374861143,9053077286,0;9053077286,13527622504,0;13527622504,13167173350,0;13167173350,13527622497,0;13527622497,564083093,0;564083093,6317320202,0;6317320202,564083165,0;564083165,13167173329,0;13167173329,6317320222,0;6317320222,6028645652,0;6028645652,2369336843,0;2369336843,2369336701,0;2369336701,12333484744,0;12333484744,2368579077,0;2368579077,2369336820,0;2369336820,2368578991,0;2368578991,8887740818,0;8887740818,9570709534,0;9570709534,2369336807,0;2369336807,2368578970,0;2368578970,6043430915,0;6043430915,4899192485,0;4899192485,564639012,0;564639012,564638925,0;564638925,504640818,0;504640818,504637096,0;504637096,2787061089,0;2787061089,2787061351,0;2787061351,2787061330,0;2787061330,11155489650,0;11155489650,2787061341,0;2787061341,2787061167,0",T1,6103
2023-09-07T13:15:00+08:00,triggered,False,keep_current,,False,0,0,1,0.9199332089641964,0.4172757891200345,2023-09-07T12:00:00+08:00,10361.510411375662,0.4172757891200345,0.909520878769327,0.8563114976302749,0.1135386693345506,0.4172757891200345,115.25430000619964,"9706921350,9706921684,0;9706921684,9706921682,0;9706921682,9713848047,0;9713848047,9713848018,0;9713848018,9713848023,0;9713848023,12984979400,0;12984979400,9713848118,0;9713848118,9713848006,0;9713848006,9713847968,0;9713847968,9706921713,0;9706921713,9706921712,0;9706921712,9706921786,0;9706921786,9778914467,0;9778914467,9706887247,0;9706887247,9706857800,0;9706857800,9706857774,0;9706857774,9706857801,0;9706857801,9706857775,0;9706857775,9706857832,0;9706857832,9706857843,0;9706857843,7161807983,0;7161807983,7161812592,0;7161812592,499478563,0;499478563,499478564,0;499478564,7973114513,0;7973114513,7973099569,0;7973099569,7975273881,0;7975273881,7973099508,0;7973099508,7973099507,0;7973099507,7973114859,0;7973114859,8298792534,0;8298792534,8298792550,0;8298792550,7973114851,0;7973114851,7975286501,0;7975286501,8298792599,0;8298792599,1116501292,0;1116501292,7975286500,0;7975286500,1116501304,0;1116501304,7975286429,0;7975286429,7975286583,0;7975286583,7977056082,0;7977056082,7977056084,0;7977056084,7977050965,0;7977050965,7977056079,0;7977056079,7977056078,0;7977056078,7979256736,0;7979256736,7977056077,0;7977056077,7979256760,0;7979256760,8407048466,0;8407048466,2530277169,0;2530277169,13161326472,0;13161326472,7979256723,0;7979256723,7979924894,0;7979924894,7979918290,0;7979918290,7967831812,0;7967831812,279077946,0;279077946,564083084,0;564083084,5374860944,0;5374860944,5374860978,0;5374860978,5374861143,0;5374861143,9053077286,0;9053077286,13527622504,0;13527622504,13167173350,0;13167173350,13527622497,0;13527622497,564083093,0;564083093,6317320202,0;6317320202,564083165,0;564083165,13167173329,0;13167173329,6317320222,0;6317320222,6028645652,0;6028645652,2369336843,0;2369336843,2369336701,0;2369336701,12333484744,0;12333484744,2368579077,0;2368579077,2369336820,0;2369336820,2368578991,0;2368578991,8887740818,0;8887740818,9570709534,0;9570709534,2369336807,0;2369336807,2368578970,0;2368578970,6043430915,0;6043430915,4899192485,0;4899192485,564639012,0;564639012,564638925,0;564638925,504640818,0;504640818,504637096,0;504637096,2787061089,0;2787061089,2787061351,0;2787061351,2787061330,0;2787061330,11155489650,0;11155489650,2787061341,0;2787061341,2787061167,0",T1,6103
2023-09-07T13:30:00+08:00,never,False,never,,False,0,0,1,0.9199332089641964,0.4517293581506438,2023-09-07T12:00:00+08:00,10361.510411375662,0.4517293581506438,0.9247284213879586,0.8563114976302749,0.2808169947375232,0.4517293581506438,96.2767000310123,"9706921350,9706921684,0;9706921684,9706921682,0;9706921682,9713848047,0;9713848047,9713848018,0;9713848018,9713848023,0;9713848023,12984979400,0;12984979400,9713848118,0;9713848118,9713848006,0;9713848006,9713847968,0;9713847968,9706921713,0;9706921713,9706921712,0;9706921712,9706921786,0;9706921786,9778914467,0;9778914467,9706887247,0;9706887247,9706857800,0;9706857800,9706857774,0;9706857774,9706857801,0;9706857801,9706857775,0;9706857775,9706857832,0;9706857832,9706857843,0;9706857843,7161807983,0;7161807983,7161812592,0;7161812592,499478563,0;499478563,499478564,0;499478564,7973114513,0;7973114513,7973099569,0;7973099569,7975273881,0;7975273881,7973099508,0;7973099508,7973099507,0;7973099507,7973114859,0;7973114859,8298792534,0;8298792534,8298792550,0;8298792550,7973114851,0;7973114851,7975286501,0;7975286501,8298792599,0;8298792599,1116501292,0;1116501292,7975286500,0;7975286500,1116501304,0;1116501304,7975286429,0;7975286429,7975286583,0;7975286583,7977056082,0;7977056082,7977056084,0;7977056084,7977050965,0;7977050965,7977056079,0;7977056079,7977056078,0;7977056078,7979256736,0;7979256736,7977056077,0;7977056077,7979256760,0;7979256760,8407048466,0;8407048466,2530277169,0;2530277169,13161326472,0;13161326472,7979256723,0;7979256723,7979924894,0;7979924894,7979918290,0;7979918290,7967831812,0;7967831812,279077946,0;279077946,564083084,0;564083084,5374860944,0;5374860944,5374860978,0;5374860978,5374861143,0;5374861143,9053077286,0;9053077286,13527622504,0;13527622504,13167173350,0;13167173350,13527622497,0;13527622497,564083093,0;564083093,6317320202,0;6317320202,564083165,0;564083165,13167173329,0;13167173329,6317320222,0;6317320222,6028645652,0;6028645652,2369336843,0;2369336843,2369336701,0;2369336701,12333484744,0;12333484744,2368579077,0;2368579077,2369336820,0;2369336820,2368578991,0;2368578991,8887740818,0;8887740818,9570709534,0;9570709534,2369336807,0;2369336807,2368578970,0;2368578970,6043430915,0;6043430915,4899192485,0;4899192485,564639012,0;564639012,564638925,0;564638925,504640818,0;504640818,504637096,0;504637096,2787061089,0;2787061089,2787061351,0;2787061351,2787061330,0;2787061330,11155489650,0;11155489650,2787061341,0;2787061341,2787061167,0",T1,6103
2023-09-07T13:30:00+08:00,always,True,always,0.0263243152375734,True,6,2,7,0.919938305745216,0.371064098356382,2023-09-07T13:30:00+08:00,11217.511335828478,0.371064098356382,0.7506591893487642,0.6318141393679266,0.0445906466835989,0.4517293581506438,119.32510003680363,"9706921350,9706921684,0;9706921684,9706921682,0;9706921682,9713848047,0;9713848047,9713848018,0;9713848018,9713848023,0;9713848023,12984979400,0;12984979400,9713848118,0;9713848118,9713848006,0;9713848006,9713847968,0;9713847968,9706921713,0;9706921713,9706921712,0;9706921712,9706921786,0;9706921786,9778914467,0;9778914467,9706887247,0;9706887247,9706857800,0;9706857800,9706857774,0;9706857774,9706857801,0;9706857801,9706857775,0;9706857775,9706857832,0;9706857832,9706857843,0;9706857843,7161807983,0;7161807983,7161812592,0;7161812592,499478563,0;499478563,499478564,0;499478564,7973114513,0;7973114513,7973099569,0;7973099569,7975273881,0;7975273881,7973099508,0;7973099508,8298792548,0;8298792548,7973099506,0;7973099506,7975273876,0;7975273876,2530284953,0;2530284953,1491845601,0;1491845601,1491845610,0;1491845610,1116501223,0;1116501223,499478765,0;499478765,1116501237,0;1116501237,2525990704,0;2525990704,2525990691,0;2525990691,2525990692,0;2525990692,499543123,0;499543123,2750667601,0;2750667601,13072510361,0;13072510361,2750667627,0;2750667627,5834799167,0;5834799167,499543165,0;499543165,7965680795,0;7965680795,5271707993,0;5271707993,4848290283,0;4848290283,2750593369,0;2750593369,277673161,0;277673161,277052181,0;277052181,2750593322,0;2750593322,8076307465,0;8076307465,8076307469,0;8076307469,10556743824,0;10556743824,8791690550,0;8791690550,10579173218,0;10579173218,13017481550,0;13017481550,10556743814,0;10556743814,10031001813,0;10031001813,10556743820,0;10556743820,7252057922,0;7252057922,10556743818,0;10556743818,500016970,0;500016970,6413071087,0;6413071087,500016482,0;500016482,500016487,0;500016487,7252057894,0;7252057894,2367574792,0;2367574792,8077904806,0;8077904806,8002408178,0;8002408178,8002408180,0;8002408180,8077904800,0;8077904800,8002408198,0;8002408198,6317315212,0;6317315212,8002408173,0;8002408173,8002408172,0;8002408172,8002397282,0;8002397282,8002408030,0;8002408030,8002408117,0;8002408117,3671795931,0;3671795931,8002408083,0;8002408083,8002408082,0;8002408082,8077904795,0;8077904795,3671795928,0;3671795928,8002408012,0;8002408012,12988628620,0;12988628620,6413071588,0;6413071588,6413071335,0;6413071335,8002408006,0;8002408006,10539884637,0;10539884637,6302206145,0;6302206145,11046800331,0;11046800331,3671791988,0;3671791988,2787061351,0;2787061351,2787061330,0;2787061330,11155489650,0;11155489650,2787061341,0;2787061341,2787061167,0",T1,6103
2023-09-07T13:30:00+08:00,triggered,True,high_risk_ratio,0.0466221883461962,True,1,1,2,0.919938305745216,0.371064098356382,2023-09-07T13:30:00+08:00,11217.511335828478,0.371064098356382,0.7506591893487642,0.6318141393679266,0.0445906466835989,0.4517293581506438,120.25330000324176,"9706921350,9706921684,0;9706921684,9706921682,0;9706921682,9713848047,0;9713848047,9713848018,0;9713848018,9713848023,0;9713848023,12984979400,0;12984979400,9713848118,0;9713848118,9713848006,0;9713848006,9713847968,0;9713847968,9706921713,0;9706921713,9706921712,0;9706921712,9706921786,0;9706921786,9778914467,0;9778914467,9706887247,0;9706887247,9706857800,0;9706857800,9706857774,0;9706857774,9706857801,0;9706857801,9706857775,0;9706857775,9706857832,0;9706857832,9706857843,0;9706857843,7161807983,0;7161807983,7161812592,0;7161812592,499478563,0;499478563,499478564,0;499478564,7973114513,0;7973114513,7973099569,0;7973099569,7975273881,0;7975273881,7973099508,0;7973099508,8298792548,0;8298792548,7973099506,0;7973099506,7975273876,0;7975273876,2530284953,0;2530284953,1491845601,0;1491845601,1491845610,0;1491845610,1116501223,0;1116501223,499478765,0;499478765,1116501237,0;1116501237,2525990704,0;2525990704,2525990691,0;2525990691,2525990692,0;2525990692,499543123,0;499543123,2750667601,0;2750667601,13072510361,0;13072510361,2750667627,0;2750667627,5834799167,0;5834799167,499543165,0;499543165,7965680795,0;7965680795,5271707993,0;5271707993,4848290283,0;4848290283,2750593369,0;2750593369,277673161,0;277673161,277052181,0;277052181,2750593322,0;2750593322,8076307465,0;8076307465,8076307469,0;8076307469,10556743824,0;10556743824,8791690550,0;8791690550,10579173218,0;10579173218,13017481550,0;13017481550,10556743814,0;10556743814,10031001813,0;10031001813,10556743820,0;10556743820,7252057922,0;7252057922,10556743818,0;10556743818,500016970,0;500016970,6413071087,0;6413071087,500016482,0;500016482,500016487,0;500016487,7252057894,0;7252057894,2367574792,0;2367574792,8077904806,0;8077904806,8002408178,0;8002408178,8002408180,0;8002408180,8077904800,0;8077904800,8002408198,0;8002408198,6317315212,0;6317315212,8002408173,0;8002408173,8002408172,0;8002408172,8002397282,0;8002397282,8002408030,0;8002408030,8002408117,0;8002408117,3671795931,0;3671795931,8002408083,0;8002408083,8002408082,0;8002408082,8077904795,0;8077904795,3671795928,0;3671795928,8002408012,0;8002408012,12988628620,0;12988628620,6413071588,0;6413071588,6413071335,0;6413071335,8002408006,0;8002408006,10539884637,0;10539884637,6302206145,0;6302206145,11046800331,0;11046800331,3671791988,0;3671791988,2787061351,0;2787061351,2787061330,0;2787061330,11155489650,0;11155489650,2787061341,0;2787061341,2787061167,0",T1,6103
2023-09-07T13:45:00+08:00,never,False,never,,False,0,0,1,0.9199332089641964,0.4650974955358607,2023-09-07T12:00:00+08:00,10361.510411375662,0.4650974955358607,0.9247284213879586,0.8563114976302749,0.2937798626350558,0.4650974955358607,105.48120003659278,"9706921350,9706921684,0;9706921684,9706921682,0;9706921682,9713848047,0;9713848047,9713848018,0;9713848018,9713848023,0;9713848023,12984979400,0;12984979400,9713848118,0;9713848118,9713848006,0;9713848006,9713847968,0;9713847968,9706921713,0;9706921713,9706921712,0;9706921712,9706921786,0;9706921786,9778914467,0;9778914467,9706887247,0;9706887247,9706857800,0;9706857800,9706857774,0;9706857774,9706857801,0;9706857801,9706857775,0;9706857775,9706857832,0;9706857832,9706857843,0;9706857843,7161807983,0;7161807983,7161812592,0;7161812592,499478563,0;499478563,499478564,0;499478564,7973114513,0;7973114513,7973099569,0;7973099569,7975273881,0;7975273881,7973099508,0;7973099508,7973099507,0;7973099507,7973114859,0;7973114859,8298792534,0;8298792534,8298792550,0;8298792550,7973114851,0;7973114851,7975286501,0;7975286501,8298792599,0;8298792599,1116501292,0;1116501292,7975286500,0;7975286500,1116501304,0;1116501304,7975286429,0;7975286429,7975286583,0;7975286583,7977056082,0;7977056082,7977056084,0;7977056084,7977050965,0;7977050965,7977056079,0;7977056079,7977056078,0;7977056078,7979256736,0;7979256736,7977056077,0;7977056077,7979256760,0;7979256760,8407048466,0;8407048466,2530277169,0;2530277169,13161326472,0;13161326472,7979256723,0;7979256723,7979924894,0;7979924894,7979918290,0;7979918290,7967831812,0;7967831812,279077946,0;279077946,564083084,0;564083084,5374860944,0;5374860944,5374860978,0;5374860978,5374861143,0;5374861143,9053077286,0;9053077286,13527622504,0;13527622504,13167173350,0;13167173350,13527622497,0;13527622497,564083093,0;564083093,6317320202,0;6317320202,564083165,0;564083165,13167173329,0;13167173329,6317320222,0;6317320222,6028645652,0;6028645652,2369336843,0;2369336843,2369336701,0;2369336701,12333484744,0;12333484744,2368579077,0;2368579077,2369336820,0;2369336820,2368578991,0;2368578991,8887740818,0;8887740818,9570709534,0;9570709534,2369336807,0;2369336807,2368578970,0;2368578970,6043430915,0;6043430915,4899192485,0;4899192485,564639012,0;564639012,564638925,0;564638925,504640818,0;504640818,504637096,0;504637096,2787061089,0;2787061089,2787061351,0;2787061351,2787061330,0;2787061330,11155489650,0;11155489650,2787061341,0;2787061341,2787061167,0",T1,6103
2023-09-07T13:45:00+08:00,always,True,always,0.0,False,7,2,8,0.919938305745216,0.3795582773556957,2023-09-07T13:45:00+08:00,11217.511335828478,0.3795582773556957,0.8075260699569916,0.6886810199767335,0.068308133179008,0.4650974955358607,130.24830003269017,"9706921350,9706921684,0;9706921684,9706921682,0;9706921682,9713848047,0;9713848047,9713848018,0;9713848018,9713848023,0;9713848023,12984979400,0;12984979400,9713848118,0;9713848118,9713848006,0;9713848006,9713847968,0;9713847968,9706921713,0;9706921713,9706921712,0;9706921712,9706921786,0;9706921786,9778914467,0;9778914467,9706887247,0;9706887247,9706857800,0;9706857800,9706857774,0;9706857774,9706857801,0;9706857801,9706857775,0;9706857775,9706857832,0;9706857832,9706857843,0;9706857843,7161807983,0;7161807983,7161812592,0;7161812592,499478563,0;499478563,499478564,0;499478564,7973114513,0;7973114513,7973099569,0;7973099569,7975273881,0;7975273881,7973099508,0;7973099508,8298792548,0;8298792548,7973099506,0;7973099506,7975273876,0;7975273876,2530284953,0;2530284953,1491845601,0;1491845601,1491845610,0;1491845610,1116501223,0;1116501223,499478765,0;499478765,1116501237,0;1116501237,2525990704,0;2525990704,2525990691,0;2525990691,2525990692,0;2525990692,499543123,0;499543123,2750667601,0;2750667601,13072510361,0;13072510361,2750667627,0;2750667627,5834799167,0;5834799167,499543165,0;499543165,7965680795,0;7965680795,5271707993,0;5271707993,4848290283,0;4848290283,2750593369,0;2750593369,277673161,0;277673161,277052181,0;277052181,2750593322,0;2750593322,8076307465,0;8076307465,8076307469,0;8076307469,10556743824,0;10556743824,8791690550,0;8791690550,10579173218,0;10579173218,13017481550,0;13017481550,10556743814,0;10556743814,10031001813,0;10031001813,10556743820,0;10556743820,7252057922,0;7252057922,10556743818,0;10556743818,500016970,0;500016970,6413071087,0;6413071087,500016482,0;500016482,500016487,0;500016487,7252057894,0;7252057894,2367574792,0;2367574792,8077904806,0;8077904806,8002408178,0;8002408178,8002408180,0;8002408180,8077904800,0;8077904800,8002408198,0;8002408198,6317315212,0;6317315212,8002408173,0;8002408173,8002408172,0;8002408172,8002397282,0;8002397282,8002408030,0;8002408030,8002408117,0;8002408117,3671795931,0;3671795931,8002408083,0;8002408083,8002408082,0;8002408082,8077904795,0;8077904795,3671795928,0;3671795928,8002408012,0;8002408012,12988628620,0;12988628620,6413071588,0;6413071588,6413071335,0;6413071335,8002408006,0;8002408006,10539884637,0;10539884637,6302206145,0;6302206145,11046800331,0;11046800331,3671791988,0;3671791988,2787061351,0;2787061351,2787061330,0;2787061330,11155489650,0;11155489650,2787061341,0;2787061341,2787061167,0",T1,6103
2023-09-07T13:45:00+08:00,triggered,False,keep_current,,False,1,1,2,0.919938305745216,0.3795582773556957,2023-09-07T13:30:00+08:00,11217.511335828478,0.3795582773556957,0.8075260699569916,0.6886810199767335,0.068308133179008,0.4650974955358607,105.08830001344904,"9706921350,9706921684,0;9706921684,9706921682,0;9706921682,9713848047,0;9713848047,9713848018,0;9713848018,9713848023,0;9713848023,12984979400,0;12984979400,9713848118,0;9713848118,9713848006,0;9713848006,9713847968,0;9713847968,9706921713,0;9706921713,9706921712,0;9706921712,9706921786,0;9706921786,9778914467,0;9778914467,9706887247,0;9706887247,9706857800,0;9706857800,9706857774,0;9706857774,9706857801,0;9706857801,9706857775,0;9706857775,9706857832,0;9706857832,9706857843,0;9706857843,7161807983,0;7161807983,7161812592,0;7161812592,499478563,0;499478563,499478564,0;499478564,7973114513,0;7973114513,7973099569,0;7973099569,7975273881,0;7975273881,7973099508,0;7973099508,8298792548,0;8298792548,7973099506,0;7973099506,7975273876,0;7975273876,2530284953,0;2530284953,1491845601,0;1491845601,1491845610,0;1491845610,1116501223,0;1116501223,499478765,0;499478765,1116501237,0;1116501237,2525990704,0;2525990704,2525990691,0;2525990691,2525990692,0;2525990692,499543123,0;499543123,2750667601,0;2750667601,13072510361,0;13072510361,2750667627,0;2750667627,5834799167,0;5834799167,499543165,0;499543165,7965680795,0;7965680795,5271707993,0;5271707993,4848290283,0;4848290283,2750593369,0;2750593369,277673161,0;277673161,277052181,0;277052181,2750593322,0;2750593322,8076307465,0;8076307465,8076307469,0;8076307469,10556743824,0;10556743824,8791690550,0;8791690550,10579173218,0;10579173218,13017481550,0;13017481550,10556743814,0;10556743814,10031001813,0;10031001813,10556743820,0;10556743820,7252057922,0;7252057922,10556743818,0;10556743818,500016970,0;500016970,6413071087,0;6413071087,500016482,0;500016482,500016487,0;500016487,7252057894,0;7252057894,2367574792,0;2367574792,8077904806,0;8077904806,8002408178,0;8002408178,8002408180,0;8002408180,8077904800,0;8077904800,8002408198,0;8002408198,6317315212,0;6317315212,8002408173,0;8002408173,8002408172,0;8002408172,8002397282,0;8002397282,8002408030,0;8002408030,8002408117,0;8002408117,3671795931,0;3671795931,8002408083,0;8002408083,8002408082,0;8002408082,8077904795,0;8077904795,3671795928,0;3671795928,8002408012,0;8002408012,12988628620,0;12988628620,6413071588,0;6413071588,6413071335,0;6413071335,8002408006,0;8002408006,10539884637,0;10539884637,6302206145,0;6302206145,11046800331,0;11046800331,3671791988,0;3671791988,2787061351,0;2787061351,2787061330,0;2787061330,11155489650,0;11155489650,2787061341,0;2787061341,2787061167,0",T1,6103
2023-09-07T14:00:00+08:00,never,False,never,,False,0,0,1,0.9199332089641964,0.4650974955358607,2023-09-07T12:00:00+08:00,10361.510411375662,0.4650974955358607,0.9247284213879586,0.8563114976302749,0.2937798626350558,0.4650974955358607,96.28299996256828,"9706921350,9706921684,0;9706921684,9706921682,0;9706921682,9713848047,0;9713848047,9713848018,0;9713848018,9713848023,0;9713848023,12984979400,0;12984979400,9713848118,0;9713848118,9713848006,0;9713848006,9713847968,0;9713847968,9706921713,0;9706921713,9706921712,0;9706921712,9706921786,0;9706921786,9778914467,0;9778914467,9706887247,0;9706887247,9706857800,0;9706857800,9706857774,0;9706857774,9706857801,0;9706857801,9706857775,0;9706857775,9706857832,0;9706857832,9706857843,0;9706857843,7161807983,0;7161807983,7161812592,0;7161812592,499478563,0;499478563,499478564,0;499478564,7973114513,0;7973114513,7973099569,0;7973099569,7975273881,0;7975273881,7973099508,0;7973099508,7973099507,0;7973099507,7973114859,0;7973114859,8298792534,0;8298792534,8298792550,0;8298792550,7973114851,0;7973114851,7975286501,0;7975286501,8298792599,0;8298792599,1116501292,0;1116501292,7975286500,0;7975286500,1116501304,0;1116501304,7975286429,0;7975286429,7975286583,0;7975286583,7977056082,0;7977056082,7977056084,0;7977056084,7977050965,0;7977050965,7977056079,0;7977056079,7977056078,0;7977056078,7979256736,0;7979256736,7977056077,0;7977056077,7979256760,0;7979256760,8407048466,0;8407048466,2530277169,0;2530277169,13161326472,0;13161326472,7979256723,0;7979256723,7979924894,0;7979924894,7979918290,0;7979918290,7967831812,0;7967831812,279077946,0;279077946,564083084,0;564083084,5374860944,0;5374860944,5374860978,0;5374860978,5374861143,0;5374861143,9053077286,0;9053077286,13527622504,0;13527622504,13167173350,0;13167173350,13527622497,0;13527622497,564083093,0;564083093,6317320202,0;6317320202,564083165,0;564083165,13167173329,0;13167173329,6317320222,0;6317320222,6028645652,0;6028645652,2369336843,0;2369336843,2369336701,0;2369336701,12333484744,0;12333484744,2368579077,0;2368579077,2369336820,0;2369336820,2368578991,0;2368578991,8887740818,0;8887740818,9570709534,0;9570709534,2369336807,0;2369336807,2368578970,0;2368578970,6043430915,0;6043430915,4899192485,0;4899192485,564639012,0;564639012,564638925,0;564638925,504640818,0;504640818,504637096,0;504637096,2787061089,0;2787061089,2787061351,0;2787061351,2787061330,0;2787061330,11155489650,0;11155489650,2787061341,0;2787061341,2787061167,0",T1,6103
2023-09-07T14:00:00+08:00,always,True,always,0.0,False,8,2,9,0.919938305745216,0.3795582773556957,2023-09-07T14:00:00+08:00,11217.511335828478,0.3795582773556957,0.8075260699569916,0.6886810199767335,0.068308133179008,0.4650974955358607,118.61710000084712,"9706921350,9706921684,0;9706921684,9706921682,0;9706921682,9713848047,0;9713848047,9713848018,0;9713848018,9713848023,0;9713848023,12984979400,0;12984979400,9713848118,0;9713848118,9713848006,0;9713848006,9713847968,0;9713847968,9706921713,0;9706921713,9706921712,0;9706921712,9706921786,0;9706921786,9778914467,0;9778914467,9706887247,0;9706887247,9706857800,0;9706857800,9706857774,0;9706857774,9706857801,0;9706857801,9706857775,0;9706857775,9706857832,0;9706857832,9706857843,0;9706857843,7161807983,0;7161807983,7161812592,0;7161812592,499478563,0;499478563,499478564,0;499478564,7973114513,0;7973114513,7973099569,0;7973099569,7975273881,0;7975273881,7973099508,0;7973099508,8298792548,0;8298792548,7973099506,0;7973099506,7975273876,0;7975273876,2530284953,0;2530284953,1491845601,0;1491845601,1491845610,0;1491845610,1116501223,0;1116501223,499478765,0;499478765,1116501237,0;1116501237,2525990704,0;2525990704,2525990691,0;2525990691,2525990692,0;2525990692,499543123,0;499543123,2750667601,0;2750667601,13072510361,0;13072510361,2750667627,0;2750667627,5834799167,0;5834799167,499543165,0;499543165,7965680795,0;7965680795,5271707993,0;5271707993,4848290283,0;4848290283,2750593369,0;2750593369,277673161,0;277673161,277052181,0;277052181,2750593322,0;2750593322,8076307465,0;8076307465,8076307469,0;8076307469,10556743824,0;10556743824,8791690550,0;8791690550,10579173218,0;10579173218,13017481550,0;13017481550,10556743814,0;10556743814,10031001813,0;10031001813,10556743820,0;10556743820,7252057922,0;7252057922,10556743818,0;10556743818,500016970,0;500016970,6413071087,0;6413071087,500016482,0;500016482,500016487,0;500016487,7252057894,0;7252057894,2367574792,0;2367574792,8077904806,0;8077904806,8002408178,0;8002408178,8002408180,0;8002408180,8077904800,0;8077904800,8002408198,0;8002408198,6317315212,0;6317315212,8002408173,0;8002408173,8002408172,0;8002408172,8002397282,0;8002397282,8002408030,0;8002408030,8002408117,0;8002408117,3671795931,0;3671795931,8002408083,0;8002408083,8002408082,0;8002408082,8077904795,0;8077904795,3671795928,0;3671795928,8002408012,0;8002408012,12988628620,0;12988628620,6413071588,0;6413071588,6413071335,0;6413071335,8002408006,0;8002408006,10539884637,0;10539884637,6302206145,0;6302206145,11046800331,0;11046800331,3671791988,0;3671791988,2787061351,0;2787061351,2787061330,0;2787061330,11155489650,0;11155489650,2787061341,0;2787061341,2787061167,0",T1,6103
2023-09-07T14:00:00+08:00,triggered,False,keep_current,,False,1,1,2,0.919938305745216,0.3795582773556957,2023-09-07T13:30:00+08:00,11217.511335828478,0.3795582773556957,0.8075260699569916,0.6886810199767335,0.068308133179008,0.4650974955358607,95.93820001464336,"9706921350,9706921684,0;9706921684,9706921682,0;9706921682,9713848047,0;9713848047,9713848018,0;9713848018,9713848023,0;9713848023,12984979400,0;12984979400,9713848118,0;9713848118,9713848006,0;9713848006,9713847968,0;9713847968,9706921713,0;9706921713,9706921712,0;9706921712,9706921786,0;9706921786,9778914467,0;9778914467,9706887247,0;9706887247,9706857800,0;9706857800,9706857774,0;9706857774,9706857801,0;9706857801,9706857775,0;9706857775,9706857832,0;9706857832,9706857843,0;9706857843,7161807983,0;7161807983,7161812592,0;7161812592,499478563,0;499478563,499478564,0;499478564,7973114513,0;7973114513,7973099569,0;7973099569,7975273881,0;7975273881,7973099508,0;7973099508,8298792548,0;8298792548,7973099506,0;7973099506,7975273876,0;7975273876,2530284953,0;2530284953,1491845601,0;1491845601,1491845610,0;1491845610,1116501223,0;1116501223,499478765,0;499478765,1116501237,0;1116501237,2525990704,0;2525990704,2525990691,0;2525990691,2525990692,0;2525990692,499543123,0;499543123,2750667601,0;2750667601,13072510361,0;13072510361,2750667627,0;2750667627,5834799167,0;5834799167,499543165,0;499543165,7965680795,0;7965680795,5271707993,0;5271707993,4848290283,0;4848290283,2750593369,0;2750593369,277673161,0;277673161,277052181,0;277052181,2750593322,0;2750593322,8076307465,0;8076307465,8076307469,0;8076307469,10556743824,0;10556743824,8791690550,0;8791690550,10579173218,0;10579173218,13017481550,0;13017481550,10556743814,0;10556743814,10031001813,0;10031001813,10556743820,0;10556743820,7252057922,0;7252057922,10556743818,0;10556743818,500016970,0;500016970,6413071087,0;6413071087,500016482,0;500016482,500016487,0;500016487,7252057894,0;7252057894,2367574792,0;2367574792,8077904806,0;8077904806,8002408178,0;8002408178,8002408180,0;8002408180,8077904800,0;8077904800,8002408198,0;8002408198,6317315212,0;6317315212,8002408173,0;8002408173,8002408172,0;8002408172,8002397282,0;8002397282,8002408030,0;8002408030,8002408117,0;8002408117,3671795931,0;3671795931,8002408083,0;8002408083,8002408082,0;8002408082,8077904795,0;8077904795,3671795928,0;3671795928,8002408012,0;8002408012,12988628620,0;12988628620,6413071588,0;6413071588,6413071335,0;6413071335,8002408006,0;8002408006,10539884637,0;10539884637,6302206145,0;6302206145,11046800331,0;11046800331,3671791988,0;3671791988,2787061351,0;2787061351,2787061330,0;2787061330,11155489650,0;11155489650,2787061341,0;2787061341,2787061167,0",T1,6103
2023-09-07T14:15:00+08:00,never,False,never,,False,0,0,1,0.9199332089641964,0.4650974955358607,2023-09-07T12:00:00+08:00,10361.510411375662,0.4650974955358607,0.9247284213879586,0.8563114976302749,0.2937798626350558,0.4650974955358607,92.63730008387938,"9706921350,9706921684,0;9706921684,9706921682,0;9706921682,9713848047,0;9713848047,9713848018,0;9713848018,9713848023,0;9713848023,12984979400,0;12984979400,9713848118,0;9713848118,9713848006,0;9713848006,9713847968,0;9713847968,9706921713,0;9706921713,9706921712,0;9706921712,9706921786,0;9706921786,9778914467,0;9778914467,9706887247,0;9706887247,9706857800,0;9706857800,9706857774,0;9706857774,9706857801,0;9706857801,9706857775,0;9706857775,9706857832,0;9706857832,9706857843,0;9706857843,7161807983,0;7161807983,7161812592,0;7161812592,499478563,0;499478563,499478564,0;499478564,7973114513,0;7973114513,7973099569,0;7973099569,7975273881,0;7975273881,7973099508,0;7973099508,7973099507,0;7973099507,7973114859,0;7973114859,8298792534,0;8298792534,8298792550,0;8298792550,7973114851,0;7973114851,7975286501,0;7975286501,8298792599,0;8298792599,1116501292,0;1116501292,7975286500,0;7975286500,1116501304,0;1116501304,7975286429,0;7975286429,7975286583,0;7975286583,7977056082,0;7977056082,7977056084,0;7977056084,7977050965,0;7977050965,7977056079,0;7977056079,7977056078,0;7977056078,7979256736,0;7979256736,7977056077,0;7977056077,7979256760,0;7979256760,8407048466,0;8407048466,2530277169,0;2530277169,13161326472,0;13161326472,7979256723,0;7979256723,7979924894,0;7979924894,7979918290,0;7979918290,7967831812,0;7967831812,279077946,0;279077946,564083084,0;564083084,5374860944,0;5374860944,5374860978,0;5374860978,5374861143,0;5374861143,9053077286,0;9053077286,13527622504,0;13527622504,13167173350,0;13167173350,13527622497,0;13527622497,564083093,0;564083093,6317320202,0;6317320202,564083165,0;564083165,13167173329,0;13167173329,6317320222,0;6317320222,6028645652,0;6028645652,2369336843,0;2369336843,2369336701,0;2369336701,12333484744,0;12333484744,2368579077,0;2368579077,2369336820,0;2369336820,2368578991,0;2368578991,8887740818,0;8887740818,9570709534,0;9570709534,2369336807,0;2369336807,2368578970,0;2368578970,6043430915,0;6043430915,4899192485,0;4899192485,564639012,0;564639012,564638925,0;564638925,504640818,0;504640818,504637096,0;504637096,2787061089,0;2787061089,2787061351,0;2787061351,2787061330,0;2787061330,11155489650,0;11155489650,2787061341,0;2787061341,2787061167,0",T1,6103
2023-09-07T14:15:00+08:00,always,True,always,0.0,False,9,2,10,0.919938305745216,0.3795582773556957,2023-09-07T14:15:00+08:00,11217.511335828478,0.3795582773556957,0.8075260699569916,0.6886810199767335,0.068308133179008,0.4650974955358607,116.127300017979,"9706921350,9706921684,0;9706921684,9706921682,0;9706921682,9713848047,0;9713848047,9713848018,0;9713848018,9713848023,0;9713848023,12984979400,0;12984979400,9713848118,0;9713848118,9713848006,0;9713848006,9713847968,0;9713847968,9706921713,0;9706921713,9706921712,0;9706921712,9706921786,0;9706921786,9778914467,0;9778914467,9706887247,0;9706887247,9706857800,0;9706857800,9706857774,0;9706857774,9706857801,0;9706857801,9706857775,0;9706857775,9706857832,0;9706857832,9706857843,0;9706857843,7161807983,0;7161807983,7161812592,0;7161812592,499478563,0;499478563,499478564,0;499478564,7973114513,0;7973114513,7973099569,0;7973099569,7975273881,0;7975273881,7973099508,0;7973099508,8298792548,0;8298792548,7973099506,0;7973099506,7975273876,0;7975273876,2530284953,0;2530284953,1491845601,0;1491845601,1491845610,0;1491845610,1116501223,0;1116501223,499478765,0;499478765,1116501237,0;1116501237,2525990704,0;2525990704,2525990691,0;2525990691,2525990692,0;2525990692,499543123,0;499543123,2750667601,0;2750667601,13072510361,0;13072510361,2750667627,0;2750667627,5834799167,0;5834799167,499543165,0;499543165,7965680795,0;7965680795,5271707993,0;5271707993,4848290283,0;4848290283,2750593369,0;2750593369,277673161,0;277673161,277052181,0;277052181,2750593322,0;2750593322,8076307465,0;8076307465,8076307469,0;8076307469,10556743824,0;10556743824,8791690550,0;8791690550,10579173218,0;10579173218,13017481550,0;13017481550,10556743814,0;10556743814,10031001813,0;10031001813,10556743820,0;10556743820,7252057922,0;7252057922,10556743818,0;10556743818,500016970,0;500016970,6413071087,0;6413071087,500016482,0;500016482,500016487,0;500016487,7252057894,0;7252057894,2367574792,0;2367574792,8077904806,0;8077904806,8002408178,0;8002408178,8002408180,0;8002408180,8077904800,0;8077904800,8002408198,0;8002408198,6317315212,0;6317315212,8002408173,0;8002408173,8002408172,0;8002408172,8002397282,0;8002397282,8002408030,0;8002408030,8002408117,0;8002408117,3671795931,0;3671795931,8002408083,0;8002408083,8002408082,0;8002408082,8077904795,0;8077904795,3671795928,0;3671795928,8002408012,0;8002408012,12988628620,0;12988628620,6413071588,0;6413071588,6413071335,0;6413071335,8002408006,0;8002408006,10539884637,0;10539884637,6302206145,0;6302206145,11046800331,0;11046800331,3671791988,0;3671791988,2787061351,0;2787061351,2787061330,0;2787061330,11155489650,0;11155489650,2787061341,0;2787061341,2787061167,0",T1,6103
2023-09-07T14:15:00+08:00,triggered,False,keep_current,,False,1,1,2,0.919938305745216,0.3795582773556957,2023-09-07T13:30:00+08:00,11217.511335828478,0.3795582773556957,0.8075260699569916,0.6886810199767335,0.068308133179008,0.4650974955358607,91.98260004632176,"9706921350,9706921684,0;9706921684,9706921682,0;9706921682,9713848047,0;9713848047,9713848018,0;9713848018,9713848023,0;9713848023,12984979400,0;12984979400,9713848118,0;9713848118,9713848006,0;9713848006,9713847968,0;9713847968,9706921713,0;9706921713,9706921712,0;9706921712,9706921786,0;9706921786,9778914467,0;9778914467,9706887247,0;9706887247,9706857800,0;9706857800,9706857774,0;9706857774,9706857801,0;9706857801,9706857775,0;9706857775,9706857832,0;9706857832,9706857843,0;9706857843,7161807983,0;7161807983,7161812592,0;7161812592,499478563,0;499478563,499478564,0;499478564,7973114513,0;7973114513,7973099569,0;7973099569,7975273881,0;7975273881,7973099508,0;7973099508,8298792548,0;8298792548,7973099506,0;7973099506,7975273876,0;7975273876,2530284953,0;2530284953,1491845601,0;1491845601,1491845610,0;1491845610,1116501223,0;1116501223,499478765,0;499478765,1116501237,0;1116501237,2525990704,0;2525990704,2525990691,0;2525990691,2525990692,0;2525990692,499543123,0;499543123,2750667601,0;2750667601,13072510361,0;13072510361,2750667627,0;2750667627,5834799167,0;5834799167,499543165,0;499543165,7965680795,0;7965680795,5271707993,0;5271707993,4848290283,0;4848290283,2750593369,0;2750593369,277673161,0;277673161,277052181,0;277052181,2750593322,0;2750593322,8076307465,0;8076307465,8076307469,0;8076307469,10556743824,0;10556743824,8791690550,0;8791690550,10579173218,0;10579173218,13017481550,0;13017481550,10556743814,0;10556743814,10031001813,0;10031001813,10556743820,0;10556743820,7252057922,0;7252057922,10556743818,0;10556743818,500016970,0;500016970,6413071087,0;6413071087,500016482,0;500016482,500016487,0;500016487,7252057894,0;7252057894,2367574792,0;2367574792,8077904806,0;8077904806,8002408178,0;8002408178,8002408180,0;8002408180,8077904800,0;8077904800,8002408198,0;8002408198,6317315212,0;6317315212,8002408173,0;8002408173,8002408172,0;8002408172,8002397282,0;8002397282,8002408030,0;8002408030,8002408117,0;8002408117,3671795931,0;3671795931,8002408083,0;8002408083,8002408082,0;8002408082,8077904795,0;8077904795,3671795928,0;3671795928,8002408012,0;8002408012,12988628620,0;12988628620,6413071588,0;6413071588,6413071335,0;6413071335,8002408006,0;8002408006,10539884637,0;10539884637,6302206145,0;6302206145,11046800331,0;11046800331,3671791988,0;3671791988,2787061351,0;2787061351,2787061330,0;2787061330,11155489650,0;11155489650,2787061341,0;2787061341,2787061167,0",T1,6103
2023-09-07T14:30:00+08:00,never,False,never,,False,0,0,1,0.9199332089641964,0.4650974955358607,2023-09-07T12:00:00+08:00,10361.510411375662,0.4650974955358607,0.9247284213879586,0.8563114976302749,0.2937798626350558,0.4650974955358607,94.6177000296302,"9706921350,9706921684,0;9706921684,9706921682,0;9706921682,9713848047,0;9713848047,9713848018,0;9713848018,9713848023,0;9713848023,12984979400,0;12984979400,9713848118,0;9713848118,9713848006,0;9713848006,9713847968,0;9713847968,9706921713,0;9706921713,9706921712,0;9706921712,9706921786,0;9706921786,9778914467,0;9778914467,9706887247,0;9706887247,9706857800,0;9706857800,9706857774,0;9706857774,9706857801,0;9706857801,9706857775,0;9706857775,9706857832,0;9706857832,9706857843,0;9706857843,7161807983,0;7161807983,7161812592,0;7161812592,499478563,0;499478563,499478564,0;499478564,7973114513,0;7973114513,7973099569,0;7973099569,7975273881,0;7975273881,7973099508,0;7973099508,7973099507,0;7973099507,7973114859,0;7973114859,8298792534,0;8298792534,8298792550,0;8298792550,7973114851,0;7973114851,7975286501,0;7975286501,8298792599,0;8298792599,1116501292,0;1116501292,7975286500,0;7975286500,1116501304,0;1116501304,7975286429,0;7975286429,7975286583,0;7975286583,7977056082,0;7977056082,7977056084,0;7977056084,7977050965,0;7977050965,7977056079,0;7977056079,7977056078,0;7977056078,7979256736,0;7979256736,7977056077,0;7977056077,7979256760,0;7979256760,8407048466,0;8407048466,2530277169,0;2530277169,13161326472,0;13161326472,7979256723,0;7979256723,7979924894,0;7979924894,7979918290,0;7979918290,7967831812,0;7967831812,279077946,0;279077946,564083084,0;564083084,5374860944,0;5374860944,5374860978,0;5374860978,5374861143,0;5374861143,9053077286,0;9053077286,13527622504,0;13527622504,13167173350,0;13167173350,13527622497,0;13527622497,564083093,0;564083093,6317320202,0;6317320202,564083165,0;564083165,13167173329,0;13167173329,6317320222,0;6317320222,6028645652,0;6028645652,2369336843,0;2369336843,2369336701,0;2369336701,12333484744,0;12333484744,2368579077,0;2368579077,2369336820,0;2369336820,2368578991,0;2368578991,8887740818,0;8887740818,9570709534,0;9570709534,2369336807,0;2369336807,2368578970,0;2368578970,6043430915,0;6043430915,4899192485,0;4899192485,564639012,0;564639012,564638925,0;564638925,504640818,0;504640818,504637096,0;504637096,2787061089,0;2787061089,2787061351,0;2787061351,2787061330,0;2787061330,11155489650,0;11155489650,2787061341,0;2787061341,2787061167,0",T1,6103
2023-09-07T14:30:00+08:00,always,True,always,0.0,False,10,2,11,0.919938305745216,0.3795582773556957,2023-09-07T14:30:00+08:00,11217.511335828478,0.3795582773556957,0.8075260699569916,0.6886810199767335,0.068308133179008,0.4650974955358607,119.24299999373034,"9706921350,9706921684,0;9706921684,9706921682,0;9706921682,9713848047,0;9713848047,9713848018,0;9713848018,9713848023,0;9713848023,12984979400,0;12984979400,9713848118,0;9713848118,9713848006,0;9713848006,9713847968,0;9713847968,9706921713,0;9706921713,9706921712,0;9706921712,9706921786,0;9706921786,9778914467,0;9778914467,9706887247,0;9706887247,9706857800,0;9706857800,9706857774,0;9706857774,9706857801,0;9706857801,9706857775,0;9706857775,9706857832,0;9706857832,9706857843,0;9706857843,7161807983,0;7161807983,7161812592,0;7161812592,499478563,0;499478563,499478564,0;499478564,7973114513,0;7973114513,7973099569,0;7973099569,7975273881,0;7975273881,7973099508,0;7973099508,8298792548,0;8298792548,7973099506,0;7973099506,7975273876,0;7975273876,2530284953,0;2530284953,1491845601,0;1491845601,1491845610,0;1491845610,1116501223,0;1116501223,499478765,0;499478765,1116501237,0;1116501237,2525990704,0;2525990704,2525990691,0;2525990691,2525990692,0;2525990692,499543123,0;499543123,2750667601,0;2750667601,13072510361,0;13072510361,2750667627,0;2750667627,5834799167,0;5834799167,499543165,0;499543165,7965680795,0;7965680795,5271707993,0;5271707993,4848290283,0;4848290283,2750593369,0;2750593369,277673161,0;277673161,277052181,0;277052181,2750593322,0;2750593322,8076307465,0;8076307465,8076307469,0;8076307469,10556743824,0;10556743824,8791690550,0;8791690550,10579173218,0;10579173218,13017481550,0;13017481550,10556743814,0;10556743814,10031001813,0;10031001813,10556743820,0;10556743820,7252057922,0;7252057922,10556743818,0;10556743818,500016970,0;500016970,6413071087,0;6413071087,500016482,0;500016482,500016487,0;500016487,7252057894,0;7252057894,2367574792,0;2367574792,8077904806,0;8077904806,8002408178,0;8002408178,8002408180,0;8002408180,8077904800,0;8077904800,8002408198,0;8002408198,6317315212,0;6317315212,8002408173,0;8002408173,8002408172,0;8002408172,8002397282,0;8002397282,8002408030,0;8002408030,8002408117,0;8002408117,3671795931,0;3671795931,8002408083,0;8002408083,8002408082,0;8002408082,8077904795,0;8077904795,3671795928,0;3671795928,8002408012,0;8002408012,12988628620,0;12988628620,6413071588,0;6413071588,6413071335,0;6413071335,8002408006,0;8002408006,10539884637,0;10539884637,6302206145,0;6302206145,11046800331,0;11046800331,3671791988,0;3671791988,2787061351,0;2787061351,2787061330,0;2787061330,11155489650,0;11155489650,2787061341,0;2787061341,2787061167,0",T1,6103
2023-09-07T14:30:00+08:00,triggered,False,keep_current,,False,1,1,2,0.919938305745216,0.3795582773556957,2023-09-07T13:30:00+08:00,11217.511335828478,0.3795582773556957,0.8075260699569916,0.6886810199767335,0.068308133179008,0.4650974955358607,93.9308000379242,"9706921350,9706921684,0;9706921684,9706921682,0;9706921682,9713848047,0;9713848047,9713848018,0;9713848018,9713848023,0;9713848023,12984979400,0;12984979400,9713848118,0;9713848118,9713848006,0;9713848006,9713847968,0;9713847968,9706921713,0;9706921713,9706921712,0;9706921712,9706921786,0;9706921786,9778914467,0;9778914467,9706887247,0;9706887247,9706857800,0;9706857800,9706857774,0;9706857774,9706857801,0;9706857801,9706857775,0;9706857775,9706857832,0;9706857832,9706857843,0;9706857843,7161807983,0;7161807983,7161812592,0;7161812592,499478563,0;499478563,499478564,0;499478564,7973114513,0;7973114513,7973099569,0;7973099569,7975273881,0;7975273881,7973099508,0;7973099508,8298792548,0;8298792548,7973099506,0;7973099506,7975273876,0;7975273876,2530284953,0;2530284953,1491845601,0;1491845601,1491845610,0;1491845610,1116501223,0;1116501223,499478765,0;499478765,1116501237,0;1116501237,2525990704,0;2525990704,2525990691,0;2525990691,2525990692,0;2525990692,499543123,0;499543123,2750667601,0;2750667601,13072510361,0;13072510361,2750667627,0;2750667627,5834799167,0;5834799167,499543165,0;499543165,7965680795,0;7965680795,5271707993,0;5271707993,4848290283,0;4848290283,2750593369,0;2750593369,277673161,0;277673161,277052181,0;277052181,2750593322,0;2750593322,8076307465,0;8076307465,8076307469,0;8076307469,10556743824,0;10556743824,8791690550,0;8791690550,10579173218,0;10579173218,13017481550,0;13017481550,10556743814,0;10556743814,10031001813,0;10031001813,10556743820,0;10556743820,7252057922,0;7252057922,10556743818,0;10556743818,500016970,0;500016970,6413071087,0;6413071087,500016482,0;500016482,500016487,0;500016487,7252057894,0;7252057894,2367574792,0;2367574792,8077904806,0;8077904806,8002408178,0;8002408178,8002408180,0;8002408180,8077904800,0;8077904800,8002408198,0;8002408198,6317315212,0;6317315212,8002408173,0;8002408173,8002408172,0;8002408172,8002397282,0;8002397282,8002408030,0;8002408030,8002408117,0;8002408117,3671795931,0;3671795931,8002408083,0;8002408083,8002408082,0;8002408082,8077904795,0;8077904795,3671795928,0;3671795928,8002408012,0;8002408012,12988628620,0;12988628620,6413071588,0;6413071588,6413071335,0;6413071335,8002408006,0;8002408006,10539884637,0;10539884637,6302206145,0;6302206145,11046800331,0;11046800331,3671791988,0;3671791988,2787061351,0;2787061351,2787061330,0;2787061330,11155489650,0;11155489650,2787061341,0;2787061341,2787061167,0",T1,6103
2023-09-07T14:45:00+08:00,never,False,never,,False,0,0,1,0.9199332089641964,0.4650974955358607,2023-09-07T12:00:00+08:00,10361.510411375662,0.4650974955358607,0.9247284213879586,0.8563114976302749,0.2937798626350558,0.4650974955358607,92.75769995292649,"9706921350,9706921684,0;9706921684,9706921682,0;9706921682,9713848047,0;9713848047,9713848018,0;9713848018,9713848023,0;9713848023,12984979400,0;12984979400,9713848118,0;9713848118,9713848006,0;9713848006,9713847968,0;9713847968,9706921713,0;9706921713,9706921712,0;9706921712,9706921786,0;9706921786,9778914467,0;9778914467,9706887247,0;9706887247,9706857800,0;9706857800,9706857774,0;9706857774,9706857801,0;9706857801,9706857775,0;9706857775,9706857832,0;9706857832,9706857843,0;9706857843,7161807983,0;7161807983,7161812592,0;7161812592,499478563,0;499478563,499478564,0;499478564,7973114513,0;7973114513,7973099569,0;7973099569,7975273881,0;7975273881,7973099508,0;7973099508,7973099507,0;7973099507,7973114859,0;7973114859,8298792534,0;8298792534,8298792550,0;8298792550,7973114851,0;7973114851,7975286501,0;7975286501,8298792599,0;8298792599,1116501292,0;1116501292,7975286500,0;7975286500,1116501304,0;1116501304,7975286429,0;7975286429,7975286583,0;7975286583,7977056082,0;7977056082,7977056084,0;7977056084,7977050965,0;7977050965,7977056079,0;7977056079,7977056078,0;7977056078,7979256736,0;7979256736,7977056077,0;7977056077,7979256760,0;7979256760,8407048466,0;8407048466,2530277169,0;2530277169,13161326472,0;13161326472,7979256723,0;7979256723,7979924894,0;7979924894,7979918290,0;7979918290,7967831812,0;7967831812,279077946,0;279077946,564083084,0;564083084,5374860944,0;5374860944,5374860978,0;5374860978,5374861143,0;5374861143,9053077286,0;9053077286,13527622504,0;13527622504,13167173350,0;13167173350,13527622497,0;13527622497,564083093,0;564083093,6317320202,0;6317320202,564083165,0;564083165,13167173329,0;13167173329,6317320222,0;6317320222,6028645652,0;6028645652,2369336843,0;2369336843,2369336701,0;2369336701,12333484744,0;12333484744,2368579077,0;2368579077,2369336820,0;2369336820,2368578991,0;2368578991,8887740818,0;8887740818,9570709534,0;9570709534,2369336807,0;2369336807,2368578970,0;2368578970,6043430915,0;6043430915,4899192485,0;4899192485,564639012,0;564639012,564638925,0;564638925,504640818,0;504640818,504637096,0;504637096,2787061089,0;2787061089,2787061351,0;2787061351,2787061330,0;2787061330,11155489650,0;11155489650,2787061341,0;2787061341,2787061167,0",T1,6103
2023-09-07T14:45:00+08:00,always,True,always,0.0,False,11,2,12,0.919938305745216,0.3795582773556957,2023-09-07T14:45:00+08:00,11217.511335828478,0.3795582773556957,0.8075260699569916,0.6886810199767335,0.068308133179008,0.4650974955358607,116.51309998705985,"9706921350,9706921684,0;9706921684,9706921682,0;9706921682,9713848047,0;9713848047,9713848018,0;9713848018,9713848023,0;9713848023,12984979400,0;12984979400,9713848118,0;9713848118,9713848006,0;9713848006,9713847968,0;9713847968,9706921713,0;9706921713,9706921712,0;9706921712,9706921786,0;9706921786,9778914467,0;9778914467,9706887247,0;9706887247,9706857800,0;9706857800,9706857774,0;9706857774,9706857801,0;9706857801,9706857775,0;9706857775,9706857832,0;9706857832,9706857843,0;9706857843,7161807983,0;7161807983,7161812592,0;7161812592,499478563,0;499478563,499478564,0;499478564,7973114513,0;7973114513,7973099569,0;7973099569,7975273881,0;7975273881,7973099508,0;7973099508,8298792548,0;8298792548,7973099506,0;7973099506,7975273876,0;7975273876,2530284953,0;2530284953,1491845601,0;1491845601,1491845610,0;1491845610,1116501223,0;1116501223,499478765,0;499478765,1116501237,0;1116501237,2525990704,0;2525990704,2525990691,0;2525990691,2525990692,0;2525990692,499543123,0;499543123,2750667601,0;2750667601,13072510361,0;13072510361,2750667627,0;2750667627,5834799167,0;5834799167,499543165,0;499543165,7965680795,0;7965680795,5271707993,0;5271707993,4848290283,0;4848290283,2750593369,0;2750593369,277673161,0;277673161,277052181,0;277052181,2750593322,0;2750593322,8076307465,0;8076307465,8076307469,0;8076307469,10556743824,0;10556743824,8791690550,0;8791690550,10579173218,0;10579173218,13017481550,0;13017481550,10556743814,0;10556743814,10031001813,0;10031001813,10556743820,0;10556743820,7252057922,0;7252057922,10556743818,0;10556743818,500016970,0;500016970,6413071087,0;6413071087,500016482,0;500016482,500016487,0;500016487,7252057894,0;7252057894,2367574792,0;2367574792,8077904806,0;8077904806,8002408178,0;8002408178,8002408180,0;8002408180,8077904800,0;8077904800,8002408198,0;8002408198,6317315212,0;6317315212,8002408173,0;8002408173,8002408172,0;8002408172,8002397282,0;8002397282,8002408030,0;8002408030,8002408117,0;8002408117,3671795931,0;3671795931,8002408083,0;8002408083,8002408082,0;8002408082,8077904795,0;8077904795,3671795928,0;3671795928,8002408012,0;8002408012,12988628620,0;12988628620,6413071588,0;6413071588,6413071335,0;6413071335,8002408006,0;8002408006,10539884637,0;10539884637,6302206145,0;6302206145,11046800331,0;11046800331,3671791988,0;3671791988,2787061351,0;2787061351,2787061330,0;2787061330,11155489650,0;11155489650,2787061341,0;2787061341,2787061167,0",T1,6103
2023-09-07T14:45:00+08:00,triggered,False,keep_current,,False,1,1,2,0.919938305745216,0.3795582773556957,2023-09-07T13:30:00+08:00,11217.511335828478,0.3795582773556957,0.8075260699569916,0.6886810199767335,0.068308133179008,0.4650974955358607,92.6882000057958,"9706921350,9706921684,0;9706921684,9706921682,0;9706921682,9713848047,0;9713848047,9713848018,0;9713848018,9713848023,0;9713848023,12984979400,0;12984979400,9713848118,0;9713848118,9713848006,0;9713848006,9713847968,0;9713847968,9706921713,0;9706921713,9706921712,0;9706921712,9706921786,0;9706921786,9778914467,0;9778914467,9706887247,0;9706887247,9706857800,0;9706857800,9706857774,0;9706857774,9706857801,0;9706857801,9706857775,0;9706857775,9706857832,0;9706857832,9706857843,0;9706857843,7161807983,0;7161807983,7161812592,0;7161812592,499478563,0;499478563,499478564,0;499478564,7973114513,0;7973114513,7973099569,0;7973099569,7975273881,0;7975273881,7973099508,0;7973099508,8298792548,0;8298792548,7973099506,0;7973099506,7975273876,0;7975273876,2530284953,0;2530284953,1491845601,0;1491845601,1491845610,0;1491845610,1116501223,0;1116501223,499478765,0;499478765,1116501237,0;1116501237,2525990704,0;2525990704,2525990691,0;2525990691,2525990692,0;2525990692,499543123,0;499543123,2750667601,0;2750667601,13072510361,0;13072510361,2750667627,0;2750667627,5834799167,0;5834799167,499543165,0;499543165,7965680795,0;7965680795,5271707993,0;5271707993,4848290283,0;4848290283,2750593369,0;2750593369,277673161,0;277673161,277052181,0;277052181,2750593322,0;2750593322,8076307465,0;8076307465,8076307469,0;8076307469,10556743824,0;10556743824,8791690550,0;8791690550,10579173218,0;10579173218,13017481550,0;13017481550,10556743814,0;10556743814,10031001813,0;10031001813,10556743820,0;10556743820,7252057922,0;7252057922,10556743818,0;10556743818,500016970,0;500016970,6413071087,0;6413071087,500016482,0;500016482,500016487,0;500016487,7252057894,0;7252057894,2367574792,0;2367574792,8077904806,0;8077904806,8002408178,0;8002408178,8002408180,0;8002408180,8077904800,0;8077904800,8002408198,0;8002408198,6317315212,0;6317315212,8002408173,0;8002408173,8002408172,0;8002408172,8002397282,0;8002397282,8002408030,0;8002408030,8002408117,0;8002408117,3671795931,0;3671795931,8002408083,0;8002408083,8002408082,0;8002408082,8077904795,0;8077904795,3671795928,0;3671795928,8002408012,0;8002408012,12988628620,0;12988628620,6413071588,0;6413071588,6413071335,0;6413071335,8002408006,0;8002408006,10539884637,0;10539884637,6302206145,0;6302206145,11046800331,0;11046800331,3671791988,0;3671791988,2787061351,0;2787061351,2787061330,0;2787061330,11155489650,0;11155489650,2787061341,0;2787061341,2787061167,0",T1,6103
2023-09-07T12:00:00+08:00,never,True,initial,,False,0,0,1,0.9199327917110895,0.3088786637383183,2023-09-07T12:00:00+08:00,10297.182344079098,0.3088786637383183,0.4027314651752426,0.3762792312484254,0.0,0.3088786637383183,105.48929998185486,"9706921350,9706921684,0;9706921684,9706921682,0;9706921682,9713848047,0;9713848047,9713848018,0;9713848018,9713848023,0;9713848023,12984979400,0;12984979400,9713848118,0;9713848118,9713848006,0;9713848006,9713847968,0;9713847968,9706921713,0;9706921713,9706921712,0;9706921712,9706921786,0;9706921786,9778914467,0;9778914467,9706887247,0;9706887247,9706857800,0;9706857800,9706857774,0;9706857774,9706857801,0;9706857801,9706857775,0;9706857775,9706857832,0;9706857832,9706857843,0;9706857843,7161807983,0;7161807983,7161812592,0;7161812592,499478563,0;499478563,499478564,0;499478564,7973114513,0;7973114513,7973099569,0;7973099569,7975273881,0;7975273881,7973099508,0;7973099508,7973099507,0;7973099507,7973114859,0;7973114859,8298792534,0;8298792534,8298792550,0;8298792550,7973114851,0;7973114851,7975286501,0;7975286501,8298792599,0;8298792599,1116501292,0;1116501292,7975286500,0;7975286500,1116501304,0;1116501304,7975286429,0;7975286429,7975286583,0;7975286583,7977056082,0;7977056082,7977056084,0;7977056084,7977050965,0;7977050965,7977056079,0;7977056079,7979256640,0;7979256640,7979256626,0;7979256626,7979256668,0;7979256668,7977056101,0;7977056101,7967831807,0;7967831807,7967774259,0;7967774259,503464976,0;503464976,7961771680,0;7961771680,1116492807,0;1116492807,7967774262,0;7967774262,503464985,0;503464985,2530277199,0;2530277199,564083084,0;564083084,5374860944,0;5374860944,5374860978,0;5374860978,5374861143,0;5374861143,9053077286,0;9053077286,13527622504,0;13527622504,13167173350,0;13167173350,13527622497,0;13527622497,564083093,0;564083093,6317320202,0;6317320202,564083165,0;564083165,13167173329,0;13167173329,6317320222,0;6317320222,6028645652,0;6028645652,2369336843,0;2369336843,2369336701,0;2369336701,12333484744,0;12333484744,2368579077,0;2368579077,2369336820,0;2369336820,2368578991,0;2368578991,8887740818,0;8887740818,9570709534,0;9570709534,2369336807,0;2369336807,2368578970,0;2368578970,6043430915,0;6043430915,4899192485,0;4899192485,564639012,0;564639012,564638925,0;564638925,504640818,0;504640818,504637096,0;504637096,2787061089,0;2787061089,2787061351,0;2787061351,2787061330,0;2787061330,11155489650,0;11155489650,2787061341,0;2787061341,2787061167,0",T2,6101
2023-09-07T12:00:00+08:00,always,True,initial,,False,0,0,1,0.9199327917110895,0.3088786637383183,2023-09-07T12:00:00+08:00,10297.182344079098,0.3088786637383183,0.4027314651752426,0.3762792312484254,0.0,0.3088786637383183,107.26070002419874,"9706921350,9706921684,0;9706921684,9706921682,0;9706921682,9713848047,0;9713848047,9713848018,0;9713848018,9713848023,0;9713848023,12984979400,0;12984979400,9713848118,0;9713848118,9713848006,0;9713848006,9713847968,0;9713847968,9706921713,0;9706921713,9706921712,0;9706921712,9706921786,0;9706921786,9778914467,0;9778914467,9706887247,0;9706887247,9706857800,0;9706857800,9706857774,0;9706857774,9706857801,0;9706857801,9706857775,0;9706857775,9706857832,0;9706857832,9706857843,0;9706857843,7161807983,0;7161807983,7161812592,0;7161812592,499478563,0;499478563,499478564,0;499478564,7973114513,0;7973114513,7973099569,0;7973099569,7975273881,0;7975273881,7973099508,0;7973099508,7973099507,0;7973099507,7973114859,0;7973114859,8298792534,0;8298792534,8298792550,0;8298792550,7973114851,0;7973114851,7975286501,0;7975286501,8298792599,0;8298792599,1116501292,0;1116501292,7975286500,0;7975286500,1116501304,0;1116501304,7975286429,0;7975286429,7975286583,0;7975286583,7977056082,0;7977056082,7977056084,0;7977056084,7977050965,0;7977050965,7977056079,0;7977056079,7979256640,0;7979256640,7979256626,0;7979256626,7979256668,0;7979256668,7977056101,0;7977056101,7967831807,0;7967831807,7967774259,0;7967774259,503464976,0;503464976,7961771680,0;7961771680,1116492807,0;1116492807,7967774262,0;7967774262,503464985,0;503464985,2530277199,0;2530277199,564083084,0;564083084,5374860944,0;5374860944,5374860978,0;5374860978,5374861143,0;5374861143,9053077286,0;9053077286,13527622504,0;13527622504,13167173350,0;13167173350,13527622497,0;13527622497,564083093,0;564083093,6317320202,0;6317320202,564083165,0;564083165,13167173329,0;13167173329,6317320222,0;6317320222,6028645652,0;6028645652,2369336843,0;2369336843,2369336701,0;2369336701,12333484744,0;12333484744,2368579077,0;2368579077,2369336820,0;2369336820,2368578991,0;2368578991,8887740818,0;8887740818,9570709534,0;9570709534,2369336807,0;2369336807,2368578970,0;2368578970,6043430915,0;6043430915,4899192485,0;4899192485,564639012,0;564639012,564638925,0;564638925,504640818,0;504640818,504637096,0;504637096,2787061089,0;2787061089,2787061351,0;2787061351,2787061330,0;2787061330,11155489650,0;11155489650,2787061341,0;2787061341,2787061167,0",T2,6101
2023-09-07T12:00:00+08:00,triggered,True,initial,,False,0,0,1,0.9199327917110895,0.3088786637383183,2023-09-07T12:00:00+08:00,10297.182344079098,0.3088786637383183,0.4027314651752426,0.3762792312484254,0.0,0.3088786637383183,108.03679999662565,"9706921350,9706921684,0;9706921684,9706921682,0;9706921682,9713848047,0;9713848047,9713848018,0;9713848018,9713848023,0;9713848023,12984979400,0;12984979400,9713848118,0;9713848118,9713848006,0;9713848006,9713847968,0;9713847968,9706921713,0;9706921713,9706921712,0;9706921712,9706921786,0;9706921786,9778914467,0;9778914467,9706887247,0;9706887247,9706857800,0;9706857800,9706857774,0;9706857774,9706857801,0;9706857801,9706857775,0;9706857775,9706857832,0;9706857832,9706857843,0;9706857843,7161807983,0;7161807983,7161812592,0;7161812592,499478563,0;499478563,499478564,0;499478564,7973114513,0;7973114513,7973099569,0;7973099569,7975273881,0;7975273881,7973099508,0;7973099508,7973099507,0;7973099507,7973114859,0;7973114859,8298792534,0;8298792534,8298792550,0;8298792550,7973114851,0;7973114851,7975286501,0;7975286501,8298792599,0;8298792599,1116501292,0;1116501292,7975286500,0;7975286500,1116501304,0;1116501304,7975286429,0;7975286429,7975286583,0;7975286583,7977056082,0;7977056082,7977056084,0;7977056084,7977050965,0;7977050965,7977056079,0;7977056079,7979256640,0;7979256640,7979256626,0;7979256626,7979256668,0;7979256668,7977056101,0;7977056101,7967831807,0;7967831807,7967774259,0;7967774259,503464976,0;503464976,7961771680,0;7961771680,1116492807,0;1116492807,7967774262,0;7967774262,503464985,0;503464985,2530277199,0;2530277199,564083084,0;564083084,5374860944,0;5374860944,5374860978,0;5374860978,5374861143,0;5374861143,9053077286,0;9053077286,13527622504,0;13527622504,13167173350,0;13167173350,13527622497,0;13527622497,564083093,0;564083093,6317320202,0;6317320202,564083165,0;564083165,13167173329,0;13167173329,6317320222,0;6317320222,6028645652,0;6028645652,2369336843,0;2369336843,2369336701,0;2369336701,12333484744,0;12333484744,2368579077,0;2368579077,2369336820,0;2369336820,2368578991,0;2368578991,8887740818,0;8887740818,9570709534,0;9570709534,2369336807,0;2369336807,2368578970,0;2368578970,6043430915,0;6043430915,4899192485,0;4899192485,564639012,0;564639012,564638925,0;564638925,504640818,0;504640818,504637096,0;504637096,2787061089,0;2787061089,2787061351,0;2787061351,2787061330,0;2787061330,11155489650,0;11155489650,2787061341,0;2787061341,2787061167,0",T2,6101
2023-09-07T12:15:00+08:00,never,False,never,,False,0,0,1,0.9199327917110895,0.3109875175012365,2023-09-07T12:00:00+08:00,10297.182344079098,0.3109875175012365,0.4088897018954474,0.3804882288592738,0.0,0.3109875175012365,91.34559996891768,"9706921350,9706921684,0;9706921684,9706921682,0;9706921682,9713848047,0;9713848047,9713848018,0;9713848018,9713848023,0;9713848023,12984979400,0;12984979400,9713848118,0;9713848118,9713848006,0;9713848006,9713847968,0;9713847968,9706921713,0;9706921713,9706921712,0;9706921712,9706921786,0;9706921786,9778914467,0;9778914467,9706887247,0;9706887247,9706857800,0;9706857800,9706857774,0;9706857774,9706857801,0;9706857801,9706857775,0;9706857775,9706857832,0;9706857832,9706857843,0;9706857843,7161807983,0;7161807983,7161812592,0;7161812592,499478563,0;499478563,499478564,0;499478564,7973114513,0;7973114513,7973099569,0;7973099569,7975273881,0;7975273881,7973099508,0;7973099508,7973099507,0;7973099507,7973114859,0;7973114859,8298792534,0;8298792534,8298792550,0;8298792550,7973114851,0;7973114851,7975286501,0;7975286501,8298792599,0;8298792599,1116501292,0;1116501292,7975286500,0;7975286500,1116501304,0;1116501304,7975286429,0;7975286429,7975286583,0;7975286583,7977056082,0;7977056082,7977056084,0;7977056084,7977050965,0;7977050965,7977056079,0;7977056079,7979256640,0;7979256640,7979256626,0;7979256626,7979256668,0;7979256668,7977056101,0;7977056101,7967831807,0;7967831807,7967774259,0;7967774259,503464976,0;503464976,7961771680,0;7961771680,1116492807,0;1116492807,7967774262,0;7967774262,503464985,0;503464985,2530277199,0;2530277199,564083084,0;564083084,5374860944,0;5374860944,5374860978,0;5374860978,5374861143,0;5374861143,9053077286,0;9053077286,13527622504,0;13527622504,13167173350,0;13167173350,13527622497,0;13527622497,564083093,0;564083093,6317320202,0;6317320202,564083165,0;564083165,13167173329,0;13167173329,6317320222,0;6317320222,6028645652,0;6028645652,2369336843,0;2369336843,2369336701,0;2369336701,12333484744,0;12333484744,2368579077,0;2368579077,2369336820,0;2369336820,2368578991,0;2368578991,8887740818,0;8887740818,9570709534,0;9570709534,2369336807,0;2369336807,2368578970,0;2368578970,6043430915,0;6043430915,4899192485,0;4899192485,564639012,0;564639012,564638925,0;564638925,504640818,0;504640818,504637096,0;504637096,2787061089,0;2787061089,2787061351,0;2787061351,2787061330,0;2787061330,11155489650,0;11155489650,2787061341,0;2787061341,2787061167,0",T2,6101
2023-09-07T12:15:00+08:00,always,True,always,0.0,False,1,0,2,0.9199327917110895,0.3109875175012365,2023-09-07T12:15:00+08:00,10297.182344079098,0.3109875175012365,0.4088897018954474,0.3804882288592738,0.0,0.3109875175012365,110.55589996976778,"9706921350,9706921684,0;9706921684,9706921682,0;9706921682,9713848047,0;9713848047,9713848018,0;9713848018,9713848023,0;9713848023,12984979400,0;12984979400,9713848118,0;9713848118,9713848006,0;9713848006,9713847968,0;9713847968,9706921713,0;9706921713,9706921712,0;9706921712,9706921786,0;9706921786,9778914467,0;9778914467,9706887247,0;9706887247,9706857800,0;9706857800,9706857774,0;9706857774,9706857801,0;9706857801,9706857775,0;9706857775,9706857832,0;9706857832,9706857843,0;9706857843,7161807983,0;7161807983,7161812592,0;7161812592,499478563,0;499478563,499478564,0;499478564,7973114513,0;7973114513,7973099569,0;7973099569,7975273881,0;7975273881,7973099508,0;7973099508,7973099507,0;7973099507,7973114859,0;7973114859,8298792534,0;8298792534,8298792550,0;8298792550,7973114851,0;7973114851,7975286501,0;7975286501,8298792599,0;8298792599,1116501292,0;1116501292,7975286500,0;7975286500,1116501304,0;1116501304,7975286429,0;7975286429,7975286583,0;7975286583,7977056082,0;7977056082,7977056084,0;7977056084,7977050965,0;7977050965,7977056079,0;7977056079,7979256640,0;7979256640,7979256626,0;7979256626,7979256668,0;7979256668,7977056101,0;7977056101,7967831807,0;7967831807,7967774259,0;7967774259,503464976,0;503464976,7961771680,0;7961771680,1116492807,0;1116492807,7967774262,0;7967774262,503464985,0;503464985,2530277199,0;2530277199,564083084,0;564083084,5374860944,0;5374860944,5374860978,0;5374860978,5374861143,0;5374861143,9053077286,0;9053077286,13527622504,0;13527622504,13167173350,0;13167173350,13527622497,0;13527622497,564083093,0;564083093,6317320202,0;6317320202,564083165,0;564083165,13167173329,0;13167173329,6317320222,0;6317320222,6028645652,0;6028645652,2369336843,0;2369336843,2369336701,0;2369336701,12333484744,0;12333484744,2368579077,0;2368579077,2369336820,0;2369336820,2368578991,0;2368578991,8887740818,0;8887740818,9570709534,0;9570709534,2369336807,0;2369336807,2368578970,0;2368578970,6043430915,0;6043430915,4899192485,0;4899192485,564639012,0;564639012,564638925,0;564638925,504640818,0;504640818,504637096,0;504637096,2787061089,0;2787061089,2787061351,0;2787061351,2787061330,0;2787061330,11155489650,0;11155489650,2787061341,0;2787061341,2787061167,0",T2,6101
2023-09-07T12:15:00+08:00,triggered,False,keep_current,,False,0,0,1,0.9199327917110895,0.3109875175012365,2023-09-07T12:00:00+08:00,10297.182344079098,0.3109875175012365,0.4088897018954474,0.3804882288592738,0.0,0.3109875175012365,91.50699997553602,"9706921350,9706921684,0;9706921684,9706921682,0;9706921682,9713848047,0;9713848047,9713848018,0;9713848018,9713848023,0;9713848023,12984979400,0;12984979400,9713848118,0;9713848118,9713848006,0;9713848006,9713847968,0;9713847968,9706921713,0;9706921713,9706921712,0;9706921712,9706921786,0;9706921786,9778914467,0;9778914467,9706887247,0;9706887247,9706857800,0;9706857800,9706857774,0;9706857774,9706857801,0;9706857801,9706857775,0;9706857775,9706857832,0;9706857832,9706857843,0;9706857843,7161807983,0;7161807983,7161812592,0;7161812592,499478563,0;499478563,499478564,0;499478564,7973114513,0;7973114513,7973099569,0;7973099569,7975273881,0;7975273881,7973099508,0;7973099508,7973099507,0;7973099507,7973114859,0;7973114859,8298792534,0;8298792534,8298792550,0;8298792550,7973114851,0;7973114851,7975286501,0;7975286501,8298792599,0;8298792599,1116501292,0;1116501292,7975286500,0;7975286500,1116501304,0;1116501304,7975286429,0;7975286429,7975286583,0;7975286583,7977056082,0;7977056082,7977056084,0;7977056084,7977050965,0;7977050965,7977056079,0;7977056079,7979256640,0;7979256640,7979256626,0;7979256626,7979256668,0;7979256668,7977056101,0;7977056101,7967831807,0;7967831807,7967774259,0;7967774259,503464976,0;503464976,7961771680,0;7961771680,1116492807,0;1116492807,7967774262,0;7967774262,503464985,0;503464985,2530277199,0;2530277199,564083084,0;564083084,5374860944,0;5374860944,5374860978,0;5374860978,5374861143,0;5374861143,9053077286,0;9053077286,13527622504,0;13527622504,13167173350,0;13167173350,13527622497,0;13527622497,564083093,0;564083093,6317320202,0;6317320202,564083165,0;564083165,13167173329,0;13167173329,6317320222,0;6317320222,6028645652,0;6028645652,2369336843,0;2369336843,2369336701,0;2369336701,12333484744,0;12333484744,2368579077,0;2368579077,2369336820,0;2369336820,2368578991,0;2368578991,8887740818,0;8887740818,9570709534,0;9570709534,2369336807,0;2369336807,2368578970,0;2368578970,6043430915,0;6043430915,4899192485,0;4899192485,564639012,0;564639012,564638925,0;564638925,504640818,0;504640818,504637096,0;504637096,2787061089,0;2787061089,2787061351,0;2787061351,2787061330,0;2787061330,11155489650,0;11155489650,2787061341,0;2787061341,2787061167,0",T2,6101
2023-09-07T12:30:00+08:00,never,False,never,,False,0,0,1,0.9199327917110895,0.3088786637383183,2023-09-07T12:00:00+08:00,10297.182344079098,0.3088786637383183,0.4027314651752426,0.3762792312484254,0.0,0.3088786637383183,89.03449994977564,"9706921350,9706921684,0;9706921684,9706921682,0;9706921682,9713848047,0;9713848047,9713848018,0;9713848018,9713848023,0;9713848023,12984979400,0;12984979400,9713848118,0;9713848118,9713848006,0;9713848006,9713847968,0;9713847968,9706921713,0;9706921713,9706921712,0;9706921712,9706921786,0;9706921786,9778914467,0;9778914467,9706887247,0;9706887247,9706857800,0;9706857800,9706857774,0;9706857774,9706857801,0;9706857801,9706857775,0;9706857775,9706857832,0;9706857832,9706857843,0;9706857843,7161807983,0;7161807983,7161812592,0;7161812592,499478563,0;499478563,499478564,0;499478564,7973114513,0;7973114513,7973099569,0;7973099569,7975273881,0;7975273881,7973099508,0;7973099508,7973099507,0;7973099507,7973114859,0;7973114859,8298792534,0;8298792534,8298792550,0;8298792550,7973114851,0;7973114851,7975286501,0;7975286501,8298792599,0;8298792599,1116501292,0;1116501292,7975286500,0;7975286500,1116501304,0;1116501304,7975286429,0;7975286429,7975286583,0;7975286583,7977056082,0;7977056082,7977056084,0;7977056084,7977050965,0;7977050965,7977056079,0;7977056079,7979256640,0;7979256640,7979256626,0;7979256626,7979256668,0;7979256668,7977056101,0;7977056101,7967831807,0;7967831807,7967774259,0;7967774259,503464976,0;503464976,7961771680,0;7961771680,1116492807,0;1116492807,7967774262,0;7967774262,503464985,0;503464985,2530277199,0;2530277199,564083084,0;564083084,5374860944,0;5374860944,5374860978,0;5374860978,5374861143,0;5374861143,9053077286,0;9053077286,13527622504,0;13527622504,13167173350,0;13167173350,13527622497,0;13527622497,564083093,0;564083093,6317320202,0;6317320202,564083165,0;564083165,13167173329,0;13167173329,6317320222,0;6317320222,6028645652,0;6028645652,2369336843,0;2369336843,2369336701,0;2369336701,12333484744,0;12333484744,2368579077,0;2368579077,2369336820,0;2369336820,2368578991,0;2368578991,8887740818,0;8887740818,9570709534,0;9570709534,2369336807,0;2369336807,2368578970,0;2368578970,6043430915,0;6043430915,4899192485,0;4899192485,564639012,0;564639012,564638925,0;564638925,504640818,0;504640818,504637096,0;504637096,2787061089,0;2787061089,2787061351,0;2787061351,2787061330,0;2787061330,11155489650,0;11155489650,2787061341,0;2787061341,2787061167,0",T2,6101
2023-09-07T12:30:00+08:00,always,True,always,0.0,False,2,0,3,0.9199327917110895,0.3088786637383183,2023-09-07T12:30:00+08:00,10297.182344079098,0.3088786637383183,0.4027314651752426,0.3762792312484254,0.0,0.3088786637383183,108.6803999496624,"9706921350,9706921684,0;9706921684,9706921682,0;9706921682,9713848047,0;9713848047,9713848018,0;9713848018,9713848023,0;9713848023,12984979400,0;12984979400,9713848118,0;9713848118,9713848006,0;9713848006,9713847968,0;9713847968,9706921713,0;9706921713,9706921712,0;9706921712,9706921786,0;9706921786,9778914467,0;9778914467,9706887247,0;9706887247,9706857800,0;9706857800,9706857774,0;9706857774,9706857801,0;9706857801,9706857775,0;9706857775,9706857832,0;9706857832,9706857843,0;9706857843,7161807983,0;7161807983,7161812592,0;7161812592,499478563,0;499478563,499478564,0;499478564,7973114513,0;7973114513,7973099569,0;7973099569,7975273881,0;7975273881,7973099508,0;7973099508,7973099507,0;7973099507,7973114859,0;7973114859,8298792534,0;8298792534,8298792550,0;8298792550,7973114851,0;7973114851,7975286501,0;7975286501,8298792599,0;8298792599,1116501292,0;1116501292,7975286500,0;7975286500,1116501304,0;1116501304,7975286429,0;7975286429,7975286583,0;7975286583,7977056082,0;7977056082,7977056084,0;7977056084,7977050965,0;7977050965,7977056079,0;7977056079,7979256640,0;7979256640,7979256626,0;7979256626,7979256668,0;7979256668,7977056101,0;7977056101,7967831807,0;7967831807,7967774259,0;7967774259,503464976,0;503464976,7961771680,0;7961771680,1116492807,0;1116492807,7967774262,0;7967774262,503464985,0;503464985,2530277199,0;2530277199,564083084,0;564083084,5374860944,0;5374860944,5374860978,0;5374860978,5374861143,0;5374861143,9053077286,0;9053077286,13527622504,0;13527622504,13167173350,0;13167173350,13527622497,0;13527622497,564083093,0;564083093,6317320202,0;6317320202,564083165,0;564083165,13167173329,0;13167173329,6317320222,0;6317320222,6028645652,0;6028645652,2369336843,0;2369336843,2369336701,0;2369336701,12333484744,0;12333484744,2368579077,0;2368579077,2369336820,0;2369336820,2368578991,0;2368578991,8887740818,0;8887740818,9570709534,0;9570709534,2369336807,0;2369336807,2368578970,0;2368578970,6043430915,0;6043430915,4899192485,0;4899192485,564639012,0;564639012,564638925,0;564638925,504640818,0;504640818,504637096,0;504637096,2787061089,0;2787061089,2787061351,0;2787061351,2787061330,0;2787061330,11155489650,0;11155489650,2787061341,0;2787061341,2787061167,0",T2,6101
2023-09-07T12:30:00+08:00,triggered,False,keep_current,,False,0,0,1,0.9199327917110895,0.3088786637383183,2023-09-07T12:00:00+08:00,10297.182344079098,0.3088786637383183,0.4027314651752426,0.3762792312484254,0.0,0.3088786637383183,89.22859991434962,"9706921350,9706921684,0;9706921684,9706921682,0;9706921682,9713848047,0;9713848047,9713848018,0;9713848018,9713848023,0;9713848023,12984979400,0;12984979400,9713848118,0;9713848118,9713848006,0;9713848006,9713847968,0;9713847968,9706921713,0;9706921713,9706921712,0;9706921712,9706921786,0;9706921786,9778914467,0;9778914467,9706887247,0;9706887247,9706857800,0;9706857800,9706857774,0;9706857774,9706857801,0;9706857801,9706857775,0;9706857775,9706857832,0;9706857832,9706857843,0;9706857843,7161807983,0;7161807983,7161812592,0;7161812592,499478563,0;499478563,499478564,0;499478564,7973114513,0;7973114513,7973099569,0;7973099569,7975273881,0;7975273881,7973099508,0;7973099508,7973099507,0;7973099507,7973114859,0;7973114859,8298792534,0;8298792534,8298792550,0;8298792550,7973114851,0;7973114851,7975286501,0;7975286501,8298792599,0;8298792599,1116501292,0;1116501292,7975286500,0;7975286500,1116501304,0;1116501304,7975286429,0;7975286429,7975286583,0;7975286583,7977056082,0;7977056082,7977056084,0;7977056084,7977050965,0;7977050965,7977056079,0;7977056079,7979256640,0;7979256640,7979256626,0;7979256626,7979256668,0;7979256668,7977056101,0;7977056101,7967831807,0;7967831807,7967774259,0;7967774259,503464976,0;503464976,7961771680,0;7961771680,1116492807,0;1116492807,7967774262,0;7967774262,503464985,0;503464985,2530277199,0;2530277199,564083084,0;564083084,5374860944,0;5374860944,5374860978,0;5374860978,5374861143,0;5374861143,9053077286,0;9053077286,13527622504,0;13527622504,13167173350,0;13167173350,13527622497,0;13527622497,564083093,0;564083093,6317320202,0;6317320202,564083165,0;564083165,13167173329,0;13167173329,6317320222,0;6317320222,6028645652,0;6028645652,2369336843,0;2369336843,2369336701,0;2369336701,12333484744,0;12333484744,2368579077,0;2368579077,2369336820,0;2369336820,2368578991,0;2368578991,8887740818,0;8887740818,9570709534,0;9570709534,2369336807,0;2369336807,2368578970,0;2368578970,6043430915,0;6043430915,4899192485,0;4899192485,564639012,0;564639012,564638925,0;564638925,504640818,0;504640818,504637096,0;504637096,2787061089,0;2787061089,2787061351,0;2787061351,2787061330,0;2787061330,11155489650,0;11155489650,2787061341,0;2787061341,2787061167,0",T2,6101
2023-09-07T12:45:00+08:00,never,False,never,,False,0,0,1,0.9199327917110895,0.3067698099754001,2023-09-07T12:00:00+08:00,10297.182344079098,0.3067698099754001,0.3965732284550378,0.375151234836527,0.0,0.3067698099754001,92.22470002714545,"9706921350,9706921684,0;9706921684,9706921682,0;9706921682,9713848047,0;9713848047,9713848018,0;9713848018,9713848023,0;9713848023,12984979400,0;12984979400,9713848118,0;9713848118,9713848006,0;9713848006,9713847968,0;9713847968,9706921713,0;9706921713,9706921712,0;9706921712,9706921786,0;9706921786,9778914467,0;9778914467,9706887247,0;9706887247,9706857800,0;9706857800,9706857774,0;9706857774,9706857801,0;9706857801,9706857775,0;9706857775,9706857832,0;9706857832,9706857843,0;9706857843,7161807983,0;7161807983,7161812592,0;7161812592,499478563,0;499478563,499478564,0;499478564,7973114513,0;7973114513,7973099569,0;7973099569,7975273881,0;7975273881,7973099508,0;7973099508,7973099507,0;7973099507,7973114859,0;7973114859,8298792534,0;8298792534,8298792550,0;8298792550,7973114851,0;7973114851,7975286501,0;7975286501,8298792599,0;8298792599,1116501292,0;1116501292,7975286500,0;7975286500,1116501304,0;1116501304,7975286429,0;7975286429,7975286583,0;7975286583,7977056082,0;7977056082,7977056084,0;7977056084,7977050965,0;7977050965,7977056079,0;7977056079,7979256640,0;7979256640,7979256626,0;7979256626,7979256668,0;7979256668,7977056101,0;7977056101,7967831807,0;7967831807,7967774259,0;7967774259,503464976,0;503464976,7961771680,0;7961771680,1116492807,0;1116492807,7967774262,0;7967774262,503464985,0;503464985,2530277199,0;2530277199,564083084,0;564083084,5374860944,0;5374860944,5374860978,0;5374860978,5374861143,0;5374861143,9053077286,0;9053077286,13527622504,0;13527622504,13167173350,0;13167173350,13527622497,0;13527622497,564083093,0;564083093,6317320202,0;6317320202,564083165,0;564083165,13167173329,0;13167173329,6317320222,0;6317320222,6028645652,0;6028645652,2369336843,0;2369336843,2369336701,0;2369336701,12333484744,0;12333484744,2368579077,0;2368579077,2369336820,0;2369336820,2368578991,0;2368578991,8887740818,0;8887740818,9570709534,0;9570709534,2369336807,0;2369336807,2368578970,0;2368578970,6043430915,0;6043430915,4899192485,0;4899192485,564639012,0;564639012,564638925,0;564638925,504640818,0;504640818,504637096,0;504637096,2787061089,0;2787061089,2787061351,0;2787061351,2787061330,0;2787061330,11155489650,0;11155489650,2787061341,0;2787061341,2787061167,0",T2,6101
2023-09-07T12:45:00+08:00,always,True,always,0.0,False,3,0,4,0.9199327917110895,0.3067698099754001,2023-09-07T12:45:00+08:00,10297.182344079098,0.3067698099754001,0.3965732284550378,0.375151234836527,0.0,0.3067698099754001,112.49489994952457,"9706921350,9706921684,0;9706921684,9706921682,0;9706921682,9713848047,0;9713848047,9713848018,0;9713848018,9713848023,0;9713848023,12984979400,0;12984979400,9713848118,0;9713848118,9713848006,0;9713848006,9713847968,0;9713847968,9706921713,0;9706921713,9706921712,0;9706921712,9706921786,0;9706921786,9778914467,0;9778914467,9706887247,0;9706887247,9706857800,0;9706857800,9706857774,0;9706857774,9706857801,0;9706857801,9706857775,0;9706857775,9706857832,0;9706857832,9706857843,0;9706857843,7161807983,0;7161807983,7161812592,0;7161812592,499478563,0;499478563,499478564,0;499478564,7973114513,0;7973114513,7973099569,0;7973099569,7975273881,0;7975273881,7973099508,0;7973099508,7973099507,0;7973099507,7973114859,0;7973114859,8298792534,0;8298792534,8298792550,0;8298792550,7973114851,0;7973114851,7975286501,0;7975286501,8298792599,0;8298792599,1116501292,0;1116501292,7975286500,0;7975286500,1116501304,0;1116501304,7975286429,0;7975286429,7975286583,0;7975286583,7977056082,0;7977056082,7977056084,0;7977056084,7977050965,0;7977050965,7977056079,0;7977056079,7979256640,0;7979256640,7979256626,0;7979256626,7979256668,0;7979256668,7977056101,0;7977056101,7967831807,0;7967831807,7967774259,0;7967774259,503464976,0;503464976,7961771680,0;7961771680,1116492807,0;1116492807,7967774262,0;7967774262,503464985,0;503464985,2530277199,0;2530277199,564083084,0;564083084,5374860944,0;5374860944,5374860978,0;5374860978,5374861143,0;5374861143,9053077286,0;9053077286,13527622504,0;13527622504,13167173350,0;13167173350,13527622497,0;13527622497,564083093,0;564083093,6317320202,0;6317320202,564083165,0;564083165,13167173329,0;13167173329,6317320222,0;6317320222,6028645652,0;6028645652,2369336843,0;2369336843,2369336701,0;2369336701,12333484744,0;12333484744,2368579077,0;2368579077,2369336820,0;2369336820,2368578991,0;2368578991,8887740818,0;8887740818,9570709534,0;9570709534,2369336807,0;2369336807,2368578970,0;2368578970,6043430915,0;6043430915,4899192485,0;4899192485,564639012,0;564639012,564638925,0;564638925,504640818,0;504640818,504637096,0;504637096,2787061089,0;2787061089,2787061351,0;2787061351,2787061330,0;2787061330,11155489650,0;11155489650,2787061341,0;2787061341,2787061167,0",T2,6101
2023-09-07T12:45:00+08:00,triggered,False,keep_current,,False,0,0,1,0.9199327917110895,0.3067698099754001,2023-09-07T12:00:00+08:00,10297.182344079098,0.3067698099754001,0.3965732284550378,0.375151234836527,0.0,0.3067698099754001,91.4523999672383,"9706921350,9706921684,0;9706921684,9706921682,0;9706921682,9713848047,0;9713848047,9713848018,0;9713848018,9713848023,0;9713848023,12984979400,0;12984979400,9713848118,0;9713848118,9713848006,0;9713848006,9713847968,0;9713847968,9706921713,0;9706921713,9706921712,0;9706921712,9706921786,0;9706921786,9778914467,0;9778914467,9706887247,0;9706887247,9706857800,0;9706857800,9706857774,0;9706857774,9706857801,0;9706857801,9706857775,0;9706857775,9706857832,0;9706857832,9706857843,0;9706857843,7161807983,0;7161807983,7161812592,0;7161812592,499478563,0;499478563,499478564,0;499478564,7973114513,0;7973114513,7973099569,0;7973099569,7975273881,0;7975273881,7973099508,0;7973099508,7973099507,0;7973099507,7973114859,0;7973114859,8298792534,0;8298792534,8298792550,0;8298792550,7973114851,0;7973114851,7975286501,0;7975286501,8298792599,0;8298792599,1116501292,0;1116501292,7975286500,0;7975286500,1116501304,0;1116501304,7975286429,0;7975286429,7975286583,0;7975286583,7977056082,0;7977056082,7977056084,0;7977056084,7977050965,0;7977050965,7977056079,0;7977056079,7979256640,0;7979256640,7979256626,0;7979256626,7979256668,0;7979256668,7977056101,0;7977056101,7967831807,0;7967831807,7967774259,0;7967774259,503464976,0;503464976,7961771680,0;7961771680,1116492807,0;1116492807,7967774262,0;7967774262,503464985,0;503464985,2530277199,0;2530277199,564083084,0;564083084,5374860944,0;5374860944,5374860978,0;5374860978,5374861143,0;5374861143,9053077286,0;9053077286,13527622504,0;13527622504,13167173350,0;13167173350,13527622497,0;13527622497,564083093,0;564083093,6317320202,0;6317320202,564083165,0;564083165,13167173329,0;13167173329,6317320222,0;6317320222,6028645652,0;6028645652,2369336843,0;2369336843,2369336701,0;2369336701,12333484744,0;12333484744,2368579077,0;2368579077,2369336820,0;2369336820,2368578991,0;2368578991,8887740818,0;8887740818,9570709534,0;9570709534,2369336807,0;2369336807,2368578970,0;2368578970,6043430915,0;6043430915,4899192485,0;4899192485,564639012,0;564639012,564638925,0;564638925,504640818,0;504640818,504637096,0;504637096,2787061089,0;2787061089,2787061351,0;2787061351,2787061330,0;2787061330,11155489650,0;11155489650,2787061341,0;2787061341,2787061167,0",T2,6101
2023-09-07T13:00:00+08:00,never,False,never,,False,0,0,1,0.9199327917110895,0.3088786637383183,2023-09-07T12:00:00+08:00,10297.182344079098,0.3088786637383183,0.4027314651752426,0.3762792312484254,0.0,0.3088786637383183,95.84490006091072,"9706921350,9706921684,0;9706921684,9706921682,0;9706921682,9713848047,0;9713848047,9713848018,0;9713848018,9713848023,0;9713848023,12984979400,0;12984979400,9713848118,0;9713848118,9713848006,0;9713848006,9713847968,0;9713847968,9706921713,0;9706921713,9706921712,0;9706921712,9706921786,0;9706921786,9778914467,0;9778914467,9706887247,0;9706887247,9706857800,0;9706857800,9706857774,0;9706857774,9706857801,0;9706857801,9706857775,0;9706857775,9706857832,0;9706857832,9706857843,0;9706857843,7161807983,0;7161807983,7161812592,0;7161812592,499478563,0;499478563,499478564,0;499478564,7973114513,0;7973114513,7973099569,0;7973099569,7975273881,0;7975273881,7973099508,0;7973099508,7973099507,0;7973099507,7973114859,0;7973114859,8298792534,0;8298792534,8298792550,0;8298792550,7973114851,0;7973114851,7975286501,0;7975286501,8298792599,0;8298792599,1116501292,0;1116501292,7975286500,0;7975286500,1116501304,0;1116501304,7975286429,0;7975286429,7975286583,0;7975286583,7977056082,0;7977056082,7977056084,0;7977056084,7977050965,0;7977050965,7977056079,0;7977056079,7979256640,0;7979256640,7979256626,0;7979256626,7979256668,0;7979256668,7977056101,0;7977056101,7967831807,0;7967831807,7967774259,0;7967774259,503464976,0;503464976,7961771680,0;7961771680,1116492807,0;1116492807,7967774262,0;7967774262,503464985,0;503464985,2530277199,0;2530277199,564083084,0;564083084,5374860944,0;5374860944,5374860978,0;5374860978,5374861143,0;5374861143,9053077286,0;9053077286,13527622504,0;13527622504,13167173350,0;13167173350,13527622497,0;13527622497,564083093,0;564083093,6317320202,0;6317320202,564083165,0;564083165,13167173329,0;13167173329,6317320222,0;6317320222,6028645652,0;6028645652,2369336843,0;2369336843,2369336701,0;2369336701,12333484744,0;12333484744,2368579077,0;2368579077,2369336820,0;2369336820,2368578991,0;2368578991,8887740818,0;8887740818,9570709534,0;9570709534,2369336807,0;2369336807,2368578970,0;2368578970,6043430915,0;6043430915,4899192485,0;4899192485,564639012,0;564639012,564638925,0;564638925,504640818,0;504640818,504637096,0;504637096,2787061089,0;2787061089,2787061351,0;2787061351,2787061330,0;2787061330,11155489650,0;11155489650,2787061341,0;2787061341,2787061167,0",T2,6101
2023-09-07T13:00:00+08:00,always,True,always,0.0,False,4,0,5,0.9199327917110895,0.3088786637383183,2023-09-07T13:00:00+08:00,10297.182344079098,0.3088786637383183,0.4027314651752426,0.3762792312484254,0.0,0.3088786637383183,115.97130005247892,"9706921350,9706921684,0;9706921684,9706921682,0;9706921682,9713848047,0;9713848047,9713848018,0;9713848018,9713848023,0;9713848023,12984979400,0;12984979400,9713848118,0;9713848118,9713848006,0;9713848006,9713847968,0;9713847968,9706921713,0;9706921713,9706921712,0;9706921712,9706921786,0;9706921786,9778914467,0;9778914467,9706887247,0;9706887247,9706857800,0;9706857800,9706857774,0;9706857774,9706857801,0;9706857801,9706857775,0;9706857775,9706857832,0;9706857832,9706857843,0;9706857843,7161807983,0;7161807983,7161812592,0;7161812592,499478563,0;499478563,499478564,0;499478564,7973114513,0;7973114513,7973099569,0;7973099569,7975273881,0;7975273881,7973099508,0;7973099508,7973099507,0;7973099507,7973114859,0;7973114859,8298792534,0;8298792534,8298792550,0;8298792550,7973114851,0;7973114851,7975286501,0;7975286501,8298792599,0;8298792599,1116501292,0;1116501292,7975286500,0;7975286500,1116501304,0;1116501304,7975286429,0;7975286429,7975286583,0;7975286583,7977056082,0;7977056082,7977056084,0;7977056084,7977050965,0;7977050965,7977056079,0;7977056079,7979256640,0;7979256640,7979256626,0;7979256626,7979256668,0;7979256668,7977056101,0;7977056101,7967831807,0;7967831807,7967774259,0;7967774259,503464976,0;503464976,7961771680,0;7961771680,1116492807,0;1116492807,7967774262,0;7967774262,503464985,0;503464985,2530277199,0;2530277199,564083084,0;564083084,5374860944,0;5374860944,5374860978,0;5374860978,5374861143,0;5374861143,9053077286,0;9053077286,13527622504,0;13527622504,13167173350,0;13167173350,13527622497,0;13527622497,564083093,0;564083093,6317320202,0;6317320202,564083165,0;564083165,13167173329,0;13167173329,6317320222,0;6317320222,6028645652,0;6028645652,2369336843,0;2369336843,2369336701,0;2369336701,12333484744,0;12333484744,2368579077,0;2368579077,2369336820,0;2369336820,2368578991,0;2368578991,8887740818,0;8887740818,9570709534,0;9570709534,2369336807,0;2369336807,2368578970,0;2368578970,6043430915,0;6043430915,4899192485,0;4899192485,564639012,0;564639012,564638925,0;564638925,504640818,0;504640818,504637096,0;504637096,2787061089,0;2787061089,2787061351,0;2787061351,2787061330,0;2787061330,11155489650,0;11155489650,2787061341,0;2787061341,2787061167,0",T2,6101
2023-09-07T13:00:00+08:00,triggered,False,keep_current,,False,0,0,1,0.9199327917110895,0.3088786637383183,2023-09-07T12:00:00+08:00,10297.182344079098,0.3088786637383183,0.4027314651752426,0.3762792312484254,0.0,0.3088786637383183,93.71910005575046,"9706921350,9706921684,0;9706921684,9706921682,0;9706921682,9713848047,0;9713848047,9713848018,0;9713848018,9713848023,0;9713848023,12984979400,0;12984979400,9713848118,0;9713848118,9713848006,0;9713848006,9713847968,0;9713847968,9706921713,0;9706921713,9706921712,0;9706921712,9706921786,0;9706921786,9778914467,0;9778914467,9706887247,0;9706887247,9706857800,0;9706857800,9706857774,0;9706857774,9706857801,0;9706857801,9706857775,0;9706857775,9706857832,0;9706857832,9706857843,0;9706857843,7161807983,0;7161807983,7161812592,0;7161812592,499478563,0;499478563,499478564,0;499478564,7973114513,0;7973114513,7973099569,0;7973099569,7975273881,0;7975273881,7973099508,0;7973099508,7973099507,0;7973099507,7973114859,0;7973114859,8298792534,0;8298792534,8298792550,0;8298792550,7973114851,0;7973114851,7975286501,0;7975286501,8298792599,0;8298792599,1116501292,0;1116501292,7975286500,0;7975286500,1116501304,0;1116501304,7975286429,0;7975286429,7975286583,0;7975286583,7977056082,0;7977056082,7977056084,0;7977056084,7977050965,0;7977050965,7977056079,0;7977056079,7979256640,0;7979256640,7979256626,0;7979256626,7979256668,0;7979256668,7977056101,0;7977056101,7967831807,0;7967831807,7967774259,0;7967774259,503464976,0;503464976,7961771680,0;7961771680,1116492807,0;1116492807,7967774262,0;7967774262,503464985,0;503464985,2530277199,0;2530277199,564083084,0;564083084,5374860944,0;5374860944,5374860978,0;5374860978,5374861143,0;5374861143,9053077286,0;9053077286,13527622504,0;13527622504,13167173350,0;13167173350,13527622497,0;13527622497,564083093,0;564083093,6317320202,0;6317320202,564083165,0;564083165,13167173329,0;13167173329,6317320222,0;6317320222,6028645652,0;6028645652,2369336843,0;2369336843,2369336701,0;2369336701,12333484744,0;12333484744,2368579077,0;2368579077,2369336820,0;2369336820,2368578991,0;2368578991,8887740818,0;8887740818,9570709534,0;9570709534,2369336807,0;2369336807,2368578970,0;2368578970,6043430915,0;6043430915,4899192485,0;4899192485,564639012,0;564639012,564638925,0;564638925,504640818,0;504640818,504637096,0;504637096,2787061089,0;2787061089,2787061351,0;2787061351,2787061330,0;2787061330,11155489650,0;11155489650,2787061341,0;2787061341,2787061167,0",T2,6101
2023-09-07T13:15:00+08:00,never,False,never,,False,0,0,1,0.9199327917110895,0.3109875175012365,2023-09-07T12:00:00+08:00,10297.182344079098,0.3109875175012365,0.4088897018954474,0.3804882288592738,0.0,0.3109875175012365,98.17009995458648,"9706921350,9706921684,0;9706921684,9706921682,0;9706921682,9713848047,0;9713848047,9713848018,0;9713848018,9713848023,0;9713848023,12984979400,0;12984979400,9713848118,0;9713848118,9713848006,0;9713848006,9713847968,0;9713847968,9706921713,0;9706921713,9706921712,0;9706921712,9706921786,0;9706921786,9778914467,0;9778914467,9706887247,0;9706887247,9706857800,0;9706857800,9706857774,0;9706857774,9706857801,0;9706857801,9706857775,0;9706857775,9706857832,0;9706857832,9706857843,0;9706857843,7161807983,0;7161807983,7161812592,0;7161812592,499478563,0;499478563,499478564,0;499478564,7973114513,0;7973114513,7973099569,0;7973099569,7975273881,0;7975273881,7973099508,0;7973099508,7973099507,0;7973099507,7973114859,0;7973114859,8298792534,0;8298792534,8298792550,0;8298792550,7973114851,0;7973114851,7975286501,0;7975286501,8298792599,0;8298792599,1116501292,0;1116501292,7975286500,0;7975286500,1116501304,0;1116501304,7975286429,0;7975286429,7975286583,0;7975286583,7977056082,0;7977056082,7977056084,0;7977056084,7977050965,0;7977050965,7977056079,0;7977056079,7979256640,0;7979256640,7979256626,0;7979256626,7979256668,0;7979256668,7977056101,0;7977056101,7967831807,0;7967831807,7967774259,0;7967774259,503464976,0;503464976,7961771680,0;7961771680,1116492807,0;1116492807,7967774262,0;7967774262,503464985,0;503464985,2530277199,0;2530277199,564083084,0;564083084,5374860944,0;5374860944,5374860978,0;5374860978,5374861143,0;5374861143,9053077286,0;9053077286,13527622504,0;13527622504,13167173350,0;13167173350,13527622497,0;13527622497,564083093,0;564083093,6317320202,0;6317320202,564083165,0;564083165,13167173329,0;13167173329,6317320222,0;6317320222,6028645652,0;6028645652,2369336843,0;2369336843,2369336701,0;2369336701,12333484744,0;12333484744,2368579077,0;2368579077,2369336820,0;2369336820,2368578991,0;2368578991,8887740818,0;8887740818,9570709534,0;9570709534,2369336807,0;2369336807,2368578970,0;2368578970,6043430915,0;6043430915,4899192485,0;4899192485,564639012,0;564639012,564638925,0;564638925,504640818,0;504640818,504637096,0;504637096,2787061089,0;2787061089,2787061351,0;2787061351,2787061330,0;2787061330,11155489650,0;11155489650,2787061341,0;2787061341,2787061167,0",T2,6101
2023-09-07T13:15:00+08:00,always,True,always,0.0,False,5,0,6,0.9199327917110895,0.3109875175012365,2023-09-07T13:15:00+08:00,10297.182344079098,0.3109875175012365,0.4088897018954474,0.3804882288592738,0.0,0.3109875175012365,118.42089996207504,"9706921350,9706921684,0;9706921684,9706921682,0;9706921682,9713848047,0;9713848047,9713848018,0;9713848018,9713848023,0;9713848023,12984979400,0;12984979400,9713848118,0;9713848118,9713848006,0;9713848006,9713847968,0;9713847968,9706921713,0;9706921713,9706921712,0;9706921712,9706921786,0;9706921786,9778914467,0;9778914467,9706887247,0;9706887247,9706857800,0;9706857800,9706857774,0;9706857774,9706857801,0;9706857801,9706857775,0;9706857775,9706857832,0;9706857832,9706857843,0;9706857843,7161807983,0;7161807983,7161812592,0;7161812592,499478563,0;499478563,499478564,0;499478564,7973114513,0;7973114513,7973099569,0;7973099569,7975273881,0;7975273881,7973099508,0;7973099508,7973099507,0;7973099507,7973114859,0;7973114859,8298792534,0;8298792534,8298792550,0;8298792550,7973114851,0;7973114851,7975286501,0;7975286501,8298792599,0;8298792599,1116501292,0;1116501292,7975286500,0;7975286500,1116501304,0;1116501304,7975286429,0;7975286429,7975286583,0;7975286583,7977056082,0;7977056082,7977056084,0;7977056084,7977050965,0;7977050965,7977056079,0;7977056079,7979256640,0;7979256640,7979256626,0;7979256626,7979256668,0;7979256668,7977056101,0;7977056101,7967831807,0;7967831807,7967774259,0;7967774259,503464976,0;503464976,7961771680,0;7961771680,1116492807,0;1116492807,7967774262,0;7967774262,503464985,0;503464985,2530277199,0;2530277199,564083084,0;564083084,5374860944,0;5374860944,5374860978,0;5374860978,5374861143,0;5374861143,9053077286,0;9053077286,13527622504,0;13527622504,13167173350,0;13167173350,13527622497,0;13527622497,564083093,0;564083093,6317320202,0;6317320202,564083165,0;564083165,13167173329,0;13167173329,6317320222,0;6317320222,6028645652,0;6028645652,2369336843,0;2369336843,2369336701,0;2369336701,12333484744,0;12333484744,2368579077,0;2368579077,2369336820,0;2369336820,2368578991,0;2368578991,8887740818,0;8887740818,9570709534,0;9570709534,2369336807,0;2369336807,2368578970,0;2368578970,6043430915,0;6043430915,4899192485,0;4899192485,564639012,0;564639012,564638925,0;564638925,504640818,0;504640818,504637096,0;504637096,2787061089,0;2787061089,2787061351,0;2787061351,2787061330,0;2787061330,11155489650,0;11155489650,2787061341,0;2787061341,2787061167,0",T2,6101
2023-09-07T13:15:00+08:00,triggered,False,keep_current,,False,0,0,1,0.9199327917110895,0.3109875175012365,2023-09-07T12:00:00+08:00,10297.182344079098,0.3109875175012365,0.4088897018954474,0.3804882288592738,0.0,0.3109875175012365,97.7953000110574,"9706921350,9706921684,0;9706921684,9706921682,0;9706921682,9713848047,0;9713848047,9713848018,0;9713848018,9713848023,0;9713848023,12984979400,0;12984979400,9713848118,0;9713848118,9713848006,0;9713848006,9713847968,0;9713847968,9706921713,0;9706921713,9706921712,0;9706921712,9706921786,0;9706921786,9778914467,0;9778914467,9706887247,0;9706887247,9706857800,0;9706857800,9706857774,0;9706857774,9706857801,0;9706857801,9706857775,0;9706857775,9706857832,0;9706857832,9706857843,0;9706857843,7161807983,0;7161807983,7161812592,0;7161812592,499478563,0;499478563,499478564,0;499478564,7973114513,0;7973114513,7973099569,0;7973099569,7975273881,0;7975273881,7973099508,0;7973099508,7973099507,0;7973099507,7973114859,0;7973114859,8298792534,0;8298792534,8298792550,0;8298792550,7973114851,0;7973114851,7975286501,0;7975286501,8298792599,0;8298792599,1116501292,0;1116501292,7975286500,0;7975286500,1116501304,0;1116501304,7975286429,0;7975286429,7975286583,0;7975286583,7977056082,0;7977056082,7977056084,0;7977056084,7977050965,0;7977050965,7977056079,0;7977056079,7979256640,0;7979256640,7979256626,0;7979256626,7979256668,0;7979256668,7977056101,0;7977056101,7967831807,0;7967831807,7967774259,0;7967774259,503464976,0;503464976,7961771680,0;7961771680,1116492807,0;1116492807,7967774262,0;7967774262,503464985,0;503464985,2530277199,0;2530277199,564083084,0;564083084,5374860944,0;5374860944,5374860978,0;5374860978,5374861143,0;5374861143,9053077286,0;9053077286,13527622504,0;13527622504,13167173350,0;13167173350,13527622497,0;13527622497,564083093,0;564083093,6317320202,0;6317320202,564083165,0;564083165,13167173329,0;13167173329,6317320222,0;6317320222,6028645652,0;6028645652,2369336843,0;2369336843,2369336701,0;2369336701,12333484744,0;12333484744,2368579077,0;2368579077,2369336820,0;2369336820,2368578991,0;2368578991,8887740818,0;8887740818,9570709534,0;9570709534,2369336807,0;2369336807,2368578970,0;2368578970,6043430915,0;6043430915,4899192485,0;4899192485,564639012,0;564639012,564638925,0;564638925,504640818,0;504640818,504637096,0;504637096,2787061089,0;2787061089,2787061351,0;2787061351,2787061330,0;2787061330,11155489650,0;11155489650,2787061341,0;2787061341,2787061167,0",T2,6101
2023-09-07T13:30:00+08:00,never,False,never,,False,0,0,1,0.9199327917110895,0.3088786637383183,2023-09-07T12:00:00+08:00,10297.182344079098,0.3088786637383183,0.4027314651752426,0.3762792312484254,0.0,0.3088786637383183,91.43329999642448,"9706921350,9706921684,0;9706921684,9706921682,0;9706921682,9713848047,0;9713848047,9713848018,0;9713848018,9713848023,0;9713848023,12984979400,0;12984979400,9713848118,0;9713848118,9713848006,0;9713848006,9713847968,0;9713847968,9706921713,0;9706921713,9706921712,0;9706921712,9706921786,0;9706921786,9778914467,0;9778914467,9706887247,0;9706887247,9706857800,0;9706857800,9706857774,0;9706857774,9706857801,0;9706857801,9706857775,0;9706857775,9706857832,0;9706857832,9706857843,0;9706857843,7161807983,0;7161807983,7161812592,0;7161812592,499478563,0;499478563,499478564,0;499478564,7973114513,0;7973114513,7973099569,0;7973099569,7975273881,0;7975273881,7973099508,0;7973099508,7973099507,0;7973099507,7973114859,0;7973114859,8298792534,0;8298792534,8298792550,0;8298792550,7973114851,0;7973114851,7975286501,0;7975286501,8298792599,0;8298792599,1116501292,0;1116501292,7975286500,0;7975286500,1116501304,0;1116501304,7975286429,0;7975286429,7975286583,0;7975286583,7977056082,0;7977056082,7977056084,0;7977056084,7977050965,0;7977050965,7977056079,0;7977056079,7979256640,0;7979256640,7979256626,0;7979256626,7979256668,0;7979256668,7977056101,0;7977056101,7967831807,0;7967831807,7967774259,0;7967774259,503464976,0;503464976,7961771680,0;7961771680,1116492807,0;1116492807,7967774262,0;7967774262,503464985,0;503464985,2530277199,0;2530277199,564083084,0;564083084,5374860944,0;5374860944,5374860978,0;5374860978,5374861143,0;5374861143,9053077286,0;9053077286,13527622504,0;13527622504,13167173350,0;13167173350,13527622497,0;13527622497,564083093,0;564083093,6317320202,0;6317320202,564083165,0;564083165,13167173329,0;13167173329,6317320222,0;6317320222,6028645652,0;6028645652,2369336843,0;2369336843,2369336701,0;2369336701,12333484744,0;12333484744,2368579077,0;2368579077,2369336820,0;2369336820,2368578991,0;2368578991,8887740818,0;8887740818,9570709534,0;9570709534,2369336807,0;2369336807,2368578970,0;2368578970,6043430915,0;6043430915,4899192485,0;4899192485,564639012,0;564639012,564638925,0;564638925,504640818,0;504640818,504637096,0;504637096,2787061089,0;2787061089,2787061351,0;2787061351,2787061330,0;2787061330,11155489650,0;11155489650,2787061341,0;2787061341,2787061167,0",T2,6101
2023-09-07T13:30:00+08:00,always,True,always,0.0,False,6,0,7,0.9199327917110895,0.3088786637383183,2023-09-07T13:30:00+08:00,10297.182344079098,0.3088786637383183,0.4027314651752426,0.3762792312484254,0.0,0.3088786637383183,109.20829995302483,"9706921350,9706921684,0;9706921684,9706921682,0;9706921682,9713848047,0;9713848047,9713848018,0;9713848018,9713848023,0;9713848023,12984979400,0;12984979400,9713848118,0;9713848118,9713848006,0;9713848006,9713847968,0;9713847968,9706921713,0;9706921713,9706921712,0;9706921712,9706921786,0;9706921786,9778914467,0;9778914467,9706887247,0;9706887247,9706857800,0;9706857800,9706857774,0;9706857774,9706857801,0;9706857801,9706857775,0;9706857775,9706857832,0;9706857832,9706857843,0;9706857843,7161807983,0;7161807983,7161812592,0;7161812592,499478563,0;499478563,499478564,0;499478564,7973114513,0;7973114513,7973099569,0;7973099569,7975273881,0;7975273881,7973099508,0;7973099508,7973099507,0;7973099507,7973114859,0;7973114859,8298792534,0;8298792534,8298792550,0;8298792550,7973114851,0;7973114851,7975286501,0;7975286501,8298792599,0;8298792599,1116501292,0;1116501292,7975286500,0;7975286500,1116501304,0;1116501304,7975286429,0;7975286429,7975286583,0;7975286583,7977056082,0;7977056082,7977056084,0;7977056084,7977050965,0;7977050965,7977056079,0;7977056079,7979256640,0;7979256640,7979256626,0;7979256626,7979256668,0;7979256668,7977056101,0;7977056101,7967831807,0;7967831807,7967774259,0;7967774259,503464976,0;503464976,7961771680,0;7961771680,1116492807,0;1116492807,7967774262,0;7967774262,503464985,0;503464985,2530277199,0;2530277199,564083084,0;564083084,5374860944,0;5374860944,5374860978,0;5374860978,5374861143,0;5374861143,9053077286,0;9053077286,13527622504,0;13527622504,13167173350,0;13167173350,13527622497,0;13527622497,564083093,0;564083093,6317320202,0;6317320202,564083165,0;564083165,13167173329,0;13167173329,6317320222,0;6317320222,6028645652,0;6028645652,2369336843,0;2369336843,2369336701,0;2369336701,12333484744,0;12333484744,2368579077,0;2368579077,2369336820,0;2369336820,2368578991,0;2368578991,8887740818,0;8887740818,9570709534,0;9570709534,2369336807,0;2369336807,2368578970,0;2368578970,6043430915,0;6043430915,4899192485,0;4899192485,564639012,0;564639012,564638925,0;564638925,504640818,0;504640818,504637096,0;504637096,2787061089,0;2787061089,2787061351,0;2787061351,2787061330,0;2787061330,11155489650,0;11155489650,2787061341,0;2787061341,2787061167,0",T2,6101
2023-09-07T13:30:00+08:00,triggered,False,keep_current,,False,0,0,1,0.9199327917110895,0.3088786637383183,2023-09-07T12:00:00+08:00,10297.182344079098,0.3088786637383183,0.4027314651752426,0.3762792312484254,0.0,0.3088786637383183,90.71269998094068,"9706921350,9706921684,0;9706921684,9706921682,0;9706921682,9713848047,0;9713848047,9713848018,0;9713848018,9713848023,0;9713848023,12984979400,0;12984979400,9713848118,0;9713848118,9713848006,0;9713848006,9713847968,0;9713847968,9706921713,0;9706921713,9706921712,0;9706921712,9706921786,0;9706921786,9778914467,0;9778914467,9706887247,0;9706887247,9706857800,0;9706857800,9706857774,0;9706857774,9706857801,0;9706857801,9706857775,0;9706857775,9706857832,0;9706857832,9706857843,0;9706857843,7161807983,0;7161807983,7161812592,0;7161812592,499478563,0;499478563,499478564,0;499478564,7973114513,0;7973114513,7973099569,0;7973099569,7975273881,0;7975273881,7973099508,0;7973099508,7973099507,0;7973099507,7973114859,0;7973114859,8298792534,0;8298792534,8298792550,0;8298792550,7973114851,0;7973114851,7975286501,0;7975286501,8298792599,0;8298792599,1116501292,0;1116501292,7975286500,0;7975286500,1116501304,0;1116501304,7975286429,0;7975286429,7975286583,0;7975286583,7977056082,0;7977056082,7977056084,0;7977056084,7977050965,0;7977050965,7977056079,0;7977056079,7979256640,0;7979256640,7979256626,0;7979256626,7979256668,0;7979256668,7977056101,0;7977056101,7967831807,0;7967831807,7967774259,0;7967774259,503464976,0;503464976,7961771680,0;7961771680,1116492807,0;1116492807,7967774262,0;7967774262,503464985,0;503464985,2530277199,0;2530277199,564083084,0;564083084,5374860944,0;5374860944,5374860978,0;5374860978,5374861143,0;5374861143,9053077286,0;9053077286,13527622504,0;13527622504,13167173350,0;13167173350,13527622497,0;13527622497,564083093,0;564083093,6317320202,0;6317320202,564083165,0;564083165,13167173329,0;13167173329,6317320222,0;6317320222,6028645652,0;6028645652,2369336843,0;2369336843,2369336701,0;2369336701,12333484744,0;12333484744,2368579077,0;2368579077,2369336820,0;2369336820,2368578991,0;2368578991,8887740818,0;8887740818,9570709534,0;9570709534,2369336807,0;2369336807,2368578970,0;2368578970,6043430915,0;6043430915,4899192485,0;4899192485,564639012,0;564639012,564638925,0;564638925,504640818,0;504640818,504637096,0;504637096,2787061089,0;2787061089,2787061351,0;2787061351,2787061330,0;2787061330,11155489650,0;11155489650,2787061341,0;2787061341,2787061167,0",T2,6101
2023-09-07T13:45:00+08:00,never,False,never,,False,0,0,1,0.9199327917110895,0.3067698099754001,2023-09-07T12:00:00+08:00,10297.182344079098,0.3067698099754001,0.3965732284550378,0.375151234836527,0.0,0.3067698099754001,95.86669999407604,"9706921350,9706921684,0;9706921684,9706921682,0;9706921682,9713848047,0;9713848047,9713848018,0;9713848018,9713848023,0;9713848023,12984979400,0;12984979400,9713848118,0;9713848118,9713848006,0;9713848006,9713847968,0;9713847968,9706921713,0;9706921713,9706921712,0;9706921712,9706921786,0;9706921786,9778914467,0;9778914467,9706887247,0;9706887247,9706857800,0;9706857800,9706857774,0;9706857774,9706857801,0;9706857801,9706857775,0;9706857775,9706857832,0;9706857832,9706857843,0;9706857843,7161807983,0;7161807983,7161812592,0;7161812592,499478563,0;499478563,499478564,0;499478564,7973114513,0;7973114513,7973099569,0;7973099569,7975273881,0;7975273881,7973099508,0;7973099508,7973099507,0;7973099507,7973114859,0;7973114859,8298792534,0;8298792534,8298792550,0;8298792550,7973114851,0;7973114851,7975286501,0;7975286501,8298792599,0;8298792599,1116501292,0;1116501292,7975286500,0;7975286500,1116501304,0;1116501304,7975286429,0;7975286429,7975286583,0;7975286583,7977056082,0;7977056082,7977056084,0;7977056084,7977050965,0;7977050965,7977056079,0;7977056079,7979256640,0;7979256640,7979256626,0;7979256626,7979256668,0;7979256668,7977056101,0;7977056101,7967831807,0;7967831807,7967774259,0;7967774259,503464976,0;503464976,7961771680,0;7961771680,1116492807,0;1116492807,7967774262,0;7967774262,503464985,0;503464985,2530277199,0;2530277199,564083084,0;564083084,5374860944,0;5374860944,5374860978,0;5374860978,5374861143,0;5374861143,9053077286,0;9053077286,13527622504,0;13527622504,13167173350,0;13167173350,13527622497,0;13527622497,564083093,0;564083093,6317320202,0;6317320202,564083165,0;564083165,13167173329,0;13167173329,6317320222,0;6317320222,6028645652,0;6028645652,2369336843,0;2369336843,2369336701,0;2369336701,12333484744,0;12333484744,2368579077,0;2368579077,2369336820,0;2369336820,2368578991,0;2368578991,8887740818,0;8887740818,9570709534,0;9570709534,2369336807,0;2369336807,2368578970,0;2368578970,6043430915,0;6043430915,4899192485,0;4899192485,564639012,0;564639012,564638925,0;564638925,504640818,0;504640818,504637096,0;504637096,2787061089,0;2787061089,2787061351,0;2787061351,2787061330,0;2787061330,11155489650,0;11155489650,2787061341,0;2787061341,2787061167,0",T2,6101
2023-09-07T13:45:00+08:00,always,True,always,0.0,False,7,0,8,0.9199327917110895,0.3067698099754001,2023-09-07T13:45:00+08:00,10297.182344079098,0.3067698099754001,0.3965732284550378,0.375151234836527,0.0,0.3067698099754001,117.32160003157333,"9706921350,9706921684,0;9706921684,9706921682,0;9706921682,9713848047,0;9713848047,9713848018,0;9713848018,9713848023,0;9713848023,12984979400,0;12984979400,9713848118,0;9713848118,9713848006,0;9713848006,9713847968,0;9713847968,9706921713,0;9706921713,9706921712,0;9706921712,9706921786,0;9706921786,9778914467,0;9778914467,9706887247,0;9706887247,9706857800,0;9706857800,9706857774,0;9706857774,9706857801,0;9706857801,9706857775,0;9706857775,9706857832,0;9706857832,9706857843,0;9706857843,7161807983,0;7161807983,7161812592,0;7161812592,499478563,0;499478563,499478564,0;499478564,7973114513,0;7973114513,7973099569,0;7973099569,7975273881,0;7975273881,7973099508,0;7973099508,7973099507,0;7973099507,7973114859,0;7973114859,8298792534,0;8298792534,8298792550,0;8298792550,7973114851,0;7973114851,7975286501,0;7975286501,8298792599,0;8298792599,1116501292,0;1116501292,7975286500,0;7975286500,1116501304,0;1116501304,7975286429,0;7975286429,7975286583,0;7975286583,7977056082,0;7977056082,7977056084,0;7977056084,7977050965,0;7977050965,7977056079,0;7977056079,7979256640,0;7979256640,7979256626,0;7979256626,7979256668,0;7979256668,7977056101,0;7977056101,7967831807,0;7967831807,7967774259,0;7967774259,503464976,0;503464976,7961771680,0;7961771680,1116492807,0;1116492807,7967774262,0;7967774262,503464985,0;503464985,2530277199,0;2530277199,564083084,0;564083084,5374860944,0;5374860944,5374860978,0;5374860978,5374861143,0;5374861143,9053077286,0;9053077286,13527622504,0;13527622504,13167173350,0;13167173350,13527622497,0;13527622497,564083093,0;564083093,6317320202,0;6317320202,564083165,0;564083165,13167173329,0;13167173329,6317320222,0;6317320222,6028645652,0;6028645652,2369336843,0;2369336843,2369336701,0;2369336701,12333484744,0;12333484744,2368579077,0;2368579077,2369336820,0;2369336820,2368578991,0;2368578991,8887740818,0;8887740818,9570709534,0;9570709534,2369336807,0;2369336807,2368578970,0;2368578970,6043430915,0;6043430915,4899192485,0;4899192485,564639012,0;564639012,564638925,0;564638925,504640818,0;504640818,504637096,0;504637096,2787061089,0;2787061089,2787061351,0;2787061351,2787061330,0;2787061330,11155489650,0;11155489650,2787061341,0;2787061341,2787061167,0",T2,6101
2023-09-07T13:45:00+08:00,triggered,False,keep_current,,False,0,0,1,0.9199327917110895,0.3067698099754001,2023-09-07T12:00:00+08:00,10297.182344079098,0.3067698099754001,0.3965732284550378,0.375151234836527,0.0,0.3067698099754001,95.1338000013493,"9706921350,9706921684,0;9706921684,9706921682,0;9706921682,9713848047,0;9713848047,9713848018,0;9713848018,9713848023,0;9713848023,12984979400,0;12984979400,9713848118,0;9713848118,9713848006,0;9713848006,9713847968,0;9713847968,9706921713,0;9706921713,9706921712,0;9706921712,9706921786,0;9706921786,9778914467,0;9778914467,9706887247,0;9706887247,9706857800,0;9706857800,9706857774,0;9706857774,9706857801,0;9706857801,9706857775,0;9706857775,9706857832,0;9706857832,9706857843,0;9706857843,7161807983,0;7161807983,7161812592,0;7161812592,499478563,0;499478563,499478564,0;499478564,7973114513,0;7973114513,7973099569,0;7973099569,7975273881,0;7975273881,7973099508,0;7973099508,7973099507,0;7973099507,7973114859,0;7973114859,8298792534,0;8298792534,8298792550,0;8298792550,7973114851,0;7973114851,7975286501,0;7975286501,8298792599,0;8298792599,1116501292,0;1116501292,7975286500,0;7975286500,1116501304,0;1116501304,7975286429,0;7975286429,7975286583,0;7975286583,7977056082,0;7977056082,7977056084,0;7977056084,7977050965,0;7977050965,7977056079,0;7977056079,7979256640,0;7979256640,7979256626,0;7979256626,7979256668,0;7979256668,7977056101,0;7977056101,7967831807,0;7967831807,7967774259,0;7967774259,503464976,0;503464976,7961771680,0;7961771680,1116492807,0;1116492807,7967774262,0;7967774262,503464985,0;503464985,2530277199,0;2530277199,564083084,0;564083084,5374860944,0;5374860944,5374860978,0;5374860978,5374861143,0;5374861143,9053077286,0;9053077286,13527622504,0;13527622504,13167173350,0;13167173350,13527622497,0;13527622497,564083093,0;564083093,6317320202,0;6317320202,564083165,0;564083165,13167173329,0;13167173329,6317320222,0;6317320222,6028645652,0;6028645652,2369336843,0;2369336843,2369336701,0;2369336701,12333484744,0;12333484744,2368579077,0;2368579077,2369336820,0;2369336820,2368578991,0;2368578991,8887740818,0;8887740818,9570709534,0;9570709534,2369336807,0;2369336807,2368578970,0;2368578970,6043430915,0;6043430915,4899192485,0;4899192485,564639012,0;564639012,564638925,0;564638925,504640818,0;504640818,504637096,0;504637096,2787061089,0;2787061089,2787061351,0;2787061351,2787061330,0;2787061330,11155489650,0;11155489650,2787061341,0;2787061341,2787061167,0",T2,6101
2023-09-07T14:00:00+08:00,never,False,never,,False,0,0,1,0.9199327917110895,0.3088786637383183,2023-09-07T12:00:00+08:00,10297.182344079098,0.3088786637383183,0.4027314651752426,0.3762792312484254,0.0,0.3088786637383183,101.33100004168227,"9706921350,9706921684,0;9706921684,9706921682,0;9706921682,9713848047,0;9713848047,9713848018,0;9713848018,9713848023,0;9713848023,12984979400,0;12984979400,9713848118,0;9713848118,9713848006,0;9713848006,9713847968,0;9713847968,9706921713,0;9706921713,9706921712,0;9706921712,9706921786,0;9706921786,9778914467,0;9778914467,9706887247,0;9706887247,9706857800,0;9706857800,9706857774,0;9706857774,9706857801,0;9706857801,9706857775,0;9706857775,9706857832,0;9706857832,9706857843,0;9706857843,7161807983,0;7161807983,7161812592,0;7161812592,499478563,0;499478563,499478564,0;499478564,7973114513,0;7973114513,7973099569,0;7973099569,7975273881,0;7975273881,7973099508,0;7973099508,7973099507,0;7973099507,7973114859,0;7973114859,8298792534,0;8298792534,8298792550,0;8298792550,7973114851,0;7973114851,7975286501,0;7975286501,8298792599,0;8298792599,1116501292,0;1116501292,7975286500,0;7975286500,1116501304,0;1116501304,7975286429,0;7975286429,7975286583,0;7975286583,7977056082,0;7977056082,7977056084,0;7977056084,7977050965,0;7977050965,7977056079,0;7977056079,7979256640,0;7979256640,7979256626,0;7979256626,7979256668,0;7979256668,7977056101,0;7977056101,7967831807,0;7967831807,7967774259,0;7967774259,503464976,0;503464976,7961771680,0;7961771680,1116492807,0;1116492807,7967774262,0;7967774262,503464985,0;503464985,2530277199,0;2530277199,564083084,0;564083084,5374860944,0;5374860944,5374860978,0;5374860978,5374861143,0;5374861143,9053077286,0;9053077286,13527622504,0;13527622504,13167173350,0;13167173350,13527622497,0;13527622497,564083093,0;564083093,6317320202,0;6317320202,564083165,0;564083165,13167173329,0;13167173329,6317320222,0;6317320222,6028645652,0;6028645652,2369336843,0;2369336843,2369336701,0;2369336701,12333484744,0;12333484744,2368579077,0;2368579077,2369336820,0;2369336820,2368578991,0;2368578991,8887740818,0;8887740818,9570709534,0;9570709534,2369336807,0;2369336807,2368578970,0;2368578970,6043430915,0;6043430915,4899192485,0;4899192485,564639012,0;564639012,564638925,0;564638925,504640818,0;504640818,504637096,0;504637096,2787061089,0;2787061089,2787061351,0;2787061351,2787061330,0;2787061330,11155489650,0;11155489650,2787061341,0;2787061341,2787061167,0",T2,6101
2023-09-07T14:00:00+08:00,always,True,always,0.0,False,8,0,9,0.9199327917110895,0.3088786637383183,2023-09-07T14:00:00+08:00,10297.182344079098,0.3088786637383183,0.4027314651752426,0.3762792312484254,0.0,0.3088786637383183,121.62800005171448,"9706921350,9706921684,0;9706921684,9706921682,0;9706921682,9713848047,0;9713848047,9713848018,0;9713848018,9713848023,0;9713848023,12984979400,0;12984979400,9713848118,0;9713848118,9713848006,0;9713848006,9713847968,0;9713847968,9706921713,0;9706921713,9706921712,0;9706921712,9706921786,0;9706921786,9778914467,0;9778914467,9706887247,0;9706887247,9706857800,0;9706857800,9706857774,0;9706857774,9706857801,0;9706857801,9706857775,0;9706857775,9706857832,0;9706857832,9706857843,0;9706857843,7161807983,0;7161807983,7161812592,0;7161812592,499478563,0;499478563,499478564,0;499478564,7973114513,0;7973114513,7973099569,0;7973099569,7975273881,0;7975273881,7973099508,0;7973099508,7973099507,0;7973099507,7973114859,0;7973114859,8298792534,0;8298792534,8298792550,0;8298792550,7973114851,0;7973114851,7975286501,0;7975286501,8298792599,0;8298792599,1116501292,0;1116501292,7975286500,0;7975286500,1116501304,0;1116501304,7975286429,0;7975286429,7975286583,0;7975286583,7977056082,0;7977056082,7977056084,0;7977056084,7977050965,0;7977050965,7977056079,0;7977056079,7979256640,0;7979256640,7979256626,0;7979256626,7979256668,0;7979256668,7977056101,0;7977056101,7967831807,0;7967831807,7967774259,0;7967774259,503464976,0;503464976,7961771680,0;7961771680,1116492807,0;1116492807,7967774262,0;7967774262,503464985,0;503464985,2530277199,0;2530277199,564083084,0;564083084,5374860944,0;5374860944,5374860978,0;5374860978,5374861143,0;5374861143,9053077286,0;9053077286,13527622504,0;13527622504,13167173350,0;13167173350,13527622497,0;13527622497,564083093,0;564083093,6317320202,0;6317320202,564083165,0;564083165,13167173329,0;13167173329,6317320222,0;6317320222,6028645652,0;6028645652,2369336843,0;2369336843,2369336701,0;2369336701,12333484744,0;12333484744,2368579077,0;2368579077,2369336820,0;2369336820,2368578991,0;2368578991,8887740818,0;8887740818,9570709534,0;9570709534,2369336807,0;2369336807,2368578970,0;2368578970,6043430915,0;6043430915,4899192485,0;4899192485,564639012,0;564639012,564638925,0;564638925,504640818,0;504640818,504637096,0;504637096,2787061089,0;2787061089,2787061351,0;2787061351,2787061330,0;2787061330,11155489650,0;11155489650,2787061341,0;2787061341,2787061167,0",T2,6101
2023-09-07T14:00:00+08:00,triggered,False,keep_current,,False,0,0,1,0.9199327917110895,0.3088786637383183,2023-09-07T12:00:00+08:00,10297.182344079098,0.3088786637383183,0.4027314651752426,0.3762792312484254,0.0,0.3088786637383183,100.47960007796064,"9706921350,9706921684,0;9706921684,9706921682,0;9706921682,9713848047,0;9713848047,9713848018,0;9713848018,9713848023,0;9713848023,12984979400,0;12984979400,9713848118,0;9713848118,9713848006,0;9713848006,9713847968,0;9713847968,9706921713,0;9706921713,9706921712,0;9706921712,9706921786,0;9706921786,9778914467,0;9778914467,9706887247,0;9706887247,9706857800,0;9706857800,9706857774,0;9706857774,9706857801,0;9706857801,9706857775,0;9706857775,9706857832,0;9706857832,9706857843,0;9706857843,7161807983,0;7161807983,7161812592,0;7161812592,499478563,0;499478563,499478564,0;499478564,7973114513,0;7973114513,7973099569,0;7973099569,7975273881,0;7975273881,7973099508,0;7973099508,7973099507,0;7973099507,7973114859,0;7973114859,8298792534,0;8298792534,8298792550,0;8298792550,7973114851,0;7973114851,7975286501,0;7975286501,8298792599,0;8298792599,1116501292,0;1116501292,7975286500,0;7975286500,1116501304,0;1116501304,7975286429,0;7975286429,7975286583,0;7975286583,7977056082,0;7977056082,7977056084,0;7977056084,7977050965,0;7977050965,7977056079,0;7977056079,7979256640,0;7979256640,7979256626,0;7979256626,7979256668,0;7979256668,7977056101,0;7977056101,7967831807,0;7967831807,7967774259,0;7967774259,503464976,0;503464976,7961771680,0;7961771680,1116492807,0;1116492807,7967774262,0;7967774262,503464985,0;503464985,2530277199,0;2530277199,564083084,0;564083084,5374860944,0;5374860944,5374860978,0;5374860978,5374861143,0;5374861143,9053077286,0;9053077286,13527622504,0;13527622504,13167173350,0;13167173350,13527622497,0;13527622497,564083093,0;564083093,6317320202,0;6317320202,564083165,0;564083165,13167173329,0;13167173329,6317320222,0;6317320222,6028645652,0;6028645652,2369336843,0;2369336843,2369336701,0;2369336701,12333484744,0;12333484744,2368579077,0;2368579077,2369336820,0;2369336820,2368578991,0;2368578991,8887740818,0;8887740818,9570709534,0;9570709534,2369336807,0;2369336807,2368578970,0;2368578970,6043430915,0;6043430915,4899192485,0;4899192485,564639012,0;564639012,564638925,0;564638925,504640818,0;504640818,504637096,0;504637096,2787061089,0;2787061089,2787061351,0;2787061351,2787061330,0;2787061330,11155489650,0;11155489650,2787061341,0;2787061341,2787061167,0",T2,6101
2023-09-07T14:15:00+08:00,never,False,never,,False,0,0,1,0.9199327917110895,0.3109875175012365,2023-09-07T12:00:00+08:00,10297.182344079098,0.3109875175012365,0.4088897018954474,0.3804882288592738,0.0,0.3109875175012365,102.05559997120872,"9706921350,9706921684,0;9706921684,9706921682,0;9706921682,9713848047,0;9713848047,9713848018,0;9713848018,9713848023,0;9713848023,12984979400,0;12984979400,9713848118,0;9713848118,9713848006,0;9713848006,9713847968,0;9713847968,9706921713,0;9706921713,9706921712,0;9706921712,9706921786,0;9706921786,9778914467,0;9778914467,9706887247,0;9706887247,9706857800,0;9706857800,9706857774,0;9706857774,9706857801,0;9706857801,9706857775,0;9706857775,9706857832,0;9706857832,9706857843,0;9706857843,7161807983,0;7161807983,7161812592,0;7161812592,499478563,0;499478563,499478564,0;499478564,7973114513,0;7973114513,7973099569,0;7973099569,7975273881,0;7975273881,7973099508,0;7973099508,7973099507,0;7973099507,7973114859,0;7973114859,8298792534,0;8298792534,8298792550,0;8298792550,7973114851,0;7973114851,7975286501,0;7975286501,8298792599,0;8298792599,1116501292,0;1116501292,7975286500,0;7975286500,1116501304,0;1116501304,7975286429,0;7975286429,7975286583,0;7975286583,7977056082,0;7977056082,7977056084,0;7977056084,7977050965,0;7977050965,7977056079,0;7977056079,7979256640,0;7979256640,7979256626,0;7979256626,7979256668,0;7979256668,7977056101,0;7977056101,7967831807,0;7967831807,7967774259,0;7967774259,503464976,0;503464976,7961771680,0;7961771680,1116492807,0;1116492807,7967774262,0;7967774262,503464985,0;503464985,2530277199,0;2530277199,564083084,0;564083084,5374860944,0;5374860944,5374860978,0;5374860978,5374861143,0;5374861143,9053077286,0;9053077286,13527622504,0;13527622504,13167173350,0;13167173350,13527622497,0;13527622497,564083093,0;564083093,6317320202,0;6317320202,564083165,0;564083165,13167173329,0;13167173329,6317320222,0;6317320222,6028645652,0;6028645652,2369336843,0;2369336843,2369336701,0;2369336701,12333484744,0;12333484744,2368579077,0;2368579077,2369336820,0;2369336820,2368578991,0;2368578991,8887740818,0;8887740818,9570709534,0;9570709534,2369336807,0;2369336807,2368578970,0;2368578970,6043430915,0;6043430915,4899192485,0;4899192485,564639012,0;564639012,564638925,0;564638925,504640818,0;504640818,504637096,0;504637096,2787061089,0;2787061089,2787061351,0;2787061351,2787061330,0;2787061330,11155489650,0;11155489650,2787061341,0;2787061341,2787061167,0",T2,6101
2023-09-07T14:15:00+08:00,always,True,always,0.0,False,9,0,10,0.9199327917110895,0.3109875175012365,2023-09-07T14:15:00+08:00,10297.182344079098,0.3109875175012365,0.4088897018954474,0.3804882288592738,0.0,0.3109875175012365,122.48770002042876,"9706921350,9706921684,0;9706921684,9706921682,0;9706921682,9713848047,0;9713848047,9713848018,0;9713848018,9713848023,0;9713848023,12984979400,0;12984979400,9713848118,0;9713848118,9713848006,0;9713848006,9713847968,0;9713847968,9706921713,0;9706921713,9706921712,0;9706921712,9706921786,0;9706921786,9778914467,0;9778914467,9706887247,0;9706887247,9706857800,0;9706857800,9706857774,0;9706857774,9706857801,0;9706857801,9706857775,0;9706857775,9706857832,0;9706857832,9706857843,0;9706857843,7161807983,0;7161807983,7161812592,0;7161812592,499478563,0;499478563,499478564,0;499478564,7973114513,0;7973114513,7973099569,0;7973099569,7975273881,0;7975273881,7973099508,0;7973099508,7973099507,0;7973099507,7973114859,0;7973114859,8298792534,0;8298792534,8298792550,0;8298792550,7973114851,0;7973114851,7975286501,0;7975286501,8298792599,0;8298792599,1116501292,0;1116501292,7975286500,0;7975286500,1116501304,0;1116501304,7975286429,0;7975286429,7975286583,0;7975286583,7977056082,0;7977056082,7977056084,0;7977056084,7977050965,0;7977050965,7977056079,0;7977056079,7979256640,0;7979256640,7979256626,0;7979256626,7979256668,0;7979256668,7977056101,0;7977056101,7967831807,0;7967831807,7967774259,0;7967774259,503464976,0;503464976,7961771680,0;7961771680,1116492807,0;1116492807,7967774262,0;7967774262,503464985,0;503464985,2530277199,0;2530277199,564083084,0;564083084,5374860944,0;5374860944,5374860978,0;5374860978,5374861143,0;5374861143,9053077286,0;9053077286,13527622504,0;13527622504,13167173350,0;13167173350,13527622497,0;13527622497,564083093,0;564083093,6317320202,0;6317320202,564083165,0;564083165,13167173329,0;13167173329,6317320222,0;6317320222,6028645652,0;6028645652,2369336843,0;2369336843,2369336701,0;2369336701,12333484744,0;12333484744,2368579077,0;2368579077,2369336820,0;2369336820,2368578991,0;2368578991,8887740818,0;8887740818,9570709534,0;9570709534,2369336807,0;2369336807,2368578970,0;2368578970,6043430915,0;6043430915,4899192485,0;4899192485,564639012,0;564639012,564638925,0;564638925,504640818,0;504640818,504637096,0;504637096,2787061089,0;2787061089,2787061351,0;2787061351,2787061330,0;2787061330,11155489650,0;11155489650,2787061341,0;2787061341,2787061167,0",T2,6101
2023-09-07T14:15:00+08:00,triggered,False,keep_current,,False,0,0,1,0.9199327917110895,0.3109875175012365,2023-09-07T12:00:00+08:00,10297.182344079098,0.3109875175012365,0.4088897018954474,0.3804882288592738,0.0,0.3109875175012365,101.3935999944806,"9706921350,9706921684,0;9706921684,9706921682,0;9706921682,9713848047,0;9713848047,9713848018,0;9713848018,9713848023,0;9713848023,12984979400,0;12984979400,9713848118,0;9713848118,9713848006,0;9713848006,9713847968,0;9713847968,9706921713,0;9706921713,9706921712,0;9706921712,9706921786,0;9706921786,9778914467,0;9778914467,9706887247,0;9706887247,9706857800,0;9706857800,9706857774,0;9706857774,9706857801,0;9706857801,9706857775,0;9706857775,9706857832,0;9706857832,9706857843,0;9706857843,7161807983,0;7161807983,7161812592,0;7161812592,499478563,0;499478563,499478564,0;499478564,7973114513,0;7973114513,7973099569,0;7973099569,7975273881,0;7975273881,7973099508,0;7973099508,7973099507,0;7973099507,7973114859,0;7973114859,8298792534,0;8298792534,8298792550,0;8298792550,7973114851,0;7973114851,7975286501,0;7975286501,8298792599,0;8298792599,1116501292,0;1116501292,7975286500,0;7975286500,1116501304,0;1116501304,7975286429,0;7975286429,7975286583,0;7975286583,7977056082,0;7977056082,7977056084,0;7977056084,7977050965,0;7977050965,7977056079,0;7977056079,7979256640,0;7979256640,7979256626,0;7979256626,7979256668,0;7979256668,7977056101,0;7977056101,7967831807,0;7967831807,7967774259,0;7967774259,503464976,0;503464976,7961771680,0;7961771680,1116492807,0;1116492807,7967774262,0;7967774262,503464985,0;503464985,2530277199,0;2530277199,564083084,0;564083084,5374860944,0;5374860944,5374860978,0;5374860978,5374861143,0;5374861143,9053077286,0;9053077286,13527622504,0;13527622504,13167173350,0;13167173350,13527622497,0;13527622497,564083093,0;564083093,6317320202,0;6317320202,564083165,0;564083165,13167173329,0;13167173329,6317320222,0;6317320222,6028645652,0;6028645652,2369336843,0;2369336843,2369336701,0;2369336701,12333484744,0;12333484744,2368579077,0;2368579077,2369336820,0;2369336820,2368578991,0;2368578991,8887740818,0;8887740818,9570709534,0;9570709534,2369336807,0;2369336807,2368578970,0;2368578970,6043430915,0;6043430915,4899192485,0;4899192485,564639012,0;564639012,564638925,0;564638925,504640818,0;504640818,504637096,0;504637096,2787061089,0;2787061089,2787061351,0;2787061351,2787061330,0;2787061330,11155489650,0;11155489650,2787061341,0;2787061341,2787061167,0",T2,6101
2023-09-07T14:30:00+08:00,never,False,never,,False,0,0,1,0.9199327917110895,0.3088786637383183,2023-09-07T12:00:00+08:00,10297.182344079098,0.3088786637383183,0.4027314651752426,0.3762792312484254,0.0,0.3088786637383183,99.59870000602676,"9706921350,9706921684,0;9706921684,9706921682,0;9706921682,9713848047,0;9713848047,9713848018,0;9713848018,9713848023,0;9713848023,12984979400,0;12984979400,9713848118,0;9713848118,9713848006,0;9713848006,9713847968,0;9713847968,9706921713,0;9706921713,9706921712,0;9706921712,9706921786,0;9706921786,9778914467,0;9778914467,9706887247,0;9706887247,9706857800,0;9706857800,9706857774,0;9706857774,9706857801,0;9706857801,9706857775,0;9706857775,9706857832,0;9706857832,9706857843,0;9706857843,7161807983,0;7161807983,7161812592,0;7161812592,499478563,0;499478563,499478564,0;499478564,7973114513,0;7973114513,7973099569,0;7973099569,7975273881,0;7975273881,7973099508,0;7973099508,7973099507,0;7973099507,7973114859,0;7973114859,8298792534,0;8298792534,8298792550,0;8298792550,7973114851,0;7973114851,7975286501,0;7975286501,8298792599,0;8298792599,1116501292,0;1116501292,7975286500,0;7975286500,1116501304,0;1116501304,7975286429,0;7975286429,7975286583,0;7975286583,7977056082,0;7977056082,7977056084,0;7977056084,7977050965,0;7977050965,7977056079,0;7977056079,7979256640,0;7979256640,7979256626,0;7979256626,7979256668,0;7979256668,7977056101,0;7977056101,7967831807,0;7967831807,7967774259,0;7967774259,503464976,0;503464976,7961771680,0;7961771680,1116492807,0;1116492807,7967774262,0;7967774262,503464985,0;503464985,2530277199,0;2530277199,564083084,0;564083084,5374860944,0;5374860944,5374860978,0;5374860978,5374861143,0;5374861143,9053077286,0;9053077286,13527622504,0;13527622504,13167173350,0;13167173350,13527622497,0;13527622497,564083093,0;564083093,6317320202,0;6317320202,564083165,0;564083165,13167173329,0;13167173329,6317320222,0;6317320222,6028645652,0;6028645652,2369336843,0;2369336843,2369336701,0;2369336701,12333484744,0;12333484744,2368579077,0;2368579077,2369336820,0;2369336820,2368578991,0;2368578991,8887740818,0;8887740818,9570709534,0;9570709534,2369336807,0;2369336807,2368578970,0;2368578970,6043430915,0;6043430915,4899192485,0;4899192485,564639012,0;564639012,564638925,0;564638925,504640818,0;504640818,504637096,0;504637096,2787061089,0;2787061089,2787061351,0;2787061351,2787061330,0;2787061330,11155489650,0;11155489650,2787061341,0;2787061341,2787061167,0",T2,6101
2023-09-07T14:30:00+08:00,always,True,always,0.0,False,10,0,11,0.9199327917110895,0.3088786637383183,2023-09-07T14:30:00+08:00,10297.182344079098,0.3088786637383183,0.4027314651752426,0.3762792312484254,0.0,0.3088786637383183,117.99820000305772,"9706921350,9706921684,0;9706921684,9706921682,0;9706921682,9713848047,0;9713848047,9713848018,0;9713848018,9713848023,0;9713848023,12984979400,0;12984979400,9713848118,0;9713848118,9713848006,0;9713848006,9713847968,0;9713847968,9706921713,0;9706921713,9706921712,0;9706921712,9706921786,0;9706921786,9778914467,0;9778914467,9706887247,0;9706887247,9706857800,0;9706857800,9706857774,0;9706857774,9706857801,0;9706857801,9706857775,0;9706857775,9706857832,0;9706857832,9706857843,0;9706857843,7161807983,0;7161807983,7161812592,0;7161812592,499478563,0;499478563,499478564,0;499478564,7973114513,0;7973114513,7973099569,0;7973099569,7975273881,0;7975273881,7973099508,0;7973099508,7973099507,0;7973099507,7973114859,0;7973114859,8298792534,0;8298792534,8298792550,0;8298792550,7973114851,0;7973114851,7975286501,0;7975286501,8298792599,0;8298792599,1116501292,0;1116501292,7975286500,0;7975286500,1116501304,0;1116501304,7975286429,0;7975286429,7975286583,0;7975286583,7977056082,0;7977056082,7977056084,0;7977056084,7977050965,0;7977050965,7977056079,0;7977056079,7979256640,0;7979256640,7979256626,0;7979256626,7979256668,0;7979256668,7977056101,0;7977056101,7967831807,0;7967831807,7967774259,0;7967774259,503464976,0;503464976,7961771680,0;7961771680,1116492807,0;1116492807,7967774262,0;7967774262,503464985,0;503464985,2530277199,0;2530277199,564083084,0;564083084,5374860944,0;5374860944,5374860978,0;5374860978,5374861143,0;5374861143,9053077286,0;9053077286,13527622504,0;13527622504,13167173350,0;13167173350,13527622497,0;13527622497,564083093,0;564083093,6317320202,0;6317320202,564083165,0;564083165,13167173329,0;13167173329,6317320222,0;6317320222,6028645652,0;6028645652,2369336843,0;2369336843,2369336701,0;2369336701,12333484744,0;12333484744,2368579077,0;2368579077,2369336820,0;2369336820,2368578991,0;2368578991,8887740818,0;8887740818,9570709534,0;9570709534,2369336807,0;2369336807,2368578970,0;2368578970,6043430915,0;6043430915,4899192485,0;4899192485,564639012,0;564639012,564638925,0;564638925,504640818,0;504640818,504637096,0;504637096,2787061089,0;2787061089,2787061351,0;2787061351,2787061330,0;2787061330,11155489650,0;11155489650,2787061341,0;2787061341,2787061167,0",T2,6101
2023-09-07T14:30:00+08:00,triggered,False,keep_current,,False,0,0,1,0.9199327917110895,0.3088786637383183,2023-09-07T12:00:00+08:00,10297.182344079098,0.3088786637383183,0.4027314651752426,0.3762792312484254,0.0,0.3088786637383183,99.45680003147572,"9706921350,9706921684,0;9706921684,9706921682,0;9706921682,9713848047,0;9713848047,9713848018,0;9713848018,9713848023,0;9713848023,12984979400,0;12984979400,9713848118,0;9713848118,9713848006,0;9713848006,9713847968,0;9713847968,9706921713,0;9706921713,9706921712,0;9706921712,9706921786,0;9706921786,9778914467,0;9778914467,9706887247,0;9706887247,9706857800,0;9706857800,9706857774,0;9706857774,9706857801,0;9706857801,9706857775,0;9706857775,9706857832,0;9706857832,9706857843,0;9706857843,7161807983,0;7161807983,7161812592,0;7161812592,499478563,0;499478563,499478564,0;499478564,7973114513,0;7973114513,7973099569,0;7973099569,7975273881,0;7975273881,7973099508,0;7973099508,7973099507,0;7973099507,7973114859,0;7973114859,8298792534,0;8298792534,8298792550,0;8298792550,7973114851,0;7973114851,7975286501,0;7975286501,8298792599,0;8298792599,1116501292,0;1116501292,7975286500,0;7975286500,1116501304,0;1116501304,7975286429,0;7975286429,7975286583,0;7975286583,7977056082,0;7977056082,7977056084,0;7977056084,7977050965,0;7977050965,7977056079,0;7977056079,7979256640,0;7979256640,7979256626,0;7979256626,7979256668,0;7979256668,7977056101,0;7977056101,7967831807,0;7967831807,7967774259,0;7967774259,503464976,0;503464976,7961771680,0;7961771680,1116492807,0;1116492807,7967774262,0;7967774262,503464985,0;503464985,2530277199,0;2530277199,564083084,0;564083084,5374860944,0;5374860944,5374860978,0;5374860978,5374861143,0;5374861143,9053077286,0;9053077286,13527622504,0;13527622504,13167173350,0;13167173350,13527622497,0;13527622497,564083093,0;564083093,6317320202,0;6317320202,564083165,0;564083165,13167173329,0;13167173329,6317320222,0;6317320222,6028645652,0;6028645652,2369336843,0;2369336843,2369336701,0;2369336701,12333484744,0;12333484744,2368579077,0;2368579077,2369336820,0;2369336820,2368578991,0;2368578991,8887740818,0;8887740818,9570709534,0;9570709534,2369336807,0;2369336807,2368578970,0;2368578970,6043430915,0;6043430915,4899192485,0;4899192485,564639012,0;564639012,564638925,0;564638925,504640818,0;504640818,504637096,0;504637096,2787061089,0;2787061089,2787061351,0;2787061351,2787061330,0;2787061330,11155489650,0;11155489650,2787061341,0;2787061341,2787061167,0",T2,6101
2023-09-07T14:45:00+08:00,never,False,never,,False,0,0,1,0.9199327917110895,0.3067698099754001,2023-09-07T12:00:00+08:00,10297.182344079098,0.3067698099754001,0.3965732284550378,0.375151234836527,0.0,0.3067698099754001,96.19259997271,"9706921350,9706921684,0;9706921684,9706921682,0;9706921682,9713848047,0;9713848047,9713848018,0;9713848018,9713848023,0;9713848023,12984979400,0;12984979400,9713848118,0;9713848118,9713848006,0;9713848006,9713847968,0;9713847968,9706921713,0;9706921713,9706921712,0;9706921712,9706921786,0;9706921786,9778914467,0;9778914467,9706887247,0;9706887247,9706857800,0;9706857800,9706857774,0;9706857774,9706857801,0;9706857801,9706857775,0;9706857775,9706857832,0;9706857832,9706857843,0;9706857843,7161807983,0;7161807983,7161812592,0;7161812592,499478563,0;499478563,499478564,0;499478564,7973114513,0;7973114513,7973099569,0;7973099569,7975273881,0;7975273881,7973099508,0;7973099508,7973099507,0;7973099507,7973114859,0;7973114859,8298792534,0;8298792534,8298792550,0;8298792550,7973114851,0;7973114851,7975286501,0;7975286501,8298792599,0;8298792599,1116501292,0;1116501292,7975286500,0;7975286500,1116501304,0;1116501304,7975286429,0;7975286429,7975286583,0;7975286583,7977056082,0;7977056082,7977056084,0;7977056084,7977050965,0;7977050965,7977056079,0;7977056079,7979256640,0;7979256640,7979256626,0;7979256626,7979256668,0;7979256668,7977056101,0;7977056101,7967831807,0;7967831807,7967774259,0;7967774259,503464976,0;503464976,7961771680,0;7961771680,1116492807,0;1116492807,7967774262,0;7967774262,503464985,0;503464985,2530277199,0;2530277199,564083084,0;564083084,5374860944,0;5374860944,5374860978,0;5374860978,5374861143,0;5374861143,9053077286,0;9053077286,13527622504,0;13527622504,13167173350,0;13167173350,13527622497,0;13527622497,564083093,0;564083093,6317320202,0;6317320202,564083165,0;564083165,13167173329,0;13167173329,6317320222,0;6317320222,6028645652,0;6028645652,2369336843,0;2369336843,2369336701,0;2369336701,12333484744,0;12333484744,2368579077,0;2368579077,2369336820,0;2369336820,2368578991,0;2368578991,8887740818,0;8887740818,9570709534,0;9570709534,2369336807,0;2369336807,2368578970,0;2368578970,6043430915,0;6043430915,4899192485,0;4899192485,564639012,0;564639012,564638925,0;564638925,504640818,0;504640818,504637096,0;504637096,2787061089,0;2787061089,2787061351,0;2787061351,2787061330,0;2787061330,11155489650,0;11155489650,2787061341,0;2787061341,2787061167,0",T2,6101
2023-09-07T14:45:00+08:00,always,True,always,0.0,False,11,0,12,0.9199327917110895,0.3067698099754001,2023-09-07T14:45:00+08:00,10297.182344079098,0.3067698099754001,0.3965732284550378,0.375151234836527,0.0,0.3067698099754001,115.2621999499388,"9706921350,9706921684,0;9706921684,9706921682,0;9706921682,9713848047,0;9713848047,9713848018,0;9713848018,9713848023,0;9713848023,12984979400,0;12984979400,9713848118,0;9713848118,9713848006,0;9713848006,9713847968,0;9713847968,9706921713,0;9706921713,9706921712,0;9706921712,9706921786,0;9706921786,9778914467,0;9778914467,9706887247,0;9706887247,9706857800,0;9706857800,9706857774,0;9706857774,9706857801,0;9706857801,9706857775,0;9706857775,9706857832,0;9706857832,9706857843,0;9706857843,7161807983,0;7161807983,7161812592,0;7161812592,499478563,0;499478563,499478564,0;499478564,7973114513,0;7973114513,7973099569,0;7973099569,7975273881,0;7975273881,7973099508,0;7973099508,7973099507,0;7973099507,7973114859,0;7973114859,8298792534,0;8298792534,8298792550,0;8298792550,7973114851,0;7973114851,7975286501,0;7975286501,8298792599,0;8298792599,1116501292,0;1116501292,7975286500,0;7975286500,1116501304,0;1116501304,7975286429,0;7975286429,7975286583,0;7975286583,7977056082,0;7977056082,7977056084,0;7977056084,7977050965,0;7977050965,7977056079,0;7977056079,7979256640,0;7979256640,7979256626,0;7979256626,7979256668,0;7979256668,7977056101,0;7977056101,7967831807,0;7967831807,7967774259,0;7967774259,503464976,0;503464976,7961771680,0;7961771680,1116492807,0;1116492807,7967774262,0;7967774262,503464985,0;503464985,2530277199,0;2530277199,564083084,0;564083084,5374860944,0;5374860944,5374860978,0;5374860978,5374861143,0;5374861143,9053077286,0;9053077286,13527622504,0;13527622504,13167173350,0;13167173350,13527622497,0;13527622497,564083093,0;564083093,6317320202,0;6317320202,564083165,0;564083165,13167173329,0;13167173329,6317320222,0;6317320222,6028645652,0;6028645652,2369336843,0;2369336843,2369336701,0;2369336701,12333484744,0;12333484744,2368579077,0;2368579077,2369336820,0;2369336820,2368578991,0;2368578991,8887740818,0;8887740818,9570709534,0;9570709534,2369336807,0;2369336807,2368578970,0;2368578970,6043430915,0;6043430915,4899192485,0;4899192485,564639012,0;564639012,564638925,0;564638925,504640818,0;504640818,504637096,0;504637096,2787061089,0;2787061089,2787061351,0;2787061351,2787061330,0;2787061330,11155489650,0;11155489650,2787061341,0;2787061341,2787061167,0",T2,6101
2023-09-07T14:45:00+08:00,triggered,False,keep_current,,False,0,0,1,0.9199327917110895,0.3067698099754001,2023-09-07T12:00:00+08:00,10297.182344079098,0.3067698099754001,0.3965732284550378,0.375151234836527,0.0,0.3067698099754001,95.50140000646934,"9706921350,9706921684,0;9706921684,9706921682,0;9706921682,9713848047,0;9713848047,9713848018,0;9713848018,9713848023,0;9713848023,12984979400,0;12984979400,9713848118,0;9713848118,9713848006,0;9713848006,9713847968,0;9713847968,9706921713,0;9706921713,9706921712,0;9706921712,9706921786,0;9706921786,9778914467,0;9778914467,9706887247,0;9706887247,9706857800,0;9706857800,9706857774,0;9706857774,9706857801,0;9706857801,9706857775,0;9706857775,9706857832,0;9706857832,9706857843,0;9706857843,7161807983,0;7161807983,7161812592,0;7161812592,499478563,0;499478563,499478564,0;499478564,7973114513,0;7973114513,7973099569,0;7973099569,7975273881,0;7975273881,7973099508,0;7973099508,7973099507,0;7973099507,7973114859,0;7973114859,8298792534,0;8298792534,8298792550,0;8298792550,7973114851,0;7973114851,7975286501,0;7975286501,8298792599,0;8298792599,1116501292,0;1116501292,7975286500,0;7975286500,1116501304,0;1116501304,7975286429,0;7975286429,7975286583,0;7975286583,7977056082,0;7977056082,7977056084,0;7977056084,7977050965,0;7977050965,7977056079,0;7977056079,7979256640,0;7979256640,7979256626,0;7979256626,7979256668,0;7979256668,7977056101,0;7977056101,7967831807,0;7967831807,7967774259,0;7967774259,503464976,0;503464976,7961771680,0;7961771680,1116492807,0;1116492807,7967774262,0;7967774262,503464985,0;503464985,2530277199,0;2530277199,564083084,0;564083084,5374860944,0;5374860944,5374860978,0;5374860978,5374861143,0;5374861143,9053077286,0;9053077286,13527622504,0;13527622504,13167173350,0;13167173350,13527622497,0;13527622497,564083093,0;564083093,6317320202,0;6317320202,564083165,0;564083165,13167173329,0;13167173329,6317320222,0;6317320222,6028645652,0;6028645652,2369336843,0;2369336843,2369336701,0;2369336701,12333484744,0;12333484744,2368579077,0;2368579077,2369336820,0;2369336820,2368578991,0;2368578991,8887740818,0;8887740818,9570709534,0;9570709534,2369336807,0;2369336807,2368578970,0;2368578970,6043430915,0;6043430915,4899192485,0;4899192485,564639012,0;564639012,564638925,0;564638925,504640818,0;504640818,504637096,0;504637096,2787061089,0;2787061089,2787061351,0;2787061351,2787061330,0;2787061330,11155489650,0;11155489650,2787061341,0;2787061341,2787061167,0",T2,6101
2023-09-07T12:00:00+08:00,never,True,initial,,False,0,0,1,0.9199327917110895,0.3087269156284605,2023-09-07T12:00:00+08:00,10297.182344079098,0.3087269156284605,0.4022333146909803,0.3761492748100585,0.0,0.3087269156284605,114.624299982097,"9706921350,9706921684,0;9706921684,9706921682,0;9706921682,9713848047,0;9713848047,9713848018,0;9713848018,9713848023,0;9713848023,12984979400,0;12984979400,9713848118,0;9713848118,9713848006,0;9713848006,9713847968,0;9713847968,9706921713,0;9706921713,9706921712,0;9706921712,9706921786,0;9706921786,9778914467,0;9778914467,9706887247,0;9706887247,9706857800,0;9706857800,9706857774,0;9706857774,9706857801,0;9706857801,9706857775,0;9706857775,9706857832,0;9706857832,9706857843,0;9706857843,7161807983,0;7161807983,7161812592,0;7161812592,499478563,0;499478563,499478564,0;499478564,7973114513,0;7973114513,7973099569,0;7973099569,7975273881,0;7975273881,7973099508,0;7973099508,7973099507,0;7973099507,7973114859,0;7973114859,8298792534,0;8298792534,8298792550,0;8298792550,7973114851,0;7973114851,7975286501,0;7975286501,8298792599,0;8298792599,1116501292,0;1116501292,7975286500,0;7975286500,1116501304,0;1116501304,7975286429,0;7975286429,7975286583,0;7975286583,7977056082,0;7977056082,7977056084,0;7977056084,7977050965,0;7977050965,7977056079,0;7977056079,7979256640,0;7979256640,7979256626,0;7979256626,7979256668,0;7979256668,7977056101,0;7977056101,7967831807,0;7967831807,7967774259,0;7967774259,503464976,0;503464976,7961771680,0;7961771680,1116492807,0;1116492807,7967774262,0;7967774262,503464985,0;503464985,2530277199,0;2530277199,564083084,0;564083084,5374860944,0;5374860944,5374860978,0;5374860978,5374861143,0;5374861143,9053077286,0;9053077286,13527622504,0;13527622504,13167173350,0;13167173350,13527622497,0;13527622497,564083093,0;564083093,6317320202,0;6317320202,564083165,0;564083165,13167173329,0;13167173329,6317320222,0;6317320222,6028645652,0;6028645652,2369336843,0;2369336843,2369336701,0;2369336701,12333484744,0;12333484744,2368579077,0;2368579077,2369336820,0;2369336820,2368578991,0;2368578991,8887740818,0;8887740818,9570709534,0;9570709534,2369336807,0;2369336807,2368578970,0;2368578970,6043430915,0;6043430915,4899192485,0;4899192485,564639012,0;564639012,564638925,0;564638925,504640818,0;504640818,504637096,0;504637096,2787061089,0;2787061089,2787061351,0;2787061351,2787061330,0;2787061330,11155489650,0;11155489650,2787061341,0;2787061341,2787061167,0",T2,6102
2023-09-07T12:00:00+08:00,always,True,initial,,False,0,0,1,0.9199327917110895,0.3087269156284605,2023-09-07T12:00:00+08:00,10297.182344079098,0.3087269156284605,0.4022333146909803,0.3761492748100585,0.0,0.3087269156284605,113.59590000938624,"9706921350,9706921684,0;9706921684,9706921682,0;9706921682,9713848047,0;9713848047,9713848018,0;9713848018,9713848023,0;9713848023,12984979400,0;12984979400,9713848118,0;9713848118,9713848006,0;9713848006,9713847968,0;9713847968,9706921713,0;9706921713,9706921712,0;9706921712,9706921786,0;9706921786,9778914467,0;9778914467,9706887247,0;9706887247,9706857800,0;9706857800,9706857774,0;9706857774,9706857801,0;9706857801,9706857775,0;9706857775,9706857832,0;9706857832,9706857843,0;9706857843,7161807983,0;7161807983,7161812592,0;7161812592,499478563,0;499478563,499478564,0;499478564,7973114513,0;7973114513,7973099569,0;7973099569,7975273881,0;7975273881,7973099508,0;7973099508,7973099507,0;7973099507,7973114859,0;7973114859,8298792534,0;8298792534,8298792550,0;8298792550,7973114851,0;7973114851,7975286501,0;7975286501,8298792599,0;8298792599,1116501292,0;1116501292,7975286500,0;7975286500,1116501304,0;1116501304,7975286429,0;7975286429,7975286583,0;7975286583,7977056082,0;7977056082,7977056084,0;7977056084,7977050965,0;7977050965,7977056079,0;7977056079,7979256640,0;7979256640,7979256626,0;7979256626,7979256668,0;7979256668,7977056101,0;7977056101,7967831807,0;7967831807,7967774259,0;7967774259,503464976,0;503464976,7961771680,0;7961771680,1116492807,0;1116492807,7967774262,0;7967774262,503464985,0;503464985,2530277199,0;2530277199,564083084,0;564083084,5374860944,0;5374860944,5374860978,0;5374860978,5374861143,0;5374861143,9053077286,0;9053077286,13527622504,0;13527622504,13167173350,0;13167173350,13527622497,0;13527622497,564083093,0;564083093,6317320202,0;6317320202,564083165,0;564083165,13167173329,0;13167173329,6317320222,0;6317320222,6028645652,0;6028645652,2369336843,0;2369336843,2369336701,0;2369336701,12333484744,0;12333484744,2368579077,0;2368579077,2369336820,0;2369336820,2368578991,0;2368578991,8887740818,0;8887740818,9570709534,0;9570709534,2369336807,0;2369336807,2368578970,0;2368578970,6043430915,0;6043430915,4899192485,0;4899192485,564639012,0;564639012,564638925,0;564638925,504640818,0;504640818,504637096,0;504637096,2787061089,0;2787061089,2787061351,0;2787061351,2787061330,0;2787061330,11155489650,0;11155489650,2787061341,0;2787061341,2787061167,0",T2,6102
2023-09-07T12:00:00+08:00,triggered,True,initial,,False,0,0,1,0.9199327917110895,0.3087269156284605,2023-09-07T12:00:00+08:00,10297.182344079098,0.3087269156284605,0.4022333146909803,0.3761492748100585,0.0,0.3087269156284605,114.561699971091,"9706921350,9706921684,0;9706921684,9706921682,0;9706921682,9713848047,0;9713848047,9713848018,0;9713848018,9713848023,0;9713848023,12984979400,0;12984979400,9713848118,0;9713848118,9713848006,0;9713848006,9713847968,0;9713847968,9706921713,0;9706921713,9706921712,0;9706921712,9706921786,0;9706921786,9778914467,0;9778914467,9706887247,0;9706887247,9706857800,0;9706857800,9706857774,0;9706857774,9706857801,0;9706857801,9706857775,0;9706857775,9706857832,0;9706857832,9706857843,0;9706857843,7161807983,0;7161807983,7161812592,0;7161812592,499478563,0;499478563,499478564,0;499478564,7973114513,0;7973114513,7973099569,0;7973099569,7975273881,0;7975273881,7973099508,0;7973099508,7973099507,0;7973099507,7973114859,0;7973114859,8298792534,0;8298792534,8298792550,0;8298792550,7973114851,0;7973114851,7975286501,0;7975286501,8298792599,0;8298792599,1116501292,0;1116501292,7975286500,0;7975286500,1116501304,0;1116501304,7975286429,0;7975286429,7975286583,0;7975286583,7977056082,0;7977056082,7977056084,0;7977056084,7977050965,0;7977050965,7977056079,0;7977056079,7979256640,0;7979256640,7979256626,0;7979256626,7979256668,0;7979256668,7977056101,0;7977056101,7967831807,0;7967831807,7967774259,0;7967774259,503464976,0;503464976,7961771680,0;7961771680,1116492807,0;1116492807,7967774262,0;7967774262,503464985,0;503464985,2530277199,0;2530277199,564083084,0;564083084,5374860944,0;5374860944,5374860978,0;5374860978,5374861143,0;5374861143,9053077286,0;9053077286,13527622504,0;13527622504,13167173350,0;13167173350,13527622497,0;13527622497,564083093,0;564083093,6317320202,0;6317320202,564083165,0;564083165,13167173329,0;13167173329,6317320222,0;6317320222,6028645652,0;6028645652,2369336843,0;2369336843,2369336701,0;2369336701,12333484744,0;12333484744,2368579077,0;2368579077,2369336820,0;2369336820,2368578991,0;2368578991,8887740818,0;8887740818,9570709534,0;9570709534,2369336807,0;2369336807,2368578970,0;2368578970,6043430915,0;6043430915,4899192485,0;4899192485,564639012,0;564639012,564638925,0;564638925,504640818,0;504640818,504637096,0;504637096,2787061089,0;2787061089,2787061351,0;2787061351,2787061330,0;2787061330,11155489650,0;11155489650,2787061341,0;2787061341,2787061167,0",T2,6102
2023-09-07T12:15:00+08:00,never,False,never,,False,0,0,1,0.9199327917110895,0.3107978323639143,2023-09-07T12:00:00+08:00,10297.182344079098,0.3107978323639143,0.4082670137901195,0.3798655407539564,0.0,0.3107978323639143,94.85360002145173,"9706921350,9706921684,0;9706921684,9706921682,0;9706921682,9713848047,0;9713848047,9713848018,0;9713848018,9713848023,0;9713848023,12984979400,0;12984979400,9713848118,0;9713848118,9713848006,0;9713848006,9713847968,0;9713847968,9706921713,0;9706921713,9706921712,0;9706921712,9706921786,0;9706921786,9778914467,0;9778914467,9706887247,0;9706887247,9706857800,0;9706857800,9706857774,0;9706857774,9706857801,0;9706857801,9706857775,0;9706857775,9706857832,0;9706857832,9706857843,0;9706857843,7161807983,0;7161807983,7161812592,0;7161812592,499478563,0;499478563,499478564,0;499478564,7973114513,0;7973114513,7973099569,0;7973099569,7975273881,0;7975273881,7973099508,0;7973099508,7973099507,0;7973099507,7973114859,0;7973114859,8298792534,0;8298792534,8298792550,0;8298792550,7973114851,0;7973114851,7975286501,0;7975286501,8298792599,0;8298792599,1116501292,0;1116501292,7975286500,0;7975286500,1116501304,0;1116501304,7975286429,0;7975286429,7975286583,0;7975286583,7977056082,0;7977056082,7977056084,0;7977056084,7977050965,0;7977050965,7977056079,0;7977056079,7979256640,0;7979256640,7979256626,0;7979256626,7979256668,0;7979256668,7977056101,0;7977056101,7967831807,0;7967831807,7967774259,0;7967774259,503464976,0;503464976,7961771680,0;7961771680,1116492807,0;1116492807,7967774262,0;7967774262,503464985,0;503464985,2530277199,0;2530277199,564083084,0;564083084,5374860944,0;5374860944,5374860978,0;5374860978,5374861143,0;5374861143,9053077286,0;9053077286,13527622504,0;13527622504,13167173350,0;13167173350,13527622497,0;13527622497,564083093,0;564083093,6317320202,0;6317320202,564083165,0;564083165,13167173329,0;13167173329,6317320222,0;6317320222,6028645652,0;6028645652,2369336843,0;2369336843,2369336701,0;2369336701,12333484744,0;12333484744,2368579077,0;2368579077,2369336820,0;2369336820,2368578991,0;2368578991,8887740818,0;8887740818,9570709534,0;9570709534,2369336807,0;2369336807,2368578970,0;2368578970,6043430915,0;6043430915,4899192485,0;4899192485,564639012,0;564639012,564638925,0;564638925,504640818,0;504640818,504637096,0;504637096,2787061089,0;2787061089,2787061351,0;2787061351,2787061330,0;2787061330,11155489650,0;11155489650,2787061341,0;2787061341,2787061167,0",T2,6102
2023-09-07T12:15:00+08:00,always,True,always,0.0,False,1,0,2,0.9199327917110895,0.3107978323639143,2023-09-07T12:15:00+08:00,10297.182344079098,0.3107978323639143,0.4082670137901195,0.3798655407539564,0.0,0.3107978323639143,116.54160002944992,"9706921350,9706921684,0;9706921684,9706921682,0;9706921682,9713848047,0;9713848047,9713848018,0;9713848018,9713848023,0;9713848023,12984979400,0;12984979400,9713848118,0;9713848118,9713848006,0;9713848006,9713847968,0;9713847968,9706921713,0;9706921713,9706921712,0;9706921712,9706921786,0;9706921786,9778914467,0;9778914467,9706887247,0;9706887247,9706857800,0;9706857800,9706857774,0;9706857774,9706857801,0;9706857801,9706857775,0;9706857775,9706857832,0;9706857832,9706857843,0;9706857843,7161807983,0;7161807983,7161812592,0;7161812592,499478563,0;499478563,499478564,0;499478564,7973114513,0;7973114513,7973099569,0;7973099569,7975273881,0;7975273881,7973099508,0;7973099508,7973099507,0;7973099507,7973114859,0;7973114859,8298792534,0;8298792534,8298792550,0;8298792550,7973114851,0;7973114851,7975286501,0;7975286501,8298792599,0;8298792599,1116501292,0;1116501292,7975286500,0;7975286500,1116501304,0;1116501304,7975286429,0;7975286429,7975286583,0;7975286583,7977056082,0;7977056082,7977056084,0;7977056084,7977050965,0;7977050965,7977056079,0;7977056079,7979256640,0;7979256640,7979256626,0;7979256626,7979256668,0;7979256668,7977056101,0;7977056101,7967831807,0;7967831807,7967774259,0;7967774259,503464976,0;503464976,7961771680,0;7961771680,1116492807,0;1116492807,7967774262,0;7967774262,503464985,0;503464985,2530277199,0;2530277199,564083084,0;564083084,5374860944,0;5374860944,5374860978,0;5374860978,5374861143,0;5374861143,9053077286,0;9053077286,13527622504,0;13527622504,13167173350,0;13167173350,13527622497,0;13527622497,564083093,0;564083093,6317320202,0;6317320202,564083165,0;564083165,13167173329,0;13167173329,6317320222,0;6317320222,6028645652,0;6028645652,2369336843,0;2369336843,2369336701,0;2369336701,12333484744,0;12333484744,2368579077,0;2368579077,2369336820,0;2369336820,2368578991,0;2368578991,8887740818,0;8887740818,9570709534,0;9570709534,2369336807,0;2369336807,2368578970,0;2368578970,6043430915,0;6043430915,4899192485,0;4899192485,564639012,0;564639012,564638925,0;564638925,504640818,0;504640818,504637096,0;504637096,2787061089,0;2787061089,2787061351,0;2787061351,2787061330,0;2787061330,11155489650,0;11155489650,2787061341,0;2787061341,2787061167,0",T2,6102
2023-09-07T12:15:00+08:00,triggered,False,keep_current,,False,0,0,1,0.9199327917110895,0.3107978323639143,2023-09-07T12:00:00+08:00,10297.182344079098,0.3107978323639143,0.4082670137901195,0.3798655407539564,0.0,0.3107978323639143,93.7017000396736,"9706921350,9706921684,0;9706921684,9706921682,0;9706921682,9713848047,0;9713848047,9713848018,0;9713848018,9713848023,0;9713848023,12984979400,0;12984979400,9713848118,0;9713848118,9713848006,0;9713848006,9713847968,0;9713847968,9706921713,0;9706921713,9706921712,0;9706921712,9706921786,0;9706921786,9778914467,0;9778914467,9706887247,0;9706887247,9706857800,0;9706857800,9706857774,0;9706857774,9706857801,0;9706857801,9706857775,0;9706857775,9706857832,0;9706857832,9706857843,0;9706857843,7161807983,0;7161807983,7161812592,0;7161812592,499478563,0;499478563,499478564,0;499478564,7973114513,0;7973114513,7973099569,0;7973099569,7975273881,0;7975273881,7973099508,0;7973099508,7973099507,0;7973099507,7973114859,0;7973114859,8298792534,0;8298792534,8298792550,0;8298792550,7973114851,0;7973114851,7975286501,0;7975286501,8298792599,0;8298792599,1116501292,0;1116501292,7975286500,0;7975286500,1116501304,0;1116501304,7975286429,0;7975286429,7975286583,0;7975286583,7977056082,0;7977056082,7977056084,0;7977056084,7977050965,0;7977050965,7977056079,0;7977056079,7979256640,0;7979256640,7979256626,0;7979256626,7979256668,0;7979256668,7977056101,0;7977056101,7967831807,0;7967831807,7967774259,0;7967774259,503464976,0;503464976,7961771680,0;7961771680,1116492807,0;1116492807,7967774262,0;7967774262,503464985,0;503464985,2530277199,0;2530277199,564083084,0;564083084,5374860944,0;5374860944,5374860978,0;5374860978,5374861143,0;5374861143,9053077286,0;9053077286,13527622504,0;13527622504,13167173350,0;13167173350,13527622497,0;13527622497,564083093,0;564083093,6317320202,0;6317320202,564083165,0;564083165,13167173329,0;13167173329,6317320222,0;6317320222,6028645652,0;6028645652,2369336843,0;2369336843,2369336701,0;2369336701,12333484744,0;12333484744,2368579077,0;2368579077,2369336820,0;2369336820,2368578991,0;2368578991,8887740818,0;8887740818,9570709534,0;9570709534,2369336807,0;2369336807,2368578970,0;2368578970,6043430915,0;6043430915,4899192485,0;4899192485,564639012,0;564639012,564638925,0;564638925,504640818,0;504640818,504637096,0;504637096,2787061089,0;2787061089,2787061351,0;2787061351,2787061330,0;2787061330,11155489650,0;11155489650,2787061341,0;2787061341,2787061167,0",T2,6102
2023-09-07T12:30:00+08:00,never,False,never,,False,0,0,1,0.9199327917110895,0.3087269156284605,2023-09-07T12:00:00+08:00,10297.182344079098,0.3087269156284605,0.4022333146909803,0.3761492748100585,0.0,0.3087269156284605,91.34650003397836,"9706921350,9706921684,0;9706921684,9706921682,0;9706921682,9713848047,0;9713848047,9713848018,0;9713848018,9713848023,0;9713848023,12984979400,0;12984979400,9713848118,0;9713848118,9713848006,0;9713848006,9713847968,0;9713847968,9706921713,0;9706921713,9706921712,0;9706921712,9706921786,0;9706921786,9778914467,0;9778914467,9706887247,0;9706887247,9706857800,0;9706857800,9706857774,0;9706857774,9706857801,0;9706857801,9706857775,0;9706857775,9706857832,0;9706857832,9706857843,0;9706857843,7161807983,0;7161807983,7161812592,0;7161812592,499478563,0;499478563,499478564,0;499478564,7973114513,0;7973114513,7973099569,0;7973099569,7975273881,0;7975273881,7973099508,0;7973099508,7973099507,0;7973099507,7973114859,0;7973114859,8298792534,0;8298792534,8298792550,0;8298792550,7973114851,0;7973114851,7975286501,0;7975286501,8298792599,0;8298792599,1116501292,0;1116501292,7975286500,0;7975286500,1116501304,0;1116501304,7975286429,0;7975286429,7975286583,0;7975286583,7977056082,0;7977056082,7977056084,0;7977056084,7977050965,0;7977050965,7977056079,0;7977056079,7979256640,0;7979256640,7979256626,0;7979256626,7979256668,0;7979256668,7977056101,0;7977056101,7967831807,0;7967831807,7967774259,0;7967774259,503464976,0;503464976,7961771680,0;7961771680,1116492807,0;1116492807,7967774262,0;7967774262,503464985,0;503464985,2530277199,0;2530277199,564083084,0;564083084,5374860944,0;5374860944,5374860978,0;5374860978,5374861143,0;5374861143,9053077286,0;9053077286,13527622504,0;13527622504,13167173350,0;13167173350,13527622497,0;13527622497,564083093,0;564083093,6317320202,0;6317320202,564083165,0;564083165,13167173329,0;13167173329,6317320222,0;6317320222,6028645652,0;6028645652,2369336843,0;2369336843,2369336701,0;2369336701,12333484744,0;12333484744,2368579077,0;2368579077,2369336820,0;2369336820,2368578991,0;2368578991,8887740818,0;8887740818,9570709534,0;9570709534,2369336807,0;2369336807,2368578970,0;2368578970,6043430915,0;6043430915,4899192485,0;4899192485,564639012,0;564639012,564638925,0;564638925,504640818,0;504640818,504637096,0;504637096,2787061089,0;2787061089,2787061351,0;2787061351,2787061330,0;2787061330,11155489650,0;11155489650,2787061341,0;2787061341,2787061167,0",T2,6102
2023-09-07T12:30:00+08:00,always,True,always,0.0,False,2,0,3,0.9199327917110895,0.3087269156284605,2023-09-07T12:30:00+08:00,10297.182344079098,0.3087269156284605,0.4022333146909803,0.3761492748100585,0.0,0.3087269156284605,112.00050002662464,"9706921350,9706921684,0;9706921684,9706921682,0;9706921682,9713848047,0;9713848047,9713848018,0;9713848018,9713848023,0;9713848023,12984979400,0;12984979400,9713848118,0;9713848118,9713848006,0;9713848006,9713847968,0;9713847968,9706921713,0;9706921713,9706921712,0;9706921712,9706921786,0;9706921786,9778914467,0;9778914467,9706887247,0;9706887247,9706857800,0;9706857800,9706857774,0;9706857774,9706857801,0;9706857801,9706857775,0;9706857775,9706857832,0;9706857832,9706857843,0;9706857843,7161807983,0;7161807983,7161812592,0;7161812592,499478563,0;499478563,499478564,0;499478564,7973114513,0;7973114513,7973099569,0;7973099569,7975273881,0;7975273881,7973099508,0;7973099508,7973099507,0;7973099507,7973114859,0;7973114859,8298792534,0;8298792534,8298792550,0;8298792550,7973114851,0;7973114851,7975286501,0;7975286501,8298792599,0;8298792599,1116501292,0;1116501292,7975286500,0;7975286500,1116501304,0;1116501304,7975286429,0;7975286429,7975286583,0;7975286583,7977056082,0;7977056082,7977056084,0;7977056084,7977050965,0;7977050965,7977056079,0;7977056079,7979256640,0;7979256640,7979256626,0;7979256626,7979256668,0;7979256668,7977056101,0;7977056101,7967831807,0;7967831807,7967774259,0;7967774259,503464976,0;503464976,7961771680,0;7961771680,1116492807,0;1116492807,7967774262,0;7967774262,503464985,0;503464985,2530277199,0;2530277199,564083084,0;564083084,5374860944,0;5374860944,5374860978,0;5374860978,5374861143,0;5374861143,9053077286,0;9053077286,13527622504,0;13527622504,13167173350,0;13167173350,13527622497,0;13527622497,564083093,0;564083093,6317320202,0;6317320202,564083165,0;564083165,13167173329,0;13167173329,6317320222,0;6317320222,6028645652,0;6028645652,2369336843,0;2369336843,2369336701,0;2369336701,12333484744,0;12333484744,2368579077,0;2368579077,2369336820,0;2369336820,2368578991,0;2368578991,8887740818,0;8887740818,9570709534,0;9570709534,2369336807,0;2369336807,2368578970,0;2368578970,6043430915,0;6043430915,4899192485,0;4899192485,564639012,0;564639012,564638925,0;564638925,504640818,0;504640818,504637096,0;504637096,2787061089,0;2787061089,2787061351,0;2787061351,2787061330,0;2787061330,11155489650,0;11155489650,2787061341,0;2787061341,2787061167,0",T2,6102
2023-09-07T12:30:00+08:00,triggered,False,keep_current,,False,0,0,1,0.9199327917110895,0.3087269156284605,2023-09-07T12:00:00+08:00,10297.182344079098,0.3087269156284605,0.4022333146909803,0.3761492748100585,0.0,0.3087269156284605,91.17660002084448,"9706921350,9706921684,0;9706921684,9706921682,0;9706921682,9713848047,0;9713848047,9713848018,0;9713848018,9713848023,0;9713848023,12984979400,0;12984979400,9713848118,0;9713848118,9713848006,0;9713848006,9713847968,0;9713847968,9706921713,0;9706921713,9706921712,0;9706921712,9706921786,0;9706921786,9778914467,0;9778914467,9706887247,0;9706887247,9706857800,0;9706857800,9706857774,0;9706857774,9706857801,0;9706857801,9706857775,0;9706857775,9706857832,0;9706857832,9706857843,0;9706857843,7161807983,0;7161807983,7161812592,0;7161812592,499478563,0;499478563,499478564,0;499478564,7973114513,0;7973114513,7973099569,0;7973099569,7975273881,0;7975273881,7973099508,0;7973099508,7973099507,0;7973099507,7973114859,0;7973114859,8298792534,0;8298792534,8298792550,0;8298792550,7973114851,0;7973114851,7975286501,0;7975286501,8298792599,0;8298792599,1116501292,0;1116501292,7975286500,0;7975286500,1116501304,0;1116501304,7975286429,0;7975286429,7975286583,0;7975286583,7977056082,0;7977056082,7977056084,0;7977056084,7977050965,0;7977050965,7977056079,0;7977056079,7979256640,0;7979256640,7979256626,0;7979256626,7979256668,0;7979256668,7977056101,0;7977056101,7967831807,0;7967831807,7967774259,0;7967774259,503464976,0;503464976,7961771680,0;7961771680,1116492807,0;1116492807,7967774262,0;7967774262,503464985,0;503464985,2530277199,0;2530277199,564083084,0;564083084,5374860944,0;5374860944,5374860978,0;5374860978,5374861143,0;5374861143,9053077286,0;9053077286,13527622504,0;13527622504,13167173350,0;13167173350,13527622497,0;13527622497,564083093,0;564083093,6317320202,0;6317320202,564083165,0;564083165,13167173329,0;13167173329,6317320222,0;6317320222,6028645652,0;6028645652,2369336843,0;2369336843,2369336701,0;2369336701,12333484744,0;12333484744,2368579077,0;2368579077,2369336820,0;2369336820,2368578991,0;2368578991,8887740818,0;8887740818,9570709534,0;9570709534,2369336807,0;2369336807,2368578970,0;2368578970,6043430915,0;6043430915,4899192485,0;4899192485,564639012,0;564639012,564638925,0;564638925,504640818,0;504640818,504637096,0;504637096,2787061089,0;2787061089,2787061351,0;2787061351,2787061330,0;2787061330,11155489650,0;11155489650,2787061341,0;2787061341,2787061167,0",T2,6102
2023-09-07T12:45:00+08:00,never,False,never,,False,0,0,1,0.9199327917110895,0.3066559988930067,2023-09-07T12:00:00+08:00,10297.182344079098,0.3066559988930067,0.3961996155918411,0.3751512262543688,0.0,0.3066559988930067,91.82460006559268,"9706921350,9706921684,0;9706921684,9706921682,0;9706921682,9713848047,0;9713848047,9713848018,0;9713848018,9713848023,0;9713848023,12984979400,0;12984979400,9713848118,0;9713848118,9713848006,0;9713848006,9713847968,0;9713847968,9706921713,0;9706921713,9706921712,0;9706921712,9706921786,0;9706921786,9778914467,0;9778914467,9706887247,0;9706887247,9706857800,0;9706857800,9706857774,0;9706857774,9706857801,0;9706857801,9706857775,0;9706857775,9706857832,0;9706857832,9706857843,0;9706857843,7161807983,0;7161807983,7161812592,0;7161812592,499478563,0;499478563,499478564,0;499478564,7973114513,0;7973114513,7973099569,0;7973099569,7975273881,0;7975273881,7973099508,0;7973099508,7973099507,0;7973099507,7973114859,0;7973114859,8298792534,0;8298792534,8298792550,0;8298792550,7973114851,0;7973114851,7975286501,0;7975286501,8298792599,0;8298792599,1116501292,0;1116501292,7975286500,0;7975286500,1116501304,0;1116501304,7975286429,0;7975286429,7975286583,0;7975286583,7977056082,0;7977056082,7977056084,0;7977056084,7977050965,0;7977050965,7977056079,0;7977056079,7979256640,0;7979256640,7979256626,0;7979256626,7979256668,0;7979256668,7977056101,0;7977056101,7967831807,0;7967831807,7967774259,0;7967774259,503464976,0;503464976,7961771680,0;7961771680,1116492807,0;1116492807,7967774262,0;7967774262,503464985,0;503464985,2530277199,0;2530277199,564083084,0;564083084,5374860944,0;5374860944,5374860978,0;5374860978,5374861143,0;5374861143,9053077286,0;9053077286,13527622504,0;13527622504,13167173350,0;13167173350,13527622497,0;13527622497,564083093,0;564083093,6317320202,0;6317320202,564083165,0;564083165,13167173329,0;13167173329,6317320222,0;6317320222,6028645652,0;6028645652,2369336843,0;2369336843,2369336701,0;2369336701,12333484744,0;12333484744,2368579077,0;2368579077,2369336820,0;2369336820,2368578991,0;2368578991,8887740818,0;8887740818,9570709534,0;9570709534,2369336807,0;2369336807,2368578970,0;2368578970,6043430915,0;6043430915,4899192485,0;4899192485,564639012,0;564639012,564638925,0;564638925,504640818,0;504640818,504637096,0;504637096,2787061089,0;2787061089,2787061351,0;2787061351,2787061330,0;2787061330,11155489650,0;11155489650,2787061341,0;2787061341,2787061167,0",T2,6102
2023-09-07T12:45:00+08:00,always,True,always,0.0,False,3,0,4,0.9199327917110895,0.3066559988930067,2023-09-07T12:45:00+08:00,10297.182344079098,0.3066559988930067,0.3961996155918411,0.3751512262543688,0.0,0.3066559988930067,109.53200003132224,"9706921350,9706921684,0;9706921684,9706921682,0;9706921682,9713848047,0;9713848047,9713848018,0;9713848018,9713848023,0;9713848023,12984979400,0;12984979400,9713848118,0;9713848118,9713848006,0;9713848006,9713847968,0;9713847968,9706921713,0;9706921713,9706921712,0;9706921712,9706921786,0;9706921786,9778914467,0;9778914467,9706887247,0;9706887247,9706857800,0;9706857800,9706857774,0;9706857774,9706857801,0;9706857801,9706857775,0;9706857775,9706857832,0;9706857832,9706857843,0;9706857843,7161807983,0;7161807983,7161812592,0;7161812592,499478563,0;499478563,499478564,0;499478564,7973114513,0;7973114513,7973099569,0;7973099569,7975273881,0;7975273881,7973099508,0;7973099508,7973099507,0;7973099507,7973114859,0;7973114859,8298792534,0;8298792534,8298792550,0;8298792550,7973114851,0;7973114851,7975286501,0;7975286501,8298792599,0;8298792599,1116501292,0;1116501292,7975286500,0;7975286500,1116501304,0;1116501304,7975286429,0;7975286429,7975286583,0;7975286583,7977056082,0;7977056082,7977056084,0;7977056084,7977050965,0;7977050965,7977056079,0;7977056079,7979256640,0;7979256640,7979256626,0;7979256626,7979256668,0;7979256668,7977056101,0;7977056101,7967831807,0;7967831807,7967774259,0;7967774259,503464976,0;503464976,7961771680,0;7961771680,1116492807,0;1116492807,7967774262,0;7967774262,503464985,0;503464985,2530277199,0;2530277199,564083084,0;564083084,5374860944,0;5374860944,5374860978,0;5374860978,5374861143,0;5374861143,9053077286,0;9053077286,13527622504,0;13527622504,13167173350,0;13167173350,13527622497,0;13527622497,564083093,0;564083093,6317320202,0;6317320202,564083165,0;564083165,13167173329,0;13167173329,6317320222,0;6317320222,6028645652,0;6028645652,2369336843,0;2369336843,2369336701,0;2369336701,12333484744,0;12333484744,2368579077,0;2368579077,2369336820,0;2369336820,2368578991,0;2368578991,8887740818,0;8887740818,9570709534,0;9570709534,2369336807,0;2369336807,2368578970,0;2368578970,6043430915,0;6043430915,4899192485,0;4899192485,564639012,0;564639012,564638925,0;564638925,504640818,0;504640818,504637096,0;504637096,2787061089,0;2787061089,2787061351,0;2787061351,2787061330,0;2787061330,11155489650,0;11155489650,2787061341,0;2787061341,2787061167,0",T2,6102
2023-09-07T12:45:00+08:00,triggered,False,keep_current,,False,0,0,1,0.9199327917110895,0.3066559988930067,2023-09-07T12:00:00+08:00,10297.182344079098,0.3066559988930067,0.3961996155918411,0.3751512262543688,0.0,0.3066559988930067,90.7831999938935,"9706921350,9706921684,0;9706921684,9706921682,0;9706921682,9713848047,0;9713848047,9713848018,0;9713848018,9713848023,0;9713848023,12984979400,0;12984979400,9713848118,0;9713848118,9713848006,0;9713848006,9713847968,0;9713847968,9706921713,0;9706921713,9706921712,0;9706921712,9706921786,0;9706921786,9778914467,0;9778914467,9706887247,0;9706887247,9706857800,0;9706857800,9706857774,0;9706857774,9706857801,0;9706857801,9706857775,0;9706857775,9706857832,0;9706857832,9706857843,0;9706857843,7161807983,0;7161807983,7161812592,0;7161812592,499478563,0;499478563,499478564,0;499478564,7973114513,0;7973114513,7973099569,0;7973099569,7975273881,0;7975273881,7973099508,0;7973099508,7973099507,0;7973099507,7973114859,0;7973114859,8298792534,0;8298792534,8298792550,0;8298792550,7973114851,0;7973114851,7975286501,0;7975286501,8298792599,0;8298792599,1116501292,0;1116501292,7975286500,0;7975286500,1116501304,0;1116501304,7975286429,0;7975286429,7975286583,0;7975286583,7977056082,0;7977056082,7977056084,0;7977056084,7977050965,0;7977050965,7977056079,0;7977056079,7979256640,0;7979256640,7979256626,0;7979256626,7979256668,0;7979256668,7977056101,0;7977056101,7967831807,0;7967831807,7967774259,0;7967774259,503464976,0;503464976,7961771680,0;7961771680,1116492807,0;1116492807,7967774262,0;7967774262,503464985,0;503464985,2530277199,0;2530277199,564083084,0;564083084,5374860944,0;5374860944,5374860978,0;5374860978,5374861143,0;5374861143,9053077286,0;9053077286,13527622504,0;13527622504,13167173350,0;13167173350,13527622497,0;13527622497,564083093,0;564083093,6317320202,0;6317320202,564083165,0;564083165,13167173329,0;13167173329,6317320222,0;6317320222,6028645652,0;6028645652,2369336843,0;2369336843,2369336701,0;2369336701,12333484744,0;12333484744,2368579077,0;2368579077,2369336820,0;2369336820,2368578991,0;2368578991,8887740818,0;8887740818,9570709534,0;9570709534,2369336807,0;2369336807,2368578970,0;2368578970,6043430915,0;6043430915,4899192485,0;4899192485,564639012,0;564639012,564638925,0;564638925,504640818,0;504640818,504637096,0;504637096,2787061089,0;2787061089,2787061351,0;2787061351,2787061330,0;2787061330,11155489650,0;11155489650,2787061341,0;2787061341,2787061167,0",T2,6102
2023-09-07T13:00:00+08:00,never,False,never,,False,0,0,1,0.9199327917110895,0.3087269156284605,2023-09-07T12:00:00+08:00,10297.182344079098,0.3087269156284605,0.4022333146909803,0.3761492748100585,0.0,0.3087269156284605,93.720700009726,"9706921350,9706921684,0;9706921684,9706921682,0;9706921682,9713848047,0;9713848047,9713848018,0;9713848018,9713848023,0;9713848023,12984979400,0;12984979400,9713848118,0;9713848118,9713848006,0;9713848006,9713847968,0;9713847968,9706921713,0;9706921713,9706921712,0;9706921712,9706921786,0;9706921786,9778914467,0;9778914467,9706887247,0;9706887247,9706857800,0;9706857800,9706857774,0;9706857774,9706857801,0;9706857801,9706857775,0;9706857775,9706857832,0;9706857832,9706857843,0;9706857843,7161807983,0;7161807983,7161812592,0;7161812592,499478563,0;499478563,499478564,0;499478564,7973114513,0;7973114513,7973099569,0;7973099569,7975273881,0;7975273881,7973099508,0;7973099508,7973099507,0;7973099507,7973114859,0;7973114859,8298792534,0;8298792534,8298792550,0;8298792550,7973114851,0;7973114851,7975286501,0;7975286501,8298792599,0;8298792599,1116501292,0;1116501292,7975286500,0;7975286500,1116501304,0;1116501304,7975286429,0;7975286429,7975286583,0;7975286583,7977056082,0;7977056082,7977056084,0;7977056084,7977050965,0;7977050965,7977056079,0;7977056079,7979256640,0;7979256640,7979256626,0;7979256626,7979256668,0;7979256668,7977056101,0;7977056101,7967831807,0;7967831807,7967774259,0;7967774259,503464976,0;503464976,7961771680,0;7961771680,1116492807,0;1116492807,7967774262,0;7967774262,503464985,0;503464985,2530277199,0;2530277199,564083084,0;564083084,5374860944,0;5374860944,5374860978,0;5374860978,5374861143,0;5374861143,9053077286,0;9053077286,13527622504,0;13527622504,13167173350,0;13167173350,13527622497,0;13527622497,564083093,0;564083093,6317320202,0;6317320202,564083165,0;564083165,13167173329,0;13167173329,6317320222,0;6317320222,6028645652,0;6028645652,2369336843,0;2369336843,2369336701,0;2369336701,12333484744,0;12333484744,2368579077,0;2368579077,2369336820,0;2369336820,2368578991,0;2368578991,8887740818,0;8887740818,9570709534,0;9570709534,2369336807,0;2369336807,2368578970,0;2368578970,6043430915,0;6043430915,4899192485,0;4899192485,564639012,0;564639012,564638925,0;564638925,504640818,0;504640818,504637096,0;504637096,2787061089,0;2787061089,2787061351,0;2787061351,2787061330,0;2787061330,11155489650,0;11155489650,2787061341,0;2787061341,2787061167,0",T2,6102
2023-09-07T13:00:00+08:00,always,True,always,0.0,False,4,0,5,0.9199327917110895,0.3087269156284605,2023-09-07T13:00:00+08:00,10297.182344079098,0.3087269156284605,0.4022333146909803,0.3761492748100585,0.0,0.3087269156284605,113.05410001659766,"9706921350,9706921684,0;9706921684,9706921682,0;9706921682,9713848047,0;9713848047,9713848018,0;9713848018,9713848023,0;9713848023,12984979400,0;12984979400,9713848118,0;9713848118,9713848006,0;9713848006,9713847968,0;9713847968,9706921713,0;9706921713,9706921712,0;9706921712,9706921786,0;9706921786,9778914467,0;9778914467,9706887247,0;9706887247,9706857800,0;9706857800,9706857774,0;9706857774,9706857801,0;9706857801,9706857775,0;9706857775,9706857832,0;9706857832,9706857843,0;9706857843,7161807983,0;7161807983,7161812592,0;7161812592,499478563,0;499478563,499478564,0;499478564,7973114513,0;7973114513,7973099569,0;7973099569,7975273881,0;7975273881,7973099508,0;7973099508,7973099507,0;7973099507,7973114859,0;7973114859,8298792534,0;8298792534,8298792550,0;8298792550,7973114851,0;7973114851,7975286501,0;7975286501,8298792599,0;8298792599,1116501292,0;1116501292,7975286500,0;7975286500,1116501304,0;1116501304,7975286429,0;7975286429,7975286583,0;7975286583,7977056082,0;7977056082,7977056084,0;7977056084,7977050965,0;7977050965,7977056079,0;7977056079,7979256640,0;7979256640,7979256626,0;7979256626,7979256668,0;7979256668,7977056101,0;7977056101,7967831807,0;7967831807,7967774259,0;7967774259,503464976,0;503464976,7961771680,0;7961771680,1116492807,0;1116492807,7967774262,0;7967774262,503464985,0;503464985,2530277199,0;2530277199,564083084,0;564083084,5374860944,0;5374860944,5374860978,0;5374860978,5374861143,0;5374861143,9053077286,0;9053077286,13527622504,0;13527622504,13167173350,0;13167173350,13527622497,0;13527622497,564083093,0;564083093,6317320202,0;6317320202,564083165,0;564083165,13167173329,0;13167173329,6317320222,0;6317320222,6028645652,0;6028645652,2369336843,0;2369336843,2369336701,0;2369336701,12333484744,0;12333484744,2368579077,0;2368579077,2369336820,0;2369336820,2368578991,0;2368578991,8887740818,0;8887740818,9570709534,0;9570709534,2369336807,0;2369336807,2368578970,0;2368578970,6043430915,0;6043430915,4899192485,0;4899192485,564639012,0;564639012,564638925,0;564638925,504640818,0;504640818,504637096,0;504637096,2787061089,0;2787061089,2787061351,0;2787061351,2787061330,0;2787061330,11155489650,0;11155489650,2787061341,0;2787061341,2787061167,0",T2,6102
2023-09-07T13:00:00+08:00,triggered,False,keep_current,,False,0,0,1,0.9199327917110895,0.3087269156284605,2023-09-07T12:00:00+08:00,10297.182344079098,0.3087269156284605,0.4022333146909803,0.3761492748100585,0.0,0.3087269156284605,93.81460002623498,"9706921350,9706921684,0;9706921684,9706921682,0;9706921682,9713848047,0;9713848047,9713848018,0;9713848018,9713848023,0;9713848023,12984979400,0;12984979400,9713848118,0;9713848118,9713848006,0;9713848006,9713847968,0;9713847968,9706921713,0;9706921713,9706921712,0;9706921712,9706921786,0;9706921786,9778914467,0;9778914467,9706887247,0;9706887247,9706857800,0;9706857800,9706857774,0;9706857774,9706857801,0;9706857801,9706857775,0;9706857775,9706857832,0;9706857832,9706857843,0;9706857843,7161807983,0;7161807983,7161812592,0;7161812592,499478563,0;499478563,499478564,0;499478564,7973114513,0;7973114513,7973099569,0;7973099569,7975273881,0;7975273881,7973099508,0;7973099508,7973099507,0;7973099507,7973114859,0;7973114859,8298792534,0;8298792534,8298792550,0;8298792550,7973114851,0;7973114851,7975286501,0;7975286501,8298792599,0;8298792599,1116501292,0;1116501292,7975286500,0;7975286500,1116501304,0;1116501304,7975286429,0;7975286429,7975286583,0;7975286583,7977056082,0;7977056082,7977056084,0;7977056084,7977050965,0;7977050965,7977056079,0;7977056079,7979256640,0;7979256640,7979256626,0;7979256626,7979256668,0;7979256668,7977056101,0;7977056101,7967831807,0;7967831807,7967774259,0;7967774259,503464976,0;503464976,7961771680,0;7961771680,1116492807,0;1116492807,7967774262,0;7967774262,503464985,0;503464985,2530277199,0;2530277199,564083084,0;564083084,5374860944,0;5374860944,5374860978,0;5374860978,5374861143,0;5374861143,9053077286,0;9053077286,13527622504,0;13527622504,13167173350,0;13167173350,13527622497,0;13527622497,564083093,0;564083093,6317320202,0;6317320202,564083165,0;564083165,13167173329,0;13167173329,6317320222,0;6317320222,6028645652,0;6028645652,2369336843,0;2369336843,2369336701,0;2369336701,12333484744,0;12333484744,2368579077,0;2368579077,2369336820,0;2369336820,2368578991,0;2368578991,8887740818,0;8887740818,9570709534,0;9570709534,2369336807,0;2369336807,2368578970,0;2368578970,6043430915,0;6043430915,4899192485,0;4899192485,564639012,0;564639012,564638925,0;564638925,504640818,0;504640818,504637096,0;504637096,2787061089,0;2787061089,2787061351,0;2787061351,2787061330,0;2787061330,11155489650,0;11155489650,2787061341,0;2787061341,2787061167,0",T2,6102
2023-09-07T13:15:00+08:00,never,False,never,,False,0,0,1,0.9199327917110895,0.3107978323639143,2023-09-07T12:00:00+08:00,10297.182344079098,0.3107978323639143,0.4082670137901195,0.3798655407539564,0.0,0.3107978323639143,106.46719997748733,"9706921350,9706921684,0;9706921684,9706921682,0;9706921682,9713848047,0;9713848047,9713848018,0;9713848018,9713848023,0;9713848023,12984979400,0;12984979400,9713848118,0;9713848118,9713848006,0;9713848006,9713847968,0;9713847968,9706921713,0;9706921713,9706921712,0;9706921712,9706921786,0;9706921786,9778914467,0;9778914467,9706887247,0;9706887247,9706857800,0;9706857800,9706857774,0;9706857774,9706857801,0;9706857801,9706857775,0;9706857775,9706857832,0;9706857832,9706857843,0;9706857843,7161807983,0;7161807983,7161812592,0;7161812592,499478563,0;499478563,499478564,0;499478564,7973114513,0;7973114513,7973099569,0;7973099569,7975273881,0;7975273881,7973099508,0;7973099508,7973099507,0;7973099507,7973114859,0;7973114859,8298792534,0;8298792534,8298792550,0;8298792550,7973114851,0;7973114851,7975286501,0;7975286501,8298792599,0;8298792599,1116501292,0;1116501292,7975286500,0;7975286500,1116501304,0;1116501304,7975286429,0;7975286429,7975286583,0;7975286583,7977056082,0;7977056082,7977056084,0;7977056084,7977050965,0;7977050965,7977056079,0;7977056079,7979256640,0;7979256640,7979256626,0;7979256626,7979256668,0;7979256668,7977056101,0;7977056101,7967831807,0;7967831807,7967774259,0;7967774259,503464976,0;503464976,7961771680,0;7961771680,1116492807,0;1116492807,7967774262,0;7967774262,503464985,0;503464985,2530277199,0;2530277199,564083084,0;564083084,5374860944,0;5374860944,5374860978,0;5374860978,5374861143,0;5374861143,9053077286,0;9053077286,13527622504,0;13527622504,13167173350,0;13167173350,13527622497,0;13527622497,564083093,0;564083093,6317320202,0;6317320202,564083165,0;564083165,13167173329,0;13167173329,6317320222,0;6317320222,6028645652,0;6028645652,2369336843,0;2369336843,2369336701,0;2369336701,12333484744,0;12333484744,2368579077,0;2368579077,2369336820,0;2369336820,2368578991,0;2368578991,8887740818,0;8887740818,9570709534,0;9570709534,2369336807,0;2369336807,2368578970,0;2368578970,6043430915,0;6043430915,4899192485,0;4899192485,564639012,0;564639012,564638925,0;564638925,504640818,0;504640818,504637096,0;504637096,2787061089,0;2787061089,2787061351,0;2787061351,2787061330,0;2787061330,11155489650,0;11155489650,2787061341,0;2787061341,2787061167,0",T2,6102
2023-09-07T13:15:00+08:00,always,True,always,0.0,False,5,0,6,0.9199327917110895,0.3107978323639143,2023-09-07T13:15:00+08:00,10297.182344079098,0.3107978323639143,0.4082670137901195,0.3798655407539564,0.0,0.3107978323639143,127.39759997930378,"9706921350,9706921684,0;9706921684,9706921682,0;9706921682,9713848047,0;9713848047,9713848018,0;9713848018,9713848023,0;9713848023,12984979400,0;12984979400,9713848118,0;9713848118,9713848006,0;9713848006,9713847968,0;9713847968,9706921713,0;9706921713,9706921712,0;9706921712,9706921786,0;9706921786,9778914467,0;9778914467,9706887247,0;9706887247,9706857800,0;9706857800,9706857774,0;9706857774,9706857801,0;9706857801,9706857775,0;9706857775,9706857832,0;9706857832,9706857843,0;9706857843,7161807983,0;7161807983,7161812592,0;7161812592,499478563,0;499478563,499478564,0;499478564,7973114513,0;7973114513,7973099569,0;7973099569,7975273881,0;7975273881,7973099508,0;7973099508,7973099507,0;7973099507,7973114859,0;7973114859,8298792534,0;8298792534,8298792550,0;8298792550,7973114851,0;7973114851,7975286501,0;7975286501,8298792599,0;8298792599,1116501292,0;1116501292,7975286500,0;7975286500,1116501304,0;1116501304,7975286429,0;7975286429,7975286583,0;7975286583,7977056082,0;7977056082,7977056084,0;7977056084,7977050965,0;7977050965,7977056079,0;7977056079,7979256640,0;7979256640,7979256626,0;7979256626,7979256668,0;7979256668,7977056101,0;7977056101,7967831807,0;7967831807,7967774259,0;7967774259,503464976,0;503464976,7961771680,0;7961771680,1116492807,0;1116492807,7967774262,0;7967774262,503464985,0;503464985,2530277199,0;2530277199,564083084,0;564083084,5374860944,0;5374860944,5374860978,0;5374860978,5374861143,0;5374861143,9053077286,0;9053077286,13527622504,0;13527622504,13167173350,0;13167173350,13527622497,0;13527622497,564083093,0;564083093,6317320202,0;6317320202,564083165,0;564083165,13167173329,0;13167173329,6317320222,0;6317320222,6028645652,0;6028645652,2369336843,0;2369336843,2369336701,0;2369336701,12333484744,0;12333484744,2368579077,0;2368579077,2369336820,0;2369336820,2368578991,0;2368578991,8887740818,0;8887740818,9570709534,0;9570709534,2369336807,0;2369336807,2368578970,0;2368578970,6043430915,0;6043430915,4899192485,0;4899192485,564639012,0;564639012,564638925,0;564638925,504640818,0;504640818,504637096,0;504637096,2787061089,0;2787061089,2787061351,0;2787061351,2787061330,0;2787061330,11155489650,0;11155489650,2787061341,0;2787061341,2787061167,0",T2,6102
2023-09-07T13:15:00+08:00,triggered,False,keep_current,,False,0,0,1,0.9199327917110895,0.3107978323639143,2023-09-07T12:00:00+08:00,10297.182344079098,0.3107978323639143,0.4082670137901195,0.3798655407539564,0.0,0.3107978323639143,106.01139994105324,"9706921350,9706921684,0;9706921684,9706921682,0;9706921682,9713848047,0;9713848047,9713848018,0;9713848018,9713848023,0;9713848023,12984979400,0;12984979400,9713848118,0;9713848118,9713848006,0;9713848006,9713847968,0;9713847968,9706921713,0;9706921713,9706921712,0;9706921712,9706921786,0;9706921786,9778914467,0;9778914467,9706887247,0;9706887247,9706857800,0;9706857800,9706857774,0;9706857774,9706857801,0;9706857801,9706857775,0;9706857775,9706857832,0;9706857832,9706857843,0;9706857843,7161807983,0;7161807983,7161812592,0;7161812592,499478563,0;499478563,499478564,0;499478564,7973114513,0;7973114513,7973099569,0;7973099569,7975273881,0;7975273881,7973099508,0;7973099508,7973099507,0;7973099507,7973114859,0;7973114859,8298792534,0;8298792534,8298792550,0;8298792550,7973114851,0;7973114851,7975286501,0;7975286501,8298792599,0;8298792599,1116501292,0;1116501292,7975286500,0;7975286500,1116501304,0;1116501304,7975286429,0;7975286429,7975286583,0;7975286583,7977056082,0;7977056082,7977056084,0;7977056084,7977050965,0;7977050965,7977056079,0;7977056079,7979256640,0;7979256640,7979256626,0;7979256626,7979256668,0;7979256668,7977056101,0;7977056101,7967831807,0;7967831807,7967774259,0;7967774259,503464976,0;503464976,7961771680,0;7961771680,1116492807,0;1116492807,7967774262,0;7967774262,503464985,0;503464985,2530277199,0;2530277199,564083084,0;564083084,5374860944,0;5374860944,5374860978,0;5374860978,5374861143,0;5374861143,9053077286,0;9053077286,13527622504,0;13527622504,13167173350,0;13167173350,13527622497,0;13527622497,564083093,0;564083093,6317320202,0;6317320202,564083165,0;564083165,13167173329,0;13167173329,6317320222,0;6317320222,6028645652,0;6028645652,2369336843,0;2369336843,2369336701,0;2369336701,12333484744,0;12333484744,2368579077,0;2368579077,2369336820,0;2369336820,2368578991,0;2368578991,8887740818,0;8887740818,9570709534,0;9570709534,2369336807,0;2369336807,2368578970,0;2368578970,6043430915,0;6043430915,4899192485,0;4899192485,564639012,0;564639012,564638925,0;564638925,504640818,0;504640818,504637096,0;504637096,2787061089,0;2787061089,2787061351,0;2787061351,2787061330,0;2787061330,11155489650,0;11155489650,2787061341,0;2787061341,2787061167,0",T2,6102
2023-09-07T13:30:00+08:00,never,False,never,,False,0,0,1,0.9199327917110895,0.3087269156284605,2023-09-07T12:00:00+08:00,10297.182344079098,0.3087269156284605,0.4022333146909803,0.3761492748100585,0.0,0.3087269156284605,98.26820000307634,"9706921350,9706921684,0;9706921684,9706921682,0;9706921682,9713848047,0;9713848047,9713848018,0;9713848018,9713848023,0;9713848023,12984979400,0;12984979400,9713848118,0;9713848118,9713848006,0;9713848006,9713847968,0;9713847968,9706921713,0;9706921713,9706921712,0;9706921712,9706921786,0;9706921786,9778914467,0;9778914467,9706887247,0;9706887247,9706857800,0;9706857800,9706857774,0;9706857774,9706857801,0;9706857801,9706857775,0;9706857775,9706857832,0;9706857832,9706857843,0;9706857843,7161807983,0;7161807983,7161812592,0;7161812592,499478563,0;499478563,499478564,0;499478564,7973114513,0;7973114513,7973099569,0;7973099569,7975273881,0;7975273881,7973099508,0;7973099508,7973099507,0;7973099507,7973114859,0;7973114859,8298792534,0;8298792534,8298792550,0;8298792550,7973114851,0;7973114851,7975286501,0;7975286501,8298792599,0;8298792599,1116501292,0;1116501292,7975286500,0;7975286500,1116501304,0;1116501304,7975286429,0;7975286429,7975286583,0;7975286583,7977056082,0;7977056082,7977056084,0;7977056084,7977050965,0;7977050965,7977056079,0;7977056079,7979256640,0;7979256640,7979256626,0;7979256626,7979256668,0;7979256668,7977056101,0;7977056101,7967831807,0;7967831807,7967774259,0;7967774259,503464976,0;503464976,7961771680,0;7961771680,1116492807,0;1116492807,7967774262,0;7967774262,503464985,0;503464985,2530277199,0;2530277199,564083084,0;564083084,5374860944,0;5374860944,5374860978,0;5374860978,5374861143,0;5374861143,9053077286,0;9053077286,13527622504,0;13527622504,13167173350,0;13167173350,13527622497,0;13527622497,564083093,0;564083093,6317320202,0;6317320202,564083165,0;564083165,13167173329,0;13167173329,6317320222,0;6317320222,6028645652,0;6028645652,2369336843,0;2369336843,2369336701,0;2369336701,12333484744,0;12333484744,2368579077,0;2368579077,2369336820,0;2369336820,2368578991,0;2368578991,8887740818,0;8887740818,9570709534,0;9570709534,2369336807,0;2369336807,2368578970,0;2368578970,6043430915,0;6043430915,4899192485,0;4899192485,564639012,0;564639012,564638925,0;564638925,504640818,0;504640818,504637096,0;504637096,2787061089,0;2787061089,2787061351,0;2787061351,2787061330,0;2787061330,11155489650,0;11155489650,2787061341,0;2787061341,2787061167,0",T2,6102
2023-09-07T13:30:00+08:00,always,True,always,0.0,False,6,0,7,0.9199327917110895,0.3087269156284605,2023-09-07T13:30:00+08:00,10297.182344079098,0.3087269156284605,0.4022333146909803,0.3761492748100585,0.0,0.3087269156284605,117.80830001225696,"9706921350,9706921684,0;9706921684,9706921682,0;9706921682,9713848047,0;9713848047,9713848018,0;9713848018,9713848023,0;9713848023,12984979400,0;12984979400,9713848118,0;9713848118,9713848006,0;9713848006,9713847968,0;9713847968,9706921713,0;9706921713,9706921712,0;9706921712,9706921786,0;9706921786,9778914467,0;9778914467,9706887247,0;9706887247,9706857800,0;9706857800,9706857774,0;9706857774,9706857801,0;9706857801,9706857775,0;9706857775,9706857832,0;9706857832,9706857843,0;9706857843,7161807983,0;7161807983,7161812592,0;7161812592,499478563,0;499478563,499478564,0;499478564,7973114513,0;7973114513,7973099569,0;7973099569,7975273881,0;7975273881,7973099508,0;7973099508,7973099507,0;7973099507,7973114859,0;7973114859,8298792534,0;8298792534,8298792550,0;8298792550,7973114851,0;7973114851,7975286501,0;7975286501,8298792599,0;8298792599,1116501292,0;1116501292,7975286500,0;7975286500,1116501304,0;1116501304,7975286429,0;7975286429,7975286583,0;7975286583,7977056082,0;7977056082,7977056084,0;7977056084,7977050965,0;7977050965,7977056079,0;7977056079,7979256640,0;7979256640,7979256626,0;7979256626,7979256668,0;7979256668,7977056101,0;7977056101,7967831807,0;7967831807,7967774259,0;7967774259,503464976,0;503464976,7961771680,0;7961771680,1116492807,0;1116492807,7967774262,0;7967774262,503464985,0;503464985,2530277199,0;2530277199,564083084,0;564083084,5374860944,0;5374860944,5374860978,0;5374860978,5374861143,0;5374861143,9053077286,0;9053077286,13527622504,0;13527622504,13167173350,0;13167173350,13527622497,0;13527622497,564083093,0;564083093,6317320202,0;6317320202,564083165,0;564083165,13167173329,0;13167173329,6317320222,0;6317320222,6028645652,0;6028645652,2369336843,0;2369336843,2369336701,0;2369336701,12333484744,0;12333484744,2368579077,0;2368579077,2369336820,0;2369336820,2368578991,0;2368578991,8887740818,0;8887740818,9570709534,0;9570709534,2369336807,0;2369336807,2368578970,0;2368578970,6043430915,0;6043430915,4899192485,0;4899192485,564639012,0;564639012,564638925,0;564638925,504640818,0;504640818,504637096,0;504637096,2787061089,0;2787061089,2787061351,0;2787061351,2787061330,0;2787061330,11155489650,0;11155489650,2787061341,0;2787061341,2787061167,0",T2,6102
2023-09-07T13:30:00+08:00,triggered,False,keep_current,,False,0,0,1,0.9199327917110895,0.3087269156284605,2023-09-07T12:00:00+08:00,10297.182344079098,0.3087269156284605,0.4022333146909803,0.3761492748100585,0.0,0.3087269156284605,98.1059000478126,"9706921350,9706921684,0;9706921684,9706921682,0;9706921682,9713848047,0;9713848047,9713848018,0;9713848018,9713848023,0;9713848023,12984979400,0;12984979400,9713848118,0;9713848118,9713848006,0;9713848006,9713847968,0;9713847968,9706921713,0;9706921713,9706921712,0;9706921712,9706921786,0;9706921786,9778914467,0;9778914467,9706887247,0;9706887247,9706857800,0;9706857800,9706857774,0;9706857774,9706857801,0;9706857801,9706857775,0;9706857775,9706857832,0;9706857832,9706857843,0;9706857843,7161807983,0;7161807983,7161812592,0;7161812592,499478563,0;499478563,499478564,0;499478564,7973114513,0;7973114513,7973099569,0;7973099569,7975273881,0;7975273881,7973099508,0;7973099508,7973099507,0;7973099507,7973114859,0;7973114859,8298792534,0;8298792534,8298792550,0;8298792550,7973114851,0;7973114851,7975286501,0;7975286501,8298792599,0;8298792599,1116501292,0;1116501292,7975286500,0;7975286500,1116501304,0;1116501304,7975286429,0;7975286429,7975286583,0;7975286583,7977056082,0;7977056082,7977056084,0;7977056084,7977050965,0;7977050965,7977056079,0;7977056079,7979256640,0;7979256640,7979256626,0;7979256626,7979256668,0;7979256668,7977056101,0;7977056101,7967831807,0;7967831807,7967774259,0;7967774259,503464976,0;503464976,7961771680,0;7961771680,1116492807,0;1116492807,7967774262,0;7967774262,503464985,0;503464985,2530277199,0;2530277199,564083084,0;564083084,5374860944,0;5374860944,5374860978,0;5374860978,5374861143,0;5374861143,9053077286,0;9053077286,13527622504,0;13527622504,13167173350,0;13167173350,13527622497,0;13527622497,564083093,0;564083093,6317320202,0;6317320202,564083165,0;564083165,13167173329,0;13167173329,6317320222,0;6317320222,6028645652,0;6028645652,2369336843,0;2369336843,2369336701,0;2369336701,12333484744,0;12333484744,2368579077,0;2368579077,2369336820,0;2369336820,2368578991,0;2368578991,8887740818,0;8887740818,9570709534,0;9570709534,2369336807,0;2369336807,2368578970,0;2368578970,6043430915,0;6043430915,4899192485,0;4899192485,564639012,0;564639012,564638925,0;564638925,504640818,0;504640818,504637096,0;504637096,2787061089,0;2787061089,2787061351,0;2787061351,2787061330,0;2787061330,11155489650,0;11155489650,2787061341,0;2787061341,2787061167,0",T2,6102
2023-09-07T13:45:00+08:00,never,False,never,,False,0,0,1,0.9199327917110895,0.3066559988930067,2023-09-07T12:00:00+08:00,10297.182344079098,0.3066559988930067,0.3961996155918411,0.3751512262543688,0.0,0.3066559988930067,92.93849993264304,"9706921350,9706921684,0;9706921684,9706921682,0;9706921682,9713848047,0;9713848047,9713848018,0;9713848018,9713848023,0;9713848023,12984979400,0;12984979400,9713848118,0;9713848118,9713848006,0;9713848006,9713847968,0;9713847968,9706921713,0;9706921713,9706921712,0;9706921712,9706921786,0;9706921786,9778914467,0;9778914467,9706887247,0;9706887247,9706857800,0;9706857800,9706857774,0;9706857774,9706857801,0;9706857801,9706857775,0;9706857775,9706857832,0;9706857832,9706857843,0;9706857843,7161807983,0;7161807983,7161812592,0;7161812592,499478563,0;499478563,499478564,0;499478564,7973114513,0;7973114513,7973099569,0;7973099569,7975273881,0;7975273881,7973099508,0;7973099508,7973099507,0;7973099507,7973114859,0;7973114859,8298792534,0;8298792534,8298792550,0;8298792550,7973114851,0;7973114851,7975286501,0;7975286501,8298792599,0;8298792599,1116501292,0;1116501292,7975286500,0;7975286500,1116501304,0;1116501304,7975286429,0;7975286429,7975286583,0;7975286583,7977056082,0;7977056082,7977056084,0;7977056084,7977050965,0;7977050965,7977056079,0;7977056079,7979256640,0;7979256640,7979256626,0;7979256626,7979256668,0;7979256668,7977056101,0;7977056101,7967831807,0;7967831807,7967774259,0;7967774259,503464976,0;503464976,7961771680,0;7961771680,1116492807,0;1116492807,7967774262,0;7967774262,503464985,0;503464985,2530277199,0;2530277199,564083084,0;564083084,5374860944,0;5374860944,5374860978,0;5374860978,5374861143,0;5374861143,9053077286,0;9053077286,13527622504,0;13527622504,13167173350,0;13167173350,13527622497,0;13527622497,564083093,0;564083093,6317320202,0;6317320202,564083165,0;564083165,13167173329,0;13167173329,6317320222,0;6317320222,6028645652,0;6028645652,2369336843,0;2369336843,2369336701,0;2369336701,12333484744,0;12333484744,2368579077,0;2368579077,2369336820,0;2369336820,2368578991,0;2368578991,8887740818,0;8887740818,9570709534,0;9570709534,2369336807,0;2369336807,2368578970,0;2368578970,6043430915,0;6043430915,4899192485,0;4899192485,564639012,0;564639012,564638925,0;564638925,504640818,0;504640818,504637096,0;504637096,2787061089,0;2787061089,2787061351,0;2787061351,2787061330,0;2787061330,11155489650,0;11155489650,2787061341,0;2787061341,2787061167,0",T2,6102
2023-09-07T13:45:00+08:00,always,True,always,0.0,False,7,0,8,0.9199327917110895,0.3066559988930067,2023-09-07T13:45:00+08:00,10297.182344079098,0.3066559988930067,0.3961996155918411,0.3751512262543688,0.0,0.3066559988930067,112.86019993713126,"9706921350,9706921684,0;9706921684,9706921682,0;9706921682,9713848047,0;9713848047,9713848018,0;9713848018,9713848023,0;9713848023,12984979400,0;12984979400,9713848118,0;9713848118,9713848006,0;9713848006,9713847968,0;9713847968,9706921713,0;9706921713,9706921712,0;9706921712,9706921786,0;9706921786,9778914467,0;9778914467,9706887247,0;9706887247,9706857800,0;9706857800,9706857774,0;9706857774,9706857801,0;9706857801,9706857775,0;9706857775,9706857832,0;9706857832,9706857843,0;9706857843,7161807983,0;7161807983,7161812592,0;7161812592,499478563,0;499478563,499478564,0;499478564,7973114513,0;7973114513,7973099569,0;7973099569,7975273881,0;7975273881,7973099508,0;7973099508,7973099507,0;7973099507,7973114859,0;7973114859,8298792534,0;8298792534,8298792550,0;8298792550,7973114851,0;7973114851,7975286501,0;7975286501,8298792599,0;8298792599,1116501292,0;1116501292,7975286500,0;7975286500,1116501304,0;1116501304,7975286429,0;7975286429,7975286583,0;7975286583,7977056082,0;7977056082,7977056084,0;7977056084,7977050965,0;7977050965,7977056079,0;7977056079,7979256640,0;7979256640,7979256626,0;7979256626,7979256668,0;7979256668,7977056101,0;7977056101,7967831807,0;7967831807,7967774259,0;7967774259,503464976,0;503464976,7961771680,0;7961771680,1116492807,0;1116492807,7967774262,0;7967774262,503464985,0;503464985,2530277199,0;2530277199,564083084,0;564083084,5374860944,0;5374860944,5374860978,0;5374860978,5374861143,0;5374861143,9053077286,0;9053077286,13527622504,0;13527622504,13167173350,0;13167173350,13527622497,0;13527622497,564083093,0;564083093,6317320202,0;6317320202,564083165,0;564083165,13167173329,0;13167173329,6317320222,0;6317320222,6028645652,0;6028645652,2369336843,0;2369336843,2369336701,0;2369336701,12333484744,0;12333484744,2368579077,0;2368579077,2369336820,0;2369336820,2368578991,0;2368578991,8887740818,0;8887740818,9570709534,0;9570709534,2369336807,0;2369336807,2368578970,0;2368578970,6043430915,0;6043430915,4899192485,0;4899192485,564639012,0;564639012,564638925,0;564638925,504640818,0;504640818,504637096,0;504637096,2787061089,0;2787061089,2787061351,0;2787061351,2787061330,0;2787061330,11155489650,0;11155489650,2787061341,0;2787061341,2787061167,0",T2,6102
2023-09-07T13:45:00+08:00,triggered,False,keep_current,,False,0,0,1,0.9199327917110895,0.3066559988930067,2023-09-07T12:00:00+08:00,10297.182344079098,0.3066559988930067,0.3961996155918411,0.3751512262543688,0.0,0.3066559988930067,92.33579994179308,"9706921350,9706921684,0;9706921684,9706921682,0;9706921682,9713848047,0;9713848047,9713848018,0;9713848018,9713848023,0;9713848023,12984979400,0;12984979400,9713848118,0;9713848118,9713848006,0;9713848006,9713847968,0;9713847968,9706921713,0;9706921713,9706921712,0;9706921712,9706921786,0;9706921786,9778914467,0;9778914467,9706887247,0;9706887247,9706857800,0;9706857800,9706857774,0;9706857774,9706857801,0;9706857801,9706857775,0;9706857775,9706857832,0;9706857832,9706857843,0;9706857843,7161807983,0;7161807983,7161812592,0;7161812592,499478563,0;499478563,499478564,0;499478564,7973114513,0;7973114513,7973099569,0;7973099569,7975273881,0;7975273881,7973099508,0;7973099508,7973099507,0;7973099507,7973114859,0;7973114859,8298792534,0;8298792534,8298792550,0;8298792550,7973114851,0;7973114851,7975286501,0;7975286501,8298792599,0;8298792599,1116501292,0;1116501292,7975286500,0;7975286500,1116501304,0;1116501304,7975286429,0;7975286429,7975286583,0;7975286583,7977056082,0;7977056082,7977056084,0;7977056084,7977050965,0;7977050965,7977056079,0;7977056079,7979256640,0;7979256640,7979256626,0;7979256626,7979256668,0;7979256668,7977056101,0;7977056101,7967831807,0;7967831807,7967774259,0;7967774259,503464976,0;503464976,7961771680,0;7961771680,1116492807,0;1116492807,7967774262,0;7967774262,503464985,0;503464985,2530277199,0;2530277199,564083084,0;564083084,5374860944,0;5374860944,5374860978,0;5374860978,5374861143,0;5374861143,9053077286,0;9053077286,13527622504,0;13527622504,13167173350,0;13167173350,13527622497,0;13527622497,564083093,0;564083093,6317320202,0;6317320202,564083165,0;564083165,13167173329,0;13167173329,6317320222,0;6317320222,6028645652,0;6028645652,2369336843,0;2369336843,2369336701,0;2369336701,12333484744,0;12333484744,2368579077,0;2368579077,2369336820,0;2369336820,2368578991,0;2368578991,8887740818,0;8887740818,9570709534,0;9570709534,2369336807,0;2369336807,2368578970,0;2368578970,6043430915,0;6043430915,4899192485,0;4899192485,564639012,0;564639012,564638925,0;564638925,504640818,0;504640818,504637096,0;504637096,2787061089,0;2787061089,2787061351,0;2787061351,2787061330,0;2787061330,11155489650,0;11155489650,2787061341,0;2787061341,2787061167,0",T2,6102
2023-09-07T14:00:00+08:00,never,False,never,,False,0,0,1,0.9199327917110895,0.3087269156284605,2023-09-07T12:00:00+08:00,10297.182344079098,0.3087269156284605,0.4022333146909803,0.3761492748100585,0.0,0.3087269156284605,93.08580000652,"9706921350,9706921684,0;9706921684,9706921682,0;9706921682,9713848047,0;9713848047,9713848018,0;9713848018,9713848023,0;9713848023,12984979400,0;12984979400,9713848118,0;9713848118,9713848006,0;9713848006,9713847968,0;9713847968,9706921713,0;9706921713,9706921712,0;9706921712,9706921786,0;9706921786,9778914467,0;9778914467,9706887247,0;9706887247,9706857800,0;9706857800,9706857774,0;9706857774,9706857801,0;9706857801,9706857775,0;9706857775,9706857832,0;9706857832,9706857843,0;9706857843,7161807983,0;7161807983,7161812592,0;7161812592,499478563,0;499478563,499478564,0;499478564,7973114513,0;7973114513,7973099569,0;7973099569,7975273881,0;7975273881,7973099508,0;7973099508,7973099507,0;7973099507,7973114859,0;7973114859,8298792534,0;8298792534,8298792550,0;8298792550,7973114851,0;7973114851,7975286501,0;7975286501,8298792599,0;8298792599,1116501292,0;1116501292,7975286500,0;7975286500,1116501304,0;1116501304,7975286429,0;7975286429,7975286583,0;7975286583,7977056082,0;7977056082,7977056084,0;7977056084,7977050965,0;7977050965,7977056079,0;7977056079,7979256640,0;7979256640,7979256626,0;7979256626,7979256668,0;7979256668,7977056101,0;7977056101,7967831807,0;7967831807,7967774259,0;7967774259,503464976,0;503464976,7961771680,0;7961771680,1116492807,0;1116492807,7967774262,0;7967774262,503464985,0;503464985,2530277199,0;2530277199,564083084,0;564083084,5374860944,0;5374860944,5374860978,0;5374860978,5374861143,0;5374861143,9053077286,0;9053077286,13527622504,0;13527622504,13167173350,0;13167173350,13527622497,0;13527622497,564083093,0;564083093,6317320202,0;6317320202,564083165,0;564083165,13167173329,0;13167173329,6317320222,0;6317320222,6028645652,0;6028645652,2369336843,0;2369336843,2369336701,0;2369336701,12333484744,0;12333484744,2368579077,0;2368579077,2369336820,0;2369336820,2368578991,0;2368578991,8887740818,0;8887740818,9570709534,0;9570709534,2369336807,0;2369336807,2368578970,0;2368578970,6043430915,0;6043430915,4899192485,0;4899192485,564639012,0;564639012,564638925,0;564638925,504640818,0;504640818,504637096,0;504637096,2787061089,0;2787061089,2787061351,0;2787061351,2787061330,0;2787061330,11155489650,0;11155489650,2787061341,0;2787061341,2787061167,0",T2,6102
2023-09-07T14:00:00+08:00,always,True,always,0.0,False,8,0,9,0.9199327917110895,0.3087269156284605,2023-09-07T14:00:00+08:00,10297.182344079098,0.3087269156284605,0.4022333146909803,0.3761492748100585,0.0,0.3087269156284605,113.67649998283014,"9706921350,9706921684,0;9706921684,9706921682,0;9706921682,9713848047,0;9713848047,9713848018,0;9713848018,9713848023,0;9713848023,12984979400,0;12984979400,9713848118,0;9713848118,9713848006,0;9713848006,9713847968,0;9713847968,9706921713,0;9706921713,9706921712,0;9706921712,9706921786,0;9706921786,9778914467,0;9778914467,9706887247,0;9706887247,9706857800,0;9706857800,9706857774,0;9706857774,9706857801,0;9706857801,9706857775,0;9706857775,9706857832,0;9706857832,9706857843,0;9706857843,7161807983,0;7161807983,7161812592,0;7161812592,499478563,0;499478563,499478564,0;499478564,7973114513,0;7973114513,7973099569,0;7973099569,7975273881,0;7975273881,7973099508,0;7973099508,7973099507,0;7973099507,7973114859,0;7973114859,8298792534,0;8298792534,8298792550,0;8298792550,7973114851,0;7973114851,7975286501,0;7975286501,8298792599,0;8298792599,1116501292,0;1116501292,7975286500,0;7975286500,1116501304,0;1116501304,7975286429,0;7975286429,7975286583,0;7975286583,7977056082,0;7977056082,7977056084,0;7977056084,7977050965,0;7977050965,7977056079,0;7977056079,7979256640,0;7979256640,7979256626,0;7979256626,7979256668,0;7979256668,7977056101,0;7977056101,7967831807,0;7967831807,7967774259,0;7967774259,503464976,0;503464976,7961771680,0;7961771680,1116492807,0;1116492807,7967774262,0;7967774262,503464985,0;503464985,2530277199,0;2530277199,564083084,0;564083084,5374860944,0;5374860944,5374860978,0;5374860978,5374861143,0;5374861143,9053077286,0;9053077286,13527622504,0;13527622504,13167173350,0;13167173350,13527622497,0;13527622497,564083093,0;564083093,6317320202,0;6317320202,564083165,0;564083165,13167173329,0;13167173329,6317320222,0;6317320222,6028645652,0;6028645652,2369336843,0;2369336843,2369336701,0;2369336701,12333484744,0;12333484744,2368579077,0;2368579077,2369336820,0;2369336820,2368578991,0;2368578991,8887740818,0;8887740818,9570709534,0;9570709534,2369336807,0;2369336807,2368578970,0;2368578970,6043430915,0;6043430915,4899192485,0;4899192485,564639012,0;564639012,564638925,0;564638925,504640818,0;504640818,504637096,0;504637096,2787061089,0;2787061089,2787061351,0;2787061351,2787061330,0;2787061330,11155489650,0;11155489650,2787061341,0;2787061341,2787061167,0",T2,6102
2023-09-07T14:00:00+08:00,triggered,False,keep_current,,False,0,0,1,0.9199327917110895,0.3087269156284605,2023-09-07T12:00:00+08:00,10297.182344079098,0.3087269156284605,0.4022333146909803,0.3761492748100585,0.0,0.3087269156284605,93.02169998409228,"9706921350,9706921684,0;9706921684,9706921682,0;9706921682,9713848047,0;9713848047,9713848018,0;9713848018,9713848023,0;9713848023,12984979400,0;12984979400,9713848118,0;9713848118,9713848006,0;9713848006,9713847968,0;9713847968,9706921713,0;9706921713,9706921712,0;9706921712,9706921786,0;9706921786,9778914467,0;9778914467,9706887247,0;9706887247,9706857800,0;9706857800,9706857774,0;9706857774,9706857801,0;9706857801,9706857775,0;9706857775,9706857832,0;9706857832,9706857843,0;9706857843,7161807983,0;7161807983,7161812592,0;7161812592,499478563,0;499478563,499478564,0;499478564,7973114513,0;7973114513,7973099569,0;7973099569,7975273881,0;7975273881,7973099508,0;7973099508,7973099507,0;7973099507,7973114859,0;7973114859,8298792534,0;8298792534,8298792550,0;8298792550,7973114851,0;7973114851,7975286501,0;7975286501,8298792599,0;8298792599,1116501292,0;1116501292,7975286500,0;7975286500,1116501304,0;1116501304,7975286429,0;7975286429,7975286583,0;7975286583,7977056082,0;7977056082,7977056084,0;7977056084,7977050965,0;7977050965,7977056079,0;7977056079,7979256640,0;7979256640,7979256626,0;7979256626,7979256668,0;7979256668,7977056101,0;7977056101,7967831807,0;7967831807,7967774259,0;7967774259,503464976,0;503464976,7961771680,0;7961771680,1116492807,0;1116492807,7967774262,0;7967774262,503464985,0;503464985,2530277199,0;2530277199,564083084,0;564083084,5374860944,0;5374860944,5374860978,0;5374860978,5374861143,0;5374861143,9053077286,0;9053077286,13527622504,0;13527622504,13167173350,0;13167173350,13527622497,0;13527622497,564083093,0;564083093,6317320202,0;6317320202,564083165,0;564083165,13167173329,0;13167173329,6317320222,0;6317320222,6028645652,0;6028645652,2369336843,0;2369336843,2369336701,0;2369336701,12333484744,0;12333484744,2368579077,0;2368579077,2369336820,0;2369336820,2368578991,0;2368578991,8887740818,0;8887740818,9570709534,0;9570709534,2369336807,0;2369336807,2368578970,0;2368578970,6043430915,0;6043430915,4899192485,0;4899192485,564639012,0;564639012,564638925,0;564638925,504640818,0;504640818,504637096,0;504637096,2787061089,0;2787061089,2787061351,0;2787061351,2787061330,0;2787061330,11155489650,0;11155489650,2787061341,0;2787061341,2787061167,0",T2,6102
2023-09-07T14:15:00+08:00,never,False,never,,False,0,0,1,0.9199327917110895,0.3107978323639143,2023-09-07T12:00:00+08:00,10297.182344079098,0.3107978323639143,0.4082670137901195,0.3798655407539564,0.0,0.3107978323639143,95.71879997383805,"9706921350,9706921684,0;9706921684,9706921682,0;9706921682,9713848047,0;9713848047,9713848018,0;9713848018,9713848023,0;9713848023,12984979400,0;12984979400,9713848118,0;9713848118,9713848006,0;9713848006,9713847968,0;9713847968,9706921713,0;9706921713,9706921712,0;9706921712,9706921786,0;9706921786,9778914467,0;9778914467,9706887247,0;9706887247,9706857800,0;9706857800,9706857774,0;9706857774,9706857801,0;9706857801,9706857775,0;9706857775,9706857832,0;9706857832,9706857843,0;9706857843,7161807983,0;7161807983,7161812592,0;7161812592,499478563,0;499478563,499478564,0;499478564,7973114513,0;7973114513,7973099569,0;7973099569,7975273881,0;7975273881,7973099508,0;7973099508,7973099507,0;7973099507,7973114859,0;7973114859,8298792534,0;8298792534,8298792550,0;8298792550,7973114851,0;7973114851,7975286501,0;7975286501,8298792599,0;8298792599,1116501292,0;1116501292,7975286500,0;7975286500,1116501304,0;1116501304,7975286429,0;7975286429,7975286583,0;7975286583,7977056082,0;7977056082,7977056084,0;7977056084,7977050965,0;7977050965,7977056079,0;7977056079,7979256640,0;7979256640,7979256626,0;7979256626,7979256668,0;7979256668,7977056101,0;7977056101,7967831807,0;7967831807,7967774259,0;7967774259,503464976,0;503464976,7961771680,0;7961771680,1116492807,0;1116492807,7967774262,0;7967774262,503464985,0;503464985,2530277199,0;2530277199,564083084,0;564083084,5374860944,0;5374860944,5374860978,0;5374860978,5374861143,0;5374861143,9053077286,0;9053077286,13527622504,0;13527622504,13167173350,0;13167173350,13527622497,0;13527622497,564083093,0;564083093,6317320202,0;6317320202,564083165,0;564083165,13167173329,0;13167173329,6317320222,0;6317320222,6028645652,0;6028645652,2369336843,0;2369336843,2369336701,0;2369336701,12333484744,0;12333484744,2368579077,0;2368579077,2369336820,0;2369336820,2368578991,0;2368578991,8887740818,0;8887740818,9570709534,0;9570709534,2369336807,0;2369336807,2368578970,0;2368578970,6043430915,0;6043430915,4899192485,0;4899192485,564639012,0;564639012,564638925,0;564638925,504640818,0;504640818,504637096,0;504637096,2787061089,0;2787061089,2787061351,0;2787061351,2787061330,0;2787061330,11155489650,0;11155489650,2787061341,0;2787061341,2787061167,0",T2,6102
2023-09-07T14:15:00+08:00,always,True,always,0.0,False,9,0,10,0.9199327917110895,0.3107978323639143,2023-09-07T14:15:00+08:00,10297.182344079098,0.3107978323639143,0.4082670137901195,0.3798655407539564,0.0,0.3107978323639143,114.68759999843314,"9706921350,9706921684,0;9706921684,9706921682,0;9706921682,9713848047,0;9713848047,9713848018,0;9713848018,9713848023,0;9713848023,12984979400,0;12984979400,9713848118,0;9713848118,9713848006,0;9713848006,9713847968,0;9713847968,9706921713,0;9706921713,9706921712,0;9706921712,9706921786,0;9706921786,9778914467,0;9778914467,9706887247,0;9706887247,9706857800,0;9706857800,9706857774,0;9706857774,9706857801,0;9706857801,9706857775,0;9706857775,9706857832,0;9706857832,9706857843,0;9706857843,7161807983,0;7161807983,7161812592,0;7161812592,499478563,0;499478563,499478564,0;499478564,7973114513,0;7973114513,7973099569,0;7973099569,7975273881,0;7975273881,7973099508,0;7973099508,7973099507,0;7973099507,7973114859,0;7973114859,8298792534,0;8298792534,8298792550,0;8298792550,7973114851,0;7973114851,7975286501,0;7975286501,8298792599,0;8298792599,1116501292,0;1116501292,7975286500,0;7975286500,1116501304,0;1116501304,7975286429,0;7975286429,7975286583,0;7975286583,7977056082,0;7977056082,7977056084,0;7977056084,7977050965,0;7977050965,7977056079,0;7977056079,7979256640,0;7979256640,7979256626,0;7979256626,7979256668,0;7979256668,7977056101,0;7977056101,7967831807,0;7967831807,7967774259,0;7967774259,503464976,0;503464976,7961771680,0;7961771680,1116492807,0;1116492807,7967774262,0;7967774262,503464985,0;503464985,2530277199,0;2530277199,564083084,0;564083084,5374860944,0;5374860944,5374860978,0;5374860978,5374861143,0;5374861143,9053077286,0;9053077286,13527622504,0;13527622504,13167173350,0;13167173350,13527622497,0;13527622497,564083093,0;564083093,6317320202,0;6317320202,564083165,0;564083165,13167173329,0;13167173329,6317320222,0;6317320222,6028645652,0;6028645652,2369336843,0;2369336843,2369336701,0;2369336701,12333484744,0;12333484744,2368579077,0;2368579077,2369336820,0;2369336820,2368578991,0;2368578991,8887740818,0;8887740818,9570709534,0;9570709534,2369336807,0;2369336807,2368578970,0;2368578970,6043430915,0;6043430915,4899192485,0;4899192485,564639012,0;564639012,564638925,0;564638925,504640818,0;504640818,504637096,0;504637096,2787061089,0;2787061089,2787061351,0;2787061351,2787061330,0;2787061330,11155489650,0;11155489650,2787061341,0;2787061341,2787061167,0",T2,6102
2023-09-07T14:15:00+08:00,triggered,False,keep_current,,False,0,0,1,0.9199327917110895,0.3107978323639143,2023-09-07T12:00:00+08:00,10297.182344079098,0.3107978323639143,0.4082670137901195,0.3798655407539564,0.0,0.3107978323639143,95.11940000811592,"9706921350,9706921684,0;9706921684,9706921682,0;9706921682,9713848047,0;9713848047,9713848018,0;9713848018,9713848023,0;9713848023,12984979400,0;12984979400,9713848118,0;9713848118,9713848006,0;9713848006,9713847968,0;9713847968,9706921713,0;9706921713,9706921712,0;9706921712,9706921786,0;9706921786,9778914467,0;9778914467,9706887247,0;9706887247,9706857800,0;9706857800,9706857774,0;9706857774,9706857801,0;9706857801,9706857775,0;9706857775,9706857832,0;9706857832,9706857843,0;9706857843,7161807983,0;7161807983,7161812592,0;7161812592,499478563,0;499478563,499478564,0;499478564,7973114513,0;7973114513,7973099569,0;7973099569,7975273881,0;7975273881,7973099508,0;7973099508,7973099507,0;7973099507,7973114859,0;7973114859,8298792534,0;8298792534,8298792550,0;8298792550,7973114851,0;7973114851,7975286501,0;7975286501,8298792599,0;8298792599,1116501292,0;1116501292,7975286500,0;7975286500,1116501304,0;1116501304,7975286429,0;7975286429,7975286583,0;7975286583,7977056082,0;7977056082,7977056084,0;7977056084,7977050965,0;7977050965,7977056079,0;7977056079,7979256640,0;7979256640,7979256626,0;7979256626,7979256668,0;7979256668,7977056101,0;7977056101,7967831807,0;7967831807,7967774259,0;7967774259,503464976,0;503464976,7961771680,0;7961771680,1116492807,0;1116492807,7967774262,0;7967774262,503464985,0;503464985,2530277199,0;2530277199,564083084,0;564083084,5374860944,0;5374860944,5374860978,0;5374860978,5374861143,0;5374861143,9053077286,0;9053077286,13527622504,0;13527622504,13167173350,0;13167173350,13527622497,0;13527622497,564083093,0;564083093,6317320202,0;6317320202,564083165,0;564083165,13167173329,0;13167173329,6317320222,0;6317320222,6028645652,0;6028645652,2369336843,0;2369336843,2369336701,0;2369336701,12333484744,0;12333484744,2368579077,0;2368579077,2369336820,0;2369336820,2368578991,0;2368578991,8887740818,0;8887740818,9570709534,0;9570709534,2369336807,0;2369336807,2368578970,0;2368578970,6043430915,0;6043430915,4899192485,0;4899192485,564639012,0;564639012,564638925,0;564638925,504640818,0;504640818,504637096,0;504637096,2787061089,0;2787061089,2787061351,0;2787061351,2787061330,0;2787061330,11155489650,0;11155489650,2787061341,0;2787061341,2787061167,0",T2,6102
2023-09-07T14:30:00+08:00,never,False,never,,False,0,0,1,0.9199327917110895,0.3087269156284605,2023-09-07T12:00:00+08:00,10297.182344079098,0.3087269156284605,0.4022333146909803,0.3761492748100585,0.0,0.3087269156284605,91.390700021293,"9706921350,9706921684,0;9706921684,9706921682,0;9706921682,9713848047,0;9713848047,9713848018,0;9713848018,9713848023,0;9713848023,12984979400,0;12984979400,9713848118,0;9713848118,9713848006,0;9713848006,9713847968,0;9713847968,9706921713,0;9706921713,9706921712,0;9706921712,9706921786,0;9706921786,9778914467,0;9778914467,9706887247,0;9706887247,9706857800,0;9706857800,9706857774,0;9706857774,9706857801,0;9706857801,9706857775,0;9706857775,9706857832,0;9706857832,9706857843,0;9706857843,7161807983,0;7161807983,7161812592,0;7161812592,499478563,0;499478563,499478564,0;499478564,7973114513,0;7973114513,7973099569,0;7973099569,7975273881,0;7975273881,7973099508,0;7973099508,7973099507,0;7973099507,7973114859,0;7973114859,8298792534,0;8298792534,8298792550,0;8298792550,7973114851,0;7973114851,7975286501,0;7975286501,8298792599,0;8298792599,1116501292,0;1116501292,7975286500,0;7975286500,1116501304,0;1116501304,7975286429,0;7975286429,7975286583,0;7975286583,7977056082,0;7977056082,7977056084,0;7977056084,7977050965,0;7977050965,7977056079,0;7977056079,7979256640,0;7979256640,7979256626,0;7979256626,7979256668,0;7979256668,7977056101,0;7977056101,7967831807,0;7967831807,7967774259,0;7967774259,503464976,0;503464976,7961771680,0;7961771680,1116492807,0;1116492807,7967774262,0;7967774262,503464985,0;503464985,2530277199,0;2530277199,564083084,0;564083084,5374860944,0;5374860944,5374860978,0;5374860978,5374861143,0;5374861143,9053077286,0;9053077286,13527622504,0;13527622504,13167173350,0;13167173350,13527622497,0;13527622497,564083093,0;564083093,6317320202,0;6317320202,564083165,0;564083165,13167173329,0;13167173329,6317320222,0;6317320222,6028645652,0;6028645652,2369336843,0;2369336843,2369336701,0;2369336701,12333484744,0;12333484744,2368579077,0;2368579077,2369336820,0;2369336820,2368578991,0;2368578991,8887740818,0;8887740818,9570709534,0;9570709534,2369336807,0;2369336807,2368578970,0;2368578970,6043430915,0;6043430915,4899192485,0;4899192485,564639012,0;564639012,564638925,0;564638925,504640818,0;504640818,504637096,0;504637096,2787061089,0;2787061089,2787061351,0;2787061351,2787061330,0;2787061330,11155489650,0;11155489650,2787061341,0;2787061341,2787061167,0",T2,6102
2023-09-07T14:30:00+08:00,always,True,always,0.0,False,10,0,11,0.9199327917110895,0.3087269156284605,2023-09-07T14:30:00+08:00,10297.182344079098,0.3087269156284605,0.4022333146909803,0.3761492748100585,0.0,0.3087269156284605,111.97500000707804,"9706921350,9706921684,0;9706921684,9706921682,0;9706921682,9713848047,0;9713848047,9713848018,0;9713848018,9713848023,0;9713848023,12984979400,0;12984979400,9713848118,0;9713848118,9713848006,0;9713848006,9713847968,0;9713847968,9706921713,0;9706921713,9706921712,0;9706921712,9706921786,0;9706921786,9778914467,0;9778914467,9706887247,0;9706887247,9706857800,0;9706857800,9706857774,0;9706857774,9706857801,0;9706857801,9706857775,0;9706857775,9706857832,0;9706857832,9706857843,0;9706857843,7161807983,0;7161807983,7161812592,0;7161812592,499478563,0;499478563,499478564,0;499478564,7973114513,0;7973114513,7973099569,0;7973099569,7975273881,0;7975273881,7973099508,0;7973099508,7973099507,0;7973099507,7973114859,0;7973114859,8298792534,0;8298792534,8298792550,0;8298792550,7973114851,0;7973114851,7975286501,0;7975286501,8298792599,0;8298792599,1116501292,0;1116501292,7975286500,0;7975286500,1116501304,0;1116501304,7975286429,0;7975286429,7975286583,0;7975286583,7977056082,0;7977056082,7977056084,0;7977056084,7977050965,0;7977050965,7977056079,0;7977056079,7979256640,0;7979256640,7979256626,0;7979256626,7979256668,0;7979256668,7977056101,0;7977056101,7967831807,0;7967831807,7967774259,0;7967774259,503464976,0;503464976,7961771680,0;7961771680,1116492807,0;1116492807,7967774262,0;7967774262,503464985,0;503464985,2530277199,0;2530277199,564083084,0;564083084,5374860944,0;5374860944,5374860978,0;5374860978,5374861143,0;5374861143,9053077286,0;9053077286,13527622504,0;13527622504,13167173350,0;13167173350,13527622497,0;13527622497,564083093,0;564083093,6317320202,0;6317320202,564083165,0;564083165,13167173329,0;13167173329,6317320222,0;6317320222,6028645652,0;6028645652,2369336843,0;2369336843,2369336701,0;2369336701,12333484744,0;12333484744,2368579077,0;2368579077,2369336820,0;2369336820,2368578991,0;2368578991,8887740818,0;8887740818,9570709534,0;9570709534,2369336807,0;2369336807,2368578970,0;2368578970,6043430915,0;6043430915,4899192485,0;4899192485,564639012,0;564639012,564638925,0;564638925,504640818,0;504640818,504637096,0;504637096,2787061089,0;2787061089,2787061351,0;2787061351,2787061330,0;2787061330,11155489650,0;11155489650,2787061341,0;2787061341,2787061167,0",T2,6102
2023-09-07T14:30:00+08:00,triggered,False,keep_current,,False,0,0,1,0.9199327917110895,0.3087269156284605,2023-09-07T12:00:00+08:00,10297.182344079098,0.3087269156284605,0.4022333146909803,0.3761492748100585,0.0,0.3087269156284605,91.23970003565772,"9706921350,9706921684,0;9706921684,9706921682,0;9706921682,9713848047,0;9713848047,9713848018,0;9713848018,9713848023,0;9713848023,12984979400,0;12984979400,9713848118,0;9713848118,9713848006,0;9713848006,9713847968,0;9713847968,9706921713,0;9706921713,9706921712,0;9706921712,9706921786,0;9706921786,9778914467,0;9778914467,9706887247,0;9706887247,9706857800,0;9706857800,9706857774,0;9706857774,9706857801,0;9706857801,9706857775,0;9706857775,9706857832,0;9706857832,9706857843,0;9706857843,7161807983,0;7161807983,7161812592,0;7161812592,499478563,0;499478563,499478564,0;499478564,7973114513,0;7973114513,7973099569,0;7973099569,7975273881,0;7975273881,7973099508,0;7973099508,7973099507,0;7973099507,7973114859,0;7973114859,8298792534,0;8298792534,8298792550,0;8298792550,7973114851,0;7973114851,7975286501,0;7975286501,8298792599,0;8298792599,1116501292,0;1116501292,7975286500,0;7975286500,1116501304,0;1116501304,7975286429,0;7975286429,7975286583,0;7975286583,7977056082,0;7977056082,7977056084,0;7977056084,7977050965,0;7977050965,7977056079,0;7977056079,7979256640,0;7979256640,7979256626,0;7979256626,7979256668,0;7979256668,7977056101,0;7977056101,7967831807,0;7967831807,7967774259,0;7967774259,503464976,0;503464976,7961771680,0;7961771680,1116492807,0;1116492807,7967774262,0;7967774262,503464985,0;503464985,2530277199,0;2530277199,564083084,0;564083084,5374860944,0;5374860944,5374860978,0;5374860978,5374861143,0;5374861143,9053077286,0;9053077286,13527622504,0;13527622504,13167173350,0;13167173350,13527622497,0;13527622497,564083093,0;564083093,6317320202,0;6317320202,564083165,0;564083165,13167173329,0;13167173329,6317320222,0;6317320222,6028645652,0;6028645652,2369336843,0;2369336843,2369336701,0;2369336701,12333484744,0;12333484744,2368579077,0;2368579077,2369336820,0;2369336820,2368578991,0;2368578991,8887740818,0;8887740818,9570709534,0;9570709534,2369336807,0;2369336807,2368578970,0;2368578970,6043430915,0;6043430915,4899192485,0;4899192485,564639012,0;564639012,564638925,0;564638925,504640818,0;504640818,504637096,0;504637096,2787061089,0;2787061089,2787061351,0;2787061351,2787061330,0;2787061330,11155489650,0;11155489650,2787061341,0;2787061341,2787061167,0",T2,6102
2023-09-07T14:45:00+08:00,never,False,never,,False,0,0,1,0.9199327917110895,0.3066559988930067,2023-09-07T12:00:00+08:00,10297.182344079098,0.3066559988930067,0.3961996155918411,0.3751512262543688,0.0,0.3066559988930067,93.88280002167448,"9706921350,9706921684,0;9706921684,9706921682,0;9706921682,9713848047,0;9713848047,9713848018,0;9713848018,9713848023,0;9713848023,12984979400,0;12984979400,9713848118,0;9713848118,9713848006,0;9713848006,9713847968,0;9713847968,9706921713,0;9706921713,9706921712,0;9706921712,9706921786,0;9706921786,9778914467,0;9778914467,9706887247,0;9706887247,9706857800,0;9706857800,9706857774,0;9706857774,9706857801,0;9706857801,9706857775,0;9706857775,9706857832,0;9706857832,9706857843,0;9706857843,7161807983,0;7161807983,7161812592,0;7161812592,499478563,0;499478563,499478564,0;499478564,7973114513,0;7973114513,7973099569,0;7973099569,7975273881,0;7975273881,7973099508,0;7973099508,7973099507,0;7973099507,7973114859,0;7973114859,8298792534,0;8298792534,8298792550,0;8298792550,7973114851,0;7973114851,7975286501,0;7975286501,8298792599,0;8298792599,1116501292,0;1116501292,7975286500,0;7975286500,1116501304,0;1116501304,7975286429,0;7975286429,7975286583,0;7975286583,7977056082,0;7977056082,7977056084,0;7977056084,7977050965,0;7977050965,7977056079,0;7977056079,7979256640,0;7979256640,7979256626,0;7979256626,7979256668,0;7979256668,7977056101,0;7977056101,7967831807,0;7967831807,7967774259,0;7967774259,503464976,0;503464976,7961771680,0;7961771680,1116492807,0;1116492807,7967774262,0;7967774262,503464985,0;503464985,2530277199,0;2530277199,564083084,0;564083084,5374860944,0;5374860944,5374860978,0;5374860978,5374861143,0;5374861143,9053077286,0;9053077286,13527622504,0;13527622504,13167173350,0;13167173350,13527622497,0;13527622497,564083093,0;564083093,6317320202,0;6317320202,564083165,0;564083165,13167173329,0;13167173329,6317320222,0;6317320222,6028645652,0;6028645652,2369336843,0;2369336843,2369336701,0;2369336701,12333484744,0;12333484744,2368579077,0;2368579077,2369336820,0;2369336820,2368578991,0;2368578991,8887740818,0;8887740818,9570709534,0;9570709534,2369336807,0;2369336807,2368578970,0;2368578970,6043430915,0;6043430915,4899192485,0;4899192485,564639012,0;564639012,564638925,0;564638925,504640818,0;504640818,504637096,0;504637096,2787061089,0;2787061089,2787061351,0;2787061351,2787061330,0;2787061330,11155489650,0;11155489650,2787061341,0;2787061341,2787061167,0",T2,6102
2023-09-07T14:45:00+08:00,always,True,always,0.0,False,11,0,12,0.9199327917110895,0.3066559988930067,2023-09-07T14:45:00+08:00,10297.182344079098,0.3066559988930067,0.3961996155918411,0.3751512262543688,0.0,0.3066559988930067,112.6641000737436,"9706921350,9706921684,0;9706921684,9706921682,0;9706921682,9713848047,0;9713848047,9713848018,0;9713848018,9713848023,0;9713848023,12984979400,0;12984979400,9713848118,0;9713848118,9713848006,0;9713848006,9713847968,0;9713847968,9706921713,0;9706921713,9706921712,0;9706921712,9706921786,0;9706921786,9778914467,0;9778914467,9706887247,0;9706887247,9706857800,0;9706857800,9706857774,0;9706857774,9706857801,0;9706857801,9706857775,0;9706857775,9706857832,0;9706857832,9706857843,0;9706857843,7161807983,0;7161807983,7161812592,0;7161812592,499478563,0;499478563,499478564,0;499478564,7973114513,0;7973114513,7973099569,0;7973099569,7975273881,0;7975273881,7973099508,0;7973099508,7973099507,0;7973099507,7973114859,0;7973114859,8298792534,0;8298792534,8298792550,0;8298792550,7973114851,0;7973114851,7975286501,0;7975286501,8298792599,0;8298792599,1116501292,0;1116501292,7975286500,0;7975286500,1116501304,0;1116501304,7975286429,0;7975286429,7975286583,0;7975286583,7977056082,0;7977056082,7977056084,0;7977056084,7977050965,0;7977050965,7977056079,0;7977056079,7979256640,0;7979256640,7979256626,0;7979256626,7979256668,0;7979256668,7977056101,0;7977056101,7967831807,0;7967831807,7967774259,0;7967774259,503464976,0;503464976,7961771680,0;7961771680,1116492807,0;1116492807,7967774262,0;7967774262,503464985,0;503464985,2530277199,0;2530277199,564083084,0;564083084,5374860944,0;5374860944,5374860978,0;5374860978,5374861143,0;5374861143,9053077286,0;9053077286,13527622504,0;13527622504,13167173350,0;13167173350,13527622497,0;13527622497,564083093,0;564083093,6317320202,0;6317320202,564083165,0;564083165,13167173329,0;13167173329,6317320222,0;6317320222,6028645652,0;6028645652,2369336843,0;2369336843,2369336701,0;2369336701,12333484744,0;12333484744,2368579077,0;2368579077,2369336820,0;2369336820,2368578991,0;2368578991,8887740818,0;8887740818,9570709534,0;9570709534,2369336807,0;2369336807,2368578970,0;2368578970,6043430915,0;6043430915,4899192485,0;4899192485,564639012,0;564639012,564638925,0;564638925,504640818,0;504640818,504637096,0;504637096,2787061089,0;2787061089,2787061351,0;2787061351,2787061330,0;2787061330,11155489650,0;11155489650,2787061341,0;2787061341,2787061167,0",T2,6102
2023-09-07T14:45:00+08:00,triggered,False,keep_current,,False,0,0,1,0.9199327917110895,0.3066559988930067,2023-09-07T12:00:00+08:00,10297.182344079098,0.3066559988930067,0.3961996155918411,0.3751512262543688,0.0,0.3066559988930067,93.31120003480464,"9706921350,9706921684,0;9706921684,9706921682,0;9706921682,9713848047,0;9713848047,9713848018,0;9713848018,9713848023,0;9713848023,12984979400,0;12984979400,9713848118,0;9713848118,9713848006,0;9713848006,9713847968,0;9713847968,9706921713,0;9706921713,9706921712,0;9706921712,9706921786,0;9706921786,9778914467,0;9778914467,9706887247,0;9706887247,9706857800,0;9706857800,9706857774,0;9706857774,9706857801,0;9706857801,9706857775,0;9706857775,9706857832,0;9706857832,9706857843,0;9706857843,7161807983,0;7161807983,7161812592,0;7161812592,499478563,0;499478563,499478564,0;499478564,7973114513,0;7973114513,7973099569,0;7973099569,7975273881,0;7975273881,7973099508,0;7973099508,7973099507,0;7973099507,7973114859,0;7973114859,8298792534,0;8298792534,8298792550,0;8298792550,7973114851,0;7973114851,7975286501,0;7975286501,8298792599,0;8298792599,1116501292,0;1116501292,7975286500,0;7975286500,1116501304,0;1116501304,7975286429,0;7975286429,7975286583,0;7975286583,7977056082,0;7977056082,7977056084,0;7977056084,7977050965,0;7977050965,7977056079,0;7977056079,7979256640,0;7979256640,7979256626,0;7979256626,7979256668,0;7979256668,7977056101,0;7977056101,7967831807,0;7967831807,7967774259,0;7967774259,503464976,0;503464976,7961771680,0;7961771680,1116492807,0;1116492807,7967774262,0;7967774262,503464985,0;503464985,2530277199,0;2530277199,564083084,0;564083084,5374860944,0;5374860944,5374860978,0;5374860978,5374861143,0;5374861143,9053077286,0;9053077286,13527622504,0;13527622504,13167173350,0;13167173350,13527622497,0;13527622497,564083093,0;564083093,6317320202,0;6317320202,564083165,0;564083165,13167173329,0;13167173329,6317320222,0;6317320222,6028645652,0;6028645652,2369336843,0;2369336843,2369336701,0;2369336701,12333484744,0;12333484744,2368579077,0;2368579077,2369336820,0;2369336820,2368578991,0;2368578991,8887740818,0;8887740818,9570709534,0;9570709534,2369336807,0;2369336807,2368578970,0;2368578970,6043430915,0;6043430915,4899192485,0;4899192485,564639012,0;564639012,564638925,0;564638925,504640818,0;504640818,504637096,0;504637096,2787061089,0;2787061089,2787061351,0;2787061351,2787061330,0;2787061330,11155489650,0;11155489650,2787061341,0;2787061341,2787061167,0",T2,6102
2023-09-07T12:00:00+08:00,never,True,initial,,False,0,0,1,0.9199327917110895,0.3087905659348496,2023-09-07T12:00:00+08:00,10297.182344079098,0.3087905659348496,0.402173251907878,0.3761536841912513,0.0,0.3087905659348496,107.29960002936424,"9706921350,9706921684,0;9706921684,9706921682,0;9706921682,9713848047,0;9713848047,9713848018,0;9713848018,9713848023,0;9713848023,12984979400,0;12984979400,9713848118,0;9713848118,9713848006,0;9713848006,9713847968,0;9713847968,9706921713,0;9706921713,9706921712,0;9706921712,9706921786,0;9706921786,9778914467,0;9778914467,9706887247,0;9706887247,9706857800,0;9706857800,9706857774,0;9706857774,9706857801,0;9706857801,9706857775,0;9706857775,9706857832,0;9706857832,9706857843,0;9706857843,7161807983,0;7161807983,7161812592,0;7161812592,499478563,0;499478563,499478564,0;499478564,7973114513,0;7973114513,7973099569,0;7973099569,7975273881,0;7975273881,7973099508,0;7973099508,7973099507,0;7973099507,7973114859,0;7973114859,8298792534,0;8298792534,8298792550,0;8298792550,7973114851,0;7973114851,7975286501,0;7975286501,8298792599,0;8298792599,1116501292,0;1116501292,7975286500,0;7975286500,1116501304,0;1116501304,7975286429,0;7975286429,7975286583,0;7975286583,7977056082,0;7977056082,7977056084,0;7977056084,7977050965,0;7977050965,7977056079,0;7977056079,7979256640,0;7979256640,7979256626,0;7979256626,7979256668,0;7979256668,7977056101,0;7977056101,7967831807,0;7967831807,7967774259,0;7967774259,503464976,0;503464976,7961771680,0;7961771680,1116492807,0;1116492807,7967774262,0;7967774262,503464985,0;503464985,2530277199,0;2530277199,564083084,0;564083084,5374860944,0;5374860944,5374860978,0;5374860978,5374861143,0;5374861143,9053077286,0;9053077286,13527622504,0;13527622504,13167173350,0;13167173350,13527622497,0;13527622497,564083093,0;564083093,6317320202,0;6317320202,564083165,0;564083165,13167173329,0;13167173329,6317320222,0;6317320222,6028645652,0;6028645652,2369336843,0;2369336843,2369336701,0;2369336701,12333484744,0;12333484744,2368579077,0;2368579077,2369336820,0;2369336820,2368578991,0;2368578991,8887740818,0;8887740818,9570709534,0;9570709534,2369336807,0;2369336807,2368578970,0;2368578970,6043430915,0;6043430915,4899192485,0;4899192485,564639012,0;564639012,564638925,0;564638925,504640818,0;504640818,504637096,0;504637096,2787061089,0;2787061089,2787061351,0;2787061351,2787061330,0;2787061330,11155489650,0;11155489650,2787061341,0;2787061341,2787061167,0",T2,6103
2023-09-07T12:00:00+08:00,always,True,initial,,False,0,0,1,0.9199327917110895,0.3087905659348496,2023-09-07T12:00:00+08:00,10297.182344079098,0.3087905659348496,0.402173251907878,0.3761536841912513,0.0,0.3087905659348496,106.93529999116436,"9706921350,9706921684,0;9706921684,9706921682,0;9706921682,9713848047,0;9713848047,9713848018,0;9713848018,9713848023,0;9713848023,12984979400,0;12984979400,9713848118,0;9713848118,9713848006,0;9713848006,9713847968,0;9713847968,9706921713,0;9706921713,9706921712,0;9706921712,9706921786,0;9706921786,9778914467,0;9778914467,9706887247,0;9706887247,9706857800,0;9706857800,9706857774,0;9706857774,9706857801,0;9706857801,9706857775,0;9706857775,9706857832,0;9706857832,9706857843,0;9706857843,7161807983,0;7161807983,7161812592,0;7161812592,499478563,0;499478563,499478564,0;499478564,7973114513,0;7973114513,7973099569,0;7973099569,7975273881,0;7975273881,7973099508,0;7973099508,7973099507,0;7973099507,7973114859,0;7973114859,8298792534,0;8298792534,8298792550,0;8298792550,7973114851,0;7973114851,7975286501,0;7975286501,8298792599,0;8298792599,1116501292,0;1116501292,7975286500,0;7975286500,1116501304,0;1116501304,7975286429,0;7975286429,7975286583,0;7975286583,7977056082,0;7977056082,7977056084,0;7977056084,7977050965,0;7977050965,7977056079,0;7977056079,7979256640,0;7979256640,7979256626,0;7979256626,7979256668,0;7979256668,7977056101,0;7977056101,7967831807,0;7967831807,7967774259,0;7967774259,503464976,0;503464976,7961771680,0;7961771680,1116492807,0;1116492807,7967774262,0;7967774262,503464985,0;503464985,2530277199,0;2530277199,564083084,0;564083084,5374860944,0;5374860944,5374860978,0;5374860978,5374861143,0;5374861143,9053077286,0;9053077286,13527622504,0;13527622504,13167173350,0;13167173350,13527622497,0;13527622497,564083093,0;564083093,6317320202,0;6317320202,564083165,0;564083165,13167173329,0;13167173329,6317320222,0;6317320222,6028645652,0;6028645652,2369336843,0;2369336843,2369336701,0;2369336701,12333484744,0;12333484744,2368579077,0;2368579077,2369336820,0;2369336820,2368578991,0;2368578991,8887740818,0;8887740818,9570709534,0;9570709534,2369336807,0;2369336807,2368578970,0;2368578970,6043430915,0;6043430915,4899192485,0;4899192485,564639012,0;564639012,564638925,0;564638925,504640818,0;504640818,504637096,0;504637096,2787061089,0;2787061089,2787061351,0;2787061351,2787061330,0;2787061330,11155489650,0;11155489650,2787061341,0;2787061341,2787061167,0",T2,6103
2023-09-07T12:00:00+08:00,triggered,True,initial,,False,0,0,1,0.9199327917110895,0.3087905659348496,2023-09-07T12:00:00+08:00,10297.182344079098,0.3087905659348496,0.402173251907878,0.3761536841912513,0.0,0.3087905659348496,107.65430005267262,"9706921350,9706921684,0;9706921684,9706921682,0;9706921682,9713848047,0;9713848047,9713848018,0;9713848018,9713848023,0;9713848023,12984979400,0;12984979400,9713848118,0;9713848118,9713848006,0;9713848006,9713847968,0;9713847968,9706921713,0;9706921713,9706921712,0;9706921712,9706921786,0;9706921786,9778914467,0;9778914467,9706887247,0;9706887247,9706857800,0;9706857800,9706857774,0;9706857774,9706857801,0;9706857801,9706857775,0;9706857775,9706857832,0;9706857832,9706857843,0;9706857843,7161807983,0;7161807983,7161812592,0;7161812592,499478563,0;499478563,499478564,0;499478564,7973114513,0;7973114513,7973099569,0;7973099569,7975273881,0;7975273881,7973099508,0;7973099508,7973099507,0;7973099507,7973114859,0;7973114859,8298792534,0;8298792534,8298792550,0;8298792550,7973114851,0;7973114851,7975286501,0;7975286501,8298792599,0;8298792599,1116501292,0;1116501292,7975286500,0;7975286500,1116501304,0;1116501304,7975286429,0;7975286429,7975286583,0;7975286583,7977056082,0;7977056082,7977056084,0;7977056084,7977050965,0;7977050965,7977056079,0;7977056079,7979256640,0;7979256640,7979256626,0;7979256626,7979256668,0;7979256668,7977056101,0;7977056101,7967831807,0;7967831807,7967774259,0;7967774259,503464976,0;503464976,7961771680,0;7961771680,1116492807,0;1116492807,7967774262,0;7967774262,503464985,0;503464985,2530277199,0;2530277199,564083084,0;564083084,5374860944,0;5374860944,5374860978,0;5374860978,5374861143,0;5374861143,9053077286,0;9053077286,13527622504,0;13527622504,13167173350,0;13167173350,13527622497,0;13527622497,564083093,0;564083093,6317320202,0;6317320202,564083165,0;564083165,13167173329,0;13167173329,6317320222,0;6317320222,6028645652,0;6028645652,2369336843,0;2369336843,2369336701,0;2369336701,12333484744,0;12333484744,2368579077,0;2368579077,2369336820,0;2369336820,2368578991,0;2368578991,8887740818,0;8887740818,9570709534,0;9570709534,2369336807,0;2369336807,2368578970,0;2368578970,6043430915,0;6043430915,4899192485,0;4899192485,564639012,0;564639012,564638925,0;564638925,504640818,0;504640818,504637096,0;504637096,2787061089,0;2787061089,2787061351,0;2787061351,2787061330,0;2787061330,11155489650,0;11155489650,2787061341,0;2787061341,2787061167,0",T2,6103
2023-09-07T12:15:00+08:00,never,False,never,,False,0,0,1,0.9199327917110895,0.3108773952469007,2023-09-07T12:00:00+08:00,10297.182344079098,0.3108773952469007,0.4081919353112417,0.3797904622750799,0.0,0.3108773952469007,90.56979999877512,"9706921350,9706921684,0;9706921684,9706921682,0;9706921682,9713848047,0;9713848047,9713848018,0;9713848018,9713848023,0;9713848023,12984979400,0;12984979400,9713848118,0;9713848118,9713848006,0;9713848006,9713847968,0;9713847968,9706921713,0;9706921713,9706921712,0;9706921712,9706921786,0;9706921786,9778914467,0;9778914467,9706887247,0;9706887247,9706857800,0;9706857800,9706857774,0;9706857774,9706857801,0;9706857801,9706857775,0;9706857775,9706857832,0;9706857832,9706857843,0;9706857843,7161807983,0;7161807983,7161812592,0;7161812592,499478563,0;499478563,499478564,0;499478564,7973114513,0;7973114513,7973099569,0;7973099569,7975273881,0;7975273881,7973099508,0;7973099508,7973099507,0;7973099507,7973114859,0;7973114859,8298792534,0;8298792534,8298792550,0;8298792550,7973114851,0;7973114851,7975286501,0;7975286501,8298792599,0;8298792599,1116501292,0;1116501292,7975286500,0;7975286500,1116501304,0;1116501304,7975286429,0;7975286429,7975286583,0;7975286583,7977056082,0;7977056082,7977056084,0;7977056084,7977050965,0;7977050965,7977056079,0;7977056079,7979256640,0;7979256640,7979256626,0;7979256626,7979256668,0;7979256668,7977056101,0;7977056101,7967831807,0;7967831807,7967774259,0;7967774259,503464976,0;503464976,7961771680,0;7961771680,1116492807,0;1116492807,7967774262,0;7967774262,503464985,0;503464985,2530277199,0;2530277199,564083084,0;564083084,5374860944,0;5374860944,5374860978,0;5374860978,5374861143,0;5374861143,9053077286,0;9053077286,13527622504,0;13527622504,13167173350,0;13167173350,13527622497,0;13527622497,564083093,0;564083093,6317320202,0;6317320202,564083165,0;564083165,13167173329,0;13167173329,6317320222,0;6317320222,6028645652,0;6028645652,2369336843,0;2369336843,2369336701,0;2369336701,12333484744,0;12333484744,2368579077,0;2368579077,2369336820,0;2369336820,2368578991,0;2368578991,8887740818,0;8887740818,9570709534,0;9570709534,2369336807,0;2369336807,2368578970,0;2368578970,6043430915,0;6043430915,4899192485,0;4899192485,564639012,0;564639012,564638925,0;564638925,504640818,0;504640818,504637096,0;504637096,2787061089,0;2787061089,2787061351,0;2787061351,2787061330,0;2787061330,11155489650,0;11155489650,2787061341,0;2787061341,2787061167,0",T2,6103
2023-09-07T12:15:00+08:00,always,True,always,0.0,False,1,0,2,0.9199327917110895,0.3108773952469007,2023-09-07T12:15:00+08:00,10297.182344079098,0.3108773952469007,0.4081919353112417,0.3797904622750799,0.0,0.3108773952469007,109.51669997302815,"9706921350,9706921684,0;9706921684,9706921682,0;9706921682,9713848047,0;9713848047,9713848018,0;9713848018,9713848023,0;9713848023,12984979400,0;12984979400,9713848118,0;9713848118,9713848006,0;9713848006,9713847968,0;9713847968,9706921713,0;9706921713,9706921712,0;9706921712,9706921786,0;9706921786,9778914467,0;9778914467,9706887247,0;9706887247,9706857800,0;9706857800,9706857774,0;9706857774,9706857801,0;9706857801,9706857775,0;9706857775,9706857832,0;9706857832,9706857843,0;9706857843,7161807983,0;7161807983,7161812592,0;7161812592,499478563,0;499478563,499478564,0;499478564,7973114513,0;7973114513,7973099569,0;7973099569,7975273881,0;7975273881,7973099508,0;7973099508,7973099507,0;7973099507,7973114859,0;7973114859,8298792534,0;8298792534,8298792550,0;8298792550,7973114851,0;7973114851,7975286501,0;7975286501,8298792599,0;8298792599,1116501292,0;1116501292,7975286500,0;7975286500,1116501304,0;1116501304,7975286429,0;7975286429,7975286583,0;7975286583,7977056082,0;7977056082,7977056084,0;7977056084,7977050965,0;7977050965,7977056079,0;7977056079,7979256640,0;7979256640,7979256626,0;7979256626,7979256668,0;7979256668,7977056101,0;7977056101,7967831807,0;7967831807,7967774259,0;7967774259,503464976,0;503464976,7961771680,0;7961771680,1116492807,0;1116492807,7967774262,0;7967774262,503464985,0;503464985,2530277199,0;2530277199,564083084,0;564083084,5374860944,0;5374860944,5374860978,0;5374860978,5374861143,0;5374861143,9053077286,0;9053077286,13527622504,0;13527622504,13167173350,0;13167173350,13527622497,0;13527622497,564083093,0;564083093,6317320202,0;6317320202,564083165,0;564083165,13167173329,0;13167173329,6317320222,0;6317320222,6028645652,0;6028645652,2369336843,0;2369336843,2369336701,0;2369336701,12333484744,0;12333484744,2368579077,0;2368579077,2369336820,0;2369336820,2368578991,0;2368578991,8887740818,0;8887740818,9570709534,0;9570709534,2369336807,0;2369336807,2368578970,0;2368578970,6043430915,0;6043430915,4899192485,0;4899192485,564639012,0;564639012,564638925,0;564638925,504640818,0;504640818,504637096,0;504637096,2787061089,0;2787061089,2787061351,0;2787061351,2787061330,0;2787061330,11155489650,0;11155489650,2787061341,0;2787061341,2787061167,0",T2,6103
2023-09-07T12:15:00+08:00,triggered,False,keep_current,,False,0,0,1,0.9199327917110895,0.3108773952469007,2023-09-07T12:00:00+08:00,10297.182344079098,0.3108773952469007,0.4081919353112417,0.3797904622750799,0.0,0.3108773952469007,90.14719998231158,"9706921350,9706921684,0;9706921684,9706921682,0;9706921682,9713848047,0;9713848047,9713848018,0;9713848018,9713848023,0;9713848023,12984979400,0;12984979400,9713848118,0;9713848118,9713848006,0;9713848006,9713847968,0;9713847968,9706921713,0;9706921713,9706921712,0;9706921712,9706921786,0;9706921786,9778914467,0;9778914467,9706887247,0;9706887247,9706857800,0;9706857800,9706857774,0;9706857774,9706857801,0;9706857801,9706857775,0;9706857775,9706857832,0;9706857832,9706857843,0;9706857843,7161807983,0;7161807983,7161812592,0;7161812592,499478563,0;499478563,499478564,0;499478564,7973114513,0;7973114513,7973099569,0;7973099569,7975273881,0;7975273881,7973099508,0;7973099508,7973099507,0;7973099507,7973114859,0;7973114859,8298792534,0;8298792534,8298792550,0;8298792550,7973114851,0;7973114851,7975286501,0;7975286501,8298792599,0;8298792599,1116501292,0;1116501292,7975286500,0;7975286500,1116501304,0;1116501304,7975286429,0;7975286429,7975286583,0;7975286583,7977056082,0;7977056082,7977056084,0;7977056084,7977050965,0;7977050965,7977056079,0;7977056079,7979256640,0;7979256640,7979256626,0;7979256626,7979256668,0;7979256668,7977056101,0;7977056101,7967831807,0;7967831807,7967774259,0;7967774259,503464976,0;503464976,7961771680,0;7961771680,1116492807,0;1116492807,7967774262,0;7967774262,503464985,0;503464985,2530277199,0;2530277199,564083084,0;564083084,5374860944,0;5374860944,5374860978,0;5374860978,5374861143,0;5374861143,9053077286,0;9053077286,13527622504,0;13527622504,13167173350,0;13167173350,13527622497,0;13527622497,564083093,0;564083093,6317320202,0;6317320202,564083165,0;564083165,13167173329,0;13167173329,6317320222,0;6317320222,6028645652,0;6028645652,2369336843,0;2369336843,2369336701,0;2369336701,12333484744,0;12333484744,2368579077,0;2368579077,2369336820,0;2369336820,2368578991,0;2368578991,8887740818,0;8887740818,9570709534,0;9570709534,2369336807,0;2369336807,2368578970,0;2368578970,6043430915,0;6043430915,4899192485,0;4899192485,564639012,0;564639012,564638925,0;564638925,504640818,0;504640818,504637096,0;504637096,2787061089,0;2787061089,2787061351,0;2787061351,2787061330,0;2787061330,11155489650,0;11155489650,2787061341,0;2787061341,2787061167,0",T2,6103
2023-09-07T12:30:00+08:00,never,False,never,,False,0,0,1,0.9199327917110895,0.3087905659348496,2023-09-07T12:00:00+08:00,10297.182344079098,0.3087905659348496,0.402173251907878,0.3761536841912513,0.0,0.3087905659348496,88.86519999941811,"9706921350,9706921684,0;9706921684,9706921682,0;9706921682,9713848047,0;9713848047,9713848018,0;9713848018,9713848023,0;9713848023,12984979400,0;12984979400,9713848118,0;9713848118,9713848006,0;9713848006,9713847968,0;9713847968,9706921713,0;9706921713,9706921712,0;9706921712,9706921786,0;9706921786,9778914467,0;9778914467,9706887247,0;9706887247,9706857800,0;9706857800,9706857774,0;9706857774,9706857801,0;9706857801,9706857775,0;9706857775,9706857832,0;9706857832,9706857843,0;9706857843,7161807983,0;7161807983,7161812592,0;7161812592,499478563,0;499478563,499478564,0;499478564,7973114513,0;7973114513,7973099569,0;7973099569,7975273881,0;7975273881,7973099508,0;7973099508,7973099507,0;7973099507,7973114859,0;7973114859,8298792534,0;8298792534,8298792550,0;8298792550,7973114851,0;7973114851,7975286501,0;7975286501,8298792599,0;8298792599,1116501292,0;1116501292,7975286500,0;7975286500,1116501304,0;1116501304,7975286429,0;7975286429,7975286583,0;7975286583,7977056082,0;7977056082,7977056084,0;7977056084,7977050965,0;7977050965,7977056079,0;7977056079,7979256640,0;7979256640,7979256626,0;7979256626,7979256668,0;7979256668,7977056101,0;7977056101,7967831807,0;7967831807,7967774259,0;7967774259,503464976,0;503464976,7961771680,0;7961771680,1116492807,0;1116492807,7967774262,0;7967774262,503464985,0;503464985,2530277199,0;2530277199,564083084,0;564083084,5374860944,0;5374860944,5374860978,0;5374860978,5374861143,0;5374861143,9053077286,0;9053077286,13527622504,0;13527622504,13167173350,0;13167173350,13527622497,0;13527622497,564083093,0;564083093,6317320202,0;6317320202,564083165,0;564083165,13167173329,0;13167173329,6317320222,0;6317320222,6028645652,0;6028645652,2369336843,0;2369336843,2369336701,0;2369336701,12333484744,0;12333484744,2368579077,0;2368579077,2369336820,0;2369336820,2368578991,0;2368578991,8887740818,0;8887740818,9570709534,0;9570709534,2369336807,0;2369336807,2368578970,0;2368578970,6043430915,0;6043430915,4899192485,0;4899192485,564639012,0;564639012,564638925,0;564638925,504640818,0;504640818,504637096,0;504637096,2787061089,0;2787061089,2787061351,0;2787061351,2787061330,0;2787061330,11155489650,0;11155489650,2787061341,0;2787061341,2787061167,0",T2,6103
2023-09-07T12:30:00+08:00,always,True,always,0.0,False,2,0,3,0.9199327917110895,0.3087905659348496,2023-09-07T12:30:00+08:00,10297.182344079098,0.3087905659348496,0.402173251907878,0.3761536841912513,0.0,0.3087905659348496,108.05290000280364,"9706921350,9706921684,0;9706921684,9706921682,0;9706921682,9713848047,0;9713848047,9713848018,0;9713848018,9713848023,0;9713848023,12984979400,0;12984979400,9713848118,0;9713848118,9713848006,0;9713848006,9713847968,0;9713847968,9706921713,0;9706921713,9706921712,0;9706921712,9706921786,0;9706921786,9778914467,0;9778914467,9706887247,0;9706887247,9706857800,0;9706857800,9706857774,0;9706857774,9706857801,0;9706857801,9706857775,0;9706857775,9706857832,0;9706857832,9706857843,0;9706857843,7161807983,0;7161807983,7161812592,0;7161812592,499478563,0;499478563,499478564,0;499478564,7973114513,0;7973114513,7973099569,0;7973099569,7975273881,0;7975273881,7973099508,0;7973099508,7973099507,0;7973099507,7973114859,0;7973114859,8298792534,0;8298792534,8298792550,0;8298792550,7973114851,0;7973114851,7975286501,0;7975286501,8298792599,0;8298792599,1116501292,0;1116501292,7975286500,0;7975286500,1116501304,0;1116501304,7975286429,0;7975286429,7975286583,0;7975286583,7977056082,0;7977056082,7977056084,0;7977056084,7977050965,0;7977050965,7977056079,0;7977056079,7979256640,0;7979256640,7979256626,0;7979256626,7979256668,0;7979256668,7977056101,0;7977056101,7967831807,0;7967831807,7967774259,0;7967774259,503464976,0;503464976,7961771680,0;7961771680,1116492807,0;1116492807,7967774262,0;7967774262,503464985,0;503464985,2530277199,0;2530277199,564083084,0;564083084,5374860944,0;5374860944,5374860978,0;5374860978,5374861143,0;5374861143,9053077286,0;9053077286,13527622504,0;13527622504,13167173350,0;13167173350,13527622497,0;13527622497,564083093,0;564083093,6317320202,0;6317320202,564083165,0;564083165,13167173329,0;13167173329,6317320222,0;6317320222,6028645652,0;6028645652,2369336843,0;2369336843,2369336701,0;2369336701,12333484744,0;12333484744,2368579077,0;2368579077,2369336820,0;2369336820,2368578991,0;2368578991,8887740818,0;8887740818,9570709534,0;9570709534,2369336807,0;2369336807,2368578970,0;2368578970,6043430915,0;6043430915,4899192485,0;4899192485,564639012,0;564639012,564638925,0;564638925,504640818,0;504640818,504637096,0;504637096,2787061089,0;2787061089,2787061351,0;2787061351,2787061330,0;2787061330,11155489650,0;11155489650,2787061341,0;2787061341,2787061167,0",T2,6103
2023-09-07T12:30:00+08:00,triggered,False,keep_current,,False,0,0,1,0.9199327917110895,0.3087905659348496,2023-09-07T12:00:00+08:00,10297.182344079098,0.3087905659348496,0.402173251907878,0.3761536841912513,0.0,0.3087905659348496,88.75880000414327,"9706921350,9706921684,0;9706921684,9706921682,0;9706921682,9713848047,0;9713848047,9713848018,0;9713848018,9713848023,0;9713848023,12984979400,0;12984979400,9713848118,0;9713848118,9713848006,0;9713848006,9713847968,0;9713847968,9706921713,0;9706921713,9706921712,0;9706921712,9706921786,0;9706921786,9778914467,0;9778914467,9706887247,0;9706887247,9706857800,0;9706857800,9706857774,0;9706857774,9706857801,0;9706857801,9706857775,0;9706857775,9706857832,0;9706857832,9706857843,0;9706857843,7161807983,0;7161807983,7161812592,0;7161812592,499478563,0;499478563,499478564,0;499478564,7973114513,0;7973114513,7973099569,0;7973099569,7975273881,0;7975273881,7973099508,0;7973099508,7973099507,0;7973099507,7973114859,0;7973114859,8298792534,0;8298792534,8298792550,0;8298792550,7973114851,0;7973114851,7975286501,0;7975286501,8298792599,0;8298792599,1116501292,0;1116501292,7975286500,0;7975286500,1116501304,0;1116501304,7975286429,0;7975286429,7975286583,0;7975286583,7977056082,0;7977056082,7977056084,0;7977056084,7977050965,0;7977050965,7977056079,0;7977056079,7979256640,0;7979256640,7979256626,0;7979256626,7979256668,0;7979256668,7977056101,0;7977056101,7967831807,0;7967831807,7967774259,0;7967774259,503464976,0;503464976,7961771680,0;7961771680,1116492807,0;1116492807,7967774262,0;7967774262,503464985,0;503464985,2530277199,0;2530277199,564083084,0;564083084,5374860944,0;5374860944,5374860978,0;5374860978,5374861143,0;5374861143,9053077286,0;9053077286,13527622504,0;13527622504,13167173350,0;13167173350,13527622497,0;13527622497,564083093,0;564083093,6317320202,0;6317320202,564083165,0;564083165,13167173329,0;13167173329,6317320222,0;6317320222,6028645652,0;6028645652,2369336843,0;2369336843,2369336701,0;2369336701,12333484744,0;12333484744,2368579077,0;2368579077,2369336820,0;2369336820,2368578991,0;2368578991,8887740818,0;8887740818,9570709534,0;9570709534,2369336807,0;2369336807,2368578970,0;2368578970,6043430915,0;6043430915,4899192485,0;4899192485,564639012,0;564639012,564638925,0;564638925,504640818,0;504640818,504637096,0;504637096,2787061089,0;2787061089,2787061351,0;2787061351,2787061330,0;2787061330,11155489650,0;11155489650,2787061341,0;2787061341,2787061167,0",T2,6103
2023-09-07T12:45:00+08:00,never,False,never,,False,0,0,1,0.9199327917110895,0.3067037366227986,2023-09-07T12:00:00+08:00,10297.182344079098,0.3067037366227986,0.3961545685045144,0.3751512066512472,0.0,0.3067037366227986,88.51170004345477,"9706921350,9706921684,0;9706921684,9706921682,0;9706921682,9713848047,0;9713848047,9713848018,0;9713848018,9713848023,0;9713848023,12984979400,0;12984979400,9713848118,0;9713848118,9713848006,0;9713848006,9713847968,0;9713847968,9706921713,0;9706921713,9706921712,0;9706921712,9706921786,0;9706921786,9778914467,0;9778914467,9706887247,0;9706887247,9706857800,0;9706857800,9706857774,0;9706857774,9706857801,0;9706857801,9706857775,0;9706857775,9706857832,0;9706857832,9706857843,0;9706857843,7161807983,0;7161807983,7161812592,0;7161812592,499478563,0;499478563,499478564,0;499478564,7973114513,0;7973114513,7973099569,0;7973099569,7975273881,0;7975273881,7973099508,0;7973099508,7973099507,0;7973099507,7973114859,0;7973114859,8298792534,0;8298792534,8298792550,0;8298792550,7973114851,0;7973114851,7975286501,0;7975286501,8298792599,0;8298792599,1116501292,0;1116501292,7975286500,0;7975286500,1116501304,0;1116501304,7975286429,0;7975286429,7975286583,0;7975286583,7977056082,0;7977056082,7977056084,0;7977056084,7977050965,0;7977050965,7977056079,0;7977056079,7979256640,0;7979256640,7979256626,0;7979256626,7979256668,0;7979256668,7977056101,0;7977056101,7967831807,0;7967831807,7967774259,0;7967774259,503464976,0;503464976,7961771680,0;7961771680,1116492807,0;1116492807,7967774262,0;7967774262,503464985,0;503464985,2530277199,0;2530277199,564083084,0;564083084,5374860944,0;5374860944,5374860978,0;5374860978,5374861143,0;5374861143,9053077286,0;9053077286,13527622504,0;13527622504,13167173350,0;13167173350,13527622497,0;13527622497,564083093,0;564083093,6317320202,0;6317320202,564083165,0;564083165,13167173329,0;13167173329,6317320222,0;6317320222,6028645652,0;6028645652,2369336843,0;2369336843,2369336701,0;2369336701,12333484744,0;12333484744,2368579077,0;2368579077,2369336820,0;2369336820,2368578991,0;2368578991,8887740818,0;8887740818,9570709534,0;9570709534,2369336807,0;2369336807,2368578970,0;2368578970,6043430915,0;6043430915,4899192485,0;4899192485,564639012,0;564639012,564638925,0;564638925,504640818,0;504640818,504637096,0;504637096,2787061089,0;2787061089,2787061351,0;2787061351,2787061330,0;2787061330,11155489650,0;11155489650,2787061341,0;2787061341,2787061167,0",T2,6103
2023-09-07T12:45:00+08:00,always,True,always,0.0,False,3,0,4,0.9199327917110895,0.3067037366227986,2023-09-07T12:45:00+08:00,10297.182344079098,0.3067037366227986,0.3961545685045144,0.3751512066512472,0.0,0.3067037366227986,107.82140004448593,"9706921350,9706921684,0;9706921684,9706921682,0;9706921682,9713848047,0;9713848047,9713848018,0;9713848018,9713848023,0;9713848023,12984979400,0;12984979400,9713848118,0;9713848118,9713848006,0;9713848006,9713847968,0;9713847968,9706921713,0;9706921713,9706921712,0;9706921712,9706921786,0;9706921786,9778914467,0;9778914467,9706887247,0;9706887247,9706857800,0;9706857800,9706857774,0;9706857774,9706857801,0;9706857801,9706857775,0;9706857775,9706857832,0;9706857832,9706857843,0;9706857843,7161807983,0;7161807983,7161812592,0;7161812592,499478563,0;499478563,499478564,0;499478564,7973114513,0;7973114513,7973099569,0;7973099569,7975273881,0;7975273881,7973099508,0;7973099508,7973099507,0;7973099507,7973114859,0;7973114859,8298792534,0;8298792534,8298792550,0;8298792550,7973114851,0;7973114851,7975286501,0;7975286501,8298792599,0;8298792599,1116501292,0;1116501292,7975286500,0;7975286500,1116501304,0;1116501304,7975286429,0;7975286429,7975286583,0;7975286583,7977056082,0;7977056082,7977056084,0;7977056084,7977050965,0;7977050965,7977056079,0;7977056079,7979256640,0;7979256640,7979256626,0;7979256626,7979256668,0;7979256668,7977056101,0;7977056101,7967831807,0;7967831807,7967774259,0;7967774259,503464976,0;503464976,7961771680,0;7961771680,1116492807,0;1116492807,7967774262,0;7967774262,503464985,0;503464985,2530277199,0;2530277199,564083084,0;564083084,5374860944,0;5374860944,5374860978,0;5374860978,5374861143,0;5374861143,9053077286,0;9053077286,13527622504,0;13527622504,13167173350,0;13167173350,13527622497,0;13527622497,564083093,0;564083093,6317320202,0;6317320202,564083165,0;564083165,13167173329,0;13167173329,6317320222,0;6317320222,6028645652,0;6028645652,2369336843,0;2369336843,2369336701,0;2369336701,12333484744,0;12333484744,2368579077,0;2368579077,2369336820,0;2369336820,2368578991,0;2368578991,8887740818,0;8887740818,9570709534,0;9570709534,2369336807,0;2369336807,2368578970,0;2368578970,6043430915,0;6043430915,4899192485,0;4899192485,564639012,0;564639012,564638925,0;564638925,504640818,0;504640818,504637096,0;504637096,2787061089,0;2787061089,2787061351,0;2787061351,2787061330,0;2787061330,11155489650,0;11155489650,2787061341,0;2787061341,2787061167,0",T2,6103
2023-09-07T12:45:00+08:00,triggered,False,keep_current,,False,0,0,1,0.9199327917110895,0.3067037366227986,2023-09-07T12:00:00+08:00,10297.182344079098,0.3067037366227986,0.3961545685045144,0.3751512066512472,0.0,0.3067037366227986,88.62870006123558,"9706921350,9706921684,0;9706921684,9706921682,0;9706921682,9713848047,0;9713848047,9713848018,0;9713848018,9713848023,0;9713848023,12984979400,0;12984979400,9713848118,0;9713848118,9713848006,0;9713848006,9713847968,0;9713847968,9706921713,0;9706921713,9706921712,0;9706921712,9706921786,0;9706921786,9778914467,0;9778914467,9706887247,0;9706887247,9706857800,0;9706857800,9706857774,0;9706857774,9706857801,0;9706857801,9706857775,0;9706857775,9706857832,0;9706857832,9706857843,0;9706857843,7161807983,0;7161807983,7161812592,0;7161812592,499478563,0;499478563,499478564,0;499478564,7973114513,0;7973114513,7973099569,0;7973099569,7975273881,0;7975273881,7973099508,0;7973099508,7973099507,0;7973099507,7973114859,0;7973114859,8298792534,0;8298792534,8298792550,0;8298792550,7973114851,0;7973114851,7975286501,0;7975286501,8298792599,0;8298792599,1116501292,0;1116501292,7975286500,0;7975286500,1116501304,0;1116501304,7975286429,0;7975286429,7975286583,0;7975286583,7977056082,0;7977056082,7977056084,0;7977056084,7977050965,0;7977050965,7977056079,0;7977056079,7979256640,0;7979256640,7979256626,0;7979256626,7979256668,0;7979256668,7977056101,0;7977056101,7967831807,0;7967831807,7967774259,0;7967774259,503464976,0;503464976,7961771680,0;7961771680,1116492807,0;1116492807,7967774262,0;7967774262,503464985,0;503464985,2530277199,0;2530277199,564083084,0;564083084,5374860944,0;5374860944,5374860978,0;5374860978,5374861143,0;5374861143,9053077286,0;9053077286,13527622504,0;13527622504,13167173350,0;13167173350,13527622497,0;13527622497,564083093,0;564083093,6317320202,0;6317320202,564083165,0;564083165,13167173329,0;13167173329,6317320222,0;6317320222,6028645652,0;6028645652,2369336843,0;2369336843,2369336701,0;2369336701,12333484744,0;12333484744,2368579077,0;2368579077,2369336820,0;2369336820,2368578991,0;2368578991,8887740818,0;8887740818,9570709534,0;9570709534,2369336807,0;2369336807,2368578970,0;2368578970,6043430915,0;6043430915,4899192485,0;4899192485,564639012,0;564639012,564638925,0;564638925,504640818,0;504640818,504637096,0;504637096,2787061089,0;2787061089,2787061351,0;2787061351,2787061330,0;2787061330,11155489650,0;11155489650,2787061341,0;2787061341,2787061167,0",T2,6103
2023-09-07T13:00:00+08:00,never,False,never,,False,0,0,1,0.9199327917110895,0.3087905659348496,2023-09-07T12:00:00+08:00,10297.182344079098,0.3087905659348496,0.402173251907878,0.3761536841912513,0.0,0.3087905659348496,92.2942000324838,"9706921350,9706921684,0;9706921684,9706921682,0;9706921682,9713848047,0;9713848047,9713848018,0;9713848018,9713848023,0;9713848023,12984979400,0;12984979400,9713848118,0;9713848118,9713848006,0;9713848006,9713847968,0;9713847968,9706921713,0;9706921713,9706921712,0;9706921712,9706921786,0;9706921786,9778914467,0;9778914467,9706887247,0;9706887247,9706857800,0;9706857800,9706857774,0;9706857774,9706857801,0;9706857801,9706857775,0;9706857775,9706857832,0;9706857832,9706857843,0;9706857843,7161807983,0;7161807983,7161812592,0;7161812592,499478563,0;499478563,499478564,0;499478564,7973114513,0;7973114513,7973099569,0;7973099569,7975273881,0;7975273881,7973099508,0;7973099508,7973099507,0;7973099507,7973114859,0;7973114859,8298792534,0;8298792534,8298792550,0;8298792550,7973114851,0;7973114851,7975286501,0;7975286501,8298792599,0;8298792599,1116501292,0;1116501292,7975286500,0;7975286500,1116501304,0;1116501304,7975286429,0;7975286429,7975286583,0;7975286583,7977056082,0;7977056082,7977056084,0;7977056084,7977050965,0;7977050965,7977056079,0;7977056079,7979256640,0;7979256640,7979256626,0;7979256626,7979256668,0;7979256668,7977056101,0;7977056101,7967831807,0;7967831807,7967774259,0;7967774259,503464976,0;503464976,7961771680,0;7961771680,1116492807,0;1116492807,7967774262,0;7967774262,503464985,0;503464985,2530277199,0;2530277199,564083084,0;564083084,5374860944,0;5374860944,5374860978,0;5374860978,5374861143,0;5374861143,9053077286,0;9053077286,13527622504,0;13527622504,13167173350,0;13167173350,13527622497,0;13527622497,564083093,0;564083093,6317320202,0;6317320202,564083165,0;564083165,13167173329,0;13167173329,6317320222,0;6317320222,6028645652,0;6028645652,2369336843,0;2369336843,2369336701,0;2369336701,12333484744,0;12333484744,2368579077,0;2368579077,2369336820,0;2369336820,2368578991,0;2368578991,8887740818,0;8887740818,9570709534,0;9570709534,2369336807,0;2369336807,2368578970,0;2368578970,6043430915,0;6043430915,4899192485,0;4899192485,564639012,0;564639012,564638925,0;564638925,504640818,0;504640818,504637096,0;504637096,2787061089,0;2787061089,2787061351,0;2787061351,2787061330,0;2787061330,11155489650,0;11155489650,2787061341,0;2787061341,2787061167,0",T2,6103
2023-09-07T13:00:00+08:00,always,True,always,0.0,False,4,0,5,0.9199327917110895,0.3087905659348496,2023-09-07T13:00:00+08:00,10297.182344079098,0.3087905659348496,0.402173251907878,0.3761536841912513,0.0,0.3087905659348496,112.87650000303984,"9706921350,9706921684,0;9706921684,9706921682,0;9706921682,9713848047,0;9713848047,9713848018,0;9713848018,9713848023,0;9713848023,12984979400,0;12984979400,9713848118,0;9713848118,9713848006,0;9713848006,9713847968,0;9713847968,9706921713,0;9706921713,9706921712,0;9706921712,9706921786,0;9706921786,9778914467,0;9778914467,9706887247,0;9706887247,9706857800,0;9706857800,9706857774,0;9706857774,9706857801,0;9706857801,9706857775,0;9706857775,9706857832,0;9706857832,9706857843,0;9706857843,7161807983,0;7161807983,7161812592,0;7161812592,499478563,0;499478563,499478564,0;499478564,7973114513,0;7973114513,7973099569,0;7973099569,7975273881,0;7975273881,7973099508,0;7973099508,7973099507,0;7973099507,7973114859,0;7973114859,8298792534,0;8298792534,8298792550,0;8298792550,7973114851,0;7973114851,7975286501,0;7975286501,8298792599,0;8298792599,1116501292,0;1116501292,7975286500,0;7975286500,1116501304,0;1116501304,7975286429,0;7975286429,7975286583,0;7975286583,7977056082,0;7977056082,7977056084,0;7977056084,7977050965,0;7977050965,7977056079,0;7977056079,7979256640,0;7979256640,7979256626,0;7979256626,7979256668,0;7979256668,7977056101,0;7977056101,7967831807,0;7967831807,7967774259,0;7967774259,503464976,0;503464976,7961771680,0;7961771680,1116492807,0;1116492807,7967774262,0;7967774262,503464985,0;503464985,2530277199,0;2530277199,564083084,0;564083084,5374860944,0;5374860944,5374860978,0;5374860978,5374861143,0;5374861143,9053077286,0;9053077286,13527622504,0;13527622504,13167173350,0;13167173350,13527622497,0;13527622497,564083093,0;564083093,6317320202,0;6317320202,564083165,0;564083165,13167173329,0;13167173329,6317320222,0;6317320222,6028645652,0;6028645652,2369336843,0;2369336843,2369336701,0;2369336701,12333484744,0;12333484744,2368579077,0;2368579077,2369336820,0;2369336820,2368578991,0;2368578991,8887740818,0;8887740818,9570709534,0;9570709534,2369336807,0;2369336807,2368578970,0;2368578970,6043430915,0;6043430915,4899192485,0;4899192485,564639012,0;564639012,564638925,0;564638925,504640818,0;504640818,504637096,0;504637096,2787061089,0;2787061089,2787061351,0;2787061351,2787061330,0;2787061330,11155489650,0;11155489650,2787061341,0;2787061341,2787061167,0",T2,6103
2023-09-07T13:00:00+08:00,triggered,False,keep_current,,False,0,0,1,0.9199327917110895,0.3087905659348496,2023-09-07T12:00:00+08:00,10297.182344079098,0.3087905659348496,0.402173251907878,0.3761536841912513,0.0,0.3087905659348496,92.65619999496266,"9706921350,9706921684,0;9706921684,9706921682,0;9706921682,9713848047,0;9713848047,9713848018,0;9713848018,9713848023,0;9713848023,12984979400,0;12984979400,9713848118,0;9713848118,9713848006,0;9713848006,9713847968,0;9713847968,9706921713,0;9706921713,9706921712,0;9706921712,9706921786,0;9706921786,9778914467,0;9778914467,9706887247,0;9706887247,9706857800,0;9706857800,9706857774,0;9706857774,9706857801,0;9706857801,9706857775,0;9706857775,9706857832,0;9706857832,9706857843,0;9706857843,7161807983,0;7161807983,7161812592,0;7161812592,499478563,0;499478563,499478564,0;499478564,7973114513,0;7973114513,7973099569,0;7973099569,7975273881,0;7975273881,7973099508,0;7973099508,7973099507,0;7973099507,7973114859,0;7973114859,8298792534,0;8298792534,8298792550,0;8298792550,7973114851,0;7973114851,7975286501,0;7975286501,8298792599,0;8298792599,1116501292,0;1116501292,7975286500,0;7975286500,1116501304,0;1116501304,7975286429,0;7975286429,7975286583,0;7975286583,7977056082,0;7977056082,7977056084,0;7977056084,7977050965,0;7977050965,7977056079,0;7977056079,7979256640,0;7979256640,7979256626,0;7979256626,7979256668,0;7979256668,7977056101,0;7977056101,7967831807,0;7967831807,7967774259,0;7967774259,503464976,0;503464976,7961771680,0;7961771680,1116492807,0;1116492807,7967774262,0;7967774262,503464985,0;503464985,2530277199,0;2530277199,564083084,0;564083084,5374860944,0;5374860944,5374860978,0;5374860978,5374861143,0;5374861143,9053077286,0;9053077286,13527622504,0;13527622504,13167173350,0;13167173350,13527622497,0;13527622497,564083093,0;564083093,6317320202,0;6317320202,564083165,0;564083165,13167173329,0;13167173329,6317320222,0;6317320222,6028645652,0;6028645652,2369336843,0;2369336843,2369336701,0;2369336701,12333484744,0;12333484744,2368579077,0;2368579077,2369336820,0;2369336820,2368578991,0;2368578991,8887740818,0;8887740818,9570709534,0;9570709534,2369336807,0;2369336807,2368578970,0;2368578970,6043430915,0;6043430915,4899192485,0;4899192485,564639012,0;564639012,564638925,0;564638925,504640818,0;504640818,504637096,0;504637096,2787061089,0;2787061089,2787061351,0;2787061351,2787061330,0;2787061330,11155489650,0;11155489650,2787061341,0;2787061341,2787061167,0",T2,6103
2023-09-07T13:15:00+08:00,never,False,never,,False,0,0,1,0.9199327917110895,0.3108773952469007,2023-09-07T12:00:00+08:00,10297.182344079098,0.3108773952469007,0.4081919353112417,0.3797904622750799,0.0,0.3108773952469007,91.5835999767296,"9706921350,9706921684,0;9706921684,9706921682,0;9706921682,9713848047,0;9713848047,9713848018,0;9713848018,9713848023,0;9713848023,12984979400,0;12984979400,9713848118,0;9713848118,9713848006,0;9713848006,9713847968,0;9713847968,9706921713,0;9706921713,9706921712,0;9706921712,9706921786,0;9706921786,9778914467,0;9778914467,9706887247,0;9706887247,9706857800,0;9706857800,9706857774,0;9706857774,9706857801,0;9706857801,9706857775,0;9706857775,9706857832,0;9706857832,9706857843,0;9706857843,7161807983,0;7161807983,7161812592,0;7161812592,499478563,0;499478563,499478564,0;499478564,7973114513,0;7973114513,7973099569,0;7973099569,7975273881,0;7975273881,7973099508,0;7973099508,7973099507,0;7973099507,7973114859,0;7973114859,8298792534,0;8298792534,8298792550,0;8298792550,7973114851,0;7973114851,7975286501,0;7975286501,8298792599,0;8298792599,1116501292,0;1116501292,7975286500,0;7975286500,1116501304,0;1116501304,7975286429,0;7975286429,7975286583,0;7975286583,7977056082,0;7977056082,7977056084,0;7977056084,7977050965,0;7977050965,7977056079,0;7977056079,7979256640,0;7979256640,7979256626,0;7979256626,7979256668,0;7979256668,7977056101,0;7977056101,7967831807,0;7967831807,7967774259,0;7967774259,503464976,0;503464976,7961771680,0;7961771680,1116492807,0;1116492807,7967774262,0;7967774262,503464985,0;503464985,2530277199,0;2530277199,564083084,0;564083084,5374860944,0;5374860944,5374860978,0;5374860978,5374861143,0;5374861143,9053077286,0;9053077286,13527622504,0;13527622504,13167173350,0;13167173350,13527622497,0;13527622497,564083093,0;564083093,6317320202,0;6317320202,564083165,0;564083165,13167173329,0;13167173329,6317320222,0;6317320222,6028645652,0;6028645652,2369336843,0;2369336843,2369336701,0;2369336701,12333484744,0;12333484744,2368579077,0;2368579077,2369336820,0;2369336820,2368578991,0;2368578991,8887740818,0;8887740818,9570709534,0;9570709534,2369336807,0;2369336807,2368578970,0;2368578970,6043430915,0;6043430915,4899192485,0;4899192485,564639012,0;564639012,564638925,0;564638925,504640818,0;504640818,504637096,0;504637096,2787061089,0;2787061089,2787061351,0;2787061351,2787061330,0;2787061330,11155489650,0;11155489650,2787061341,0;2787061341,2787061167,0",T2,6103
2023-09-07T13:15:00+08:00,always,True,always,0.0,False,5,0,6,0.9199327917110895,0.3108773952469007,2023-09-07T13:15:00+08:00,10297.182344079098,0.3108773952469007,0.4081919353112417,0.3797904622750799,0.0,0.3108773952469007,111.33039998821914,"9706921350,9706921684,0;9706921684,9706921682,0;9706921682,9713848047,0;9713848047,9713848018,0;9713848018,9713848023,0;9713848023,12984979400,0;12984979400,9713848118,0;9713848118,9713848006,0;9713848006,9713847968,0;9713847968,9706921713,0;9706921713,9706921712,0;9706921712,9706921786,0;9706921786,9778914467,0;9778914467,9706887247,0;9706887247,9706857800,0;9706857800,9706857774,0;9706857774,9706857801,0;9706857801,9706857775,0;9706857775,9706857832,0;9706857832,9706857843,0;9706857843,7161807983,0;7161807983,7161812592,0;7161812592,499478563,0;499478563,499478564,0;499478564,7973114513,0;7973114513,7973099569,0;7973099569,7975273881,0;7975273881,7973099508,0;7973099508,7973099507,0;7973099507,7973114859,0;7973114859,8298792534,0;8298792534,8298792550,0;8298792550,7973114851,0;7973114851,7975286501,0;7975286501,8298792599,0;8298792599,1116501292,0;1116501292,7975286500,0;7975286500,1116501304,0;1116501304,7975286429,0;7975286429,7975286583,0;7975286583,7977056082,0;7977056082,7977056084,0;7977056084,7977050965,0;7977050965,7977056079,0;7977056079,7979256640,0;7979256640,7979256626,0;7979256626,7979256668,0;7979256668,7977056101,0;7977056101,7967831807,0;7967831807,7967774259,0;7967774259,503464976,0;503464976,7961771680,0;7961771680,1116492807,0;1116492807,7967774262,0;7967774262,503464985,0;503464985,2530277199,0;2530277199,564083084,0;564083084,5374860944,0;5374860944,5374860978,0;5374860978,5374861143,0;5374861143,9053077286,0;9053077286,13527622504,0;13527622504,13167173350,0;13167173350,13527622497,0;13527622497,564083093,0;564083093,6317320202,0;6317320202,564083165,0;564083165,13167173329,0;13167173329,6317320222,0;6317320222,6028645652,0;6028645652,2369336843,0;2369336843,2369336701,0;2369336701,12333484744,0;12333484744,2368579077,0;2368579077,2369336820,0;2369336820,2368578991,0;2368578991,8887740818,0;8887740818,9570709534,0;9570709534,2369336807,0;2369336807,2368578970,0;2368578970,6043430915,0;6043430915,4899192485,0;4899192485,564639012,0;564639012,564638925,0;564638925,504640818,0;504640818,504637096,0;504637096,2787061089,0;2787061089,2787061351,0;2787061351,2787061330,0;2787061330,11155489650,0;11155489650,2787061341,0;2787061341,2787061167,0",T2,6103
2023-09-07T13:15:00+08:00,triggered,False,keep_current,,False,0,0,1,0.9199327917110895,0.3108773952469007,2023-09-07T12:00:00+08:00,10297.182344079098,0.3108773952469007,0.4081919353112417,0.3797904622750799,0.0,0.3108773952469007,91.36510000098497,"9706921350,9706921684,0;9706921684,9706921682,0;9706921682,9713848047,0;9713848047,9713848018,0;9713848018,9713848023,0;9713848023,12984979400,0;12984979400,9713848118,0;9713848118,9713848006,0;9713848006,9713847968,0;9713847968,9706921713,0;9706921713,9706921712,0;9706921712,9706921786,0;9706921786,9778914467,0;9778914467,9706887247,0;9706887247,9706857800,0;9706857800,9706857774,0;9706857774,9706857801,0;9706857801,9706857775,0;9706857775,9706857832,0;9706857832,9706857843,0;9706857843,7161807983,0;7161807983,7161812592,0;7161812592,499478563,0;499478563,499478564,0;499478564,7973114513,0;7973114513,7973099569,0;7973099569,7975273881,0;7975273881,7973099508,0;7973099508,7973099507,0;7973099507,7973114859,0;7973114859,8298792534,0;8298792534,8298792550,0;8298792550,7973114851,0;7973114851,7975286501,0;7975286501,8298792599,0;8298792599,1116501292,0;1116501292,7975286500,0;7975286500,1116501304,0;1116501304,7975286429,0;7975286429,7975286583,0;7975286583,7977056082,0;7977056082,7977056084,0;7977056084,7977050965,0;7977050965,7977056079,0;7977056079,7979256640,0;7979256640,7979256626,0;7979256626,7979256668,0;7979256668,7977056101,0;7977056101,7967831807,0;7967831807,7967774259,0;7967774259,503464976,0;503464976,7961771680,0;7961771680,1116492807,0;1116492807,7967774262,0;7967774262,503464985,0;503464985,2530277199,0;2530277199,564083084,0;564083084,5374860944,0;5374860944,5374860978,0;5374860978,5374861143,0;5374861143,9053077286,0;9053077286,13527622504,0;13527622504,13167173350,0;13167173350,13527622497,0;13527622497,564083093,0;564083093,6317320202,0;6317320202,564083165,0;564083165,13167173329,0;13167173329,6317320222,0;6317320222,6028645652,0;6028645652,2369336843,0;2369336843,2369336701,0;2369336701,12333484744,0;12333484744,2368579077,0;2368579077,2369336820,0;2369336820,2368578991,0;2368578991,8887740818,0;8887740818,9570709534,0;9570709534,2369336807,0;2369336807,2368578970,0;2368578970,6043430915,0;6043430915,4899192485,0;4899192485,564639012,0;564639012,564638925,0;564638925,504640818,0;504640818,504637096,0;504637096,2787061089,0;2787061089,2787061351,0;2787061351,2787061330,0;2787061330,11155489650,0;11155489650,2787061341,0;2787061341,2787061167,0",T2,6103
2023-09-07T13:30:00+08:00,never,False,never,,False,0,0,1,0.9199327917110895,0.3087905659348496,2023-09-07T12:00:00+08:00,10297.182344079098,0.3087905659348496,0.402173251907878,0.3761536841912513,0.0,0.3087905659348496,95.97289992962033,"9706921350,9706921684,0;9706921684,9706921682,0;9706921682,9713848047,0;9713848047,9713848018,0;9713848018,9713848023,0;9713848023,12984979400,0;12984979400,9713848118,0;9713848118,9713848006,0;9713848006,9713847968,0;9713847968,9706921713,0;9706921713,9706921712,0;9706921712,9706921786,0;9706921786,9778914467,0;9778914467,9706887247,0;9706887247,9706857800,0;9706857800,9706857774,0;9706857774,9706857801,0;9706857801,9706857775,0;9706857775,9706857832,0;9706857832,9706857843,0;9706857843,7161807983,0;7161807983,7161812592,0;7161812592,499478563,0;499478563,499478564,0;499478564,7973114513,0;7973114513,7973099569,0;7973099569,7975273881,0;7975273881,7973099508,0;7973099508,7973099507,0;7973099507,7973114859,0;7973114859,8298792534,0;8298792534,8298792550,0;8298792550,7973114851,0;7973114851,7975286501,0;7975286501,8298792599,0;8298792599,1116501292,0;1116501292,7975286500,0;7975286500,1116501304,0;1116501304,7975286429,0;7975286429,7975286583,0;7975286583,7977056082,0;7977056082,7977056084,0;7977056084,7977050965,0;7977050965,7977056079,0;7977056079,7979256640,0;7979256640,7979256626,0;7979256626,7979256668,0;7979256668,7977056101,0;7977056101,7967831807,0;7967831807,7967774259,0;7967774259,503464976,0;503464976,7961771680,0;7961771680,1116492807,0;1116492807,7967774262,0;7967774262,503464985,0;503464985,2530277199,0;2530277199,564083084,0;564083084,5374860944,0;5374860944,5374860978,0;5374860978,5374861143,0;5374861143,9053077286,0;9053077286,13527622504,0;13527622504,13167173350,0;13167173350,13527622497,0;13527622497,564083093,0;564083093,6317320202,0;6317320202,564083165,0;564083165,13167173329,0;13167173329,6317320222,0;6317320222,6028645652,0;6028645652,2369336843,0;2369336843,2369336701,0;2369336701,12333484744,0;12333484744,2368579077,0;2368579077,2369336820,0;2369336820,2368578991,0;2368578991,8887740818,0;8887740818,9570709534,0;9570709534,2369336807,0;2369336807,2368578970,0;2368578970,6043430915,0;6043430915,4899192485,0;4899192485,564639012,0;564639012,564638925,0;564638925,504640818,0;504640818,504637096,0;504637096,2787061089,0;2787061089,2787061351,0;2787061351,2787061330,0;2787061330,11155489650,0;11155489650,2787061341,0;2787061341,2787061167,0",T2,6103
2023-09-07T13:30:00+08:00,always,True,always,0.0,False,6,0,7,0.9199327917110895,0.3087905659348496,2023-09-07T13:30:00+08:00,10297.182344079098,0.3087905659348496,0.402173251907878,0.3761536841912513,0.0,0.3087905659348496,116.45919998409228,"9706921350,9706921684,0;9706921684,9706921682,0;9706921682,9713848047,0;9713848047,9713848018,0;9713848018,9713848023,0;9713848023,12984979400,0;12984979400,9713848118,0;9713848118,9713848006,0;9713848006,9713847968,0;9713847968,9706921713,0;9706921713,9706921712,0;9706921712,9706921786,0;9706921786,9778914467,0;9778914467,9706887247,0;9706887247,9706857800,0;9706857800,9706857774,0;9706857774,9706857801,0;9706857801,9706857775,0;9706857775,9706857832,0;9706857832,9706857843,0;9706857843,7161807983,0;7161807983,7161812592,0;7161812592,499478563,0;499478563,499478564,0;499478564,7973114513,0;7973114513,7973099569,0;7973099569,7975273881,0;7975273881,7973099508,0;7973099508,7973099507,0;7973099507,7973114859,0;7973114859,8298792534,0;8298792534,8298792550,0;8298792550,7973114851,0;7973114851,7975286501,0;7975286501,8298792599,0;8298792599,1116501292,0;1116501292,7975286500,0;7975286500,1116501304,0;1116501304,7975286429,0;7975286429,7975286583,0;7975286583,7977056082,0;7977056082,7977056084,0;7977056084,7977050965,0;7977050965,7977056079,0;7977056079,7979256640,0;7979256640,7979256626,0;7979256626,7979256668,0;7979256668,7977056101,0;7977056101,7967831807,0;7967831807,7967774259,0;7967774259,503464976,0;503464976,7961771680,0;7961771680,1116492807,0;1116492807,7967774262,0;7967774262,503464985,0;503464985,2530277199,0;2530277199,564083084,0;564083084,5374860944,0;5374860944,5374860978,0;5374860978,5374861143,0;5374861143,9053077286,0;9053077286,13527622504,0;13527622504,13167173350,0;13167173350,13527622497,0;13527622497,564083093,0;564083093,6317320202,0;6317320202,564083165,0;564083165,13167173329,0;13167173329,6317320222,0;6317320222,6028645652,0;6028645652,2369336843,0;2369336843,2369336701,0;2369336701,12333484744,0;12333484744,2368579077,0;2368579077,2369336820,0;2369336820,2368578991,0;2368578991,8887740818,0;8887740818,9570709534,0;9570709534,2369336807,0;2369336807,2368578970,0;2368578970,6043430915,0;6043430915,4899192485,0;4899192485,564639012,0;564639012,564638925,0;564638925,504640818,0;504640818,504637096,0;504637096,2787061089,0;2787061089,2787061351,0;2787061351,2787061330,0;2787061330,11155489650,0;11155489650,2787061341,0;2787061341,2787061167,0",T2,6103
2023-09-07T13:30:00+08:00,triggered,False,keep_current,,False,0,0,1,0.9199327917110895,0.3087905659348496,2023-09-07T12:00:00+08:00,10297.182344079098,0.3087905659348496,0.402173251907878,0.3761536841912513,0.0,0.3087905659348496,95.14129994204268,"9706921350,9706921684,0;9706921684,9706921682,0;9706921682,9713848047,0;9713848047,9713848018,0;9713848018,9713848023,0;9713848023,12984979400,0;12984979400,9713848118,0;9713848118,9713848006,0;9713848006,9713847968,0;9713847968,9706921713,0;9706921713,9706921712,0;9706921712,9706921786,0;9706921786,9778914467,0;9778914467,9706887247,0;9706887247,9706857800,0;9706857800,9706857774,0;9706857774,9706857801,0;9706857801,9706857775,0;9706857775,9706857832,0;9706857832,9706857843,0;9706857843,7161807983,0;7161807983,7161812592,0;7161812592,499478563,0;499478563,499478564,0;499478564,7973114513,0;7973114513,7973099569,0;7973099569,7975273881,0;7975273881,7973099508,0;7973099508,7973099507,0;7973099507,7973114859,0;7973114859,8298792534,0;8298792534,8298792550,0;8298792550,7973114851,0;7973114851,7975286501,0;7975286501,8298792599,0;8298792599,1116501292,0;1116501292,7975286500,0;7975286500,1116501304,0;1116501304,7975286429,0;7975286429,7975286583,0;7975286583,7977056082,0;7977056082,7977056084,0;7977056084,7977050965,0;7977050965,7977056079,0;7977056079,7979256640,0;7979256640,7979256626,0;7979256626,7979256668,0;7979256668,7977056101,0;7977056101,7967831807,0;7967831807,7967774259,0;7967774259,503464976,0;503464976,7961771680,0;7961771680,1116492807,0;1116492807,7967774262,0;7967774262,503464985,0;503464985,2530277199,0;2530277199,564083084,0;564083084,5374860944,0;5374860944,5374860978,0;5374860978,5374861143,0;5374861143,9053077286,0;9053077286,13527622504,0;13527622504,13167173350,0;13167173350,13527622497,0;13527622497,564083093,0;564083093,6317320202,0;6317320202,564083165,0;564083165,13167173329,0;13167173329,6317320222,0;6317320222,6028645652,0;6028645652,2369336843,0;2369336843,2369336701,0;2369336701,12333484744,0;12333484744,2368579077,0;2368579077,2369336820,0;2369336820,2368578991,0;2368578991,8887740818,0;8887740818,9570709534,0;9570709534,2369336807,0;2369336807,2368578970,0;2368578970,6043430915,0;6043430915,4899192485,0;4899192485,564639012,0;564639012,564638925,0;564638925,504640818,0;504640818,504637096,0;504637096,2787061089,0;2787061089,2787061351,0;2787061351,2787061330,0;2787061330,11155489650,0;11155489650,2787061341,0;2787061341,2787061167,0",T2,6103
2023-09-07T13:45:00+08:00,never,False,never,,False,0,0,1,0.9199327917110895,0.3067037366227986,2023-09-07T12:00:00+08:00,10297.182344079098,0.3067037366227986,0.3961545685045144,0.3751512066512472,0.0,0.3067037366227986,88.55029998812824,"9706921350,9706921684,0;9706921684,9706921682,0;9706921682,9713848047,0;9713848047,9713848018,0;9713848018,9713848023,0;9713848023,12984979400,0;12984979400,9713848118,0;9713848118,9713848006,0;9713848006,9713847968,0;9713847968,9706921713,0;9706921713,9706921712,0;9706921712,9706921786,0;9706921786,9778914467,0;9778914467,9706887247,0;9706887247,9706857800,0;9706857800,9706857774,0;9706857774,9706857801,0;9706857801,9706857775,0;9706857775,9706857832,0;9706857832,9706857843,0;9706857843,7161807983,0;7161807983,7161812592,0;7161812592,499478563,0;499478563,499478564,0;499478564,7973114513,0;7973114513,7973099569,0;7973099569,7975273881,0;7975273881,7973099508,0;7973099508,7973099507,0;7973099507,7973114859,0;7973114859,8298792534,0;8298792534,8298792550,0;8298792550,7973114851,0;7973114851,7975286501,0;7975286501,8298792599,0;8298792599,1116501292,0;1116501292,7975286500,0;7975286500,1116501304,0;1116501304,7975286429,0;7975286429,7975286583,0;7975286583,7977056082,0;7977056082,7977056084,0;7977056084,7977050965,0;7977050965,7977056079,0;7977056079,7979256640,0;7979256640,7979256626,0;7979256626,7979256668,0;7979256668,7977056101,0;7977056101,7967831807,0;7967831807,7967774259,0;7967774259,503464976,0;503464976,7961771680,0;7961771680,1116492807,0;1116492807,7967774262,0;7967774262,503464985,0;503464985,2530277199,0;2530277199,564083084,0;564083084,5374860944,0;5374860944,5374860978,0;5374860978,5374861143,0;5374861143,9053077286,0;9053077286,13527622504,0;13527622504,13167173350,0;13167173350,13527622497,0;13527622497,564083093,0;564083093,6317320202,0;6317320202,564083165,0;564083165,13167173329,0;13167173329,6317320222,0;6317320222,6028645652,0;6028645652,2369336843,0;2369336843,2369336701,0;2369336701,12333484744,0;12333484744,2368579077,0;2368579077,2369336820,0;2369336820,2368578991,0;2368578991,8887740818,0;8887740818,9570709534,0;9570709534,2369336807,0;2369336807,2368578970,0;2368578970,6043430915,0;6043430915,4899192485,0;4899192485,564639012,0;564639012,564638925,0;564638925,504640818,0;504640818,504637096,0;504637096,2787061089,0;2787061089,2787061351,0;2787061351,2787061330,0;2787061330,11155489650,0;11155489650,2787061341,0;2787061341,2787061167,0",T2,6103
2023-09-07T13:45:00+08:00,always,True,always,0.0,False,7,0,8,0.9199327917110895,0.3067037366227986,2023-09-07T13:45:00+08:00,10297.182344079098,0.3067037366227986,0.3961545685045144,0.3751512066512472,0.0,0.3067037366227986,108.0585999879986,"9706921350,9706921684,0;9706921684,9706921682,0;9706921682,9713848047,0;9713848047,9713848018,0;9713848018,9713848023,0;9713848023,12984979400,0;12984979400,9713848118,0;9713848118,9713848006,0;9713848006,9713847968,0;9713847968,9706921713,0;9706921713,9706921712,0;9706921712,9706921786,0;9706921786,9778914467,0;9778914467,9706887247,0;9706887247,9706857800,0;9706857800,9706857774,0;9706857774,9706857801,0;9706857801,9706857775,0;9706857775,9706857832,0;9706857832,9706857843,0;9706857843,7161807983,0;7161807983,7161812592,0;7161812592,499478563,0;499478563,499478564,0;499478564,7973114513,0;7973114513,7973099569,0;7973099569,7975273881,0;7975273881,7973099508,0;7973099508,7973099507,0;7973099507,7973114859,0;7973114859,8298792534,0;8298792534,8298792550,0;8298792550,7973114851,0;7973114851,7975286501,0;7975286501,8298792599,0;8298792599,1116501292,0;1116501292,7975286500,0;7975286500,1116501304,0;1116501304,7975286429,0;7975286429,7975286583,0;7975286583,7977056082,0;7977056082,7977056084,0;7977056084,7977050965,0;7977050965,7977056079,0;7977056079,7979256640,0;7979256640,7979256626,0;7979256626,7979256668,0;7979256668,7977056101,0;7977056101,7967831807,0;7967831807,7967774259,0;7967774259,503464976,0;503464976,7961771680,0;7961771680,1116492807,0;1116492807,7967774262,0;7967774262,503464985,0;503464985,2530277199,0;2530277199,564083084,0;564083084,5374860944,0;5374860944,5374860978,0;5374860978,5374861143,0;5374861143,9053077286,0;9053077286,13527622504,0;13527622504,13167173350,0;13167173350,13527622497,0;13527622497,564083093,0;564083093,6317320202,0;6317320202,564083165,0;564083165,13167173329,0;13167173329,6317320222,0;6317320222,6028645652,0;6028645652,2369336843,0;2369336843,2369336701,0;2369336701,12333484744,0;12333484744,2368579077,0;2368579077,2369336820,0;2369336820,2368578991,0;2368578991,8887740818,0;8887740818,9570709534,0;9570709534,2369336807,0;2369336807,2368578970,0;2368578970,6043430915,0;6043430915,4899192485,0;4899192485,564639012,0;564639012,564638925,0;564638925,504640818,0;504640818,504637096,0;504637096,2787061089,0;2787061089,2787061351,0;2787061351,2787061330,0;2787061330,11155489650,0;11155489650,2787061341,0;2787061341,2787061167,0",T2,6103
2023-09-07T13:45:00+08:00,triggered,False,keep_current,,False,0,0,1,0.9199327917110895,0.3067037366227986,2023-09-07T12:00:00+08:00,10297.182344079098,0.3067037366227986,0.3961545685045144,0.3751512066512472,0.0,0.3067037366227986,88.1711999536492,"9706921350,9706921684,0;9706921684,9706921682,0;9706921682,9713848047,0;9713848047,9713848018,0;9713848018,9713848023,0;9713848023,12984979400,0;12984979400,9713848118,0;9713848118,9713848006,0;9713848006,9713847968,0;9713847968,9706921713,0;9706921713,9706921712,0;9706921712,9706921786,0;9706921786,9778914467,0;9778914467,9706887247,0;9706887247,9706857800,0;9706857800,9706857774,0;9706857774,9706857801,0;9706857801,9706857775,0;9706857775,9706857832,0;9706857832,9706857843,0;9706857843,7161807983,0;7161807983,7161812592,0;7161812592,499478563,0;499478563,499478564,0;499478564,7973114513,0;7973114513,7973099569,0;7973099569,7975273881,0;7975273881,7973099508,0;7973099508,7973099507,0;7973099507,7973114859,0;7973114859,8298792534,0;8298792534,8298792550,0;8298792550,7973114851,0;7973114851,7975286501,0;7975286501,8298792599,0;8298792599,1116501292,0;1116501292,7975286500,0;7975286500,1116501304,0;1116501304,7975286429,0;7975286429,7975286583,0;7975286583,7977056082,0;7977056082,7977056084,0;7977056084,7977050965,0;7977050965,7977056079,0;7977056079,7979256640,0;7979256640,7979256626,0;7979256626,7979256668,0;7979256668,7977056101,0;7977056101,7967831807,0;7967831807,7967774259,0;7967774259,503464976,0;503464976,7961771680,0;7961771680,1116492807,0;1116492807,7967774262,0;7967774262,503464985,0;503464985,2530277199,0;2530277199,564083084,0;564083084,5374860944,0;5374860944,5374860978,0;5374860978,5374861143,0;5374861143,9053077286,0;9053077286,13527622504,0;13527622504,13167173350,0;13167173350,13527622497,0;13527622497,564083093,0;564083093,6317320202,0;6317320202,564083165,0;564083165,13167173329,0;13167173329,6317320222,0;6317320222,6028645652,0;6028645652,2369336843,0;2369336843,2369336701,0;2369336701,12333484744,0;12333484744,2368579077,0;2368579077,2369336820,0;2369336820,2368578991,0;2368578991,8887740818,0;8887740818,9570709534,0;9570709534,2369336807,0;2369336807,2368578970,0;2368578970,6043430915,0;6043430915,4899192485,0;4899192485,564639012,0;564639012,564638925,0;564638925,504640818,0;504640818,504637096,0;504637096,2787061089,0;2787061089,2787061351,0;2787061351,2787061330,0;2787061330,11155489650,0;11155489650,2787061341,0;2787061341,2787061167,0",T2,6103
2023-09-07T14:00:00+08:00,never,False,never,,False,0,0,1,0.9199327917110895,0.3087905659348496,2023-09-07T12:00:00+08:00,10297.182344079098,0.3087905659348496,0.402173251907878,0.3761536841912513,0.0,0.3087905659348496,91.47320000920443,"9706921350,9706921684,0;9706921684,9706921682,0;9706921682,9713848047,0;9713848047,9713848018,0;9713848018,9713848023,0;9713848023,12984979400,0;12984979400,9713848118,0;9713848118,9713848006,0;9713848006,9713847968,0;9713847968,9706921713,0;9706921713,9706921712,0;9706921712,9706921786,0;9706921786,9778914467,0;9778914467,9706887247,0;9706887247,9706857800,0;9706857800,9706857774,0;9706857774,9706857801,0;9706857801,9706857775,0;9706857775,9706857832,0;9706857832,9706857843,0;9706857843,7161807983,0;7161807983,7161812592,0;7161812592,499478563,0;499478563,499478564,0;499478564,7973114513,0;7973114513,7973099569,0;7973099569,7975273881,0;7975273881,7973099508,0;7973099508,7973099507,0;7973099507,7973114859,0;7973114859,8298792534,0;8298792534,8298792550,0;8298792550,7973114851,0;7973114851,7975286501,0;7975286501,8298792599,0;8298792599,1116501292,0;1116501292,7975286500,0;7975286500,1116501304,0;1116501304,7975286429,0;7975286429,7975286583,0;7975286583,7977056082,0;7977056082,7977056084,0;7977056084,7977050965,0;7977050965,7977056079,0;7977056079,7979256640,0;7979256640,7979256626,0;7979256626,7979256668,0;7979256668,7977056101,0;7977056101,7967831807,0;7967831807,7967774259,0;7967774259,503464976,0;503464976,7961771680,0;7961771680,1116492807,0;1116492807,7967774262,0;7967774262,503464985,0;503464985,2530277199,0;2530277199,564083084,0;564083084,5374860944,0;5374860944,5374860978,0;5374860978,5374861143,0;5374861143,9053077286,0;9053077286,13527622504,0;13527622504,13167173350,0;13167173350,13527622497,0;13527622497,564083093,0;564083093,6317320202,0;6317320202,564083165,0;564083165,13167173329,0;13167173329,6317320222,0;6317320222,6028645652,0;6028645652,2369336843,0;2369336843,2369336701,0;2369336701,12333484744,0;12333484744,2368579077,0;2368579077,2369336820,0;2369336820,2368578991,0;2368578991,8887740818,0;8887740818,9570709534,0;9570709534,2369336807,0;2369336807,2368578970,0;2368578970,6043430915,0;6043430915,4899192485,0;4899192485,564639012,0;564639012,564638925,0;564638925,504640818,0;504640818,504637096,0;504637096,2787061089,0;2787061089,2787061351,0;2787061351,2787061330,0;2787061330,11155489650,0;11155489650,2787061341,0;2787061341,2787061167,0",T2,6103
2023-09-07T14:00:00+08:00,always,True,always,0.0,False,8,0,9,0.9199327917110895,0.3087905659348496,2023-09-07T14:00:00+08:00,10297.182344079098,0.3087905659348496,0.402173251907878,0.3761536841912513,0.0,0.3087905659348496,112.21760004991664,"9706921350,9706921684,0;9706921684,9706921682,0;9706921682,9713848047,0;9713848047,9713848018,0;9713848018,9713848023,0;9713848023,12984979400,0;12984979400,9713848118,0;9713848118,9713848006,0;9713848006,9713847968,0;9713847968,9706921713,0;9706921713,9706921712,0;9706921712,9706921786,0;9706921786,9778914467,0;9778914467,9706887247,0;9706887247,9706857800,0;9706857800,9706857774,0;9706857774,9706857801,0;9706857801,9706857775,0;9706857775,9706857832,0;9706857832,9706857843,0;9706857843,7161807983,0;7161807983,7161812592,0;7161812592,499478563,0;499478563,499478564,0;499478564,7973114513,0;7973114513,7973099569,0;7973099569,7975273881,0;7975273881,7973099508,0;7973099508,7973099507,0;7973099507,7973114859,0;7973114859,8298792534,0;8298792534,8298792550,0;8298792550,7973114851,0;7973114851,7975286501,0;7975286501,8298792599,0;8298792599,1116501292,0;1116501292,7975286500,0;7975286500,1116501304,0;1116501304,7975286429,0;7975286429,7975286583,0;7975286583,7977056082,0;7977056082,7977056084,0;7977056084,7977050965,0;7977050965,7977056079,0;7977056079,7979256640,0;7979256640,7979256626,0;7979256626,7979256668,0;7979256668,7977056101,0;7977056101,7967831807,0;7967831807,7967774259,0;7967774259,503464976,0;503464976,7961771680,0;7961771680,1116492807,0;1116492807,7967774262,0;7967774262,503464985,0;503464985,2530277199,0;2530277199,564083084,0;564083084,5374860944,0;5374860944,5374860978,0;5374860978,5374861143,0;5374861143,9053077286,0;9053077286,13527622504,0;13527622504,13167173350,0;13167173350,13527622497,0;13527622497,564083093,0;564083093,6317320202,0;6317320202,564083165,0;564083165,13167173329,0;13167173329,6317320222,0;6317320222,6028645652,0;6028645652,2369336843,0;2369336843,2369336701,0;2369336701,12333484744,0;12333484744,2368579077,0;2368579077,2369336820,0;2369336820,2368578991,0;2368578991,8887740818,0;8887740818,9570709534,0;9570709534,2369336807,0;2369336807,2368578970,0;2368578970,6043430915,0;6043430915,4899192485,0;4899192485,564639012,0;564639012,564638925,0;564638925,504640818,0;504640818,504637096,0;504637096,2787061089,0;2787061089,2787061351,0;2787061351,2787061330,0;2787061330,11155489650,0;11155489650,2787061341,0;2787061341,2787061167,0",T2,6103
2023-09-07T14:00:00+08:00,triggered,False,keep_current,,False,0,0,1,0.9199327917110895,0.3087905659348496,2023-09-07T12:00:00+08:00,10297.182344079098,0.3087905659348496,0.402173251907878,0.3761536841912513,0.0,0.3087905659348496,90.9764000098221,"9706921350,9706921684,0;9706921684,9706921682,0;9706921682,9713848047,0;9713848047,9713848018,0;9713848018,9713848023,0;9713848023,12984979400,0;12984979400,9713848118,0;9713848118,9713848006,0;9713848006,9713847968,0;9713847968,9706921713,0;9706921713,9706921712,0;9706921712,9706921786,0;9706921786,9778914467,0;9778914467,9706887247,0;9706887247,9706857800,0;9706857800,9706857774,0;9706857774,9706857801,0;9706857801,9706857775,0;9706857775,9706857832,0;9706857832,9706857843,0;9706857843,7161807983,0;7161807983,7161812592,0;7161812592,499478563,0;499478563,499478564,0;499478564,7973114513,0;7973114513,7973099569,0;7973099569,7975273881,0;7975273881,7973099508,0;7973099508,7973099507,0;7973099507,7973114859,0;7973114859,8298792534,0;8298792534,8298792550,0;8298792550,7973114851,0;7973114851,7975286501,0;7975286501,8298792599,0;8298792599,1116501292,0;1116501292,7975286500,0;7975286500,1116501304,0;1116501304,7975286429,0;7975286429,7975286583,0;7975286583,7977056082,0;7977056082,7977056084,0;7977056084,7977050965,0;7977050965,7977056079,0;7977056079,7979256640,0;7979256640,7979256626,0;7979256626,7979256668,0;7979256668,7977056101,0;7977056101,7967831807,0;7967831807,7967774259,0;7967774259,503464976,0;503464976,7961771680,0;7961771680,1116492807,0;1116492807,7967774262,0;7967774262,503464985,0;503464985,2530277199,0;2530277199,564083084,0;564083084,5374860944,0;5374860944,5374860978,0;5374860978,5374861143,0;5374861143,9053077286,0;9053077286,13527622504,0;13527622504,13167173350,0;13167173350,13527622497,0;13527622497,564083093,0;564083093,6317320202,0;6317320202,564083165,0;564083165,13167173329,0;13167173329,6317320222,0;6317320222,6028645652,0;6028645652,2369336843,0;2369336843,2369336701,0;2369336701,12333484744,0;12333484744,2368579077,0;2368579077,2369336820,0;2369336820,2368578991,0;2368578991,8887740818,0;8887740818,9570709534,0;9570709534,2369336807,0;2369336807,2368578970,0;2368578970,6043430915,0;6043430915,4899192485,0;4899192485,564639012,0;564639012,564638925,0;564638925,504640818,0;504640818,504637096,0;504637096,2787061089,0;2787061089,2787061351,0;2787061351,2787061330,0;2787061330,11155489650,0;11155489650,2787061341,0;2787061341,2787061167,0",T2,6103
2023-09-07T14:15:00+08:00,never,False,never,,False,0,0,1,0.9199327917110895,0.3108773952469007,2023-09-07T12:00:00+08:00,10297.182344079098,0.3108773952469007,0.4081919353112417,0.3797904622750799,0.0,0.3108773952469007,92.88360003847627,"9706921350,9706921684,0;9706921684,9706921682,0;9706921682,9713848047,0;9713848047,9713848018,0;9713848018,9713848023,0;9713848023,12984979400,0;12984979400,9713848118,0;9713848118,9713848006,0;9713848006,9713847968,0;9713847968,9706921713,0;9706921713,9706921712,0;9706921712,9706921786,0;9706921786,9778914467,0;9778914467,9706887247,0;9706887247,9706857800,0;9706857800,9706857774,0;9706857774,9706857801,0;9706857801,9706857775,0;9706857775,9706857832,0;9706857832,9706857843,0;9706857843,7161807983,0;7161807983,7161812592,0;7161812592,499478563,0;499478563,499478564,0;499478564,7973114513,0;7973114513,7973099569,0;7973099569,7975273881,0;7975273881,7973099508,0;7973099508,7973099507,0;7973099507,7973114859,0;7973114859,8298792534,0;8298792534,8298792550,0;8298792550,7973114851,0;7973114851,7975286501,0;7975286501,8298792599,0;8298792599,1116501292,0;1116501292,7975286500,0;7975286500,1116501304,0;1116501304,7975286429,0;7975286429,7975286583,0;7975286583,7977056082,0;7977056082,7977056084,0;7977056084,7977050965,0;7977050965,7977056079,0;7977056079,7979256640,0;7979256640,7979256626,0;7979256626,7979256668,0;7979256668,7977056101,0;7977056101,7967831807,0;7967831807,7967774259,0;7967774259,503464976,0;503464976,7961771680,0;7961771680,1116492807,0;1116492807,7967774262,0;7967774262,503464985,0;503464985,2530277199,0;2530277199,564083084,0;564083084,5374860944,0;5374860944,5374860978,0;5374860978,5374861143,0;5374861143,9053077286,0;9053077286,13527622504,0;13527622504,13167173350,0;13167173350,13527622497,0;13527622497,564083093,0;564083093,6317320202,0;6317320202,564083165,0;564083165,13167173329,0;13167173329,6317320222,0;6317320222,6028645652,0;6028645652,2369336843,0;2369336843,2369336701,0;2369336701,12333484744,0;12333484744,2368579077,0;2368579077,2369336820,0;2369336820,2368578991,0;2368578991,8887740818,0;8887740818,9570709534,0;9570709534,2369336807,0;2369336807,2368578970,0;2368578970,6043430915,0;6043430915,4899192485,0;4899192485,564639012,0;564639012,564638925,0;564638925,504640818,0;504640818,504637096,0;504637096,2787061089,0;2787061089,2787061351,0;2787061351,2787061330,0;2787061330,11155489650,0;11155489650,2787061341,0;2787061341,2787061167,0",T2,6103
2023-09-07T14:15:00+08:00,always,True,always,0.0,False,9,0,10,0.9199327917110895,0.3108773952469007,2023-09-07T14:15:00+08:00,10297.182344079098,0.3108773952469007,0.4081919353112417,0.3797904622750799,0.0,0.3108773952469007,110.41040008421987,"9706921350,9706921684,0;9706921684,9706921682,0;9706921682,9713848047,0;9713848047,9713848018,0;9713848018,9713848023,0;9713848023,12984979400,0;12984979400,9713848118,0;9713848118,9713848006,0;9713848006,9713847968,0;9713847968,9706921713,0;9706921713,9706921712,0;9706921712,9706921786,0;9706921786,9778914467,0;9778914467,9706887247,0;9706887247,9706857800,0;9706857800,9706857774,0;9706857774,9706857801,0;9706857801,9706857775,0;9706857775,9706857832,0;9706857832,9706857843,0;9706857843,7161807983,0;7161807983,7161812592,0;7161812592,499478563,0;499478563,499478564,0;499478564,7973114513,0;7973114513,7973099569,0;7973099569,7975273881,0;7975273881,7973099508,0;7973099508,7973099507,0;7973099507,7973114859,0;7973114859,8298792534,0;8298792534,8298792550,0;8298792550,7973114851,0;7973114851,7975286501,0;7975286501,8298792599,0;8298792599,1116501292,0;1116501292,7975286500,0;7975286500,1116501304,0;1116501304,7975286429,0;7975286429,7975286583,0;7975286583,7977056082,0;7977056082,7977056084,0;7977056084,7977050965,0;7977050965,7977056079,0;7977056079,7979256640,0;7979256640,7979256626,0;7979256626,7979256668,0;7979256668,7977056101,0;7977056101,7967831807,0;7967831807,7967774259,0;7967774259,503464976,0;503464976,7961771680,0;7961771680,1116492807,0;1116492807,7967774262,0;7967774262,503464985,0;503464985,2530277199,0;2530277199,564083084,0;564083084,5374860944,0;5374860944,5374860978,0;5374860978,5374861143,0;5374861143,9053077286,0;9053077286,13527622504,0;13527622504,13167173350,0;13167173350,13527622497,0;13527622497,564083093,0;564083093,6317320202,0;6317320202,564083165,0;564083165,13167173329,0;13167173329,6317320222,0;6317320222,6028645652,0;6028645652,2369336843,0;2369336843,2369336701,0;2369336701,12333484744,0;12333484744,2368579077,0;2368579077,2369336820,0;2369336820,2368578991,0;2368578991,8887740818,0;8887740818,9570709534,0;9570709534,2369336807,0;2369336807,2368578970,0;2368578970,6043430915,0;6043430915,4899192485,0;4899192485,564639012,0;564639012,564638925,0;564638925,504640818,0;504640818,504637096,0;504637096,2787061089,0;2787061089,2787061351,0;2787061351,2787061330,0;2787061330,11155489650,0;11155489650,2787061341,0;2787061341,2787061167,0",T2,6103
2023-09-07T14:15:00+08:00,triggered,False,keep_current,,False,0,0,1,0.9199327917110895,0.3108773952469007,2023-09-07T12:00:00+08:00,10297.182344079098,0.3108773952469007,0.4081919353112417,0.3797904622750799,0.0,0.3108773952469007,91.37720003491268,"9706921350,9706921684,0;9706921684,9706921682,0;9706921682,9713848047,0;9713848047,9713848018,0;9713848018,9713848023,0;9713848023,12984979400,0;12984979400,9713848118,0;9713848118,9713848006,0;9713848006,9713847968,0;9713847968,9706921713,0;9706921713,9706921712,0;9706921712,9706921786,0;9706921786,9778914467,0;9778914467,9706887247,0;9706887247,9706857800,0;9706857800,9706857774,0;9706857774,9706857801,0;9706857801,9706857775,0;9706857775,9706857832,0;9706857832,9706857843,0;9706857843,7161807983,0;7161807983,7161812592,0;7161812592,499478563,0;499478563,499478564,0;499478564,7973114513,0;7973114513,7973099569,0;7973099569,7975273881,0;7975273881,7973099508,0;7973099508,7973099507,0;7973099507,7973114859,0;7973114859,8298792534,0;8298792534,8298792550,0;8298792550,7973114851,0;7973114851,7975286501,0;7975286501,8298792599,0;8298792599,1116501292,0;1116501292,7975286500,0;7975286500,1116501304,0;1116501304,7975286429,0;7975286429,7975286583,0;7975286583,7977056082,0;7977056082,7977056084,0;7977056084,7977050965,0;7977050965,7977056079,0;7977056079,7979256640,0;7979256640,7979256626,0;7979256626,7979256668,0;7979256668,7977056101,0;7977056101,7967831807,0;7967831807,7967774259,0;7967774259,503464976,0;503464976,7961771680,0;7961771680,1116492807,0;1116492807,7967774262,0;7967774262,503464985,0;503464985,2530277199,0;2530277199,564083084,0;564083084,5374860944,0;5374860944,5374860978,0;5374860978,5374861143,0;5374861143,9053077286,0;9053077286,13527622504,0;13527622504,13167173350,0;13167173350,13527622497,0;13527622497,564083093,0;564083093,6317320202,0;6317320202,564083165,0;564083165,13167173329,0;13167173329,6317320222,0;6317320222,6028645652,0;6028645652,2369336843,0;2369336843,2369336701,0;2369336701,12333484744,0;12333484744,2368579077,0;2368579077,2369336820,0;2369336820,2368578991,0;2368578991,8887740818,0;8887740818,9570709534,0;9570709534,2369336807,0;2369336807,2368578970,0;2368578970,6043430915,0;6043430915,4899192485,0;4899192485,564639012,0;564639012,564638925,0;564638925,504640818,0;504640818,504637096,0;504637096,2787061089,0;2787061089,2787061351,0;2787061351,2787061330,0;2787061330,11155489650,0;11155489650,2787061341,0;2787061341,2787061167,0",T2,6103
2023-09-07T14:30:00+08:00,never,False,never,,False,0,0,1,0.9199327917110895,0.3087905659348496,2023-09-07T12:00:00+08:00,10297.182344079098,0.3087905659348496,0.402173251907878,0.3761536841912513,0.0,0.3087905659348496,92.30889996979386,"9706921350,9706921684,0;9706921684,9706921682,0;9706921682,9713848047,0;9713848047,9713848018,0;9713848018,9713848023,0;9713848023,12984979400,0;12984979400,9713848118,0;9713848118,9713848006,0;9713848006,9713847968,0;9713847968,9706921713,0;9706921713,9706921712,0;9706921712,9706921786,0;9706921786,9778914467,0;9778914467,9706887247,0;9706887247,9706857800,0;9706857800,9706857774,0;9706857774,9706857801,0;9706857801,9706857775,0;9706857775,9706857832,0;9706857832,9706857843,0;9706857843,7161807983,0;7161807983,7161812592,0;7161812592,499478563,0;499478563,499478564,0;499478564,7973114513,0;7973114513,7973099569,0;7973099569,7975273881,0;7975273881,7973099508,0;7973099508,7973099507,0;7973099507,7973114859,0;7973114859,8298792534,0;8298792534,8298792550,0;8298792550,7973114851,0;7973114851,7975286501,0;7975286501,8298792599,0;8298792599,1116501292,0;1116501292,7975286500,0;7975286500,1116501304,0;1116501304,7975286429,0;7975286429,7975286583,0;7975286583,7977056082,0;7977056082,7977056084,0;7977056084,7977050965,0;7977050965,7977056079,0;7977056079,7979256640,0;7979256640,7979256626,0;7979256626,7979256668,0;7979256668,7977056101,0;7977056101,7967831807,0;7967831807,7967774259,0;7967774259,503464976,0;503464976,7961771680,0;7961771680,1116492807,0;1116492807,7967774262,0;7967774262,503464985,0;503464985,2530277199,0;2530277199,564083084,0;564083084,5374860944,0;5374860944,5374860978,0;5374860978,5374861143,0;5374861143,9053077286,0;9053077286,13527622504,0;13527622504,13167173350,0;13167173350,13527622497,0;13527622497,564083093,0;564083093,6317320202,0;6317320202,564083165,0;564083165,13167173329,0;13167173329,6317320222,0;6317320222,6028645652,0;6028645652,2369336843,0;2369336843,2369336701,0;2369336701,12333484744,0;12333484744,2368579077,0;2368579077,2369336820,0;2369336820,2368578991,0;2368578991,8887740818,0;8887740818,9570709534,0;9570709534,2369336807,0;2369336807,2368578970,0;2368578970,6043430915,0;6043430915,4899192485,0;4899192485,564639012,0;564639012,564638925,0;564638925,504640818,0;504640818,504637096,0;504637096,2787061089,0;2787061089,2787061351,0;2787061351,2787061330,0;2787061330,11155489650,0;11155489650,2787061341,0;2787061341,2787061167,0",T2,6103
2023-09-07T14:30:00+08:00,always,True,always,0.0,False,10,0,11,0.9199327917110895,0.3087905659348496,2023-09-07T14:30:00+08:00,10297.182344079098,0.3087905659348496,0.402173251907878,0.3761536841912513,0.0,0.3087905659348496,111.98679998051377,"9706921350,9706921684,0;9706921684,9706921682,0;9706921682,9713848047,0;9713848047,9713848018,0;9713848018,9713848023,0;9713848023,12984979400,0;12984979400,9713848118,0;9713848118,9713848006,0;9713848006,9713847968,0;9713847968,9706921713,0;9706921713,9706921712,0;9706921712,9706921786,0;9706921786,9778914467,0;9778914467,9706887247,0;9706887247,9706857800,0;9706857800,9706857774,0;9706857774,9706857801,0;9706857801,9706857775,0;9706857775,9706857832,0;9706857832,9706857843,0;9706857843,7161807983,0;7161807983,7161812592,0;7161812592,499478563,0;499478563,499478564,0;499478564,7973114513,0;7973114513,7973099569,0;7973099569,7975273881,0;7975273881,7973099508,0;7973099508,7973099507,0;7973099507,7973114859,0;7973114859,8298792534,0;8298792534,8298792550,0;8298792550,7973114851,0;7973114851,7975286501,0;7975286501,8298792599,0;8298792599,1116501292,0;1116501292,7975286500,0;7975286500,1116501304,0;1116501304,7975286429,0;7975286429,7975286583,0;7975286583,7977056082,0;7977056082,7977056084,0;7977056084,7977050965,0;7977050965,7977056079,0;7977056079,7979256640,0;7979256640,7979256626,0;7979256626,7979256668,0;7979256668,7977056101,0;7977056101,7967831807,0;7967831807,7967774259,0;7967774259,503464976,0;503464976,7961771680,0;7961771680,1116492807,0;1116492807,7967774262,0;7967774262,503464985,0;503464985,2530277199,0;2530277199,564083084,0;564083084,5374860944,0;5374860944,5374860978,0;5374860978,5374861143,0;5374861143,9053077286,0;9053077286,13527622504,0;13527622504,13167173350,0;13167173350,13527622497,0;13527622497,564083093,0;564083093,6317320202,0;6317320202,564083165,0;564083165,13167173329,0;13167173329,6317320222,0;6317320222,6028645652,0;6028645652,2369336843,0;2369336843,2369336701,0;2369336701,12333484744,0;12333484744,2368579077,0;2368579077,2369336820,0;2369336820,2368578991,0;2368578991,8887740818,0;8887740818,9570709534,0;9570709534,2369336807,0;2369336807,2368578970,0;2368578970,6043430915,0;6043430915,4899192485,0;4899192485,564639012,0;564639012,564638925,0;564638925,504640818,0;504640818,504637096,0;504637096,2787061089,0;2787061089,2787061351,0;2787061351,2787061330,0;2787061330,11155489650,0;11155489650,2787061341,0;2787061341,2787061167,0",T2,6103
2023-09-07T14:30:00+08:00,triggered,False,keep_current,,False,0,0,1,0.9199327917110895,0.3087905659348496,2023-09-07T12:00:00+08:00,10297.182344079098,0.3087905659348496,0.402173251907878,0.3761536841912513,0.0,0.3087905659348496,92.09079999709502,"9706921350,9706921684,0;9706921684,9706921682,0;9706921682,9713848047,0;9713848047,9713848018,0;9713848018,9713848023,0;9713848023,12984979400,0;12984979400,9713848118,0;9713848118,9713848006,0;9713848006,9713847968,0;9713847968,9706921713,0;9706921713,9706921712,0;9706921712,9706921786,0;9706921786,9778914467,0;9778914467,9706887247,0;9706887247,9706857800,0;9706857800,9706857774,0;9706857774,9706857801,0;9706857801,9706857775,0;9706857775,9706857832,0;9706857832,9706857843,0;9706857843,7161807983,0;7161807983,7161812592,0;7161812592,499478563,0;499478563,499478564,0;499478564,7973114513,0;7973114513,7973099569,0;7973099569,7975273881,0;7975273881,7973099508,0;7973099508,7973099507,0;7973099507,7973114859,0;7973114859,8298792534,0;8298792534,8298792550,0;8298792550,7973114851,0;7973114851,7975286501,0;7975286501,8298792599,0;8298792599,1116501292,0;1116501292,7975286500,0;7975286500,1116501304,0;1116501304,7975286429,0;7975286429,7975286583,0;7975286583,7977056082,0;7977056082,7977056084,0;7977056084,7977050965,0;7977050965,7977056079,0;7977056079,7979256640,0;7979256640,7979256626,0;7979256626,7979256668,0;7979256668,7977056101,0;7977056101,7967831807,0;7967831807,7967774259,0;7967774259,503464976,0;503464976,7961771680,0;7961771680,1116492807,0;1116492807,7967774262,0;7967774262,503464985,0;503464985,2530277199,0;2530277199,564083084,0;564083084,5374860944,0;5374860944,5374860978,0;5374860978,5374861143,0;5374861143,9053077286,0;9053077286,13527622504,0;13527622504,13167173350,0;13167173350,13527622497,0;13527622497,564083093,0;564083093,6317320202,0;6317320202,564083165,0;564083165,13167173329,0;13167173329,6317320222,0;6317320222,6028645652,0;6028645652,2369336843,0;2369336843,2369336701,0;2369336701,12333484744,0;12333484744,2368579077,0;2368579077,2369336820,0;2369336820,2368578991,0;2368578991,8887740818,0;8887740818,9570709534,0;9570709534,2369336807,0;2369336807,2368578970,0;2368578970,6043430915,0;6043430915,4899192485,0;4899192485,564639012,0;564639012,564638925,0;564638925,504640818,0;504640818,504637096,0;504637096,2787061089,0;2787061089,2787061351,0;2787061351,2787061330,0;2787061330,11155489650,0;11155489650,2787061341,0;2787061341,2787061167,0",T2,6103
2023-09-07T14:45:00+08:00,never,False,never,,False,0,0,1,0.9199327917110895,0.3067037366227986,2023-09-07T12:00:00+08:00,10297.182344079098,0.3067037366227986,0.3961545685045144,0.3751512066512472,0.0,0.3067037366227986,91.4970999583602,"9706921350,9706921684,0;9706921684,9706921682,0;9706921682,9713848047,0;9713848047,9713848018,0;9713848018,9713848023,0;9713848023,12984979400,0;12984979400,9713848118,0;9713848118,9713848006,0;9713848006,9713847968,0;9713847968,9706921713,0;9706921713,9706921712,0;9706921712,9706921786,0;9706921786,9778914467,0;9778914467,9706887247,0;9706887247,9706857800,0;9706857800,9706857774,0;9706857774,9706857801,0;9706857801,9706857775,0;9706857775,9706857832,0;9706857832,9706857843,0;9706857843,7161807983,0;7161807983,7161812592,0;7161812592,499478563,0;499478563,499478564,0;499478564,7973114513,0;7973114513,7973099569,0;7973099569,7975273881,0;7975273881,7973099508,0;7973099508,7973099507,0;7973099507,7973114859,0;7973114859,8298792534,0;8298792534,8298792550,0;8298792550,7973114851,0;7973114851,7975286501,0;7975286501,8298792599,0;8298792599,1116501292,0;1116501292,7975286500,0;7975286500,1116501304,0;1116501304,7975286429,0;7975286429,7975286583,0;7975286583,7977056082,0;7977056082,7977056084,0;7977056084,7977050965,0;7977050965,7977056079,0;7977056079,7979256640,0;7979256640,7979256626,0;7979256626,7979256668,0;7979256668,7977056101,0;7977056101,7967831807,0;7967831807,7967774259,0;7967774259,503464976,0;503464976,7961771680,0;7961771680,1116492807,0;1116492807,7967774262,0;7967774262,503464985,0;503464985,2530277199,0;2530277199,564083084,0;564083084,5374860944,0;5374860944,5374860978,0;5374860978,5374861143,0;5374861143,9053077286,0;9053077286,13527622504,0;13527622504,13167173350,0;13167173350,13527622497,0;13527622497,564083093,0;564083093,6317320202,0;6317320202,564083165,0;564083165,13167173329,0;13167173329,6317320222,0;6317320222,6028645652,0;6028645652,2369336843,0;2369336843,2369336701,0;2369336701,12333484744,0;12333484744,2368579077,0;2368579077,2369336820,0;2369336820,2368578991,0;2368578991,8887740818,0;8887740818,9570709534,0;9570709534,2369336807,0;2369336807,2368578970,0;2368578970,6043430915,0;6043430915,4899192485,0;4899192485,564639012,0;564639012,564638925,0;564638925,504640818,0;504640818,504637096,0;504637096,2787061089,0;2787061089,2787061351,0;2787061351,2787061330,0;2787061330,11155489650,0;11155489650,2787061341,0;2787061341,2787061167,0",T2,6103
2023-09-07T14:45:00+08:00,always,True,always,0.0,False,11,0,12,0.9199327917110895,0.3067037366227986,2023-09-07T14:45:00+08:00,10297.182344079098,0.3067037366227986,0.3961545685045144,0.3751512066512472,0.0,0.3067037366227986,109.78030000114812,"9706921350,9706921684,0;9706921684,9706921682,0;9706921682,9713848047,0;9713848047,9713848018,0;9713848018,9713848023,0;9713848023,12984979400,0;12984979400,9713848118,0;9713848118,9713848006,0;9713848006,9713847968,0;9713847968,9706921713,0;9706921713,9706921712,0;9706921712,9706921786,0;9706921786,9778914467,0;9778914467,9706887247,0;9706887247,9706857800,0;9706857800,9706857774,0;9706857774,9706857801,0;9706857801,9706857775,0;9706857775,9706857832,0;9706857832,9706857843,0;9706857843,7161807983,0;7161807983,7161812592,0;7161812592,499478563,0;499478563,499478564,0;499478564,7973114513,0;7973114513,7973099569,0;7973099569,7975273881,0;7975273881,7973099508,0;7973099508,7973099507,0;7973099507,7973114859,0;7973114859,8298792534,0;8298792534,8298792550,0;8298792550,7973114851,0;7973114851,7975286501,0;7975286501,8298792599,0;8298792599,1116501292,0;1116501292,7975286500,0;7975286500,1116501304,0;1116501304,7975286429,0;7975286429,7975286583,0;7975286583,7977056082,0;7977056082,7977056084,0;7977056084,7977050965,0;7977050965,7977056079,0;7977056079,7979256640,0;7979256640,7979256626,0;7979256626,7979256668,0;7979256668,7977056101,0;7977056101,7967831807,0;7967831807,7967774259,0;7967774259,503464976,0;503464976,7961771680,0;7961771680,1116492807,0;1116492807,7967774262,0;7967774262,503464985,0;503464985,2530277199,0;2530277199,564083084,0;564083084,5374860944,0;5374860944,5374860978,0;5374860978,5374861143,0;5374861143,9053077286,0;9053077286,13527622504,0;13527622504,13167173350,0;13167173350,13527622497,0;13527622497,564083093,0;564083093,6317320202,0;6317320202,564083165,0;564083165,13167173329,0;13167173329,6317320222,0;6317320222,6028645652,0;6028645652,2369336843,0;2369336843,2369336701,0;2369336701,12333484744,0;12333484744,2368579077,0;2368579077,2369336820,0;2369336820,2368578991,0;2368578991,8887740818,0;8887740818,9570709534,0;9570709534,2369336807,0;2369336807,2368578970,0;2368578970,6043430915,0;6043430915,4899192485,0;4899192485,564639012,0;564639012,564638925,0;564638925,504640818,0;504640818,504637096,0;504637096,2787061089,0;2787061089,2787061351,0;2787061351,2787061330,0;2787061330,11155489650,0;11155489650,2787061341,0;2787061341,2787061167,0",T2,6103
2023-09-07T14:45:00+08:00,triggered,False,keep_current,,False,0,0,1,0.9199327917110895,0.3067037366227986,2023-09-07T12:00:00+08:00,10297.182344079098,0.3067037366227986,0.3961545685045144,0.3751512066512472,0.0,0.3067037366227986,90.93090001260862,"9706921350,9706921684,0;9706921684,9706921682,0;9706921682,9713848047,0;9713848047,9713848018,0;9713848018,9713848023,0;9713848023,12984979400,0;12984979400,9713848118,0;9713848118,9713848006,0;9713848006,9713847968,0;9713847968,9706921713,0;9706921713,9706921712,0;9706921712,9706921786,0;9706921786,9778914467,0;9778914467,9706887247,0;9706887247,9706857800,0;9706857800,9706857774,0;9706857774,9706857801,0;9706857801,9706857775,0;9706857775,9706857832,0;9706857832,9706857843,0;9706857843,7161807983,0;7161807983,7161812592,0;7161812592,499478563,0;499478563,499478564,0;499478564,7973114513,0;7973114513,7973099569,0;7973099569,7975273881,0;7975273881,7973099508,0;7973099508,7973099507,0;7973099507,7973114859,0;7973114859,8298792534,0;8298792534,8298792550,0;8298792550,7973114851,0;7973114851,7975286501,0;7975286501,8298792599,0;8298792599,1116501292,0;1116501292,7975286500,0;7975286500,1116501304,0;1116501304,7975286429,0;7975286429,7975286583,0;7975286583,7977056082,0;7977056082,7977056084,0;7977056084,7977050965,0;7977050965,7977056079,0;7977056079,7979256640,0;7979256640,7979256626,0;7979256626,7979256668,0;7979256668,7977056101,0;7977056101,7967831807,0;7967831807,7967774259,0;7967774259,503464976,0;503464976,7961771680,0;7961771680,1116492807,0;1116492807,7967774262,0;7967774262,503464985,0;503464985,2530277199,0;2530277199,564083084,0;564083084,5374860944,0;5374860944,5374860978,0;5374860978,5374861143,0;5374861143,9053077286,0;9053077286,13527622504,0;13527622504,13167173350,0;13167173350,13527622497,0;13527622497,564083093,0;564083093,6317320202,0;6317320202,564083165,0;564083165,13167173329,0;13167173329,6317320222,0;6317320222,6028645652,0;6028645652,2369336843,0;2369336843,2369336701,0;2369336701,12333484744,0;12333484744,2368579077,0;2368579077,2369336820,0;2369336820,2368578991,0;2368578991,8887740818,0;8887740818,9570709534,0;9570709534,2369336807,0;2369336807,2368578970,0;2368578970,6043430915,0;6043430915,4899192485,0;4899192485,564639012,0;564639012,564638925,0;564638925,504640818,0;504640818,504637096,0;504637096,2787061089,0;2787061089,2787061351,0;2787061351,2787061330,0;2787061330,11155489650,0;11155489650,2787061341,0;2787061341,2787061167,0",T2,6103
