osmid,elevation,worldcover,low_elevation,slope_risk,landcover,rainfall_truth,water_truth,rainfall_observed,water_observed,age_minutes,uncertainty,sensitivity,observed_risk,true_risk,trusted_risk,x,y
267052037,14.396249771118164,50,0.46889149941981434,0.9139586917036854,0.45,0.25,0.35194574970990716,0.25,0.35194574970990716,15.0,0.15,0.05,0.6967691475488007,0.6967691475488007,0.7473660815775374,198636.72469178383,2493237.041015027
269920080,7.689896106719971,50,0.7347719883562087,0.8615996269737747,0.45,0.25,0.48488599417810435,0.0875,0.1454657982534313,120.0,0.9,1.0,0.7561176599900448,0.8565016991749794,1.0,198321.2060425856,2494653.1779718646
277052169,10.054924011230469,50,0.6410079539692904,0.9031673851716068,0.45,0.25,0.4380039769846452,0.25,0.4380039769846452,15.0,0.15,0.05,0.8059470163729405,0.8059470163729405,0.8565439504016772,197128.25447736046,2495930.1602581837
277052181,10.08252239227295,50,0.6399137869431191,0.7525159672885868,0.45,0.25,0.4374568934715595,0.25,0.4374568934715595,15.0,0.15,0.05,0.7675729533351742,0.7675729533351742,0.8181698873639108,197136.63406023494,2495822.014261344
277486655,7.5427656173706055,50,0.7406051323273253,0.9142750740359213,0.45,0.25,0.48780256616366263,0.0875,0.14634076984909877,120.0,0.9,1.0,0.7726697452588289,0.8734621045217418,1.0,198420.27681466506,2496397.1936015747
277665082,11.292864799499512,50,0.591928481199073,0.8735379848573248,0.45,0.25,0.4134642405995365,0.25,0.4134642405995365,15.0,0.15,0.05,0.7666380089937287,0.7666380089937287,0.8172349430224654,199064.3401596864,2495874.3116199938
277665237,20.280147552490234,50,0.235618144441844,0.7282560308735562,0.45,0.25,0.235309072220922,0.25,0.235309072220922,15.0,0.15,0.05,0.49871580160558765,0.49871580160558765,0.5493127356343244,199590.31792228832,2496136.2548741587
277673161,10.811182022094727,50,0.6110253047156297,0.6490865644757654,0.45,0.25,0.4230126523578148,0.25,0.4230126523578148,15.0,0.15,0.05,0.7229380891841006,0.7229380891841006,0.7735350232128373,196945.97771530494,2495824.9326749663
277933349,10.61480712890625,50,0.618810795196539,0.7911856103960605,0.45,0.25,0.4269053975982695,0.25,0.4269053975982695,15.0,0.15,0.05,0.7635234194767655,0.7635234194767655,0.8141203535055022,198433.0463233525,2495116.2849848126
278659481,16.161663055419922,10,0.3988998212748356,0.8551372666130466,0.15,0.25,0.2719499106374178,0.25,0.2719499106374178,15.0,0.15,0.05,0.5675692004819048,0.5675692004819048,0.6181661345106415,195528.36486846476,2496106.4769274504
295803578,10.95267391204834,50,0.6054157089853727,0.6425688810147809,0.45,0.25,0.42020785449268633,0.25,0.42020785449268633,15.0,0.15,0.05,0.7176624310941875,0.7176624310941875,0.7682593651229241,199116.61028083134,2494507.880091184
295803665,8.371532440185547,50,0.7077477944815628,0.7367099632409528,0.45,0.25,0.4713738972407814,0.0875,0.1414121691722344,120.0,0.9,1.0,0.7092212116095445,0.8077135572232541,1.0,198829.57442036935,2494584.383987358
295803668,6.976651668548584,50,0.7630493189954942,0.977754627280847,0.45,0.25,0.4990246594977471,0.0875,0.14970739784932413,120.0,0.9,1.0,0.8015572618375983,0.903920714167283,1.0,198799.68088746408,2494584.271601159
295803669,5.356995582580566,50,0.8272622987451429,0.5757244858587433,0.45,0.25,0.5311311493725714,0.0875,0.15933934481177142,120.0,0.9,1.0,0.7382932547368687,0.8451516156490289,1.0,198798.57019041007,2494486.101426743
295803678,8.428274154663086,10,0.7054982091564603,0.6286122253346946,0.15,0.25,0.4252491045782302,0.25,0.4252491045782302,15.0,0.15,0.05,0.710226892285373,0.710226892285373,0.7608238263141096,198831.43073592382,2494507.824635337
296024760,12.015485763549805,50,0.5632794082673338,0.8775741632324464,0.45,0.4746957306249252,0.48556113898940734,0.1661435057187238,0.1456683416968222,120.0,0.9,1.0,0.6815595848382544,0.8112485892780117,1.0,197505.70235636336,2494637.4319068324
296024763,11.455692291259766,50,0.585473012953888,0.8512584032463466,0.45,0.25,0.410236506476944,0.25,0.410236506476944,15.0,0.15,0.05,0.7568720592316139,0.7568720592316139,0.8074689932603506,198643.91197780828,2494634.664777672
296024764,9.410618782043457,50,0.6665521167040916,0.9345392485747358,0.45,0.25,0.4507760583520458,0.0875,0.13523281750561375,120.0,0.9,1.0,0.7347850398320571,0.8303936880013436,1.0,199006.40608228848,2494634.1329087163
297121024,18.48097038269043,50,0.30694842756261903,0.9448972921458315,0.45,0.25,0.27097421378130954,0.25,0.27097421378130954,15.0,0.15,0.05,0.5992408009521604,0.5992408009521604,0.649837734980897,199533.29540043278,2496318.0256153257
297121027,19.07931137084961,60,0.28322656581127875,0.7252955715008574,0.55,0.25,0.2741132829056394,0.25,0.2741132829056394,15.0,0.15,0.05,0.5519211606525456,0.5519211606525456,0.6025180946812823,199590.19304973894,2496317.222703574
310170186,9.115436553955078,50,0.6782549285534151,0.42091049640257994,0.45,0.29222640091023805,0.4728683877037222,0.1022792403185833,0.14186051631111665,120.0,0.9,1.0,0.6170957861309633,0.7212867925278154,1.0,195669.13696426852,2494191.256257915
310170187,16.931673049926758,10,0.3683719600747568,0.47147812261649347,0.15,0.25572134893608384,0.2588864988589491,0.25572134893608384,0.2588864988589491,15.0,0.15,0.05,0.4533956782542462,0.4533956782542462,0.5039926122829829,195601.20120583393,2494191.548566346
352965781,8.081252098083496,50,0.7192562658728703,0.9640475454185845,0.45,0.25,0.47712813293643513,0.0875,0.14313843988093053,120.0,0.9,1.0,0.7727305205609108,0.8720284591720119,1.0,195364.85328986298,2494219.918125393
352965797,11.129412651062012,10,0.5984087146193555,0.8661881303924824,0.15,0.25,0.37170435730967777,0.25,0.37170435730967777,15.0,0.15,0.05,0.7000126971007018,0.7000126971007018,0.7506096311294385,195383.45433428808,2494000.8584271595
409391960,10.330222129821777,50,0.630093468686043,0.9445580581904127,0.45,0.27078696400408836,0.4405417204984401,0.27078696400408836,0.4405417204984401,15.0,0.15,0.05,0.8149566592254325,0.8149566592254325,0.8655535932541691,197052.492501344,2493202.3999850424
409391961,7.937954902648926,50,0.72493743484963,0.8529834445056258,0.45,0.26031190332667575,0.4839348340889211,0.09110916616433651,0.1451804502266763,120.0,0.9,1.0,0.7492193735719055,0.8508107977768223,1.0,197385.47923665302,2493316.8580501294
409391968,18.02541160583496,10,0.32500953742811955,0.48074250681328834,0.15,0.25,0.23500476871405976,0.25,0.23500476871405976,15.0,0.15,0.05,0.4259418260315998,0.4259418260315998,0.47653876006033646,197444.31339324394,2493193.000623746
409391970,12.291277885437012,10,0.5523453377005743,0.7076524018498347,0.15,0.25,0.34867266885028714,0.25,0.34867266885028714,15.0,0.15,0.05,0.6304375699678321,0.6304375699678321,0.6810345039965687,197481.18898650334,2493124.917801817
409391983,12.25735092163086,50,0.5536904080884952,0.8796843205012033,0.45,0.25,0.3943452040442476,0.25,0.3943452040442476,15.0,0.15,0.05,0.7433198453828227,0.7433198453828227,0.7939167794115594,197354.013627176,2493133.4278097306
409392019,11.140792846679688,10,0.5979575347194521,0.9915026166181391,0.15,0.36115656626068177,0.4142312928446037,0.36115656626068177,0.4142312928446037,15.0,0.15,0.05,0.7618298700712907,0.7618298700712907,0.8124268041000273,197717.87481229252,2494670.2439686675
498857670,7.279314994812012,50,0.751049911091131,0.7010222125883286,0.45,0.25,0.49302495554556547,0.0875,0.14790748666366962,120.0,0.9,1.0,0.7254145015799381,0.8269379953563174,1.0,194749.13739847805,2494120.515804617
498857685,26.223188400268555,50,0.0,0.0,0.45,0.25,0.11750000000000001,0.25,0.11750000000000001,15.0,0.15,0.05,0.1635,0.1635,0.21409693402873667,194359.34549105214,2494360.6661406555
498877494,5.698336601257324,50,0.8137294727891221,0.9528671384455994,0.45,0.25,0.524364736394561,0.0875,0.1573094209183683,120.0,0.9,1.0,0.8247298788290907,0.9306409419243293,1.0,194760.6760361839,2494113.0153898587
498877610,26.223188400268555,50,0.0,0.0,0.45,0.25,0.11750000000000001,0.25,0.11750000000000001,15.0,0.15,0.05,0.1635,0.1635,0.21409693402873667,193795.57967255655,2494736.0311355046
498877613,26.223188400268555,50,0.0,1.0,0.45,0.25,0.11750000000000001,0.25,0.11750000000000001,15.0,0.15,0.05,0.41350000000000003,0.41350000000000003,0.4640969340287367,194425.26775889017,2494539.7963856803
498877620,6.00890588760376,50,0.8014166247297099,0.8719955062527381,0.45,0.25,0.5182083123648549,0.0875,0.15546249370945645,120.0,0.9,1.0,0.7973705189064162,0.9024196826374961,1.0,195533.16401536582,2493630.9508999167
498877627,6.282195568084717,50,0.7905817661010502,0.7216292508787325,0.45,0.25,0.5127908830505251,0.0875,0.15383726491515753,120.0,0.9,1.0,0.7534947370582923,0.8577854606853659,1.0,195254.62704579788,2493803.685815654
498877630,7.633520603179932,50,0.7370070548611014,0.7395805419465682,0.45,0.25,0.4860035274305507,0.0875,0.1458010582291652,120.0,0.9,1.0,0.7269092273060808,0.827449721146358,1.0,195062.312808929,2493922.753112864
499209733,26.223188400268555,50,0.0,0.0,0.45,0.25,0.11750000000000001,0.25,0.11750000000000001,15.0,0.15,0.05,0.1635,0.1635,0.21409693402873667,193508.90327019262,2493947.8502334086
499209819,5.814112186431885,50,0.8091394271796095,0.5004866430176407,0.45,0.25,0.5220697135898047,0.0875,0.1566209140769414,120.0,0.9,1.0,0.7089725285185837,0.8145622884211565,1.0,197242.4946312009,2492874.317990827
499210066,26.223188400268555,50,0.0,0.0,0.45,0.25,0.11750000000000001,0.25,0.11750000000000001,15.0,0.15,0.05,0.1635,0.1635,0.21409693402873667,193492.63980617712,2493974.5331454384
499236929,6.943958759307861,50,0.7643454639840626,0.767609935261125,0.45,0.39557519505898037,0.5556631916301007,0.1384513182706431,0.16669895748903021,120.0,0.9,1.0,0.7633225441584504,0.8925401663443319,1.0,195985.7208773286,2494814.5366532532
499236944,14.871338844299316,50,0.45005609028588844,0.21653916803975082,0.45,0.46787105449844907,0.42632460456542465,0.46787105449844907,0.42632460456542465,15.0,0.15,0.05,0.5705047734799511,0.5705047734799511,0.6211017075086878,195999.91950849054,2494488.14937742
499237147,8.265166282653809,10,0.7119647933733685,0.8441299007850945,0.15,0.4969254295048459,0.5234537157270096,0.17392390032669605,0.1570361147181029,120.0,0.9,1.0,0.6988051145605861,0.8366889405979975,1.0,196114.64412109763,2494660.765680979
499237159,11.136068344116211,50,0.5981448426239289,0.8129368033533071,0.45,0.25,0.4165724213119644,0.25,0.4165724213119644,15.0,0.15,0.05,0.7555283485438805,0.7555283485438805,0.8061252825726172,195518.40579727892,2494617.479827425
499237225,0.0,50,1.0,0.0,0.45,0.25,0.6175,0.0875,0.18525,120.0,0.9,1.0,0.69455,0.8135000000000001,1.0,194496.1523615098,2494569.777744281
499237384,9.683685302734375,50,0.6557261054814973,0.7957283271248123,0.45,0.25,0.44536305274074867,0.25,0.44536305274074867,15.0,0.15,0.05,0.7886540503441763,0.7886540503441763,0.839250984372913,194559.6711191621,2494539.5075802393
499237394,9.248665809631348,50,0.6729729137041405,0.7425629112219327,0.45,0.25,0.45398645685207023,0.0875,0.13619593705562105,120.0,0.9,1.0,0.6905150177538846,0.7865731217131745,1.0,194652.62601756793,2494529.779420581
499237416,14.801714897155762,80,0.45281640535941076,0.9205155817315184,0.95,0.25,0.4189082026797054,0.25,0.4189082026797054,15.0,0.15,0.05,0.8029595589164966,0.8029595589164966,0.8535564929452333,195223.85211776057,2494567.2882358795
499237442,8.057137489318848,50,0.7202123150599109,0.8592583309603565,0.45,0.4932683386345871,0.5711709031586427,0.17264391852210548,0.1713512709475928,120.0,0.9,1.0,0.7697303939169798,0.9138192043816861,1.0,196097.62358687713,2494640.47472222
499237746,9.993117332458496,50,0.6434583451645334,0.7065016670598847,0.45,0.4546723372557375,0.5179493022960119,0.15913531803950812,0.15538479068880356,120.0,0.9,1.0,0.6834315283511269,0.8150518345158144,1.0,195999.5718456168,2494080.6481954306
499237756,10.823492050170898,50,0.6105372606237875,0.9712884195745883,0.45,0.47187686806774964,0.5081058872610282,0.16515690382371237,0.15243176617830848,120.0,0.9,1.0,0.7321353322371345,0.8646141493024859,1.0,196018.32282799087,2494129.5684599685
499237864,6.985608100891113,50,0.7626942317559114,0.8510971902302147,0.45,0.25,0.4988471158779557,0.0875,0.1496541347633867,120.0,0.9,1.0,0.7696869519759822,0.8720255481988961,1.0,196504.44649261457,2492636.991232288
499237881,6.682581901550293,50,0.7747080261474878,0.6300948987261835,0.45,0.25,0.5048540130737439,0.0875,0.15145620392212317,120.0,0.9,1.0,0.7214043798470888,0.824583941677413,1.0,196690.66195127333,2492658.024195029
499237908,9.387280464172363,80,0.6674773890170418,0.33190350754892706,0.95,0.25,0.5262386945085209,0.0875,0.15787160835255626,120.0,0.9,1.0,0.689162762517116,0.795336179748309,1.0,196996.34145458642,2492763.526384562
499256255,11.250467300415039,50,0.5936093749231997,0.948870393127071,0.45,0.6724220213265039,0.5767746956641013,0.23534770746427633,0.1730324086992304,120.0,0.9,1.0,0.7353787777222288,0.9035420978876486,1.0,196539.1644429934,2494674.8106054245
499256522,12.013575553894043,50,0.5633551405508758,0.5648938893162261,0.45,0.5818054944308331,0.5267950681334506,0.20363192305079156,0.15803852044003516,120.0,0.9,1.0,0.6134028883302036,0.762788912144895,1.0,196274.65472825483,2494627.763792775
499256749,10.703232765197754,50,0.6153050672573004,0.7869049303813439,0.45,0.4731576759294195,0.5109824089861192,0.1656051865752968,0.15329472269583577,120.0,0.9,1.0,0.6889240014410777,0.821972036569959,1.0,196019.4630851964,2494529.782732208
499256795,9.606269836425781,10,0.658795323578753,0.516363144978422,0.15,0.4020494809505796,0.4603782313857533,0.14071731833270285,0.13811346941572597,120.0,0.9,1.0,0.5771943717626055,0.6939137566801864,1.0,195999.78831223102,2494814.6351919738
499264828,13.522111892700195,50,0.5035476207850522,0.787011046786964,0.45,0.4058688040661361,0.4292233504179631,0.4058688040661361,0.4292233504179631,15.0,0.15,0.05,0.7307223840253396,0.7307223840253396,0.7813193180540763,195974.54584714456,2494756.1004889677
499264853,13.485885620117188,50,0.504983849702988,0.8652645409753802,0.45,0.4186549347715797,0.43485920745594775,0.4186549347715797,0.43485920745594775,15.0,0.15,0.05,0.7547600810259939,0.7547600810259939,0.8053570150547306,195974.76291739877,2494703.05858743
499264939,9.28969955444336,10,0.6713460874615241,0.7361851507410839,0.15,0.38388202856285764,0.4596661316395535,0.13435870999700017,0.13789983949186604,120.0,0.9,1.0,0.6377383456868826,0.7519962678295915,1.0,195888.9708623374,2494663.6118719634
499265789,9.21260929107666,50,0.6744024125439582,0.7247329709751724,0.45,0.38957603506302274,0.508384296680834,0.13635161227205794,0.15251528900425018,120.0,0.9,1.0,0.6998779498982317,0.8216966359917414,1.0,195885.61148905667,2494621.857869489
499281470,12.897887229919434,50,0.5282956682116859,0.8287709874933793,0.45,0.43166239853663085,0.4515179873891625,0.15108183948782078,0.13545539621674874,120.0,0.9,1.0,0.6450628115306861,0.7643914415749309,1.0,196009.72356935643,2494720.367565976
499281479,12.080198287963867,50,0.5607138117461037,0.771319908801401,0.45,0.41819718186488974,0.46254812966724024,0.1463690136527114,0.13876443890017207,120.0,0.9,1.0,0.6482492641712839,0.7673716359671333,1.0,196009.85218007787,2494773.192014642
499281499,10.422530174255371,10,0.6264338185669244,0.6503028144044807,0.15,0.4972297049566847,0.48080525734372553,0.17403039673483964,0.14424157720311764,120.0,0.9,1.0,0.6007686986005201,0.7327212962730107,1.0,196099.98688061832,2494627.725576576
499281585,13.575462341308594,50,0.5014324857846004,0.7982051951311666,0.45,0.46317342704534403,0.45020602252512487,0.1621106994658704,0.13506180675753746,120.0,0.9,1.0,0.6247736672090035,0.7480150558784157,1.0,196016.21286397253,2494584.103854073
499281680,9.697637557983398,50,0.6551729535552772,0.8080897916923753,0.45,0.5580856013318496,0.5635809388283499,0.19532996046614734,0.16907428164850496,120.0,0.9,1.0,0.7252484208014267,0.8767008804105361,1.0,196224.01444512216,2494626.725298671
499281804,8.265166282653809,10,0.7119647933733685,0.8441299007850945,0.15,0.48797034823209623,0.520009453699029,0.17078962188123367,0.1560028361097087,120.0,0.9,1.0,0.6979716031498149,0.8342090719378514,1.0,196104.3303648355,2494677.0970479907
499281866,8.303446769714355,50,0.7104471229483187,0.6464985019253059,0.45,0.536216839021819,0.5828069610979358,0.18767589365763665,0.17484208832938075,120.0,0.9,1.0,0.7148741395003052,0.8661753031268528,1.0,196206.4691590285,2494677.8041443718
499287730,5.748647212982178,50,0.8117348553392394,0.909874807436035,0.45,0.25,0.5233674276696196,0.0875,0.15701022830088587,120.0,0.9,1.0,0.8128249179557675,0.9185963578295144,1.0,195698.40755349776,2493527.777818271
499287733,6.755893230438232,50,0.7718015209220358,0.8442748184601253,0.45,0.25,0.5034007604610179,0.0875,0.15102022813830537,120.0,0.9,1.0,0.7732635867498121,0.8762396932143547,1.0,195687.65979542013,2493534.696459344
499374438,12.791379928588867,50,0.5325182628987808,0.9888087990026059,0.45,0.6194833232667931,0.5258681019366185,0.21681916314337757,0.15776043058098554,120.0,0.9,1.0,0.7050031630898534,0.8591575293856633,1.0,196700.19048085203,2494843.4899845254
499374459,13.83145523071289,10,0.49128337674485784,0.9626202845311986,0.15,0.7508485221103913,0.510775735337964,0.26279698273863694,0.1532327206013892,120.0,0.9,1.0,0.6240668690104767,0.7931857798321424,1.0,196683.77435800905,2494589.290527299
499374605,11.70731258392334,50,0.5754972601398268,0.8104210148724134,0.45,0.724869837532053,0.5878908752745492,0.25370444313621854,0.17636726258236476,120.0,0.9,1.0,0.6951430879387247,0.8716808893563286,1.0,196638.96897127334,2494621.9751652777
499374672,10.540329933166504,10,0.6217635224472682,0.9641362697959189,0.15,0.7143447510769849,0.5619758962532436,0.2500206628769447,0.16859276887597308,120.0,0.9,1.0,0.6967266911455609,0.868268134261023,1.0,196754.09058531257,2494673.7488513743
499374692,10.983567237854004,10,0.6041909103867413,0.9547371242010634,0.15,0.6929563652707256,0.5449632879898036,0.24253472784475394,0.1634889863969411,120.0,0.9,1.0,0.6821940246113126,0.8485732124150794,1.0,196504.68788332574,2494594.910182173
499374765,10.42810344696045,50,0.6262128602718573,0.7831099397432378,0.45,0.659430875162943,0.5880798436601375,0.23080080630703,0.17642395309804126,120.0,0.9,1.0,0.7116395099663452,0.8796967018499471,1.0,196449.04486139462,2494625.7478307253
499374790,24.082170486450195,50,0.08488292121687374,0.05745639524072088,0.45,0.8241809692519665,0.3807802949361163,0.28846333923818823,0.11423408848083488,120.0,0.9,1.0,0.23158919102326542,0.3920419583170774,1.0,196699.18926861888,2494444.7936624466
499374805,9.932990074157715,50,0.6458421539577207,0.858080882301052,0.45,0.7433609817457835,0.6301753007272386,0.2601763436110242,0.18905259021817158,120.0,0.9,1.0,0.7495791920178485,0.9344406617466138,1.0,196750.4681102991,2494619.5860188575
499374818,13.539840698242188,50,0.5028447435254191,0.7494720881667833,0.45,0.7296903820475267,0.5534186725502198,0.2553916337166343,0.16602560176506595,120.0,0.9,1.0,0.6382160780770164,0.8105544419002257,1.0,196659.65986916283,2494621.677557612
499478446,11.268155097961426,50,0.5929081234689545,0.948994801559699,0.45,0.25,0.41395406173447724,0.25,0.41395406173447724,15.0,0.15,0.05,0.7861389806447452,0.7861389806447452,0.8367359146734819,196014.8387802363,2496174.517375647
499478538,15.73504638671875,10,0.4158134906306348,0.788512912204183,0.15,0.25,0.2804067453153174,0.25,0.2804067453153174,15.0,0.15,0.05,0.5619069969609585,0.5619069969609585,0.6125039309896951,195888.00638466643,2495887.155473946
499478570,26.223188400268555,50,0.0,0.0,0.45,0.25,0.11750000000000001,0.25,0.11750000000000001,15.0,0.15,0.05,0.1635,0.1635,0.21409693402873667,194363.7309522148,2495645.881139827
499478603,10.307851791381836,10,0.6309803644299492,0.686459613397741,0.15,0.25,0.3879901822149746,0.25,0.3879901822149746,15.0,0.15,0.05,0.6762521402289023,0.6762521402289023,0.726849074257639,195989.78733662353,2495983.567735391
499478696,15.308732986450195,50,0.4327151365884478,0.7022246824041596,0.45,0.25,0.3338575682942239,0.25,0.3338575682942239,15.0,0.15,0.05,0.6203210093835311,0.6203210093835311,0.6709179434122677,196002.46871065086,2495747.7562910034
499478701,13.057682037353516,10,0.5219604339463628,0.869325359050616,0.15,0.25,0.3334802169731814,0.25,0.3334802169731814,15.0,0.15,0.05,0.65110562182779,0.65110562182779,0.7017025558565266,195989.06432131794,2495747.301132276
499478765,15.73504638671875,10,0.4158134906306348,0.788512912204183,0.15,0.25,0.2804067453153174,0.25,0.2804067453153174,15.0,0.15,0.05,0.5619069969609585,0.5619069969609585,0.6125039309896951,195878.99939730228,2495861.7848243113
499478781,12.313314437866211,50,0.5514716752563384,0.8422735431559758,0.45,0.25,0.3932358376281692,0.25,0.3932358376281692,15.0,0.15,0.05,0.732524974705614,0.732524974705614,0.7831219087343506,196002.00125565758,2495583.154830046
499478798,14.632671356201172,50,0.45951831545388516,0.6292744575069955,0.45,0.25,0.3472591577269426,0.25,0.3472591577269426,15.0,0.15,0.05,0.6195055194217742,0.6195055194217742,0.6701024534505109,196004.338964638,2495983.7341384725
499478813,14.647650718688965,10,0.45892444277410793,0.8392242640418397,0.15,0.25,0.301962221387054,0.25,0.301962221387054,15.0,0.15,0.05,0.60260695381363,0.60260695381363,0.6532038878423667,196051.96614932036,2495887.8889773535
499481765,10.6094388961792,10,0.6190236244646657,0.6094248247636925,0.15,0.2733907432721228,0.3910082519523801,0.2733907432721228,0.3910082519523801,15.0,0.15,0.05,0.6556989986913899,0.6556989986913899,0.7062959327201266,196000.8588235117,2495185.1457509124
499481994,7.917366027832031,50,0.7257537025827242,0.7438420537765806,0.45,0.25,0.4803768512913621,0.0875,0.14411305538740862,120.0,0.9,1.0,0.7214476609421251,0.8212004201229158,1.0,196001.5324015966,2495422.111441539
499542312,10.524407386779785,50,0.622394788650971,0.6101775336287205,0.45,0.25,0.4286973943254855,0.25,0.4286973943254855,15.0,0.15,0.05,0.7206009960303114,0.7206009960303114,0.771197930059048,197407.17929705442,2496091.465561046
499542404,10.367220878601074,80,0.6286266141317273,0.5770876203471139,0.95,0.25,0.5068133070658636,0.0875,0.15204399211975908,120.0,0.9,1.0,0.7279253412831802,0.8313792042724012,1.0,197645.86757723923,2495792.849992503
499542432,9.553323745727539,80,0.66089442738189,0.6747829703743785,0.95,0.25,0.522947213690945,0.0875,0.15688416410728348,120.0,0.9,1.0,0.7710645104750908,0.8767771203918233,1.0,197417.92466354178,2495645.5101479883
499542538,10.188592910766602,10,0.6357085089738786,0.5382462503311518,0.15,0.25,0.39035425448693933,0.25,0.39035425448693933,15.0,0.15,0.05,0.6422720934158092,0.6422720934158092,0.6928690274445458,197404.68307065696,2495645.4717381955
499542953,10.188592910766602,10,0.6357085089738786,0.5382462503311518,0.15,0.25,0.39035425448693933,0.25,0.39035425448693933,15.0,0.15,0.05,0.6422720934158092,0.6422720934158092,0.6928690274445458,197388.73078842892,2495640.587609178
499542965,5.379868507385254,50,0.826355477432876,0.9259506263323557,0.45,0.25,0.530677738716438,0.0875,0.1592033216149314,120.0,0.9,1.0,0.8253238334941569,0.9321187169144584,1.0,196702.92260694708,2495593.6506289258
499543059,8.792498588562012,50,0.6910581459844687,0.8064911078695793,0.45,0.25,0.46302907299223434,0.0875,0.13890872189767028,120.0,0.9,1.0,0.7169865016383866,0.8143105718572995,1.0,196690.04539457423,2496132.9018406747
499543065,7.51073694229126,50,0.7418749430495496,0.8757745591651293,0.45,0.25,0.4884374715247748,0.0875,0.14653124145743243,120.0,0.9,1.0,0.7637811067600211,0.8646623527734896,1.0,196677.28303410998,2495991.34406683
499543123,8.560516357421875,10,0.7002553270647823,0.7118938872182158,0.15,0.25,0.4226276635323912,0.25,0.4226276635323912,15.0,0.15,0.05,0.7276394343966626,0.7276394343966626,0.7782363684253992,196177.4330508262,2495863.8699693093
499543137,11.26745319366455,10,0.5929359512076898,0.9244180357931995,0.15,0.25,0.3689679756038449,0.25,0.3689679756038449,15.0,0.15,0.05,0.7110128772332983,0.7110128772332983,0.761609811262035,196218.72044604836,2495842.004508664
499543146,12.046070098876953,10,0.5620668599232544,0.6420507678431482,0.15,0.25,0.35353342996162723,0.25,0.35353342996162723,15.0,0.15,0.05,0.6203561509109025,0.6203561509109025,0.6709530849396391,196304.38054365164,2495795.475183188
499543165,8.833083152770996,50,0.6894491279822659,0.7712363936881933,0.45,0.25,0.46222456399113293,0.0875,0.13866736919733988,120.0,0.9,1.0,0.7072395926517625,0.8044510316105211,1.0,196641.19670071313,2495862.129115771
499543176,9.520310401916504,10,0.6622032763381418,0.5247349688531303,0.15,0.25,0.4036016381690709,0.25,0.4036016381690709,15.0,0.15,0.05,0.6561158718330748,0.6561158718330748,0.7067128058618115,196342.11193162733,2495795.27228059
499543273,10.350557327270508,50,0.6292872582606983,0.8725952868580827,0.45,0.25,0.43214362913034915,0.25,0.43214362913034915,15.0,0.15,0.05,0.7906855395839747,0.7906855395839747,0.8412824736127114,196961.86370018084,2495929.25275051
499543276,9.444574356079102,50,0.6652059120333419,0.8364345302545477,0.45,0.25,0.45010295601667094,0.0875,0.13503088680500128,120.0,0.9,1.0,0.7094780615429752,0.8049924753853092,1.0,196882.20475586283,2495915.2294751373
499543283,9.606014251708984,10,0.6588054565053578,0.7621456198409212,0.15,0.25,0.4019027282526789,0.25,0.4019027282526789,15.0,0.15,0.05,0.7132599516887129,0.7132599516887129,0.7638568857174496,196179.80461079528,2495887.9864712283
499543338,11.028156280517578,10,0.6024231305979221,0.7486346721372602,0.15,0.25,0.37371156529896105,0.25,0.37371156529896105,15.0,0.15,0.05,0.6732337029229645,0.6732337029229645,0.7238306369517011,196098.1484691511,2495959.3877941985
499543341,8.576006889343262,50,0.6996411885317957,0.8659200261373934,0.45,0.25,0.46732059426589784,0.0875,0.14019617827976935,120.0,0.9,1.0,0.7368218958827898,0.8347467790800156,1.0,196304.49515392946,2495957.478469235
499543343,9.302220344543457,10,0.6708496874861759,0.8932301833870774,0.15,0.25,0.40792484374308796,0.25,0.40792484374308796,15.0,0.15,0.05,0.7538598427127838,0.7538598427127838,0.8044567767415205,196522.35519935266,2495957.2730326564
499681297,3.3078715801239014,50,0.9085019885868462,0.609247447532101,0.45,0.4590242743216987,0.6521449459556149,0.16065849601259452,0.19564348378668447,120.0,0.9,1.0,0.8132483515656465,0.9642217996612534,1.0,197402.39464008494,2494859.6606309
499681310,13.08542537689209,50,0.5208605198871918,0.5395317584396755,0.45,0.5582711557566737,0.49649608908077814,0.1953949045148358,0.14894882672423343,120.0,0.9,1.0,0.5802249717956882,0.7223096745153648,1.0,197343.5005442527,2494620.3752254294
499681326,12.136302947998047,50,0.5584894831186578,0.8857596814114193,0.45,0.31276605899804866,0.42088553348165525,0.31276605899804866,0.42088553348165525,15.0,0.15,0.05,0.7653394545640574,0.7653394545640574,0.815936388592794,197827.58227266703,2494619.7491099355
499681378,11.466557502746582,50,0.5850422501449046,0.9205872478549275,0.45,0.25,0.4100211250724523,0.25,0.4100211250724523,15.0,0.15,0.05,0.7739242745579199,0.7739242745579199,0.8245212085866566,198727.29493671062,2494623.131884347
500015586,10.74605655670166,50,0.6136072727190234,0.9189766912013073,0.45,0.25,0.4243036363595117,0.25,0.4243036363595117,15.0,0.15,0.05,0.7920889000676921,0.7920889000676921,0.8426858340964287,198746.26996903482,2495864.2872713245
500015592,8.04976749420166,50,0.720504506316632,0.9101818142848942,0.45,0.25,0.477752253158316,0.0875,0.1433256759474948,120.0,0.9,1.0,0.7599880672348701,0.8593733826770344,1.0,197905.97152315738,2496397.1507257307
500015594,11.133279800415039,50,0.5982553973903176,0.7416141099200982,0.45,0.25,0.4166276986951588,0.25,0.4166276986951588,15.0,0.15,0.05,0.7377695357837311,0.7377695357837311,0.7883664698124677,197892.5242190585,2496133.860530969
500015611,8.04976749420166,50,0.720504506316632,0.9101818142848942,0.45,0.25,0.477752253158316,0.0875,0.1433256759474948,120.0,0.9,1.0,0.7599880672348701,0.8593733826770344,1.0,197888.95937468787,2496396.432460304
500016474,15.083478927612305,50,0.44164557215683503,0.9275811915668379,0.45,0.25,0.33832278607841754,0.25,0.33832278607841754,15.0,0.15,0.05,0.6824649197936523,0.6824649197936523,0.733061853822389,198387.3981476439,2495742.7129417723
500016482,15.521018028259277,50,0.42429887142639466,0.7859692416436728,0.45,0.25,0.3296494357131973,0.25,0.3296494357131973,15.0,0.15,0.05,0.6357865768380748,0.6357865768380748,0.6863835108668115,198526.72969426704,2495856.868363214
500016487,9.433958053588867,50,0.6656268065817139,0.8667551891899831,0.45,0.25,0.45031340329085695,0.0875,0.1350940209872571,120.0,0.9,1.0,0.7173023451148898,0.8128462215756098,1.0,198492.43261718337,2496047.6861562035
500016494,10.059370040893555,50,0.6408316864176815,0.8237275019392291,0.45,0.25,0.43791584320884075,0.25,0.43791584320884075,15.0,0.15,0.05,0.7859724716563004,0.7859724716563004,0.836569405685037,197846.05757669162,2495077.53021205
500016498,8.940529823303223,50,0.6851892910089559,0.8679831927443938,0.45,0.25,0.46009464550447793,0.0875,0.13802839365134337,120.0,0.9,1.0,0.7289555869712928,0.8258688373419198,1.0,198437.84194412746,2495547.2995095546
500016501,10.790830612182617,50,0.611832157901244,0.7678061945851118,0.45,0.25,0.423416078950622,0.25,0.423416078950622,15.0,0.15,0.05,0.7531424512820866,0.7531424512820866,0.8037393853108232,198498.95642646705,2495712.8904547733
500016507,10.232268333435059,10,0.6339769506167284,0.7900643907959908,0.15,0.25,0.3894884753083642,0.25,0.3894884753083642,15.0,0.15,0.05,0.7041011155998713,0.7041011155998713,0.754698049628608,198390.2169819462,2496022.559867108
500016511,7.980733871459961,50,0.7232414173544517,0.8128270631117727,0.45,0.25,0.47912070867722584,0.0875,0.14373621260316774,120.0,0.9,1.0,0.7372367878435251,0.8368136870583368,1.0,198340.2878359377,2494635.4459661143
500016887,13.618757247924805,50,0.4997160133890745,0.7522178829436152,0.45,0.25,0.3673580066945373,0.25,0.3673580066945373,15.0,0.15,0.05,0.6763698794388022,0.6763698794388022,0.7269668134675389,198484.9968527053,2495850.9153347816
500016892,12.836430549621582,50,0.5307321833469888,0.751950362793657,0.45,0.25,0.3828660916734944,0.25,0.3828660916734944,15.0,0.15,0.05,0.696463509873957,0.696463509873957,0.7470604439026937,198546.02024730254,2495903.352473905
500016968,15.303997039794922,50,0.4329028982060561,0.883642455278527,0.45,0.25,0.33395144910302804,0.25,0.33395144910302804,15.0,0.15,0.05,0.6657974976535683,0.6657974976535683,0.716394431682305,198431.72868154512,2495906.6381510673
500016970,15.418895721435547,50,0.4283476183652489,0.7940207374963834,0.45,0.25,0.33167380918262446,0.25,0.33167380918262446,15.0,0.15,0.05,0.6404311363115076,0.6404311363115076,0.6910280703402443,198348.94762609375,2495849.9069839776
500017000,11.3309326171875,10,0.5904192422763846,0.6661217641290977,0.15,0.25,0.36770962113819233,0.25,0.36770962113819233,15.0,0.15,0.05,0.6448029485119245,0.6448029485119245,0.6953998825406612,198425.28207233088,2496171.858869802
500017649,11.489081382751465,50,0.5841492670831501,0.6778091356140485,0.45,0.25,0.40957463354157503,0.25,0.40957463354157503,15.0,0.15,0.05,0.7126493075075597,0.7126493075075597,0.7632462415362964,198626.60634561843,2495901.8041593195
500017668,9.843091011047363,50,0.6494062974626471,0.9305524330434328,0.45,0.25,0.44220314873132355,0.25,0.44220314873132355,15.0,0.15,0.05,0.818252201611579,0.818252201611579,0.8688491356403156,198637.92055268382,2495861.8796202964
500020956,10.6112699508667,10,0.6189510303636171,0.5364271800663085,0.15,0.25,0.38197551518180856,0.25,0.38197551518180856,15.0,0.15,0.05,0.6309249647529283,0.6309249647529283,0.6815218987816649,197508.79151865124,2493070.174193307
500020962,12.473027229309082,50,0.5451396926017915,0.6862954202533901,0.45,0.25,0.39006984630089575,0.25,0.39006984630089575,15.0,0.15,0.05,0.689414655254512,0.689414655254512,0.7400115892832486,198425.43892782938,2494394.99418976
500020974,11.195802688598633,50,0.595776611314925,0.8271898506655365,0.45,0.25,0.4153883056574625,0.25,0.4153883056574625,15.0,0.15,0.05,0.7575522600210854,0.7575522600210854,0.8081491940498221,197979.61407101154,2493507.7128226114
500020991,8.633363723754883,50,0.6973672161258722,0.8096605219124775,0.45,0.29232726162440414,0.4824633240723223,0.10231454156854144,0.14473899722169667,120.0,0.9,1.0,0.7253778071053968,0.8309252164866945,1.0,197899.86622567417,2494430.1667634086
500020997,10.9547758102417,50,0.6053323770068771,0.6363402223089824,0.45,0.25,0.42016618850343856,0.25,0.42016618850343856,15.0,0.15,0.05,0.7160511006317157,0.7160511006317157,0.7666480346604524,197959.62850116682,2494619.7689442933
500020999,9.146293640136719,50,0.6770315667130337,0.8927854290516822,0.45,0.3018364182820921,0.47595286731116765,0.10564274639873224,0.1427858601933503,120.0,0.9,1.0,0.7352494402735056,0.8411215760737409,1.0,197883.68046130496,2494412.407022181
500021006,12.959315299987793,10,0.5258602873592119,0.8768182000674034,0.15,0.25,0.33543014367960594,0.25,0.33543014367960594,15.0,0.15,0.05,0.6555137368003386,0.6555137368003386,0.7061106708290753,198417.14203560702,2494574.560996849
500021022,9.492385864257812,50,0.6633103741885624,0.8753572458503741,0.45,0.25,0.4491551870942812,0.25,0.4491551870942812,15.0,0.15,0.05,0.8134910546851591,0.8134910546851591,0.8640879887138958,198351.30405680422,2494616.4979096595
500021035,14.266725540161133,10,0.4740266246427482,0.7823666480833817,0.15,0.25,0.30951331232137413,0.25,0.30951331232137413,15.0,0.15,0.05,0.5982089680386318,0.5982089680386318,0.6488059020673684,198406.54766068258,2494371.0357485376
500021302,13.923747062683105,10,0.48762436938600895,0.9177739889354753,0.15,0.25,0.3163121846930045,0.25,0.3163121846930045,15.0,0.15,0.05,0.6408993373347748,0.6408993373347748,0.6914962713635114,198417.77888074733,2494703.0220002667
500021304,12.760505676269531,50,0.5337423053088596,0.9191315267430508,0.45,0.25,0.3843711526544298,0.25,0.3843711526544298,15.0,0.15,0.05,0.7402153801365214,0.7402153801365214,0.7908123141652581,198430.69350061228,2494575.658372182
500021305,10.381293296813965,50,0.6280686982176258,0.7399697943740138,0.45,0.25,0.4315343491088129,0.25,0.4315343491088129,15.0,0.15,0.05,0.7567371024349603,0.7567371024349603,0.807334036463697,198514.05284799,2494615.3878101525
500023063,14.362968444824219,10,0.47021097282523006,0.7667789563085547,0.15,0.25,0.30760548641261504,0.25,0.30760548641261504,15.0,0.15,0.05,0.5918318714135382,0.5918318714135382,0.6424288054422749,198432.2216403443,2494703.3703317246
500023064,10.385150909423828,50,0.6279157590828642,0.7938521099212426,0.45,0.25,0.4314578795414321,0.25,0.4314578795414321,15.0,0.15,0.05,0.7701082708841724,0.7701082708841724,0.8207052049129091,198432.8017023189,2494927.564127986
500023088,13.120055198669434,10,0.5194875839511078,0.8503639237216871,0.15,0.25,0.3322437919755539,0.25,0.3322437919755539,15.0,0.15,0.05,0.644757910498642,0.644757910498642,0.6953548445273786,198420.00620573806,2494939.7858918263
500023095,9.358826637268066,50,0.6686054710997968,0.9411150326154769,0.45,0.25,0.4518027355498984,0.0875,0.13554082066496953,120.0,0.9,1.0,0.7376199313917514,0.8333723143687373,1.0,198185.19044733566,2494670.158195692
500023096,7.037307262420654,10,0.7606445637794002,0.8127398407190606,0.15,0.25,0.4528222818897001,0.0875,0.13584668456691001,120.0,0.9,1.0,0.6962088071718172,0.7921039266363754,1.0,198350.94328404468,2494668.931876161
500023111,11.865815162658691,50,0.5692132576489417,0.5679516915970684,0.45,0.25,0.40210662882447085,0.25,0.40210662882447085,15.0,0.15,0.05,0.6754765403710792,0.6754765403710792,0.7260734743998158,198197.60834797018,2494617.210246663
500023137,12.332746505737305,50,0.5507012703589589,0.988997521582327,0.45,0.25,0.39285063517947943,0.25,0.39285063517947943,15.0,0.15,0.05,0.768705206128905,0.768705206128905,0.8193021401576417,198656.44701248046,2494620.165090865
503304240,4.625810146331787,50,0.8562509192417093,0.9563080183282177,0.45,0.271897043508222,0.5540473994317092,0.0951639652278777,0.16621421982951276,120.0,0.9,1.0,0.8522906471764727,0.9652038987529807,1.0,196609.96956897777,2493185.4652900146
503304245,4.625810146331787,50,0.8562509192417093,0.9563080183282177,0.45,0.26459961057673503,0.5512406944580603,0.09260986370185725,0.1653722083374181,120.0,0.9,1.0,0.8516114245728497,0.9631830711719537,1.0,196607.66861731536,2493172.1876540664
503304404,8.517356872558594,10,0.7019664305215848,0.855178106290159,0.15,0.26706614986332167,0.43004711905437765,0.26706614986332167,0.43004711905437765,15.0,0.15,0.05,0.7692987171429513,0.7692987171429513,0.819895651171688,196666.2506222562,2493169.446896372
503304545,5.761395454406738,50,0.8112294378154015,0.8906943803650652,0.45,0.25,0.5231147189077008,0.0875,0.15693441567231023,120.0,0.9,1.0,0.807736669024199,0.9134727296712772,1.0,197663.29277505074,2493492.4271153137
503304577,8.517356872558594,10,0.7019664305215848,0.855178106290159,0.15,0.2739728552490112,0.43270354420271984,0.2739728552490112,0.43270354420271984,15.0,0.15,0.05,0.7712113432497577,0.7712113432497577,0.8218082772784944,196669.1853912379,2493181.9693998676
503304588,7.798246383666992,50,0.7304763269502197,0.8288715966220509,0.45,0.257217476112407,0.4855141158260356,0.09002611663934243,0.14565423474781067,120.0,0.9,1.0,0.7461159492555641,0.847526197365822,1.0,196378.27032585122,2493216.3854182716
503466502,9.646499633789062,50,0.6572003706836285,0.6723635592400854,0.45,0.6421177651360881,0.5969147103941558,0.22474121779763082,0.17907441311824673,120.0,0.9,1.0,0.7003142198691925,0.8673575887920658,1.0,197254.41405232472,2494270.77800681
503466597,14.4134521484375,50,0.46820949296423264,0.8047413911486473,0.45,0.25,0.3516047464821163,0.25,0.3516047464821163,15.0,0.15,0.05,0.6690215182139131,0.6690215182139131,0.7196184522426498,199379.45994430495,2495195.9951420366
503466607,14.198948860168457,50,0.47671370285495207,0.7689521134878601,0.45,0.25,0.35585685142747603,0.25,0.35585685142747603,15.0,0.15,0.05,0.665601935227684,0.665601935227684,0.7161988692564206,199074.5759271392,2495477.1096128942
503466762,5.5286431312561035,50,0.820457150008526,0.8122972082349573,0.45,0.25,0.5277285750042631,0.0875,0.15831857250127893,120.0,0.9,1.0,0.7934894490636843,0.8998714495642813,1.0,198712.62835469778,2493992.0933829173
503466998,8.735523223876953,50,0.6933169946193404,0.9336715186809695,0.45,0.25,0.4641584973096702,0.0875,0.13924754919290105,120.0,0.9,1.0,0.7500917365494598,0.8475739261728137,1.0,198684.51203947613,2493383.97422487
503467235,4.53629207611084,50,0.8597999578802976,0.9474470123666261,0.45,0.25,0.5473999789401488,0.0875,0.16421999368204462,120.0,0.9,1.0,0.8500957286622292,0.9592317257138501,1.0,197651.37519231258,2493484.4039264065
513658855,26.223188400268555,50,0.0,0.0,0.45,0.25,0.11750000000000001,0.25,0.11750000000000001,15.0,0.15,0.05,0.1635,0.1635,0.21409693402873667,199826.574770167,2495408.961234262
513658942,19.11590576171875,50,0.281775742454278,0.5449954539932097,0.45,0.25,0.258387871227139,0.25,0.258387871227139,15.0,0.15,0.05,0.4829030960935831,0.4829030960935831,0.5335000301223197,199608.86459688027,2495077.754871626
513658946,26.223188400268555,50,0.0,0.0,0.45,0.25,0.11750000000000001,0.25,0.11750000000000001,15.0,0.15,0.05,0.1635,0.1635,0.21409693402873667,199671.0837384928,2495126.6704507815
513659014,26.223188400268555,50,0.0,0.0,0.45,0.25,0.11750000000000001,0.25,0.11750000000000001,15.0,0.15,0.05,0.1635,0.1635,0.21409693402873667,200071.95571394655,2495230.485845197
513659367,26.223188400268555,50,0.0,0.0,0.45,0.25,0.11750000000000001,0.25,0.11750000000000001,15.0,0.15,0.05,0.1635,0.1635,0.21409693402873667,199721.69401987887,2495211.170400231
513659780,11.502687454223633,50,0.5836098399791595,0.0,0.45,0.25,0.40930491998957974,0.25,0.40930491998957974,15.0,0.15,0.05,0.5428463959864537,0.5428463959864537,0.5934433300151903,199651.6332653734,2495149.273689707
558849716,11.518362045288086,50,0.5829884042266403,0.9459790071662308,0.45,0.25,0.40899420211332016,0.25,0.40899420211332016,15.0,0.15,0.05,0.778937214538874,0.778937214538874,0.8295341485676107,199263.24535151152,2495885.378648634
558849727,11.211538314819336,50,0.5951527557590375,0.9425133028155488,0.45,0.25,0.41507637787951873,0.25,0.41507637787951873,15.0,0.15,0.05,0.7859776169472615,0.7859776169472615,0.8365745509759982,199280.64355494658,2495885.292901478
598508320,11.240167617797852,50,0.5940177167415986,0.8632234034761741,0.45,0.25,0.4145088583707993,0.25,0.4145088583707993,15.0,0.15,0.05,0.7654173667510827,0.7654173667510827,0.8160143007798194,198409.45637029514,2494295.730085262
598508344,9.783245086669922,50,0.6517789524746838,0.7990783726993171,0.45,0.25,0.4433894762373419,0.25,0.4433894762373419,15.0,0.15,0.05,0.7869259122833738,0.7869259122833738,0.8375228463121105,198715.69142574572,2494000.745260938
598508482,6.891048908233643,50,0.7664431310289496,0.7578790298724238,0.45,0.25,0.5007215655144748,0.0875,0.15021646965434243,120.0,0.9,1.0,0.7485567734648967,0.8511577926369233,1.0,198560.2975195293,2493479.2696817983
598508492,11.816240310668945,50,0.5711787051254082,0.8304596831089003,0.45,0.25,0.4030893525627041,0.25,0.4030893525627041,15.0,0.15,0.05,0.7423810791087404,0.7423810791087404,0.7929780131374771,198592.67680653633,2493313.4852607884
598723406,7.846050262451172,50,0.7285810915808614,0.9311656361462756,0.45,0.25,0.4817905457904307,0.0875,0.1445371637371292,120.0,0.9,1.0,0.7699184421534684,0.8698691185641289,1.0,197012.5404646471,2492854.4840774266
598723432,10.833441734313965,50,0.6101427948653285,0.8346683274643085,0.45,0.25,0.42257139743266425,0.25,0.42257139743266425,15.0,0.15,0.05,0.7687598985285408,0.7687598985285408,0.8193568325572774,196633.33960032527,2492776.9338099756
598723470,12.021381378173828,50,0.563045670385728,0.4943576874815351,0.45,0.25,0.39902283519286397,0.25,0.39902283519286397,15.0,0.15,0.05,0.653069107621107,0.653069107621107,0.7036660416498437,197077.16011251148,2492697.081830895
598723474,7.8514323234558105,50,0.728367714076034,0.8856214392235988,0.45,0.25,0.48168385703801697,0.0875,0.14450515711140507,120.0,0.9,1.0,0.7584086339699994,0.8583443739553218,1.0,197146.24772668682,2492530.6362224407
598723526,8.13076400756836,10,0.7172933138186274,0.5904663934040083,0.15,0.25,0.4311466569093137,0.25,0.4311466569093137,15.0,0.15,0.05,0.70835725233311,0.70835725233311,0.7589541863618466,196743.9567365439,2491962.802653311
598723530,7.545222282409668,50,0.7405077352417516,0.8790856842650947,0.45,0.25,0.4877538676208758,0.0875,0.14632616028626275,120.0,0.9,1.0,0.7638159075064895,0.8646014489734123,1.0,196752.92766576726,2491964.410357778
598723535,8.024563789367676,50,0.7215037338700255,0.8876749263741442,0.45,0.25,0.47825186693501276,0.0875,0.14347556008050383,120.0,0.9,1.0,0.7549408972381508,0.8543961586090527,1.0,196816.6560269207,2492423.2188473833
598723538,10.032079696655273,10,0.6419136409987285,0.9067013761802977,0.15,0.25,0.39345682049936426,0.25,0.39345682049936426,15.0,0.15,0.05,0.7384192106942481,0.7384192106942481,0.7890161447229848,196773.66029400483,2492596.123764923
598723540,10.032079696655273,10,0.6419136409987285,0.9067013761802977,0.15,0.25,0.39345682049936426,0.25,0.39345682049936426,15.0,0.15,0.05,0.7384192106942481,0.7384192106942481,0.7890161447229848,196771.0178323796,2492606.7832785062
598723546,9.071724891662598,60,0.6799879236688151,0.5830495933388555,0.55,0.25,0.47249396183440756,0.0875,0.14174818855032226,120.0,0.9,1.0,0.6756053940626267,0.7742545487194438,1.0,197041.30032980442,2492178.31419099
598723550,6.015978813171387,50,0.8011362111096954,0.9029100987819525,0.45,0.25,0.5180681055548477,0.0875,0.1554204316664543,120.0,0.9,1.0,0.8049365271391113,0.9099660619167902,1.0,196992.0438927287,2492334.7042272827
598723594,4.713960647583008,50,0.8527560993223416,0.89286902760848,0.45,0.25,0.5438780496611708,0.0875,0.16316341489835123,120.0,0.9,1.0,0.8323657945090781,0.941008721461642,1.0,196413.67614585877,2491598.8983475068
598723632,4.830721378326416,50,0.8481269965740877,0.8552024360569385,0.45,0.25,0.5415634982870439,0.0875,0.16246904948611315,120.0,0.9,1.0,0.8202642670272055,0.9285831567873917,1.0,196618.25242217653,2491569.037779287
598723640,10.874619483947754,50,0.6085102593991402,0.5891376376747715,0.45,0.25,0.4217551296995701,0.25,0.4217551296995701,15.0,0.15,0.05,0.7063160780281341,0.7063160780281341,0.7569130120568708,196555.33111247927,2492080.011340331
598723667,6.324246883392334,50,0.7889145971991532,0.9110691415018283,0.45,0.25,0.5119572985995766,0.0875,0.15358718957987297,120.0,0.9,1.0,0.7998877517509659,0.9040617735549068,1.0,196500.3651204221,2492546.5371854003
598723670,10.041505813598633,50,0.641539932616038,0.863580005618853,0.45,0.25,0.438269966308019,0.25,0.438269966308019,15.0,0.15,0.05,0.796395957605138,0.796395957605138,0.8469928916338747,196524.14982322598,2492363.624366596
598723680,7.911165714263916,50,0.7259995205764577,0.7505564257000155,0.45,0.25,0.4804997602882288,0.0875,0.14414992808646865,120.0,0.9,1.0,0.7232688283593494,0.8230387947997014,1.0,196050.41086958768,2492065.4718908244
598723686,10.174981117248535,10,0.6362481629344351,0.7463713720395884,0.15,0.25,0.39062408146721755,0.25,0.39062408146721755,15.0,0.15,0.05,0.69465414891728,0.69465414891728,0.7452510829460166,196068.77559707692,2492327.779928895
598723695,6.693099021911621,50,0.7742910637795892,0.7646675712269717,0.45,0.25,0.5046455318897947,0.0875,0.1513936595669384,120.0,0.9,1.0,0.7548057097989047,0.857956084263476,1.0,196085.886303226,2492536.0002076547
598723707,15.313616752624512,50,0.4325215145095569,0.46454224372280095,0.45,0.25,0.33376075725477844,0.25,0.33376075725477844,15.0,0.15,0.05,0.5607745453619123,0.5607745453619123,0.611371479390649,196220.38970851921,2492323.0781315686
598723714,9.824433326721191,10,0.6501460011047915,0.9439774576902853,0.15,0.25,0.39757300055239575,0.25,0.39757300055239575,15.0,0.15,0.05,0.753089265140686,0.753089265140686,0.8036861991694226,196218.33151832444,2492057.699414295
598723727,10.83072280883789,50,0.6102505895435003,0.5612414918531401,0.45,0.25,0.42262529477175015,0.25,0.42262529477175015,15.0,0.15,0.05,0.7004732561665603,0.7004732561665603,0.751070190195297,196222.6367751661,2492353.9472582256
598723729,7.740782260894775,10,0.7327545529167516,0.801452998466736,0.15,0.25,0.4388772764583758,0.25,0.4388772764583758,15.0,0.15,0.05,0.7711537090125726,0.7711537090125726,0.8217506430413093,196225.4667111946,2492530.0950269485
598723737,11.344889640808105,50,0.5898659013030263,0.8665849404250912,0.45,0.25,0.41243295065151314,0.25,0.41243295065151314,15.0,0.15,0.05,0.7635590709532398,0.7635590709532398,0.8141560049819765,196374.7411026862,2492356.3643211364
598723741,6.314431190490723,10,0.7893037507330303,0.9536339582177441,0.15,0.25,0.46715187536651515,0.0875,0.14014556260995453,120.0,0.9,1.0,0.7480546649795936,0.8459559275309059,1.0,196364.63219381357,2492532.9113919265
598723745,6.314431190490723,10,0.7893037507330303,0.9536339582177441,0.15,0.25,0.46715187536651515,0.0875,0.14014556260995453,120.0,0.9,1.0,0.7480546649795936,0.8459559275309059,1.0,196364.06420262012,2492542.7430905676
598723761,6.026862144470215,50,0.800704729921587,0.9260970519522653,0.45,0.25,0.5178523649607936,0.0875,0.15535570948823807,120.0,0.9,1.0,0.8104830063425867,0.915482337437098,1.0,195591.78401665273,2492816.113350243
598723768,8.440081596374512,50,0.705030090632979,0.8625696944705795,0.45,0.25,0.47001504531648947,0.0875,0.14100451359494684,120.0,0.9,1.0,0.7391098761847726,0.8374119825290813,1.0,195976.17863228556,2492737.1391311064
598723824,7.507359504699707,50,0.7420088451374997,0.8719310639601316,0.45,0.25,0.4885044225687498,0.0875,0.14655132677062493,120.0,0.9,1.0,0.7628978961697827,0.8637885153294078,1.0,195950.26695641124,2492549.53181976
598723832,8.949533462524414,50,0.6848323322027055,0.8141973141463301,0.45,0.25,0.4599161661013527,0.0875,0.1379748498304058,120.0,0.9,1.0,0.7153020812141516,0.8121903444683412,1.0,195927.80801132915,2492375.101771425
598723849,7.453948974609375,50,0.7441263621318921,0.8264625563339597,0.45,0.25,0.48956318106594604,0.0875,0.1468689543197838,120.0,0.9,1.0,0.7527589291199873,0.8537977744692199,1.0,195889.60636519716,2492083.136665253
598723852,6.893916130065918,50,0.7663294569847813,0.7784972257628795,0.45,0.25,0.5006647284923906,0.0875,0.15019941854771718,120.0,0.9,1.0,0.753645391491893,0.8562384534808278,1.0,195923.6142516295,2492344.2489205534
598723857,9.0141019821167,50,0.6822724449050473,0.849821671511481,0.45,0.25,0.45863622245252367,0.0875,0.1375908667357571,120.0,0.9,1.0,0.7227234359227976,0.819432507066151,1.0,195636.93488918222,2492437.9487884655
598723859,7.066995620727539,50,0.7594675373925787,0.8152717338128495,0.45,0.25,0.4972337686962893,0.0875,0.1491701306088868,120.0,0.9,1.0,0.7588591051409079,0.8609718327583886,1.0,195673.99069949088,2492605.6501536653
598723860,7.066995620727539,50,0.7594675373925787,0.8152717338128495,0.45,0.25,0.4972337686962893,0.0875,0.1491701306088868,120.0,0.9,1.0,0.7588591051409079,0.8609718327583886,1.0,195676.28738502786,2492615.547183164
598723864,8.294697761535645,10,0.7107939866373921,0.7406197245770269,0.15,0.25,0.4278969933186961,0.25,0.4278969933186961,15.0,0.15,0.05,0.7416710224585616,0.7416710224585616,0.7922679564872983,197099.08011310425,2492195.8418534403
598723865,8.872980117797852,50,0.687867370577384,0.5879185983460431,0.45,0.25,0.461433685288692,0.0875,0.1384301055866076,120.0,0.9,1.0,0.6604927245213934,0.7575934404618103,1.0,196726.94584446208,2492102.4198564203
598723866,8.872980117797852,50,0.687867370577384,0.5879185983460431,0.45,0.25,0.461433685288692,0.0875,0.1384301055866076,120.0,0.9,1.0,0.6604927245213934,0.7575934404618103,1.0,196718.4106370448,2492100.9698478887
598723867,4.6797590255737305,50,0.8541120588254199,0.7797115445685089,0.45,0.25,0.5445560294127099,0.0875,0.16336680882381296,120.0,0.9,1.0,0.8048628802608706,0.9136007243786501,1.0,195723.90819598734,2492110.598562284
598723868,5.7617268562316895,10,0.8112162990393003,0.9825123095984161,0.15,0.25,0.47810814951965014,0.0875,0.14343244485589504,120.0,0.9,1.0,0.7679835308423981,0.8674186717751493,1.0,195566.37449297885,2492149.8937904863
598723872,5.236418724060059,50,0.8320426959180564,0.9042066631661683,0.45,0.25,0.5335213479590282,0.0875,0.16005640438770843,120.0,0.9,1.0,0.8231864294240148,0.9303794181382788,1.0,195410.0837801224,2492190.0417735805
598723874,7.42232084274292,50,0.745380292894512,0.8684191139797481,0.45,0.25,0.490190146447256,0.0875,0.1470570439341768,120.0,0.9,1.0,0.7639753483737539,0.8651019688763699,1.0,195268.98689263203,2492227.729053323
598723876,6.079498767852783,10,0.7986178952777159,0.7836980740075028,0.15,0.25,0.47180894763885795,0.0875,0.14154268429165737,120.0,0.9,1.0,0.7109728977629509,0.8095261504323912,1.0,195077.5093716415,2492280.99198302
598723885,6.784987926483154,50,0.7706480309039138,0.7662213623982774,0.45,0.25,0.5028240154519569,0.0875,0.15084720463558707,120.0,0.9,1.0,0.7530811985238393,0.8559765606871134,1.0,195627.56612162187,2492405.823903223
598723906,7.116945743560791,50,0.75748721190634,0.8161304875604203,0.45,0.25,0.49624360595317,0.0875,0.148873081785951,120.0,0.9,1.0,0.7579252047957823,0.8598993096292261,1.0,195772.87830645783,2492367.3248667503
598723917,6.532214164733887,50,0.7806695142206929,0.8144845389040719,0.45,0.25,0.5078347571103464,0.0875,0.15235042713310393,120.0,0.9,1.0,0.7709594529740198,0.8745563189694684,1.0,195351.16010011872,2492478.909155754
598723919,7.920716762542725,50,0.7256208591587477,0.8253685393442727,0.45,0.25,0.48031042957937387,0.0875,0.14409312887381215,120.0,0.9,1.0,0.7417522331481419,0.8414956932892543,1.0,195383.71331676428,2492565.219719074
598723922,6.944080829620361,50,0.764340624377326,0.6863792214589067,0.45,0.25,0.499670312188663,0.0875,0.1499010936565989,120.0,0.9,1.0,0.7294623675035756,0.8319162112099886,1.0,195434.76031104848,2492709.6884637284
598723937,6.7575225830078125,50,0.7717369235149307,0.8765190547967858,0.45,0.25,0.5033684617574654,0.0875,0.1510105385272396,120.0,0.9,1.0,0.7812871793378563,0.8842587639839015,1.0,195477.61983020877,2492445.3472185833
598723939,5.8278422355651855,50,0.8085950848500271,0.864423381904814,0.45,0.25,0.5217975424250135,0.0875,0.15653926272750404,120.0,0.9,1.0,0.7996409946892192,0.9051926506287212,1.0,195538.88964542293,2492660.4304688317
598723956,6.520473480224609,50,0.7811349860842401,0.8442484502856441,0.45,0.25,0.5080674930421201,0.0875,0.152420247912636,120.0,0.9,1.0,0.7786704045002703,0.8822998535261672,1.0,197214.82109249994,2492525.794718602
598724152,5.426329135894775,10,0.8245134966423338,0.7893679705927623,0.15,0.25,0.4847567483211669,0.0875,0.14542702449635006,120.0,0.9,1.0,0.7274098207007442,0.8277757654657076,1.0,195162.31151743117,2492424.0707194903
598724172,8.480789184570312,50,0.703416195214612,0.6193809801636945,0.45,0.25,0.469208097607306,0.0875,0.1407624292821918,120.0,0.9,1.0,0.6773766382653985,0.7755657719304214,1.0,196779.90449753997,2491820.418178441
598724174,5.79855489730835,50,0.8097562123725303,0.8128967265890187,0.45,0.25,0.5223781061862651,0.0875,0.15671343185587952,120.0,0.9,1.0,0.7874327848233221,0.8930657196893994,1.0,196770.87983442715,2491818.700666472
598724199,9.432344436645508,10,0.6656907801332631,0.5492662399822394,0.15,0.25,0.40534539006663156,0.25,0.40534539006663156,15.0,0.15,0.05,0.664515567082181,0.664515567082181,0.7151125011109176,197279.4254200583,2492818.4481629464
598724224,7.212533473968506,10,0.7536975351656034,0.779442760844186,0.15,0.25,0.44934876758280173,0.25,0.44934876758280173,15.0,0.15,0.05,0.7792640880686889,0.7792640880686889,0.8298610220974255,196609.95934724377,2492561.6661820095
598724252,5.875640869140625,50,0.8067000574325206,0.6191003951316244,0.45,0.25,0.5208500287162603,0.0875,0.1562550086148781,120.0,0.9,1.0,0.737211132093768,0.8426301361140446,1.0,196682.76924017334,2492393.55949813
598724289,4.625810146331787,50,0.8562509192417093,0.9563080183282177,0.45,0.265053476453036,0.5514152582566377,0.0927687167585626,0.16542457747699132,120.0,0.9,1.0,0.8516536690121054,0.9633087571069293,1.0,196621.00358409336,2493171.104334724
598724344,12.67943286895752,50,0.5369565225610745,0.7882807482954144,0.45,0.25,0.38597826128053725,0.25,0.38597826128053725,15.0,0.15,0.05,0.7095919267385521,0.7095919267385521,0.7601888607672888,196584.65272639,2493012.9981175847
649484043,11.325798988342285,50,0.5906227704253145,0.7926451341515446,0.45,0.25,0.41281138521265726,0.25,0.41281138521265726,15.0,0.15,0.05,0.7455660843143407,0.7455660843143407,0.7961630183430773,198959.0283594894,2495098.0335104344
649484276,10.342998504638672,50,0.62958693578409,0.7361857229257021,0.45,0.25,0.432293467892045,0.25,0.432293467892045,15.0,0.15,0.05,0.756777938991084,0.756777938991084,0.8073748730198207,199198.18540410424,2494893.6628931463
726579157,9.6320219039917,50,0.6577743556044725,0.8795793723058449,0.45,0.25,0.44638717780223625,0.25,0.44638717780223625,15.0,0.15,0.05,0.8109481742193685,0.8109481742193685,0.8615451082481052,199526.02724893932,2495873.418655732
1114538640,7.3361921310424805,10,0.748794956827305,0.7889165646111824,0.15,0.6987381477916964,0.6194890737181511,0.24455835172709373,0.1858467221154453,120.0,0.9,1.0,0.7251473821763212,0.902711811709783,1.0,196638.16529597412,2494674.6292969314
1114538642,11.517264366149902,50,0.5830319228778419,0.8801123384365208,0.45,0.6861751249828654,0.5767756248938691,0.24016129374400286,0.17303268746816072,120.0,0.9,1.0,0.713334438434376,0.8832857921672903,1.0,196587.61597662745,2494675.5718879807
1114538647,9.69800853729248,10,0.6551582456879294,0.7386589432551163,0.15,0.667288020467194,0.5605745153313471,0.2335508071635179,0.1681723545994041,120.0,0.9,1.0,0.6553464032947246,0.8205742781018484,1.0,196562.97438906349,2494701.5850950433
1116467141,9.489376068115234,50,0.6634297007421612,0.925775138502055,0.45,0.6924515132432474,0.6193885093107911,0.24235802963513656,0.18581655279323733,120.0,0.9,1.0,0.7719650365193773,0.9486981245445101,1.0,196575.61163386703,2494654.8045863463
1116467143,15.790496826171875,10,0.4136150992705427,0.7992875538592613,0.15,0.6341141080218125,0.42704374502827613,0.22193993780763435,0.12811312350848283,120.0,0.9,1.0,0.5273208053268372,0.6695417636736316,1.0,196432.2815634578,2494676.3120871466
1116467144,11.021692276000977,50,0.6026794028983951,0.8596346138697932,0.45,0.5856632397975092,0.5479409475251626,0.20498213392912823,0.16438228425754878,120.0,0.9,1.0,0.7102552086989009,0.8631031625261,1.0,196314.8188448184,2494676.006087512
1116469157,11.66678237915039,10,0.5771041230046547,0.5298844873693107,0.15,0.2925360577203714,0.37741208370247026,0.2925360577203714,0.37741208370247026,15.0,0.15,0.05,0.6138680177794561,0.6138680177794561,0.6644649518081928,196000.71845011838,2495136.4226360004
1116469159,13.740432739257812,50,0.4948920597555318,0.2904446313157023,0.45,0.4534417828404266,0.44319286943177616,0.4534417828404266,0.44319286943177616,15.0,0.15,0.05,0.6141287211489087,0.6141287211489087,0.6647256551776454,195982.34656655148,2494132.818276045
1116469162,11.604615211486816,10,0.5795688061635417,0.9002880031672326,0.15,0.4355983081718047,0.4336683677632342,0.4355983081718047,0.4336683677632342,15.0,0.15,0.05,0.7476881793687639,0.7476881793687639,0.7982851133975005,195944.9440726189,2494516.2822719044
1116469170,11.281903266906738,50,0.592363062760247,0.6524329623733303,0.45,0.3916016179033221,0.46814369211217044,0.13706056626616273,0.14044310763365112,120.0,0.9,1.0,0.6344086598914311,0.7508569871145669,1.0,196016.83541546663,2494875.3050243976
1116469184,9.708362579345703,50,0.6547477487321554,0.7216489912480548,0.45,0.35492555024434064,0.48522985522928563,0.12422394258551922,0.14556895656878568,120.0,0.9,1.0,0.6844820894455601,0.7985545907094244,1.0,196323.6252773631,2495227.842828267
1116469186,13.147699356079102,50,0.5183916020724103,0.27019382563207806,0.45,0.3736351139128813,0.4242477679257749,0.3736351139128813,0.4242477679257749,15.0,0.15,0.05,0.6022404139155766,0.6022404139155766,0.6528373479443133,195817.03095400002,2494220.0957782785
1116469196,10.349140167236328,50,0.6293434430701558,0.9008126070581262,0.45,0.4977496603455116,0.5274600524371977,0.17421238112092904,0.1582380157311593,120.0,0.9,1.0,0.7278321248235349,0.8663839880096591,1.0,196047.04002086917,2494227.8820162485
1116469197,11.770215034484863,10,0.5730034259122375,0.73653175157346,0.15,0.6209108584461954,0.5016597354354246,0.2173188004561684,0.1504979206306274,120.0,0.9,1.0,0.6028481663624548,0.7537989409214196,1.0,196684.95868392254,2494838.1266936786
1116469206,17.14358139038086,50,0.35997062963661736,0.3227175603268547,0.45,0.32935252551892985,0.328005516940974,0.32935252551892985,0.328005516940974,15.0,0.15,0.05,0.5001348448738341,0.5001348448738341,0.5507317789025707,195742.5239501674,2494501.689336185
1116469218,9.111749649047852,50,0.6784010998006309,0.8576735941376252,0.45,0.48411459498275056,0.546744624893681,0.1694401082439627,0.1640233874681043,120.0,0.9,1.0,0.7442317025671668,0.8837108474000397,1.0,196020.1433555652,2494239.3207342178
1116469223,10.823492050170898,50,0.6105372606237875,0.9712884195745883,0.45,0.4660451502331542,0.505862918863107,0.16311580258160396,0.1517588756589321,120.0,0.9,1.0,0.7315925338848375,0.8629992120559825,1.0,196006.70327845978,2494131.4387169047
1116469224,9.752429962158203,50,0.6530006507002495,0.46163936042729226,0.45,0.32306707790239986,0.47210304762027855,0.11307347726583994,0.14163091428608357,120.0,0.9,1.0,0.615501076302345,0.723594223096496,1.0,195732.5523138375,2494512.4056289187
1116492705,21.345115661621094,50,0.19339635660793475,0.0,0.45,0.25,0.21419817830396737,0.25,0.21419817830396737,15.0,0.15,0.05,0.28920763179515757,0.28920763179515757,0.33980456582389423,195939.9273430225,2496122.608044905
1116492767,14.588326454162598,50,0.46127641602923125,0.8815221894148516,0.45,0.25,0.34813820801461565,0.25,0.34813820801461565,15.0,0.15,0.05,0.6837102177727132,0.6837102177727132,0.7343071518014499,195633.81325920252,2495885.507114913
1116501199,23.189435958862305,50,0.12027632642088774,0.9586992761912264,0.45,0.25,0.17763816321044387,0.25,0.17763816321044387,15.0,0.15,0.05,0.48135443122138366,0.48135443122138366,0.5319513652501203,194755.12323036115,2496475.426656251
1116501229,26.223188400268555,50,0.0,0.0,0.45,0.25,0.11750000000000001,0.25,0.11750000000000001,15.0,0.15,0.05,0.1635,0.1635,0.21409693402873667,194484.34572377958,2496345.2288222224
1116501237,16.969526290893555,10,0.36687122827328505,0.7657282346216324,0.15,0.25,0.25593561413664256,0.25,0.25593561413664256,15.0,0.15,0.05,0.5243983570330435,0.5243983570330435,0.5749952910617802,195946.850110846,2495861.7382782046
1116501292,24.564472198486328,50,0.06576155938178561,0.7863400411171866,0.45,0.25,0.1503807796908928,0.25,0.1503807796908928,15.0,0.15,0.05,0.4028300238774573,0.4028300238774573,0.453426957906194,195092.17649635737,2496047.5505366595
1116501296,16.161663055419922,10,0.3988998212748356,0.8551372666130466,0.15,0.25,0.2719499106374178,0.25,0.2719499106374178,15.0,0.15,0.05,0.5675692004819048,0.5675692004819048,0.6181661345106415,195532.8869296566,2496101.9092542822
1116501304,18.9896297454834,10,0.28678208876670563,0.7694006347053239,0.15,0.25,0.2158910443833528,0.25,0.2158910443833528,15.0,0.15,0.05,0.4732585163746897,0.4732585163746897,0.5238554504034263,195464.40793400264,2496102.4246766395
1123341617,17.251718521118164,50,0.35568341863770364,0.8878355195236067,0.45,0.25,0.29534170931885184,0.25,0.29534170931885184,15.0,0.15,0.05,0.6166531019954091,0.6166531019954091,0.6672500360241458,199418.74677324598,2496548.317329144
1123344023,26.223188400268555,50,0.0,0.0,0.45,0.25,0.11750000000000001,0.25,0.11750000000000001,15.0,0.15,0.05,0.1635,0.1635,0.21409693402873667,199724.78524804575,2496547.261270551
1123344024,20.74365234375,50,0.21724200642533414,0.9066830543520076,0.45,0.25,0.2261210032126671,0.25,0.2261210032126671,15.0,0.15,0.05,0.5313780677644692,0.5313780677644692,0.5819750017932058,199617.94275199785,2496547.899222376
1123344043,26.223188400268555,50,0.0,0.0,0.45,0.25,0.11750000000000001,0.25,0.11750000000000001,15.0,0.15,0.05,0.1635,0.1635,0.21409693402873667,199616.94881973445,2496696.5304508368
1123347201,26.223188400268555,50,0.0,0.0,0.45,0.25,0.11750000000000001,0.25,0.11750000000000001,15.0,0.15,0.05,0.1635,0.1635,0.21409693402873667,199707.14398876956,2496316.9412738853
1123394574,14.654236793518066,50,0.4586633308668983,0.6432771263667822,0.45,0.25,0.3468316654334492,0.25,0.3468316654334492,15.0,0.15,0.05,0.6224504466551796,0.6224504466551796,0.6730473806839162,199017.29805107,2495289.994715102
1129150010,10.298751831054688,50,0.6313411419883902,0.8751948527034674,0.45,0.35270503772061457,0.47267250857904686,0.12344676320221509,0.14180175257371405,120.0,0.9,1.0,0.7090860444246674,0.8211118505294138,1.0,196192.1087763704,2493512.061941576
1129158411,15.862905502319336,50,0.4107443806683421,0.5576872717340989,0.45,0.837686773795493,0.5489055648708991,0.29319037082842253,0.16467166946126974,120.0,0.9,1.0,0.5469036353590514,0.7326496950343914,1.0,196894.07188332127,2494304.9475244908
1441786444,5.3892741203308105,50,0.8259825819528797,0.7910993774059172,0.45,0.25,0.5304912909764399,0.0875,0.15914738729293196,120.0,0.9,1.0,0.7913947418841495,0.8981635226208511,1.0,198163.40789665037,2493247.743713084
1441786487,5.984077453613281,50,0.8024009742733311,0.8430822307494684,0.45,0.25,0.5187004871366656,0.0875,0.1556101461409997,120.0,0.9,1.0,0.7907131227658991,0.8958311909650324,1.0,197765.85349303,2493364.463739513
1441786491,5.4779157638549805,50,0.8224682901782828,0.945136381872581,0.45,0.25,0.5287341450891414,0.0875,0.15862024352674242,120.0,0.9,1.0,0.8278657037715492,0.9343884840840291,1.0,197696.6326666404,2493452.966607531
1441786493,4.53629207611084,50,0.8597999578802976,0.9474470123666261,0.45,0.25,0.5473999789401488,0.0875,0.16421999368204462,120.0,0.9,1.0,0.8500957286622292,0.9592317257138501,1.0,197659.3301402246,2493473.673395021
1441786494,4.53629207611084,50,0.8597999578802976,0.9474470123666261,0.45,0.25,0.5473999789401488,0.0875,0.16421999368204462,120.0,0.9,1.0,0.8500957286622292,0.9592317257138501,1.0,197671.7828807587,2493480.6330912164
1491845063,11.143580436706543,50,0.597847017762491,0.7379738236980941,0.45,0.34138952887854784,0.45157332768068703,0.11948633510749174,0.13547199830420611,120.0,0.9,1.0,0.6543009823762331,0.7619018870057406,1.0,195758.56350535166,2494207.6305966126
1491845065,12.194904327392578,50,0.5561661694096777,0.9105284568390652,0.45,0.25,0.3955830847048388,0.25,0.3955830847048388,15.0,0.15,0.05,0.7526401243260568,0.7526401243260568,0.8032370583547934,195249.24907298142,2494234.1254008813
1491845092,15.129992485046387,10,0.43980149294305937,0.8757041089340334,0.15,0.25,0.2924007464715297,0.25,0.2924007464715297,15.0,0.15,0.05,0.599296997646497,0.599296997646497,0.6498939316752337,195343.58284533804,2494455.945381123
1491845096,13.794042587280273,50,0.49276664059076475,0.621305475444411,0.45,0.25,0.3638833202953824,0.25,0.3638833202953824,15.0,0.15,0.05,0.6391246852450999,0.6391246852450999,0.6897216192738366,195554.0249925946,2494476.714443723
1491845101,24.56511688232422,50,0.06573600020870804,0.39547770072570176,0.45,0.25875514021489476,0.1537353617254674,0.25875514021489476,0.1537353617254674,15.0,0.15,0.05,0.30752232568428733,0.30752232568428733,0.358119259713024,195608.82166792278,2494488.4423008855
1491845104,10.895698547363281,50,0.6076745576202444,0.8665491073633866,0.45,0.25,0.4213372788101222,0.25,0.4213372788101222,15.0,0.15,0.05,0.7751257392940055,0.7751257392940055,0.8257226733227422,194731.22308102308,2494510.538553797
1491845106,11.0810546875,50,0.6003259172661667,0.8822874028978862,0.45,0.25,0.41766295863308334,0.25,0.41766295863308334,15.0,0.15,0.05,0.7742836969474799,0.7742836969474799,0.8248806309762166,194756.45204206248,2494511.1015115343
1491845108,10.538788795471191,50,0.6218246224823175,0.918331153707289,0.45,0.25,0.42841231124115875,0.25,0.42841231124115875,15.0,0.15,0.05,0.7972687930403286,0.7972687930403286,0.8478657270690653,194839.10525467037,2494514.104334064
1491845119,9.144822120666504,50,0.677089906659866,0.7925039237560182,0.45,0.25,0.456044953329933,0.0875,0.13681348599897988,120.0,0.9,1.0,0.7053881268017268,0.8017344202679175,1.0,194911.13850108662,2494519.5241878945
1491845135,12.101481437683105,50,0.5598700187496951,0.643789565374286,0.45,0.25,0.39743500937484755,0.25,0.39743500937484755,15.0,0.15,0.05,0.6883629035308734,0.6883629035308734,0.73895983755961,194714.67955475964,2494549.6177558657
1491845137,13.705977439880371,40,0.4962580765663595,0.9908144565853014,0.35,0.25,0.35062903828317976,0.25,0.35062903828317976,15.0,0.15,0.05,0.710771363914459,0.710771363914459,0.7613682979431957,195103.21144657762,2494536.1515609086
1491845144,11.445342063903809,10,0.5858833586719514,0.9355034869407444,0.15,0.4569535596407678,0.44503920227473254,0.4569535596407678,0.44503920227473254,15.0,0.15,0.05,0.7665102713878594,0.7665102713878594,0.8171072054165961,195987.5395836807,2494525.4817913403
1491845160,19.549898147583008,10,0.2645696549851919,0.569237867254313,0.15,0.25,0.20478482749259594,0.25,0.20478482749259594,15.0,0.15,0.05,0.408779742553953,0.408779742553953,0.45937667658268966,194637.70989248587,2494573.016253069
1491845161,12.630894660949707,50,0.5388808711897076,0.7704070359253742,0.45,0.25,0.3869404355948538,0.25,0.3869404355948538,15.0,0.15,0.05,0.7063743252546535,0.7063743252546535,0.7569712592833902,195334.09491014172,2494558.052676825
1491845212,8.84261703491211,10,0.6890711471342533,0.7020868574342898,0.15,0.30801005728236364,0.4393471340603434,0.30801005728236364,0.4393471340603434,15.0,0.15,0.05,0.7339822835509532,0.7339822835509532,0.7845792175796898,195716.9452300358,2494576.016290712
1491845221,12.179062843322754,50,0.556794221812032,0.9488185925383693,0.45,0.25,0.395897110906016,0.25,0.395897110906016,15.0,0.15,0.05,0.7626208923124131,0.7626208923124131,0.8132178263411498,195597.95566091617,2494586.043072907
1491845234,8.84261703491211,10,0.6890711471342533,0.7020868574342898,0.15,0.3053530672400767,0.43832521481331,0.3053530672400767,0.43832521481331,15.0,0.15,0.05,0.7332465016930891,0.7332465016930891,0.7838434357218258,195714.7670473809,2494588.2187466044
1491845238,12.755151748657227,10,0.5339545674355718,0.6117049089434936,0.15,0.2819947283817961,0.3517829484800152,0.2819947283817961,0.3517829484800152,15.0,0.15,0.05,0.6033567746978001,0.6033567746978001,0.6539537087265368,195672.67343629227,2494597.60927306
1491845252,12.068792343139648,50,0.561166012500553,0.9124085601298325,0.45,0.25,0.3980830062502765,0.25,0.3980830062502765,15.0,0.15,0.05,0.7563600481578177,0.7563600481578177,0.8069569821865543,195565.64543139428,2494599.6516109197
1491845263,10.480608940124512,50,0.6241312244242853,0.956546044149193,0.45,0.2948934026489802,0.4468323055386735,0.2948934026489802,0.4468323055386735,15.0,0.15,0.05,0.8207538261081859,0.8207538261081859,0.8713507601369226,195698.054326009,2494601.185630191
1491845271,9.571568489074707,50,0.6601710952219092,0.7953182853229115,0.45,0.30946142804155924,0.4704553276269389,0.10831149981454573,0.14113659828808167,120.0,0.9,1.0,0.7018132933233034,0.8079070248364776,1.0,195726.63214494375,2494604.488127964
1491845278,8.001986503601074,50,0.7223988342597273,0.8925208294273786,0.45,0.3374620137950295,0.512338653204875,0.11811170482826032,0.15370159596146252,120.0,0.9,1.0,0.7648122263576392,0.8804096995996756,1.0,195781.73546035629,2494610.413436392
1491845290,15.59242057800293,10,0.42146804177034325,0.8360364208860355,0.15,0.25,0.28323402088517163,0.25,0.28323402088517163,15.0,0.15,0.05,0.577463332372232,0.577463332372232,0.6280602664009687,195599.80981159356,2494644.2980170646
1491845294,14.50767993927002,10,0.4644737324672958,0.560226150248433,0.15,0.27135289384031513,0.31294951771069224,0.27135289384031513,0.31294951771069224,15.0,0.15,0.05,0.5423775727293225,0.5423775727293225,0.5929745067580592,195663.7095113874,2494641.524921833
1491845309,10.310380935668945,50,0.6308800938278756,0.7391274432521601,0.45,0.3135416347890023,0.4573791372174002,0.10973957217615081,0.13721374116522006,120.0,0.9,1.0,0.6711565750866457,0.7759500668196521,1.0,195750.37047953083,2494659.8046965427
1491845327,21.608051300048828,50,0.18297199493504906,0.9456718334301915,0.45,0.25,0.20898599746752455,0.25,0.20898599746752455,15.0,0.15,0.05,0.5188497550653297,0.5188497550653297,0.5694466890940664,195316.70913898048,2494694.4226920204
1491845427,6.746637344360352,50,0.7721684803218943,0.6764944937720565,0.45,0.31026727769564255,0.526763962351579,0.10859354719347489,0.1580291887054737,120.0,0.9,1.0,0.7371408347998458,0.8512225356295005,1.0,195934.41714249994,2495015.1329301377
1491845432,12.491926193237305,50,0.5443904231744569,0.8700448931283107,0.45,0.3449574575019408,0.4262173106264364,0.3449574575019408,0.4262173106264364,15.0,0.15,0.05,0.7611609096537045,0.7611609096537045,0.8117578436824412,196020.79777658742,2495017.812985048
1491845437,11.962676048278809,10,0.5653731053223197,0.6375430497401996,0.15,0.3297831953522178,0.38587239702739745,0.3297831953522178,0.38587239702739745,15.0,0.15,0.05,0.6434720888382488,0.6434720888382488,0.6940690228669855,195986.464539185,2495021.2522514416
1491845491,6.586522102355957,50,0.778516418554901,0.8716895186077298,0.45,0.25,0.5067582092774505,0.0875,0.15202746278323515,120.0,0.9,1.0,0.784011902413775,0.8874580517126183,1.0,195980.1554253468,2495368.9648096384
1491845495,6.715269088745117,50,0.7734121080154852,0.8021479762879065,0.45,0.25,0.5042060540077427,0.0875,0.1512618162023228,120.0,0.9,1.0,0.7636660167209579,0.866754864282042,1.0,195987.85456823726,2495409.934628645
1491845594,16.249542236328125,10,0.3954157581376286,0.6623458939936446,0.15,0.25,0.2702078790688143,0.25,0.2702078790688143,15.0,0.15,0.05,0.5171067162878697,0.5171067162878697,0.5677036503166064,195873.80817375972,2495796.169605232
1491845601,15.49930477142334,50,0.4251597164746641,0.7003689923237619,0.45,0.25,0.33007985823733205,0.25,0.33007985823733205,15.0,0.15,0.05,0.6149460637894723,0.6149460637894723,0.6655429978182089,195663.37521462666,2495845.0625638515
1491845610,16.06354331970215,10,0.40278988204592864,0.9018145976884123,0.15,0.25,0.27389494102296436,0.25,0.27389494102296436,15.0,0.15,0.05,0.5817670727519568,0.5817670727519568,0.6323640067806935,195730.90675960633,2495861.6365866004
1492216295,4.763192176818848,50,0.8508042632398218,0.9236697553987049,0.45,0.25,0.542902131619911,0.0875,0.16287063948597327,120.0,0.9,1.0,0.8389339115287728,0.9474402099555606,1.0,197153.42093878094,2492380.8056669743
1492216614,12.934192657470703,50,0.5268563011112569,0.5758759240543171,0.45,0.25,0.38092815055562845,0.25,0.38092815055562845,15.0,0.15,0.05,0.6499255767358962,0.6499255767358962,0.7005225107646329,198647.98899699876,2493239.602295639
1492216617,9.032628059387207,50,0.6815379589639158,0.5288656172927924,0.45,0.25,0.4582689794819579,0.0875,0.13748069384458736,120.0,0.9,1.0,0.6420584205222691,0.7387160776497433,1.0,197616.22204142314,2493158.849989008
1492216669,12.934192657470703,50,0.5268563011112569,0.5758759240543171,0.45,0.25,0.38092815055562845,0.25,0.38092815055562845,15.0,0.15,0.05,0.6499255767358962,0.6499255767358962,0.7005225107646329,198657.10600052163,2493243.990167837
1492216674,8.406972885131836,50,0.7063427205319938,0.6730512297868632,0.45,0.25,0.4706713602659969,0.0875,0.14120140807979906,120.0,0.9,1.0,0.6924915853552721,0.7908855757925117,1.0,197903.19711978722,2493263.527707548
1492216686,13.760860443115234,50,0.494082181815707,0.8258920763492638,0.45,0.25,0.3645410909078535,0.25,0.3645410909078535,15.0,0.15,0.05,0.6911264372675255,0.6911264372675255,0.7417233712962622,198631.64160081837,2493259.308362652
1492216714,7.192305088043213,50,0.7544995109350536,0.7429138511209955,0.45,0.25,0.4947497554675268,0.0875,0.14842492664025803,120.0,0.9,1.0,0.73788817912258,0.8396531448880338,1.0,198683.90722462093,2493272.715236706
1492216750,6.213109493255615,50,0.7933207566573895,0.8625277700267954,0.45,0.25,0.5141603783286948,0.0875,0.15424811349860842,120.0,0.9,1.0,0.7903079813679847,0.8947904343340021,1.0,197715.07097562624,2493312.358844537
1492216788,5.509947299957275,50,0.8211983660277755,0.8807937387935258,0.45,0.25,0.5280991830138877,0.0875,0.1584297549041663,120.0,0.9,1.0,0.8110434869944912,0.9174773726164356,1.0,197841.95560437493,2493293.859638167
1492216900,8.284444808959961,50,0.7112004757938373,0.9065496042103633,0.45,0.25,0.47310023789691863,0.0875,0.1419300713690756,120.0,0.9,1.0,0.7536836770130165,0.8524177103185852,1.0,198768.48362938158,2493364.8163431
1492217234,8.323661804199219,50,0.7096456765108553,0.8470080609368988,0.45,0.25,0.47232283825542765,0.0875,0.14169685147662828,120.0,0.9,1.0,0.7378965076105207,0.8365217049662808,1.0,198791.07749208482,2494210.448561878
1699066586,22.06824493408203,50,0.16472713125126898,0.5105138446743822,0.45,0.25,0.1998635656256345,0.25,0.1998635656256345,15.0,0.15,0.05,0.3982010964819204,0.3982010964819204,0.4487980305106571,199541.29300107085,2495033.1560095595
1699066590,15.817978858947754,50,0.4125255449945422,0.7281521793653825,0.45,0.25,0.3237627724972711,0.25,0.3237627724972711,15.0,0.15,0.05,0.613679649087798,0.613679649087798,0.6642765831165347,199404.547435006,2495412.5586158247
1699066608,2.8222668170928955,50,0.9277543033745292,0.8667474289361009,0.45,0.25,0.5813771516872647,0.0875,0.1744131455061794,120.0,0.9,1.0,0.8693343531912522,0.9832271544274693,1.0,199481.18089927803,2494923.028129425
1722075257,26.223188400268555,50,0.0,0.0,0.45,0.25,0.11750000000000001,0.25,0.11750000000000001,15.0,0.15,0.05,0.1635,0.1635,0.21409693402873667,199708.18163402076,2496153.6233549765
1722075265,13.996987342834473,50,0.4847206809629154,0.7621863879949564,0.45,0.25,0.3598603404814577,0.25,0.3598603404814577,15.0,0.15,0.05,0.6691150396246341,0.6691150396246341,0.7197119736533708,199492.75780924503,2496137.354590225
1722075267,19.175350189208984,10,0.2794190052112734,0.7556193536106661,0.15,0.25,0.21220950260563667,0.25,0.21220950260563667,15.0,0.15,0.05,0.4650271917899943,0.4650271917899943,0.515624125818731,199495.88599397975,2496318.2478263937
1783922441,8.085932731628418,10,0.7190706972020645,0.8115394093109314,0.15,0.25,0.43203534860103227,0.25,0.43203534860103227,15.0,0.15,0.05,0.7647808055090748,0.7647808055090748,0.8153777395378115,195246.1261480105,2492802.719230288
1783922636,7.480348110198975,50,0.743079740460965,0.874854235968555,0.45,0.25557229163988693,0.49118305932274675,0.08945030207396042,0.14735491779682403,120.0,0.9,1.0,0.7647684602198265,0.8667584864381962,1.0,197456.2519767749,2493351.7542552506
1783922639,7.480348110198975,50,0.743079740460965,0.874854235968555,0.45,0.26212176143074933,0.49370208616538613,0.09174261650076226,0.14811062584961585,120.0,0.9,1.0,0.7653780647157451,0.8685721857648966,1.0,197450.97033606196,2493362.7980674733
1783922699,17.141353607177734,50,0.36005895245956,0.24017826030318534,0.45,0.3430912315387169,0.3333337960523634,0.3430912315387169,0.3333337960523634,15.0,0.15,0.05,0.4833619944467704,0.4833619944467704,0.5339589284755071,197327.60294643545,2493460.548416782
1783922701,13.549653053283691,50,0.5024557223245387,0.643072355796602,0.45,0.311443153749995,0.3923598433738059,0.311443153749995,0.3923598433738059,15.0,0.15,0.05,0.6678793356524071,0.6678793356524071,0.7184762696811438,197443.85730172484,2493470.2087744744
1783922726,17.830324172973633,50,0.3327439851817291,0.4856901872054561,0.45,0.33850275321349954,0.31791151305759513,0.33850275321349954,0.31791151305759513,15.0,0.15,0.05,0.5257145919055339,0.5257145919055339,0.5763115259342706,197453.3236690357,2493542.0461825593
1783922762,6.119269847869873,50,0.7970411287172812,0.9230037503840789,0.45,0.28075720870902976,0.5278502600159598,0.09826502304816041,0.15835507800478793,120.0,0.9,1.0,0.810447578601114,0.9208450521355223,1.0,197630.7992065302,2493566.009677767
1783922791,16.564834594726562,50,0.38291565888788104,0.038013848012125706,0.45,0.3919462304339213,0.3635525334569871,0.3919462304339213,0.3635525334569871,15.0,0.15,0.05,0.46120682716954775,0.46120682716954775,0.5118037611982844,197391.86456003442,2493619.302970536
1783922795,13.437416076660156,10,0.5069054760528319,0.4587944108243597,0.15,0.36858319319406985,0.3715616584856736,0.36858319319406985,0.3715616584856736,15.0,0.15,0.05,0.5715255848710962,0.5715255848710962,0.6221225188998328,197456.16907559265,2493619.134683887
1783922797,10.889890670776367,50,0.6079048170345083,0.8641049015623119,0.45,0.3490424941599152,0.4595456755018369,0.1221648729559703,0.13786370265055106,120.0,0.9,1.0,0.6923795898808618,0.8020915086919079,1.0,197506.83629437658,2493618.270680746
1783922800,9.939614295959473,50,0.6455795296734059,0.8212729372124653,0.45,0.3407868774922106,0.47520779464139934,0.1192754071222737,0.1425623383924198,120.0,0.9,1.0,0.7027545247264282,0.8135859100502116,1.0,197532.8537999465,2493623.2896850067
1783922804,9.220590591430664,50,0.6740859854441266,0.8046639554970062,0.45,0.33007366264925075,0.4853405552794674,0.11552578192723775,0.1456021665838402,120.0,0.9,1.0,0.7141388705707368,0.8249961244542648,1.0,197565.5279694249,2493629.5854419256
1783922822,12.878210067749023,50,0.5290757901319663,0.07698391188509468,0.45,0.4390554268131477,0.4547515207633476,0.15366939938460167,0.1364254562290043,120.0,0.9,1.0,0.4582566336665763,0.5789990520591541,1.0,197293.88156141475,2493652.1341074905
1783922835,6.99436092376709,50,0.7623472168291274,0.7139781173714678,0.45,0.40755763579103976,0.5592726991034251,0.1426451725268639,0.16778180973102755,120.0,0.9,1.0,0.7498708950504653,0.8811515655777801,1.0,197489.3422265455,2493760.6782439426
1783922850,22.67959213256836,50,0.14048962452591704,0.5627729916653681,0.45,0.48962582633501306,0.2799085916225789,0.17136903921725455,0.08397257748677367,120.0,0.9,1.0,0.35903086474640206,0.4618694249971148,1.0,197291.40494205517,2493771.1030766135
1783922854,18.79062271118164,50,0.2946719332678726,0.6719464843355878,0.45,0.5248288775852844,0.37053938108981493,0.18369010715484954,0.11116181432694448,120.0,0.9,1.0,0.47902656867758564,0.5991298361162467,1.0,197196.18380319566,2493776.8023835924
1783922878,25.26686668395996,50,0.03791438660064132,0.5709097907082177,0.45,0.5006637164581089,0.23286631501497795,0.1752323007603381,0.06985989450449338,120.0,0.9,1.0,0.3025987993603735,0.40028636660202455,1.0,197403.7318162659,2493935.506133809
1783922881,17.341611862182617,50,0.35211950198934305,0.01941613137206244,0.45,0.4785979464979322,0.38148203810926085,0.16750928127427625,0.11444461143277825,120.0,0.9,1.0,0.3449105374785652,0.46053575585859297,1.0,197451.77597077528,2493935.879432039
1783922945,11.975736618041992,10,0.5648553052109331,0.9539795279257564,0.15,0.25,0.35492765260546655,0.25,0.35492765260546655,15.0,0.15,0.05,0.7001508303685458,0.7001508303685458,0.7507477643972824,197888.23729933432,2496154.0733647835
1783923055,15.766587257385254,50,0.41456301943064294,0.8365224917190581,0.45,0.25,0.3247815097153215,0.25,0.3247815097153215,15.0,0.15,0.05,0.6420965855596825,0.6420965855596825,0.6926935195884192,197888.54244323279,2496255.4081444372
1812925769,8.792470932006836,50,0.6910592424578699,0.6812527095325767,0.45,0.25,0.46302962122893493,0.0875,0.13890888636868048,120.0,0.9,1.0,0.6856775380087087,0.7830016849807596,1.0,198009.9854245768,2495297.4159681923
1812925810,3.6985116004943848,50,0.8930146515313008,0.6955365832911029,0.45,0.25,0.5640073257656504,0.0875,0.1692021977296951,120.0,0.9,1.0,0.8063826437109303,0.9178436693181213,1.0,198823.43651399954,2495400.5872711604
1812925887,19.19565773010254,50,0.27861389125932995,0.6138918462356833,0.45,0.25,0.256806945629665,0.25,0.256806945629665,15.0,0.15,0.05,0.4980719908774853,0.4980719908774853,0.548668924906222,199417.61298992205,2495571.976423131
1812925899,24.585899353027344,50,0.06491205716180506,0.011812846803481047,0.45,0.25,0.14995602858090254,0.25,0.14995602858090254,15.0,0.15,0.05,0.2086460488560436,0.2086460488560436,0.25924298288478026,198167.5368834854,2495354.4056478553
1933843909,12.787524223327637,50,0.532671126414687,0.5539369830192771,0.45,0.25,0.38383556320734347,0.25,0.38383556320734347,15.0,0.15,0.05,0.6482204779243659,0.6482204779243659,0.6988174119531025,197858.8832544004,2496628.59080751
1982876353,8.949378967285156,50,0.6848384573299814,0.7720774573946565,0.45,0.25,0.4599192286649907,0.0875,0.1379757685994972,120.0,0.9,1.0,0.7047756696000532,0.801664361613152,1.0,198184.78985214815,2494923.4005253287
1982876355,12.999002456665039,50,0.5242868480284085,0.05557905750894088,0.45,0.25,0.37964342401420426,0.25,0.37964342401420426,15.0,0.15,0.05,0.5181812155957009,0.5181812155957009,0.5687781496244375,198172.53479266306,2495340.995642351
1982876363,8.542922019958496,50,0.7009528731951197,0.9373992955072254,0.45,0.25,0.46797643659755983,0.0875,0.14039293097926794,120.0,0.9,1.0,0.7554524903299756,0.8534691914536341,1.0,198183.982525851,2494884.9219027045
1982876596,11.713261604309082,50,0.5752614049302738,0.6868843651125306,0.45,0.25,0.4051307024651369,0.25,0.4051307024651369,15.0,0.15,0.05,0.7091410044828106,0.7091410044828106,0.7597379385115473,198333.71959948406,2495729.8457290744
1982876946,8.873705863952637,50,0.687838597602958,0.8290854863845809,0.45,0.25,0.46141929880147897,0.0875,0.1384257896404437,120.0,0.9,1.0,0.7207677582058609,0.8178664600380681,1.0,197703.6390394501,2495792.8766321023
1982879348,8.42005729675293,50,0.7058239751849165,0.8307188350588196,0.45,0.25,0.4704119875924582,0.0875,0.14112359627773746,120.0,0.9,1.0,0.7316076143719564,0.8299652926349007,1.0,195978.6455865802,2495321.288518221
1982884398,8.874971389770508,50,0.6877884244924936,0.621244728510796,0.45,0.39123799684270966,0.515716518724212,0.13693329889494837,0.1547149556172636,120.0,0.9,1.0,0.6819244665010128,0.8049857187119548,1.0,195999.89589717024,2494851.820347707
1982884401,11.281903266906738,50,0.592363062760247,0.6524329623733303,0.45,0.3782659727905074,0.4630145978380109,0.13239309047667758,0.13890437935140326,120.0,0.9,1.0,0.6331674190770845,0.7471640392371721,1.0,196000.0224305393,2494894.126002572
1982884408,15.299788475036621,50,0.43306975121018526,0.7968962274533036,0.45,0.6222605048837853,0.47721199286808696,0.21779117670932482,0.1431635978604261,120.0,0.9,1.0,0.599603374942878,0.7473069195793022,1.0,196351.40907643584,2494610.0974086253
1982884409,9.697637557983398,50,0.6551729535552772,0.8080897916923753,0.45,0.5591056080193957,0.5639732490927908,0.1956869628067885,0.16919197472783723,120.0,0.9,1.0,0.7253433598854213,0.8769833438009335,1.0,196218.7779352431,2494612.3751310473
1982884413,9.188490867614746,50,0.6753586129687092,0.49170046211537033,0.45,0.6849835411166493,0.6224806684522967,0.23974423939082723,0.186744200535689,120.0,0.9,1.0,0.6696700406469359,0.8458651945754219,1.0,196388.27302698238,2494380.2940231543
1982884415,16.879640579223633,50,0.3704348424462246,0.6530864448891802,0.45,0.6187073034153769,0.4445279225367188,0.2165475561953819,0.13335837676101564,120.0,0.9,1.0,0.5269919611589982,0.6696578197581378,1.0,196958.80977473303,2493843.772157134
1992853839,20.131383895874023,50,0.24151603705777622,0.5306080148188187,0.45,0.25,0.23825801852888812,0.25,0.23825801852888812,15.0,0.15,0.05,0.45313742779225924,0.45313742779225924,0.5037343618209958,199525.56503309327,2495666.648121587
1992853845,25.692264556884766,50,0.021049037693352687,0.3632417253044642,0.45,0.25,0.12802451884667634,0.25,0.12802451884667634,15.0,0.15,0.05,0.2679923058267953,0.2679923058267953,0.31858923985553195,199352.11960516975,2495665.5753769157
1992853849,9.080751419067383,50,0.6796300574363016,0.9422620422451533,0.45,0.25,0.4573150287181508,0.0875,0.13719450861544522,120.0,0.9,1.0,0.7443009438743432,0.8408250478948844,1.0,199135.42580716877,2495871.854849526
2042400913,13.449824333190918,10,0.5064135375899439,0.7410858404714954,0.15,0.25,0.32570676879497196,0.25,0.32570676879497196,15.0,0.15,0.05,0.6089402595513376,0.6089402595513376,0.6595371935800742,195020.30682869576,2494266.1997997733
2042400915,21.24493980407715,10,0.1973679345049971,0.45633988185913466,0.15,0.25,0.17118396725249854,0.25,0.17118396725249854,15.0,0.15,0.05,0.33687412789303184,0.33687412789303184,0.3874710619217685,195231.07742696657,2494444.586847085
2042400917,9.661184310913086,50,0.6566181811169888,0.8893457650613773,0.45,0.25,0.4458090905584944,0.25,0.4458090905584944,15.0,0.15,0.05,0.8126382589913871,0.8126382589913871,0.8632351930201237,194884.34445323056,2494033.458046382
2042400930,12.832653999328613,50,0.5308819086804019,0.781824169383431,0.45,0.25,0.3829409543402009,0.25,0.3829409543402009,15.0,0.15,0.05,0.704029282988119,0.704029282988119,0.7546262170168556,195391.90731443366,2493879.7181222616
2042400935,5.001218795776367,50,0.8413674460071922,0.7528243271156574,0.45,0.2653377761631908,0.5440828676817464,0.09286822165711678,0.1632248603045239,120.0,0.9,1.0,0.7921767934751982,0.9028423058518575,1.0,195791.80724363594,2493706.246284412
2042400943,14.97867488861084,50,0.4458006392061835,0.9479957552960931,0.45,0.25,0.34040031960309175,0.25,0.34040031960309175,15.0,0.15,0.05,0.6902693543080427,0.6902693543080427,0.7408662883367794,195146.95926747232,2494061.9433941045
2042407636,10.884366989135742,50,0.6081238092393386,0.7275378199727907,0.45,0.25,0.4215619046196693,0.25,0.4215619046196693,15.0,0.15,0.05,0.7406649309987678,0.7406649309987678,0.7912618650275045,195689.44914296223,2493146.937573617
2042407638,24.176137924194336,50,0.08115748269367974,0.7176630816757303,0.45,0.2607848965470029,0.16222677848030254,0.2607848965470029,0.16222677848030254,15.0,0.15,0.05,0.3986547209059175,0.3986547209059175,0.4492516549346542,195667.4183948633,2493945.310613112
2042407645,15.00544261932373,50,0.4447394041914775,0.5971753534145976,0.45,0.25,0.33986970209573875,0.25,0.33986970209573875,15.0,0.15,0.05,0.6018744510781098,0.6018744510781098,0.6524713851068464,195626.78040857922,2493796.878088934
2042407651,6.755893230438232,50,0.7718015209220358,0.8442748184601253,0.45,0.25,0.5034007604610179,0.0875,0.15102022813830537,120.0,0.9,1.0,0.7732635867498121,0.8762396932143547,1.0,195680.46092060365,2493523.732632171
2042407660,6.031919479370117,50,0.8005042265268676,0.8696654751239876,0.45,0.25,0.5177521132634337,0.0875,0.15532563397903013,120.0,0.9,1.0,0.79625882016658,0.9012441160234609,1.0,195691.76322882617,2493516.736505678
2042407662,9.563911437988281,50,0.6604746671163468,0.8937318700919672,0.45,0.25,0.4477373335581734,0.25,0.4477373335581734,15.0,0.15,0.05,0.8162415011486174,0.8162415011486174,0.866838435177354,195837.0442782612,2493426.7181819277
2042441665,18.120206832885742,50,0.3212512803217431,0.08012692199197302,0.45,0.27032266542150485,0.2859420499383734,0.27032266542150485,0.2859420499383734,15.0,0.15,0.05,0.3979728777469277,0.3979728777469277,0.44856981177566435,195647.748225309,2494078.865170833
2042441671,15.908849716186523,10,0.40892287368286134,0.7360987747047861,0.15,0.25,0.2769614368414307,0.25,0.2769614368414307,15.0,0.15,0.05,0.5443245615700564,0.5443245615700564,0.594921495598793,194968.2095223358,2494170.56809502
2044316564,8.989282608032227,50,0.6832564352591061,0.9554208579984639,0.45,0.25,0.459128217629553,0.0875,0.1377384652888659,120.0,0.9,1.0,0.7496939469498974,0.846471897418035,1.0,196910.22291943256,2495537.6077828747
2268752831,8.843561172485352,50,0.6890337158009001,0.9272203397613189,0.45,0.25,0.46201685790045005,0.0875,0.138605057370135,120.0,0.9,1.0,0.7459946401048518,0.8431770002109149,1.0,196932.78305151482,2492518.491875786
2268752972,11.489314079284668,50,0.5841400415828085,0.7368016558259933,0.45,0.25,0.40957002079140425,0.25,0.40957002079140425,15.0,0.15,0.05,0.7273914409853239,0.7273914409853239,0.7779883750140606,197122.52934426034,2492588.0860806773
2268753016,12.916730880737305,50,0.5275485917311538,0.4017844149498109,0.45,0.25,0.3812742958655769,0.25,0.3812742958655769,15.0,0.15,0.05,0.6068526883627027,0.6068526883627027,0.6574496223914393,196806.7039274627,2492463.2509985534
2268825364,8.772461891174316,10,0.6918525220589653,0.934041060540375,0.15,0.2708459379247949,0.4264439294620961,0.2708459379247949,0.4264439294620961,15.0,0.15,0.05,0.7834871257449028,0.7834871257449028,0.8340840597736394,196833.00819747162,2493171.755672249
2268825369,9.212931632995605,50,0.6743896329574194,0.7534560666160219,0.45,0.25,0.4546948164787097,0.0875,0.1364084449436129,120.0,0.9,1.0,0.6940600037693088,0.7902172780763281,1.0,197103.88373015384,2492903.6157545648
2268825372,23.625202178955078,50,0.10299991341641072,0.7784476364293162,0.45,0.25,0.16899995670820536,0.25,0.16899995670820536,15.0,0.15,0.05,0.4250618528279961,0.4250618528279961,0.47565878685673274,196841.78203005518,2492978.4877792248
2268995250,12.103228569030762,50,0.5598007518782778,0.6491848848659648,0.45,0.6514187772178058,0.5517922133306027,0.22799657202623203,0.1655376639991808,120.0,0.9,1.0,0.6388934819546266,0.8008288328592257,1.0,196350.2515825648,2494486.8983379835
2268995259,10.401103019714355,10,0.627283320786905,0.40409179710409737,0.15,0.7259871673600894,0.5692136478396407,0.25409550857603125,0.1707640943518922,120.0,0.9,1.0,0.5610006962944067,0.7350689387487681,1.0,196499.9297311693,2494485.371464093
2268995262,18.307950973510742,50,0.313807965160881,0.27833901671599215,0.45,0.4506400242763182,0.35157322268671676,0.4506400242763182,0.35157322268671676,15.0,0.15,0.05,0.49262178441008964,0.49262178441008964,0.5432187184388263,196106.68071794568,2493850.7516012467
2268995266,9.46789836883545,10,0.6642812068618061,0.7886659000664307,0.15,0.7627012191762153,0.6018333800371397,0.2669454267116753,0.1805500140111419,120.0,0.9,1.0,0.6820202269351646,0.8654280586332721,1.0,196588.14084492478,2494495.1127397986
2268995297,26.872573852539062,50,0.0,0.5444285620828893,0.45,0.5003436232818266,0.2137860089545487,0.1751202681486393,0.06413580268636461,120.0,0.9,1.0,0.2739583546877231,0.3689330669679974,1.0,196197.94099044928,2493881.7012823867
2268995301,12.878244400024414,50,0.5290744289925716,0.43767035604950766,0.45,0.3904928031307465,0.4360729080081114,0.3904928031307465,0.4360729080081114,15.0,0.15,0.05,0.655721667186063,0.655721667186063,0.7063186012147996,195997.3838128699,2493813.8078864124
2269569877,13.030191421508789,50,0.523050328507212,0.6715931364929241,0.45,0.25,0.379025164253606,0.25,0.379025164253606,15.0,0.15,0.05,0.6713809976529188,0.6713809976529188,0.7219779316816555,195290.2125004973,2493461.1439877804
2269569885,13.805014610290527,50,0.49233164312588684,0.539915837364533,0.45,0.25,0.3636658215629434,0.25,0.3636658215629434,15.0,0.15,0.05,0.6184945273729597,0.6184945273729597,0.6690914614016964,195363.65633309563,2493416.4381406703
2269570039,6.751912593841553,50,0.7719593374729615,0.6349019885894944,0.45,0.25,0.5034796687364808,0.0875,0.15104390062094422,120.0,0.9,1.0,0.7210119128816912,0.8239990665047986,1.0,194805.31447863032,2493714.1160473293
2269570366,19.77654457092285,50,0.2555840176524656,0.3156403041504555,0.45,0.25,0.2452920088262328,0.25,0.2452920088262328,15.0,0.15,0.05,0.40853968751171654,0.40853968751171654,0.4591366215404532,194981.20170133945,2493449.536498055
2269570697,10.469030380249023,50,0.6245902686851356,0.41490370228242535,0.45,0.25,0.4297951343425678,0.25,0.4297951343425678,15.0,0.15,0.05,0.6732096002159444,0.6732096002159444,0.7238065342446811,194966.30350457982,2493611.617343948
2269570871,23.02138900756836,50,0.1269387256634893,0.32688664050002836,0.45,0.25,0.18096936283174464,0.25,0.18096936283174464,15.0,0.15,0.05,0.32773183180627513,0.32773183180627513,0.3783287658350118,194958.77228769724,2493532.5478397068
2269583662,14.803069114685059,50,0.4527627159721768,0.39157788109736613,0.45,0.25,0.34388135798608843,0.25,0.34388135798608843,15.0,0.15,0.05,0.5556902356562565,0.5556902356562565,0.6062871696849932,194940.23415042,2493319.644156779
2269583663,6.222798824310303,50,0.7929366128726734,0.8758402769526134,0.45,0.25,0.5139683064363367,0.0875,0.154190491930901,120.0,0.9,1.0,0.7934133047043039,0.8978688676053912,1.0,195110.64627390332,2493709.7201799303
2269583674,14.521976470947266,50,0.46390693133770133,0.4001155431472023,0.45,0.25,0.34945346566885066,0.25,0.34945346566885066,15.0,0.15,0.05,0.5650683911563065,0.5650683911563065,0.6156653251850431,194850.11690978444,2493258.9394721827
2269583676,10.469030380249023,50,0.6245902686851356,0.41490370228242535,0.45,0.25,0.4297951343425678,0.25,0.4297951343425678,15.0,0.15,0.05,0.6732096002159444,0.6732096002159444,0.7238065342446811,194973.41639319347,2493616.66363466
2269583677,5.468345642089844,50,0.8228477077845452,0.7395572015823575,0.45,0.25,0.5289238538922726,0.0875,0.15867715616768177,120.0,0.9,1.0,0.7766909709106257,0.8832403104555439,1.0,194784.29566072556,2493678.2656984245
2269583678,17.574689865112305,50,0.34287887787668303,0.27936632651562643,0.45,0.25,0.2889394389383415,0.25,0.2889394389383415,15.0,0.15,0.05,0.45621285224875063,0.45621285224875063,0.5068097862774873,194938.77334088302,2493430.7924530543
2319202434,8.47667407989502,50,0.7035793428948335,0.7101412857331678,0.45,0.25,0.46928967144741673,0.0875,0.140786901434225,120.0,0.9,1.0,0.7001613403122954,0.7983618943149338,1.0,198420.95095751027,2496408.4527139263
2319202440,9.219358444213867,50,0.6741348352246239,0.678031143245847,0.45,0.25,0.45456741761231195,0.0875,0.13637022528369358,120.0,0.9,1.0,0.6750559902417436,0.7711954287074674,1.0,197906.0149750535,2496410.8718332564
2319202446,15.278223037719727,50,0.43392473579717206,0.7846239879246159,0.45,0.25,0.334462367898586,0.25,0.334462367898586,15.0,0.15,0.05,0.6417070752493158,0.6417070752493158,0.6923040092780525,199264.4241576676,2496324.098321809
2323527344,26.223188400268555,50,0.0,0.0,0.45,0.25,0.11750000000000001,0.25,0.11750000000000001,15.0,0.15,0.05,0.1635,0.1635,0.21409693402873667,194186.34148911462,2494144.4055936015
2323527539,26.223188400268555,50,0.0,0.0,0.45,0.25,0.11750000000000001,0.25,0.11750000000000001,15.0,0.15,0.05,0.1635,0.1635,0.21409693402873667,194404.12920495396,2493963.4570086305
2324186905,17.567960739135742,10,0.3431456611980371,0.545201058999291,0.15,0.25,0.24407283059901855,0.25,0.24407283059901855,15.0,0.15,0.05,0.4538449445285469,0.4538449445285469,0.5044418785572835,199250.54539871507,2495737.8908630945
2324186961,12.082698822021484,10,0.5606146754268589,0.8690620110801643,0.15,0.25,0.3528073377134295,0.25,0.3528073377134295,15.0,0.15,0.05,0.6761650417974995,0.6761650417974995,0.7267619758262361,199263.39269535674,2495939.697654414
2327294743,26.223188400268555,50,0.0,0.0,0.45,0.25,0.11750000000000001,0.25,0.11750000000000001,15.0,0.15,0.05,0.1635,0.1635,0.21409693402873667,199419.48502672126,2496698.0343808103
2327294747,26.223188400268555,50,0.0,0.0,0.45,0.25,0.11750000000000001,0.25,0.11750000000000001,15.0,0.15,0.05,0.1635,0.1635,0.21409693402873667,199525.63367026352,2496697.231151852
2367560889,23.07273292541504,50,0.12490314169877002,0.8191594422001033,0.45,0.25,0.179951570849385,0.25,0.179951570849385,15.0,0.15,0.05,0.4494769026542264,0.4494769026542264,0.500073836682963,198067.36021909915,2496547.1677881144
2367560891,9.219358444213867,50,0.6741348352246239,0.678031143245847,0.45,0.25,0.45456741761231195,0.0875,0.13637022528369358,120.0,0.9,1.0,0.6750559902417436,0.7711954287074674,1.0,197889.00013440585,2496411.0625089584
2367560900,26.223188400268555,50,0.0,1.0,0.45,0.25,0.11750000000000001,0.25,0.11750000000000001,15.0,0.15,0.05,0.41350000000000003,0.41350000000000003,0.4640969340287367,198091.36999906017,2496743.0147791356
2367560907,21.741592407226562,50,0.1776776164029396,0.0,0.45,0.25,0.20633880820146983,0.25,0.20633880820146983,15.0,0.15,0.05,0.27899045066191075,0.27899045066191075,0.3295873846906474,197941.22110101423,2496687.467008678
2367560911,22.69100570678711,50,0.14003712129604667,0.8905462679925837,0.45,0.25,0.18751856064802336,0.25,0.18751856064802336,15.0,0.15,0.05,0.4771606958405763,0.4771606958405763,0.527757629869313,198091.1892299872,2496663.668246505
2367560914,5.700007438659668,50,0.8136632306719151,0.7331580080193582,0.45,0.25,0.5243316153359576,0.0875,0.15729948460078727,120.0,0.9,1.0,0.7697641757945504,0.8756706019415845,1.0,198252.29898452427,2496123.916188081
2367560918,13.403773307800293,10,0.5082392792313192,0.8396767428695784,0.15,0.25,0.3266196396156596,0.25,0.3266196396156596,15.0,0.15,0.05,0.6347747172177521,0.6347747172177521,0.6853716512464888,198161.14927150944,2496548.6045475733
2367560919,17.08377456665039,50,0.3623417344621212,0.8935808967963955,0.45,0.25,0.2986708672310606,0.25,0.2986708672310606,15.0,0.15,0.05,0.6224173515994778,0.6224173515994778,0.6730142856282144,198257.46516864153,2496595.3255486884
2367560920,16.031585693359375,10,0.4040568759657946,0.7179048535178769,0.15,0.25,0.27452843798289733,0.25,0.27452843798289733,15.0,0.15,0.05,0.5366131827572358,0.5366131827572358,0.5872101167859725,198114.6814043236,2496558.8508263007
2367560936,19.80883026123047,10,0.2543040172894951,0.8548094644294757,0.15,0.25,0.19965200864474755,0.25,0.19965200864474755,15.0,0.15,0.05,0.4734999773455407,0.4734999773455407,0.5240969113742774,198085.86278334155,2496458.7640478243
2367560939,26.223188400268555,50,0.0,1.0,0.45,0.25,0.11750000000000001,0.25,0.11750000000000001,15.0,0.15,0.05,0.41350000000000003,0.41350000000000003,0.4640969340287367,198268.7262546064,2496752.374330785
2367560940,15.60891342163086,10,0.420814165528918,0.7821660973747597,0.15,0.25,0.28290708276445903,0.25,0.28290708276445903,15.0,0.15,0.05,0.5635707319374867,0.5635707319374867,0.6141676659662234,197939.45663293236,2496537.6020345134
2367560943,19.80883026123047,10,0.2543040172894951,0.8548094644294757,0.15,0.25,0.19965200864474755,0.25,0.19965200864474755,15.0,0.15,0.05,0.4734999773455407,0.4734999773455407,0.5240969113742774,198089.5703875695,2496441.0233142474
2367560945,18.104328155517578,50,0.321880807291775,0.7479598757443884,0.45,0.25,0.2784404036458875,0.25,0.2784404036458875,15.0,0.15,0.05,0.5597124936757509,0.5597124936757509,0.6103094277044876,198320.56716136012,2496468.5931759775
2367560947,20.214183807373047,50,0.23823334693212414,0.6491967576967891,0.45,0.25,0.23661667346606208,0.25,0.23661667346606208,15.0,0.15,0.05,0.48065086493007797,0.48065086493007797,0.5312477989588146,198237.2852041463,2496466.9377956297
2367574745,12.357491493225098,50,0.5497202291402552,0.7812011795395173,0.45,0.25,0.3923601145701276,0.25,0.3923601145701276,15.0,0.15,0.05,0.7161184438260453,0.7161184438260453,0.7667153778547819,198779.62070464995,2496065.459602213
2367574746,12.634160995483398,50,0.5387513739000764,0.7006108595300113,0.45,0.25,0.3868756869500382,0.25,0.3868756869500382,15.0,0.15,0.05,0.6888411079175526,0.6888411079175526,0.7394380419462893,198721.85507561086,2496187.396117672
2367574747,18.329715728759766,50,0.3129450784035196,0.7532529172355931,0.45,0.25,0.2739725392017598,0.25,0.2739725392017598,15.0,0.15,0.05,0.5552275302711861,0.5552275302711861,0.6058244642999228,198004.35858584067,2496069.5573889874
2367574749,7.472851753234863,50,0.743376941466847,0.8555943348382424,0.45,0.25,0.4891884707334235,0.0875,0.14675654122002704,120.0,0.9,1.0,0.7596072097603318,0.8605935956630111,1.0,198614.62217397545,2496429.0235610823
2367574751,12.483254432678223,50,0.5447342242998923,0.5376481266770969,0.45,0.25,0.3898671121499461,0.25,0.3898671121499461,15.0,0.15,0.05,0.6519892774642042,0.6519892774642042,0.7025862114929409,198006.41189701733,2496165.592795809
2367574753,10.308631896972656,50,0.6309494363181481,0.9363027990508601,0.45,0.25,0.43297471815907407,0.25,0.43297471815907407,15.0,0.15,0.05,0.8076928333695115,0.8076928333695115,0.8582897673982481,198824.79628748487,2495972.4332550657
2367574754,9.062588691711426,50,0.6803501379855061,0.7808095430094966,0.45,0.25,0.45767506899275306,0.0875,0.13730252069782592,120.0,0.9,1.0,0.7043554657839676,0.8009299754429531,1.0,198841.2169084603,2496131.453111525
2367574755,18.70818519592285,50,0.29794025581102546,0.47466771808769037,0.45,0.25,0.2664701279055127,0.25,0.2664701279055127,15.0,0.15,0.05,0.47582809579908913,0.47582809579908913,0.5264250298278258,198066.33372996346,2496164.5807615863
2367574768,9.47238540649414,50,0.6641033135048092,0.6053634345038387,0.45,0.25,0.4495516567524046,0.25,0.4495516567524046,15.0,0.15,0.05,0.7465080124040857,0.7465080124040857,0.7971049464328224,198615.2543407099,2496204.728306627
2367574770,11.770405769348145,50,0.5729958640267117,0.68179494982227,0.45,0.25,0.4039979320133558,0.25,0.4039979320133558,15.0,0.15,0.05,0.7063960490729301,0.7063960490729301,0.7569929831016667,198690.57042143028,2496202.80694084
2367574772,4.289058685302734,50,0.8696017873272629,0.8711191101461111,0.45,0.25,0.5523008936636314,0.0875,0.16569026809908943,120.0,0.9,1.0,0.8366988141863402,0.9465209392992486,1.0,198889.83636558842,2496114.295073419
2367574781,8.735855102539062,50,0.6933038369385253,0.8756149196566969,0.45,0.25,0.4641519184692626,0.0875,0.1392455755407788,120.0,0.9,1.0,0.7355699553385189,0.8330512239242157,1.0,198737.67066931352,2496193.7694196617
2367574785,8.124168395996094,50,0.7175548038201134,0.45825317185774805,0.45,0.25,0.4762774019100567,0.0875,0.142883220573017,120.0,0.9,1.0,0.6452950791801026,0.7444739154475107,1.0,198856.18746109738,2496093.6849289215
2367574786,11.235856056213379,50,0.5941886531639118,0.9067715343588281,0.45,0.25,0.4145943265819559,0.25,0.4145943265819559,15.0,0.15,0.05,0.7764155081462496,0.7764155081462496,0.8270124421749863,198739.33065331157,2496172.899135414
2367574790,11.713865280151367,50,0.5752374715625842,0.7284307140692378,0.45,0.25,0.4051187357812921,0.25,0.4051187357812921,15.0,0.15,0.05,0.7195120350329893,0.7195120350329893,0.770108969061726,198815.7102044862,2495989.492196721
2367574792,9.588273048400879,50,0.6595088252875502,0.7736046658222493,0.45,0.25,0.4472544126437751,0.25,0.4472544126437751,15.0,0.15,0.05,0.7855819028924699,0.7855819028924699,0.8361788369212065,198441.8766091218,2496205.3056931873
2367574793,13.378666877746582,10,0.5092346502230946,0.7926581275105792,0.15,0.25,0.3271173251115473,0.25,0.3271173251115473,15.0,0.15,0.05,0.6236670545226564,0.6236670545226564,0.674263988551393,198088.7920904897,2496370.0236958726
2367574794,12.698891639709473,50,0.5361850589997214,0.6819215456690106,0.45,0.25,0.38559252949986067,0.25,0.38559252949986067,15.0,0.15,0.05,0.6825006747670717,0.6825006747670717,0.7330976087958083,198822.65166720172,2496175.9643200357
2367574802,9.517976760864258,50,0.6622957960075513,0.8200453747170309,0.45,0.25,0.44864789800377564,0.25,0.44864789800377564,15.0,0.15,0.05,0.7990036110841661,0.7990036110841661,0.8496005451129027,198765.0415181623,2496103.7522288943
2367574804,12.130346298217773,10,0.5587256408036319,0.8251605740766419,0.15,0.25,0.35186282040181593,0.25,0.35186282040181593,15.0,0.15,0.05,0.6639618100415212,0.6639618100415212,0.7145587440702579,198881.88825360523,2496427.2158484203
2367574808,10.811219215393066,50,0.611023830147952,0.7619853127837678,0.45,0.25,0.423011915073976,0.25,0.423011915073976,15.0,0.15,0.05,0.7511618177921108,0.7511618177921108,0.8017587518208474,198726.98604717024,2496203.85478908
2367574809,19.100940704345703,50,0.2823690479926408,0.9228139877396094,0.45,0.25,0.2586845239963204,0.25,0.2586845239963204,15.0,0.15,0.05,0.5777433781301189,0.5777433781301189,0.6283403121588556,198252.3103037582,2496322.019226464
2367574810,16.418285369873047,50,0.38872575801285747,0.6377935235567453,0.45,0.25,0.31186287900642873,0.25,0.31186287900642873,15.0,0.15,0.05,0.5756201235975438,0.5756201235975438,0.6262170576262804,198089.2673667278,2496323.5060648876
2367574813,15.762267112731934,50,0.41473429613780477,0.026809042729412202,0.45,0.25,0.3248671480689024,0.25,0.3248671480689024,15.0,0.15,0.05,0.4397795531719262,0.4397795531719262,0.49037648720066285,198063.6670411005,2496008.526753035
2367574815,4.289058685302734,50,0.8696017873272629,0.8711191101461111,0.45,0.25,0.5523008936636314,0.0875,0.16569026809908943,120.0,0.9,1.0,0.8366988141863402,0.9465209392992486,1.0,198887.1100283778,2496103.8964351993
2367574817,4.932622909545898,10,0.8440870025177298,0.8597452600703063,0.15,0.25,0.4945435012588649,0.0875,0.14836305037765948,120.0,0.9,1.0,0.7563567764778599,0.8580928666541011,1.0,198912.68751119252,2496197.5192029406
2367574818,11.162274360656738,50,0.5971058773620967,0.6567996369679328,0.45,0.25,0.41605293868104837,0.25,0.41605293868104837,15.0,0.15,0.05,0.7158187295273462,0.7158187295273462,0.7664156635560828,198089.42668444326,2496300.714316685
2367574822,8.735855102539062,50,0.6933038369385253,0.8756149196566969,0.45,0.25,0.4641519184692626,0.0875,0.1392455755407788,120.0,0.9,1.0,0.7355699553385189,0.8330512239242157,1.0,198747.53995745938,2496204.050080168
2367574828,11.467281341552734,50,0.5850135527893338,0.7998130815899027,0.45,0.25,0.41000677639466687,0.25,0.41000677639466687,15.0,0.15,0.05,0.7437120797105427,0.7437120797105427,0.7943090137392793,197905.23806466203,2496167.2835263056
2376737480,9.456445693969727,10,0.6647352602782093,0.828113988426231,0.15,0.3597430813208202,0.44707650757018935,0.3597430813208202,0.44707650757018935,15.0,0.15,0.05,0.7639968080377748,0.7639968080377748,0.8145937420665115,197770.90225880238,2494200.016863751
2376737497,5.773464202880859,10,0.8107509595087496,0.900732107834676,0.15,0.36632140105161265,0.5226144801588413,0.12821249036806442,0.15678434404765237,120.0,0.9,1.0,0.7580954215716247,0.8788832309305721,1.0,197742.7709147068,2494112.585589717
2376751183,9.826177597045898,50,0.6500768476616571,0.869341773596846,0.45,0.35673450842248994,0.4835901578394785,0.12485707794787147,0.14507704735184354,120.0,0.9,1.0,0.7188645346730659,0.8329426428655166,1.0,197684.18385578378,2493893.399710548
2380017690,8.16460132598877,50,0.7159517975169036,0.9686162905872007,0.45,0.25,0.4754758987584518,0.0875,0.14264276962753553,120.0,0.9,1.0,0.7719561152066042,0.8710227410327875,1.0,198227.91836864472,2494018.150077197
2380017692,7.119187355041504,50,0.7573983408466968,0.7392416179244843,0.45,0.25,0.4961991704233484,0.0875,0.1488597511270045,120.0,0.9,1.0,0.7386514421722051,0.840619326031474,1.0,198178.11680931685,2494317.329619596
2380017696,7.6371588706970215,10,0.7368628118946947,0.7894432605520857,0.15,0.25,0.44093140594734737,0.25,0.44093140594734737,15.0,0.15,0.05,0.7708216428695731,0.7708216428695731,0.8214185768983098,198333.2142196888,2494315.481586151
2380017739,4.949305534362793,50,0.8434256022002062,0.7060169313243041,0.45,0.25,0.5392128011001032,0.0875,0.16176384033003094,120.0,0.9,1.0,0.7802410821071956,0.8882308742612102,1.0,197775.11835109774,2493376.8840694176
2380017781,8.513833045959473,50,0.702106136356676,0.9087638931193465,0.45,0.25,0.468553068178338,0.0875,0.1405659204535014,120.0,0.9,1.0,0.7489625323667086,0.847059961911676,1.0,198212.04060995067,2494024.9902321748
2399021795,7.951218605041504,50,0.7244115813301584,0.40018306093213074,0.45,0.25,0.4797057906650792,0.0875,0.14391173719952374,120.0,0.9,1.0,0.6347544824045245,0.7344132930976357,1.0,194614.80879134365,2493629.712856235
2399021821,7.951218605041504,50,0.7244115813301584,0.40018306093213074,0.45,0.25,0.4797057906650792,0.0875,0.14391173719952374,120.0,0.9,1.0,0.6347544824045245,0.7344132930976357,1.0,194603.26860521483,2493615.898340078
2399021823,7.951218605041504,50,0.7244115813301584,0.40018306093213074,0.45,0.25,0.4797057906650792,0.0875,0.14391173719952374,120.0,0.9,1.0,0.6347544824045245,0.7344132930976357,1.0,194615.8007887634,2493616.9240885237
2399021838,7.951218605041504,50,0.7244115813301584,0.40018306093213074,0.45,0.25,0.4797057906650792,0.0875,0.14391173719952374,120.0,0.9,1.0,0.6347544824045245,0.7344132930976357,1.0,194601.8893675623,2493628.3733589416
2399038433,25.8984432220459,50,0.012874866296411545,0.8161252902168065,0.45,0.25,0.12393743314820578,0.25,0.12393743314820578,15.0,0.15,0.05,0.3758999856468691,0.3758999856468691,0.42649691967560577,194819.0364356087,2493513.1081288257
2399038434,23.535615921020508,50,0.10655165542907462,0.8809362604454686,0.45,0.25,0.1707758277145373,0.25,0.1707758277145373,15.0,0.15,0.05,0.45299264114026566,0.45299264114026566,0.5035895751690023,194861.82017526304,2493442.8716689227
2399038436,13.114179611206055,50,0.5197205278347334,0.0,0.45,0.25,0.3773602639173667,0.25,0.3773602639173667,15.0,0.15,0.05,0.5013183430925767,0.5013183430925767,0.5519152771213134,194730.09217114578,2493651.4872056176
2399038438,26.101266860961914,50,0.0048337084658711315,0.0699862847347057,0.45,0.25,0.11991685423293558,0.25,0.11991685423293558,15.0,0.15,0.05,0.1841384816864927,0.1841384816864927,0.23473541571522935,194775.32637429668,2493582.3101541125
2399038444,26.478666305541992,50,0.0,0.6045250648332854,0.45,0.25,0.11750000000000001,0.25,0.11750000000000001,15.0,0.15,0.05,0.3146312662083214,0.3146312662083214,0.36522820023705804,194679.17962898826,2493520.2742325556
2399038447,16.155689239501953,50,0.39913665952950705,0.36156927734799293,0.45,0.25,0.3170683297647535,0.25,0.3170683297647535,15.0,0.15,0.05,0.5133311480311779,0.5133311480311779,0.5639280820599145,195109.6296474036,2493350.0024243677
2399038449,4.592144966125488,50,0.8575856109417459,0.0,0.45,0.25,0.5462928054708729,0.0875,0.16388784164126186,120.0,0.9,1.0,0.6119496543462126,0.7209306471121348,1.0,194478.07183337386,2493609.3521475485
2399038450,5.062497615814209,10,0.838937982330142,0.0,0.15,0.25,0.49196899116507103,0.0875,0.1475906973495213,120.0,0.9,1.0,0.5384340297514824,0.6398096885145924,1.0,194493.71350284765,2493632.1187601597
2399038451,12.979011535644531,50,0.525079409250379,0.8669212300138297,0.45,0.25,0.3800397046251895,0.25,0.3800397046251895,15.0,0.15,0.05,0.7215319235162039,0.7215319235162039,0.7721288575449405,194542.48360025178,2493568.357339666
2399038454,18.530540466308594,50,0.3049831691332907,0.3709458097299232,0.45,0.25,0.26999158456664535,0.25,0.26999158456664535,15.0,0.15,0.05,0.4544755123691198,0.4544755123691198,0.5050724463978564,194692.00880848756,2493335.555450107
2399038461,17.87186622619629,50,0.3310970065141863,0.12049273487654066,0.45,0.25,0.28304850325709313,0.25,0.28304850325709313,15.0,0.15,0.05,0.4088362379533563,0.4088362379533563,0.45943317198209294,194647.56161499704,2493404.46210847
2399038469,13.6431884765625,50,0.4987474114720609,0.4204002507694453,0.45,0.25,0.36687370573603045,0.25,0.36687370573603045,15.0,0.15,0.05,0.592785880149201,0.592785880149201,0.6433828141779376,194824.91663960862,2493614.2791461423
2399038473,5.232968807220459,50,0.8321794715225063,0.31482990000310884,0.45,0.25,0.5335897357612531,0.0875,0.16007692072837593,120.0,0.9,1.0,0.6759215684838308,0.7831241314904063,1.0,194676.38158083137,2493682.204180692
2399038474,29.259862899780273,50,0.0,0.9194192640828462,0.45,0.25,0.11750000000000001,0.25,0.11750000000000001,15.0,0.15,0.05,0.3933548160207116,0.3933548160207116,0.44395175004944826,194749.56097271258,2493565.6965439715
2399038475,14.842633247375488,50,0.45119415405753766,0.16675328906023068,0.45,0.25,0.34309707702876885,0.25,0.34309707702876885,15.0,0.15,0.05,0.4984645224024572,0.4984645224024572,0.5490614564311939,194869.11569677177,2493545.8434674656
2399038476,26.524578094482422,50,0.0,0.9870364020158636,0.45,0.25,0.11750000000000001,0.25,0.11750000000000001,15.0,0.15,0.05,0.4102591005039659,0.4102591005039659,0.4608560345327026,194767.6801538514,2493383.3779393095
2399038480,27.880054473876953,50,0.0,0.8070867639774689,0.45,0.25,0.11750000000000001,0.25,0.11750000000000001,15.0,0.15,0.05,0.36527169099436724,0.36527169099436724,0.4158686250231039,194794.90448766638,2493497.3376667704
2399038481,26.220422744750977,50,0.00010964734012567097,0.7717823531779038,0.45,0.25,0.11755482367006284,0.25,0.11755482367006284,15.0,0.15,0.05,0.35651685906555763,0.35651685906555763,0.4071137930942943,194838.16789705935,2493427.922929493
2399038483,24.103939056396484,50,0.08401988322180182,0.619284972352993,0.45,0.25,0.15950994161090093,0.25,0.15950994161090093,15.0,0.15,0.05,0.3729341671824194,0.3729341671824194,0.42353110121115606,194721.68130582583,2493449.865547835
2399038485,10.857139587402344,50,0.609203268398162,0.6909227964645857,0.45,0.25,0.422101634199081,0.25,0.422101634199081,15.0,0.15,0.05,0.7322128235749517,0.7322128235749517,0.7828097576036883,195203.4508116895,2493415.822397327
2399038487,13.058144569396973,50,0.5219420963739625,0.6855304571011258,0.45,0.25,0.37847104818698124,0.25,0.37847104818698124,15.0,0.15,0.05,0.6741449769183572,0.6741449769183572,0.7247419109470938,194920.58076036844,2493300.193336676
2399038489,16.75640296936035,50,0.3753207279222245,0.04554026911368414,0.45,0.25,0.30516036396111224,0.25,0.30516036396111224,15.0,0.15,0.05,0.418843540427867,0.418843540427867,0.46944047445660364,194910.7204235238,2493473.7905761516
2399038492,16.559526443481445,50,0.3831261061620671,0.6179377636698242,0.45,0.25,0.30906305308103355,0.25,0.30906305308103355,15.0,0.15,0.05,0.5670164099227997,0.5670164099227997,0.6176133439515363,194824.37137390545,2493221.553440617
2458982112,13.337639808654785,50,0.5108612117997174,0.5154695833332539,0.45,0.8458764986444495,0.6021138746092624,0.2960567745255573,0.1806341623827787,120.0,0.9,1.0,0.5951792497048254,0.7894391369739004,1.0,196684.12222311395,2494350.7545453412
2459078139,14.123007774353027,50,0.4797244675770925,0.6931358635209991,0.45,0.25,0.35736223378854626,0.25,0.35736223378854626,15.0,0.15,0.05,0.6486048698053599,0.6486048698053599,0.6992018038340966,197978.73224997742,2493283.5355733326
2459078153,10.88562297821045,50,0.6080740142231504,0.6784694128222377,0.45,0.25,0.4215370071115752,0.25,0.4215370071115752,15.0,0.15,0.05,0.7283654624506073,0.7283654624506073,0.778962396479344,197954.51148177084,2493310.2359178625
2459094273,5.167464733123779,50,0.834776449868669,0.9955959721057853,0.45,0.25,0.5348882249343345,0.0875,0.16046646748030036,120.0,0.9,1.0,0.8476193339502742,0.9550036854410812,1.0,197542.57377506263,2492939.550236198
2459094324,4.671104907989502,50,0.8544551604764442,0.8945116623622489,0.45,0.25,0.5447275802382221,0.0875,0.1634182740714666,120.0,0.9,1.0,0.8337619086668998,0.942523769900251,1.0,197383.47281614994,2492735.033014235
2488193951,17.611373901367188,50,0.3414245004334851,0.2393011489657858,0.45,0.25,0.28821225021674257,0.25,0.28821225021674257,15.0,0.15,0.05,0.44525121252321176,0.44525121252321176,0.4958481465519484,196341.00792543666,2495707.1421142244
2491091193,11.34579086303711,50,0.5898301713939164,0.42918109128194726,0.45,0.5885202936279419,0.5426151986307819,0.20598210276977966,0.16278455958923457,120.0,0.9,1.0,0.5954551995589437,0.7479289655388857,1.0,196700.2198640133,2494901.3150025187
2491091234,28.680892944335938,60,0.0,0.0,0.55,0.25,0.1325,0.25,0.1325,15.0,0.15,0.05,0.18650000000000003,0.18650000000000003,0.2370969340287367,197886.76166128874,2494903.2658121795
2491099012,12.912188529968262,50,0.5277286780349533,0.8495980426899314,0.45,0.25,0.38136433901747663,0.25,0.38136433901747663,15.0,0.15,0.05,0.7189231513952025,0.7189231513952025,0.7695200854239391,197395.8777062958,2495890.978827317
2491099022,12.230057716369629,50,0.5547724760978251,0.6868137241532288,0.45,0.25,0.39488623804891254,0.25,0.39488623804891254,15.0,0.15,0.05,0.6958055405018936,0.6958055405018936,0.7464024745306302,197919.70769677468,2495905.78297125
2491099046,11.277314186096191,10,0.5925450017260003,0.6584017538984368,0.15,0.25,0.3687725008630002,0.25,0.3687725008630002,15.0,0.15,0.05,0.6442546895965094,0.6442546895965094,0.6948516236252461,197390.8737821852,2496102.072827383
2491099065,9.226224899291992,50,0.6738626073456913,0.7630509351117849,0.45,0.25,0.4544313036728456,0.0875,0.1363293911018537,120.0,0.9,1.0,0.6961530460384471,0.7922734285526456,1.0,197417.16629905207,2495994.2725359444
2525914418,15.495832443237305,10,0.42529738060066324,0.8227216371422583,0.15,0.25,0.28514869030033163,0.25,0.28514869030033163,15.0,0.15,0.05,0.5766237066759957,0.5766237066759957,0.6272206407047324,195913.78140475065,2495699.0900423047
2525914420,14.476043701171875,10,0.4657279846100506,0.6954313013213841,0.15,0.25,0.3053639923050253,0.25,0.3053639923050253,15.0,0.15,0.05,0.571081015326879,0.571081015326879,0.6216779493556157,196071.2690388604,2495696.8153432994
2525989760,16.57328987121582,10,0.38258044050251755,0.7492293388425811,0.15,0.25,0.2637902202512588,0.25,0.2637902202512588,15.0,0.15,0.05,0.5304846210372818,0.5304846210372818,0.5810815550660184,196105.01313923323,2495791.6929661455
2525989776,15.123279571533203,10,0.44006763350414374,0.6101103973002041,0.15,0.25,0.2925338167520719,0.25,0.2925338167520719,15.0,0.15,0.05,0.5330715611027446,0.5330715611027446,0.5836684951314812,196073.5704932951,2496054.011833645
2525990691,12.804227828979492,50,0.5320088942897556,0.69255061402085,0.45,0.25,0.3835044471448778,0.25,0.3835044471448778,15.0,0.15,0.05,0.6824434347935537,0.6824434347935537,0.7330403688222904,196110.36202899588,2495862.7251557424
2525990704,14.647650718688965,10,0.45892444277410793,0.8392242640418397,0.15,0.25,0.301962221387054,0.25,0.301962221387054,15.0,0.15,0.05,0.60260695381363,0.60260695381363,0.6532038878423667,196043.4659374199,2495862.0981255043
2526007320,11.335847854614258,10,0.590224372486382,0.747436064567601,0.15,0.25,0.36761218624319103,0.25,0.36761218624319103,15.0,0.15,0.05,0.6650048582580487,0.6650048582580487,0.7156017922867853,196101.76477058232,2495343.8693506815
2526412027,13.096778869628906,10,0.5204103986512622,0.7848471637666761,0.15,0.25,0.3327051993256311,0.25,0.3327051993256311,15.0,0.15,0.05,0.6289785500649896,0.6289785500649896,0.6795754840937263,196078.94866816036,2495710.795667076
2526412031,15.333529472351074,50,0.4317320536606521,0.7412219488875109,0.45,0.25,0.33336602683032607,0.25,0.33336602683032607,15.0,0.15,0.05,0.6294313221013017,0.6294313221013017,0.6800282561300384,196227.85076416185,2495725.795249937
2526412033,12.0535249710083,10,0.5617713036274743,0.7237694359194234,0.15,0.25,0.35338565181373716,0.25,0.35338565181373716,15.0,0.15,0.05,0.6405937063377143,0.6405937063377143,0.691190640366451,196253.07078613352,2495707.8057282455
2526412039,10.594494819641113,10,0.6196160981956207,0.5431841559027615,0.15,0.25,0.38230804909781035,0.25,0.38230804909781035,15.0,0.15,0.05,0.6330465028028439,0.6330465028028439,0.6836434368315806,196111.65004831436,2495634.322037104
2526412040,11.361776351928711,50,0.58919640976799,0.47767121051187067,0.45,0.25,0.412098204883995,0.25,0.412098204883995,15.0,0.15,0.05,0.6658954689771612,0.6658954689771612,0.7164924030058979,196203.43219036912,2495633.3377735196
2530035744,14.265480995178223,10,0.4740759659458047,0.6101627283517288,0.15,0.25,0.30953798297290236,0.25,0.30953798297290236,15.0,0.15,0.05,0.5551900599527053,0.5551900599527053,0.605786993981442,196228.64525066077,2495790.9542177795
2530205713,13.16577434539795,50,0.5176749999905477,0.9685453158535383,0.45,0.3343839525640317,0.4087928663660553,0.3343839525640317,0.4087928663660553,15.0,0.15,0.05,0.7654929427442032,0.7654929427442032,0.8160898767729399,196000.39388128172,2495024.2686267775
2530244795,26.223188400268555,50,0.0,0.0,0.45,0.25,0.11750000000000001,0.25,0.11750000000000001,15.0,0.15,0.05,0.1635,0.1635,0.21409693402873667,195383.7387540519,2496736.6343518803
2530244798,26.223188400268555,50,0.0,0.0,0.45,0.25,0.11750000000000001,0.25,0.11750000000000001,15.0,0.15,0.05,0.1635,0.1635,0.21409693402873667,195261.5971125582,2496810.573799202
2530277082,14.339795112609863,10,0.4711297041072003,0.9771240202292057,0.15,0.25,0.3080648520536002,0.25,0.3080648520536002,15.0,0.15,0.05,0.6450153127269818,0.6450153127269818,0.6956122467557184,195942.15748409915,2496527.4462812874
2530284924,26.223188400268555,50,0.0,0.0,0.45,0.25,0.11750000000000001,0.25,0.11750000000000001,15.0,0.15,0.05,0.1635,0.1635,0.21409693402873667,194210.5994420183,2495678.856599812
2530284952,37.323097229003906,50,0.0,0.0,0.45,0.25,0.11750000000000001,0.25,0.11750000000000001,15.0,0.15,0.05,0.1635,0.1635,0.21409693402873667,195874.37009049015,2496657.365278059
2530284953,16.75722312927246,10,0.3752882118144631,0.7079818133026439,0.15,0.25,0.2601441059072316,0.25,0.2601441059072316,15.0,0.15,0.05,0.515432791005062,0.515432791005062,0.5660297250337987,195611.51249650388,2495843.463374861
2530284958,23.5888729095459,10,0.1044402257525305,0.7074885663208701,0.15,0.25,0.12472011287626525,0.25,0.12472011287626525,15.0,0.15,0.05,0.33925828831936233,0.33925828831936233,0.389855222348099,195040.897510666,2495811.920043907
2530284961,33.99697494506836,50,0.0,0.0,0.45,0.25,0.11750000000000001,0.25,0.11750000000000001,15.0,0.15,0.05,0.1635,0.1635,0.21409693402873667,195874.54936862655,2496598.327403883
2530284962,35.487754821777344,50,0.0,0.13741347376523994,0.45,0.25,0.11750000000000001,0.25,0.11750000000000001,15.0,0.15,0.05,0.19785336844131,0.19785336844131,0.24845030247004665,195813.9757212145,2496644.3628965323
2530287119,5.6408820152282715,50,0.8160073206613776,0.9058370555532138,0.45,0.7224050683800749,0.7071979173999484,0.2528417739330262,0.21215937521998451,120.0,0.9,1.0,0.8582635200826634,1.0,1.0,196697.58444649883,2494015.4287737217
2530287123,11.833490371704102,50,0.570494808198445,0.3457694481260286,0.45,0.42044936739262173,0.4683048530963847,0.1471572785874176,0.1404914559289154,120.0,0.9,1.0,0.5477442534439186,0.6679653506384532,1.0,195954.02198773698,2494019.5001767506
2530287134,8.124306678771973,50,0.717549321453107,0.8060910912190069,0.45,0.27079155819025186,0.4842714138766504,0.09477704536658814,0.1452814241629951,120.0,0.9,1.0,0.7341865935098772,0.8371874940173412,1.0,197899.3143126304,2494013.3769250605
2530287138,23.449506759643555,50,0.1099655442686012,0.0,0.45,0.4783641696288514,0.2603151450684742,0.16742745937009798,0.07809454352054225,120.0,0.9,1.0,0.19958544992585872,0.2982169122871958,1.0,196015.71484890993,2494467.3091179444
2530742232,8.792470932006836,50,0.6910592424578699,0.6812527095325767,0.45,0.25,0.46302962122893493,0.0875,0.13890888636868048,120.0,0.9,1.0,0.6856775380087087,0.7830016849807596,1.0,198015.04104794707,2495312.61243648
2530742237,26.802560806274414,50,0.0,0.0,0.45,0.25,0.11750000000000001,0.25,0.11750000000000001,15.0,0.15,0.05,0.1635,0.1635,0.21409693402873667,197977.79811171244,2495427.764256211
2530742241,25.207035064697266,50,0.04028647447126351,0.4969268917806252,0.45,0.25,0.13764323723563177,0.25,0.13764323723563177,15.0,0.15,0.05,0.3139179313514776,0.3139179313514776,0.36451486538021427,198246.06511021085,2495506.3420770955
2530742246,20.522701263427734,50,0.22600184585625688,0.6745111349987594,0.45,0.25,0.23050092292812846,0.25,0.23050092292812846,15.0,0.15,0.05,0.47902898355625684,0.47902898355625684,0.5296259175849934,197920.5337523828,2495669.8112577894
2530742259,23.40602684020996,50,0.11168935169308726,0.5383368939110593,0.45,0.25,0.17334467584654364,0.25,0.17334467584654364,15.0,0.15,0.05,0.3706823020782716,0.3706823020782716,0.42127923610700824,197968.18443330843,2495668.2645658385
2530742276,9.184391021728516,50,0.6755211556980887,0.7560024788944936,0.45,0.25,0.45526057784904433,0.0875,0.13657817335471328,120.0,0.9,1.0,0.6953528900285147,0.791589370927381,1.0,198286.3222357527,2495730.6437130175
2653610227,11.94951343536377,10,0.5658949510424627,0.710043775937844,0.15,0.7134254236137202,0.5336880230649699,0.24969889826480204,0.16010640691949096,120.0,0.9,1.0,0.600714228094674,0.7681758563935535,1.0,196966.21149541019,2494623.39926019
2653614515,9.219346046447754,10,0.6741353267471831,0.6759326561591955,0.15,0.25,0.4095676633735916,0.25,0.4095676633735916,15.0,0.15,0.05,0.701671126425468,0.701671126425468,0.7522680604542047,198789.41245017428,2494661.88258633
2653614528,8.797468185424805,10,0.6908611210570911,0.6898887396546637,0.15,0.25,0.41793056052854555,0.25,0.41793056052854555,15.0,0.15,0.05,0.7160319136007752,0.7160319136007752,0.7666288476295119,198868.7620621276,2494623.18538994
2653614537,8.720556259155273,50,0.6939103757765583,0.8583778222767875,0.45,0.25,0.46445518788827916,0.0875,0.13933655636648373,120.0,0.9,1.0,0.7316124735196007,0.8291361998239598,1.0,199222.16206989,2494648.872741903
2653614544,9.994595527648926,50,0.6433997405517076,0.7778926411908459,0.45,0.25,0.4391998702758538,0.25,0.4391998702758538,15.0,0.15,0.05,0.7761829916563214,0.7761829916563214,0.8267799256850581,199092.6502224413,2494663.024154711
2653614550,8.914426803588867,50,0.6862241728526041,0.7273506917616668,0.45,0.25,0.460612086426302,0.0875,0.1381836259278906,120.0,0.9,1.0,0.6943976931949271,0.7913833852946094,1.0,198769.03977161896,2494622.712533062
2653614555,10.284796714782715,10,0.6318944073428934,0.6793102619594691,0.15,0.25,0.3884472036714467,0.25,0.3884472036714467,15.0,0.15,0.05,0.6750589302627481,0.6750589302627481,0.7256558642914848,198855.99100033147,2494662.4286774816
2657406464,9.558878898620605,10,0.6606741874659479,0.9220002637294269,0.15,0.25,0.40283709373297394,0.25,0.40283709373297394,15.0,0.15,0.05,0.7544382877852229,0.7544382877852229,0.8050352218139596,199137.64894912712,2494663.1516807233
2657406467,22.62819480895996,50,0.14252732581858357,0.6783669202525318,0.45,0.25,0.1887636629092918,0.25,0.1887636629092918,15.0,0.15,0.05,0.4257344918452123,0.4257344918452123,0.47633142587394894,199589.19848828187,2495081.43128588
2657406468,11.980025291442871,50,0.5646852762148831,0.3899272238384318,0.45,0.25,0.39984263810744153,0.25,0.39984263810744153,15.0,0.15,0.05,0.628027235499282,0.628027235499282,0.6786241695280186,199379.91358528734,2494729.7789050085
2657406918,7.485043048858643,50,0.7428936046487448,0.8276660155523594,0.45,0.25,0.4889468023243724,0.0875,0.1466840406973117,120.0,0.9,1.0,0.7523447945843619,0.8532973469097741,1.0,199277.67857510166,2494620.8414247525
2657406921,9.347708702087402,50,0.669046253407102,0.8565471175913775,0.45,0.25,0.452023126703551,0.0875,0.1356069380110653,120.0,0.9,1.0,0.7167336063739634,0.8125168441124606,1.0,199193.71845078486,2494632.8702734876
2657406924,7.88095760345459,50,0.7271971531013373,0.7887769754054071,0.45,0.25,0.4810985765506686,0.0875,0.14432957296520058,120.0,0.9,1.0,0.7335185926501273,0.833372393367221,1.0,199242.8427583804,2494618.6192291435
2657406925,6.850719928741455,50,0.7680420161045476,0.8717443291259327,0.45,0.25,0.5015210080522738,0.0875,0.15045630241568214,120.0,0.9,1.0,0.7779504516221207,0.8806633927494392,1.0,199398.07686063024,2494681.3641780554
2657406926,7.88095760345459,50,0.7271971531013373,0.7887769754054071,0.45,0.25,0.4810985765506686,0.0875,0.14432957296520058,120.0,0.9,1.0,0.7335185926501273,0.833372393367221,1.0,199266.21694289998,2494619.7135036504
2657830319,12.998945236206055,10,0.5242891165940663,0.6231139126117691,0.15,0.25,0.33464455829703316,0.25,0.33464455829703316,15.0,0.15,0.05,0.5910664039390854,0.5910664039390854,0.641663337967822,198937.4111759548,2494623.2479251535
2657830324,7.388030052185059,50,0.7467397875790737,0.25671172556957644,0.45,0.25,0.4908698937895368,0.0875,0.14726096813686104,120.0,0.9,1.0,0.6118370081882567,0.713058793318792,1.0,199528.83775290113,2494914.337419572
2657830327,7.67501974105835,50,0.7353617776178019,0.2414209976115107,0.45,0.25,0.4851808888089009,0.0875,0.14555426664267027,120.0,0.9,1.0,0.6014150804212027,0.701840404854449,1.0,199547.9442468834,2494975.755954707
2750252775,10.998065948486328,50,0.6036160936584893,0.8759032887836747,0.45,0.25,0.41930804682924466,0.25,0.41930804682924466,15.0,0.15,0.05,0.7748262830739369,0.7748262830739369,0.8254232171026735,196014.73294589727,2496206.61918756
2750252825,13.959511756896973,50,0.48620644023104587,0.7156339004509387,0.45,0.25,0.3606032201155229,0.25,0.3606032201155229,15.0,0.15,0.05,0.6584426612629145,0.6584426612629145,0.7090395952916512,196044.05301228777,2496185.6772152856
2750593251,10.913585662841797,50,0.6069654039956247,0.7601143644468892,0.45,0.25,0.42098270199781235,0.25,0.42098270199781235,15.0,0.15,0.05,0.7480561037088784,0.7480561037088784,0.7986530377376151,196888.88781493547,2495827.633202919
2750593322,13.279874801635742,10,0.5131513666406664,0.5831808620266437,0.15,0.25,0.3290756833203332,0.25,0.3290756833203332,15.0,0.15,0.05,0.5738436038230942,0.5738436038230942,0.6244405378518308,197301.94401405845,2495857.8930459954
2750593369,10.27821159362793,50,0.6321554814406753,0.8154719388265981,0.45,0.25,0.43357774072033767,0.25,0.43357774072033767,15.0,0.15,0.05,0.7782690476430886,0.7782690476430886,0.8288659816718252,196860.6401107079,2495841.9571252894
2750593461,10.488044738769531,10,0.6238364243170578,0.826334136648749,0.15,0.25,0.3844182121585289,0.25,0.3844182121585289,15.0,0.15,0.05,0.7065772099682749,0.7065772099682749,0.7571741439970116,197306.09913271153,2495893.7123157643
2750667615,9.402015686035156,50,0.6668931955507378,0.752022720306813,0.45,0.25,0.4509465977753689,0.0875,0.13528397933261066,120.0,0.9,1.0,0.6893537334961312,0.784986257184683,1.0,196013.02339212492,2495530.3424151493
2750667702,9.402015686035156,50,0.6668931955507378,0.752022720306813,0.45,0.25,0.4509465977753689,0.0875,0.13528397933261066,120.0,0.9,1.0,0.6893537334961312,0.784986257184683,1.0,196013.01263444306,2495546.4478939255
2750667738,8.940492630004883,50,0.6851907655766335,0.5665151744314345,0.45,0.25,0.46009538278831674,0.0875,0.138028614836495,120.0,0.9,1.0,0.653589437642306,0.7505027912326705,1.0,196001.80020456907,2495515.7671864736
2750670857,7.101207733154297,10,0.7581111619857965,0.7751194530754255,0.15,0.25,0.4515555809928983,0.0875,0.1354666742978695,120.0,0.9,1.0,0.6853343372206183,0.7810521185596242,1.0,196472.25144886546,2495796.6458172933
2750787454,9.896079063415527,50,0.6473055300446945,0.5281320766124686,0.45,0.25,0.44115276502234724,0.25,0.44115276502234724,15.0,0.15,0.05,0.7162816136821687,0.7162816136821687,0.7668785477109054,196004.26263364742,2496370.472978509
2750787479,11.99537181854248,50,0.5640768469054684,0.8329080372484557,0.45,0.3779136590083525,0.44873598460979286,0.3779136590083525,0.44873598460979286,15.0,0.15,0.05,0.7737992038337507,0.7737992038337507,0.8243961378624873,195933.3092359248,2494788.4840738904
2750787481,6.2597455978393555,10,0.7914718189321635,0.739061904272369,0.15,0.26853521133771313,0.4753648369036637,0.09398732396819959,0.1426094510710991,120.0,0.9,1.0,0.697394331488642,0.7988549861290577,1.0,195987.05034415744,2495184.5876826225
2750787508,11.311450958251953,50,0.5911916132640009,0.6139932182771788,0.45,0.4173829504441291,0.477473864495127,0.14608403265544517,0.1432421593485381,120.0,0.9,1.0,0.6265189302652919,0.7476250548523464,1.0,196016.74535990902,2494787.9970611725
2750787528,10.405109405517578,50,0.6271244833814332,0.7057357264255646,0.45,0.25,0.4310622416907166,0.25,0.4310622416907166,15.0,0.15,0.05,0.7475648458043228,0.7475648458043228,0.7981617798330595,196004.50598026306,2496454.0094788843
2751394425,4.62852668762207,50,0.8561432190871064,0.7012363765226548,0.45,0.25,0.5455716095435532,0.0875,0.16367148286306596,120.0,0.9,1.0,0.7864221612011855,0.895302186537283,1.0,197649.2792650874,2496078.0626735725
2751405348,8.495737075805664,50,0.7028235702459465,0.9722208331513469,0.45,0.25,0.46891178512297327,0.0875,0.14067353553689196,120.0,0.9,1.0,0.7652428790304857,0.8633905289477021,1.0,197887.70686997892,2495534.6007245607
2751405375,9.915322303771973,10,0.6465426114139856,0.7927025671825801,0.15,0.2979670307112928,0.4142201636728747,0.2979670307112928,0.4142201636728747,15.0,0.15,0.05,0.7262115169501707,0.7262115169501707,0.7768084509789074,197486.70673653332,2495191.883689704
2751405381,15.7983980178833,50,0.41330184816263194,0.7941259479430249,0.45,0.32561795240719194,0.3532347519302359,0.32561795240719194,0.3532347519302359,15.0,0.15,0.05,0.6516180443426893,0.6516180443426893,0.702214978371426,197402.90595873556,2495191.9822840537
2751405416,8.102396965026855,50,0.7184179552434682,0.8161811616606552,0.45,0.3678111099589756,0.5220209429905709,0.12873388848564146,0.15660628289717127,120.0,0.9,1.0,0.7462432000756339,0.8671415763889806,1.0,197256.79900183063,2495192.4887965117
2784261075,11.95267391204834,50,0.5657696505992983,0.5703118577823688,0.45,0.25,0.40038482529964914,0.25,0.40038482529964914,15.0,0.15,0.05,0.6738282373351361,0.6738282373351361,0.7244251713638727,199300.89022969262,2494515.755980223
2784308454,12.476069450378418,50,0.5450190805276532,0.8538244605300375,0.45,0.25,0.3900095402638266,0.25,0.3900095402638266,15.0,0.15,0.05,0.7312185174754839,0.7312185174754839,0.7818154515042206,199116.5674089453,2494621.911405162
2784308457,5.5286431312561035,50,0.820457150008526,0.8122972082349573,0.45,0.25,0.5277285750042631,0.0875,0.15831857250127893,120.0,0.9,1.0,0.7934894490636843,0.8998714495642813,1.0,198701.5613100158,2493995.890399576
2784308459,9.783245086669922,50,0.6517789524746838,0.7990783726993171,0.45,0.25,0.4433894762373419,0.25,0.4433894762373419,15.0,0.15,0.05,0.7869259122833738,0.7869259122833738,0.8375228463121105,198704.59858859336,2494004.2767689945
2784308462,3.6313986778259277,50,0.8956754143818745,0.8906464003007403,0.45,0.25,0.5653377071909372,0.0875,0.16960131215728116,120.0,0.9,1.0,0.8567033404166722,0.9683506194234035,1.0,199210.22862203314,2494507.9094892736
2784308483,7.967031002044678,10,0.7237846821153467,0.8411963340894435,0.15,0.25,0.4343923410576734,0.25,0.4343923410576734,15.0,0.15,0.05,0.7752591268973363,0.7752591268973363,0.825856060926073,198780.69740895682,2494214.087988192
2784308485,9.939278602600098,10,0.6455928385919315,0.6441279887348292,0.15,0.25,0.39529641929596576,0.25,0.39529641929596576,15.0,0.15,0.05,0.6751673422684629,0.6751673422684629,0.7257642762971995,198815.00330400496,2494305.3341167234
2784308486,8.04436206817627,50,0.7207188101524362,0.7402806336677625,0.45,0.25,0.4778594050762181,0.0875,0.14335782152286541,120.0,0.9,1.0,0.7176370683053536,0.8170373850160242,1.0,198824.32176366256,2494302.1699479925
2784308499,11.604870796203613,50,0.5795586732369369,0.8199173722497708,0.45,0.25,0.40727933661846843,0.25,0.40727933661846843,15.0,0.15,0.05,0.7451924806664517,0.7451924806664517,0.7957894146951884,198737.73877052707,2494095.900358367
2784845946,7.967031002044678,10,0.7237846821153467,0.8411963340894435,0.15,0.25,0.4343923410576734,0.25,0.4343923410576734,15.0,0.15,0.05,0.7752591268973363,0.7752591268973363,0.825856060926073,198762.10178065178,2494220.4266464747
2784845951,10.301997184753418,50,0.6312124765061669,0.9026057800087468,0.45,0.25,0.4331062382530834,0.25,0.4331062382530834,15.0,0.15,0.05,0.7994395547311952,0.7994395547311952,0.8500364887599319,198522.5383502043,2494069.5283194683
2784845970,11.004277229309082,10,0.6033698408563382,0.6679262436861811,0.15,0.25,0.3741849204281691,0.25,0.3741849204281691,15.0,0.15,0.05,0.6536719574781651,0.6536719574781651,0.7042688915069018,198659.0519324516,2494473.1307173846
2784845978,12.307312965393066,50,0.5517096099844112,0.7720633196663859,0.45,0.25,0.3933548049922056,0.25,0.3933548049922056,15.0,0.15,0.05,0.7151270764064639,0.7151270764064639,0.7657240104352006,198669.0346861746,2494449.2376487385
2784845982,7.377226829528809,50,0.7471680927752612,0.7667298199544808,0.45,0.25,0.4910840463876306,0.0875,0.14732521391628917,120.0,0.9,1.0,0.7395899487982717,0.84084171529254,1.0,198571.3503534628,2494154.2604701896
2784845984,10.487824440002441,50,0.6238451582948402,0.913409072616522,0.45,0.25,0.4294225791474201,0.25,0.4294225791474201,15.0,0.15,0.05,0.7973516210457767,0.7973516210457767,0.8479485550745134,198719.53783180774,2494102.4197399206
2784845998,9.620318412780762,50,0.6582383529003423,0.8607871486571876,0.45,0.25,0.44661917645017113,0.25,0.44661917645017113,15.0,0.15,0.05,0.8065517165495195,0.8065517165495195,0.8571486505782562,198056.47078225348,2493589.3104553884
2784846003,7.2494611740112305,50,0.7522334974136461,0.6964642376030957,0.45,0.25,0.49361674870682304,0.0875,0.1480850246120469,120.0,0.9,1.0,0.7249614879006886,0.826567832719644,1.0,198659.29080457753,2494487.413149463
2784846055,9.315926551818848,50,0.6703062903922842,0.8618166995132426,0.45,0.25,0.4526531451961421,0.0875,0.1357959435588426,120.0,0.9,1.0,0.7187818233058354,0.8146532636332955,1.0,198551.28473302937,2494146.551683126
2784870892,11.127921104431152,50,0.5984678485641681,0.8035296948558505,0.45,0.25,0.41673392428208406,0.25,0.41673392428208406,15.0,0.15,0.05,0.7533865252806718,0.7533865252806718,0.8039834593094085,198495.66685573175,2495392.131340783
2784870919,11.102011680603027,10,0.5994950550940075,0.6429609228422394,0.15,0.25,0.37224752754700374,0.25,0.37224752754700374,15.0,0.15,0.05,0.6449120165216649,0.6449120165216649,0.6955089505504015,198420.8859998227,2495500.714196789
2784870927,10.868842124938965,50,0.6087393089117199,0.507606956086547,0.45,0.25,0.42186965445585994,0.25,0.42186965445585994,15.0,0.15,0.05,0.6860822898142547,0.6860822898142547,0.7366792238429913,198561.31780236523,2495391.72964655
2784870934,8.525273323059082,50,0.701652574462832,0.7741239948861953,0.45,0.25,0.468326287231416,0.0875,0.1404978861694248,120.0,0.9,1.0,0.7150394919099914,0.8131051721223896,1.0,198687.88560226903,2495398.3907392975
2784870955,10.351234436035156,50,0.6292604135670813,0.8877308097385059,0.45,0.25,0.43213020678354064,0.25,0.43213020678354064,15.0,0.15,0.05,0.7944519712532294,0.7944519712532294,0.8450489052819661,198356.86487305403,2495420.5044546863
2784870973,10.095346450805664,10,0.6394053635697847,0.7983208717881132,0.15,0.25,0.39220268178489237,0.25,0.39220268178489237,15.0,0.15,0.05,0.7096937042673884,0.7096937042673884,0.7602906382961251,198420.17642574286,2495314.052878599
2784870978,10.644963264465332,10,0.6176152232854654,0.8983126490183315,0.15,0.25,0.3813076116427327,0.25,0.3813076116427327,15.0,0.15,0.05,0.7205280573901355,0.7205280573901355,0.7711249914188721,198498.12472090562,2495419.260834108
2784871064,11.13611125946045,50,0.5981431411996856,0.7780375469453638,0.45,0.25,0.4165715705998428,0.25,0.4165715705998428,15.0,0.15,0.05,0.7468024285161367,0.7468024285161367,0.7973993625448733,198357.83562812698,2495389.7164356033
2784871112,9.608325004577637,50,0.6587138442622114,0.844188668913572,0.45,0.25,0.44685692213110567,0.25,0.44685692213110567,15.0,0.15,0.05,0.8027111659988305,0.8027111659988305,0.8533081000275672,198437.00095211173,2495504.986559238
2784871136,10.968433380126953,50,0.6047909081937944,0.650291656804429,0.45,0.25,0.4198954540968972,0.25,0.4198954540968972,15.0,0.15,0.05,0.7191870045270737,0.7191870045270737,0.7697839385558104,198436.7176437223,2495325.344096249
2784871157,6.985602378845215,50,0.7626944586124772,0.8955065364463483,0.45,0.25,0.4988472293062386,0.0875,0.14965416879187157,120.0,0.9,1.0,0.7807894201068238,0.8831280322096973,1.0,198558.17064944655,2493560.3899051347
2784878466,14.777560234069824,50,0.45377404254241177,0.3474781344416422,0.45,0.25,0.3443870212712059,0.25,0.3443870212712059,15.0,0.15,0.05,0.5453226612629782,0.5453226612629782,0.5959195952917149,199282.2043497531,2494693.2077786005
2784878498,12.838143348693848,50,0.5306642776149662,0.39302073997584996,0.45,0.25,0.38283213880748307,0.25,0.38283213880748307,15.0,0.15,0.05,0.6066869654436905,0.6066869654436905,0.6572838994724272,199125.46457058412,2494802.326112263
2784878506,2.7815773487091064,50,0.9293674804137713,0.7460008348173577,0.45,0.25,0.5821837402068857,0.0875,0.1746551220620657,120.0,0.9,1.0,0.8400833473443267,0.9540890709732908,1.0,198915.97892063897,2494970.3375915075
2843245410,12.67943286895752,50,0.5369565225610745,0.7882807482954144,0.45,0.25,0.38597826128053725,0.25,0.38597826128053725,15.0,0.15,0.05,0.7095919267385521,0.7095919267385521,0.7601888607672888,196572.0037044618,2493017.016274427
2868134337,14.45779037475586,50,0.46645165705488,0.3967980167318226,0.45,0.4979905196789901,0.4461067976347439,0.17429668188764652,0.13383203929042317,120.0,0.9,1.0,0.5073736597987536,0.6345673790258864,1.0,196564.46959441894,2495041.648521426
2868134374,24.05615234375,10,0.0859144380214629,0.7932829054314243,0.15,0.25,0.11545721901073144,0.25,0.11545721901073144,15.0,0.15,0.05,0.348665111071807,0.348665111071807,0.39926204510054364,195277.45602462627,2494819.5104300925
2868296608,26.6343994140625,50,0.0,0.7132980759529306,0.45,0.42601602270174016,0.18519847026990005,0.42601602270174016,0.18519847026990005,15.0,0.15,0.05,0.3905674175825607,0.3905674175825607,0.44116435161129736,196085.49903694913,2493802.8436115906
2868296617,23.375051498413086,50,0.11291740190249477,0.554935349813649,0.45,0.38114264162231626,0.2243981784982921,0.38114264162231626,0.2243981784982921,15.0,0.15,0.05,0.41194657252390604,0.41194657252390604,0.4625435065526427,196058.07236792345,2493705.224916666
2868296646,21.8535213470459,50,0.17324007511977083,0.545638923278244,0.45,0.3674136120717785,0.24927911912595407,0.3674136120717785,0.24927911912595407,15.0,0.15,0.05,0.4450303183749815,0.4450303183749815,0.4956272524037182,195999.49375885312,2493737.208121479
2868296660,24.79860496520996,50,0.05647911804216734,0.47081705865445445,0.45,0.44799806817157783,0.22189266216399822,0.44799806817157783,0.22189266216399822,15.0,0.15,0.05,0.3727459256539209,0.3727459256539209,0.42334285968265756,196101.72978346463,2493849.297700879
2868303193,7.7708740234375,50,0.7315615331420429,0.8260170748472792,0.45,0.5140216812912377,0.5848275670676513,0.1799075884519332,0.17544827012029537,120.0,0.9,1.0,0.769934283654389,0.9186329616117211,1.0,196380.60832399956,2493743.597949559
2868303194,10.870681762695312,50,0.6086663745258225,0.9098084101793169,0.45,0.5592104982525182,0.5407603019754182,0.19572367438838137,0.16222809059262547,120.0,0.9,1.0,0.723808961530233,0.8722127685796188,1.0,196549.41398879082,2493747.7023372212
2868303197,7.833657264709473,50,0.7290724250929073,0.867950745108346,0.45,0.48374477795281084,0.5719380502206116,0.1693106722834838,0.1715814150661835,120.0,0.9,1.0,0.776155937548119,0.91911408571287,1.0,196468.01271494763,2493630.8981678397
2868303200,6.838988780975342,50,0.7685071098738187,0.8069150370689805,0.45,0.4992101533790959,0.5976036139288693,0.17472355368268355,0.1792810841786608,120.0,0.9,1.0,0.7852085972701143,0.9337704231594385,1.0,196547.02105674666,2493630.6463848967
2868304402,7.202197074890137,50,0.7541073326469662,0.7489250319898884,0.45,0.5095083480860347,0.5943645694334965,0.17832792183011215,0.17830937083004894,120.0,0.9,1.0,0.7633177494853356,0.9127648744572097,1.0,196617.15345743607,2493630.426067998
2880454742,5.843238353729248,10,0.8079846894503757,0.9630532852408983,0.15,0.25,0.47649234472518787,0.0875,0.14294770341755636,120.0,0.9,1.0,0.7612444411914425,0.8604533694529689,1.0,199417.43153420388,2494639.631888228
2880454744,5.285585403442383,10,0.8300934308766154,0.8926130941970372,0.15,0.25,0.4875467154383077,0.0875,0.1462640146314923,120.0,0.9,1.0,0.7564574634576963,0.8572140036190594,1.0,199435.9730852748,2494647.3936403035
2880454748,5.415243625640869,50,0.8249529934290996,0.5437893365004387,0.45,0.25,0.5299764967145497,0.0875,0.15899294901436492,120.0,0.9,1.0,0.7289700703139874,0.8356667798540245,1.0,199534.28552973515,2494666.907057579
2880454750,6.954457759857178,50,0.763929219995289,0.649349626353908,0.45,0.25,0.49946460999764447,0.0875,0.14983938299929334,120.0,0.9,1.0,0.7199663541857445,0.8223913995854149,1.0,199436.3986066464,2494621.770647837
2880459689,11.66011905670166,50,0.5773682974755023,0.0,0.45,0.25,0.40618414873775116,0.25,0.40618414873775116,15.0,0.15,0.05,0.5387893933590765,0.5387893933590765,0.5893863273878132,199643.9406117822,2494699.921080753
2880459696,17.055908203125,50,0.3634465259374564,0.2937551007874596,0.45,0.25,0.2992232629687282,0.25,0.2992232629687282,15.0,0.15,0.05,0.4731790170562116,0.4731790170562116,0.5237759510849482,199514.3756449556,2494720.2769247633
2880459700,26.223188400268555,50,0.0,0.0,0.45,0.25,0.11750000000000001,0.25,0.11750000000000001,15.0,0.15,0.05,0.1635,0.1635,0.21409693402873667,199781.4829705932,2494857.0279581724
2880459802,4.892655849456787,50,0.8456715389155425,0.054326545380057434,0.45,0.25,0.5403357694577713,0.0875,0.16210073083733137,120.0,0.9,1.0,0.6186211289160289,0.7267681366401171,1.0,199574.4004406269,2494673.726206749
2880459803,26.223188400268555,50,0.0,0.0,0.45,0.25,0.11750000000000001,0.25,0.11750000000000001,15.0,0.15,0.05,0.1635,0.1635,0.21409693402873667,199665.95059092535,2494898.3117868165
2880459806,14.119147300720215,50,0.47987752014013685,0.0,0.45,0.25,0.3574387600700684,0.25,0.3574387600700684,15.0,0.15,0.05,0.475420388091089,0.475420388091089,0.5260173221198257,199623.47853044822,2494717.157329578
2880459808,20.990829467773438,50,0.207442407734599,0.780408584638407,0.45,0.25,0.2212212038672995,0.25,0.2212212038672995,15.0,0.15,0.05,0.4934397111870911,0.4934397111870911,0.5440366452158278,199593.99436514272,2495035.50602162
2880459814,26.223188400268555,50,0.0,0.0,0.45,0.25,0.11750000000000001,0.25,0.11750000000000001,15.0,0.15,0.05,0.1635,0.1635,0.21409693402873667,199664.35362004553,2494677.010928294
2880459819,10.968979835510254,50,0.6047692433917627,0.15718607615433955,0.45,0.25,0.41988462169588137,0.25,0.41988462169588137,15.0,0.15,0.05,0.5958965272432307,0.5958965272432307,0.6464934612719674,199516.60412980337,2494889.5161937545
3082227644,8.595084190368652,10,0.6988848487414943,0.47983363922958777,0.15,0.25,0.42194242437074714,0.25,0.42194242437074714,15.0,0.15,0.05,0.6687335614893682,0.6687335614893682,0.7193304955181049,199468.0954363249,2494943.622856116
3084586665,8.207802772521973,50,0.7142390304452854,0.7995811322503659,0.45,0.25,0.4746195152226427,0.0875,0.14238585456679279,120.0,0.9,1.0,0.7287039207208569,0.827650652852027,1.0,198779.24772813526,2493960.4179575634
3084586705,7.064477920532227,50,0.7595673542815207,0.8079278872864964,0.45,0.25,0.4972836771407603,0.0875,0.1491851031422281,120.0,0.9,1.0,0.7570810373049061,0.8592007521046126,1.0,198602.04497639154,2493432.5972665683
3084586845,7.058598518371582,50,0.7598004494028568,0.93886184707298,0.45,0.25,0.4974002247014284,0.0875,0.1492200674104285,120.0,0.9,1.0,0.7899497224219019,0.892085753880102,1.0,198882.53900033922,2493999.3600753346
3084645101,10.164649963378906,50,0.6366577524639458,0.41276973974945563,0.45,0.25,0.4358288762319729,0.25,0.4358288762319729,15.0,0.15,0.05,0.6805199740389287,0.6805199740389287,0.7311169080676654,198166.63936412928,2493176.8208729313
3084645114,5.8278422355651855,50,0.8085950848500271,0.864423381904814,0.45,0.25,0.5217975424250135,0.0875,0.15653926272750404,120.0,0.9,1.0,0.7996409946892192,0.9051926506287212,1.0,195531.7268648165,2492663.2767936075
3084645119,6.026862144470215,50,0.800704729921587,0.9260970519522653,0.45,0.25,0.5178523649607936,0.0875,0.15535570948823807,120.0,0.9,1.0,0.8104830063425867,0.915482337437098,1.0,195584.0676002886,2492818.56050454
3085769133,8.011978149414062,10,0.7220027048864526,0.6026282013014148,0.15,0.25,0.4335013524432263,0.25,0.4335013524432263,15.0,0.15,0.05,0.714458808501548,0.714458808501548,0.7650557425302846,196071.37551863882,2496112.7015075814
3372801276,11.211538314819336,50,0.5951527557590375,0.9425133028155488,0.45,0.25,0.41507637787951873,0.25,0.41507637787951873,15.0,0.15,0.05,0.7859776169472615,0.7859776169472615,0.8365745509759982,199272.27042407042,2495872.0121597564
3379374435,10.843865394592285,50,0.6097295378213377,0.7927501061879287,0.45,0.25,0.4223647689106688,0.25,0.4223647689106688,15.0,0.15,0.05,0.7580117261308517,0.7580117261308517,0.8086086601595883,199158.14471170795,2495848.0007208786
3414036535,5.8278422355651855,50,0.8085950848500271,0.864423381904814,0.45,0.25,0.5217975424250135,0.0875,0.15653926272750404,120.0,0.9,1.0,0.7996409946892192,0.9051926506287212,1.0,195531.19542647112,2492652.557853973
3414036538,6.946976661682129,50,0.7642258160503289,0.9793675397258244,0.45,0.25,0.49961290802516445,0.0875,0.14988387240754933,120.0,0.9,1.0,0.8026428582406469,0.90508866536417,1.0,195484.33271725225,2492476.992593149
3635737703,5.84628963470459,50,0.807863718186675,0.9760675021928975,0.45,0.25,0.5214318590933376,0.0875,0.15642955772800127,120.0,0.9,1.0,0.8271278320964958,0.9326282923695631,1.0,196153.61514070147,2492753.7281153137
3635737709,8.987060546875,50,0.683344531225483,0.6019550022572684,0.45,0.25,0.4591722656127415,0.0875,0.13775167968382243,120.0,0.9,1.0,0.6613785786750972,0.7581626958608811,1.0,195629.63506790245,2492834.584108278
3653137211,21.128698348999023,50,0.20197645001990666,0.742526792067919,0.45,0.2584718523016975,0.22174662974137546,0.2584718523016975,0.22174662974137546,15.0,0.15,0.05,0.48276244193654305,0.48276244193654305,0.5333593759652797,195669.81352066319,2493925.8548338218
3679099081,8.527456283569336,10,0.701566028682988,0.5780843659517347,0.15,0.4987549337386789,0.5189579888563705,0.17456422680853761,0.15568739665691114,120.0,0.9,1.0,0.6264327319566668,0.763924991782587,1.0,196041.65459881513,2494319.000281124
3679099106,12.160787582397461,10,0.5575187638736968,0.6973236112173361,0.15,0.4802016897035258,0.4397984933612814,0.168070591396234,0.13193954800838442,120.0,0.9,1.0,0.5709682508157911,0.6949662595478289,1.0,196030.61378658895,2494520.8832941134
3687651958,21.91704559326172,50,0.17072158914536703,0.9063314707452494,0.45,0.25,0.20286079457268352,0.25,0.20286079457268352,15.0,0.15,0.05,0.501051900630801,0.501051900630801,0.5516488346595376,194979.4544707574,2496539.957050625
3687652014,21.91704559326172,50,0.17072158914536703,0.9063314707452494,0.45,0.25,0.20286079457268352,0.25,0.20286079457268352,15.0,0.15,0.05,0.501051900630801,0.501051900630801,0.5516488346595376,194991.8175991659,2496523.7833677474
3687652015,21.91704559326172,50,0.17072158914536703,0.9063314707452494,0.45,0.25,0.20286079457268352,0.25,0.20286079457268352,15.0,0.15,0.05,0.501051900630801,0.501051900630801,0.5516488346595376,194988.92748055304,2496542.074389844
3969348270,26.223188400268555,50,0.0,0.0,0.45,0.25,0.11750000000000001,0.25,0.11750000000000001,15.0,0.15,0.05,0.1635,0.1635,0.21409693402873667,194443.59943300777,2494545.628000464
4127126135,26.303346633911133,50,0.0,0.8937046197995332,0.45,0.25,0.11750000000000001,0.25,0.11750000000000001,15.0,0.15,0.05,0.3869261549498833,0.3869261549498833,0.43752308897861997,195053.27114190249,2496138.9921762305
4138689909,26.223188400268555,50,0.0,1.0,0.45,0.25,0.11750000000000001,0.25,0.11750000000000001,15.0,0.15,0.05,0.41350000000000003,0.41350000000000003,0.4640969340287367,194430.64686828066,2494293.995157556
4146327962,6.267298221588135,50,0.7911723871700513,0.9331211664822643,0.45,0.25,0.5130861935850257,0.0875,0.1539258580755077,120.0,0.9,1.0,0.8067102761791958,0.9110423432810995,1.0,197995.71446289704,2495311.0194230084
4397491510,18.731578826904297,50,0.2970127905512728,0.08880047788859302,0.45,0.6741431519356806,0.42913837678935973,0.2359501031774882,0.12874151303680792,120.0,0.9,1.0,0.3484954775182076,0.4962134600203564,1.0,196908.58330217795,2494729.546061078
4397491519,9.702853202819824,50,0.6549661737955712,0.8378262739738203,0.45,0.6250505608187868,0.589233302597319,0.21876769628657539,0.1767699907791957,120.0,0.9,1.0,0.7387955014941735,0.9025447367642404,1.0,197159.14831224096,2494672.2227184423
4397491532,19.68364906311035,50,0.259266958379004,0.12782766485926256,0.45,0.5987114136992833,0.38125325368922636,0.20954899479474914,0.1143759761067679,120.0,0.9,1.0,0.3293387375035713,0.4605466768009698,1.0,197176.55104125815,2494724.5288645215
4397491540,12.656847953796387,10,0.5378519254261973,0.9264516693295504,0.15,0.7092443561996575,0.5180584074052746,0.2482355246698801,0.1554175222215824,120.0,0.9,1.0,0.6381620856950888,0.8028920290377827,1.0,196869.37737516774,2494673.3917403235
4397491547,13.543642044067383,50,0.5026940351468877,0.6650690636370381,0.45,0.49296893495523897,0.4622966079408435,0.17253912723433362,0.13868898238225305,120.0,0.9,1.0,0.594994607163365,0.7238020938192643,1.0,197475.88450890273,2494621.3042390426
4848290286,11.622782707214355,50,0.5788485365671989,0.9202677900303696,0.45,0.25,0.40692426828359946,0.25,0.40692426828359946,15.0,0.15,0.05,0.7698184962762717,0.7698184962762717,0.8204154303050084,196829.72104445082,2495832.5695871445
4848290289,11.798514366149902,50,0.5718814689567585,0.8022236596241548,0.45,0.25,0.40344073447837925,0.25,0.40344073447837925,15.0,0.15,0.05,0.7357788697279317,0.7357788697279317,0.7863758037566684,196817.58366178017,2495750.243918893
4848290296,14.517147064208984,50,0.46409839827921734,0.9118543158836734,0.45,0.25,0.3495491991396087,0.25,0.3495491991396087,15.0,0.15,0.05,0.6931275378524097,0.6931275378524097,0.7437244718811463,196828.1782934331,2495619.830218303
4848290300,8.277199745178223,10,0.7114877140155389,0.7988125214211617,0.15,0.25,0.42824385700776946,0.25,0.42824385700776946,15.0,0.15,0.05,0.7566701444653908,0.7566701444653908,0.8072670784941275,196827.97159405175,2495554.06143402
4848290306,10.040736198425293,50,0.6415704448241352,0.8618046121131865,0.45,0.25,0.4382852224120676,0.25,0.4382852224120676,15.0,0.15,0.05,0.7959719421639845,0.7959719421639845,0.8465688761927211,196832.0012443331,2495730.052339733
4848304353,6.071219444274902,50,0.7989461378236817,0.9210851080751843,0.45,0.25,0.5169730689118408,0.0875,0.15509192067355224,120.0,0.9,1.0,0.8082100369565315,0.9130862666041892,1.0,196702.66065215383,2495573.0837472784
4848304358,8.018289566040039,50,0.7217524820944003,0.6206380220874705,0.45,0.25,0.47837624104720017,0.0875,0.14351287231416004,120.0,0.9,1.0,0.6883259451366197,0.7877986188832279,1.0,196647.72896641988,2495530.2755124867
4848304360,11.558456420898438,50,0.5813988202702391,0.6971772511602474,0.45,0.26990873467656373,0.4158566157799518,0.26990873467656373,0.4158566157799518,15.0,0.15,0.05,0.7212167340299965,0.7212167340299965,0.7718136680587332,196689.9137900055,2495491.7344369995
4848304365,8.2173490524292,50,0.7138605580747137,0.7567486553184656,0.45,0.2504812139469812,0.4746153613246573,0.08766842488144341,0.1423846083973972,120.0,0.9,1.0,0.7178210774264772,0.8168297858250367,1.0,196728.99392748013,2495530.089623293
4981907888,13.95845890045166,10,0.48624818183914886,0.678845052023979,0.15,0.25,0.31562409091957444,0.25,0.31562409091957444,15.0,0.15,0.05,0.5802725812014417,0.5802725812014417,0.6308695152301783,195600.3349570376,2494562.164969749
4981907891,13.374496459960938,50,0.5093999908501186,0.8418982973311593,0.45,0.25,0.37219999542505927,0.25,0.37219999542505927,15.0,0.15,0.05,0.7050845683853669,0.7050845683853669,0.7556815024141036,195571.77018800162,2494479.998524358
5070067545,1.0,50,1.0,0.9476773464766683,0.45,0.25,0.6175,0.0875,0.18525,120.0,0.9,1.0,0.9314693366191671,1.0,1.0,199083.43709532567,2492118.7142982595
5140366337,4.677032947540283,50,0.8542201370742989,0.7468370826366191,0.45,0.25,0.5446100685371494,0.0875,0.16338302056114481,120.0,0.9,1.0,0.796706950162248,0.9054523597574491,1.0,196343.1598586822,2496078.9607191007
5192594785,5.927718162536621,50,0.8046353980179541,0.8809387875941983,0.45,0.25,0.5198176990089771,0.0875,0.15594530970269313,120.0,0.9,1.0,0.8014732277489629,0.9067477056102198,1.0,197566.67399131745,2493087.8895110837
5192661986,9.003064155578613,50,0.6827100512204316,0.8454287241065004,0.45,0.25,0.4588550256102158,0.0875,0.13765650768306473,120.0,0.9,1.0,0.7218790107344755,0.8186187143199057,1.0,196705.18630873528,2496113.9150254102
5192662017,11.554572105407715,50,0.5815528180689742,0.9071560483824055,0.45,0.25,0.4082764090344871,0.25,0.4082764090344871,15.0,0.15,0.05,0.7682983438404346,0.7682983438404346,0.8188952778691713,196675.38410827535,2495889.984329253
5269888287,4.785551071166992,50,0.8499178212090472,0.9815612255183659,0.45,0.25,0.5424589106045237,0.0875,0.1627376731813571,120.0,0.9,1.0,0.8528926426808389,0.9613368901654722,1.0,195977.69672352314,2495252.5301641296
5269888956,16.332216262817383,10,0.3921380588564236,0.527405926650128,0.15,0.8104779943663858,0.48413748879989865,0.283667298028235,0.1452412466399696,120.0,0.9,1.0,0.463309122967206,0.6364505106668219,1.0,196670.27554077818,2494453.677372929
5269888957,13.337639808654785,50,0.5108612117997174,0.5154695833332539,0.45,0.8394565388879731,0.5996446593183099,0.29380978861079055,0.17989339779549296,120.0,0.9,1.0,0.5945816996044149,0.7876613019644148,1.0,196672.03861120046,2494350.494247417
5269888970,8.297800064086914,10,0.7106709925693132,0.6489217037826934,0.15,0.7468646882107461,0.6189372994426359,0.26140264087376114,0.18568118983279075,120.0,0.9,1.0,0.6725162380001061,0.8562598693894721,1.0,196685.58690567646,2494066.508099443
5269888994,12.013575553894043,50,0.5633551405508758,0.5648938893162261,0.45,0.5915106255166476,0.5305278108587639,0.20702871893082664,0.15915834325762915,120.0,0.9,1.0,0.6143062120697295,0.7654764869071206,1.0,196285.87205954082,2494611.2927860147
5269889012,11.57399845123291,10,0.5807826400281605,0.8023830845633554,0.15,0.25,0.36289132001408025,0.25,0.36289132001408025,15.0,0.15,0.05,0.6726044871591433,0.6726044871591433,0.72320142118788,199261.47849317407,2495808.2919057724
5269889123,10.984344482421875,50,0.6041600957032233,0.9073384739511999,0.45,0.25,0.4195800478516116,0.25,0.4195800478516116,15.0,0.15,0.05,0.7830386806948951,0.7830386806948951,0.8336356147236318,198956.44670838118,2495874.131753873
5271707993,9.383973121643066,50,0.6676085121120611,0.7043698740602583,0.45,0.25,0.45130425605603053,0.0875,0.13539127681680915,120.0,0.9,1.0,0.67785540554006,0.7735380013879043,1.0,196751.87070329895,2495859.0789346113
5271707996,8.618595123291016,10,0.6979527329221432,0.8223706257201182,0.15,0.25,0.4214763664610716,0.25,0.4214763664610716,15.0,0.15,0.05,0.7537619328294227,0.7537619328294227,0.8043588668581594,196677.57532296493,2495822.1175234765
5271707997,11.824027061462402,10,0.570869991148813,0.8999278904335118,0.15,0.25,0.3579349955744065,0.25,0.3579349955744065,15.0,0.15,0.05,0.6905474668551065,0.6905474668551065,0.7411444008838431,196783.36387549818,2495892.8510359325
5274731030,15.20422649383545,10,0.43685840709637586,0.12678380938775669,0.15,0.25,0.29092920354818796,0.25,0.29092920354818796,15.0,0.15,0.05,0.41015391695958353,0.41015391695958353,0.4607508509883202,194548.81318474852,2495690.0725362333
5374861327,9.311599731445312,50,0.6704778317654394,0.5864670136521343,0.45,0.25,0.4527389158827197,0.0875,0.1358216747648159,120.0,0.9,1.0,0.6500438958369884,0.7459273440605692,1.0,196677.97230471345,2495630.0224850792
5435020958,12.136302947998047,50,0.5584894831186578,0.8857596814114193,0.45,0.3256046527277566,0.42582345414692757,0.3256046527277566,0.42582345414692757,15.0,0.15,0.05,0.7688947574430535,0.7688947574430535,0.8194916914717901,197802.9829628598,2494619.73406996
5435723099,8.725150108337402,50,0.6937282477636669,0.7361206130843745,0.45,0.25,0.46436412388183346,0.0875,0.13930923716455004,120.0,0.9,1.0,0.7009425369740203,0.7984535143174771,1.0,198568.45456438517,2493322.295172409
5435723358,4.607723712921143,50,0.8569679750367035,0.9799882602020994,0.45,0.25,0.5459839875183518,0.0875,0.1637951962555055,120.0,0.9,1.0,0.8565884905718129,0.9655262488243822,1.0,197433.98325298855,2492764.7861719783
5435723365,7.1571245193481445,50,0.7558942818155936,0.6259220278299155,0.45,0.25,0.4954471409077968,0.0875,0.14863414227233904,120.0,0.9,1.0,0.7094491904105231,0.8113117901376148,1.0,197704.31304196228,2493120.8069280153
5435723371,5.71169376373291,50,0.8131999139457428,0.8781289796632236,0.45,0.25,0.5240999569728714,0.0875,0.1572299870918614,120.0,0.9,1.0,0.8057381950043366,0.9116121889805388,1.0,197698.6719103054,2493095.768346692
5435723374,4.607723712921143,50,0.8569679750367035,0.9799882602020994,0.45,0.25,0.5459839875183518,0.0875,0.1637951962555055,120.0,0.9,1.0,0.8565884905718129,0.9655262488243822,1.0,197433.00299176679,2492750.0305253607
5435820744,8.988492012023926,50,0.683287779274611,0.9368239102314811,0.45,0.25,0.4591438896373055,0.0875,0.13774316689119165,120.0,0.9,1.0,0.7450628895371446,0.8418430340863675,1.0,198702.8479707521,2493425.8111393447
5435820782,9.404885292053223,50,0.6667794269830005,0.9194664812343472,0.45,0.25,0.45088971349150025,0.0875,0.13526691404745006,120.0,0.9,1.0,0.731148687958727,0.8267732478475371,1.0,198498.63186997612,2494056.5746533335
5435820799,4.245919704437256,50,0.8713120778813714,0.8503102575727204,0.45,0.25,0.5531560389406858,0.0875,0.16594681168220574,120.0,0.9,1.0,0.8324885695643754,0.9424304150160716,1.0,198798.949318084,2494520.1547062485
5435820809,7.75553560256958,50,0.7321696410713225,0.7060943431349194,0.45,0.25,0.48358482053566126,0.0875,0.14507544616069837,120.0,0.9,1.0,0.7157319776050969,0.8159338524800895,1.0,198828.82443152816,2494519.8462819783
5435820812,5.063467502593994,60,0.8388995301422428,0.9578510035546016,0.55,0.25,0.5519497650711214,0.0875,0.1655849295213364,120.0,0.9,1.0,0.8614744783711512,0.9712474454811083,1.0,198933.67329751834,2493702.2536442187
5435914326,8.776363372802734,50,0.6916978436905329,0.6918782494126048,0.45,0.25,0.46334892184526644,0.0875,0.13900467655357993,120.0,0.9,1.0,0.6887043116936602,0.7860731607519975,1.0,197328.52262330742,2492953.2495151623
5435914331,5.422214508056641,50,0.8246766254178415,0.7617247065312776,0.45,0.25,0.5298383127089208,0.0875,0.15895149381267623,120.0,0.9,1.0,0.7832936193751674,0.8899709831544164,1.0,197079.14307077846,2492829.651798964
5435914335,4.122446060180664,50,0.8762073211907097,0.8275510541261855,0.45,0.25,0.5556036605953548,0.0875,0.16668109817860643,120.0,0.9,1.0,0.829638009822158,0.9399225223055077,1.0,196800.2041668478,2492714.4545332813
5435914337,4.596061706542969,50,0.8574303276224714,0.8639016806588058,0.45,0.25,0.5462151638112357,0.0875,0.1638645491433707,120.0,0.9,1.0,0.8278350101857348,0.9368051331193079,1.0,197272.69399086776,2492915.9313198067
5435914340,8.538269996643066,50,0.7011373075830967,0.7360831111508673,0.45,0.25,0.46806865379154833,0.0875,0.1404205961374645,120.0,0.9,1.0,0.7052304161859129,0.8032600277167298,1.0,197164.9375309589,2492869.992674347
5435914354,5.558578968048096,50,0.8192703120752347,0.8966699427414853,0.45,0.25,0.5271351560376174,0.0875,0.15814054681128523,120.0,0.9,1.0,0.8138942666890074,0.920193188534274,1.0,197823.26781411597,2493211.718048341
5435914359,6.791119575500488,50,0.7704049351889696,0.6571598033439614,0.45,0.25,0.5027024675944848,0.0875,0.15081074027834543,120.0,0.9,1.0,0.7256748132455927,0.8285531587088206,1.0,197821.82032261457,2493221.3784370106
5435914370,7.329599380493164,50,0.749056333400508,0.5273483267319122,0.45,0.25,0.492028166700254,0.0875,0.1476084500100762,120.0,0.9,1.0,0.6808397550552726,0.7822236983933083,1.0,198159.75771374325,2493256.416478438
5435914382,9.134742736816406,50,0.6774895145004827,0.23927983508876394,0.45,0.25,0.45624475725024133,0.0875,0.1368734271750724,120.0,0.9,1.0,0.5673138771824708,0.6636881431975048,1.0,198305.86045619065,2493403.3479365916
5435914387,10.394556045532227,50,0.6275428825075817,0.6372662077491726,0.45,0.25,0.43127144125379085,0.25,0.43127144125379085,15.0,0.15,0.05,0.7307194255672214,0.7307194255672214,0.781316359595958,198151.01565815072,2493373.423568041
5435914390,5.947383880615234,50,0.8038557298108054,0.7793448457514243,0.45,0.25,0.5194278649054027,0.0875,0.1558283594716208,120.0,0.9,1.0,0.7756225347281233,0.8808424358148798,1.0,197950.29859454185,2493236.787905292
5435914393,4.680571556091309,50,0.8540798451930796,0.8882818712077273,0.45,0.25,0.5445399225965397,0.0875,0.16336197677896191,120.0,0.9,1.0,0.8319867780139178,0.9407223671774335,1.0,198312.2589711934,2493269.184866864
5435914402,10.849963188171387,50,0.6094877843410743,0.7442312823630004,0.45,0.25,0.42224389217053715,0.25,0.42224389217053715,15.0,0.15,0.05,0.7457248804124484,0.7457248804124484,0.7963218144411851,197947.13583143312,2493256.1138995094
5435914417,8.406972885131836,50,0.7063427205319938,0.6730512297868632,0.45,0.25,0.4706713602659969,0.0875,0.14120140807979906,120.0,0.9,1.0,0.6924915853552721,0.7908855757925117,1.0,197894.31971840916,2493255.100994222
5435914522,8.406972885131836,50,0.7063427205319938,0.6730512297868632,0.45,0.25,0.4706713602659969,0.0875,0.14120140807979906,120.0,0.9,1.0,0.6924915853552721,0.7908855757925117,1.0,197916.17205098533,2493275.575955371
5619242023,16.54704475402832,50,0.3836209559508825,0.6827666861908774,0.45,0.25,0.30931047797544126,0.25,0.30931047797544126,15.0,0.15,0.05,0.583545292915793,0.583545292915793,0.6341422269445297,199282.52644644608,2496547.1275809635
5624710429,5.850341320037842,50,0.8077030848333908,0.7876722299541318,0.45,0.4715238712738028,0.6065530313681581,0.16503335494583096,0.1819659094104474,120.0,0.9,1.0,0.8005546070181536,0.9467701346752901,1.0,197520.85948591115,2494048.8621878223
5827543926,12.363593101501465,50,0.5494783244222814,0.7813248667811163,0.45,0.25,0.3922391622111407,0.25,0.3922391622111407,15.0,0.15,0.05,0.715992127569762,0.715992127569762,0.7665890615984987,199280.78366713884,2495934.5134758544
5827543955,16.22293472290039,10,0.3964706411684928,0.6943452233932722,0.15,0.25,0.27073532058424643,0.25,0.27073532058424643,15.0,0.15,0.05,0.5257922226078384,0.5257922226078384,0.5763891566365751,199264.5236930361,2496359.1434878064
5827543963,15.065231323242188,50,0.4423690177450987,0.8907266015113684,0.45,0.25,0.33868450887254936,0.25,0.33868450887254936,15.0,0.15,0.05,0.6737215119121562,0.6737215119121562,0.7243184459408929,199229.5271220068,2496334.3250257103
5827543980,9.367053985595703,50,0.6682792891676368,0.6174104478622515,0.45,0.25,0.4516396445838184,0.0875,0.1354918933751455,120.0,0.9,1.0,0.6565045996827922,0.7522341499245269,1.0,199142.4755803616,2495540.5646539973
5827544489,15.104866027832031,50,0.4407976579328149,0.866961986247352,0.45,0.25,0.33789882896640744,0.25,0.33789882896640744,15.0,0.15,0.05,0.6667589742181678,0.6667589742181678,0.7173559082469044,199407.93864615366,2496135.0466325195
5827544491,8.183996200561523,50,0.7151828671872017,0.8399649451093759,0.45,0.25,0.47509143359360084,0.0875,0.14252743007808025,120.0,0.9,1.0,0.7393472992459209,0.838360099949025,1.0,199445.39709530072,2495956.340512246
5827544497,14.584793090820312,50,0.4614164999585987,0.5347752353919837,0.45,0.25,0.34820824997929933,0.25,0.34820824997929933,15.0,0.15,0.05,0.5971145338210851,0.5971145338210851,0.6477114678498218,199491.51443095837,2496060.1357877436
5827544502,15.523019790649414,50,0.4242195094378003,0.4063451078119794,0.45,0.25,0.32960975471890014,0.25,0.32960975471890014,15.0,0.15,0.05,0.540828958087565,0.540828958087565,0.5914258921163017,199406.24578500265,2496248.9550228952
5827544503,21.92240333557129,10,0.17050917578094427,0.4481050008363432,0.15,0.25,0.15775458789047211,0.25,0.15775458789047211,15.0,0.15,0.05,0.31735721446669957,0.31735721446669957,0.36795414849543623,199300.87557476608,2496250.24219062
5827544504,16.870182037353516,50,0.3708098363494544,0.5884492995792727,0.45,0.25,0.3029049181747272,0.25,0.3029049181747272,15.0,0.15,0.05,0.5516387185219636,0.5516387185219636,0.6022356525507002,199494.59277310688,2496247.9573730426
5827544505,20.725391387939453,50,0.2179659813455846,0.9273002131578431,0.45,0.25,0.22648299067279232,0.25,0.22648299067279232,15.0,0.15,0.05,0.5370029411640908,0.5370029411640908,0.5875998751928274,199590.94037755643,2496247.0143014495
5827544562,26.223188400268555,50,0.0,0.0,0.45,0.25,0.11750000000000001,0.25,0.11750000000000001,15.0,0.15,0.05,0.1635,0.1635,0.21409693402873667,199709.40873202326,2495984.1835133783
5832653044,26.223188400268555,50,0.0,0.0,0.45,0.25,0.11750000000000001,0.25,0.11750000000000001,15.0,0.15,0.05,0.1635,0.1635,0.21409693402873667,196706.964407938,2496787.704082186
5832653080,26.223188400268555,50,0.0,0.0,0.45,0.25,0.11750000000000001,0.25,0.11750000000000001,15.0,0.15,0.05,0.1635,0.1635,0.21409693402873667,197407.8695672446,2496785.799608011
5832657502,10.842843055725098,50,0.6097700695277565,0.8923588296573969,0.45,0.25,0.42238503476387823,0.25,0.42238503476387823,15.0,0.15,0.05,0.782940252607391,0.782940252607391,0.8335371866361276,197354.88181727217,2496414.054840209
5832657515,13.15638256072998,50,0.5180473472338434,0.8684231669541258,0.45,0.25,0.3765236736169217,0.25,0.3765236736169217,15.0,0.15,0.05,0.7173365674405296,0.7173365674405296,0.7679335014692663,197338.99875816947,2496397.4980137562
5832657517,14.422889709472656,80,0.4678353308684107,0.5437134743564973,0.95,0.25,0.42641766543420534,0.25,0.42641766543420534,15.0,0.15,0.05,0.7185213336535914,0.7185213336535914,0.769118267682328,197409.11636252503,2496346.515064062
5832657531,13.160735130310059,10,0.5178747850061421,0.8346047434486292,0.15,0.25,0.3314373925030711,0.25,0.3314373925030711,15.0,0.15,0.05,0.6397697961161498,0.6397697961161498,0.6903667301448865,197409.5626615403,2496462.156976887
5832657742,10.500375747680664,10,0.6233475484178078,0.9586875434264284,0.15,0.25,0.3841737742089039,0.25,0.3841737742089039,15.0,0.15,0.05,0.7393477923281823,0.7393477923281823,0.7899447263569189,197408.41363644443,2496150.973511915
5832657762,8.833083152770996,50,0.6894491279822659,0.7712363936881933,0.45,0.25,0.46222456399113293,0.0875,0.13866736919733988,120.0,0.9,1.0,0.7072395926517625,0.8044510316105211,1.0,196650.0595701661,2495889.6532011004
5832657777,6.573251247406006,50,0.7790425556450798,0.9094159928557028,0.45,0.25,0.5070212778225399,0.0875,0.15210638334676196,120.0,0.9,1.0,0.793748680488072,0.8972316593832277,1.0,196716.5511268453,2495958.4579505255
5832657778,11.565642356872559,50,0.5811139262330505,0.8366720583941105,0.45,0.25,0.40805696311652523,0.25,0.40805696311652523,15.0,0.15,0.05,0.7503920666500105,0.7503920666500105,0.8009890006787471,196715.95091743564,2495890.524365625
5832657781,9.003064155578613,50,0.6827100512204316,0.8454287241065004,0.45,0.25,0.4588550256102158,0.0875,0.13765650768306473,120.0,0.9,1.0,0.7218790107344755,0.8186187143199057,1.0,196704.98157189,2496129.614138063
5832657889,10.47584342956543,50,0.6243201581341501,0.8993479217205668,0.45,0.25,0.42966007906707504,0.25,0.42966007906707504,15.0,0.15,0.05,0.7941450832173393,0.7941450832173393,0.844742017246076,196651.98487870442,2496185.1946623647
5832657901,16.689090728759766,10,0.3779893929431728,0.5448439681155843,0.15,0.25,0.2614946964715864,0.25,0.2614946964715864,15.0,0.15,0.05,0.4764040974419584,0.4764040974419584,0.527001031470695,196749.17081273394,2496191.1005196455
5832657907,9.671822547912598,50,0.6561964169517812,0.8725006737473877,0.45,0.25,0.4455982084758906,0.25,0.4455982084758906,15.0,0.15,0.05,0.8081528394555049,0.8081528394555049,0.8587497734842415,196707.0369102576,2496227.423882451
5832657910,9.671822547912598,50,0.6561964169517812,0.8725006737473877,0.45,0.25,0.4455982084758906,0.25,0.4455982084758906,15.0,0.15,0.05,0.8081528394555049,0.8081528394555049,0.8587497734842415,196689.85133168858,2496228.3729465255
5832657915,9.414666175842285,50,0.6663916534932319,0.9306880705991898,0.45,0.25,0.45069582674661596,0.0875,0.13520874802398478,120.0,0.9,1.0,0.733729176675872,0.8293265924203983,1.0,196651.3318374878,2496191.2262259
5832657926,14.452922821044922,50,0.4666446363735012,0.7499209193175821,0.45,0.25,0.3508223181867506,0.25,0.3508223181867506,15.0,0.15,0.05,0.6542992434721713,0.6542992434721713,0.7048961775009079,196750.87726609665,2496399.503065591
5832657946,14.31284236907959,10,0.4721982741508664,0.6483376940158835,0.15,0.25,0.30859913707543324,0.25,0.30859913707543324,15.0,0.15,0.05,0.5635133017020342,0.5635133017020342,0.6141102357307708,196692.86807050562,2496464.493208582
5832657962,12.787524223327637,50,0.532671126414687,0.5539369830192771,0.45,0.25,0.38383556320734347,0.25,0.38383556320734347,15.0,0.15,0.05,0.6482204779243659,0.6482204779243659,0.6988174119531025,197859.00343600602,2496621.0956693506
5834215792,26.223188400268555,50,0.0,0.0,0.45,0.25,0.11750000000000001,0.25,0.11750000000000001,15.0,0.15,0.05,0.1635,0.1635,0.21409693402873667,196310.36190063885,2496799.13565208
5834215800,26.223188400268555,50,0.0,0.0,0.45,0.25,0.11750000000000001,0.25,0.11750000000000001,15.0,0.15,0.05,0.1635,0.1635,0.21409693402873667,196375.32514632883,2496803.2375968676
5834798803,10.194367408752441,50,0.6354795728895817,0.7448720576121248,0.45,0.25,0.43523978644479083,0.25,0.43523978644479083,15.0,0.15,0.05,0.7627797367812593,0.7627797367812593,0.813376670809996,196677.8082945599,2495709.831132387
5834798806,14.23928451538086,50,0.4751145531133606,0.8821064375919191,0.45,0.25,0.3550572765566803,0.25,0.3550572765566803,15.0,0.15,0.05,0.6928510689216641,0.6928510689216641,0.7434480029504008,196204.1848325819,2495708.8723211447
5834799144,8.598645210266113,50,0.6987436683387256,0.9407502708817346,0.45,0.25,0.4668718341693628,0.0875,0.14006155025080883,120.0,0.9,1.0,0.7550088953568944,0.8528709521406053,1.0,197389.6209957506,2495584.3852003166
5834799157,10.298141479492188,10,0.6313653400220731,0.8763024709983458,0.15,0.25,0.38818267001103657,0.25,0.38818267001103657,15.0,0.15,0.05,0.7239630887639341,0.7239630887639341,0.7745600227926708,197386.57251014444,2495495.4960461375
5834799167,8.864448547363281,50,0.6882056137169579,0.6901491074968964,0.45,0.25,0.46160280685847893,0.0875,0.13848084205754368,120.0,0.9,1.0,0.6862465328300595,0.7833709257902467,1.0,196570.7068008596,2495864.0647081593
5834799172,8.23114013671875,10,0.7133137959417629,0.6381319707583144,0.15,0.25,0.42915689797088147,0.25,0.42915689797088147,15.0,0.15,0.05,0.7176869600517246,0.7176869600517246,0.7682838940804613,196577.20033582184,2495796.146085352
5834799173,17.202186584472656,10,0.3576471646899268,0.3830331621039076,0.15,0.25,0.25132358234496344,0.25,0.25132358234496344,15.0,0.15,0.05,0.42272894757442936,0.42272894757442936,0.473325881603166,196577.2435851926,2495710.7755276156
5834799299,7.7806267738342285,50,0.7311748750303894,0.8865457200304478,0.45,0.30569195476639593,0.5045074201176547,0.10699218416823857,0.1513522260352964,120.0,0.9,1.0,0.765451493315033,0.8758224862511362,1.0,196689.70637434203,2495425.4335639593
5836885680,8.003666877746582,50,0.7223322140482441,0.7411905740976219,0.45,0.25,0.47866610702412205,0.0875,0.14359983210723662,120.0,0.9,1.0,0.718800327672387,0.8183135826557641,1.0,198770.83364547644,2495410.57446706
5836885684,9.47156810760498,50,0.6641357161842877,0.9111289824764646,0.45,0.25,0.44956785809214383,0.25,0.44956785809214383,15.0,0.15,0.05,0.8229704611389033,0.8229704611389033,0.8735673951676399,198778.72397628106,2495398.1498910775
5836889190,8.631956100463867,50,0.6974230228410533,0.4616245313092747,0.45,0.25,0.46621151142052664,0.0875,0.139863453426158,120.0,0.9,1.0,0.6344614860751295,0.7322310976740034,1.0,198821.77742960874,2495363.754837237
5836889226,7.636289596557617,50,0.736897275187979,0.7688735573080087,0.45,0.25,0.4859486375939895,0.0875,0.14578459127819685,120.0,0.9,1.0,0.73416880893603,0.8347016181991886,1.0,198868.54305895616,2495863.7403715886
5948648297,2.2586448192596436,50,0.9500996940083022,0.8181549840236518,0.45,0.25,0.5925498470041511,0.0875,0.17776495410124535,120.0,0.9,1.0,0.8701465685307282,0.9856035471113095,1.0,198832.74221511168,2492279.547340278
6020564486,6.281864166259766,50,0.7905949048771514,0.7241040685568723,0.45,0.25,0.5127974524385757,0.0875,0.15383923573157268,120.0,0.9,1.0,0.7541210619679658,0.8584127053093665,1.0,195736.8047184387,2493504.727669239
6020564487,7.142744064331055,50,0.7564644101748195,0.6396971102578779,0.45,0.25,0.4957322050874097,0.0875,0.1487196615262229,120.0,0.9,1.0,0.7132236354658648,0.8151261441781021,1.0,195740.17803602823,2493487.3363940334
6020564502,9.017950057983398,10,0.6821198838645621,0.7299323410761991,0.15,0.25,0.41355994193228107,0.25,0.41355994193228107,15.0,0.15,0.05,0.7203610097810152,0.7203610097810152,0.7709579438097519,195643.3944122205,2493562.496097184
6020564510,10.571395874023438,50,0.6205318803422358,0.19780670192213978,0.45,0.25,0.4277659401711179,0.25,0.4277659401711179,15.0,0.15,0.05,0.6162973977029883,0.6162973977029883,0.666894331731725,195204.12463375827,2493774.449353172
6020564517,7.58514928817749,50,0.7389247868398994,0.6653003931099054,0.45,0.25,0.4869623934199497,0.0875,0.1460887180259849,120.0,0.9,1.0,0.709451474644618,0.810126209723411,1.0,195204.84672632976,2493818.140040497
6020564521,12.16257381439209,50,0.5574479468157467,0.3494064919685306,0.45,0.25,0.39622397340787335,0.25,0.39622397340787335,15.0,0.15,0.05,0.613192788422368,0.613192788422368,0.6637897224511047,195285.03076798702,2493820.573982638
6020564527,4.928402900695801,50,0.8442543092349906,0.8813423565576076,0.45,0.25,0.5396271546174953,0.0875,0.1618881463852486,120.0,0.9,1.0,0.8245530884956963,0.9326008901421458,1.0,195298.4797870436,2493775.394255962
6020564532,7.141552925109863,50,0.7565116341499287,0.8501133426205254,0.45,0.25,0.49575581707496436,0.0875,0.1487267451224893,120.0,0.9,1.0,0.76585508346209,0.867760897852585,1.0,194713.42152976035,2494143.626423011
6020564541,10.470098495483398,50,0.6245479221261905,0.8283024398142842,0.45,0.25,0.42977396106309523,0.25,0.42977396106309523,15.0,0.15,0.05,0.7765317593355949,0.7765317593355949,0.8271286933643316,194785.24017192255,2494153.184614227
6020564549,8.762503623962402,50,0.692247328102273,0.7561951859056433,0.45,0.25,0.4636236640511365,0.0875,0.13908709921534093,120.0,0.9,1.0,0.7051022467757291,0.8025095597428883,1.0,194809.8788928127,2494080.9470598027
6020564601,0.0,50,1.0,0.0,0.45,0.25,0.6175,0.0875,0.18525,120.0,0.9,1.0,0.69455,0.8135000000000001,1.0,194492.43846208282,2494529.028169028
6033481320,12.797530174255371,10,0.5322744298999978,0.8627728200099827,0.15,0.2662332464703286,0.3448807712847407,0.2662332464703286,0.3448807712847407,15.0,0.15,0.05,0.6606669449985084,0.6606669449985084,0.7112638790272451,197886.46799430315,2494719.178174506
6033481323,8.371464729309082,50,0.7077504789509245,0.7628071367824495,0.45,0.30648599206027966,0.4931006210371083,0.10727009722109787,0.14793018631113247,120.0,0.9,1.0,0.7210046043250669,0.8298818702380983,1.0,197824.77277804643,2494669.571330752
6033481329,11.481193542480469,50,0.5844619888590741,0.9938148258351083,0.45,0.3853321375182719,0.4617818165519493,0.13486624813139514,0.1385345449655848,120.0,0.9,1.0,0.7145879589506638,0.8293305911453122,1.0,197670.1847147874,2494670.472803078
6033481369,11.506600379943848,50,0.5834547078975955,0.7539842407005218,0.45,0.3942583910021441,0.4647113504880839,0.13799043685075044,0.13941340514642517,120.0,0.9,1.0,0.6548769179182431,0.7711900978168535,1.0,197670.6255888373,2494619.6108578066
6033482390,12.794825553894043,50,0.5323816574367553,0.8875658894428695,0.45,0.5145456223576574,0.4854391450097843,0.18009096782518008,0.14563174350293528,120.0,0.9,1.0,0.6698459262165558,0.8046983374244211,1.0,197417.37776782876,2494653.1920861625
6033482414,8.542159080505371,50,0.7009831207372234,0.8041093178739221,0.45,0.5356046284144528,0.5778394943741705,0.18746161994505847,0.17335184831225114,120.0,0.9,1.0,0.7487307395254152,0.899256870431678,1.0,197448.6482006504,2494424.589711457
6033482425,14.917438507080078,50,0.448228420363704,0.6690044779168207,0.45,0.25,0.341614210181852,0.25,0.341614210181852,15.0,0.15,0.05,0.6220995927156129,0.6220995927156129,0.6726965267443495,198662.78481977014,2494662.9686663947
6033482430,10.735904693603516,10,0.6140097540761399,0.8877852626413224,0.15,0.25,0.37950487703806995,0.25,0.37950487703806995,15.0,0.15,0.05,0.7155526558098216,0.7155526558098216,0.7661495898385583,198513.7697223167,2494669.1834938917
6033482469,8.064878463745117,50,0.7199054159358419,0.7905237358391459,0.45,0.36928744474973385,0.5233324944101263,0.12925060566240684,0.1569997483230379,120.0,0.9,1.0,0.7408289835215884,0.8621029005564715,1.0,197429.74844278942,2495067.5344404047
6033482475,5.229329586029053,80,0.8323237522983405,0.870393198594028,0.95,0.40360642198855845,0.6677412692216926,0.14126224769599544,0.2003223807665078,120.0,0.9,1.0,0.9336932891050951,1.0,1.0,197402.53291192104,2495006.7980575096
6033496395,6.760307312011719,80,0.7716265199862525,0.4798646802451163,0.95,0.4750659100750146,0.6648770715604395,0.1662730685262551,0.19946312146813186,120.0,0.9,1.0,0.8075079940525954,0.9623493523808088,1.0,197382.83624566457,2494836.9245860013
6052448230,5.843238353729248,10,0.8079846894503757,0.9630532852408983,0.15,0.25,0.47649234472518787,0.0875,0.14294770341755636,120.0,0.9,1.0,0.7612444411914425,0.8604533694529689,1.0,199398.22485628747,2494658.9276565686
6052448234,5.843238353729248,10,0.8079846894503757,0.9630532852408983,0.15,0.25,0.47649234472518787,0.0875,0.14294770341755636,120.0,0.9,1.0,0.7612444411914425,0.8604533694529689,1.0,199390.9759220765,2494642.0779857934
6055901726,26.223188400268555,50,0.0,0.0,0.45,0.25,0.11750000000000001,0.25,0.11750000000000001,15.0,0.15,0.05,0.1635,0.1635,0.21409693402873667,199266.01143321674,2496684.7688481538
6056271409,15.445099830627441,50,0.427308728722272,0.5596408530662325,0.45,0.25,0.331154364361136,0.25,0.331154364361136,15.0,0.15,0.05,0.581160886936035,0.581160886936035,0.6317578209647716,197889.56272851513,2496602.3830879005
6155402638,11.067286491394043,50,0.6008717719728544,0.3214793051313707,0.45,0.25,0.41793588598642717,0.25,0.41793588598642717,15.0,0.15,0.05,0.6344364780651981,0.6344364780651981,0.6850334120939348,197887.93688391795,2495526.9260966247
6155402664,6.994325637817383,50,0.7623486157779498,0.8210049044804535,0.45,0.25,0.4986743078889749,0.0875,0.14960229236669245,120.0,0.9,1.0,0.7619634232713242,0.8642778263757808,1.0,199006.5455288738,2495736.4525621384
6203900689,7.400401592254639,50,0.7462493047791494,0.697935848758636,0.45,0.3007641207321613,0.5101493142096367,0.10526744225625645,0.153044794262891,120.0,0.9,1.0,0.7265835271220207,0.8371037668065509,1.0,196159.50809468038,2493417.8373401174
6261187076,11.006094932556152,50,0.6032977760872763,0.8462604182898432,0.45,0.25,0.41914888804363815,0.25,0.41914888804363815,15.0,0.15,0.05,0.7672086590291904,0.7672086590291904,0.8178055930579271,198670.4642777358,2495862.327300733
6261187081,14.079059600830078,10,0.48146683943054464,0.6681301559794341,0.15,0.25,0.31323341971527235,0.25,0.31323341971527235,15.0,0.15,0.05,0.5744859846247127,0.5744859846247127,0.6250829186534493,198696.55516017007,2495890.2012685672
6267508958,12.044676780700684,50,0.5621220994970212,0.7350597828025336,0.45,0.25,0.3985610497485106,0.25,0.3985610497485106,15.0,0.15,0.05,0.7126443103736972,0.7126443103736972,0.7632412444024339,198428.21639288787,2494312.9964417256
6316672407,7.1571245193481445,50,0.7558942818155936,0.6259220278299155,0.45,0.25,0.4954471409077968,0.0875,0.14863414227233904,120.0,0.9,1.0,0.7094491904105231,0.8113117901376148,1.0,197688.56005775952,2493108.3700783723
6316672424,8.980175018310547,50,0.6836175152929682,0.7941502896303172,0.45,0.25,0.4593087576464841,0.0875,0.13779262729394523,120.0,0.9,1.0,0.7095857312775008,0.8063889573480088,1.0,198100.0554694559,2493356.2464844785
6317315212,26.223188400268555,50,0.0,1.0,0.45,0.25,0.11750000000000001,0.25,0.11750000000000001,15.0,0.15,0.05,0.41350000000000003,0.41350000000000003,0.4640969340287367,198441.64596447063,2496724.060092308
6410193821,9.341609954833984,50,0.6692880446967929,0.7376992704455392,0.45,0.3333159580140957,0.4841886215845871,0.11666058530493348,0.14525658647537612,120.0,0.9,1.0,0.6949166765506829,0.8060341581143575,1.0,195786.8184722137,2494653.9178806185
6410193851,11.534531593322754,50,0.5823473453811814,0.9170348992564079,0.45,0.5739864914948258,0.5332838617270621,0.20089527202318902,0.15998515851811862,120.0,0.9,1.0,0.7117258508820132,0.8610038354181293,1.0,196288.2616789015,2494675.9324098765
6410193855,13.225707054138184,50,0.5152989043205968,0.5838601405323567,0.45,0.6075579547111088,0.5126717424338018,0.2126452841488881,0.15380152273014053,120.0,0.9,1.0,0.5926687938852231,0.7434253719383995,1.0,196366.1616879457,2494676.1331626796
6410193883,12.069031715393066,10,0.561156522334218,0.8470027205471305,0.15,0.44516566595219076,0.4281419788410285,0.44516566595219076,0.4281419788410285,15.0,0.15,0.05,0.7250482963792464,0.7250482963792464,0.775645230407983,195980.58162765653,2494581.838178681
6410194513,7.563135623931885,10,0.739797541857872,0.6713696507175291,0.15,0.48534058812668746,0.5329143817468928,0.1698692058443406,0.15987431452406783,120.0,0.9,1.0,0.6706797647748937,0.808382054675928,1.0,196019.28216769715,2494270.229232109
6410194531,12.332619667053223,10,0.5507062990128336,0.2545116757132233,0.15,0.25,0.3478531495064168,0.25,0.3478531495064168,15.0,0.15,0.05,0.5160870132866476,0.5160870132866476,0.5666839473153843,195439.97639005195,2493860.4989505727
6410194600,5.944384574890137,50,0.8039746404607003,0.9858263999259593,0.45,0.25,0.5194873202303502,0.0875,0.15584619606910505,120.0,0.9,1.0,0.8273118914486959,0.932540116280945,1.0,196112.51710119215,2493299.4456308014
6413071005,7.673404693603516,50,0.7354258078834925,0.9424021976752902,0.45,0.25,0.48521290394174627,0.0875,0.14556387118252387,120.0,0.9,1.0,0.7766975179912482,0.8771273245430927,1.0,198050.15048872045,2495864.6124108885
6413071010,8.848184585571289,50,0.6888504156957521,0.8477279764710056,0.45,0.25,0.46192520784787605,0.0875,0.1385775623543628,120.0,0.9,1.0,0.7260152352212876,0.8231847643199903,1.0,198283.42593728116,2495409.1669483404
6413071047,11.072803497314453,50,0.6006530444340175,0.566202380173574,0.45,0.25,0.4178265222170087,0.25,0.4178265222170087,15.0,0.15,0.05,0.6954750739255049,0.6954750739255049,0.7460720079542416,198364.397207372,2496001.6971689025
6438778593,38.00584030151367,10,0.0,0.0,0.15,0.5115887282836142,0.17311104933985164,0.17905605489926496,0.05193331480195549,120.0,0.9,1.0,0.07619787394024408,0.16693995552469318,1.0,196073.70296133828,2494442.065315997
6467166907,12.804227828979492,50,0.5320088942897556,0.69255061402085,0.45,0.25,0.3835044471448778,0.25,0.3835044471448778,15.0,0.15,0.05,0.6824434347935537,0.6824434347935537,0.7330403688222904,196106.16802716727,2495888.0467341486
6467166929,16.969526290893555,10,0.36687122827328505,0.7657282346216324,0.15,0.25,0.25593561413664256,0.25,0.25593561413664256,15.0,0.15,0.05,0.5243983570330435,0.5243983570330435,0.5749952910617802,195947.57972272317,2495887.150893391
6496420788,7.9141435623168945,50,0.7258814606386844,0.713976472340691,0.45,0.3006221197281703,0.49991077636863845,0.10521774190485961,0.14997323291059153,120.0,0.9,1.0,0.7187671163995393,0.8278355006558109,1.0,197384.8015999766,2495260.294950649
6496420791,9.730463981628418,50,0.6538715152468407,0.7467264364361061,0.45,0.3002688558067341,0.4637699329337027,0.10509409953235693,0.1391309798801108,120.0,0.9,1.0,0.6851559583772825,0.7891187002428763,1.0,197403.0910719243,2495248.9504380603
6496421043,7.326733112335205,50,0.7491699696352486,0.8474252073644738,0.45,0.39714348826994217,0.5486786341522174,0.13900022089447975,0.1646035902456652,120.0,0.9,1.0,0.7746205473685341,0.9030642096249372,1.0,197382.68086374976,2495040.2415635064
6581380413,26.223188400268555,50,0.0,0.0,0.45,0.25,0.11750000000000001,0.25,0.11750000000000001,15.0,0.15,0.05,0.1635,0.1635,0.21409693402873667,194471.8668800459,2496384.5493015805
7227357853,19.704755783081055,50,0.25843016012670694,0.6528957166831678,0.45,0.25,0.24671508006335346,0.25,0.24671508006335346,15.0,0.15,0.05,0.4947035332531515,0.4947035332531515,0.5453004672818882,195387.73862339795,2496028.982710751
7227417660,14.965290069580078,10,0.4463312945229641,0.5398818877438627,0.15,0.25,0.2956656472614821,0.25,0.2956656472614821,15.0,0.15,0.05,0.5195858133758924,0.5195858133758924,0.570182747404629,195874.21870251268,2495950.5306491996
7232025520,10.621891021728516,50,0.6185299467681068,0.9355121769946309,0.45,0.6732016009030033,0.5895348198852085,0.23562056031605114,0.17686044596556255,120.0,0.9,1.0,0.7465657162274392,0.9166167991287588,1.0,196483.04100573284,2494625.009819856
7232025523,9.489376068115234,50,0.6634297007421612,0.925775138502055,0.45,0.6998397974428503,0.6222301570798692,0.2449439291049976,0.18666904712396074,120.0,0.9,1.0,0.7726527152794941,0.9507441109382464,1.0,196577.5180891219,2494639.759098649
7232047137,11.017671585083008,50,0.6028388074452813,0.8377323284118463,0.45,0.5180119128814868,0.5220009086770587,0.18130416950852038,0.15660027260311762,120.0,0.9,1.0,0.6985753146201938,0.8389969905095754,1.0,196688.5108696231,2495031.107872208
7232047153,8.520482063293457,50,0.7018425290272429,0.889388404735934,0.45,0.47360788954654864,0.5544242989546017,0.165762761341292,0.1663272896863805,120.0,0.9,1.0,0.7647785023545016,0.9039669298491971,1.0,196701.31133190996,2495115.17172535
7232047223,10.91977596282959,50,0.6067199830008814,0.8061623282039525,0.45,0.3658219678750117,0.46540690222159903,0.1280376887562541,0.1396220706664797,120.0,0.9,1.0,0.6787685245860197,0.7914823467207951,1.0,196338.3809958505,2495212.7760394565
7232047224,8.94665241241455,50,0.6849465544835742,0.6544414257467439,0.45,0.3525361973278804,0.49941027621404877,0.12338766906475812,0.1498230828642146,120.0,0.9,1.0,0.6849731117884463,0.8007202561110377,1.0,196338.52205832954,2495240.228594427
7249081499,6.4426703453063965,50,0.7842195737138272,0.7426612077711063,0.45,0.4214860878377516,0.575565974486818,0.14752013074321305,0.1726697923460454,120.0,0.9,1.0,0.7710240521032331,0.9063964799502955,1.0,197484.86468743242,2494867.7130448488
7249081500,8.980362892150879,50,0.6836100668357252,0.8006777717528857,0.45,0.47513296741371713,0.5458946362692922,0.16629653859480098,0.16376839088078768,120.0,0.9,1.0,0.732167965592988,0.8703605004344722,1.0,197484.09071303852,2494682.4814983094
7252057816,5.924839496612549,50,0.8047495257752539,0.9105299767044569,0.45,0.25,0.519874762887627,0.0875,0.1559624288662881,120.0,0.9,1.0,0.8089372191257614,0.9142196859300293,1.0,198411.72367323661,2496123.156369495
7252057847,12.58748722076416,50,0.5406018050976938,0.7455694314563834,0.45,0.25,0.3878009025488469,0.25,0.3878009025488469,15.0,0.15,0.05,0.701283531177597,0.701283531177597,0.7518804652063337,198251.7443783374,2496397.478741298
7252057927,8.343694686889648,50,0.7088514516740692,0.9803259549212932,0.45,0.25,0.47192572583703457,0.0875,0.14157771775111036,120.0,0.9,1.0,0.7707653307012833,0.8693349323184683,1.0,198830.4903091595,2495889.5028388673
7558081676,28.70353126525879,10,0.0,0.0,0.15,0.25,0.07250000000000001,0.25,0.07250000000000001,15.0,0.15,0.05,0.0945,0.0945,0.14509693402873666,197887.50865389052,2494864.800880573
7609471530,13.445466995239258,10,0.5065862888647833,0.8462899334797236,0.15,0.25,0.32579314443239166,0.25,0.32579314443239166,15.0,0.15,0.05,0.6353535711320402,0.6353535711320402,0.6859505051607768,198370.14951521863,2494310.2455021385
7609471531,14.02627182006836,50,0.48355966686869506,0.8112588481198871,0.45,0.25,0.35927983343434755,0.25,0.35927983343434755,15.0,0.15,0.05,0.6806284954946237,0.6806284954946237,0.7312254295233603,198401.09284970665,2494338.6337196035
7609471538,12.199442863464355,50,0.5559862343435886,0.901387998294127,0.45,0.25,0.3954931171717943,0.25,0.3954931171717943,15.0,0.15,0.05,0.7502380518968643,0.7502380518968643,0.800834985925601,198384.03620122466,2494296.406275537
7609471561,10.581063270568848,50,0.6201486061743552,0.7523361821133944,0.45,0.25,0.4275743030871776,0.25,0.4275743030871776,15.0,0.15,0.05,0.7546806395416795,0.7546806395416795,0.8052775735704162,198433.32583295938,2495046.5949796154
7609471564,13.435832977294922,50,0.5069682397026969,0.8649565030021573,0.45,0.25,0.37098411985134844,0.25,0.37098411985134844,15.0,0.15,0.05,0.7092684815572924,0.7092684815572924,0.759865415586029,198448.23048325686,2495452.8823196865
7609471566,6.993823051452637,50,0.7623685413463105,0.8986402366326707,0.45,0.25,0.49868427067315524,0.0875,0.14960528120194658,120.0,0.9,1.0,0.7813838131390277,0.8836996110332695,1.0,198433.24948285706,2495176.4666131577
7609471567,10.581063270568848,50,0.6201486061743552,0.7523361821133944,0.45,0.25,0.4275743030871776,0.25,0.4275743030871776,15.0,0.15,0.05,0.7546806395416795,0.7546806395416795,0.8052775735704162,198456.0588447427,2495039.697954872
7609471568,10.581063270568848,50,0.6201486061743552,0.7523361821133944,0.45,0.25,0.4275743030871776,0.25,0.4275743030871776,15.0,0.15,0.05,0.7546806395416795,0.7546806395416795,0.8052775735704162,198433.45308413915,2495035.2425624784
7616135774,10.524694442749023,10,0.6223834080132544,0.9556919096003614,0.15,0.25,0.3836917040066272,0.25,0.3836917040066272,15.0,0.15,0.05,0.7379721926087058,0.7379721926087058,0.7885691266374425,195378.60426114796,2494562.479655802
7616135775,15.129524230957031,50,0.4398200573720255,0.7290428800874603,0.45,0.25,0.3374100286860128,0.25,0.3374100286860128,15.0,0.15,0.05,0.6316437573136817,0.6316437573136817,0.6822406913424184,195431.93599608587,2494587.060309853
7626167472,8.250092506408691,50,0.7125624091864811,0.7919600384355481,0.45,0.25,0.4737812045932405,0.0875,0.14213436137797214,120.0,0.9,1.0,0.725826206937046,0.8246555755800997,1.0,196559.6651559734,2492807.649144049
7626167474,9.402421951293945,50,0.6668770887345676,0.8942716666765209,0.45,0.25,0.4509385443672838,0.0875,0.13528156331018515,120.0,0.9,1.0,0.7249066281351794,0.8205380243465992,1.0,196567.09178722848,2492762.324011657
7626167483,9.418017387390137,10,0.6662587911645417,0.893749834304871,0.15,0.25,0.40562939558227085,0.25,0.40562939558227085,15.0,0.15,0.05,0.75100567283317,0.75100567283317,0.8016026068619067,196625.38899337087,2492814.499303907
7626252386,10.002057075500488,50,0.6431039195899341,0.874589970118612,0.45,0.25,0.43905195979496703,0.25,0.43905195979496703,15.0,0.15,0.05,0.8001650402631102,0.8001650402631102,0.8507619742918469,196548.77501051867,2492785.9951723623
7626252390,6.758457183837891,50,0.7716998702758538,0.870620999595084,0.45,0.25,0.5033499351379269,0.0875,0.15100498054137806,120.0,0.9,1.0,0.7797911746587662,0.8827601655780761,1.0,195735.28391467629,2492809.061713049
7626252406,6.8102874755859375,50,0.7696450035030434,0.7806825180242922,0.45,0.25,0.5023225017515217,0.0875,0.1506967505254565,120.0,0.9,1.0,0.7561147315378383,0.8589398817830514,1.0,195542.95700824016,2492864.8525802842
7626252415,6.213109493255615,50,0.7933207566573895,0.8625277700267954,0.45,0.25,0.5141603783286948,0.0875,0.15424811349860842,120.0,0.9,1.0,0.7903079813679847,0.8947904343340021,1.0,197719.96890217427,2493317.4055058965
7626252432,6.685957908630371,50,0.7745741807736792,0.9015554278577236,0.45,0.26933125647376155,0.5122221890305941,0.09426593976581654,0.15366665670917823,120.0,0.9,1.0,0.7909911756849534,0.8977153454908255,1.0,196559.19687578356,2493189.426585341
7626252440,6.251297473907471,50,0.7918067537468197,0.7705915893057169,0.45,0.25,0.5134033768734099,0.0875,0.15402101306202295,120.0,0.9,1.0,0.7664458144995846,0.8708222872618621,1.0,196598.40955203993,2493126.1941647064
7626252442,5.868078708648682,50,0.806999867288909,0.8558479795112132,0.45,0.25,0.5209999336444545,0.0875,0.15629998009333634,120.0,0.9,1.0,0.7965719179053705,0.9020119086155942,1.0,196612.689414287,2493130.7228998085
7629438273,4.73356294631958,50,0.8519789454421303,0.8930871729941067,0.45,0.25,0.5434894727210651,0.0875,0.1630468418163195,120.0,0.9,1.0,0.8319695816049621,0.9405581077859113,1.0,196803.88709351257,2491666.5981994215
7637463224,7.790457248687744,10,0.730785135450384,0.8740751946905845,0.15,0.25,0.43789256772519203,0.25,0.43789256772519203,15.0,0.15,0.05,0.7880291367153959,0.7880291367153959,0.8386260707441325,198783.19774333923,2495892.4586606086
7637610188,9.404885292053223,50,0.6667794269830005,0.9194664812343472,0.45,0.25,0.45088971349150025,0.0875,0.13526691404745006,120.0,0.9,1.0,0.731148687958727,0.8267732478475371,1.0,198513.7627475459,2494052.077070761
7637610190,9.404885292053223,50,0.6667794269830005,0.9194664812343472,0.45,0.25,0.45088971349150025,0.0875,0.13526691404745006,120.0,0.9,1.0,0.731148687958727,0.8267732478475371,1.0,198506.3467898505,2494032.5486371038
7637610201,9.404885292053223,50,0.6667794269830005,0.9194664812343472,0.45,0.25,0.45088971349150025,0.0875,0.13526691404745006,120.0,0.9,1.0,0.731148687958727,0.8267732478475371,1.0,198491.6281926295,2494037.5923316753
7637868027,22.496761322021484,50,0.14773814551563175,0.09382788267087383,0.45,0.8252448793386866,0.41261710327269535,0.2888357077685403,0.1237851309818086,120.0,0.9,1.0,0.2772371184513857,0.44228534722359236,1.0,196715.13112525828,2494452.7255903278
7637868046,9.805124282836914,50,0.6509115285860068,0.8223484297251435,0.45,0.7492285563441916,0.6349667475023079,0.26222999472046704,0.19049002425069236,120.0,0.9,1.0,0.7441324519478215,0.9304275089228895,1.0,196824.88714173326,2494607.233079864
7637868049,18.321857452392578,50,0.313256628087187,0.6949232967446701,0.45,0.8859183491759504,0.5187122944958821,0.3100714222115826,0.15561368834876463,120.0,0.9,1.0,0.5291589917461899,0.7169480983684869,1.0,196805.0541429572,2494319.594126299
7640452829,10.193778038024902,50,0.6355029391158568,0.7668340290780409,0.45,0.2992645018602663,0.45419935488880003,0.10474257565109321,0.13625980646664002,120.0,0.9,1.0,0.6794356002067781,0.7819278951330447,1.0,197887.17421092727,2494236.037061365
7642948007,9.569089889526367,10,0.6602693619243184,0.5643668119189107,0.15,0.25018739926134786,0.40270675760113916,0.25018739926134786,0.40270675760113916,15.0,0.15,0.05,0.6648186834106002,0.6648186834106002,0.7154156174393369,197809.35901053163,2493712.231920243
7656321485,6.396843910217285,50,0.7860364112349958,0.900212206586112,0.45,0.25,0.5105182056174979,0.0875,0.15315546168524938,120.0,0.9,1.0,0.7955041701628255,0.8994767189492753,1.0,197690.26427965966,2493511.3934295205
7656321494,6.396843910217285,50,0.7860364112349958,0.900212206586112,0.45,0.25,0.5105182056174979,0.0875,0.15315546168524938,120.0,0.9,1.0,0.7955041701628255,0.8994767189492753,1.0,197697.7001452748,2493498.877525384
7656321502,7.76524019241333,50,0.7317848923357644,0.7600592678363773,0.45,0.25,0.4833924461678822,0.0875,0.14501773385036465,120.0,0.9,1.0,0.7290000545138375,0.8291749969773412,1.0,197626.99746703467,2493453.3383908104
7656321511,5.4779157638549805,50,0.8224682901782828,0.945136381872581,0.45,0.25,0.5287341450891414,0.0875,0.15862024352674242,120.0,0.9,1.0,0.8278657037715492,0.9343884840840291,1.0,197680.51627119211,2493448.2181321997
7656321578,14.419435501098633,50,0.4679722766152849,0.5903376041828985,0.45,0.25,0.35148613830764247,0.25,0.35148613830764247,15.0,0.15,0.05,0.6152663808456599,0.6152663808456599,0.6658633148743965,196771.19148973306,2493040.2210321417
7656321580,12.750741004943848,50,0.5341294360383584,0.629179498701427,0.45,0.25,0.3845647180191792,0.25,0.3845647180191792,15.0,0.15,0.05,0.6679790081002898,0.6679790081002898,0.7185759421290264,196771.19014802715,2493090.287659003
7656321592,18.031150817871094,50,0.324782000292645,0.8375831431932059,0.45,0.25,0.2798910001463225,0.25,0.2798910001463225,15.0,0.15,0.05,0.5840040859885207,0.5840040859885207,0.6346010200172574,196720.6429871564,2492875.9437221433
7656321615,16.19707679748535,50,0.39749580598924017,0.6474538118271704,0.45,0.25,0.3162479029946201,0.25,0.3162479029946201,15.0,0.15,0.05,0.5837357268497988,0.5837357268497988,0.6343326608785355,196784.70866387716,2492967.42056569
7656321617,9.792867660522461,50,0.6513974553499017,0.24628833374689563,0.45,0.25,0.44319872767495083,0.25,0.44319872767495083,15.0,0.15,0.05,0.6484804294141601,0.6484804294141601,0.6990773634428967,196745.82015890052,2492758.355467929
7673048432,13.261406898498535,50,0.5138835462067125,0.4578451088609845,0.45,0.25,0.37444177310335625,0.25,0.37444177310335625,15.0,0.15,0.05,0.6119855822496093,0.6119855822496093,0.662582516278346,198096.4982487486,2494030.3294414924
7701169497,4.8799519538879395,50,0.8461751983009955,0.8273310610610629,0.45,0.25,0.5405875991504978,0.0875,0.16217627974514934,120.0,0.9,1.0,0.8121643802798431,0.9203466441609128,1.0,197882.7506174707,2493263.2422325457
7701169511,8.63204574584961,50,0.6974194687548562,0.9434414220275438,0.45,0.25,0.4662097343774281,0.0875,0.13986292031322842,120.0,0.9,1.0,0.7549136473847025,0.8526830101975424,1.0,196660.56985336845,2492571.829605263
7701169518,7.7120280265808105,50,0.7338945449692099,0.4627704740530487,0.45,0.25,0.48444727248460495,0.0875,0.14533418174538149,120.0,0.9,1.0,0.6559014545954038,0.7562240727432487,1.0,196627.9961968733,2492547.2780158343
7701169566,5.2232513427734375,50,0.8325647306853374,0.7769587405301062,0.45,0.25,0.5337823653426688,0.0875,0.16013470960280063,120.0,0.9,1.0,0.7916772289300222,0.898906760077996,1.0,195527.65689179918,2493244.6881655008
7701171822,6.349055767059326,10,0.7879310227487983,0.7147335441134315,0.15,0.25,0.4664655113743992,0.0875,0.13993965341231976,120.0,0.9,1.0,0.6875333792226609,0.7853385508150769,1.0,195534.53842438635,2492844.8349976162
7701171850,26.223188400268555,50,0.0,0.0,0.45,0.25,0.11750000000000001,0.25,0.11750000000000001,15.0,0.15,0.05,0.1635,0.1635,0.21409693402873667,194364.87662885914,2493506.700428391
7701171856,17.908964157104492,50,0.3296262197793971,0.7283959776947178,0.45,0.25,0.28231310988969854,0.25,0.28231310988969854,15.0,0.15,0.05,0.5598560372802877,0.5598560372802877,0.6104529713090243,194719.16409026773,2493304.4126799917
7701171911,7.489171504974365,50,0.7427299276365364,0.6852034535919176,0.45,0.25,0.4888649638182682,0.0875,0.14665948914548046,120.0,0.9,1.0,0.7166342214271705,0.8175753163617281,1.0,195330.15585214406,2492928.8327328367
7702665399,7.934057235717773,10,0.725091961980352,0.8816736633719641,0.15,0.25,0.435045980990176,0.25,0.435045980990176,15.0,0.15,0.05,0.78622819113022,0.78622819113022,0.8368251251589567,195977.22644768684,2492744.82187517
7702665402,7.115937232971191,50,0.7575271953760583,0.8067323194476206,0.45,0.25,0.49626359768802913,0.0875,0.14887907930640873,120.0,0.9,1.0,0.7555988531800188,0.857575756856343,1.0,196149.37638043263,2492732.0426975703
7702665403,11.477339744567871,50,0.584614776756125,0.9686318677174011,0.45,0.25,0.4098073883780625,0.25,0.4098073883780625,15.0,0.15,0.05,0.7856575718208316,0.7856575718208316,0.8362545058495683,196244.8157828956,2492731.820071841
7702665410,7.918364524841309,50,0.7257141161119961,0.7825887987613347,0.45,0.25,0.48035705805599804,0.0875,0.1441071174167994,120.0,0.9,1.0,0.7311113870352914,0.8308613751631312,1.0,196509.5299330484,2492758.915322022
7702665417,6.026862144470215,50,0.800704729921587,0.9260970519522653,0.45,0.25,0.5178523649607936,0.0875,0.15535570948823807,120.0,0.9,1.0,0.8104830063425867,0.915482337437098,1.0,195594.02831924288,2492822.8413433
7702665421,7.966573715209961,50,0.7238028117358951,0.7854536794617955,0.45,0.25,0.47940140586794755,0.0875,0.14382042176038426,120.0,0.9,1.0,0.7307190506722681,0.8303352474937807,1.0,195724.08216419927,2492786.815787893
7702665457,9.402421951293945,50,0.6668770887345676,0.8942716666765209,0.45,0.25,0.4509385443672838,0.0875,0.13528156331018515,120.0,0.9,1.0,0.7249066281351794,0.8205380243465992,1.0,196565.71801442973,2492769.422741906
7704094931,8.1229829788208,50,0.7176018009386569,0.9319376860434445,0.45,0.25,0.47630090046932844,0.0875,0.14289027014079853,120.0,0.9,1.0,0.7637434660552821,0.8629255921209882,1.0,196077.06258138042,2492416.2224569903
7707208812,11.875536918640137,50,0.5688278283436862,0.7978442658423139,0.45,0.30201161776330493,0.421918382542345,0.30201161776330493,0.421918382542345,15.0,0.15,0.05,0.7471023721107358,0.7471023721107358,0.7976993061394725,197884.82266616513,2494388.7979237433
7710972505,16.1449031829834,50,0.39956428415599715,0.7596325373164503,0.45,0.7411174569045407,0.5061734716566682,0.2593911099165892,0.15185204149700043,120.0,0.9,1.0,0.581917120897629,0.7491266763271529,1.0,197037.39630302065,2494187.379706774
7710972529,10.517584800720215,50,0.6226652772962327,0.8535550807800707,0.45,0.49876014424957943,0.5245096172056469,0.1745660504873528,0.15735288516169407,120.0,0.9,1.0,0.712238459837755,0.8505086249989908,1.0,196047.03425238602,2494242.169567733
7719250780,6.861820697784424,50,0.7676019143669397,0.7405220955765742,0.45,0.25,0.5013009571834699,0.0875,0.15039028715504096,120.0,0.9,1.0,0.7448896342269685,0.8475717682326543,1.0,198440.31122730125,2493897.6452094647
7724575156,10.877265930175781,50,0.6084053382374681,0.9342513503080165,0.45,0.7221464998716071,0.6032974767616599,0.25275127495506244,0.18098924302849798,120.0,0.9,1.0,0.7449338772043238,0.9232745689342651,1.0,196933.18673542544,2494623.784523906
7724575160,10.877265930175781,50,0.6084053382374681,0.9342513503080165,0.45,0.7284733857970342,0.6057308944252857,0.254965685028962,0.1817192683275857,120.0,0.9,1.0,0.7455227642789213,0.9250266296520757,1.0,196948.07818859426,2494601.965629188
7726383871,10.517308235168457,50,0.6226762420302453,0.55437198637514,0.45,0.8160948258223584,0.6465669001775681,0.2856331890378254,0.19397007005327044,120.0,0.9,1.0,0.6669855815286391,0.8635972749104052,1.0,196673.20316842844,2494222.195377057
7735592377,9.805124282836914,50,0.6509115285860068,0.8223484297251435,0.45,0.7433431651098427,0.6327031354890967,0.2601701077884449,0.18981094064672902,120.0,0.9,1.0,0.7435846578406244,0.9287977082733775,1.0,196815.1207284953,2494619.5073851664
7735602390,9.805124282836914,50,0.6509115285860068,0.8223484297251435,0.45,0.7418562804226941,0.6321312567632703,0.2596496981479429,0.1896393770289811,120.0,0.9,1.0,0.7434462631889744,0.9283859555907825,1.0,196834.51819584932,2494619.41287677
7791604199,13.028733253479004,50,0.5231081391220576,0.17951357822707836,0.45,0.25,0.3790540695610288,0.25,0.3790540695610288,15.0,0.15,0.05,0.5483986849861071,0.5483986849861071,0.5989956190148438,197908.67986106942,2495505.791128432
7791604210,13.185940742492676,50,0.5168754818338933,0.5275644217893243,0.45,0.25,0.37593774091694665,0.25,0.37593774091694665,15.0,0.15,0.05,0.6313601686393618,0.6313601686393618,0.6819571026680985,197889.71653284557,2496652.5794108463
7868781052,7.023172378540039,50,0.7612049562110114,0.9268604654378557,0.45,0.25,0.4981024781055057,0.0875,0.1494307434316517,120.0,0.9,1.0,0.7877639909618505,0.8899983378966214,1.0,194656.96487437317,2494178.0449875146
7868781069,7.249831199645996,50,0.7522188273557259,0.923501968219722,0.45,0.25,0.49360941367786293,0.0875,0.14808282410335888,120.0,0.9,1.0,0.7817124119212514,0.8833177298361523,1.0,194635.00249193475,2494170.8885889556
7893911643,6.153911590576172,50,0.7956677201633519,0.8641125426110653,0.45,0.2595717599984271,0.5190153062349171,0.09085011599944948,0.1557045918704751,120.0,0.9,1.0,0.7929563233165948,0.8993627949892787,1.0,197649.4824099932,2493528.4888037164
7893947001,14.204119682312012,50,0.4765087001383447,0.3878344109159093,0.45,0.25,0.35575435006917233,0.25,0.35575435006917233,15.0,0.15,0.05,0.5701892578189014,0.5701892578189014,0.6207861918476381,198125.9635712303,2496001.538432476
7893947019,21.446834564208984,10,0.18936360305696784,0.8637558689453093,0.15,0.25,0.16718180152848391,0.25,0.16718180152848391,15.0,0.15,0.05,0.4335253092233564,0.4335253092233564,0.4841222432520931,199300.92915085738,2496319.7479015617
7899265503,10.517584800720215,50,0.6226652772962327,0.8535550807800707,0.45,0.49280726038850947,0.5222200464898508,0.1724825411359783,0.15666601394695523,120.0,0.9,1.0,0.7116843837245322,0.8488601340836177,1.0,196033.5048775472,2494265.6583800795
7950517395,8.662633895874023,50,0.6962067691730662,0.7203249322008909,0.45,0.25,0.4656033845865331,0.0875,0.13968101537595992,120.0,0.9,1.0,0.6984311591706011,0.7961156330127158,1.0,198821.45805812016,2495097.471098164
7950517401,3.2469475269317627,50,0.910917387156818,0.641994550704426,0.45,0.25,0.572958693578409,0.0875,0.17188760807352269,120.0,0.9,1.0,0.8033807222270609,0.9160949393280383,1.0,199493.96244714461,2494946.9075763216
7950517436,3.936988115310669,50,0.8835599977011868,0.8169151314794425,0.45,0.25,0.5592799988505934,0.0875,0.167783999655178,120.0,0.9,1.0,0.8312435815365489,0.9420427813756321,1.0,198833.39582505845,2495414.3909429125
7950517485,15.801651000976562,50,0.4131728802049876,0.5467199230678708,0.45,0.25,0.3240864401024938,0.25,0.3240864401024938,15.0,0.15,0.05,0.5687423529002097,0.5687423529002097,0.6193392869289464,199137.6568710716,2494817.637997559
7950517541,15.336029052734375,50,0.43163295515083505,0.6860139769443929,0.45,0.25,0.33331647757541755,0.25,0.33331647757541755,15.0,0.15,0.05,0.6155649150841411,0.6155649150841411,0.6661618491128778,199305.00539560703,2495031.7380206757
7950517542,10.643289566040039,50,0.6176815788309552,0.7101438367229232,0.45,0.25,0.4263407894154776,0.25,0.4263407894154776,15.0,0.15,0.05,0.7425289854208517,0.7425289854208517,0.7931259194495883,199240.49727323273,2495087.943212847
7950517543,15.83402156829834,50,0.41188951480295805,0.37694421180901316,0.45,0.25,0.32344475740147904,0.25,0.32344475740147904,15.0,0.15,0.05,0.525464237574176,0.525464237574176,0.5760611716029127,199263.7252394625,2495112.637718221
7950517545,9.458683013916016,10,0.6646465593609904,0.853065564918827,0.15,0.25,0.4048232796804952,0.25,0.4048232796804952,15.0,0.15,0.05,0.7397866548143506,0.7397866548143506,0.7903835888430872,199248.7645939343,2494959.0427231495
7950517551,13.742592811584473,50,0.4948064214019509,0.7810726764107164,0.45,0.25,0.3649032107009755,0.25,0.3649032107009755,15.0,0.15,0.05,0.6803923430139472,0.6803923430139472,0.7309892770426839,199330.76220522495,2495064.1196351834
7953723959,6.797756671905518,50,0.7701418004773818,0.8428928257203852,0.45,0.25,0.5025709002386909,0.0875,0.15077127007160726,120.0,0.9,1.0,0.7719554507069778,0.8748153767403946,1.0,198654.80129486625,2495299.0519565064
7953723960,7.704594612121582,50,0.7341892505528683,0.9657426423495198,0.45,0.25,0.48459462527643415,0.0875,0.14537838758293023,120.0,0.9,1.0,0.7818154259080435,0.8821586734467445,1.0,198617.09859745362,2495273.4451718596
7953724239,3.556820869445801,50,0.8986321305272185,0.6682074485849208,0.45,0.25,0.5668160652636092,0.0875,0.17004481957908274,120.0,0.9,1.0,0.8028084978520169,0.9146627469889224,1.0,199133.6116140416,2495738.7733610286
7958753225,14.690328598022461,50,0.45723243307825834,0.5736141259412675,0.45,0.5756041198413702,0.4713485703242716,0.20146144194447954,0.14140457109728147,120.0,0.9,1.0,0.5534545722867112,0.6942719077114873,1.0,196344.571985021,2494740.8919109846
7958753235,9.520310401916504,10,0.6622032763381418,0.5247349688531303,0.15,0.25,0.4036016381690709,0.25,0.4036016381690709,15.0,0.15,0.05,0.6561158718330748,0.6561158718330748,0.7067128058618115,196349.94708836544,2495795.261469126
7958753244,8.874971389770508,50,0.6877884244924936,0.621244728510796,0.45,0.39376217106918787,0.5166873549651652,0.13781675987421574,0.15500620648954955,120.0,0.9,1.0,0.6821594088713235,0.8056847208054411,1.0,196016.7474678777,2494868.257253024
7958753249,11.072218894958496,50,0.6006762216131544,0.7378863509746116,0.45,0.5237106120319848,0.5231114231265713,0.18329871421119465,0.15693342693797138,120.0,0.9,1.0,0.672889937860721,0.8142079166625992,1.0,196336.53160280798,2494864.9710981995
7958753250,11.978158950805664,50,0.5647592692647541,0.7372319148177315,0.45,0.5204781206504738,0.5039096810364054,0.18216734222766584,0.15117290431092162,120.0,0.9,1.0,0.6515936261077652,0.7898031371374234,1.0,196336.57231808145,2494872.7624201807
7958753251,11.072218894958496,50,0.6006762216131544,0.7378863509746116,0.45,0.5249655941030169,0.5235941085385067,0.1837379579360559,0.157078232561552,120.0,0.9,1.0,0.6730067477304095,0.8145554501591925,1.0,196345.14881376683,2494869.079263786
7958753253,12.70872688293457,50,0.5357951303725779,0.8137826710264592,0.45,0.44824678409175056,0.46164632829850066,0.15688637443211267,0.13849389848955018,120.0,0.9,1.0,0.6472090440458651,0.7701116119395828,1.0,196142.3113962945,2494866.9374736072
7958753254,14.690328598022461,50,0.45723243307825834,0.5736141259412675,0.45,0.5721138433820414,0.4700061563014528,0.2002398451837145,0.14100184689043585,120.0,0.9,1.0,0.5531297080931891,0.6933053696150578,1.0,196335.87278789602,2494740.9751483547
7958755724,17.611373901367188,50,0.3414245004334851,0.2393011489657858,0.45,0.25,0.28821225021674257,0.25,0.28821225021674257,15.0,0.15,0.05,0.44525121252321176,0.44525121252321176,0.4958481465519484,196348.9320471094,2495709.54588696
7958755753,12.371355056762695,50,0.5491705934908045,0.6569849771021252,0.45,0.25,0.39208529674540227,0.25,0.39208529674540227,15.0,0.15,0.05,0.6847071300445544,0.6847071300445544,0.7353040640732911,196348.5674703627,2495628.084838496
7958755754,4.477371692657471,50,0.8621359188428198,0.8332906380297166,0.45,0.25,0.5485679594214099,0.0875,0.16457038782642297,120.0,0.9,1.0,0.8229114924362646,0.932211006755262,1.0,196471.83121668128,2495627.9318740047
7958755764,11.058427810668945,10,0.6012229837461052,0.8380664961492928,0.15,0.25,0.3731114918730526,0.25,0.3731114918730526,15.0,0.15,0.05,0.6948115634722917,0.6948115634722917,0.7454084975010283,196535.35503157403,2495631.376377976
7959590802,9.923347473144531,50,0.646224445080483,0.8428681740997581,0.45,0.25,0.4406122225402415,0.25,0.4406122225402415,15.0,0.15,0.05,0.7942629328272535,0.7942629328272535,0.8448598668559901,196111.4303496679,2495542.028763681
7959590803,15.723079681396484,50,0.41628792332853026,0.7647096983194748,0.45,0.25,0.3256439616642651,0.25,0.3256439616642651,15.0,0.15,0.05,0.6252645747434135,0.6252645747434135,0.6758615087721501,196202.53156618623,2495541.4681530017
7959590809,15.365896224975586,10,0.43044883949633306,0.742531989411533,0.15,0.25,0.28772441974816654,0.25,0.28772441974816654,15.0,0.15,0.05,0.5599247430254998,0.5599247430254998,0.6105216770542364,196251.0811620509,2495531.175202784
7959590814,12.313314437866211,50,0.5514716752563384,0.8422735431559758,0.45,0.25,0.3932358376281692,0.25,0.3932358376281692,15.0,0.15,0.05,0.732524974705614,0.732524974705614,0.7831219087343506,196001.9380850778,2495562.794498958
7959590835,8.48190975189209,50,0.7033717691371473,0.9835643529722035,0.45,0.25,0.46918588456857363,0.0875,0.14075576537057208,120.0,0.9,1.0,0.7683967143425963,0.8665827381821967,1.0,197404.47871047026,2495537.362301606
7959590839,8.293089866638184,50,0.7108577333323755,0.8968251239781021,0.45,0.25,0.4729288666661877,0.0875,0.1418786599998563,120.0,0.9,1.0,0.7510537663273033,0.8497638076605697,1.0,197404.20030419994,2495528.4562402745
7959590868,15.365896224975586,10,0.43044883949633306,0.742531989411533,0.15,0.25,0.28772441974816654,0.25,0.28772441974816654,15.0,0.15,0.05,0.5599247430254998,0.5599247430254998,0.6105216770542364,196251.1964483434,2495541.1708029383
7959590869,8.237260818481445,50,0.7130711350352364,0.8173796023431341,0.45,0.25,0.4740355675176182,0.0875,0.14221067025528547,120.0,0.9,1.0,0.7324761589062206,0.8313411383586873,1.0,196348.16570640838,2495540.5726065924
7959590870,8.237260818481445,50,0.7130711350352364,0.8173796023431341,0.45,0.25,0.4740355675176182,0.0875,0.14221067025528547,120.0,0.9,1.0,0.7324761589062206,0.8313411383586873,1.0,196348.13019525848,2495530.9633812252
7959590871,8.237260818481445,50,0.7130711350352364,0.8173796023431341,0.45,0.25,0.4740355675176182,0.0875,0.14221067025528547,120.0,0.9,1.0,0.7324761589062206,0.8313411383586873,1.0,196340.1252310195,2495540.6207126896
7959590872,8.237260818481445,50,0.7130711350352364,0.8173796023431341,0.45,0.25,0.4740355675176182,0.0875,0.14221067025528547,120.0,0.9,1.0,0.7324761589062206,0.8313411383586873,1.0,196340.0682541094,2495530.9675745494
7959590873,14.318657875061035,50,0.47196771226118145,0.585839470172302,0.45,0.25,0.35348385613059075,0.25,0.35348385613059075,15.0,0.15,0.05,0.6167388805128435,0.6167388805128435,0.6673358145415802,196471.62417710695,2495539.8173440923
7959590877,11.288578987121582,50,0.5920983967668402,0.6517290799290415,0.45,0.3681553690811147,0.45899357110692574,0.12885437917839013,0.1376980713320777,120.0,0.9,1.0,0.631896878306116,0.7440161762416305,1.0,196519.90626108623,2495278.3205986056
7959590880,12.9895601272583,60,0.5246611991713686,0.645638508444396,0.55,0.3360448946958131,0.42792478985330473,0.3360448946958131,0.42792478985330473,15.0,0.15,0.05,0.7127672235651754,0.7127672235651754,0.7633641575939121,196519.27257139375,2495339.5394880464
7959590884,8.660858154296875,10,0.6962771703273124,0.871718008633503,0.15,0.25,0.4206385851636562,0.25,0.4206385851636562,15.0,0.15,0.05,0.7650096628711289,0.7650096628711289,0.8156065968998656,196519.5783491368,2495539.512717681
7959602886,8.660858154296875,10,0.6962771703273124,0.871718008633503,0.15,0.25,0.4206385851636562,0.25,0.4206385851636562,15.0,0.15,0.05,0.7650096628711289,0.7650096628711289,0.8156065968998656,196520.6369887637,2495530.5580193433
7959602889,15.895934104919434,10,0.4094349267612482,0.7591841591451409,0.15,0.29008023632132196,0.2926329388888249,0.29008023632132196,0.2926329388888249,15.0,0.15,0.05,0.5615278845470011,0.5615278845470011,0.6121248185757378,196519.9020296955,2495427.16899794
7959602891,7.720188140869141,50,0.7335710286016978,0.8602238090597042,0.45,0.3233121233758851,0.5124824848300354,0.11315924318155977,0.15374474544901062,120.0,0.9,1.0,0.7619008157219739,0.8756789396370439,1.0,196338.8399091083,2495300.0654307916
7959602898,9.402441024780273,50,0.666876332546015,0.9468123225393248,0.45,0.3626794040281499,0.49427639859152667,0.12693779140985245,0.14828291957745798,120.0,0.9,1.0,0.7485292057326015,0.8648762240590747,1.0,196909.58683205215,2495315.9391627694
7959602907,7.504920959472656,10,0.7421055238439483,0.7750271883057671,0.15,0.3168489829143212,0.4692639091967131,0.1108971440200124,0.14077917275901394,120.0,0.9,1.0,0.6822500985464187,0.7891374136128203,1.0,197258.42016215622,2495297.743976465
7959602911,9.928507804870605,50,0.6460198582675796,0.6799375193469924,0.45,0.2526899869614425,0.44154453950357536,0.2526899869614425,0.44154453950357536,15.0,0.15,0.05,0.7541422071769205,0.7541422071769205,0.8047391412056571,197487.21452689247,2495297.1495228102
7959602934,8.155884742736816,50,0.7162973756854376,0.8192917122109729,0.45,0.3459873380328174,0.5125668947784178,0.12109556831148607,0.15377006843352534,120.0,0.9,1.0,0.7437596120287362,0.860497331241981,1.0,196507.42531593528,2495317.328243261
7959602961,8.201550483703613,50,0.7144869090528246,0.8593737930480714,0.45,0.2887347239029368,0.4896414252583111,0.10105715336602787,0.14689242757749332,120.0,0.9,1.0,0.7474011644297757,0.8534864780733209,1.0,196226.68567225948,2495314.397697473
7959603010,8.201550483703613,50,0.7144869090528246,0.8593737930480714,0.45,0.2975659265031804,0.4930380416430202,0.10414807427611314,0.14791141249290604,120.0,0.9,1.0,0.7482231455948751,0.8559320418703115,1.0,196235.3182981151,2495300.549191149
7959603011,7.720188140869141,50,0.7335710286016978,0.8602238090597042,0.45,0.3251678293113596,0.513196217882141,0.11380874025897586,0.1539588653646423,120.0,0.9,1.0,0.7620735391205835,0.87619282743456,1.0,196347.08701652545,2495300.046509014
7959603012,7.720188140869141,50,0.7335710286016978,0.8602238090597042,0.45,0.3163608575198136,0.5098089210392387,0.11072630013193474,0.1529426763117716,120.0,0.9,1.0,0.7612538132846011,0.8737539737076703,1.0,196347.161498931,2495317.879372099
7959603013,7.720188140869141,50,0.7335710286016978,0.8602238090597042,0.45,0.3145379808344593,0.5091078146217948,0.11008829329206074,0.15273234438653843,120.0,0.9,1.0,0.7610841455315797,0.8732491770871107,1.0,196338.9349859713,2495317.8978880397
7959603029,11.91824722290039,50,0.5671345331272971,0.639521306533986,0.45,0.35082146037518946,0.4398447513233368,0.35082146037518946,0.4398447513233368,15.0,0.15,0.05,0.7199375621932153,0.7199375621932153,0.7705344962219519,196542.2971723769,2495317.2157337777
7959603031,14.054780006408691,60,0.48242942964856517,0.7943223741541919,0.55,0.4622330789475083,0.4553428221117858,0.1617815776316279,0.13660284663353572,120.0,0.9,1.0,0.6335936646982915,0.7574319600571175,1.0,196565.79432825645,2495110.8092287225
7959603047,8.155884742736816,50,0.7162973756854376,0.8192917122109729,0.45,0.3535897659180724,0.5154909055035158,0.12375641807132533,0.15464727165105474,120.0,0.9,1.0,0.74446722262421,0.8626026189640517,1.0,196496.78001870203,2495299.670989253
7959603056,11.91824722290039,50,0.5671345331272971,0.639521306533986,0.45,0.35989114798519406,0.4433330927118001,0.35989114798519406,0.4433330927118001,15.0,0.15,0.05,0.7224491679929088,0.7224491679929088,0.7730461020216455,196539.48184287047,2495299.2707801373
7959603088,8.018289566040039,50,0.7217524820944003,0.6206380220874705,0.45,0.25,0.47837624104720017,0.0875,0.14351287231416004,120.0,0.9,1.0,0.6883259451366197,0.7877986188832279,1.0,196641.1010464764,2495538.763806773
7959603093,6.511988162994385,50,0.781471395466574,0.8457508998079939,0.45,0.25,0.5082356977332869,0.0875,0.15247070931998608,120.0,0.9,1.0,0.7792411343226113,0.8828941320052716,1.0,196690.05831746204,2495538.6837508273
7959603096,8.2173490524292,50,0.7138605580747137,0.7567486553184656,0.45,0.25,0.47443027903735685,0.0875,0.14232908371120706,120.0,0.9,1.0,0.7177762875129503,0.8166965265781804,1.0,196738.32423592382,2495538.528826907
7959603100,11.558456420898438,50,0.5813988202702391,0.6971772511602474,0.45,0.2701532902947836,0.4159506756331133,0.2701532902947836,0.4159506756331133,15.0,0.15,0.05,0.7212844571242727,0.7212844571242727,0.7718813911530094,196702.39199013158,2495492.208519145
7959603103,9.281838417053223,50,0.6716577505734745,0.7611957218519022,0.45,0.49226852514397035,0.5465090772651874,0.1722939838003896,0.1639527231795562,120.0,0.9,1.0,0.7169600346743757,0.8574662137602181,1.0,196737.1059183649,2495083.54057355
7959603104,11.597397804260254,50,0.579854947911842,0.340145254787135,0.45,0.34364648499055434,0.4434453527984419,0.34364648499055434,0.4434453527984419,15.0,0.15,0.05,0.6513749026060962,0.6513749026060962,0.7019718366348329,196689.4909809117,2495355.076080999
7959603111,8.96915054321289,50,0.6840545922763658,0.4919769703320368,0.45,0.3617056818057594,0.5024910199096289,0.1265969886320158,0.15074730597288866,120.0,0.9,1.0,0.6446931272559913,0.7620636086780881,1.0,196649.01474208297,2495316.9590960983
7959603112,8.96915054321289,50,0.6840545922763658,0.4919769703320368,0.45,0.37072807682395037,0.5059611718397022,0.12975482688838264,0.15178835155191067,120.0,0.9,1.0,0.6455329040230691,0.7645621180677409,1.0,196643.73613713897,2495299.406387902
7959603120,10.909662246704102,80,0.6071209519808927,0.4358378394461405,0.95,0.3955526856291113,0.5520422781554891,0.13844343997018893,0.16561268344664673,120.0,0.9,1.0,0.6936872081343931,0.8223949762079461,1.0,196701.58505880326,2495259.9465131713
7959603128,10.283221244812012,50,0.6319568685173373,0.2902266289762301,0.45,0.375754006134024,0.4818453596948317,0.1315139021469084,0.1445536079084495,120.0,0.9,1.0,0.5653464369396648,0.6816528080943643,1.0,196739.34186283266,2495299.0483809677
7959603129,14.069579124450684,50,0.48184270295060994,0.1939090756681734,0.45,0.36672837564375016,0.403316880569055,0.36672837564375016,0.403316880569055,15.0,0.15,0.05,0.5574998067824399,0.5574998067824399,0.6080967408111766,196761.50341795816,2495316.445185591
7959603137,11.597397804260254,50,0.579854947911842,0.340145254787135,0.45,0.343409200894413,0.4433540896845414,0.343409200894413,0.4433540896845414,15.0,0.15,0.05,0.6513091931640878,0.6513091931640878,0.7019061271928244,196701.95853932266,2495356.570122895
7959603149,7.435757637023926,50,0.7448475769639257,0.7226966136016295,0.45,0.3662672232104084,0.5346419512551968,0.12819352812364293,0.160392585376559,120.0,0.9,1.0,0.7380575434306069,0.8605221556236876,1.0,196833.05887458252,2495316.2078091856
7959603154,8.425538063049316,50,0.7056066844043295,0.8880373218860808,0.45,0.2506227333654438,0.47054285503502774,0.08771795667790531,0.1411628565105083,120.0,0.9,1.0,0.7458691695315841,0.8443261245739957,1.0,196834.81464083184,2495529.862863499
7959603173,9.902240753173828,50,0.64706124333278,0.9519529721939256,0.45,0.25,0.44103062166639,0.25,0.44103062166639,15.0,0.15,0.05,0.8220780512147885,0.8220780512147885,0.8726749852435252,196910.1592361941,2495529.683936523
7959603196,7.435757637023926,50,0.7448475769639257,0.7226966136016295,0.45,0.3757595545594339,0.538292847927899,0.13151584409580186,0.16148785437836968,120.0,0.9,1.0,0.7389410604254009,0.8631508012280331,1.0,196830.16197342065,2495298.8075770945
7959603210,9.796659469604492,50,0.6512471250656466,0.9126521677309618,0.45,0.25,0.4431235625328233,0.25,0.4431235625328233,15.0,0.15,0.05,0.8149736732254108,0.8149736732254108,0.8655706072541475,197180.3635660049,2495536.458543869
7959603216,11.90559196472168,50,0.5676362642319411,0.506705050082366,0.45,0.25,0.40131813211597056,0.25,0.40131813211597056,15.0,0.15,0.05,0.6591398342713533,0.6591398342713533,0.7097367683000899,197180.31116171594,2495529.099778498
7959603232,6.280803680419922,50,0.7906369489606756,0.8382031529089008,0.45,0.32592274093665263,0.5420195286867426,0.11407295932782842,0.16260585860602278,120.0,0.9,1.0,0.7897368737423671,0.907989564080276,1.0,197178.84008414717,2495315.018525466
7959603233,6.280803680419922,50,0.7906369489606756,0.8382031529089008,0.45,0.3345268526421173,0.5453288024196137,0.11708439842474104,0.1635986407258841,120.0,0.9,1.0,0.7905377179857218,0.9103722411679431,1.0,197178.71922626765,2495297.9182483815
7959603239,8.303485870361328,50,0.7104455727617859,0.6630188546275335,0.45,0.2855733689645089,0.48640485136724254,0.09995067913757812,0.14592145541017276,120.0,0.9,1.0,0.6956742055854158,0.8008954227422159,1.0,197349.6246527771,2495314.4239477804
7959603240,10.84809684753418,50,0.6095617773909453,0.8261111396143819,0.45,0.296908121373312,0.4403224738390542,0.296908121373312,0.4403224738390542,15.0,0.15,0.05,0.7792328815110887,0.7792328815110887,0.8298298155398254,197337.01866759086,2495297.5364162363
7959603243,8.819087028503418,50,0.690004019142157,0.8733905281130515,0.45,0.25,0.4625020095710785,0.0875,0.13875060287132354,120.0,0.9,1.0,0.7330999631307139,0.830350244470665,1.0,197352.19150036195,2495529.3700291836
7959603254,5.672214031219482,50,0.8147651297260367,0.7722868769648581,0.45,0.36495808467235935,0.5690972128139258,0.12773532963532577,0.17072916384417772,120.0,0.9,1.0,0.7908854392864354,0.9180036000877918,1.0,196701.80872573436,2495316.648233896
7959603255,5.672214031219482,50,0.8147651297260367,0.7722868769648581,0.45,0.36433092313610466,0.5688559968384432,0.12751582309763662,0.17065679905153297,120.0,0.9,1.0,0.7908270650203686,0.9178299245854443,1.0,196689.38227294217,2495316.716231296
7959603264,5.672214031219482,50,0.8147651297260367,0.7722868769648581,0.45,0.373752852179044,0.5724798157011122,0.1308134982626654,0.17174394471033363,120.0,0.9,1.0,0.7917040291851345,0.920439074166566,1.0,196689.32547996647,2495299.2377612693
7959603265,5.672214031219482,50,0.8147651297260367,0.7722868769648581,0.45,0.3744077541310368,0.5727317010672632,0.13104271394586287,0.17181951032017898,120.0,0.9,1.0,0.7917649854437432,0.9206204316301948,1.0,196701.73070577503,2495299.136932582
7959603266,9.402441024780273,50,0.666876332546015,0.9468123225393248,0.45,0.37198770808723225,0.49785651553732757,0.13019569783053128,0.14935695466119828,120.0,0.9,1.0,0.7493955940334853,0.8674539082600514,1.0,196909.53334965894,2495298.6158371028
7959603270,6.511988162994385,50,0.781471395466574,0.8457508998079939,0.45,0.25,0.5082356977332869,0.0875,0.15247070931998608,120.0,0.9,1.0,0.7792411343226113,0.8828941320052716,1.0,196690.02409453725,2495530.1718520815
7959603271,6.511988162994385,50,0.781471395466574,0.8457508998079939,0.45,0.25,0.5082356977332869,0.0875,0.15247070931998608,120.0,0.9,1.0,0.7792411343226113,0.8828941320052716,1.0,196702.51322235545,2495530.158014848
7959603272,6.511988162994385,50,0.781471395466574,0.8457508998079939,0.45,0.25,0.5082356977332869,0.0875,0.15247070931998608,120.0,0.9,1.0,0.7792411343226113,0.8828941320052716,1.0,196702.45393284055,2495538.62742278
7959932859,7.909815788269043,10,0.7260530398212672,0.825900980972382,0.15,0.25,0.4355265199106336,0.25,0.4355265199106336,15.0,0.15,0.05,0.7729097211269194,0.7729097211269194,0.823506655155656,197359.00316120847,2495536.9835497136
7959932863,8.48190975189209,50,0.7033717691371473,0.9835643529722035,0.45,0.25,0.46918588456857363,0.0875,0.14075576537057208,120.0,0.9,1.0,0.7683967143425963,0.8665827381821967,1.0,197389.73566854262,2495537.4199739983
7959932864,8.293089866638184,50,0.7108577333323755,0.8968251239781021,0.45,0.25,0.4729288666661877,0.0875,0.1418786599998563,120.0,0.9,1.0,0.7510537663273033,0.8497638076605697,1.0,197386.92318333033,2495528.4529940593
7959932869,7.0550217628479,50,0.7599422536611814,0.5680448146436539,0.45,0.2575839179766424,0.5003880183600685,0.09015437129182483,0.15011640550802055,120.0,0.9,1.0,0.6980335985345323,0.8015738304419054,1.0,197385.50125799188,2495353.3092707237
7959932870,6.841814041137695,50,0.768395099444466,0.901065655705453,0.45,0.2783271747779535,0.5125926169445228,0.09741451117228371,0.15377778508335685,120.0,0.9,1.0,0.7881221778719476,0.8960676769653149,1.0,197403.24197091046,2495297.3845831216
7959932876,15.7983980178833,50,0.41330184816263194,0.7941259479430249,0.45,0.3316465784012947,0.3555534542356601,0.3316465784012947,0.3555534542356601,15.0,0.15,0.05,0.6532875100025948,0.6532875100025948,0.7038844440313314,197384.29200400156,2495191.5619606813
7959932877,6.687286376953125,50,0.7745215122409912,0.9376665116841053,0.45,0.2550834690169579,0.5067159365116333,0.08927921415593526,0.15201478095348997,120.0,0.9,1.0,0.7986622586754565,0.9027633407592897,1.0,197403.2714277716,2495348.015757132
7959932878,11.783329010009766,50,0.5724835084729036,0.4806621625565056,0.45,0.3563005246340706,0.444626571403402,0.3563005246340706,0.444626571403402,15.0,0.15,0.05,0.6852168895067179,0.6852168895067179,0.7358138235354545,197402.6863497792,2495121.2373933825
7959932880,8.029690742492676,50,0.7213004703870891,0.9128126237945262,0.45,0.3870022492295005,0.5308434079741217,0.13545078723032516,0.1592530223922365,120.0,0.9,1.0,0.7738591765860429,0.898487546102255,1.0,197383.0418649789,2495064.320000985
7959932882,8.560778617858887,50,0.7002449294721842,0.0,0.45,0.47503998749790516,0.5541763060814402,0.1662639956242668,0.16625289182443206,120.0,0.9,1.0,0.5416380886994412,0.6809779699255705,1.0,197362.91964978154,2494859.7841313565
7959932883,10.79101276397705,50,0.6118249363005668,0.2014002120516194,0.45,0.4953850380360418,0.5177913289333764,0.17338476331261463,0.15533739868001292,120.0,0.9,1.0,0.5425982003767421,0.6794890413721002,1.0,197362.9065634471,2494802.1364733065
7959990507,1.7846351861953735,80,0.9688923075963299,0.8137393399621557,0.95,0.4531843170909223,0.7550939680639043,0.15861451098182278,0.22652819041917127,120.0,0.9,1.0,1.0,1.0,1.0,197402.5914462621,2494875.928071183
7959990521,8.86793327331543,50,0.6880674580683995,0.7315294513912955,0.45,0.2789455191676779,0.47266662102176815,0.09763093170868727,0.14179998630653043,120.0,0.9,1.0,0.6992056483884871,0.8016418928233328,1.0,197795.4259064322,2494868.9836705695
7959990531,11.793785095214844,50,0.5720689659083734,0.7867822444628264,0.45,0.283833049685363,0.416547194371634,0.283833049685363,0.416547194371634,15.0,0.15,0.05,0.7414095411767114,0.7414095411767114,0.7920064752054481,197783.66182506108,2494871.853037005
7959990534,11.748161315917969,10,0.5738777689261707,0.8583395216689176,0.15,0.4115727143987139,0.4215822361548984,0.4115727143987139,0.4215822361548984,15.0,0.15,0.05,0.7268486434373458,0.7268486434373458,0.7774455774660824,197617.938384204,2494670.9687855104
7959990553,9.481091499328613,50,0.663758151239979,0.5929874388310803,0.45,0.41159956837112704,0.5115327557627307,0.14405984892989446,0.15345982672881922,120.0,0.9,1.0,0.6628177780215012,0.7879403077165301,1.0,197507.7522527775,2494867.617131354
7959990554,9.481091499328613,50,0.663758151239979,0.5929874388310803,0.45,0.41372852272815863,0.512351584361589,0.1448049829548555,0.1537054753084767,120.0,0.9,1.0,0.6630159345424249,0.7885298643077081,1.0,197507.53463363706,2494861.270287834
7959990555,6.4426703453063965,50,0.7842195737138272,0.7426612077711063,0.45,0.4236107040183901,0.5763831345562944,0.14826374640643653,0.17291494036688831,120.0,0.9,1.0,0.7712218048400465,0.9069848352003185,1.0,197484.66982554604,2494861.4765922776
7959990556,9.544474601745605,50,0.6612452610608645,0.7222433957020924,0.45,0.35328984055090734,0.4878494922807812,0.12365144419281757,0.14635484768423437,120.0,0.9,1.0,0.6882470008844089,0.8024736090753363,1.0,197641.82295988617,2494861.24298478
7959990557,8.47459602355957,50,0.7036617296376382,0.8326367978984803,0.45,0.3501883554158374,0.5078648476710642,0.12256592439554309,0.15235945430131925,120.0,0.9,1.0,0.7401582265146934,0.8567837913927014,1.0,197648.45666145004,2494861.3784631304
7959990558,9.544474601745605,50,0.6612452610608645,0.7222433957020924,0.45,0.3514836311441438,0.48715479635510295,0.12301927090045033,0.14614643890653087,120.0,0.9,1.0,0.6880788844703948,0.801973428008848,1.0,197641.784079294,2494867.639206113
7959990559,8.47459602355957,50,0.7036617296376382,0.8326367978984803,0.45,0.34847418362599797,0.5072055508288182,0.12196596426909928,0.15216166524864547,120.0,0.9,1.0,0.73999867667887,0.8563090976662843,1.0,197648.45218999917,2494867.4304036344
7959990565,6.912027359008789,50,0.7656114181446687,0.9099219649849716,0.45,0.2631507115238554,0.505363675043048,0.09210274903334938,0.1516091025129144,120.0,0.9,1.0,0.7873091415350635,0.8922696485391913,1.0,197428.82938823168,2495314.1605646852
7959990587,6.098417282104492,50,0.7978678507571149,0.6941041190998467,0.45,0.26576837454223573,0.522498684817879,0.0930189310897825,0.15674960544536368,120.0,0.9,1.0,0.7523070549984042,0.8600067595633979,1.0,197445.29001055454,2495297.2657794086
7959990588,10.701568603515625,50,0.6153710447085139,0.830221737751387,0.45,0.330982512695584,0.45633264262178924,0.11584387944345438,0.13689979278653677,120.0,0.9,1.0,0.6865582434735277,0.7934725400910041,1.0,197519.0170023999,2495081.017166164
7959990589,12.150772094726562,10,0.5579158384826624,0.8392650560369006,0.15,0.358364079858697,0.39313641149467615,0.358364079858697,0.39313641149467615,15.0,0.15,0.05,0.6969700734453641,0.6969700734453641,0.7475670074741008,197444.6707256842,2495081.261835151
7959990594,8.105072975158691,50,0.7183118619895397,0.9609730186581775,0.45,0.4198854930067134,0.5419965052281212,0.1469599225523497,0.16259895156843635,120.0,0.9,1.0,0.7872265535829484,0.9176911784057581,1.0,197255.14430786733,2495081.8696230776
7959990597,8.35585880279541,50,0.7083691924246543,0.8139852601427829,0.45,0.48571984258970924,0.5623460741314461,0.17000194490639822,0.16870382223943384,120.0,0.9,1.0,0.7508405242984221,0.8927125542134867,1.0,196641.25117371947,2495083.870078574
7959990599,11.98483657836914,50,0.5644945276524921,0.6264144642168137,0.45,0.4353043095881943,0.4710181521293977,0.152356508355868,0.1413054456388193,120.0,0.9,1.0,0.6158079970620115,0.7383400986065924,1.0,196346.05813951773,2495070.8696238874
7959990600,11.98483657836914,50,0.5644945276524921,0.6264144642168137,0.45,0.4329597423177337,0.47011639548691286,0.1515359098112068,0.14103491864607384,120.0,0.9,1.0,0.6155897719545302,0.7376908338240035,1.0,196337.62542320054,2495070.88111404
7959990601,10.035966873168945,50,0.6417595297717105,0.9085241656451581,0.45,0.4930646273028098,0.5318661600023206,0.17257261955598344,0.15955984800069617,120.0,0.9,1.0,0.7365252762970662,0.8750849402467564,1.0,196640.62623170594,2495069.949730013
7959990615,8.901248931884766,50,0.6867466235235891,0.7736587611096796,0.45,0.25,0.4608733117617945,0.0875,0.13826199352853835,120.0,0.9,1.0,0.7062777319211015,0.8032999955677529,1.0,197802.17643539293,2495067.7083281567
7959990620,8.583327293395996,50,0.6993509633653113,0.8722285880409981,0.45,0.25,0.46717548168265566,0.0875,0.1401526445047967,120.0,0.9,1.0,0.7382307057621301,0.836135273197702,1.0,197786.00684158353,2495066.452460563
7959990621,10.595549583435059,50,0.6195742809686624,0.7309605806758377,0.45,0.2839881427811432,0.4403595030924632,0.2839881427811432,0.4403595030924632,15.0,0.15,0.05,0.758375528876445,0.758375528876445,0.8089724629051817,197640.47457806498,2495078.4047110616
7959990622,10.595549583435059,50,0.6195742809686624,0.7309605806758377,0.45,0.28753957239572514,0.44172543755961013,0.28753957239572514,0.44172543755961013,15.0,0.15,0.05,0.7593590016927908,0.7593590016927908,0.8099559357215275,197641.71087102947,2495066.930626744
7959990623,10.669934272766113,50,0.6166252212324134,0.8477609962916715,0.45,0.2801329388003697,0.4374022024625027,0.2801329388003697,0.4374022024625027,15.0,0.15,0.05,0.7845911490033198,0.7845911490033198,0.8351880830320565,197650.29825428606,2495077.923199964
7959990624,10.669934272766113,50,0.6166252212324134,0.8477609962916715,0.45,0.28414377721949374,0.43894483262370426,0.28414377721949374,0.43894483262370426,15.0,0.15,0.05,0.7857018427193849,0.7857018427193849,0.8362987767481216,197650.13913324376,2495066.6982578347
7959990637,9.502883911132812,50,0.6628941680092164,0.8506296319536881,0.45,0.3407910154355471,0.4838667053259724,0.11927685540244147,0.1451600115977917,120.0,0.9,1.0,0.7201365737935377,0.8321807445457949,1.0,197507.1426919491,2495067.2962016077
7959990653,6.841814041137695,50,0.768395099444466,0.901065655705453,0.45,0.27061272746039366,0.5096255218223844,0.09471445461113778,0.15288765654671532,120.0,0.9,1.0,0.7874041408523902,0.8939313684773752,1.0,197403.2960235463,2495314.242296116
7959990654,8.271061897277832,50,0.7117310554917626,0.7924094656119905,0.45,0.3731415735175182,0.5207276714064653,0.13059955073113136,0.15621830142193957,120.0,0.9,1.0,0.7369180173540814,0.8583282959082638,1.0,197402.56055877067,2495081.3928688574
7959990655,8.029690742492676,50,0.7213004703870891,0.9128126237945262,0.45,0.3788836070698096,0.5277208532973174,0.13260926247443336,0.15831625598919521,120.0,0.9,1.0,0.7731035183542563,0.896239306734956,1.0,197402.51574637374,2495067.6163322954
7959990662,6.841814041137695,50,0.768395099444466,0.901065655705453,0.45,0.27576823527146865,0.5116084094420287,0.09651888234501402,0.1534825228326086,120.0,0.9,1.0,0.7878839996563441,0.895359047563519,1.0,197385.2064379619,2495314.299359144
7959990663,6.841814041137695,50,0.768395099444466,0.901065655705453,0.45,0.2835878275126667,0.5146159449194125,0.09925573962943333,0.15438478347582377,120.0,0.9,1.0,0.7886118232418711,0.8975244731072355,1.0,197385.07944581343,2495297.398744312
7959990664,8.271061897277832,50,0.7117310554917626,0.7924094656119905,0.45,0.379690643190273,0.5232465443575247,0.13289172511659555,0.1569739633072574,120.0,0.9,1.0,0.7375275846082378,0.8601418844330266,1.0,197383.33830326842,2495081.461121892
7959990665,8.029690742492676,50,0.7213004703870891,0.9128126237945262,0.45,0.3854625854178806,0.530251229585037,0.1349119048962582,0.1590753688755111,120.0,0.9,1.0,0.7737158694158843,0.898061177662114,1.0,197383.10293486103,2495067.9432685715
7959990681,5.493124008178711,50,0.8218653432358745,0.9755493830610085,0.45,0.44088600231698266,0.6018503648167768,0.15431010081094393,0.18055510944503303,120.0,0.9,1.0,0.8528863265961785,0.9944605579717349,1.0,197177.2456306133,2495082.119078815
7959990682,7.384647846221924,50,0.7468738787141619,0.8303687176751452,0.45,0.447523455946649,0.5669074993365613,0.15663320958132715,0.17007224980096838,120.0,0.9,1.0,0.7737139045880345,0.9112590037682174,1.0,197177.13798761426,2495068.2994180685
7959990732,7.838860988616943,50,0.7288661179510466,0.6793396102621693,0.45,0.4875406406031023,0.5732948438228703,0.1706392242110858,0.1719884531468611,120.0,0.9,1.0,0.7292368029102074,0.8728783643238125,1.0,196909.1712889829,2495082.982686139
7959990733,7.385544300079346,50,0.7468383378521901,0.9507322729337794,0.45,0.49492651889601413,0.5851216761937927,0.17322428161360492,0.17553650285813782,120.0,0.9,1.0,0.8081963109464979,0.9544537930701107,1.0,196909.32006358303,2495069.124684218
7959990736,11.341946601867676,50,0.5899825811966911,0.9370517112325372,0.45,0.4923945043925475,0.5057199461339408,0.1723380765373916,0.15171598384018223,120.0,0.9,1.0,0.7135641595418292,0.8483762375716121,1.0,196828.54398184363,2495083.2433975735
7959990747,8.520482063293457,50,0.7018425290272429,0.889388404735934,0.45,0.4684430369460376,0.5524378171851744,0.16395506293111314,0.1657313451555523,120.0,0.9,1.0,0.7642977737663003,0.9025366629752095,1.0,196688.787957429,2495123.377326136
7959990754,8.374860763549805,50,0.7076158395791357,0.8925744359737809,0.45,0.5556973025764697,0.5888838053959022,0.19449405590176436,0.17666514161877067,120.0,0.9,1.0,0.7765641602660769,0.9312485423564443,1.0,196687.7495776458,2494960.7279479653
7959990766,7.013213157653809,50,0.7615998000637467,0.9009421949535987,0.45,0.4897658086619437,0.5905175187480055,0.1714180330316803,0.17715525562440165,120.0,0.9,1.0,0.8038300965046767,0.9501721042554503,1.0,196688.67410990718,2495083.709668073
7959990767,8.461381912231445,50,0.7041856170668731,0.7599090693741426,0.45,0.4972498867530101,0.5646889188230558,0.17403746036355353,0.16940667564691675,120.0,0.9,1.0,0.7359681839324099,0.879667117845529,1.0,196688.62559594307,2495069.7779435953
7959990771,11.017671585083008,50,0.6028388074452813,0.8377323284118463,0.45,0.519501643931719,0.5225738821579171,0.18182557537610167,0.15677216464737512,120.0,0.9,1.0,0.6987139742025616,0.8394095314157936,1.0,196700.96648785775,2495029.8976699165
7959990777,7.278000354766846,50,0.7511020313871183,0.982170608096832,0.45,0.4997373321033931,0.5891038357333257,0.17490806623618757,0.1767311507199977,120.0,0.9,1.0,0.81897661267836,0.9664170028544667,1.0,196735.92570142698,2495069.6533613736
7959990780,7.013213157653809,50,0.7615998000637467,0.9009421949535987,0.45,0.4905759027752434,0.590829093406967,0.17170156597133518,0.1772487280220901,120.0,0.9,1.0,0.8039054975721455,0.9503964380099025,1.0,196701.21440677735,2495083.661616197
7959990781,8.461381912231445,50,0.7041856170668731,0.7599090693741426,0.45,0.49805644363276425,0.5649991330075766,0.17431975527146748,0.169499739902273,120.0,0.9,1.0,0.7360432557650639,0.879890472058384,1.0,196701.15626776346,2495069.76333544
7959990816,8.964900970458984,50,0.684223071085883,0.8290636837665312,0.45,0.3651721022349944,0.5039084979410162,0.12781023578224804,0.15117254938230487,120.0,0.9,1.0,0.7293851670717789,0.8474047300740706,1.0,196142.38460932253,2495084.107317455
7959990817,9.512843132019043,50,0.6624993241564812,0.7805926850392604,0.45,0.3703821705778539,0.49505049691587666,0.12963375970224886,0.148515149074763,120.0,0.9,1.0,0.7051525813012822,0.8226093330446258,1.0,196142.454310873,2495071.4922012486
7959990818,13.499095916748047,50,0.5044601135114636,0.7321897762815361,0.45,0.445699195260677,0.44499897800983834,0.445699195260677,0.44499897800983834,15.0,0.15,0.05,0.7286401411557921,0.7286401411557921,0.7792370751845288,196142.37498125405,2494874.318243466
7959990819,9.041126251220703,50,0.681201039154309,0.7889562122370073,0.45,0.42648528725392515,0.5259794762132796,0.1492698505388738,0.15779384286398387,120.0,0.9,1.0,0.7233123632746934,0.8523925772875627,1.0,196337.7057898026,2495084.8455030224
7959990831,9.041126251220703,50,0.681201039154309,0.7889562122370073,0.45,0.4287995571604478,0.5268695800234806,0.15007984500615673,0.1580608740070442,120.0,0.9,1.0,0.723527768396762,0.8530334520309075,1.0,196346.12798687792,2495084.8231356777
7959990836,9.799997329711914,50,0.6511147920689432,0.7780389058838316,0.45,0.473091264450505,0.528861728515435,0.16558194255767672,0.1586585185546305,120.0,0.9,1.0,0.7074709543313381,0.8430134607020647,1.0,196546.3945148383,2495084.1693821596
7959990844,8.577812194824219,50,0.6995696152852929,0.8155572658577629,0.45,0.479267012579109,0.5554644278653806,0.16774345440268812,0.16663932835961418,120.0,0.9,1.0,0.7455291614238122,0.8855988929602499,1.0,196587.34148300288,2495084.0368128186
7959990859,11.989192008972168,50,0.564321851996508,0.6000011348328258,0.45,0.47891753025737294,0.4877061299433974,0.16762113559008052,0.14631183898301922,120.0,0.9,1.0,0.6131638972209058,0.74370203434644,1.0,196538.30472649029,2495070.263457936
7959990870,9.062305450439453,50,0.6803613673855121,0.9862415347669864,0.45,0.4869592566539499,0.5488188593288906,0.17043573982888247,0.1646456577986672,120.0,0.9,1.0,0.7777754152792882,0.9179147589503464,1.0,196590.1861905161,2495070.103360345
7959990871,17.00055694580078,10,0.365640985117075,0.4466404466244255,0.15,0.5392868657600254,0.3665846716970088,0.18875040301600887,0.10997540150910264,120.0,0.9,1.0,0.4025078143755199,0.5239369609619045,1.0,196564.1191557137,2494961.340155514
7961465892,7.101207733154297,10,0.7581111619857965,0.7751194530754255,0.15,0.25,0.4515555809928983,0.0875,0.1354666742978695,120.0,0.9,1.0,0.6853343372206183,0.7810521185596242,1.0,196477.27553452528,2495796.6241193125
7961465962,12.647290229797363,50,0.5382308515099006,0.7197442124956347,0.45,0.25,0.3866154257549503,0.25,0.3866154257549503,15.0,0.15,0.05,0.6932861066053441,0.6932861066053441,0.7438830406340807,196003.89418821217,2496243.6885769004
7961465981,11.479872703552246,50,0.584514354916341,0.9620701737228792,0.45,0.25,0.4097571774581705,0.25,0.4097571774581705,15.0,0.15,0.05,0.7839518741263414,0.7839518741263414,0.834548808155078,196568.43548593222,2496399.9372283905
7961467090,8.705080032348633,50,0.6945239471681306,0.8539090127278653,0.45,0.25,0.4647619735840653,0.0875,0.13942859207521957,120.0,0.9,1.0,0.730851142539482,0.8284178188412512,1.0,196567.60803906014,2495957.365367099
7961467128,12.048407554626465,50,0.5619741890161344,0.7489565975079834,0.45,0.25,0.3984870945080672,0.25,0.3984870945080672,15.0,0.15,0.05,0.7160223722374832,0.7160223722374832,0.7666193062662199,196351.60565548996,2496625.7953372817
7961467136,7.355692386627197,50,0.74802184855585,0.9231166734025511,0.45,0.25,0.491510924277925,0.0875,0.14745327728337748,120.0,0.9,1.0,0.7791818405130307,0.8804933699119404,1.0,196342.9395755193,2495956.9067232204
7961467144,7.355692386627197,50,0.74802184855585,0.9231166734025511,0.45,0.25,0.491510924277925,0.0875,0.14745327728337748,120.0,0.9,1.0,0.7791818405130307,0.8804933699119404,1.0,196350.61107294058,2495956.95455749
7961511682,5.821568012237549,10,0.8088438330744018,0.7219372054083653,0.15,0.25,0.4769219165372009,0.0875,0.14307657496116027,120.0,0.9,1.0,0.7014637245352444,0.8007327928504526,1.0,196245.37259967026,2496079.1543875565
7961542786,7.637043476104736,50,0.7368673868354378,0.9450494098106393,0.45,0.25,0.4859336934177189,0.0875,0.14578010802531566,120.0,0.9,1.0,0.7781954368172137,0.8787261538956944,1.0,196004.35899209394,2496402.3823680365
7961542788,11.620841979980469,50,0.578925478752425,0.7490165576877486,0.45,0.25,0.40696273937621247,0.25,0.40696273937621247,15.0,0.15,0.05,0.7270557006110134,0.7270557006110134,0.7776526346397501,196004.92313927616,2496600.4008335993
7961542789,12.287971496582031,50,0.552476422986166,0.5719628011336122,0.45,0.25,0.39373821149308297,0.25,0.39373821149308297,15.0,0.15,0.05,0.6656003752244111,0.6656003752244111,0.7161973092531477,196005.11162102385,2496663.9980327236
7961542792,13.584369659423828,50,0.5010793457305406,0.5469197108636688,0.45,0.25,0.3680396728652703,0.25,0.3680396728652703,15.0,0.15,0.05,0.6259315024407686,0.6259315024407686,0.6765284364695052,196039.62882116233,2496402.2050898145
7961542798,13.584369659423828,50,0.5010793457305406,0.5469197108636688,0.45,0.25,0.3680396728652703,0.25,0.3680396728652703,15.0,0.15,0.05,0.6259315024407686,0.6259315024407686,0.6765284364695052,196040.21471095434,2496419.8394697355
7961542813,7.84903621673584,10,0.7284627102629532,0.8539738841589354,0.15,0.25,0.4367313551314766,0.25,0.4367313551314766,15.0,0.15,0.05,0.7814942327106535,0.7814942327106535,0.8320911667393902,196245.567567973,2496111.3942728443
7961542817,9.51988697052002,10,0.6622200637240093,0.858706804591133,0.15,0.25,0.40361003186200467,0.25,0.40361003186200467,15.0,0.15,0.05,0.7396197425683894,0.7396197425683894,0.790216676597126,196244.7797358046,2495958.6040151636
7961542845,12.778342247009277,50,0.5330351555839042,0.883916901246466,0.45,0.25,0.3840175777919521,0.25,0.3840175777919521,15.0,0.15,0.05,0.7309520764411543,0.7309520764411543,0.781549010469891,196247.3813999279,2496401.3969486784
7961542848,12.778342247009277,50,0.5330351555839042,0.883916901246466,0.45,0.25,0.3840175777919521,0.25,0.3840175777919521,15.0,0.15,0.05,0.7309520764411543,0.7309520764411543,0.781549010469891,196246.5750384939,2496418.925836791
7961542885,26.223188400268555,50,0.0,0.0,0.45,0.25,0.11750000000000001,0.25,0.11750000000000001,15.0,0.15,0.05,0.1635,0.1635,0.21409693402873667,196247.63138083444,2496794.446677229
7961542899,12.048407554626465,50,0.5619741890161344,0.7489565975079834,0.45,0.25,0.3984870945080672,0.25,0.3984870945080672,15.0,0.15,0.05,0.7160223722374832,0.7160223722374832,0.7666193062662199,196344.760790315,2496634.210558294
7961542900,14.375899314880371,50,0.4696983147960011,0.7384088270539568,0.45,0.25,0.35234915739800055,0.25,0.35234915739800055,15.0,0.15,0.05,0.6534061113808899,0.6534061113808899,0.7040030454096265,196344.13919067488,2496418.492446039
7961542901,14.375899314880371,50,0.4696983147960011,0.7384088270539568,0.45,0.25,0.35234915739800055,0.25,0.35234915739800055,15.0,0.15,0.05,0.6534061113808899,0.6534061113808899,0.7040030454096265,196344.0822536113,2496401.0360711957
7961542902,11.56930160522461,50,0.5809688514592359,0.6258889126451466,0.45,0.25,0.40798442572961796,0.25,0.40798442572961796,15.0,0.15,0.05,0.69760198160979,0.69760198160979,0.7481989156385267,196343.51181400707,2496193.607934873
7961542903,8.617786407470703,50,0.697984795316773,0.6992310840056661,0.45,0.25,0.4664923976583865,0.0875,0.13994771929751595,120.0,0.9,1.0,0.6941889522851449,0.7919978879573191,1.0,196343.46355273633,2496185.4398895027
7961542904,12.048407554626465,50,0.5619741890161344,0.7489565975079834,0.45,0.25,0.3984870945080672,0.25,0.3984870945080672,15.0,0.15,0.05,0.7160223722374832,0.7160223722374832,0.7666193062662199,196351.61738284264,2496634.19687584
7961542905,14.375899314880371,50,0.4696983147960011,0.7384088270539568,0.45,0.25,0.35234915739800055,0.25,0.35234915739800055,15.0,0.15,0.05,0.6534061113808899,0.6534061113808899,0.7040030454096265,196351.30441154796,2496418.46158882
7961542906,14.375899314880371,50,0.4696983147960011,0.7384088270539568,0.45,0.25,0.35234915739800055,0.25,0.35234915739800055,15.0,0.15,0.05,0.6534061113808899,0.6534061113808899,0.7040030454096265,196351.2783577824,2496401.004604315
7961542907,11.56930160522461,50,0.5809688514592359,0.6258889126451466,0.45,0.25,0.40798442572961796,0.25,0.40798442572961796,15.0,0.15,0.05,0.69760198160979,0.69760198160979,0.7481989156385267,196351.0073555588,2496193.6148963277
7961542908,8.617786407470703,50,0.697984795316773,0.6992310840056661,0.45,0.25,0.4664923976583865,0.0875,0.13994771929751595,120.0,0.9,1.0,0.6941889522851449,0.7919978879573191,1.0,196350.96917104739,2496185.435568094
7961542909,12.048407554626465,50,0.5619741890161344,0.7489565975079834,0.45,0.25,0.3984870945080672,0.25,0.3984870945080672,15.0,0.15,0.05,0.7160223722374832,0.7160223722374832,0.7666193062662199,196344.73942505027,2496625.842462247
7961542910,13.43482494354248,50,0.5070082042677013,0.6258084730242608,0.45,0.25,0.37100410213385066,0.25,0.37100410213385066,15.0,0.15,0.05,0.6495074510300711,0.6495074510300711,0.7001043850588078,196247.1835507023,2496634.433789968
7961542911,13.43482494354248,50,0.5070082042677013,0.6258084730242608,0.45,0.25,0.37100410213385066,0.25,0.37100410213385066,15.0,0.15,0.05,0.6495074510300711,0.6495074510300711,0.7001043850588078,196247.15644407488,2496626.298567425
7961542916,15.1974458694458,10,0.4371272321268219,0.6387266374636353,0.15,0.25,0.29106361606341097,0.25,0.29106361606341097,15.0,0.15,0.05,0.5383143602483431,0.5383143602483431,0.5889112942770798,196246.09228451224,2496193.6170793623
7961542917,11.311598777770996,80,0.5911857528027183,0.6328248153798648,0.95,0.25,0.4880928764013591,0.0875,0.14642786292040774,120.0,0.9,1.0,0.7201439404705429,0.8209769431667332,1.0,196246.03499460767,2496185.5157107166
7961542921,15.765551567077637,10,0.4146040804690486,0.660219489065838,0.15,0.25,0.2798020402345243,0.25,0.2798020402345243,15.0,0.15,0.05,0.5290475245713412,0.5290475245713412,0.5796444586000778,196569.97401198978,2496624.7036001906
7961542928,12.248184204101562,50,0.5540538323068704,0.9226484952593551,0.45,0.25,0.3945269161534352,0.25,0.3945269161534352,15.0,0.15,0.05,0.7542971148143046,0.7542971148143046,0.8048940488430413,196569.4311207626,2496417.496944838
7961542936,16.949159622192383,10,0.36767868640974155,0.7873655389988639,0.15,0.25,0.2563393432048708,0.25,0.2563393432048708,15.0,0.15,0.05,0.530332530916048,0.530332530916048,0.5809294649447847,196385.77156614425,2496418.3120554755
7961542945,16.949159622192383,10,0.36767868640974155,0.7873655389988639,0.15,0.25,0.2563393432048708,0.25,0.2563393432048708,15.0,0.15,0.05,0.530332530916048,0.530332530916048,0.5809294649447847,196383.57356076455,2496400.8758546254
7961542987,10.243358612060547,10,0.6335372647828246,0.7645303899647973,0.15,0.25,0.3892686323914123,0.25,0.3892686323914123,15.0,0.15,0.05,0.6974318196000354,0.6974318196000354,0.7480287536287721,196567.24114262644,2496193.6080618836
7961542988,10.172781944274902,50,0.6363353514745488,0.7400262260819677,0.45,0.25,0.4356676757372744,0.25,0.4356676757372744,15.0,0.15,0.05,0.7621245349789487,0.7621245349789487,0.8127214690076854,196567.1483298844,2496185.263566497
7961771623,6.899074554443359,50,0.7661249457907331,0.8019188401894084,0.45,0.25,0.5005624728953666,0.0875,0.15016874186860998,120.0,0.9,1.0,0.7593821786059772,0.8619609248113287,1.0,196705.86235922162,2496353.528612394
7961771626,14.31284236907959,10,0.4721982741508664,0.6483376940158835,0.15,0.25,0.30859913707543324,0.25,0.30859913707543324,15.0,0.15,0.05,0.5635133017020342,0.5635133017020342,0.6141102357307708,196706.33634588507,2496463.528866586
7961771629,13.376009941101074,50,0.5093399872884704,0.5503089510845092,0.45,0.25,0.3721699936442352,0.25,0.3721699936442352,15.0,0.15,0.05,0.6321482295086331,0.6321482295086331,0.6827451635373698,197353.13335227116,2496182.2114360495
7961771682,15.284225463867188,50,0.43368676325967176,0.0,0.45,0.25,0.3343433816298359,0.25,0.3343433816298359,15.0,0.15,0.05,0.4453963961187867,0.4453963961187867,0.49599333014752334,196005.27497336362,2496722.164493624
7961786798,8.792498588562012,50,0.6910581459844687,0.8064911078695793,0.45,0.25,0.46302907299223434,0.0875,0.13890872189767028,120.0,0.9,1.0,0.7169865016383866,0.8143105718572995,1.0,196689.45813312073,2496147.9988864106
7961786812,11.542015075683594,50,0.5820506548025725,0.6171194204609023,0.45,0.25,0.4085253274012862,0.25,0.4085253274012862,15.0,0.15,0.05,0.6961127807368978,0.6961127807368978,0.7467097147656344,196739.61286741373,2496184.6720714257
7961786849,9.333380699157715,50,0.6696143022478083,0.8897696942607785,0.45,0.25,0.4523071511239041,0.0875,0.13569214533717122,120.0,0.9,1.0,0.7253687188689234,0.8211917200262701,1.0,196689.94249586103,2496185.0323499315
7961786850,9.333380699157715,50,0.6696143022478083,0.8897696942607785,0.45,0.25,0.4523071511239041,0.0875,0.13569214533717122,120.0,0.9,1.0,0.7253687188689234,0.8211917200262701,1.0,196705.9106090549,2496184.9940651935
7961786851,8.987152099609375,50,0.6833409015204305,0.888255216940937,0.45,0.25,0.45917045076021523,0.0875,0.13775113522806456,120.0,0.9,1.0,0.7329515271170839,0.8297353902235141,1.0,196690.0282574984,2496191.4594286433
7961786852,8.987152099609375,50,0.6833409015204305,0.888255216940937,0.45,0.25,0.45917045076021523,0.0875,0.13775113522806456,120.0,0.9,1.0,0.7329515271170839,0.8297353902235141,1.0,196706.21489967313,2496191.538752004
7961786863,26.223188400268555,50,0.0,0.0,0.45,0.25,0.11750000000000001,0.25,0.11750000000000001,15.0,0.15,0.05,0.1635,0.1635,0.21409693402873667,197394.4418751867,2496778.8818236063
7961786893,10.222296714782715,50,0.634372285992023,0.9636588711360135,0.45,0.25,0.4346861429960115,0.25,0.4346861429960115,15.0,0.15,0.05,0.8167567036788183,0.8167567036788183,0.8673536377075549,197431.71458309045,2496181.882167422
7961786904,10.716621398925781,50,0.6147742607028092,0.8000142640857072,0.45,0.25,0.4248871303514046,0.25,0.4248871303514046,15.0,0.15,0.05,0.7631068354782528,0.7631068354782528,0.8137037695069894,197436.84110262792,2496190.725961699
7961786907,10.716621398925781,50,0.6147742607028092,0.8000142640857072,0.45,0.25,0.4248871303514046,0.25,0.4248871303514046,15.0,0.15,0.05,0.7631068354782528,0.7631068354782528,0.8137037695069894,197408.6539204988,2496216.9852066273
7961993768,14.476314544677734,50,0.4657172467326038,0.6316501918821116,0.45,0.25,0.3503586233663019,0.25,0.3503586233663019,15.0,0.15,0.05,0.6241287583467204,0.6241287583467204,0.6747256923754571,197457.1856826311,2496397.1418153923
7962005188,12.75657844543457,50,0.533898004531838,0.8391497489158533,0.45,0.25,0.384449002265919,0.25,0.384449002265919,15.0,0.15,0.05,0.7203211401746581,0.7203211401746581,0.7709180742033948,197457.99401655304,2496413.6078252965
7962005192,12.840744972229004,10,0.5305611334963928,0.8430818492930564,0.15,0.25,0.3377805667481964,0.25,0.3377805667481964,15.0,0.15,0.05,0.6501351990959195,0.6501351990959195,0.7007321331246562,197392.20853572036,2496345.3519193633
7962005231,6.899074554443359,50,0.7661249457907331,0.8019188401894084,0.45,0.25,0.5005624728953666,0.0875,0.15016874186860998,120.0,0.9,1.0,0.7593821786059772,0.8619609248113287,1.0,196689.9163496485,2496350.507274433
7962005236,15.482587814331055,10,0.42582247793158234,0.8662265621259939,0.15,0.25,0.2854112389657912,0.25,0.2854112389657912,15.0,0.15,0.05,0.587841251187027,0.587841251187027,0.6384381852157637,196630.65232582088,2496399.9271163847
7962005244,15.090481758117676,10,0.4413679375297513,0.8034221122271465,0.15,0.25,0.2931839687648757,0.25,0.2931839687648757,15.0,0.15,0.05,0.5822446874511251,0.5822446874511251,0.6328416214798618,196649.95723911107,2496417.147262672
7962005264,13.137900352478027,50,0.5187800939413039,0.9079801193977642,0.45,0.25,0.3768900469706519,0.25,0.3768900469706519,15.0,0.15,0.05,0.7277020909112887,0.7277020909112887,0.7782990249400253,196769.3562838261,2496416.617729521
7962005294,14.59808349609375,50,0.4608895877751534,0.7858537557149323,0.45,0.25,0.3479447938875767,0.25,0.3479447938875767,15.0,0.15,0.05,0.6595416709825829,0.6595416709825829,0.7101386050113195,196707.04692342388,2496624.0679350784
7962005295,26.223188400268555,50,0.0,0.0,0.45,0.25,0.11750000000000001,0.25,0.11750000000000001,15.0,0.15,0.05,0.1635,0.1635,0.21409693402873667,196693.97682336852,2496827.0542852315
7962005297,9.601822853088379,50,0.6589716289397897,0.8407647400002632,0.45,0.25,0.4469858144698948,0.25,0.4469858144698948,15.0,0.15,0.05,0.8020227438109291,0.8020227438109291,0.8526196778396657,196692.18489562662,2496416.878351296
7962005298,9.324920654296875,50,0.66994970968031,0.8524269353620202,0.45,0.25,0.452474854840155,0.0875,0.1357424564520465,120.0,0.9,1.0,0.7162275654550848,0.8120740451327066,1.0,196691.7740537313,2496399.72828974
7962005300,14.59808349609375,50,0.4608895877751534,0.7858537557149323,0.45,0.25,0.3479447938875767,0.25,0.3479447938875767,15.0,0.15,0.05,0.6595416709825829,0.6595416709825829,0.7101386050113195,196707.09764391085,2496633.410825562
7962005301,9.601822853088379,50,0.6589716289397897,0.8407647400002632,0.45,0.25,0.4469858144698948,0.25,0.4469858144698948,15.0,0.15,0.05,0.8020227438109291,0.8020227438109291,0.8526196778396657,196706.13603576418,2496416.9020448783
7962005302,9.324920654296875,50,0.66994970968031,0.8524269353620202,0.45,0.25,0.452474854840155,0.0875,0.1357424564520465,120.0,0.9,1.0,0.7162275654550848,0.8120740451327066,1.0,196706.06308455806,2496399.6566381496
7962005327,10.807316780090332,50,0.6111785463258121,0.8356796160946378,0.45,0.25,0.42308927316290607,0.25,0.42308927316290607,15.0,0.15,0.05,0.7696859591354374,0.7696859591354374,0.820282893164174,197393.64232719812,2496622.3578291293
7962005328,10.807316780090332,50,0.6111785463258121,0.8356796160946378,0.45,0.25,0.42308927316290607,0.25,0.42308927316290607,15.0,0.15,0.05,0.7696859591354374,0.7696859591354374,0.820282893164174,197407.99699266307,2496621.9751542807
7962005329,10.807316780090332,50,0.6111785463258121,0.8356796160946378,0.45,0.25,0.42308927316290607,0.25,0.42308927316290607,15.0,0.15,0.05,0.7696859591354374,0.7696859591354374,0.820282893164174,197393.6852055046,2496631.3239633483
7962005330,10.807316780090332,50,0.6111785463258121,0.8356796160946378,0.45,0.25,0.42308927316290607,0.25,0.42308927316290607,15.0,0.15,0.05,0.7696859591354374,0.7696859591354374,0.820282893164174,197408.02299184934,2496631.1300485465
7962005345,12.23743724822998,50,0.5544799067468277,0.9041673731557298,0.45,0.25,0.39473995337341383,0.25,0.39473995337341383,15.0,0.15,0.05,0.7499537826743705,0.7499537826743705,0.8005507167031072,197512.7620521987,2496413.3711791136
7962005346,17.229103088378906,50,0.3565800314045106,0.852468704839137,0.45,0.25,0.2957900157022553,0.25,0.2957900157022553,15.0,0.15,0.05,0.6083941966227162,0.6083941966227162,0.6589911306514529,197514.19880315423,2496630.5341623225
7962005347,17.229103088378906,50,0.3565800314045106,0.852468704839137,0.45,0.25,0.2957900157022553,0.25,0.2957900157022553,15.0,0.15,0.05,0.6083941966227162,0.6083941966227162,0.6589911306514529,197514.14261579543,2496621.934071989
7962005352,26.223188400268555,50,0.0,0.0,0.45,0.25,0.11750000000000001,0.25,0.11750000000000001,15.0,0.15,0.05,0.1635,0.1635,0.21409693402873667,197515.50112155115,2496825.1771212034
7962005353,13.097871780395508,50,0.5203670690471986,0.6951901493459072,0.45,0.25,0.3776835345235993,0.25,0.3776835345235993,15.0,0.15,0.05,0.675536132217156,0.675536132217156,0.7261330662458927,197484.18468176824,2495961.4625705467
7962005378,26.223188400268555,50,0.0,0.0,0.45,0.25,0.11750000000000001,0.25,0.11750000000000001,15.0,0.15,0.05,0.1635,0.1635,0.21409693402873667,197624.6043476881,2496824.83448823
7962005386,26.223188400268555,50,0.0,0.0,0.45,0.25,0.11750000000000001,0.25,0.11750000000000001,15.0,0.15,0.05,0.1635,0.1635,0.21409693402873667,197667.28597786062,2496824.692165774
7962005392,10.26977825164795,50,0.6324898302092034,0.8795156333234981,0.45,0.25,0.43374491510460167,0.25,0.43374491510460167,15.0,0.15,0.05,0.7944972979668568,0.7944972979668568,0.8450942319955934,197391.40710353263,2496190.789915755
7962005396,11.275282859802246,50,0.5926255358068513,0.8857732707960976,0.45,0.25,0.41381276790342564,0.25,0.41381276790342564,15.0,0.15,0.05,0.7701499159734777,0.7701499159734777,0.8207468500022144,197409.35144188622,2496413.8237080523
7962005397,11.002352714538574,60,0.6034461402812946,0.7837776791924873,0.55,0.25,0.4342230701406473,0.25,0.4342230701406473,15.0,0.15,0.05,0.7746844109809634,0.7746844109809634,0.8252813450097001,197409.29369036842,2496397.3096501427
7962005398,10.716621398925781,50,0.6147742607028092,0.8000142640857072,0.45,0.25,0.4248871303514046,0.25,0.4248871303514046,15.0,0.15,0.05,0.7631068354782528,0.7631068354782528,0.8137037695069894,197408.56063398224,2496190.8287544665
7962005399,10.222296714782715,50,0.634372285992023,0.9636588711360135,0.45,0.25,0.4346861429960115,0.25,0.4346861429960115,15.0,0.15,0.05,0.8167567036788183,0.8167567036788183,0.8673536377075549,197408.53049619333,2496181.9842994893
7962005405,12.67448902130127,50,0.5371525266339061,0.822214908060422,0.45,0.25,0.38607626331695305,0.25,0.38607626331695305,15.0,0.15,0.05,0.7182028693271445,0.7182028693271445,0.7687998033558812,197509.3707953617,2496396.96714196
7962005407,11.866191864013672,50,0.569198322925028,0.7951527809221441,0.45,0.25,0.402099161462514,0.25,0.402099161462514,15.0,0.15,0.05,0.7322671051318044,0.7322671051318044,0.782864039160541,197513.75496701623,2496190.4299578224
7962005408,9.15852165222168,50,0.6765467742319676,0.7935314481248843,0.45,0.25,0.4557733871159838,0.0875,0.13673201613479513,120.0,0.9,1.0,0.7053299910857622,0.801638265282,1.0,197513.9090505127,2496181.5264619305
7962005411,12.897451400756836,10,0.5283129471201126,0.9069600393891891,0.15,0.25,0.3366564735600563,0.25,0.3366564735600563,15.0,0.15,0.05,0.6646434254753706,0.6646434254753706,0.7152403595041072,197648.79219231714,2495960.7592551964
7962005424,21.45517349243164,50,0.18903299742177512,0.788349577336759,0.45,0.25,0.21201649871088757,0.25,0.21201649871088757,15.0,0.15,0.05,0.4834588426583436,0.4834588426583436,0.5340557766870803,197641.39559480775,2496629.8242835514
7962005425,21.45517349243164,50,0.18903299742177512,0.788349577336759,0.45,0.25,0.21201649871088757,0.25,0.21201649871088757,15.0,0.15,0.05,0.4834588426583436,0.4834588426583436,0.5340557766870803,197641.37777182937,2496621.6003029435
7962005426,16.668941497802734,50,0.3787882305301298,0.3935271233628129,0.45,0.25,0.3068941152650649,0.25,0.3068941152650649,15.0,0.15,0.05,0.5080941306852876,0.5080941306852876,0.5586910647140243,197651.51494401786,2496629.7690925794
7962005427,16.668941497802734,50,0.3787882305301298,0.3935271233628129,0.45,0.25,0.3068941152650649,0.25,0.3068941152650649,15.0,0.15,0.05,0.5080941306852876,0.5080941306852876,0.5586910647140243,197651.49778102717,2496621.578351701
7962005428,11.919331550598145,50,0.5670915438080824,0.9556884496714992,0.45,0.25,0.40104577190404117,0.25,0.40104577190404117,15.0,0.15,0.05,0.7710316158931283,0.7710316158931283,0.821628549921865,197650.63937201753,2496412.7726508277
7962005429,12.788134574890137,50,0.5326469283810041,0.8536828209960475,0.45,0.25,0.38382346419050206,0.25,0.38382346419050206,15.0,0.15,0.05,0.7231412086966645,0.7231412086966645,0.7737381427254012,197650.5763878277,2496396.502577871
7962005430,12.596192359924316,50,0.5402566806422915,0.35691875150079255,0.45,0.25,0.38762834032114574,0.25,0.38762834032114574,15.0,0.15,0.05,0.6038965302926876,0.6038965302926876,0.6544934643214243,197649.73161715316,2496189.9356334126
7962005431,12.596192359924316,50,0.5402566806422915,0.35691875150079255,0.45,0.25,0.38762834032114574,0.25,0.38762834032114574,15.0,0.15,0.05,0.6038965302926876,0.6038965302926876,0.6544934643214243,197649.69900029863,2496180.958237432
7962005432,11.866191864013672,50,0.569198322925028,0.7951527809221441,0.45,0.25,0.402099161462514,0.25,0.402099161462514,15.0,0.15,0.05,0.7322671051318044,0.7322671051318044,0.782864039160541,197507.95917120273,2496190.466536707
7962005433,8.376124382019043,50,0.7075657420875265,0.5586905974618273,0.45,0.25,0.47128287104376326,0.0875,0.14138486131312897,120.0,0.9,1.0,0.6646107797762222,0.7630903817223491,1.0,197639.8175954373,2496189.9756598184
7962005434,9.15852165222168,50,0.6765467742319676,0.7935314481248843,0.45,0.25,0.4557733871159838,0.0875,0.13673201613479513,120.0,0.9,1.0,0.7053299910857622,0.801638265282,1.0,197507.91770755278,2496181.5668922593
7962005435,8.376124382019043,50,0.7075657420875265,0.5586905974618273,0.45,0.25,0.47128287104376326,0.0875,0.14138486131312897,120.0,0.9,1.0,0.6646107797762222,0.7630903817223491,1.0,197639.7954827182,2496181.0091402563
7962005463,5.003366470336914,50,0.8412822991761704,0.5184471367214165,0.45,0.25,0.5381411495880852,0.0875,0.16144234487642556,120.0,0.9,1.0,0.732105517702533,0.8399452786448649,1.0,197639.42779484554,2496078.1457950044
7962005468,12.870244979858398,50,0.5293915744715282,0.5101091194212238,0.45,0.25,0.3821957872357641,0.25,0.3821957872357641,15.0,0.15,0.05,0.6351318032617993,0.6351318032617993,0.685728737290536,197791.68639966712,2496180.368999563
7962005469,11.940264701843262,50,0.566261626871614,0.7907103157066776,0.45,0.25,0.400630813435807,0.25,0.400630813435807,15.0,0.15,0.05,0.7292476363932185,0.7292476363932185,0.7798445704219552,197792.4083950164,2495962.787301746
7962005475,12.575738906860352,50,0.5410675794366622,0.8613819941702017,0.45,0.25,0.3880337897183311,0.25,0.3880337897183311,15.0,0.15,0.05,0.7305394251763808,0.7305394251763808,0.7811363592051175,197640.6225778759,2496412.814719707
7962005476,12.693739891052246,50,0.5363893055277761,0.9140975299171495,0.45,0.25,0.38569465276388804,0.25,0.38569465276388804,15.0,0.15,0.05,0.740677431072342,0.740677431072342,0.7912743651010786,197640.56965653092,2496396.533363213
7963887445,13.330084800720215,50,0.5111607380853986,0.839233728929063,0.45,0.5529959092982921,0.4896172572343501,0.19354856825440223,0.14688517717030503,120.0,0.9,1.0,0.6490335872641765,0.7894694714857635,1.0,196336.13738753874,2494791.879212439
7963887456,9.364055633544922,50,0.6683981620081041,0.6658854280408226,0.45,0.5685508071778449,0.5742186222263002,0.1989927825122457,0.17226558666789005,120.0,0.9,1.0,0.69834201995069,0.8526442319954919,1.0,196327.0601500423,2494741.0495484057
7963896350,9.031486511230469,50,0.6815832168487884,0.7206391092382449,0.45,0.45632361841520036,0.5376468462763944,0.1597132664453201,0.16129405388291831,120.0,0.9,1.0,0.7092320106420426,0.8438246395147139,1.0,195967.23100940068,2494251.0302620414
7965680795,10.844594955444336,50,0.609700613609201,0.7828174341982921,0.45,0.25,0.4223503068046005,0.25,0.4223503068046005,15.0,0.15,0.05,0.7555097573955538,0.7555097573955538,0.8061066914242905,196677.491102617,2495861.1240889374
7965680848,15.629191398620605,10,0.420010223669231,0.18015804883519426,0.15,0.25,0.2825051118346155,0.25,0.2825051118346155,15.0,0.15,0.05,0.4125461575937988,0.4125461575937988,0.4631430916225355,195128.54125299107,2494599.937506164
7965680850,21.608051300048828,50,0.18297199493504906,0.9456718334301915,0.45,0.25,0.20898599746752455,0.25,0.20898599746752455,15.0,0.15,0.05,0.5188497550653297,0.5188497550653297,0.5694466890940664,195314.7818919383,2494700.5683009615
7965680865,8.384024620056152,50,0.7072525287890434,0.6540330528166456,0.45,0.33008477991648794,0.5019281028239402,0.11552967297077077,0.15057843084718206,120.0,0.9,1.0,0.6957187748017258,0.808899730586221,1.0,195934.39308525622,2494955.1238348302
7965680871,14.626072883605957,10,0.45977991888365394,0.6385095410831416,0.15,0.25,0.302389959441827,0.25,0.302389959441827,15.0,0.15,0.05,0.5529843325451604,0.5529843325451604,0.6035812665738971,195201.6323467348,2494606.8118618834
7965680872,19.317413330078125,50,0.27378676163386634,0.5333254626160319,0.45,0.25,0.2543933808169332,0.25,0.2543933808169332,15.0,0.15,0.05,0.4747927607160211,0.4747927607160211,0.5253896947447577,195213.02359207137,2494644.3276692196
7965696088,22.681692123413086,10,0.1404063681662768,0.6081924344605434,0.15,0.25,0.1427031840831384,0.25,0.1427031840831384,15.0,0.15,0.05,0.3378122479232158,0.3378122479232158,0.38840918195195245,195575.90974047943,2494863.0743645485
7965696089,27.095348358154297,50,0.0,0.84779750882261,0.45,0.25,0.11750000000000001,0.25,0.11750000000000001,15.0,0.15,0.05,0.3754493772056525,0.3754493772056525,0.4260463112343892,195575.32558912027,2494870.4901703233
7965696093,18.608999252319336,10,0.3018725875222083,0.45489049053959485,0.15,0.25,0.22343629376110416,0.25,0.22343629376110416,15.0,0.15,0.05,0.40443980452433415,0.40443980452433415,0.4550367385530708,195580.4901879987,2494866.10935442
7965696102,15.59242057800293,10,0.42146804177034325,0.8360364208860355,0.15,0.25,0.28323402088517163,0.25,0.28323402088517163,15.0,0.15,0.05,0.577463332372232,0.577463332372232,0.6280602664009687,195585.01634829794,2494642.906271346
7965696138,13.637980461120605,10,0.49895388875634583,0.7382012432427381,0.15,0.25,0.3219769443781729,0.25,0.3219769443781729,15.0,0.15,0.05,0.6033703385023094,0.6033703385023094,0.653967272531046,195915.61107699154,2495333.8086986803
7965696210,10.553991317749023,50,0.6212219023964749,0.8644992440487554,0.45,0.3418150491917582,0.46342443165660596,0.11963526721711536,0.1390273294969818,120.0,0.9,1.0,0.6995293766730695,0.8088447534999229,1.0,195933.80239654693,2494916.9506405904
7965696228,15.515684127807617,50,0.42451033955512674,0.42399004169890764,0.45,0.25,0.32975516977756336,0.25,0.32975516977756336,15.0,0.15,0.05,0.5454292311355593,0.5454292311355593,0.596026165164296,195991.33043545036,2496381.8796791215
7965696230,15.42384147644043,50,0.4281515386735621,0.0,0.45,0.25,0.33157576933678107,0.25,0.33157576933678107,15.0,0.15,0.05,0.44179850013781535,0.44179850013781535,0.492395434166552,195992.57582272752,2496726.605767213
7965696231,6.750488758087158,50,0.7720157869484124,0.6990451240048041,0.45,0.36672067290045424,0.5484004599743809,0.12835223551515898,0.16452013799231427,120.0,0.9,1.0,0.7479444385243226,0.8723941903977949,1.0,195986.06842730055,2494911.2056471803
7965696232,4.693553924560547,50,0.8535651454547586,0.5246121398884583,0.45,0.35119049920936407,0.5832019955002116,0.12291667472327741,0.17496059865006347,120.0,0.9,1.0,0.7501893196468999,0.8774923639141469,1.0,195986.229959114,2494958.919678782
7965696306,10.389106750488281,10,0.6277589255770569,0.5022255597539071,0.15,0.25,0.38637946278852847,0.25,0.38637946278852847,15.0,0.15,0.05,0.6280996915635639,0.6280996915635639,0.6786966255923006,195935.2307244643,2495387.111984885
7965696319,10.791910171508789,10,0.6117893576291674,0.6687057260231282,0.15,0.25,0.3783946788145837,0.25,0.3783946788145837,15.0,0.15,0.05,0.659339513964741,0.659339513964741,0.7099364479934777,195960.0677125859,2495347.670688362
7965696332,12.027673721313477,10,0.5627962037822283,0.9006866429985678,0.15,0.25,0.35389810189111415,0.25,0.35389810189111415,15.0,0.15,0.05,0.6854891932080904,0.6854891932080904,0.7360861272368271,195988.47016040498,2495583.0679371683
7965696340,16.918960571289062,10,0.3688759597450586,0.7496656772958861,0.15,0.25,0.2569379798725293,0.25,0.2569379798725293,15.0,0.15,0.05,0.5216857931582597,0.5216857931582597,0.5722827271869964,195542.720423816,2495849.016723855
7965696350,14.466212272644043,50,0.4661177619994835,0.5162615822087204,0.45,0.25,0.35055888099974175,0.25,0.35055888099974175,15.0,0.15,0.05,0.5955419408518444,0.5955419408518444,0.6461388748805811,195990.54909403843,2496164.0359855797
7965696351,20.872377395629883,10,0.21213856550275384,0.6532577188181794,0.15,0.25,0.17856928275137693,0.25,0.17856928275137693,15.0,0.15,0.05,0.3957044972813349,0.3957044972813349,0.44630143131007155,195991.03898044222,2496300.5942139183
7966386931,14.318657875061035,50,0.47196771226118145,0.585839470172302,0.45,0.25,0.35348385613059075,0.25,0.35348385613059075,15.0,0.15,0.05,0.6167388805128435,0.6167388805128435,0.6673358145415802,196471.5979384592,2495530.6734779254
7966386945,12.845314979553223,50,0.530379950719192,0.4685860154646244,0.45,0.25,0.382689975359596,0.25,0.382689975359596,15.0,0.15,0.05,0.6253934718336309,0.6253934718336309,0.6759904058623676,196111.83773948136,2495710.422025664
7967774247,29.557891845703125,50,0.0,0.8103186057462975,0.45,0.25,0.11750000000000001,0.25,0.11750000000000001,15.0,0.15,0.05,0.3660796514365744,0.3660796514365744,0.41667658546531106,195267.94649751758,2496595.158641172
7967774249,23.53238868713379,50,0.10667960253217298,0.7981453303155045,0.45,0.25,0.1708398012660865,0.25,0.1708398012660865,15.0,0.15,0.05,0.4323780742247886,0.4323780742247886,0.48297500825352524,195029.85630623403,2496533.934686036
7967774255,23.314678192138672,50,0.11531096552801055,0.6467075161980698,0.45,0.25,0.17515548276400528,0.25,0.17515548276400528,15.0,0.15,0.05,0.4001290066427243,0.4001290066427243,0.450725940671461,195405.12318440754,2496645.8404012425
7973099504,16.841447830200195,10,0.3719490344039325,0.6640387260271334,0.15,0.25,0.2584745172019663,0.25,0.2584745172019663,15.0,0.15,0.05,0.5022765538693394,0.5022765538693394,0.5528734878980761,195569.08561481768,2495851.9634569935
7973099505,22.171661376953125,10,0.16062707691912148,0.6369065658757105,0.15,0.25,0.15281353845956072,0.25,0.15281353845956072,15.0,0.15,0.05,0.3581342414663566,0.3581342414663566,0.40873117549509325,195346.10414967727,2495817.878340025
7973099506,21.628278732299805,10,0.1821700569750265,0.4836879224987378,0.15,0.25,0.16358502848751325,0.25,0.16358502848751325,15.0,0.15,0.05,0.3338325176584517,0.3338325176584517,0.38442945168718834,195399.420362424,2495814.360172923
7973099507,16.825416564941406,10,0.3725846108823851,0.5546356204379006,0.15,0.25,0.2587923054411926,0.25,0.2587923054411926,15.0,0.15,0.05,0.47533890218302544,0.47533890218302544,0.5259358362117621,194716.7629137733,2495717.270717968
7973099508,22.985546112060547,10,0.128359755191518,0.42629780530960626,0.15,0.25,0.136679877595759,0.25,0.136679877595759,15.0,0.15,0.05,0.2845082922018883,0.2845082922018883,0.33510522623062494,194681.76864041272,2495698.7794071953
7973099509,18.586137771606445,50,0.3027789551213437,0.6828023046833502,0.45,0.25,0.26888947756067183,0.25,0.26888947756067183,15.0,0.15,0.05,0.531006896999711,0.531006896999711,0.5816038310284477,194607.0441076794,2495686.6867010486
7973099511,26.223188400268555,50,0.0,1.0,0.45,0.25,0.11750000000000001,0.25,0.11750000000000001,15.0,0.15,0.05,0.41350000000000003,0.41350000000000003,0.4640969340287367,194416.0453933233,2495668.560685318
7973099522,19.03792953491211,10,0.2848671924949798,0.6019518552418691,0.15,0.25,0.2149335962474899,0.25,0.2149335962474899,15.0,0.15,0.05,0.4301516389322042,0.4301516389322042,0.48074857296094087,194563.24463324854,2495724.556973913
7973099523,19.03792953491211,10,0.2848671924949798,0.6019518552418691,0.15,0.25,0.2149335962474899,0.25,0.2149335962474899,15.0,0.15,0.05,0.4301516389322042,0.4301516389322042,0.48074857296094087,194582.72643632925,2495727.716548026
7973099524,26.223188400268555,50,0.0,0.0,0.45,0.25,0.11750000000000001,0.25,0.11750000000000001,15.0,0.15,0.05,0.1635,0.1635,0.21409693402873667,194369.8303730907,2495693.1673652483
7973099528,23.212480545043945,10,0.1193626994116475,0.7924153066632997,0.15,0.25,0.13218134970582374,0.25,0.13218134970582374,15.0,0.15,0.05,0.3701895812833958,0.3701895812833958,0.42078651531213246,194602.72593690216,2495743.967479972
7973099529,18.266685485839844,50,0.3154439790944113,0.915138601948899,0.45,0.25,0.27522198954720567,0.25,0.27522198954720567,15.0,0.15,0.05,0.5973232368985921,0.5973232368985921,0.6479201709273288,194826.64181937155,2495780.295923072
7973099530,19.532997131347656,10,0.2652397136616427,0.7200128293327774,0.15,0.25,0.20511985683082132,0.25,0.20511985683082132,15.0,0.15,0.05,0.44690902121326215,0.44690902121326215,0.4975059552419988,194873.68239041005,2495774.4288426866
7973099531,19.922391891479492,50,0.2498017462662245,0.8760770779408906,0.45,0.25,0.24240087313311226,0.25,0.24240087313311226,15.0,0.15,0.05,0.5448904045582686,0.5448904045582686,0.5954873385870053,194961.33491856453,2495788.427423999
7973099532,21.36015510559082,10,0.1928001019342169,0.7390230434003939,0.15,0.25,0.16890005096710844,0.25,0.16890005096710844,15.0,0.15,0.05,0.40457582710733947,0.40457582710733947,0.45517276113607613,194997.1909531111,2495804.7185876663
7973099533,21.11870002746582,50,0.20237284405917477,0.7817303787881245,0.45,0.25,0.21868642202958738,0.25,0.21868642202958738,15.0,0.15,0.05,0.4904749433354948,0.4904749433354948,0.5410718773642315,195080.97639597766,2495807.544099877
7973099537,24.3453311920166,10,0.07444963651906748,0.4926778488070809,0.15,0.25,0.10972481825953373,0.25,0.10972481825953373,15.0,0.15,0.05,0.26606172593916405,0.26606172593916405,0.3166586599679007,195250.66390250792,2495832.70705318
7973099538,15.429255485534668,10,0.4279368945529092,0.8070961215800764,0.15,0.25,0.2864684472764546,0.25,0.2864684472764546,15.0,0.15,0.05,0.5744330118544101,0.5744330118544101,0.6250299458831468,195723.10107980354,2495887.5619465457
7973099541,16.955791473388672,10,0.36741575965000567,0.8320308067059274,0.15,0.25,0.25620787982500287,0.25,0.25620787982500287,15.0,0.15,0.05,0.5413279454489857,0.5413279454489857,0.5919248794777223,195595.33027810807,2495896.622439737
7973099584,15.799765586853027,10,0.4132476294434112,0.8610705826918349,0.15,0.25,0.2791238147217056,0.25,0.2791238147217056,15.0,0.15,0.05,0.5783786048111761,0.5783786048111761,0.6289755388399128,195552.1162984757,2495878.912980296
7973114848,23.652286529541016,50,0.10192612567173175,0.6045073747921778,0.45,0.25,0.16846306283586587,0.25,0.16846306283586587,15.0,0.15,0.05,0.38087882538467005,0.38087882538467005,0.4314757594134067,195116.8829000541,2495781.780917105
7973114851,26.03179168701172,10,0.007588125268683245,0.41591036575375884,0.15,0.25,0.07629406263434163,0.25,0.07629406263434163,15.0,0.15,0.05,0.20340987286308382,0.20340987286308382,0.2540068068918205,195094.075615248,2495842.93096698
7973114859,22.06488609313965,50,0.16486029605538022,0.6405899566722735,0.45,0.25,0.1999301480276901,0.25,0.1999301480276901,15.0,0.15,0.05,0.43080668160406554,0.43080668160406554,0.4814036156328022,195090.41064615414,2495777.6067039715
7973114863,20.749509811401367,10,0.21700978092083348,0.7680389783605499,0.15,0.25,0.18100489046041673,0.25,0.18100489046041673,15.0,0.15,0.05,0.42756610218867924,0.42756610218867924,0.4781630362174159,195215.97189966583,2495829.3940460305
7975286295,27.674022674560547,50,0.0,0.7779771814681609,0.45,0.25,0.11750000000000001,0.25,0.11750000000000001,15.0,0.15,0.05,0.35799429536704025,0.35799429536704025,0.4085912293957769,194947.38812283543,2496748.0029132166
7975286312,24.487659454345703,50,0.06880688192077943,0.7382113279966309,0.45,0.25,0.1519034409603897,0.25,0.1519034409603897,15.0,0.15,0.05,0.39277730524766435,0.39277730524766435,0.443374239276401,195000.1582812582,2496471.4884096463
7975286318,22.30556297302246,50,0.15531840642336803,0.9463176808575445,0.45,0.25,0.195159203211684,0.25,0.195159203211684,15.0,0.15,0.05,0.5010363843895753,0.5010363843895753,0.551633318418312,194983.51580005663,2496576.476602576
7975286323,23.030536651611328,50,0.12657605763366672,0.902934225900013,0.45,0.25,0.18078802881683337,0.25,0.18078802881683337,15.0,0.15,0.05,0.4715079939368867,0.4715079939368867,0.5221049279656234,195039.22973567643,2496554.365225337
7975286330,30.866073608398438,50,0.0,0.8105633100346115,0.45,0.25,0.11750000000000001,0.25,0.11750000000000001,15.0,0.15,0.05,0.3661408275086529,0.3661408275086529,0.41673776153738956,195079.6434766418,2495983.6326814583
7975286343,23.769540786743164,10,0.09727745654467959,0.6962614935201046,0.15,0.25,0.12113872827233979,0.25,0.12113872827233979,15.0,0.15,0.05,0.33179572013406783,0.33179572013406783,0.3823926541628045,195377.63371456758,2496097.7944441764
7975286345,21.208803176879883,10,0.19880060933673568,0.7940285096707783,0.15,0.25,0.17190030466836784,0.25,0.17190030466836784,15.0,0.15,0.05,0.4222275234865728,0.4222275234865728,0.47282445751530944,195459.0823568948,2495900.3210845855
7975286412,18.36378288269043,10,0.3115944500297371,0.8592451230320902,0.15,0.25,0.22829722501486857,0.25,0.22829722501486857,15.0,0.15,0.05,0.5118476732773517,0.5118476732773517,0.5624446073060884,195459.7784505852,2495879.347047996
7975286415,21.705827713012695,50,0.1790955455579027,0.9009225618688923,0.45,0.25,0.20704777277895137,0.25,0.20704777277895137,15.0,0.15,0.05,0.5051427450798599,0.5051427450798599,0.5557396791085966,195460.15068220405,2496028.965376928
7975286422,24.564472198486328,50,0.06576155938178561,0.7863400411171866,0.45,0.25,0.1503807796908928,0.25,0.1503807796908928,15.0,0.15,0.05,0.4028300238774573,0.4028300238774573,0.453426957906194,195091.16210871184,2496054.0217067874
7975286429,18.9896297454834,10,0.28678208876670563,0.7694006347053239,0.15,0.25,0.2158910443833528,0.25,0.2158910443833528,15.0,0.15,0.05,0.4732585163746897,0.4732585163746897,0.5238554504034263,195464.48182941205,2496107.1894209986
7975286430,24.564472198486328,50,0.06576155938178561,0.7863400411171866,0.45,0.25,0.1503807796908928,0.25,0.1503807796908928,15.0,0.15,0.05,0.4028300238774573,0.4028300238774573,0.453426957906194,195076.19964724,2496051.8359132363
7975286455,21.345115661621094,50,0.19339635660793475,0.0,0.45,0.25,0.21419817830396737,0.25,0.21419817830396737,15.0,0.15,0.05,0.28920763179515757,0.28920763179515757,0.33980456582389423,195962.1527587297,2496118.2663780265
7975286462,25.158864974975586,50,0.04219622866083166,0.10692127864952228,0.45,0.25,0.13859811433041586,0.25,0.13859811433041586,15.0,0.15,0.05,0.21765786829192116,0.21765786829192116,0.26825480232065785,195925.9217604603,2496099.0544065083
7975286488,17.316373825073242,50,0.35312009068213124,0.1515754245180727,0.45,0.25,0.2940600453410656,0.25,0.2940600453410656,15.0,0.15,0.05,0.43092191507290345,0.43092191507290345,0.4815188491016401,195925.19535141822,2496055.607784828
7975286500,23.769540786743164,10,0.09727745654467959,0.6962614935201046,0.15,0.25,0.12113872827233979,0.25,0.12113872827233979,15.0,0.15,0.05,0.33179572013406783,0.33179572013406783,0.3823926541628045,195378.51489550812,2496091.8690773556
7975286501,25.219568252563477,50,0.03978958297335607,0.7708410617991811,0.45,0.25,0.13739479148667805,0.25,0.13739479148667805,15.0,0.15,0.05,0.38207349438247673,0.38207349438247673,0.4326704284112134,195064.9421833196,2496043.3472199193
7975286514,22.55484962463379,50,0.14543517327871636,0.27050509406429024,0.45,0.25,0.19021758663935817,0.25,0.19021758663935817,15.0,0.15,0.05,0.32565913614723824,0.32565913614723824,0.3762560701759749,195757.47544441238,2496103.02244928
7975286521,20.8468017578125,50,0.2131525387329229,0.04261821763347107,0.45,0.25,0.22407626936646147,0.25,0.22407626936646147,15.0,0.15,0.05,0.3127037045847677,0.3127037045847677,0.36330063861350437,195758.7418160403,2496098.862961501
7975286522,21.91704559326172,50,0.17072158914536703,0.9063314707452494,0.45,0.25,0.20286079457268352,0.25,0.20286079457268352,15.0,0.15,0.05,0.501051900630801,0.501051900630801,0.5516488346595376,194982.6418858969,2496521.083737762
7975286528,24.487659454345703,50,0.06880688192077943,0.7382113279966309,0.45,0.25,0.1519034409603897,0.25,0.1519034409603897,15.0,0.15,0.05,0.39277730524766435,0.39277730524766435,0.443374239276401,194987.7418666135,2496489.6472190525
7975286534,22.92133331298828,50,0.1309055395726703,0.755729618354767,0.45,0.25,0.18295276978633515,0.25,0.18295276978633515,15.0,0.15,0.05,0.43752100531092747,0.43752100531092747,0.48811793933966413,194943.57722957415,2496509.04641749
7975286536,21.89827537536621,50,0.17146575429997168,0.8046025767762088,0.45,0.25,0.20323287714998584,0.25,0.20323287714998584,15.0,0.15,0.05,0.47610338448903383,0.47610338448903383,0.5267003185177704,194946.32940130308,2496530.9718354987
7975286544,23.12721824645996,50,0.12274301347943904,0.7676307246355804,0.45,0.25,0.17887150673971952,0.25,0.17887150673971952,15.0,0.15,0.05,0.4351906399205305,0.4351906399205305,0.48578757394926714,194972.84136191197,2496581.2553809937
7975286574,24.433717727661133,10,0.07094545876636156,0.7016494461348262,0.15,0.25,0.10797272938318078,0.25,0.10797272938318078,15.0,0.15,0.05,0.31602690973184155,0.31602690973184155,0.3666238437605782,195469.07463204343,2496625.329592053
7975286578,15.780527114868164,50,0.41401035902698197,0.6281436299735479,0.45,0.25,0.324505179513491,0.25,0.324505179513491,15.0,0.15,0.05,0.5896426408609253,0.5896426408609253,0.640239574889662,195660.36700429115,2495899.013486566
7975286583,26.775846481323242,10,0.0,0.5065820780715395,0.15,0.25,0.07250000000000001,0.25,0.07250000000000001,15.0,0.15,0.05,0.22114551951788491,0.22114551951788491,0.2717424535466216,195468.03822713078,2496329.6122431397
7977050923,25.190349578857422,50,0.04094798821706997,0.8074732150843886,0.45,0.25,0.137973994108535,0.25,0.137973994108535,15.0,0.15,0.05,0.39198449611219266,0.39198449611219266,0.4425814301409293,195032.54735963856,2496268.7126010163
7977050954,38.95133590698242,50,0.0,0.7867412855805852,0.45,0.25,0.11750000000000001,0.25,0.11750000000000001,15.0,0.15,0.05,0.3601853213951463,0.3601853213951463,0.41078225542388297,195338.0704535129,2496323.7663424164
7977050964,16.161663055419922,10,0.3988998212748356,0.8551372666130466,0.15,0.25,0.2719499106374178,0.25,0.2719499106374178,15.0,0.15,0.05,0.5675692004819048,0.5675692004819048,0.6181661345106415,195535.51694956148,2496106.811749745
7977050965,22.87422752380371,50,0.13277309844100388,0.2151849977770628,0.45,0.25,0.18388654922050196,0.25,0.18388654922050196,15.0,0.15,0.05,0.30359876343091824,0.30359876343091824,0.3541956974596549,195544.82747287338,2496532.249510486
7977056072,26.223188400268555,50,0.0,0.0,0.45,0.25,0.11750000000000001,0.25,0.11750000000000001,15.0,0.15,0.05,0.1635,0.1635,0.21409693402873667,195546.76857505227,2497095.2889319966
7977056073,18.761213302612305,50,0.29583790039711244,0.6910468174805453,0.45,0.25,0.2654189501985562,0.25,0.2654189501985562,15.0,0.15,0.05,0.5285563396282594,0.5285563396282594,0.5791532736569961,195539.70007764426,2496680.214525256
7977056074,19.690885543823242,50,0.258980060442151,0.31059959607580534,0.45,0.25,0.24699003022107552,0.25,0.24699003022107552,15.0,0.15,0.05,0.4094869383063495,0.4094869383063495,0.4600838723350862,195539.52801711846,2496664.7887176643
7977056078,18.761213302612305,50,0.29583790039711244,0.6910468174805453,0.45,0.25,0.2654189501985562,0.25,0.2654189501985562,15.0,0.15,0.05,0.5285563396282594,0.5285563396282594,0.5791532736569961,195547.3081242373,2496682.269411649
7977056079,19.690885543823242,50,0.258980060442151,0.31059959607580534,0.45,0.25,0.24699003022107552,0.25,0.24699003022107552,15.0,0.15,0.05,0.4094869383063495,0.4094869383063495,0.4600838723350862,195547.05809751822,2496666.5458774096
7977056082,20.301837921142578,50,0.2347582068198377,0.6559786950872037,0.45,0.25,0.23487910340991885,0.25,0.23487910340991885,15.0,0.15,0.05,0.4800875082046955,0.4800875082046955,0.5306844422334321,195532.7977641811,2496332.129932133
7977056084,20.301837921142578,50,0.2347582068198377,0.6559786950872037,0.45,0.25,0.23487910340991885,0.25,0.23487910340991885,15.0,0.15,0.05,0.4800875082046955,0.4800875082046955,0.5306844422334321,195541.089497649,2496332.309135356
7977056101,26.223188400268555,50,0.0,0.0,0.45,0.25,0.11750000000000001,0.25,0.11750000000000001,15.0,0.15,0.05,0.1635,0.1635,0.21409693402873667,195908.73548944207,2496757.0961138606
7977056103,26.223188400268555,50,0.0,0.0,0.45,0.25,0.11750000000000001,0.25,0.11750000000000001,15.0,0.15,0.05,0.1635,0.1635,0.21409693402873667,195943.9101976218,2496752.6751531353
7977056115,17.990978240966797,10,0.3263746846221118,0.6312383620032793,0.15,0.25,0.2356873423110559,0.25,0.2356873423110559,15.0,0.15,0.05,0.4644531355051925,0.4644531355051925,0.5150500695339292,195705.8875141919,2496403.6058160816
7977056116,23.21818733215332,50,0.11913644779671231,0.28671894653945607,0.45,0.25,0.17706822389835616,0.25,0.17706822389835616,15.0,0.15,0.05,0.312618427702727,0.312618427702727,0.3632153617314637,195934.6849282597,2496403.2964025005
7977056117,17.5753231048584,10,0.34285377241673703,0.43149452905677466,0.15,0.25,0.24392688620836853,0.25,0.24392688620836853,15.0,0.15,0.05,0.4252285843350727,0.4252285843350727,0.4758255183638094,195941.65669356543,2496405.452767497
7977056124,12.688529968261719,10,0.5365958584309163,0.4616210982015665,0.15,0.25,0.34079792921545815,0.25,0.34079792921545815,15.0,0.15,0.05,0.5586925825304873,0.5586925825304873,0.6092895165592239,195991.4979978577,2496426.224092569
7977056128,17.5753231048584,10,0.34285377241673703,0.43149452905677466,0.15,0.25,0.24392688620836853,0.25,0.24392688620836853,15.0,0.15,0.05,0.4252285843350727,0.4252285843350727,0.4758255183638094,195941.64011675084,2496401.4960482977
7979238484,19.0613956451416,10,0.28393685371872734,0.726616388168519,0.15,0.25,0.21446842685936365,0.25,0.21446842685936365,15.0,0.15,0.05,0.46071305195930257,0.46071305195930257,0.5113099859880392,195760.14150275226,2496102.9917993178
7979256597,16.948339462280273,10,0.36771120251750294,0.6572202165032157,0.15,0.25,0.2563556012587515,0.25,0.2563556012587515,15.0,0.15,0.05,0.49781733576218085,0.49781733576218085,0.5484142697909176,195707.52427079465,2496332.933844445
7979256612,16.948339462280273,10,0.36771120251750294,0.6572202165032157,0.15,0.25,0.2563556012587515,0.25,0.2563556012587515,15.0,0.15,0.05,0.49781733576218085,0.49781733576218085,0.5484142697909176,195710.19602670276,2496333.712213264
7979256626,17.540172576904297,10,0.3442473523003067,0.0,0.15,0.25,0.24462367615015332,0.25,0.24462367615015332,15.0,0.15,0.05,0.31826077899519933,0.31826077899519933,0.368857713023936,195721.53615450044,2496709.5518813743
7979256640,17.540172576904297,10,0.3442473523003067,0.0,0.15,0.25,0.24462367615015332,0.25,0.24462367615015332,15.0,0.15,0.05,0.31826077899519933,0.31826077899519933,0.368857713023936,195699.04238947696,2496703.9457351062
7979256646,17.990978240966797,10,0.3263746846221118,0.6312383620032793,0.15,0.25,0.2356873423110559,0.25,0.2356873423110559,15.0,0.15,0.05,0.4644531355051925,0.4644531355051925,0.5150500695339292,195708.7711856317,2496403.6484269574
7979256647,17.461711883544922,50,0.3473580095302443,0.7081284594520416,0.45,0.25,0.29117900476512215,0.25,0.29117900476512215,15.0,0.15,0.05,0.5663148210576692,0.5663148210576692,0.6169117550864058,195874.76760712912,2496528.2600086476
7979256648,23.505844116210938,10,0.10773199014081365,0.3390469464128125,0.15,0.25,0.12636599507040683,0.25,0.12636599507040683,15.0,0.15,0.05,0.24928753019473204,0.24928753019473204,0.2998844642234687,195707.7082070005,2496530.284197184
7979256649,23.505844116210938,10,0.10773199014081365,0.3390469464128125,0.15,0.25,0.12636599507040683,0.25,0.12636599507040683,15.0,0.15,0.05,0.24928753019473204,0.24928753019473204,0.2998844642234687,195711.4239439966,2496530.2327257707
7979256695,17.540172576904297,10,0.3442473523003067,0.0,0.15,0.25,0.24462367615015332,0.25,0.24462367615015332,15.0,0.15,0.05,0.31826077899519933,0.31826077899519933,0.368857713023936,195716.68674102466,2496723.048782659
7979256736,26.223188400268555,50,0.0,0.0,0.45,0.25,0.11750000000000001,0.25,0.11750000000000001,15.0,0.15,0.05,0.1635,0.1635,0.21409693402873667,195551.54024931137,2496936.6900416054
7979256811,26.223188400268555,50,0.0,0.0,0.45,0.25,0.11750000000000001,0.25,0.11750000000000001,15.0,0.15,0.05,0.1635,0.1635,0.21409693402873667,194946.82198148704,2496816.404101464
7979256822,34.802330017089844,50,0.0,0.7604449441099601,0.45,0.25,0.11750000000000001,0.25,0.11750000000000001,15.0,0.15,0.05,0.35361123602749006,0.35361123602749006,0.4042081700562267,195294.02431510866,2496681.729898462
7979256831,38.29568862915039,50,0.0,0.0,0.45,0.25,0.11750000000000001,0.25,0.11750000000000001,15.0,0.15,0.05,0.1635,0.1635,0.21409693402873667,195285.9702040411,2496713.745838481
7979256832,26.223188400268555,50,0.0,0.0,0.45,0.25,0.11750000000000001,0.25,0.11750000000000001,15.0,0.15,0.05,0.1635,0.1635,0.21409693402873667,195162.78690994316,2496788.1058133114
7979256862,27.507944107055664,10,0.0,0.8095698664120572,0.15,0.25,0.07250000000000001,0.25,0.07250000000000001,15.0,0.15,0.05,0.2968924666030143,0.2968924666030143,0.347489400631751,195200.95634260902,2496595.368876028
7979256883,36.34702682495117,50,0.0,0.6234022221361826,0.45,0.25,0.11750000000000001,0.25,0.11750000000000001,15.0,0.15,0.05,0.3193505555340457,0.3193505555340457,0.36994748956278234,195182.41940569069,2496688.9997108406
7986450947,28.323762893676758,50,0.0,0.8794031632845152,0.45,0.25,0.11750000000000001,0.25,0.11750000000000001,15.0,0.15,0.05,0.38335079082112883,0.38335079082112883,0.4339477248498655,194779.33014482656,2496317.5154186855
7986450948,25.190349578857422,50,0.04094798821706997,0.8074732150843886,0.45,0.25,0.137973994108535,0.25,0.137973994108535,15.0,0.15,0.05,0.39198449611219266,0.39198449611219266,0.4425814301409293,195022.33223098237,2496268.117411328
7986450971,0.0,50,1.0,0.0,0.45,0.25,0.6175,0.0875,0.18525,120.0,0.9,1.0,0.69455,0.8135000000000001,1.0,194501.91386913497,2496375.405469021
7986471593,23.652679443359375,50,0.10191054818754837,0.8560922665815764,0.45,0.25,0.1684552740937742,0.25,0.1684552740937742,15.0,0.15,0.05,0.4437649229673006,0.4437649229673006,0.49436185699603724,194758.3868668439,2496453.1488731154
7992164359,14.847780227661133,10,0.450990096576621,0.32036392658261015,0.15,0.25,0.2979950482883105,0.25,0.2979950482883105,15.0,0.15,0.05,0.46773454442045626,0.46773454442045626,0.5183314784491929,198824.6287953129,2495737.6023823423
7992164372,14.847780227661133,10,0.450990096576621,0.32036392658261015,0.15,0.25,0.2979950482883105,0.25,0.2979950482883105,15.0,0.15,0.05,0.46773454442045626,0.46773454442045626,0.5183314784491929,198834.95360182197,2495737.499682991
7992170511,6.555044174194336,50,0.7797643943326693,0.6540454263090105,0.45,0.25,0.5073821971663346,0.0875,0.15221465914990037,120.0,0.9,1.0,0.7303247052902008,0.8338582128934877,1.0,198870.09751233144,2495428.8895849413
7992170512,14.567410469055176,50,0.4621056523960023,0.8817535546492575,0.45,0.25,0.34855282619800115,0.25,0.34855282619800115,15.0,0.15,0.05,0.6843070627197159,0.6843070627197159,0.7349039967484525,199051.32421590103,2495509.5309705017
7992170513,9.367053985595703,50,0.6682792891676368,0.6174104478622515,0.45,0.25,0.4516396445838184,0.0875,0.1354918933751455,120.0,0.9,1.0,0.6565045996827922,0.7522341499245269,1.0,199138.73912772257,2495547.9753437648
7992170518,14.567410469055176,50,0.4621056523960023,0.8817535546492575,0.45,0.25,0.34855282619800115,0.25,0.34855282619800115,15.0,0.15,0.05,0.6843070627197159,0.6843070627197159,0.7349039967484525,199054.62146379484,2495502.827143083
7992170524,6.854066848754883,10,0.7679093239182817,0.713492547199986,0.15,0.25,0.45645466195914086,0.0875,0.13693639858774226,120.0,0.9,1.0,0.6756105446726,0.7720141973468797,1.0,198833.58468739677,2495452.382755874
7992170550,6.854066848754883,10,0.7679093239182817,0.713492547199986,0.15,0.25,0.45645466195914086,0.0875,0.13693639858774226,120.0,0.9,1.0,0.6756105446726,0.7720141973468797,1.0,198825.61978762673,2495459.954027717
7992170555,3.936988115310669,50,0.8835599977011868,0.8169151314794425,0.45,0.25,0.5592799988505934,0.0875,0.167783999655178,120.0,0.9,1.0,0.8312435815365489,0.9420427813756321,1.0,198824.32408961834,2495412.773213806
7992170556,3.6985116004943848,50,0.8930146515313008,0.6955365832911029,0.45,0.25,0.5640073257656504,0.0875,0.1692021977296951,120.0,0.9,1.0,0.8063826437109303,0.9178436693181213,1.0,198832.9732777158,2495402.816580473
7992170569,10.28780460357666,50,0.6317751564081497,0.5090718440728254,0.45,0.25,0.43338757820407486,0.25,0.43338757820407486,15.0,0.15,0.05,0.7014218126835037,0.7014218126835037,0.7520187467122403,198833.22981820372,2495340.2763457843
7992170585,19.19565773010254,50,0.27861389125932995,0.6138918462356833,0.45,0.25,0.256806945629665,0.25,0.256806945629665,15.0,0.15,0.05,0.4980719908774853,0.4980719908774853,0.548668924906222,199417.9070300025,2495564.3782534846
7992170611,26.223188400268555,50,0.0,0.0,0.45,0.25,0.11750000000000001,0.25,0.11750000000000001,15.0,0.15,0.05,0.1635,0.1635,0.21409693402873667,199661.2234549916,2495115.7905030684
7993875250,8.662633895874023,50,0.6962067691730662,0.7203249322008909,0.45,0.25,0.4656033845865331,0.0875,0.13968101537595992,120.0,0.9,1.0,0.6984311591706011,0.7961156330127158,1.0,198832.80332882935,2495097.4038696126
7993875258,7.737630844116211,50,0.7328794941703534,0.6561553094059713,0.45,0.25,0.4839397470851767,0.0875,0.145181924125553,120.0,0.9,1.0,0.7036589339702978,0.8039104985622225,1.0,198833.62506315025,2495190.270580084
7993875260,12.595364570617676,50,0.5402894992254739,0.8488158543965617,0.45,0.25,0.3876447496127369,0.25,0.3876447496127369,15.0,0.15,0.05,0.7268921380956985,0.7268921380956985,0.7774890721244352,198954.5423596396,2495170.709590442
7993875261,11.550878524780273,50,0.5816992539821835,0.7763682698453175,0.45,0.25,0.40834962699109173,0.25,0.40834962699109173,15.0,0.15,0.05,0.7356965825497487,0.7356965825497487,0.7862935165784853,198863.37331855838,2495190.3857223475
7993875263,13.03038501739502,50,0.5230426531934032,0.8802876653398977,0.45,0.25,0.37902132659670157,0.25,0.37902132659670157,15.0,0.15,0.05,0.7235496409106865,0.7235496409106865,0.7741465749394232,198957.4218626934,2495143.2095359243
7993875264,12.927956581115723,50,0.5271035369585264,0.8098775467698939,0.45,0.25,0.3810517684792632,0.25,0.3810517684792632,15.0,0.15,0.05,0.7085866857155156,0.7085866857155156,0.7591836197442523,198920.04841751663,2495143.3212198396
7993875265,12.251518249511719,50,0.5539216505478776,0.9028923610587933,0.45,0.25,0.3944608252739388,0.25,0.3944608252739388,15.0,0.15,0.05,0.7492721631208189,0.7492721631208189,0.7998690971495556,198920.34748933773,2495181.6987676825
7993875266,11.111154556274414,10,0.5991325761113231,0.6271358698150299,0.15,0.25,0.37206628805566155,0.25,0.37206628805566155,15.0,0.15,0.05,0.6407201419261175,0.6407201419261175,0.6913170759548541,198863.26661206357,2495163.9306253395
7993875267,12.927956581115723,50,0.5271035369585264,0.8098775467698939,0.45,0.25,0.3810517684792632,0.25,0.3810517684792632,15.0,0.15,0.05,0.7085866857155156,0.7085866857155156,0.7591836197442523,198920.20535585156,2495163.4131831094
8002408089,26.223188400268555,50,0.0,1.0,0.45,0.25,0.11750000000000001,0.25,0.11750000000000001,15.0,0.15,0.05,0.41350000000000003,0.41350000000000003,0.4640969340287367,198417.83932470903,2496734.869037594
8002408174,12.310590744018555,50,0.5515796589816484,0.8653288998243965,0.45,0.25,0.3932898294908242,0.25,0.3932898294908242,15.0,0.15,0.05,0.7383590032941707,0.7383590032941707,0.7889559373229074,198245.92679793749,2496407.402358514
8002408175,16.93729019165039,50,0.3681492625460188,0.6456213667468806,0.45,0.25,0.30157463127300943,0.25,0.30157463127300943,15.0,0.15,0.05,0.5642023623416325,0.5642023623416325,0.6147992963703691,198088.10547491885,2496408.40985991
8002408176,13.378666877746582,10,0.5092346502230946,0.7926581275105792,0.15,0.25,0.3271173251115473,0.25,0.3271173251115473,15.0,0.15,0.05,0.6236670545226564,0.6236670545226564,0.674263988551393,198088.80988931347,2496397.6334856683
8002408178,7.998744487762451,50,0.722527367408954,0.6718576049915861,0.45,0.25,0.47876368370447697,0.0875,0.14362910511134308,120.0,0.9,1.0,0.7015802743450897,0.8011071900637166,1.0,198441.61096833379,2496398.8583720294
8002408180,7.724362850189209,50,0.7334055178322494,0.7182278517347589,0.45,0.25,0.4842027589161247,0.0875,0.1452608276748374,120.0,0.9,1.0,0.7194821632763942,0.8197705495246518,1.0,198441.7376602462,2496408.454562367
8002408185,10.79044246673584,50,0.6118475463382893,0.8539006326073137,0.45,0.25,0.42342377316914465,0.25,0.42342377316914465,15.0,0.15,0.05,0.7746760632717166,0.7746760632717166,0.8252729973004532,198488.3221173095,2496415.6531619444
8002408198,12.748578071594238,50,0.5342151878202223,0.6885775786024315,0.45,0.25,0.3846075939101111,0.25,0.3846075939101111,15.0,0.15,0.05,0.6828842667337525,0.6828842667337525,0.7334812007624891,198443.11251989595,2496449.6265084688
8025306506,26.223188400268555,50,0.0,0.0,0.45,0.25,0.11750000000000001,0.25,0.11750000000000001,15.0,0.15,0.05,0.1635,0.1635,0.21409693402873667,199674.41979542043,2494917.0330111957
8025306507,7.67501974105835,50,0.7353617776178019,0.2414209976115107,0.45,0.25,0.4851808888089009,0.0875,0.14555426664267027,120.0,0.9,1.0,0.6014150804212027,0.701840404854449,1.0,199565.07119635772,2494968.5934249097
8025306509,22.823997497558594,50,0.13476452099425185,0.6073093390256803,0.45,0.25,0.18488226049712592,0.25,0.18488226049712592,15.0,0.15,0.05,0.4029242734026838,0.4029242734026838,0.45352120743142044,199612.1038457114,2494946.415107536
8025306510,26.073015213012695,50,0.005953774949968675,0.0,0.45,0.25,0.12047688747498435,0.25,0.12047688747498435,15.0,0.15,0.05,0.16736995371747967,0.16736995371747967,0.21796688774621634,199639.00447507628,2495006.2625996727
8025306528,26.223188400268555,50,0.0,0.0,0.45,0.25,0.11750000000000001,0.25,0.11750000000000001,15.0,0.15,0.05,0.1635,0.1635,0.21409693402873667,199682.72744893463,2494935.3916307497
8044279502,15.278223037719727,50,0.43392473579717206,0.7846239879246159,0.45,0.25,0.334462367898586,0.25,0.334462367898586,15.0,0.15,0.05,0.6417070752493158,0.6417070752493158,0.6923040092780525,199264.40127553832,2496316.096234648
8044279541,11.292864799499512,50,0.591928481199073,0.8735379848573248,0.45,0.25,0.4134642405995365,0.25,0.4134642405995365,15.0,0.15,0.05,0.7666380089937287,0.7666380089937287,0.8172349430224654,199062.78662526788,2495885.4037500774
8044279549,10.425092697143555,50,0.6263322246348838,0.9411096624244263,0.45,0.25,0.4306661123174419,0.25,0.4306661123174419,15.0,0.15,0.05,0.8058933616187811,0.8058933616187811,0.8564902956475178,199211.458057168,2495907.485369073
8044291595,26.223188400268555,50,0.0,1.0,0.45,0.25,0.11750000000000001,0.25,0.11750000000000001,15.0,0.15,0.05,0.41350000000000003,0.41350000000000003,0.4640969340287367,199266.30864820088,2496722.015843428
8044291609,18.155303955078125,50,0.3198598177661207,0.8252213567717954,0.45,0.25,0.27742990888306035,0.25,0.27742990888306035,15.0,0.15,0.05,0.5777142207409274,0.5777142207409274,0.628311154769664,199263.91845906398,2496134.7851093276
8044291611,17.98206901550293,50,0.32672790029502696,0.8803967976352755,0.45,0.25,0.2808639501475135,0.25,0.2808639501475135,15.0,0.15,0.05,0.5959723346005864,0.5959723346005864,0.6465692686293231,199281.3599336117,2496134.8204001174
8044291626,19.10363006591797,50,0.28226242540672547,0.6576687854027312,0.45,0.25,0.25863121270336276,0.25,0.25863121270336276,15.0,0.15,0.05,0.5113877728650544,0.5113877728650544,0.5619847068937911,199281.88327494363,2496319.7883728324
8044291635,15.413448333740234,10,0.42856358581586884,0.9894275578094809,0.15,0.25,0.28678179290793443,0.25,0.28678179290793443,15.0,0.15,0.05,0.6204232202326851,0.6204232202326851,0.6710201542614218,199265.02238870075,2496547.027074001
8044291662,14.65235710144043,50,0.45873785324875616,0.0,0.45,0.25,0.34686892662437807,0.25,0.34686892662437807,15.0,0.15,0.05,0.46167960461169155,0.46167960461169155,0.5122765386404282,199284.4204994926,2496650.137000001
8044291669,26.223188400268555,50,0.0,0.0,0.45,0.25,0.11750000000000001,0.25,0.11750000000000001,15.0,0.15,0.05,0.1635,0.1635,0.21409693402873667,199287.9582342698,2496812.878343658
8060848736,9.866352081298828,50,0.648484087713335,0.8958119399862257,0.45,0.25,0.4417420438566675,0.25,0.4417420438566675,15.0,0.15,0.05,0.8089676420102242,0.8089676420102242,0.8595645760389609,197799.81518000277,2495535.4650799753
8060848749,6.0817694664001465,50,0.79852787103053,0.8699877461895842,0.45,0.25,0.516763935515265,0.0875,0.1550291806545795,120.0,0.9,1.0,0.7951931017451034,0.9000400527172405,1.0,197646.63962924836,2495704.451043334
8071642695,13.947559356689453,50,0.4866803057875269,0.7389110859434647,0.45,0.25,0.3608401528937635,0.25,0.3608401528937635,15.0,0.15,0.05,0.6645699702477587,0.6645699702477587,0.7151669042764953,194989.94874783594,2493122.1680429466
8071642705,11.018994331359863,50,0.6027863657691591,0.7085203105512942,0.45,0.25,0.41889318288457955,0.25,0.41889318288457955,15.0,0.15,0.05,0.7324412153877771,0.7324412153877771,0.7830381494165137,194591.86296113668,2493370.3869485217
8071642706,18.060216903686523,10,0.32362964455735177,0.8344056112810394,0.15,0.25,0.23431482227867587,0.25,0.23431482227867587,15.0,0.15,0.05,0.5134606717825385,0.5134606717825385,0.5640576058112752,194699.59257313475,2493305.6990942173
8071642707,17.908964157104492,50,0.3296262197793971,0.7283959776947178,0.45,0.25,0.28231310988969854,0.25,0.28231310988969854,15.0,0.15,0.05,0.5598560372802877,0.5598560372802877,0.6104529713090243,194726.45880243002,2493289.5590635603
8071642709,14.147746086120605,50,0.4787436910243822,0.7517555816132668,0.45,0.25,0.3568718455121911,0.25,0.3568718455121911,15.0,0.15,0.05,0.6626222945691652,0.6626222945691652,0.7132192285979019,195131.69527417835,2493037.1789024766
8071647039,11.9884033203125,50,0.5643531203931575,0.9022124209646155,0.45,0.25,0.39967656019657877,0.25,0.39967656019657877,15.0,0.15,0.05,0.7558826334967064,0.7558826334967064,0.806479567525443,195135.3542299954,2493044.0894076987
8071647047,18.530540466308594,50,0.3049831691332907,0.3709458097299232,0.45,0.25,0.26999158456664535,0.25,0.26999158456664535,15.0,0.15,0.05,0.4544755123691198,0.4544755123691198,0.5050724463978564,194682.59951347124,2493325.8551400923
8071647050,11.679116249084473,50,0.5766151336771218,0.6789301168038606,0.45,0.25,0.4058075668385609,0.25,0.4058075668385609,15.0,0.15,0.05,0.7080323660910943,0.7080323660910943,0.758629300119831,194828.43956643378,2493228.322754744
8071647051,11.679116249084473,50,0.5766151336771218,0.6789301168038606,0.45,0.25,0.4058075668385609,0.25,0.4058075668385609,15.0,0.15,0.05,0.7080323660910943,0.7080323660910943,0.758629300119831,194838.9397008181,2493245.771543581
8071647053,11.9884033203125,50,0.5643531203931575,0.9022124209646155,0.45,0.25,0.39967656019657877,0.25,0.39967656019657877,15.0,0.15,0.05,0.7558826334967064,0.7558826334967064,0.806479567525443,195144.94252343551,2493061.7892158306
8071647055,13.947559356689453,50,0.4866803057875269,0.7389110859434647,0.45,0.25,0.3608401528937635,0.25,0.3608401528937635,15.0,0.15,0.05,0.6645699702477587,0.6645699702477587,0.7151669042764953,194993.7921708281,2493129.0305254897
8071647057,11.804478645324707,50,0.5716450087963634,0.9657602608675502,0.45,0.25,0.4033225043981817,0.25,0.4033225043981817,15.0,0.15,0.05,0.7765093209345237,0.7765093209345237,0.8271062549632604,195003.40866112162,2493147.106566459
8071647061,11.018994331359863,50,0.6027863657691591,0.7085203105512942,0.45,0.25,0.41889318288457955,0.25,0.41889318288457955,15.0,0.15,0.05,0.7324412153877771,0.7324412153877771,0.7830381494165137,194599.2881628711,2493375.072197401
8071647064,10.856552124023438,50,0.6092265590055818,0.7105260322067464,0.45,0.25,0.4221132795027909,0.25,0.4221132795027909,15.0,0.15,0.05,0.7371287714053147,0.7371287714053147,0.7877257054340514,194516.76127718767,2493440.4239644175
8071647082,7.277657508850098,50,0.7511156238763511,0.9067086178918697,0.45,0.25,0.49305781193817555,0.0875,0.14791734358145267,120.0,0.9,1.0,0.7768742163212511,0.8784023099925957,1.0,194715.47941105958,2494066.2950527556
8071647091,26.223188400268555,50,0.0,1.0,0.45,0.25,0.11750000000000001,0.25,0.11750000000000001,15.0,0.15,0.05,0.41350000000000003,0.41350000000000003,0.4640969340287367,194432.92569047672,2493608.287469411
8071647092,2.9250433444976807,10,0.9236796191683212,0.0,0.15,0.25,0.5343398095841606,0.0875,0.16030194287524818,120.0,0.9,1.0,0.5875841791176264,0.6948917524594089,1.0,194482.01358559274,2493709.76380226
8071647094,7.450799465179443,50,0.7442512277666387,0.8170584756467736,0.45,0.25,0.4896256138833193,0.0875,0.14688768416499579,120.0,0.9,1.0,0.7504803310163437,0.8515279169600085,1.0,194719.08642195072,2494049.3310133857
8071647104,26.223188400268555,50,0.0,0.0,0.45,0.25,0.11750000000000001,0.25,0.11750000000000001,15.0,0.15,0.05,0.1635,0.1635,0.21409693402873667,194358.4888122176,2493501.3628637954
8071647105,26.223188400268555,50,0.0,1.0,0.45,0.25,0.11750000000000001,0.25,0.11750000000000001,15.0,0.15,0.05,0.41350000000000003,0.41350000000000003,0.4640969340287367,194434.4123087739,2493635.935353317
8071647107,2.9250433444976807,10,0.9236796191683212,0.0,0.15,0.25,0.5343398095841606,0.0875,0.16030194287524818,120.0,0.9,1.0,0.5875841791176264,0.6948917524594089,1.0,194493.87068250793,2493702.212550294
8071647108,11.756820678710938,10,0.5735344593232944,0.5267847725651971,0.15,0.25,0.3592672296616472,0.25,0.3592672296616472,15.0,0.15,0.05,0.5989935917014407,0.5989935917014407,0.6495905257301774,194575.81886956753,2493855.0545364656
8071647109,7.948800086975098,50,0.7245074660386268,0.6988886553527967,0.45,0.25,0.4797537330193134,0.0875,0.14392611990579401,120.0,0.9,1.0,0.7094864941406027,0.8091520167633067,1.0,194588.0435864936,2493847.351947061
8071647126,26.223188400268555,50,0.0,0.0,0.45,0.25,0.11750000000000001,0.25,0.11750000000000001,15.0,0.15,0.05,0.1635,0.1635,0.21409693402873667,194397.4811766384,2493510.9183122576
8076307465,13.279874801635742,10,0.5131513666406664,0.5831808620266437,0.15,0.25,0.3290756833203332,0.25,0.3290756833203332,15.0,0.15,0.05,0.5738436038230942,0.5738436038230942,0.6244405378518308,197315.5449144324,2495859.45385732
8076307469,12.86029052734375,50,0.5297862292771254,0.9224958232906986,0.45,0.25,0.3823931146385627,0.25,0.3823931146385627,15.0,0.15,0.05,0.7384850048528062,0.7384850048528062,0.7890819388815429,197496.83377710514,2495861.9117810684
8076307471,17.77749252319336,50,0.3348385518535505,0.5651594783430983,0.45,0.25,0.28491927592677524,0.25,0.28491927592677524,15.0,0.15,0.05,0.5224349282905825,0.5224349282905825,0.5730318623193191,197908.86872108025,2495592.353169891
8109948015,56.1172981262207,50,0.0,0.0,0.45,0.25,0.11750000000000001,0.25,0.11750000000000001,15.0,0.15,0.05,0.1635,0.1635,0.21409693402873667,197904.4758760864,2494882.0020935717
8109971621,7.458896636962891,50,0.74393020682135,0.80679494982227,0.45,0.25,0.489465103410675,0.0875,0.1468395310232025,120.0,0.9,1.0,0.7477282574119505,0.8487533718894451,1.0,197947.14399531222,2494668.2405895833
8109971622,11.226592063903809,10,0.5945559339439052,0.9630899855199146,0.15,0.45383141416068307,0.4481746647260615,0.45383141416068307,0.4481746647260615,15.0,0.15,0.05,0.7781794758264755,0.7781794758264755,0.8287764098552122,197533.01382482215,2494671.132741728
8109971632,13.17049503326416,10,0.5174878433237814,0.9784871681281533,0.15,0.5510592247203085,0.4470359311697017,0.19287072865210797,0.1341107793509105,120.0,0.9,1.0,0.6246364074607219,0.7588591370381201,1.0,197329.23700477427,2494672.5293092225
8109971643,9.686981201171875,50,0.6555954360996097,0.6939172769810319,0.45,0.495191554713183,0.5396021621702598,0.17331704414961405,0.16188064865107793,120.0,0.9,1.0,0.6910963476601817,0.831015552476732,1.0,197448.48211542843,2494670.857154942
8109971648,11.081485748291016,50,0.6003088274048781,0.674516451547502,0.45,0.25,0.41765441370243905,0.25,0.41765441370243905,15.0,0.15,0.05,0.7223298507000463,0.7223298507000463,0.772926784728783,198060.73025735345,2494667.870395794
8109971662,11.182250022888184,50,0.5963139210909684,0.5311354259904946,0.45,0.25,0.4156569605454842,0.25,0.4156569605454842,15.0,0.15,0.05,0.6838879052067531,0.6838879052067531,0.7344848392354898,198007.77391724015,2494619.654001467
8146911905,6.060068130493164,50,0.799388243460954,0.67123866812205,0.45,0.25,0.517194121730477,0.0875,0.1551582365191431,120.0,0.9,1.0,0.7460048482378657,0.8509120252801327,1.0,197764.27558248368,2493149.022870044
8146911911,4.727718830108643,50,0.852210641614644,0.9493254348650779,0.45,0.25,0.5436053208073219,0.0875,0.16308159624219656,120.0,0.9,1.0,0.846163530852763,0.9547682757657882,1.0,197568.7232072046,2492885.766452915
8146989123,5.761284828186035,50,0.8112338237090065,0.8144118356960426,0.45,0.25,0.5231169118545033,0.0875,0.15693507355635097,120.0,0.9,1.0,0.7886685766752344,0.894404944334865,1.0,196995.47366612538,2491705.1540555838
8146989127,5.524735450744629,50,0.8206120741382381,0.9599914895882427,0.45,0.25,0.5278060370691191,0.0875,0.15834181112073573,120.0,0.9,1.0,0.8305028753972388,0.9368957205869155,1.0,196810.7506611194,2491630.240399702
8146989184,5.7575297355651855,50,0.8113826983302979,0.9301794223147805,0.45,0.25,0.523191349165149,0.0875,0.1569574047495447,120.0,0.9,1.0,0.8176968206102678,0.9234436094933888,1.0,196977.86427706463,2492377.113860608
8146989191,7.39082145690918,50,0.746629119384402,0.8975586050558615,0.45,0.25,0.490814559692201,0.0875,0.1472443679076603,120.0,0.9,1.0,0.7719845405069184,0.8731985788638267,1.0,196951.01958075177,2492463.521631225
8146989209,7.4882493019104,50,0.7427664893530542,0.9203198528703546,0.45,0.25,0.4888832446765271,0.0875,0.14666497340295812,120.0,0.9,1.0,0.77543452704236,0.876378181297074,1.0,196642.6606315904,2492383.820603487
8148654288,7.552984237670898,50,0.7402000043102748,0.8441389961364187,0.45,0.25,0.4876000021551374,0.0875,0.1462800006465412,120.0,0.9,1.0,0.754900751534064,0.8556647518357833,1.0,198031.69153137173,2494429.8703412577
8152978225,10.769929885864258,50,0.612660789317173,0.7436945970323072,0.45,0.25,0.4238303946585865,0.25,0.4238303946585865,15.0,0.15,0.05,0.7476531623142393,0.7476531623142393,0.798250096342976,197802.8227234868,2495782.0021956023
8167951077,12.641332626342773,10,0.5384670470043024,0.6484041151136273,0.15,0.27572120134186734,0.3516262932490233,0.27572120134186734,0.3516262932490233,15.0,0.15,0.05,0.6137274035489513,0.6137274035489513,0.6643243375776879,197192.96640466357,2493255.2968782745
8167951092,12.977482795715332,10,0.5251400177628691,0.7641057097730849,0.15,0.49080896212876535,0.42768884046942124,0.17178313674506787,0.12830665214082637,120.0,0.9,1.0,0.5698713949900281,0.6935529977324866,1.0,197195.63593126746,2493699.8458330017
8167985467,14.749016761779785,10,0.45490567871136395,0.7548888884226643,0.15,0.5059307763342058,0.39838775333037657,0.17707577171697203,0.11951632599911297,120.0,0.9,1.0,0.5282387649401332,0.6497840513298327,1.0,196908.94404498406,2493615.759119564
8167985470,18.65723419189453,50,0.29996026229156136,0.9043331278872674,0.45,0.5713399456234154,0.39107241792401737,0.19996898096819538,0.1173217253772052,120.0,0.9,1.0,0.5445195675012557,0.6735438989416622,1.0,197151.08838390606,2493850.346418115
8167985481,13.133817672729492,10,0.5189419561009859,0.6890834374868278,0.15,0.4951929587794052,0.42627596219641806,0.1733175355727918,0.1278827886589254,120.0,0.9,1.0,0.5479290000735927,0.6719827194224138,1.0,196999.84810064663,2493617.192684949
8167985564,15.324013710021973,50,0.4321093161295396,0.6965547858189001,0.45,0.5328462655512051,0.44234168327677176,0.18649619294292177,0.13270250498303152,120.0,0.9,1.0,0.5656385599111624,0.6968364100915672,1.0,197196.31479584414,2493795.476355644
8167985613,5.518208980560303,50,0.8208708229562208,0.8748488002146837,0.45,0.7128957903185583,0.7059722539083251,0.2495135266114954,0.21179167617249753,120.0,0.9,1.0,0.852452193236391,1.0,1.0,196918.72742171603,2494014.824255698
8167985621,5.532896518707275,50,0.8202885199612983,0.9144079877544863,0.45,0.6238102410812699,0.6714174296272915,0.21833358437844447,0.20142522888818742,120.0,0.9,1.0,0.853712445570662,1.0,1.0,196381.73865244782,2494016.665376114
8167985622,10.129952430725098,50,0.6380333728693915,0.3386784118367451,0.45,0.5415542704040099,0.548652944282392,0.18954399464140348,0.16459588328471758,120.0,0.9,1.0,0.5964159336225758,0.743629400974632,1.0,196200.0518710437,2494017.6837165826
8167985624,10.686612129211426,50,0.615964009962028,0.8072928577245782,0.45,0.47991474616359125,0.5139107535054722,0.16797016115725694,0.15417322605164166,120.0,0.9,1.0,0.6950320973520397,0.8293685198440727,1.0,196073.52180511196,2494017.358574175
8167985625,10.507259368896484,50,0.6230746399691778,0.7494205200280828,0.45,0.4524388314879506,0.5068984090184161,0.1583535910207827,0.15206952270552482,120.0,0.9,1.0,0.6821308047353299,0.8119136300913419,1.0,196017.78861550317,2494018.7266834877
8167985645,9.586886405944824,50,0.6595638001953235,0.44852627176137305,0.45,0.5510271242404348,0.5630615632670597,0.19285949348415216,0.1689184689801179,120.0,0.9,1.0,0.6372472505406251,0.7877093955492701,1.0,196215.0781345695,2494026.6641359306
8167985649,6.451812744140625,50,0.7838571136358566,0.911647649951946,0.45,0.7251485622277363,0.6921780038285961,0.25380199677970766,0.2076534011485788,120.0,0.9,1.0,0.841324404573365,1.0,1.0,196876.4096480047,2494023.384298382
8167985658,11.639487266540527,10,0.5781862666328398,0.7943614734364245,0.15,0.47056393150868947,0.44642541466591584,0.47056393150868947,0.44642541466591584,15.0,0.15,0.05,0.7299906842420891,0.7299906842420891,0.7805876182708258,196050.1811851309,2494027.950983672
8167985663,13.405399322509766,50,0.5081748141572109,0.3984094793444214,0.45,0.5936465692277655,0.5037591644738999,0.2077762992297179,0.15112774934216996,120.0,0.9,1.0,0.540879327336949,0.6885796643629045,1.0,196216.91296425782,2494317.47486232
8167985664,12.12827205657959,50,0.5588078763087261,0.6277563563512397,0.45,0.5885286023371797,0.527107246745586,0.2059850108180129,0.15813217402367577,120.0,0.9,1.0,0.627106858025947,0.7774105908741625,1.0,196217.70012198103,2494441.1690629777
8167985697,12.27156925201416,50,0.5531267073319664,0.9770107574761165,0.45,0.32752090340638523,0.42387908574536215,0.32752090340638523,0.42387908574536215,15.0,0.15,0.05,0.7887523762319602,0.7887523762319602,0.8393493102606968,196379.1064676821,2493355.2080861763
8167985701,7.111164093017578,50,0.757716431561344,0.8025116353742078,0.45,0.4049120192030895,0.5559397616280142,0.14171920672108132,0.16678192848840426,120.0,0.9,1.0,0.7690721732441883,0.899542302368512,1.0,196379.64153163246,2493511.6271614996
8167985710,5.372655868530273,50,0.8266414301340382,0.9756241604382782,0.45,0.6298694108214313,0.6769243346137235,0.22045429378750095,0.20307730038411703,120.0,0.9,1.0,0.8732651455176141,1.0,1.0,196389.0888300038,2494025.4207164845
8167985719,10.308561325073242,50,0.6309522342157927,0.8637880543300739,0.45,0.5881306582311691,0.5630263702737306,0.20584573038090917,0.16890791108211917,120.0,0.9,1.0,0.7279214706938101,0.8832021481021843,1.0,196216.3473253785,2494226.3414119785
8167985720,9.080099105834961,50,0.6796559190848002,0.7566597282924123,0.45,0.6792715273208657,0.6224323931273484,0.23774503456230298,0.18672971793820453,120.0,0.9,1.0,0.7378706380698445,0.9133164716593859,1.0,196389.20621464704,2494224.765763766
8167985726,16.560495376586914,50,0.3830876917835955,0.4449755801141432,0.45,0.7449278873482217,0.4994007256411137,0.2607247605718776,0.1498202176923341,120.0,0.9,1.0,0.49405112116235567,0.6608078481073804,1.0,196499.97295021318,2494379.6284487117
8167985727,10.16619873046875,50,0.6365963499534755,0.9286659940000721,0.45,0.7362259309575367,0.6228081484219441,0.2576790758351378,0.18684244452658322,120.0,0.9,1.0,0.7611987950467738,0.9441013068503259,1.0,196500.0459315587,2494223.7626439836
8167985753,5.888574600219727,50,0.8061872859750088,0.8490782129644446,0.45,0.6740550941130087,0.6836917561078923,0.23591928293955303,0.2051075268323677,120.0,0.9,1.0,0.8338779224817501,1.0,1.0,196500.12598243164,2494024.957011109
8167985759,6.250483989715576,50,0.7918390051885877,0.7711392891903073,0.45,0.5755762912137741,0.63864115306113,0.20145170192482093,0.19159234591833899,120.0,0.9,1.0,0.796905084719932,0.961139764006281,1.0,196660.0853236412,2493745.8285147655
8167985760,8.013158798217773,50,0.7219558968150472,0.5248097343098872,0.45,0.4482266915620037,0.5547189836236789,0.1568793420467013,0.16641569508710366,120.0,0.9,1.0,0.6829371842525088,0.8188673118628843,1.0,196639.66418240918,2493510.407041384
8167985768,7.942688941955566,50,0.724749748850877,0.8489854952152969,0.45,0.29464966263312864,0.49704782159202643,0.10312738192159501,0.14911434647760793,120.0,0.9,1.0,0.7513070813516471,0.8591982325168376,1.0,196615.08669176901,2493227.1733845035
8167985780,8.221001625061035,10,0.7137157479668925,0.6193407126712,0.15,0.6950907935441923,0.6005466407312126,0.2432817777404673,0.18016399221936377,120.0,0.9,1.0,0.6620679935415571,0.8365063264046719,1.0,196679.38267458836,2493968.137567
8167985788,13.361529350280762,10,0.5099140856375974,0.7265313949117147,0.15,0.7089213293042946,0.5039652463973736,0.2481224652565031,0.1511895739192121,120.0,0.9,1.0,0.5719480036637504,0.734662910968941,1.0,196626.57826101303,2494015.6329548424
8167985791,10.517308235168457,50,0.6226762420302453,0.55437198637514,0.45,0.8201924057389464,0.6481428924531789,0.2870673420086312,0.19444286773595368,120.0,0.9,1.0,0.6673669716593369,0.864731989348845,1.0,196684.3631366911,2494222.0859750123
8167985792,6.211061954498291,50,0.7934019334985101,0.7688921056260434,0.45,0.720303200059901,0.69508681292614,0.25210612002096533,0.20852604387784202,120.0,0.9,1.0,0.8107205226104528,1.0,1.0,196683.51899682567,2494015.4624706833
8167985804,9.78593635559082,50,0.6516722542699132,0.6069155806443676,0.45,0.7151499802845511,0.6222399657059378,0.2503024930995929,0.1866719897117813,120.0,0.9,1.0,0.6875435315718189,0.8676266242076419,1.0,196634.8654109892,2494024.392068933
8167985814,7.942688941955566,50,0.724749748850877,0.8489854952152969,0.45,0.2984583220394574,0.4985126905944606,0.10446041271381008,0.14955380717833816,120.0,0.9,1.0,0.7516615796502362,0.8602529381985902,1.0,196627.4662343976,2493232.4711625595
8167985833,6.1451334953308105,50,0.796015737039968,0.9467723172981137,0.45,0.7502859195207746,0.707925529874128,0.2626000718322711,0.2123776589622384,120.0,0.9,1.0,0.8594972808554128,1.0,1.0,196697.97113966465,2494068.9460656103
8167985843,5.327459335327148,50,0.8284332945282574,0.7249949123251046,0.45,0.6950988929505779,0.7029085291681971,0.24328461253270225,0.21087255875045913,120.0,0.9,1.0,0.8177184743284499,1.0,1.0,196693.19227251015,2493964.528769596
8167985854,5.662373065948486,50,0.8151552852097459,0.8482563889657629,0.45,0.7273013883150925,0.7086550996491392,0.2545554859102824,0.21259652989474176,120.0,0.9,1.0,0.8438299072678058,1.0,1.0,196746.9882745145,2494015.2964036083
8167985858,13.758774757385254,50,0.4941648710339328,0.4712685600001373,0.45,0.5789945841389021,0.49111881403192875,0.20264810444861575,0.14733564420957862,120.0,0.9,1.0,0.5496045688003363,0.6936304987028636,1.0,197282.17034917447,2494013.836103617
8167985871,12.731481552124023,50,0.534892997429337,0.2400209095332252,0.45,0.5273238335083983,0.491609511602514,0.1845633417279394,0.14748285348075418,120.0,0.9,1.0,0.5106056150111804,0.6479830449916242,1.0,197392.08739665028,2494013.53389703
8167985873,17.341611862182617,50,0.35211950198934305,0.01941613137206244,0.45,0.469454590565207,0.3779653627505204,0.469454590565207,0.3779653627505204,15.0,0.15,0.05,0.45800374960029977,0.45800374960029977,0.5086006836290364,197456.2447166043,2493910.7527572503
8167985880,11.51210880279541,50,0.5832363206436072,0.611072692622614,0.45,0.47642220045031214,0.49620362203346213,0.16674777015760925,0.14886108661003863,120.0,0.9,1.0,0.6266699208631671,0.7580733140063923,1.0,197407.93782449025,2493863.0338087953
8167985893,17.760007858276367,50,0.3355317498997105,0.6110035536479343,0.45,0.502322624064753,0.3823130380516834,0.17581291842266356,0.114693911415505,120.0,0.9,1.0,0.4853947168244581,0.6042204832801117,1.0,197258.17332772433,2493773.098650832
8167985894,20.458784103393555,50,0.22853590931484402,0.38946179933371006,0.45,0.47809482989151364,0.31949673538492723,0.16733319046202977,0.09584902061547816,120.0,0.9,1.0,0.36569664217209336,0.4725785130118799,1.0,197320.74891848676,2493769.350379751
8167985895,9.208922386169434,10,0.674548583791174,0.8241099239127968,0.15,0.44018511174429503,0.48292241179723894,0.15406478911050325,0.14487672353917166,120.0,0.9,1.0,0.66681750459328,0.7916507067716518,1.0,197412.88485904422,2493763.8566721813
8168044500,15.831567764282227,50,0.4119867984602489,0.005137836413562025,0.45,0.5435063441131356,0.4363804546582535,0.19022722043959744,0.13091413639747604,120.0,0.9,1.0,0.38210546962394215,0.5138545580108053,1.0,197434.27484814962,2494422.0351814954
8168044501,8.554885864257812,50,0.7004785539255071,0.9513012896755199,0.45,0.5140358908917337,0.5692915426903434,0.1799125618121068,0.17078746280710302,120.0,0.9,1.0,0.7832285320017508,0.9297540137943242,1.0,197483.587089375,2494205.9907301324
8168044516,10.570467948913574,10,0.6205686689153194,0.4590145111740981,0.15,0.47978220355299966,0.47116210505496725,0.16792377124354987,0.14134863151649016,120.0,0.9,1.0,0.5479208762489582,0.6762552574185436,1.0,197492.87623460265,2494020.838385275
8168061639,5.145745277404785,50,0.8356375406782179,0.8558100722802682,0.45,0.4476893144428253,0.6113531220478878,0.15669126005498885,0.18340593661436635,120.0,0.9,1.0,0.8315726047769579,0.9753616527412295,1.0,197538.0423593974,2493977.0102358325
8168061641,10.570467948913574,10,0.6205686689153194,0.4590145111740981,0.15,0.47832564054331,0.47060188851277895,0.1674139741901585,0.14118056655383368,120.0,0.9,1.0,0.5477853038457486,0.675851901508168,1.0,197492.4487332254,2494013.243187078
8168061648,9.55488109588623,50,0.660832684586571,0.7431412706656395,0.45,0.36221175083414564,0.4910747079987261,0.12677411279195097,0.14732241239961782,120.0,0.9,1.0,0.6940625992273377,0.8099005859555982,1.0,197596.38388626697,2493763.837097078
8168061649,8.292800903320312,50,0.7108691895889473,0.7084828562998384,0.45,0.31575704841452024,0.49822576726159684,0.11051496694508207,0.14946773017847906,120.0,0.9,1.0,0.7100953077735929,0.820895331484104,1.0,197621.42845309892,2493654.4888340407
8168061656,7.527764320373535,50,0.741199874623938,0.704730040436287,0.45,0.48418951208244715,0.5781728265744487,0.1694663292288565,0.1734518479723346,120.0,0.9,1.0,0.742426076592476,0.8863149088836169,1.0,197518.17959921464,2494113.6121184947
8168061659,7.779327869415283,10,0.7312263714708208,0.9309430444093463,0.15,0.533720190341443,0.5472363358667347,0.18680206661950505,0.16417090076002042,120.0,0.9,1.0,0.7351048588871932,0.8811015706529236,1.0,197455.7940447349,2494392.67123174
8168061668,8.505229949951172,10,0.7024472152033221,0.885528638030861,0.15,0.3830015590390713,0.47487805338591926,0.13405054566367494,0.14246341601577578,120.0,0.9,1.0,0.6930309202054326,0.8093040503545406,1.0,197727.63343434676,2494200.513072608
8168061672,8.554885864257812,50,0.7004785539255071,0.9513012896755199,0.45,0.5063555801281612,0.5663375770120462,0.1772244530448564,0.16990127310361386,120.0,0.9,1.0,0.7825136723076028,0.9276271585059503,1.0,197497.78463994147,2494204.8356567184
8168061678,5.786036491394043,50,0.8102525178243094,0.8013904753767025,0.45,0.465654250614323,0.6055702014561251,0.16297898771501304,0.1816710604368375,120.0,0.9,1.0,0.8049165132779159,0.9502313940616354,1.0,197532.58449336968,2494049.2078246325
8168061691,6.199162483215332,50,0.7938737006317578,0.8580768650882127,0.45,0.4367465466488406,0.5862624451808176,0.1528612913270942,0.17587873355424527,120.0,0.9,1.0,0.8068977565957878,0.9457515499854516,1.0,197578.7170186927,2494020.4793200097
8168061706,13.448911666870117,50,0.5064497212121853,0.806889074191937,0.45,0.4446127763941332,0.44557592844999006,0.4446127763941332,0.44557592844999006,15.0,0.15,0.05,0.7483073561835109,0.7483073561835109,0.7989042902122475,197612.84669045074,2494201.817760465
8168061714,9.72178840637207,50,0.6542154676099867,0.9304576172840189,0.45,0.4243044957031492,0.5116479244600507,0.14850657349610222,0.15349437733801521,120.0,0.9,1.0,0.742833101673321,0.8696233955391375,1.0,197632.72370911768,2494113.020961151
8168061727,9.079521179199219,50,0.6796788315979436,0.7198707129782724,0.45,0.2720030904697332,0.4658021429027154,0.09520108166440662,0.1397406428708146,120.0,0.9,1.0,0.6907793805304814,0.7913520822979269,1.0,197885.19901254325,2493974.716458886
8168061742,5.145745277404785,50,0.8356375406782179,0.8558100722802682,0.45,0.44212016796155107,0.6092111426320131,0.15474205878654287,0.18276334278960393,120.0,0.9,1.0,0.8310542457583163,0.9738194275617997,1.0,197548.9383843887,2493976.0421272162
8168061756,6.199162483215332,50,0.7938737006317578,0.8580768650882127,0.45,0.4353852683947095,0.5857388766215365,0.1523848439381483,0.17572166298646094,120.0,0.9,1.0,0.8067710530044417,0.9453745806227691,1.0,197578.46737871657,2494013.0247173985
8168061761,6.588220596313477,50,0.7784490799642928,0.7865100991538725,0.45,0.3659296839434082,0.5513128799603804,0.12807538938019286,0.1653938639881141,120.0,0.9,1.0,0.7734683694424905,0.8982230315495869,1.0,197586.6990900266,2493761.9992476604
8168061764,5.492374897003174,50,0.8218950425412775,0.6262732061392358,0.45,0.4624133455716761,0.6101449618751296,0.16184467095008664,0.18304348856253885,120.0,0.9,1.0,0.7675882068350367,0.9131222364218728,1.0,197527.68810254318,2494020.6853437787
8168061765,4.667280673980713,50,0.8546067762812386,0.9491383960578006,0.45,0.4598910070012749,0.6255306985257251,0.1609618524504462,0.1876592095577175,120.0,0.9,1.0,0.8670425383707641,1.0,1.0,197529.55797125766,2494013.144694998
8168061766,4.667280673980713,50,0.8546067762812386,0.9491383960578006,0.45,0.4567812914195406,0.6243346540712119,0.1598734519968392,0.18730039622136357,120.0,0.9,1.0,0.8667530956127719,1.0,1.0,197538.95368800248,2494020.707509535
8168061767,4.667280673980713,50,0.8546067762812386,0.9491383960578006,0.45,0.4543940123532598,0.62341646981495,0.15903790432364093,0.187024940944485,120.0,0.9,1.0,0.8665308950227566,1.0,1.0,197540.6190055468,2494013.2373917256
8169270268,14.00862979888916,50,0.48425910347041395,0.5392228741100383,0.45,0.40939012051865875,0.42093344424238344,0.40939012051865875,0.42093344424238344,15.0,0.15,0.05,0.6572129383884457,0.6572129383884457,0.7078098724171824,197194.4077656124,2493525.607297595
8169270272,11.609149932861328,50,0.5793890223351632,0.8489725495383138,0.45,0.4033722415078971,0.4661838348244651,0.14118028452776396,0.13985515044733954,120.0,0.9,1.0,0.6771141866639389,0.7948183149353907,1.0,197573.0633982891,2493868.152673103
8169270274,10.6745023727417,10,0.616444114074068,0.45251544755422546,0.15,0.5932474008930112,0.5127402881497306,0.2076365903125539,0.15382208644491918,120.0,0.9,1.0,0.5544648599807883,0.7033706624378421,1.0,197255.9973721017,2494021.811112812
8169270312,7.489171504974365,50,0.7427299276365364,0.6852034535919176,0.45,0.25,0.4888649638182682,0.0875,0.14665948914548046,120.0,0.9,1.0,0.7166342214271705,0.8175753163617281,1.0,195320.81691924902,2492924.7503436552
8185629232,7.640573501586914,50,0.7367274352390671,0.812099363482758,0.45,0.25,0.48586371761953356,0.0875,0.14575911528586005,120.0,0.9,1.0,0.7448767533093484,0.8453976737760832,1.0,195353.66574875568,2492966.7404009975
8185629248,20.022069931030273,50,0.2458499048903848,0.5288580835286549,0.45,0.25,0.2404249524451924,0.25,0.2404249524451924,15.0,0.15,0.05,0.45551695906091383,0.45551695906091383,0.5061138930896505,195382.2603607509,2493556.5615139953
8185629258,9.357063293457031,50,0.6686753807314839,0.6834264150554743,0.45,0.25,0.45183769036574195,0.0875,0.13555130710972257,120.0,0.9,1.0,0.6732383245881293,0.7689956012393333,1.0,195354.52859121538,2492984.8237651023
8185629262,13.074065208435059,10,0.5213109057891149,0.6641717112687755,0.15,0.25,0.33315545289455745,0.25,0.33315545289455745,15.0,0.15,0.05,0.5993950165801186,0.5993950165801186,0.6499919506088553,195267.1715770823,2493255.667503779
8185629288,6.54204797744751,50,0.7802796423076909,0.7953315886152807,0.45,0.25,0.5076398211538454,0.0875,0.15229194634615362,120.0,0.9,1.0,0.7659450896922808,0.8695146646538192,1.0,195658.70709551685,2493463.1338948575
8195511757,11.912959098815918,50,0.5673441864035029,0.7135058266513296,0.45,0.25,0.40117209320175146,0.25,0.40117209320175146,15.0,0.15,0.05,0.7106501778251093,0.7106501778251093,0.761247111853846,197299.24491863354,2493239.371464221
8195511761,8.85681438446045,50,0.6885082781851324,0.7130708232954668,0.45,0.25,0.4617541390925662,0.0875,0.13852624172776984,120.0,0.9,1.0,0.6921525071712434,0.7892980866442028,1.0,197397.491350148,2493286.2404501117
8195511793,7.020310401916504,50,0.7613184223033277,0.8001780876941589,0.45,0.25,0.49815921115166384,0.0875,0.14944776334549914,120.0,0.9,1.0,0.7561592068594698,0.8584014964207027,1.0,197087.1442480581,2493027.255030826
8198614155,10.470098495483398,50,0.6245479221261905,0.8283024398142842,0.45,0.25,0.42977396106309523,0.25,0.42977396106309523,15.0,0.15,0.05,0.7765317593355949,0.7765317593355949,0.8271286933643316,194770.6401655532,2494154.8268186385
8198655607,10.939530372619629,10,0.605936798516963,0.8417143042149217,0.15,0.25,0.3754683992584815,0.25,0.3754683992584815,15.0,0.15,0.05,0.6987874950897566,0.6987874950897566,0.7493844291184932,194882.61130228743,2494337.7880329415
8198655610,10.939530372619629,10,0.605936798516963,0.8417143042149217,0.15,0.25,0.3754683992584815,0.25,0.3754683992584815,15.0,0.15,0.05,0.6987874950897566,0.6987874950897566,0.7493844291184932,194869.15535150585,2494342.0676721744
8198655615,10.444955825805664,50,0.6255447298762157,0.9620204145220075,0.45,0.25,0.43027236493810783,0.25,0.43027236493810783,15.0,0.15,0.05,0.8106091780500421,0.8106091780500421,0.8612061120787787,194870.63372082438,2494302.944203
8198655625,12.997957229614258,10,0.5243282871610905,0.726652960302022,0.15,0.25,0.33466414358054525,0.25,0.33466414358054525,15.0,0.15,0.05,0.6169766267302144,0.6169766267302144,0.667573560758951,194915.62494657031,2494321.7366512087
8289756736,9.319646835327148,50,0.6701587958151013,0.4918357837775361,0.45,0.3522004945781167,0.49188728043759555,0.12327017310234084,0.14756618413127867,120.0,0.9,1.0,0.6357135550894136,0.7503638386458322,1.0,195888.82348809787,2493858.3741151094
8289756737,3.5533034801483154,50,0.8987715811486731,0.9692018589610691,0.45,0.2563603455354118,0.5693320773187257,0.08972612093739413,0.1707996231956177,120.0,0.9,1.0,0.8787299831986398,0.991763318942865,1.0,195789.9314708184,2493678.5841306173
8289756744,11.394883155822754,50,0.5878838554878305,0.808141443274666,0.45,0.4112908849069452,0.4734768834773557,0.14395180971743082,0.1420430650432067,120.0,0.9,1.0,0.6725704562891008,0.7923250350138334,1.0,195950.25717829482,2493983.263032443
8289756746,11.833490371704102,50,0.570494808198445,0.3457694481260286,0.45,0.4276506698932071,0.4710745848273791,0.14967773446262247,0.14132237544821372,120.0,0.9,1.0,0.5484145285228191,0.6699595574847692,1.0,195968.33105613152,2494019.283649599
8289756747,7.917873859405518,50,0.7257335690625114,0.6698790382644648,0.45,0.43189886733037497,0.5503278873506307,0.15116460356563122,0.1650983662051892,120.0,0.9,1.0,0.7198758165046615,0.8530685734866986,1.0,195973.1703640907,2494028.6316098175
8289756749,6.575598239898682,50,0.7789495066436836,0.7569756695656719,0.45,0.25,0.5069747533218418,0.0875,0.15209242599655254,120.0,0.9,1.0,0.7555846312447545,0.8590610967098125,1.0,195726.0187369419,2493572.155391127
8298779513,22.58197784423828,50,0.1443596463003664,0.4591244659848642,0.45,0.25,0.18967982315018322,0.25,0.18967982315018322,15.0,0.15,0.05,0.3721148865914542,0.3721148865914542,0.42271182062019086,195106.17914311698,2495811.5661437707
8298792534,21.11870002746582,50,0.20237284405917477,0.7817303787881245,0.45,0.25,0.21868642202958738,0.25,0.21868642202958738,15.0,0.15,0.05,0.4904749433354948,0.4904749433354948,0.5410718773642315,195097.80246459285,2495810.2360611814
8298792552,28.96430778503418,10,0.0,0.1158978063013929,0.15,0.25,0.07250000000000001,0.25,0.07250000000000001,15.0,0.15,0.05,0.12347445157534823,0.12347445157534823,0.1740713856040849,195102.92687541636,2495834.9741149503
8298792553,38.343299865722656,10,0.0,0.5032412351329747,0.15,0.25,0.07250000000000001,0.25,0.07250000000000001,15.0,0.15,0.05,0.2203103087832437,0.2203103087832437,0.27090724281198036,195109.32306027418,2495936.2236020067
8298792564,25.219568252563477,50,0.03978958297335607,0.7708410617991811,0.45,0.25,0.13739479148667805,0.25,0.13739479148667805,15.0,0.15,0.05,0.38207349438247673,0.38207349438247673,0.4326704284112134,195054.16539908206,2496065.807293005
8298792591,25.219568252563477,50,0.03978958297335607,0.7708410617991811,0.45,0.25,0.13739479148667805,0.25,0.13739479148667805,15.0,0.15,0.05,0.38207349438247673,0.38207349438247673,0.4326704284112134,195065.74828906986,2496058.017840929
8298792601,29.912189483642578,10,0.0,0.9117818332051322,0.15,0.25,0.07250000000000001,0.25,0.07250000000000001,15.0,0.15,0.05,0.322445458301283,0.322445458301283,0.3730423923300197,195101.7118207898,2495986.9299311643
8318215966,8.787854194641113,50,0.6912422778970245,0.9580932820185453,0.45,0.25,0.46312113894851226,0.0875,0.13893634168455368,120.0,0.9,1.0,0.7549938416849105,0.8523308011377023,1.0,198017.92007733672,2495131.6990557187
8377247189,10.308631896972656,50,0.6309494363181481,0.9363027990508601,0.45,0.25,0.43297471815907407,0.25,0.43297471815907407,15.0,0.15,0.05,0.8076928333695115,0.8076928333695115,0.8582897673982481,198831.67517393257,2495959.3745507724
8377247190,9.241630554199219,50,0.6732518338517636,0.8912535954650936,0.45,0.25,0.4541259169258818,0.0875,0.13623777507776452,120.0,0.9,1.0,0.7278494625002963,0.8239270908699199,1.0,198821.7308957702,2495890.6721610017
8377247191,10.308631896972656,50,0.6309494363181481,0.9363027990508601,0.45,0.25,0.43297471815907407,0.25,0.43297471815907407,15.0,0.15,0.05,0.8076928333695115,0.8076928333695115,0.8582897673982481,198824.26349453884,2495962.590133185
8431765802,18.433931350708008,50,0.30881333977101855,0.7468729872214009,0.45,0.25,0.27190666988550927,0.25,0.27190666988550927,15.0,0.15,0.05,0.5509469176565123,0.5509469176565123,0.6015438516852489,199531.04491143237,2495572.561311099
8431765803,9.6320219039917,50,0.6577743556044725,0.8795793723058449,0.45,0.25,0.44638717780223625,0.25,0.44638717780223625,15.0,0.15,0.05,0.8109481742193685,0.8109481742193685,0.8615451082481052,199532.34838385996,2495873.3947418444
8431765812,18.433931350708008,50,0.30881333977101855,0.7468729872214009,0.45,0.25,0.27190666988550927,0.25,0.27190666988550927,15.0,0.15,0.05,0.5509469176565123,0.5509469176565123,0.6015438516852489,199531.10875900817,2495579.50960954
8431765813,18.433931350708008,50,0.30881333977101855,0.7468729872214009,0.45,0.25,0.27190666988550927,0.25,0.27190666988550927,15.0,0.15,0.05,0.5509469176565123,0.5509469176565123,0.6015438516852489,199525.55008566054,2495579.0419888343
8431769807,8.873705863952637,50,0.687838597602958,0.8290854863845809,0.45,0.25,0.46141929880147897,0.0875,0.1384257896404437,120.0,0.9,1.0,0.7207677582058609,0.8178664600380681,1.0,197703.5942153714,2495773.336445642
8431769835,9.25206470489502,50,0.6728381609040688,0.8927717085413622,0.45,0.25,0.4539190804520344,0.0875,0.1361757241356103,120.0,0.9,1.0,0.7279890604597005,0.8240377317229853,1.0,198155.57500254066,2495906.7539480147
8431769836,8.7628755569458,50,0.6922325824254975,0.8794152983666227,0.45,0.25,0.4636162912127487,0.0875,0.1390848873638246,120.0,0.9,1.0,0.7358987223984441,0.8333050031682291,1.0,198057.4841999691,2495890.4268496213
8431769837,9.767293930053711,50,0.6524113529612154,0.628064644655233,0.45,0.25,0.4437056764806077,0.25,0.4437056764806077,15.0,0.15,0.05,0.7445835405885983,0.7445835405885983,0.795180474617335,198288.41830522963,2495906.526687981
8431769846,11.368433952331543,50,0.5889324621537082,0.9297244640203637,0.45,0.25,0.4119662310768541,0.25,0.4119662310768541,15.0,0.15,0.05,0.7787372164050013,0.7787372164050013,0.8293341504337379,197648.77677863074,2495907.6783102043
8434694161,14.449326515197754,10,0.4667872157250922,0.7277020369581674,0.15,0.25,0.3058936078625461,0.25,0.3058936078625461,15.0,0.15,0.05,0.5798371994608519,0.5798371994608519,0.6304341334895885,199254.7801503018,2495603.4386036512
8434694177,9.059181213378906,60,0.6804852310704265,0.4084151287138834,0.55,0.25,0.47274261553521324,0.0875,0.14182278466056397,120.0,0.9,1.0,0.6322352161993182,0.7309191823742481,1.0,199227.36409799586,2495502.5915743196
8434720733,19.47422218322754,10,0.2675699086864513,0.5830193152361511,0.15,0.25,0.20628495434322566,0.25,0.20628495434322566,15.0,0.15,0.05,0.4141752694552312,0.4141752694552312,0.46477220348396786,195714.73968882102,2496688.704206006
8453450228,6.671706676483154,50,0.7751391859554613,0.8707945384215295,0.45,0.25,0.5050695929777307,0.0875,0.1515208778933192,120.0,0.9,1.0,0.7818293624595499,0.8850391054764324,1.0,196970.6359838189,2492439.9030771297
8453450298,7.221408843994141,50,0.753345661727369,0.9774252739405382,0.45,0.25,0.4941728308636845,0.0875,0.14825184925910534,120.0,0.9,1.0,0.7958468022870087,0.8975309986079245,1.0,195364.5236555257,2492510.433873776
8453450310,6.43823766708374,50,0.7843953119334494,0.658522079555405,0.45,0.25,0.5096976559667247,0.0875,0.15290929679001738,120.0,0.9,1.0,0.7341298008102518,0.8379874726455934,1.0,195286.36344793317,2492783.58872455
8453450367,6.43823766708374,50,0.7843953119334494,0.658522079555405,0.45,0.25,0.5096976559667247,0.0875,0.15290929679001738,120.0,0.9,1.0,0.7341298008102518,0.8379874726455934,1.0,195281.87210760015,2492774.1674859817
8482605802,6.408786296844482,50,0.7855629426775048,0.8489321866817163,0.45,0.25,0.5102814713387525,0.0875,0.15308444140162572,120.0,0.9,1.0,0.7824095534233818,0.8863489594108073,1.0,195451.40409374965,2492345.687636143
8482605813,10.023733139038086,50,0.6422445491093423,0.8419468138185637,0.45,0.25,0.4386222745546711,0.25,0.4386222745546711,15.0,0.15,0.05,0.7914456603757134,0.7914456603757134,0.8420425944044501,196061.7012998159,2492226.699742271
8482605816,9.859137535095215,50,0.6487701160333524,0.8822881181286588,0.45,0.25,0.4418850580166762,0.25,0.4418850580166762,15.0,0.15,0.05,0.8057726049538438,0.8057726049538438,0.8563695389825805,196219.60092891916,2492220.5548813054
8482608226,4.848158359527588,50,0.8474356889993092,0.6896377413355514,0.45,0.25,0.5412178444996546,0.0875,0.16236535334989638,120.0,0.9,1.0,0.7784721349534872,0.8867426331834389,1.0,196698.6732674954,2492255.3161721826
8482608230,6.007386684417725,50,0.8014768551479237,0.9612915705237568,0.45,0.25,0.5182384275739618,0.0875,0.15547152827218852,120.0,0.9,1.0,0.8197294686167349,0.9247828484770897,1.0,196847.78356988454,2492295.4937962047
8482608236,11.898223876953125,50,0.567928379869807,0.6477743544184,0.45,0.25,0.4014641899349035,0.25,0.4014641899349035,15.0,0.15,0.05,0.6945970355199746,0.6945970355199746,0.7451939695487113,196887.07924257457,2492138.0136382547
8482608237,12.147809982299805,10,0.5580332745648796,0.12466701239332811,0.15,0.25,0.3515166372824398,0.25,0.3515166372824398,15.0,0.15,0.05,0.4883883815655038,0.4883883815655038,0.5389853155942405,196920.26852055918,2492004.0412711906
8482608240,16.33249282836914,50,0.39212709412241104,0.0,0.45,0.25,0.31356354706120554,0.25,0.31356354706120554,15.0,0.15,0.05,0.4183826111795672,0.4183826111795672,0.46897954520830387,196956.48358697462,2491858.9476438696
8482608241,5.488811492919922,50,0.8220363174676153,0.8315915715679938,0.45,0.25,0.5285181587338077,0.0875,0.15855544762014231,120.0,0.9,1.0,0.7992289570232153,0.9057214992459485,1.0,196849.6600397459,2492287.764506852
8482608257,4.848158359527588,50,0.8474356889993092,0.6896377413355514,0.45,0.25,0.5412178444996546,0.0875,0.16236535334989638,120.0,0.9,1.0,0.7784721349534872,0.8867426331834389,1.0,196688.35940506036,2492253.4911507023
8482608258,6.020906925201416,10,0.8009408308924197,0.9157526275671302,0.15,0.25,0.4729704154462099,0.0875,0.14189112463386297,120.0,0.9,1.0,0.745333838809386,0.8440496969718555,1.0,196687.07899349643,2492261.1532967947
8482608260,8.223431587219238,10,0.7136194095452925,0.7330847922292751,0.15,0.25,0.42930970477264624,0.25,0.42930970477264624,15.0,0.15,0.05,0.7416238142617589,0.7416238142617589,0.7922207482904956,196697.1639699181,2492262.8609052636
8482608266,9.363349914550781,50,0.6684261409845499,0.866170607238555,0.45,0.25,0.45171307049227494,0.0875,0.1355139211476825,120.0,0.9,1.0,0.7187798135806777,0.8145196434495963,1.0,196535.49986220937,2492237.8735810155
8482608267,9.363349914550781,50,0.6684261409845499,0.866170607238555,0.45,0.25,0.45171307049227494,0.0875,0.1355139211476825,120.0,0.9,1.0,0.7187798135806777,0.8145196434495963,1.0,196536.58154838887,2492230.0601562182
8482608274,9.709548950195312,50,0.6547007138041843,0.8672248335562628,0.45,0.25,0.4448503569020921,0.25,0.4448503569020921,15.0,0.15,0.05,0.8058616723617855,0.8058616723617855,0.8564586063905222,196379.0677614924,2492224.422881637
8482608275,9.709548950195312,50,0.6547007138041843,0.8672248335562628,0.45,0.25,0.4448503569020921,0.25,0.4448503569020921,15.0,0.15,0.05,0.8058616723617855,0.8058616723617855,0.8564586063905222,196379.4230695871,2492216.3355862126
8482608281,9.859137535095215,50,0.6487701160333524,0.8822881181286588,0.45,0.25,0.4418850580166762,0.25,0.4418850580166762,15.0,0.15,0.05,0.8057726049538438,0.8057726049538438,0.8563695389825805,196219.5327654322,2492212.409428878
8482608288,10.023733139038086,50,0.6422445491093423,0.8419468138185637,0.45,0.25,0.4386222745546711,0.25,0.4386222745546711,15.0,0.15,0.05,0.7914456603757134,0.7914456603757134,0.8420425944044501,196061.12752501323,2492218.5088483742
8482608295,8.179550170898438,50,0.7153591347388106,0.8371521928117209,0.45,0.25,0.4751795673694053,0.0875,0.14255387021082158,120.0,0.9,1.0,0.7387463463514403,0.8377714857831572,1.0,195909.15299055038,2492233.172731097
8482608296,8.179550170898438,50,0.7153591347388106,0.8371521928117209,0.45,0.25,0.4751795673694053,0.0875,0.14255387021082158,120.0,0.9,1.0,0.7387463463514403,0.8377714857831572,1.0,195910.2461740952,2492241.5861292006
8482608305,5.468396186828613,50,0.8228457038848809,0.9352770746794383,0.45,0.25,0.5289228519424405,0.0875,0.15867685558273215,120.0,0.9,1.0,0.8256197769230904,0.9321689761950321,1.0,195752.43746404152,2492259.6256666775
8482608313,7.841729164123535,50,0.7287524060974507,0.8233041449244458,0.45,0.25,0.48187620304872536,0.0875,0.1445628609146176,120.0,0.9,1.0,0.7430524317676328,0.8430151001944545,1.0,195601.3518567247,2492297.8621428916
8482608314,7.841729164123535,50,0.7287524060974507,0.8233041449244458,0.45,0.25,0.48187620304872536,0.0875,0.1445628609146176,120.0,0.9,1.0,0.7430524317676328,0.8430151001944545,1.0,195603.3618631629,2492306.2795681334
8482608327,6.408786296844482,50,0.7855629426775048,0.8489321866817163,0.45,0.25,0.5102814713387525,0.0875,0.15308444140162572,120.0,0.9,1.0,0.7824095534233818,0.8863489594108073,1.0,195449.35613130318,2492337.958188856
8482608338,7.744446277618408,50,0.7326092890957989,0.8625535660166586,0.45,0.25,0.48380464454789945,0.0875,0.14514139336436982,120.0,0.9,1.0,0.7551017791797279,0.8553344294164339,1.0,195318.56506032933,2492372.304335211
8482608339,7.744446277618408,50,0.7326092890957989,0.8625535660166586,0.45,0.25,0.48380464454789945,0.0875,0.14514139336436982,120.0,0.9,1.0,0.7551017791797279,0.8553344294164339,1.0,195321.2217607806,2492379.5672655287
8482608340,5.804051876068115,50,0.8095382788316735,0.8908107126502199,0.45,0.25,0.5222691394158367,0.0875,0.15668074182475103,120.0,0.9,1.0,0.8067848798849256,0.9124025594031429,1.0,195754.05772376579,2492267.607444033
8483293289,10.773293495178223,50,0.6125274354659237,0.8190209258404868,0.45,0.564209399575843,0.5446134868005937,0.19747328985154505,0.16338404604017812,120.0,0.9,1.0,0.7038167881447244,0.853409898241667,1.0,197390.32840997202,2494211.329132414
8487628351,9.948189735412598,50,0.6452395473001611,0.8974363721168332,0.45,0.6368377696420746,0.5889035312047246,0.2228932193747261,0.1766710593614174,120.0,0.9,1.0,0.7491536997915256,0.9143891042136567,1.0,197254.7403996354,2494218.865168006
8490646154,10.938319206237793,50,0.6059848164900525,0.8556290831332753,0.45,0.7948789434896901,0.6300612326641378,0.2782076302213915,0.18901836979924133,120.0,0.9,1.0,0.7306441198569743,0.9221869550836134,1.0,196911.84345688194,2494476.6657386236
8490646155,14.481773376464844,50,0.4655008255688523,0.543840165567341,0.45,0.788712217006092,0.5574474193252308,0.2760492759521322,0.16723422579756922,120.0,0.9,1.0,0.5706421958046444,0.7512174227209687,1.0,196928.86431041645,2494476.141631419
8490646156,10.938319206237793,50,0.6059848164900525,0.8556290831332753,0.45,0.7908091172530667,0.6284959148808211,0.2767831910385733,0.18854877446424634,120.0,0.9,1.0,0.7302653129534116,0.9210599262796253,1.0,196923.20448951703,2494476.319754303
8490782023,8.466720581054688,50,0.703973959891003,0.9568932559078539,0.45,0.6321415758966822,0.6164645091365331,0.22124955156383874,0.1849393527409599,120.0,0.9,1.0,0.7976467727779748,0.9661302089236581,1.0,197254.95284288656,2494186.7838654583
8490782025,8.466720581054688,50,0.703973959891003,0.9568932559078539,0.45,0.6314617937886423,0.6162030544795947,0.2210116278260248,0.18486091634387838,120.0,0.9,1.0,0.7975835007509958,0.9659419615706626,1.0,197254.97415235528,2494182.6380269825
8495464669,8.467803955078125,50,0.7039310083812158,0.8510286592016918,0.45,0.5438145648933809,0.5824711060726775,0.19033509771268328,0.17474133182180324,120.0,0.9,1.0,0.762934505316989,0.9151763536033033,1.0,197387.5541798693,2494075.1282169013
8495464684,11.001349449157715,50,0.6034859157991609,0.715223548715703,0.45,0.5274426596280364,0.5259516731411329,0.18460493086981272,0.15778550194233987,120.0,0.9,1.0,0.6692012274308947,0.8114020074222981,1.0,197458.78934214055,2494207.964089598
8495464918,13.13651180267334,50,0.5188351444679326,0.6373175613186415,0.45,0.563500060774424,0.4974945186856678,0.1972250212710484,0.14924835560570032,120.0,0.9,1.0,0.603983395162373,0.7468876356790416,1.0,197390.17479556106,2494204.0499724657
8508946962,7.326733112335205,50,0.7491699696352486,0.8474252073644738,0.45,0.38926950310894465,0.5456501783210645,0.1362443260881306,0.16369505349631935,120.0,0.9,1.0,0.7738876610573953,0.9008837214265071,1.0,197402.43143714516,2495042.424048312
8516154823,9.457012176513672,50,0.6647128014781973,0.9846380588980144,0.45,0.25,0.44985640073909866,0.25,0.44985640073909866,15.0,0.15,0.05,0.8417228356853319,0.8417228356853319,0.8923197697140686,198116.7382195979,2495906.7192446757
8516154876,6.77405309677124,50,0.7710815538011141,0.8098845083494133,0.45,0.25,0.503040776900557,0.0875,0.1509122330701671,120.0,0.9,1.0,0.7642484282919995,0.8671741370580774,1.0,197904.77486947144,2495072.640254886
8516154879,6.485123634338379,50,0.7825364681381843,0.8048245128849301,0.45,0.25,0.5087682340690922,0.0875,0.15263047022072765,120.0,0.9,1.0,0.7696272797413793,0.8733548325110524,1.0,197887.5567089292,2495067.802613898
8516154880,6.485123634338379,50,0.7825364681381843,0.8048245128849301,0.45,0.25,0.5087682340690922,0.0875,0.15263047022072765,120.0,0.9,1.0,0.7696272797413793,0.8733548325110524,1.0,197887.70160020795,2495077.2654655986
8516154889,8.897876739501953,50,0.6868803176596872,0.640313066999195,0.45,0.25,0.46094015882984357,0.0875,0.13828204764895308,120.0,0.9,1.0,0.6730188509924173,0.7700504732285954,1.0,197887.67760816938,2495163.488058372
8516154905,7.582366943359375,50,0.7390350958450086,0.7636352071298781,0.45,0.25,0.4870175479225043,0.0875,0.14610526437675128,120.0,0.9,1.0,0.7340991573725745,0.8347816140817251,1.0,197887.21827590058,2495025.4574634144
8516154908,7.37315034866333,50,0.7473297091736636,0.7531536193633378,0.45,0.25,0.4911648545868318,0.0875,0.14734945637604954,120.0,0.9,1.0,0.7362896361615593,0.8375527158037158,1.0,197905.41725414182,2495114.7355779847
8516154909,8.859504699707031,50,0.6884016177897894,0.7087808452807072,0.45,0.25,0.4617008088948947,0.0875,0.1385102426684684,120.0,0.9,1.0,0.6910181496382546,0.78815626288354,1.0,197883.69071772526,2495309.45356207
8516154910,11.223127365112305,50,0.5946932955944833,0.490381242796434,0.45,0.25,0.4148466477972416,0.25,0.4148466477972416,15.0,0.15,0.05,0.6726459528355228,0.6726459528355228,0.7232428868642594,197898.42607234587,2495308.9975199546
8516154911,8.859504699707031,50,0.6884016177897894,0.7087808452807072,0.45,0.25,0.4617008088948947,0.0875,0.1385102426684684,120.0,0.9,1.0,0.6910181496382546,0.78815626288354,1.0,197885.22239242645,2495295.1916321334
8516154912,11.223127365112305,50,0.5946932955944833,0.490381242796434,0.45,0.25,0.4148466477972416,0.25,0.4148466477972416,15.0,0.15,0.05,0.6726459528355228,0.6726459528355228,0.7232428868642594,197899.27253126155,2495294.9707474015
8516218128,23.12757682800293,50,0.12272879713465033,0.0,0.45,0.25,0.17886439856732517,0.25,0.17886439856732517,15.0,0.15,0.05,0.24327371813752274,0.24327371813752274,0.2938706521662594,198006.8802125079,2494881.7181381118
8569716248,12.371355056762695,50,0.5491705934908045,0.6569849771021252,0.45,0.25,0.39208529674540227,0.25,0.39208529674540227,15.0,0.15,0.05,0.6847071300445544,0.6847071300445544,0.7353040640732911,196340.58813706692,2495628.0984894624
8577265830,9.261039733886719,10,0.6724823363806471,0.6330681845707367,0.15,0.25,0.4087411681903236,0.25,0.4087411681903236,15.0,0.15,0.05,0.6898805647901048,0.6898805647901048,0.7404774988188415,195167.05021053937,2493857.905890458
8624031172,26.223188400268555,50,0.0,0.0,0.45,0.25,0.11750000000000001,0.25,0.11750000000000001,15.0,0.15,0.05,0.1635,0.1635,0.21409693402873667,197890.08673785708,2496777.599444109
8791690421,12.286744117736816,50,0.5525250837195251,0.70262344740088,0.45,0.25,0.39376254185976256,0.25,0.39376254185976256,15.0,0.15,0.05,0.6982971662679114,0.6982971662679114,0.748894100296648,197507.58059874072,2495961.644608872
8791690425,12.286744117736816,50,0.5525250837195251,0.70262344740088,0.45,0.25,0.39376254185976256,0.25,0.39376254185976256,15.0,0.15,0.05,0.6982971662679114,0.6982971662679114,0.748894100296648,197513.87991228898,2495961.5537880906
8791690428,12.67448902130127,50,0.5371525266339061,0.822214908060422,0.45,0.25,0.38607626331695305,0.25,0.38607626331695305,15.0,0.15,0.05,0.7182028693271445,0.7182028693271445,0.7687998033558812,197515.0548331666,2496397.0103428536
8791690431,8.011902809143066,50,0.7220056918312353,0.7249406978325457,0.45,0.25,0.47850284591561765,0.0875,0.1435508537746853,120.0,0.9,1.0,0.7145484757202529,0.8140388741484395,1.0,197507.43698376208,2496079.282026725
8791690434,8.011902809143066,50,0.7220056918312353,0.7249406978325457,0.45,0.25,0.47850284591561765,0.0875,0.1435508537746853,120.0,0.9,1.0,0.7145484757202529,0.8140388741484395,1.0,197513.62369346072,2496079.2266693977
8791690456,26.223188400268555,50,0.0,0.0,0.45,0.25,0.11750000000000001,0.25,0.11750000000000001,15.0,0.15,0.05,0.1635,0.1635,0.21409693402873667,199709.27010475931,2495887.579860944
8791690457,12.188183784484863,50,0.556432612446183,0.6253888471300078,0.45,0.25,0.3957163062230915,0.25,0.3957163062230915,15.0,0.15,0.05,0.6815284098725211,0.6815284098725211,0.7321253439012577,199587.88164825563,2495888.0252253725
8791690458,13.25888442993164,50,0.5139835521427926,0.8326196800419907,0.45,0.25,0.3744917760713963,0.25,0.3744917760713963,15.0,0.15,0.05,0.7057442289033129,0.7057442289033129,0.7563411629320496,199441.37504455884,2495888.1318034017
8791690465,16.04985809326172,50,0.4033324473324125,0.729911241768409,0.45,0.25,0.3191662236662063,0.25,0.3191662236662063,15.0,0.15,0.05,0.6081439012081704,0.6081439012081704,0.6587408352369071,199588.45318613283,2495985.1414490663
8791690466,18.849021911621094,50,0.29235663515755,0.8319205538823393,0.45,0.25,0.263678317578775,0.25,0.263678317578775,15.0,0.15,0.05,0.5615119513229924,0.5615119513229924,0.612108885351729,199588.76899683592,2496059.7071348773
8791690468,13.47728157043457,50,0.5053249663590618,0.9622214182101188,0.45,0.25,0.3701624831795309,0.25,0.3701624831795309,15.0,0.15,0.05,0.7325165826859199,0.7325165826859199,0.7831135167146566,199349.56780869636,2495884.9853647854
8791690550,13.480928421020508,50,0.5051803831078064,0.820405588775111,0.45,0.25,0.3700901915539032,0.25,0.3700901915539032,15.0,0.15,0.05,0.696968646213852,0.696968646213852,0.7475655802425887,197646.2476997365,2495846.677462709
8792350041,5.662373065948486,50,0.8151552852097459,0.8482563889657629,0.45,0.7320505365742357,0.7104816951334251,0.2562176878009825,0.2131445085400275,120.0,0.9,1.0,0.844271943375003,1.0,1.0,196747.34689594252,2494024.0789833697
8794485628,18.758041381835938,50,0.2959636545534083,0.3973396371548463,0.45,0.8544527332819881,0.49796364776977653,0.29905845664869585,0.14938909433093295,120.0,0.9,1.0,0.44180442948901194,0.6225981955034392,1.0,196698.82555510686,2494322.0115790027
8869144262,26.223188400268555,50,0.0,1.0,0.45,0.25,0.11750000000000001,0.25,0.11750000000000001,15.0,0.15,0.05,0.41350000000000003,0.41350000000000003,0.4640969340287367,194410.77284552605,2494594.8631718676
8869146313,9.08188247680664,50,0.6795852154551328,0.8858733554222027,0.45,0.34510915339832604,0.4938730513423072,0.1207882036894141,0.14816191540269216,120.0,0.9,1.0,0.739030231174295,0.8530366483040004,1.0,197805.07639359782,2494390.0221938677
8869177719,17.434110641479492,50,0.3484522899846985,0.8296853623540286,0.45,0.4939460576137969,0.38555155176688655,0.1728811201648289,0.11566546553006596,120.0,0.9,1.0,0.5467794172190703,0.6649696219562281,1.0,197529.53090302978,2494392.1619579857
8869177728,9.00491714477539,50,0.6826365875025474,0.8599973312355773,0.45,0.32324191570082855,0.48698826132851547,0.11313467049528998,0.14609647839855464,120.0,0.9,1.0,0.7322956857140643,0.8424954913411642,1.0,197799.51182336517,2494017.4557969514
8869177729,5.2262163162231445,50,0.8324471811748372,0.9558000167316318,0.45,0.3456801599119258,0.5705236520920054,0.12098805596917402,0.17115709562760162,120.0,0.9,1.0,0.8452249841484235,0.9700367162298547,1.0,197756.25453124644,2494018.040301367
8869177730,5.698123455047607,50,0.8137379231961973,0.8611671865281803,0.45,0.3986324601343514,0.581535292419003,0.13952136104702298,0.17446058772570092,120.0,0.9,1.0,0.8156440441444984,0.9488812049006246,1.0,197653.47509977402,2494019.4520078795
8869177731,6.211061954498291,50,0.7934019334985101,0.7688921056260434,0.45,0.72493456660568,0.6968681077514397,0.253727098311988,0.2090604323254319,120.0,0.9,1.0,0.8111515959581754,1.0,1.0,196684.29858630337,2494024.1813265923
8869177732,5.6408820152282715,50,0.8160073206613776,0.9058370555532138,0.45,0.726969791823215,0.7089535802626946,0.25443942713812523,0.21268607407880838,120.0,0.9,1.0,0.8586883904954479,1.0,1.0,196697.70460162568,2494024.1273890985
8869177733,7.189614772796631,50,0.7546061713303965,0.9312516784082129,0.45,0.2783629962833716,0.505711930389572,0.09742704869918005,0.15171357911687158,120.0,0.9,1.0,0.7876744393969817,0.89466129916836,1.0,197885.80290867662,2494016.9676665603
8869177742,9.366870880126953,50,0.6682865485777416,0.8866650086027957,0.45,0.2961805228033523,0.46940501382862165,0.10366318298117329,0.1408215041485865,120.0,0.9,1.0,0.7281207912944089,0.8323409611948516,1.0,197851.60981897503,2494017.163155095
8869177754,8.736371994018555,50,0.69328334422875,0.8579431884568238,0.45,0.2828390176244398,0.4767720635083903,0.09899365616855392,0.14303161905251707,120.0,0.9,1.0,0.7341966914842327,0.8377138526665846,1.0,197886.28515618638,2494050.4095313447
8869177764,5.698123455047607,50,0.8137379231961973,0.8611671865281803,0.45,0.39551018140132965,0.5803344159832254,0.13842856349046537,0.17410032479496762,120.0,0.9,1.0,0.8153534320470401,0.9480165738668647,1.0,197656.82529083337,2494011.782509408
8869177769,9.366870880126953,50,0.6682865485777416,0.8866650086027957,0.45,0.2962038739744298,0.46941399504826686,0.10367135589105043,0.14082419851448005,120.0,0.9,1.0,0.728122964749563,0.8323474276729962,1.0,197849.30913197115,2494009.6047921474
8869177775,7.189614772796631,50,0.7546061713303965,0.9312516784082129,0.45,0.2772899671815415,0.5052992268888681,0.09705148851353951,0.1515897680666604,120.0,0.9,1.0,0.7875745651498113,0.8943641526478532,1.0,197885.69665198185,2494009.4659250267
8869448090,8.598374366760254,50,0.6987544062161724,0.3536268780291215,0.45,0.4024043745371627,0.5254942702377641,0.14084153108800693,0.15764828107132922,120.0,0.9,1.0,0.6224196053580424,0.7483013718811606,1.0,196242.65104578907,2493588.7406348987
8869448108,8.704951286315918,50,0.6945290514408605,0.5958193235519009,0.45,0.44018129224119606,0.5379111765824287,0.15406345228441862,0.1613733529747286,120.0,0.9,1.0,0.6840331702322779,0.8165643029451735,1.0,196270.06902197213,2493655.224460697
8869448109,5.635678291320801,50,0.8162136278032383,0.7017312685352055,0.45,0.48081167875772696,0.6143805365007449,0.16828408756520444,0.18431416095022346,120.0,0.9,1.0,0.784869962128668,0.9333887554772768,1.0,196380.0504104226,2493671.030377888
8869448111,8.245351791381836,10,0.7127503598512275,0.7774826470709965,0.15,0.25,0.42887517992561375,0.25,0.42887517992561375,15.0,0.15,0.05,0.7521583956710471,0.7521583956710471,0.8027553296997838,196894.92532860214,2492632.350272375
8869448116,17.033021926879883,50,0.36435387658171015,0.9029790708694517,0.45,0.32508468264814433,0.3285556623862952,0.32508468264814433,0.3285556623862952,15.0,0.15,0.05,0.6468674688441913,0.6468674688441913,0.697464402872928,196023.77402834414,2493589.7525783135
8869467017,9.71380615234375,50,0.6545319325192459,0.5108465700297707,0.45,0.25,0.44476596625962295,0.25,0.44476596625962295,15.0,0.15,0.05,0.7166573986449526,0.7166573986449526,0.7672543326736893,195907.84551960038,2493399.3254243555
8872340111,18.131855010986328,50,0.3207894759726759,0.7767232150367066,0.45,0.25,0.27789473798633796,0.25,0.27789473798633796,15.0,0.15,0.05,0.566193963141416,0.566193963141416,0.6167908971701527,196591.8135082741,2491792.503359201
8872340116,7.860752105712891,50,0.7279982214445243,0.8067494373041102,0.45,0.25,0.48149911072226215,0.0875,0.14444973321667864,120.0,0.9,1.0,0.7384763277638516,0.8383862032649684,1.0,196405.8624231564,2491776.0094287656
8872362717,5.938011646270752,50,0.8042273019608347,0.8679596854930028,0.45,0.25,0.5196136509804173,0.0875,0.1558840952941252,120.0,0.9,1.0,0.7979917565105349,0.9032376676477933,1.0,196217.78085537575,2491770.577314502
8872362720,9.61821174621582,50,0.658321873925976,0.611377357090693,0.45,0.25,0.446660936962988,0.25,0.446660936962988,15.0,0.15,0.05,0.7442535573245577,0.7442535573245577,0.7948504913532943,196388.87920059892,2492062.501686948
8872362721,7.1902546882629395,50,0.7545808012044571,0.8318191818408438,0.45,0.25,0.49479040060222856,0.0875,0.14843712018066857,120.0,0.9,1.0,0.760161660158796,0.8619323162431082,1.0,196029.92558458442,2491778.7099293787
8872362722,7.588958263397217,50,0.738773775985947,0.8434226209946362,0.45,0.25,0.48688688799297347,0.0875,0.14606606639789205,120.0,0.9,1.0,0.7538944453205082,0.8545586096395246,1.0,195854.48311256018,2491813.5560373045
8872362723,6.354122161865234,50,0.7877301601645164,0.8130414535358435,0.45,0.25,0.5113650800822582,0.0875,0.15340952402467747,120.0,0.9,1.0,0.7746938562793803,0.8787849674908965,1.0,195677.45577938185,2491870.825530264
8872362724,8.156902313232422,10,0.716257033026157,0.8599643233354244,0.15,0.25,0.4306285165130785,0.25,0.4306285165130785,15.0,0.15,0.05,0.7750581523008582,0.7750581523008582,0.8256550863295948,195517.76555109926,2491930.3367233705
8872362725,6.399740219116211,50,0.7859215840032849,0.8828343398696525,0.45,0.25,0.5104607920016424,0.0875,0.15313823760049272,120.0,0.9,1.0,0.7910931036893183,0.8950576145695484,1.0,195359.28255793772,2491988.3516406026
8872362726,5.953469276428223,50,0.8036144678531013,0.8774563289626693,0.45,0.25,0.5193072339265506,0.0875,0.15579217017796518,120.0,0.9,1.0,0.8000104735954661,0.9052134863451833,1.0,195205.7096854843,2492047.756351029
8878665892,12.749284744262695,10,0.5341871710343488,0.8497225882084576,0.15,0.25,0.3395935855171744,0.25,0.3395935855171744,15.0,0.15,0.05,0.6541523082244413,0.6541523082244413,0.7047492422531779,197833.75095824304,2496411.4292090586
8878665902,15.40269947052002,60,0.4289897358746814,0.6880037489536174,0.55,0.25,0.34699486793734075,0.25,0.34699486793734075,15.0,0.15,0.05,0.6373442655569473,0.6373442655569473,0.687941199585684,197889.15165718214,2496463.7638440477
8878665913,10.828201293945312,50,0.6103505576701528,0.6824743475331119,0.45,0.25,0.4226752788350764,0.25,0.4226752788350764,15.0,0.15,0.05,0.7308464493688772,0.7308464493688772,0.7814433833976139,197889.15814602916,2496344.788299367
8878670822,13.864693641662598,10,0.4899656047636854,0.7079593788974117,0.15,0.25,0.31748280238184273,0.25,0.31748280238184273,15.0,0.15,0.05,0.5899674878207485,0.5899674878207485,0.6405644218494851,197837.50517734385,2496396.0705174166
8882319490,8.207802772521973,50,0.7142390304452854,0.7995811322503659,0.45,0.25,0.4746195152226427,0.0875,0.14238585456679279,120.0,0.9,1.0,0.7287039207208569,0.827650652852027,1.0,198772.5767711965,2493954.718576181
8882319634,3.885094404220581,50,0.8856173788009345,0.9672001694190971,0.45,0.25,0.5603086894004672,0.0875,0.16809260682014016,120.0,0.9,1.0,0.8700081220593162,0.9809513385753817,1.0,198879.0249042511,2493415.687205347
8882319736,16.346437454223633,10,0.3915742446716119,0.6858895029489441,0.15,0.3688202740367715,0.3139872277345642,0.3688202740367715,0.3139872277345642,15.0,0.15,0.05,0.5533997106608898,0.5533997106608898,0.6039966446896264,197193.81236474367,2493442.045640115
8987589741,7.400401592254639,50,0.7462493047791494,0.697935848758636,0.45,0.30242729601521,0.5107889970108093,0.1058495536053235,0.15323669910324278,120.0,0.9,1.0,0.7267383303599044,0.8375643384233951,1.0,196160.66776636947,2493420.7627943084
8987589756,6.469691276550293,50,0.7831483002960856,0.797764422247072,0.45,0.28469694878672697,0.52241913045063,0.09964393207535444,0.156725739135189,120.0,0.9,1.0,0.7714466049667238,0.8815958865720865,1.0,196148.28192769462,2493389.6173831583
9000013660,12.996552467346191,50,0.5243839804479887,0.7821423993951627,0.45,0.2522454731505825,0.38055563374344914,0.2522454731505825,0.38055563374344914,15.0,0.15,0.05,0.7005070104739908,0.7005070104739908,0.7511039445027274,197060.60074102314,2493169.1433805246
9198650558,8.406972885131836,50,0.7063427205319938,0.6730512297868632,0.45,0.25,0.4706713602659969,0.0875,0.14120140807979906,120.0,0.9,1.0,0.6924915853552721,0.7908855757925117,1.0,197892.0852987225,2493271.8816335704
9200052964,14.256516456604004,50,0.4744313745655224,0.7306099507101097,0.45,0.25,0.3547156872827612,0.25,0.3547156872827612,15.0,0.15,0.05,0.654532881145117,0.654532881145117,0.7051298151738536,198371.93844025402,2495913.343179784
9203706610,26.223188400268555,50,0.0,0.0,0.45,0.25,0.11750000000000001,0.25,0.11750000000000001,15.0,0.15,0.05,0.1635,0.1635,0.21409693402873667,199794.9927102378,2495873.900255057
9222802792,12.508838653564453,50,0.5437199107848746,0.8930136591912018,0.45,0.3844725325283058,0.4410801602110165,0.3844725325283058,0.4410801602110165,15.0,0.15,0.05,0.777409904277346,0.777409904277346,0.8280068383060827,195915.1008829078,2493940.009882603
9222802794,6.575598239898682,50,0.7789495066436836,0.7569756695656719,0.45,0.25,0.5069747533218418,0.0875,0.15209242599655254,120.0,0.9,1.0,0.7555846312447545,0.8590610967098125,1.0,195709.86246591696,2493571.1561385524
9222802797,6.54204797744751,50,0.7802796423076909,0.7953315886152807,0.45,0.25,0.5076398211538454,0.0875,0.15229194634615362,120.0,0.9,1.0,0.7659450896922808,0.8695146646538192,1.0,195647.29826495313,2493468.391938393
9222802798,8.949257850646973,50,0.6848432591272904,0.5516892987934725,0.45,0.25,0.4599216295636452,0.0875,0.13797648886909356,120.0,0.9,1.0,0.6496814149921966,0.7465704431311069,1.0,195449.57148407662,2493142.974438354
9222802799,5.103296756744385,50,0.8373204572067227,0.7562769367829454,0.45,0.25,0.5361602286033613,0.0875,0.1608480685810084,120.0,0.9,1.0,0.7892650993756355,0.8968275313801062,1.0,195549.58149782405,2493301.9138462897
9222802800,10.823492050170898,50,0.6105372606237875,0.9712884195745883,0.45,0.463665860496116,0.5049478074257845,0.16228305117364059,0.15148434222773535,120.0,0.9,1.0,0.7313710769170054,0.8623403318211104,1.0,196004.1254921623,2494123.9746617083
9222802801,10.823492050170898,50,0.6105372606237875,0.9712884195745883,0.45,0.4690744762128154,0.5070280442398997,0.16417606667448537,0.1521084132719699,120.0,0.9,1.0,0.7318744942260212,0.8638381023272734,1.0,196015.4436765518,2494120.4034082415
9228759443,12.672200202941895,50,0.5372432692602169,0.42574326305062515,0.45,0.25,0.38612163463010846,0.25,0.38612163463010846,15.0,0.15,0.05,0.6191439407817972,0.6191439407817972,0.6697408748105339,196653.93426825287,2492551.809683164
9393473353,16.110107421875,10,0.4009437989324886,0.0,0.15,0.25,0.27297189946624434,0.25,0.27297189946624434,15.0,0.15,0.05,0.3551134693061176,0.3551134693061176,0.40571040333485425,195818.42194415902,2496715.4795944123
9393473355,16.110107421875,10,0.4009437989324886,0.0,0.15,0.25,0.27297189946624434,0.25,0.27297189946624434,15.0,0.15,0.05,0.3551134693061176,0.3551134693061176,0.40571040333485425,195825.44524994196,2496708.2909039953
9393473358,37.323097229003906,50,0.0,0.0,0.45,0.25,0.11750000000000001,0.25,0.11750000000000001,15.0,0.15,0.05,0.1635,0.1635,0.21409693402873667,195853.4717819934,2496661.6143876654
9393473359,39.42111587524414,50,0.0,0.02804848997618381,0.45,0.25,0.11750000000000001,0.25,0.11750000000000001,15.0,0.15,0.05,0.17051212249404596,0.17051212249404596,0.22110905652278262,195838.36734777217,2496664.174789041
9393473360,20.05124282836914,50,0.24469331449919712,0.41941413826230967,0.45,0.25,0.23984665724959858,0.25,0.23984665724959858,15.0,0.15,0.05,0.42740418899005556,0.42740418899005556,0.4780011230187922,195912.4984705763,2496682.5026782393
9393473361,26.223188400268555,50,0.0,0.0,0.45,0.25,0.11750000000000001,0.25,0.11750000000000001,15.0,0.15,0.05,0.1635,0.1635,0.21409693402873667,195913.53130643786,2496731.529689721
9393473363,26.223188400268555,50,0.0,0.0,0.45,0.25,0.11750000000000001,0.25,0.11750000000000001,15.0,0.15,0.05,0.1635,0.1635,0.21409693402873667,195915.54271402373,2496740.556704388
9393473366,16.903650283813477,10,0.36948295229622324,0.6757006591376071,0.15,0.25,0.25724147614811166,0.25,0.25724147614811166,15.0,0.15,0.05,0.5035890837769469,0.5035890837769469,0.5541860178056836,195942.67487500847,2496681.982608228
9393473370,22.144147872924805,50,0.16171787890623376,0.13774114482316924,0.45,0.25,0.1983589394531169,0.25,0.1983589394531169,15.0,0.15,0.05,0.3030519074948443,0.3030519074948443,0.35364884152358095,195901.3383359795,2496674.720951562
9577362646,13.406351089477539,50,0.5081370803484365,0.34948974483045503,0.45,0.4799691003758948,0.46001819416494705,0.16798918513156316,0.1380054582494841,120.0,0.9,1.0,0.5180467590754634,0.6448452893074224,1.0,196268.81206370675,2493751.093472571
9577362648,7.7708740234375,50,0.7315615331420429,0.8260170748472792,0.45,0.5170652702683364,0.5859981782126893,0.18097284459391771,0.1757994534638068,120.0,0.9,1.0,0.7702175715514883,0.9194758016361485,1.0,196380.6395307124,2493750.391877826
9608302581,9.883172988891602,50,0.6478172050288051,0.5437723616901037,0.45,0.25,0.44140860251440256,0.25,0.44140860251440256,15.0,0.15,0.05,0.7205242736912493,0.7205242736912493,0.7711212077199859,195133.8197835912,2493674.079339812
9608302698,10.50501537322998,50,0.62316360555239,0.579526509599446,0.45,0.25,0.429081802776195,0.25,0.429081802776195,15.0,0.15,0.05,0.713437971008915,0.713437971008915,0.7640349050376517,194865.6985878336,2493551.1208743392
9608397713,6.944080829620361,50,0.764340624377326,0.6863792214589067,0.45,0.25,0.499670312188663,0.0875,0.1499010936565989,120.0,0.9,1.0,0.7294623675035756,0.8319162112099886,1.0,195455.99245693826,2492686.13538431
9653865272,7.37315034866333,50,0.7473297091736636,0.7531536193633378,0.45,0.25,0.4911648545868318,0.0875,0.14734945637604954,120.0,0.9,1.0,0.7362896361615593,0.8375527158037158,1.0,197905.52570866304,2495124.96393845
9653865274,8.859504699707031,50,0.6884016177897894,0.7087808452807072,0.45,0.25,0.4617008088948947,0.0875,0.1385102426684684,120.0,0.9,1.0,0.6910181496382546,0.78815626288354,1.0,197876.11039892194,2495295.204572466
9653865275,8.859504699707031,50,0.6884016177897894,0.7087808452807072,0.45,0.25,0.4617008088948947,0.0875,0.1385102426684684,120.0,0.9,1.0,0.6910181496382546,0.78815626288354,1.0,197868.44466762542,2495310.119173719
9655569173,13.2590913772583,10,0.513975347496997,0.8343019624215845,0.15,0.25,0.3294876737484985,0.25,0.3294876737484985,15.0,0.15,0.05,0.6371594664784443,0.6371594664784443,0.687756400507181,198479.184911447,2495891.56330589
9655569174,14.256516456604004,50,0.4744313745655224,0.7306099507101097,0.45,0.25,0.3547156872827612,0.25,0.3547156872827612,15.0,0.15,0.05,0.654532881145117,0.654532881145117,0.7051298151738536,198368.96302782075,2495906.008639133
9660848459,8.461647987365723,50,0.7041750682365645,0.933100704921913,0.45,0.25,0.46958753411828225,0.0875,0.14087626023548466,120.0,0.9,1.0,0.7562467158076857,0.8544889705842453,1.0,195619.95000110142,2493562.6720447177
9660848462,6.969974040985107,50,0.7633140606077563,0.8739271300001545,0.45,0.25,0.49915703030387815,0.0875,0.14974710909116343,120.0,0.9,1.0,0.7757539376525372,0.8781359218950803,1.0,195240.79708613065,2493795.879605593
9660848463,8.390786170959473,50,0.70698445994715,0.7758729010122518,0.45,0.25,0.470992229973575,0.0875,0.1412976689920725,120.0,0.9,1.0,0.71856921202241,0.8170081242187106,1.0,195159.75090206158,2493846.0464427145
9660848465,7.914377212524414,50,0.7258721973289152,0.9239432954076653,0.45,0.25,0.4804360986644576,0.0875,0.14413082959933726,120.0,0.9,1.0,0.766541698302687,0.8663027521157112,1.0,194601.08822522324,2494191.8909568293
9660848467,7.141552925109863,50,0.7565116341499287,0.8501133426205254,0.45,0.25,0.49575581707496436,0.0875,0.1487267451224893,120.0,0.9,1.0,0.76585508346209,0.867760897852585,1.0,194708.51793875446,2494125.3793785037
9660848469,8.762503623962402,50,0.692247328102273,0.7561951859056433,0.45,0.25,0.4636236640511365,0.0875,0.13908709921534093,120.0,0.9,1.0,0.7051022467757291,0.8025095597428883,1.0,194803.93500253337,2494066.311949514
9660848480,5.698336601257324,50,0.8137294727891221,0.9528671384455994,0.45,0.25,0.524364736394561,0.0875,0.1573094209183683,120.0,0.9,1.0,0.8247298788290907,0.9306409419243293,1.0,194740.1696222346,2494106.062691984
9660848481,5.698336601257324,50,0.8137294727891221,0.9528671384455994,0.45,0.25,0.524364736394561,0.0875,0.1573094209183683,120.0,0.9,1.0,0.8247298788290907,0.9306409419243293,1.0,194751.5370214426,2494098.754104434
9660848487,4.987802028656006,50,0.8418993679397984,0.7145673721639432,0.45,0.25,0.5384496839698991,0.0875,0.16153490519096972,120.0,0.9,1.0,0.7814934764460688,0.8893764322018548,1.0,195262.51618518808,2493782.4472848712
9660848493,6.685957908630371,50,0.7745741807736792,0.9015554278577236,0.45,0.26159683847131837,0.5092474128758082,0.09155889346496142,0.15277422386274245,120.0,0.9,1.0,0.7902712798554952,0.8955735066593798,1.0,196556.95153807983,2493175.3165490557
9666019841,10.69614028930664,50,0.6155862559705813,0.9208875553755506,0.45,0.25,0.4252931279852906,0.25,0.4252931279852906,15.0,0.15,0.05,0.7938529552247655,0.7938529552247655,0.8444498892535022,197392.78005574737,2496455.848392408
9666019842,11.920928001403809,50,0.5670282508262305,0.8799069956817227,0.45,0.25,0.40101412541311526,0.25,0.40101412541311526,15.0,0.15,0.05,0.7520451119574807,0.7520451119574807,0.8026420459862174,197392.48110609112,2496397.3195423814
9666019852,11.56408405303955,50,0.5811757068377972,0.7238532132839144,0.45,0.25,0.4080878534188986,0.25,0.4080878534188986,15.0,0.15,0.05,0.7222275127655469,0.7222275127655469,0.7728244467942835,197391.1388425469,2496137.9909190657
9666019854,11.303308486938477,10,0.5915144301571019,0.8153471310567888,0.15,0.25,0.36825721507855097,0.25,0.36825721507855097,15.0,0.15,0.05,0.6828211623663136,0.6828211623663136,0.7334180963950503,197367.07165252848,2496190.981304986
9666019856,10.26977825164795,50,0.6324898302092034,0.8795156333234981,0.45,0.25,0.43374491510460167,0.25,0.43374491510460167,15.0,0.15,0.05,0.7944972979668568,0.7944972979668568,0.8450942319955934,197391.5279501403,2496214.16373881
9666019868,15.177618026733398,10,0.4379133279366677,0.8242385581672392,0.15,0.25,0.29145666396833386,0.25,0.29145666396833386,15.0,0.15,0.05,0.5852033027006438,0.5852033027006438,0.6358002367293805,197840.88795986766,2493701.6698855623
9666019883,5.959272384643555,50,0.8033843974859756,0.9475327089336901,0.45,0.26264818980379934,0.5240568871290644,0.09192686643132976,0.1572170661387193,120.0,0.9,1.0,0.818573382364719,0.9260856112372818,1.0,197639.38295865222,2493525.994019709
9666019885,5.667750358581543,10,0.8149420967520568,0.8993071297255059,0.15,0.25,0.4799710483760284,0.0875,0.1439913145128085,120.0,0.9,1.0,0.7493431985475694,0.8490391453202134,1.0,197616.05203029246,2493460.7138951486
9666019894,10.059370040893555,50,0.6408316864176815,0.8237275019392291,0.45,0.25,0.43791584320884075,0.25,0.43791584320884075,15.0,0.15,0.05,0.7859724716563004,0.7859724716563004,0.836569405685037,197847.01177821064,2495067.934902257
9666019897,10.411898612976074,50,0.6268553180661385,0.8181941667494745,0.45,0.25,0.43092765903306923,0.25,0.43092765903306923,15.0,0.15,0.05,0.7755044984303586,0.7755044984303586,0.8261014324590953,197391.36862912396,2496182.0453799726
9666019900,6.562620162963867,50,0.7794640362395802,0.8437243887780864,0.45,0.25,0.50723201811979,0.0875,0.152169605435937,120.0,0.9,1.0,0.7775702382134781,0.8810827207502487,1.0,197887.84277005907,2495123.7155626635
9666019902,10.63405704498291,50,0.6180476118998368,0.9307284096147614,0.45,0.25,0.4265238059499184,0.25,0.4265238059499184,15.0,0.15,0.05,0.7979130501385843,0.7979130501385843,0.8485099841673209,197392.56076906977,2496413.899674979
9669373592,9.47536563873291,50,0.6639851590434669,0.4142653826589534,0.45,0.30292653450810386,0.46984893894792723,0.10602428707783634,0.14095468168437816,120.0,0.9,1.0,0.6081539768910881,0.7133132778298513,1.0,195949.9997414464,2493609.4448112813
9671934765,26.223188400268555,50,0.0,0.0,0.45,0.25,0.11750000000000001,0.25,0.11750000000000001,15.0,0.15,0.05,0.1635,0.1635,0.21409693402873667,194017.33760797489,2494693.5945323315
9706857112,20.8355770111084,10,0.2135975556961226,0.696959177297698,0.15,0.25,0.17929877784806128,0.25,0.17929877784806128,15.0,0.15,0.05,0.40757820552690416,0.40757820552690416,0.4581751395556408,195019.31691861612,2494629.349847325
9730051941,13.457674026489258,50,0.5061023281911251,0.9280798504614574,0.45,0.25,0.37055116409556255,0.25,0.37055116409556255,15.0,0.15,0.05,0.7244864759395958,0.7244864759395958,0.7750834099683325,195188.72855356778,2494583.8907152163
9730051942,11.970983505249023,10,0.5650437473982388,0.4473765144534788,0.15,0.25,0.3550218736991194,0.25,0.3550218736991194,15.0,0.15,0.05,0.573622564422225,0.573622564422225,0.6242194984509617,195053.5208527564,2494592.880088197
9731823962,6.015978813171387,50,0.8011362111096954,0.9029100987819525,0.45,0.25,0.5180681055548477,0.0875,0.1554204316664543,120.0,0.9,1.0,0.8049365271391113,0.9099660619167902,1.0,196994.34093069477,2492327.4100400726
9731824018,7.461157321929932,50,0.7438405795731542,0.8459178465908191,0.45,0.25,0.4894202897865771,0.0875,0.14682608693597313,120.0,0.9,1.0,0.7574569978001342,0.8584758383702551,1.0,196552.83371610002,2492851.820886893
9732895733,14.59808349609375,50,0.4608895877751534,0.7858537557149323,0.45,0.25,0.3479447938875767,0.25,0.3479447938875767,15.0,0.15,0.05,0.6595416709825829,0.6595416709825829,0.7101386050113195,196693.38449992606,2496633.437876345
9732895734,14.59808349609375,50,0.4608895877751534,0.7858537557149323,0.45,0.25,0.3479447938875767,0.25,0.3479447938875767,15.0,0.15,0.05,0.6595416709825829,0.6595416709825829,0.7101386050113195,196693.35829409043,2496624.294014233
9732895742,10.738170623779297,50,0.6139199188760921,0.6173628373338257,0.45,0.25,0.42445995943804604,0.25,0.42445995943804604,15.0,0.15,0.05,0.7168886566029163,0.7168886566029163,0.767485590631653,196515.34407954162,2495711.3555827504
9732895743,8.906249046325684,50,0.6865483886945274,0.747827009707875,0.45,0.25,0.4607741943472637,0.0875,0.1382322583041791,120.0,0.9,1.0,0.6997048178697945,0.7967132050784116,1.0,196471.6789952211,2495710.888320223
9732895756,10.909662246704102,80,0.6071209519808927,0.4358378394461405,0.95,0.39492129061779274,0.5517994339203667,0.13822245171622746,0.16553983017611,120.0,0.9,1.0,0.6936284398294935,0.822220128358658,1.0,196689.20892872103,2495259.9580906453
9732895760,10.29526424407959,50,0.6314794110652314,0.815650245858194,0.45,0.25,0.4332397055326157,0.25,0.4332397055326157,15.0,0.15,0.05,0.777874178656949,0.777874178656949,0.8284711126856856,196677.6609433681,2495778.488868478
9757737411,4.625810146331787,50,0.8562509192417093,0.9563080183282177,0.45,0.27227126803166796,0.5541913319407269,0.09529494381108378,0.16625739958221805,120.0,0.9,1.0,0.852325478843655,0.9653075301594736,1.0,196622.93197780522,2493184.2895650337
9867711844,8.201550483703613,50,0.7144869090528246,0.8593737930480714,0.45,0.29101586674132157,0.49051878788845904,0.10185555335946254,0.1471556363665377,120.0,0.9,1.0,0.7476134861862714,0.8541181791670275,1.0,196235.2831617492,2495314.393954651
10006651411,6.938106060028076,50,0.764577500441425,0.8690828600571842,0.45,0.25,0.4997887502207125,0.0875,0.14993662506621375,120.0,0.9,1.0,0.7752756652703225,0.8777460903012224,1.0,195659.17149857036,2493537.0559987724
10006651412,6.938106060028076,50,0.764577500441425,0.8690828600571842,0.45,0.25,0.4997887502207125,0.0875,0.14993662506621375,120.0,0.9,1.0,0.7752756652703225,0.8777460903012224,1.0,195665.34388226707,2493548.705185887
10031001799,8.643726348876953,50,0.6969563788852495,0.738908844887044,0.45,0.25,0.46597818944262476,0.0875,0.13979345683278743,120.0,0.9,1.0,0.7035119109752057,0.8012488574971732,1.0,197970.37319974462,2495890.5657827873
10031001805,13.61520767211914,50,0.49985674007871167,0.9047158299928877,0.45,0.25,0.36742837003935586,0.25,0.36742837003935586,15.0,0.15,0.05,0.7145858385493846,0.7145858385493846,0.7651827725781213,197496.65851765237,2495905.28695726
10031001813,8.934054374694824,60,0.6854460170225605,0.7481483152119286,0.55,0.25,0.47522300851128024,0.0875,0.14256690255338406,120.0,0.9,1.0,0.7200457686760671,0.8190769898676464,1.0,197954.74836033594,2495847.3352551563
10050110834,11.833490371704102,50,0.570494808198445,0.3457694481260286,0.45,0.4246872742968833,0.4699348172903315,0.14864054600390914,0.14098044518709943,120.0,0.9,1.0,0.5481387047788536,0.669138924858095,1.0,195958.88211078232,2494028.8588060555
10050110835,7.489171504974365,50,0.7427299276365364,0.6852034535919176,0.45,0.25,0.4888649638182682,0.0875,0.14665948914548046,120.0,0.9,1.0,0.7166342214271705,0.8175753163617281,1.0,195323.24448196578,2492932.4057523166
10050110836,6.026862144470215,50,0.800704729921587,0.9260970519522653,0.45,0.25,0.5178523649607936,0.0875,0.15535570948823807,120.0,0.9,1.0,0.8104830063425867,0.915482337437098,1.0,195586.40894001635,2492825.508259175
10154495540,16.260005950927734,10,0.39500091309767726,0.31712908084453684,0.15,0.8214374979851752,0.48978410962005986,0.2875031242948113,0.14693523288601795,120.0,0.9,1.0,0.4134204438510226,0.5887770939359038,1.0,196682.93682383775,2494437.8211085857
10556743814,12.687525749206543,50,0.5366356717582103,0.6596447296170196,0.45,0.25,0.3858178358791051,0.25,0.3858178358791051,15.0,0.15,0.05,0.6772243690470917,0.6772243690470917,0.7278213030758284,197911.7014572079,2495847.8826249433
10556743815,6.073904514312744,50,0.7988396853801908,0.9336596100886067,0.45,0.25,0.5169198426900954,0.0875,0.1550759528070286,120.0,0.9,1.0,0.8112919200426623,0.9161606980192758,1.0,197979.9337171996,2495864.164202386
10556743818,11.836527824401855,50,0.570374385171445,0.8821463355485143,0.45,0.25,0.4026871925857225,0.25,0.4026871925857225,15.0,0.15,0.05,0.7547799342485679,0.7547799342485679,0.8053768682773046,198272.0874524042,2495849.321906084
10556743820,9.44273567199707,60,0.6652788086098116,0.5401136701962193,0.55,0.25,0.4651394043049058,0.0875,0.13954182129147175,120.0,0.9,1.0,0.6563401265427455,0.7539596431454324,1.0,198119.91350087203,2495848.7875384977
10556743824,12.307414054870605,50,0.5517056021850825,0.9151755734195832,0.45,0.25,0.3933528010925412,0.25,0.3933528010925412,15.0,0.15,0.05,0.7509025347751995,0.7509025347751995,0.8014994688039362,197558.16538434918,2495847.1925013303
10556743830,11.483049392700195,50,0.584388411712907,0.8787468913686522,0.45,0.25,0.4096942058564535,0.25,0.4096942058564535,15.0,0.15,0.05,0.7630391904555526,0.7630391904555526,0.8136361244842892,197825.40169632895,2495906.540867578
10556743834,11.34502124786377,50,0.5898606836020134,0.9110990858301722,0.45,0.25,0.4124303418010067,0.25,0.4124303418010067,15.0,0.15,0.05,0.7746842157988517,0.7746842157988517,0.8252811498275884,197873.21959150885,2496001.4543075794
10576642003,12.17895221710205,10,0.5567986077056369,0.8142861338877675,0.15,0.25,0.3508993038528185,0.25,0.3508993038528185,15.0,0.15,0.05,0.659990628480606,0.659990628480606,0.7105875625093426,197320.43172185507,2495893.2192456676
10579173218,11.446918487548828,50,0.5858208596880797,0.7532580430561295,0.45,0.25,0.41041042984403986,0.25,0.41041042984403986,15.0,0.15,0.05,0.7325980695612841,0.7325980695612841,0.7831950035900208,197778.38230421592,2495847.523891636
10579173219,11.155998229980469,50,0.5973547012053267,0.8526256145501208,0.45,0.25,0.41617735060266337,0.25,0.41617735060266337,15.0,0.15,0.05,0.7649369594209926,0.7649369594209926,0.8155338934497293,197806.3016777478,2495863.5783228837
10727191843,17.033021926879883,50,0.36435387658171015,0.9029790708694517,0.45,0.31788789669461215,0.3257876677887828,0.31788789669461215,0.3257876677887828,15.0,0.15,0.05,0.6448745127339824,0.6448745127339824,0.6954714467627191,195998.91473106283,2493596.4844777673
10727765858,5.659299850463867,50,0.8152771260902821,0.671295767378725,0.45,0.25,0.5251385630451411,0.0875,0.15754156891354232,120.0,0.9,1.0,0.7552346749770448,0.8612540738033646,1.0,196814.01596406818,2492688.4340555035
10727765867,9.526688575744629,50,0.6619504068861555,0.6118727259237586,0.45,0.25,0.44847520344307773,0.25,0.44847520344307773,15.0,0.15,0.05,0.7467359459569407,0.7467359459569407,0.7973328799856774,197182.44167143642,2492893.4010019936
10815731976,6.707379341125488,50,0.7737249054102644,0.8962338784599766,0.45,0.25,0.5043624527051322,0.0875,0.15130873581153967,120.0,0.9,1.0,0.7873689147529475,0.8904796581316661,1.0,196821.9894671823,2492399.1278967764
10815767713,6.944080829620361,50,0.764340624377326,0.6863792214589067,0.45,0.25,0.499670312188663,0.0875,0.1499010936565989,120.0,0.9,1.0,0.7294623675035756,0.8319162112099886,1.0,195431.40732885536,2492700.022966419
10815767721,6.5588603019714355,50,0.7796130999080096,0.885964475822625,0.45,0.25,0.5073065499540048,0.0875,0.15219196498620144,120.0,0.9,1.0,0.7882167169023018,0.8917396338958625,1.0,195506.34602651082,2492673.389212553
10815767724,7.365818500518799,10,0.7476203880532796,0.7063585732233238,0.15,0.25,0.4463101940266398,0.25,0.4463101940266398,15.0,0.15,0.05,0.7570428955404629,0.7570428955404629,0.8076398295691996,195539.7706485241,2492687.2477615597
10815767728,7.365818500518799,10,0.7476203880532796,0.7063585732233238,0.15,0.25,0.4463101940266398,0.25,0.4463101940266398,15.0,0.15,0.05,0.7570428955404629,0.7570428955404629,0.8076398295691996,195547.15749375022,2492684.7960332097
10815767731,6.278481960296631,10,0.7907289960122397,0.8544506331508891,0.15,0.25,0.46786449800611984,0.0875,0.14035934940183595,120.0,0.9,1.0,0.7240854759748212,0.8220865056956781,1.0,195560.4962957225,2492652.665065354
10815767734,6.34621524810791,50,0.7880436381289929,0.9010734278798481,0.45,0.25,0.5115218190644965,0.0875,0.15345654571934894,120.0,0.9,1.0,0.7968836670847779,0.9009967217538075,1.0,195422.36016422068,2492674.276268064
10815767749,7.507359504699707,50,0.7420088451374997,0.8719310639601316,0.45,0.25,0.4885044225687498,0.0875,0.14655132677062493,120.0,0.9,1.0,0.7628978961697827,0.8637885153294078,1.0,195951.73969627998,2492559.955023306
10815767792,6.767818927764893,50,0.7713287140295284,0.7477169595330058,0.45,0.25,0.5031643570147641,0.0875,0.15094930710442925,120.0,0.9,1.0,0.7488498940203779,0.851792904002445,1.0,197078.83231638948,2492709.8287512315
10815767795,12.021381378173828,50,0.563045670385728,0.4943576874815351,0.45,0.25,0.39902283519286397,0.25,0.39902283519286397,15.0,0.15,0.05,0.653069107621107,0.653069107621107,0.7036660416498437,197070.66256030544,2492705.9994219886
10815767810,10.208781242370605,10,0.6349081212003889,0.8627697564381737,0.15,0.25,0.38995406060019444,0.25,0.38995406060019444,15.0,0.15,0.05,0.7228827178897963,0.7228827178897963,0.773479651918533,196616.90605795186,2492855.877139433
10829151809,19.317413330078125,50,0.27378676163386634,0.5333254626160319,0.45,0.25,0.2543933808169332,0.25,0.2543933808169332,15.0,0.15,0.05,0.4747927607160211,0.4747927607160211,0.5253896947447577,195214.1310718052,2494637.8657762576
10829151813,4.268135070800781,50,0.8704313261694551,0.6449995927952802,0.45,0.34613687788313763,0.5896913853474728,0.12114790725909816,0.17690741560424184,120.0,0.9,1.0,0.7895981921646883,0.9171527802381424,1.0,195956.5491417955,2494935.2216280946
10875282430,13.676285743713379,50,0.49743523528617767,0.6494831360981167,0.45,0.5055513565644818,0.4645066009371204,0.17694297479756863,0.1393519802811361,120.0,0.9,1.0,0.5892191544476678,0.7199717549322473,1.0,197450.7258225187,2494621.123429342
10964030922,6.082156658172607,10,0.7985125204029124,0.6703781501385736,0.15,0.25,0.4717562602014562,0.0875,0.14152687806043687,120.0,0.9,1.0,0.6825817993683326,0.7811276757965366,1.0,198616.62793094118,2496069.599645718
11111332270,10.828201293945312,50,0.6103505576701528,0.6824743475331119,0.45,0.25,0.4226752788350764,0.25,0.4226752788350764,15.0,0.15,0.05,0.7308464493688772,0.7308464493688772,0.7814433833976139,197905.81350663264,2496344.6379579855
11111332276,11.510970115661621,50,0.5832814651001968,0.6923501825173568,0.45,0.25,0.4091407325500984,0.25,0.4091407325500984,15.0,0.15,0.05,0.7157204979444672,0.7157204979444672,0.7663174319732039,197958.69634607964,2496397.7317493293
11111332280,13.145358085632324,50,0.5184844242172408,0.6288616024640559,0.45,0.25,0.3767422121086204,0.25,0.3767422121086204,15.0,0.15,0.05,0.6577302763572206,0.6577302763572206,0.7083272103859573,197906.16359494737,2496456.1026173746
11111332283,16.12676429748535,50,0.40028341946951107,0.5134056180518907,0.45,0.25,0.31764170973475553,0.25,0.31764170973475553,15.0,0.15,0.05,0.5520356271681549,0.5520356271681549,0.6026325611968916,197959.99040827615,2496410.13142534
11553088688,7.409769535064697,10,0.7458779027715444,0.7040328096381829,0.15,0.25,0.4454389513857722,0.25,0.4454389513857722,15.0,0.15,0.05,0.7553288392110497,0.7553288392110497,0.8059257732397863,195939.9954689956,2495371.8988907244
11649065418,9.565017700195312,50,0.6604308081802965,0.9797147455242289,0.45,0.25,0.44771540409014826,0.25,0.44771540409014826,15.0,0.15,0.05,0.83770871169825,0.83770871169825,0.8883056457269867,197923.4864246904,2493549.8482350917
12089221626,12.173110008239746,50,0.5570302282592955,0.6393844828871977,0.45,0.25,0.39601511412964774,0.25,0.39601511412964774,15.0,0.15,0.05,0.6854157690903415,0.6854157690903415,0.7360127031190782,197799.81458035926,2495527.5843863436
12089221633,21.0061092376709,50,0.20683662508511846,0.0,0.45,0.25,0.22091831254255923,0.25,0.22091831254255923,15.0,0.15,0.05,0.297943806305327,0.297943806305327,0.3485407403340637,197887.45761395,2495478.4764279067
12089221648,10.839913368225098,50,0.6098862200894344,0.6744631668549472,0.45,0.25,0.4224431100447172,0.25,0.4224431100447172,15.0,0.15,0.05,0.7285418347718693,0.7285418347718693,0.779138768800606,197889.3082316437,2495189.337039596
12089221652,8.177434921264648,50,0.715442996049293,0.8855517519053271,0.45,0.25,0.47522149802464647,0.0875,0.14256644940739394,120.0,0.9,1.0,0.7508948756849216,0.8499258854083722,1.0,197799.77593342902,2495311.558526903
12089221656,8.027228355407715,50,0.7213980943292286,0.47998979794826035,0.45,0.25,0.4781990471646143,0.0875,0.1434597141493843,120.0,0.9,1.0,0.6529583441980177,0.7524062108010637,1.0,197923.65802852053,2495293.593421635
12089221659,11.223127365112305,50,0.5946932955944833,0.490381242796434,0.45,0.25,0.4148466477972416,0.25,0.4148466477972416,15.0,0.15,0.05,0.6726459528355228,0.6726459528355228,0.7232428868642594,197911.0725180345,2495308.604737167
12098191727,32.776485443115234,10,0.0,0.2871686359671818,0.15,0.25,0.07250000000000001,0.25,0.07250000000000001,15.0,0.15,0.05,0.16629215899179545,0.16629215899179545,0.2168890930205321,195713.399057134,2496624.697397205
12098191733,25.927936553955078,50,0.011705571937540338,0.0,0.45,0.25,0.12335278596877017,0.25,0.12335278596877017,15.0,0.15,0.05,0.17110862175940122,0.17110862175940122,0.2217055557881379,195822.14647758828,2496677.4203080563
12098191735,32.776485443115234,10,0.0,0.2871686359671818,0.15,0.25,0.07250000000000001,0.25,0.07250000000000001,15.0,0.15,0.05,0.16629215899179545,0.16629215899179545,0.2168890930205321,195724.99587261782,2496634.764778342
12098191740,24.033946990966797,50,0.08679479273438914,0.2102954894877288,0.45,0.25,0.16089739636719458,0.25,0.16089739636719458,15.0,0.15,0.05,0.27249048764928513,0.27249048764928513,0.3230874216780218,195713.82566504797,2496645.183613356
12098191741,25.927936553955078,50,0.011705571937540338,0.0,0.45,0.25,0.12335278596877017,0.25,0.12335278596877017,15.0,0.15,0.05,0.17110862175940122,0.17110862175940122,0.2217055557881379,195832.23435936024,2496685.1234681094
12098191742,25.927936553955078,50,0.011705571937540338,0.0,0.45,0.25,0.12335278596877017,0.25,0.12335278596877017,15.0,0.15,0.05,0.17110862175940122,0.17110862175940122,0.2217055557881379,195835.8979894861,2496686.081714477
12098191743,16.903650283813477,10,0.36948295229622324,0.6757006591376071,0.15,0.25,0.25724147614811166,0.25,0.25724147614811166,15.0,0.15,0.05,0.5035890837769469,0.5035890837769469,0.5541860178056836,195942.6813495555,2496679.7102250666
12144580997,30.247257232666016,50,0.0,0.6692629861590449,0.45,0.25,0.11750000000000001,0.25,0.11750000000000001,15.0,0.15,0.05,0.33081574653976126,0.33081574653976126,0.3814126805684979,195204.11331054807,2496578.580084543
12326760183,6.805079460144043,50,0.7698514807873283,0.8870839311867891,0.45,0.25,0.5024257403936642,0.0875,0.15072772211809923,120.0,0.9,1.0,0.7828348416533477,0.8856744453084608,1.0,196987.9074344806,2492345.3376829405
12326760184,7.249402046203613,50,0.7522358415981591,0.8883121135488931,0.45,0.25,0.49361792079907957,0.0875,0.14808537623972387,120.0,0.9,1.0,0.7729248165141556,0.8745313254260267,1.0,196955.89151009324,2492435.859708957
12369322416,9.565017700195312,50,0.6604308081802965,0.9797147455242289,0.45,0.25,0.44771540409014826,0.25,0.44771540409014826,15.0,0.15,0.05,0.83770871169825,0.83770871169825,0.8883056457269867,197934.320297612,2493539.936930569
12785836783,4.689949989318848,10,0.8537080272817706,0.6250681376515979,0.15,0.25,0.49935401364088533,0.0875,0.14980620409226558,120.0,0.9,1.0,0.7032676902363264,0.8056772521460505,1.0,195214.4303315453,2492528.43740929
12825008599,26.223188400268555,50,0.0,0.0,0.45,0.25,0.11750000000000001,0.25,0.11750000000000001,15.0,0.15,0.05,0.1635,0.1635,0.21409693402873667,197907.12746976194,2496723.285126675
12980712833,6.324483394622803,50,0.7889052204611011,0.8046028628685179,0.45,0.25,0.5119526102305505,0.0875,0.15358578306916515,120.0,0.9,1.0,0.773265743584568,0.8774391090168452,1.0,199366.9118016698,2494613.6089317077
12987924104,8.36686897277832,50,0.7079326825826713,0.6056601837513682,0.45,0.25,0.47146634129133563,0.0875,0.14143990238740067,120.0,0.9,1.0,0.6765660018357914,0.7750712896165785,1.0,198324.82423099357,2496002.4301405814
12987924106,6.574572563171387,50,0.7789901706830992,0.8540822416209761,0.45,0.25,0.5069950853415496,0.0875,0.15209852560246487,120.0,0.9,1.0,0.7798848594014415,0.8833641713492585,1.0,198378.2389531443,2496123.5258327895
12987924174,7.824186325073242,50,0.7294479105186962,0.8949349478539548,0.45,0.25,0.4822239552593481,0.0875,0.14466718657780442,120.0,0.9,1.0,0.7613635250643324,0.8613748788006412,1.0,197979.1860822108,2495906.7745690327
12987924189,11.34502124786377,50,0.5898606836020134,0.9110990858301722,0.45,0.25,0.4124303418010067,0.25,0.4124303418010067,15.0,0.15,0.05,0.7746842157988517,0.7746842157988517,0.8252811498275884,197872.33753881132,2495989.589640644
12987924203,11.997281074523926,60,0.5640011524313542,0.7100196249787576,0.55,0.25,0.4145005762156771,0.25,0.4145005762156771,15.0,0.15,0.05,0.7306056553250697,0.7306056553250697,0.7812025893538064,197922.07767876307,2495987.0150932167
12987924215,11.133279800415039,50,0.5982553973903176,0.7416141099200982,0.45,0.25,0.4166276986951588,0.25,0.4166276986951588,15.0,0.15,0.05,0.7377695357837311,0.7377695357837311,0.7883664698124677,197907.89101251762,2496135.187572781
12987924263,9.18063735961914,50,0.6756699736052386,0.8475890905754899,0.45,0.25,0.4553349868026193,0.0875,0.13660049604078578,120.0,0.9,1.0,0.7183358573349109,0.8145827554872778,1.0,198766.36065392045,2495860.7897165585
12988540075,18.88600730895996,50,0.2908903099352211,0.9133670468483785,0.45,0.25,0.26294515496761056,0.25,0.26294515496761056,15.0,0.15,0.05,0.5809204631699884,0.5809204631699884,0.631517397198725,199527.72009177238,2496548.1794018135
12988998011,11.840251922607422,50,0.5702267393565515,0.7793920748234382,0.45,0.25,0.40261336967827577,0.25,0.40261336967827577,15.0,0.15,0.05,0.7289953992876181,0.7289953992876181,0.7795923333163548,198448.99910650105,2495485.74210895
13017481542,7.051757335662842,50,0.7600716753319573,0.8838634854282696,0.45,0.25,0.49753583766597864,0.0875,0.14926075129979358,120.0,0.9,1.0,0.7763574430496025,0.8785124603228397,1.0,196687.12392570736,2495538.686272867
13017481543,6.775249004364014,50,0.7710341407788667,0.8015272990234906,0.45,0.25,0.5030170703894333,0.0875,0.15090512111683,120.0,0.9,1.0,0.7621316264076153,0.8650540162621361,1.0,196690.31759071536,2495623.771129013
13017481549,7.870185852050781,50,0.7276242105864129,0.6061521194767256,0.45,0.25,0.48131210529320645,0.0875,0.14439363158796192,120.0,0.9,1.0,0.6881100720093009,0.7879937667503498,1.0,196680.13892351877,2495591.6620235173
13017481550,13.16416072845459,50,0.5177389735420969,0.7435725786625108,0.45,0.25,0.3763694867710484,0.25,0.3763694867710484,15.0,0.15,0.05,0.6859234774679908,0.6859234774679908,0.7365204114967274,197821.5759573981,2495847.106269621
13017481562,16.129045486450195,50,0.4001929793186212,0.5893685618502009,0.45,0.25,0.3175964896593106,0.25,0.3175964896593106,15.0,0.15,0.05,0.5709675770196541,0.5709675770196541,0.6215645110483907,197887.29667363578,2495594.362452456
13017481563,10.300559043884277,60,0.6312694931230323,0.7092369002623085,0.55,0.25,0.44813474656151614,0.25,0.44813474656151614,15.0,0.15,0.05,0.7741343955955481,0.7741343955955481,0.8247313296242847,197919.31654353061,2495800.57056681
13017481570,14.260872840881348,50,0.47425866110011067,0.7937091352898106,0.45,0.25,0.35462933055005535,0.25,0.35462933055005535,15.0,0.15,0.05,0.6701954135375247,0.6701954135375247,0.7207923475662613,197874.00416744256,2495805.817850186
13072493341,8.189244270324707,50,0.7149748019069563,0.8352156101309482,0.45,0.25,0.47498740095347813,0.0875,0.14249622028604345,120.0,0.9,1.0,0.7380392876387717,0.8370375237722587,1.0,197618.07035678905,2495704.570100747
13072493346,2.915055513381958,50,0.9240755973038853,0.5939284917995454,0.45,0.25,0.5795377986519427,0.0875,0.17386133959558278,120.0,0.9,1.0,0.7989959693861399,0.912631261197412,1.0,197502.92008099047,2495705.6736774216
13072493347,9.099894523620605,50,0.6788711087954937,0.8681509262810689,0.45,0.25,0.45693555439774686,0.0875,0.13708066631932406,120.0,0.9,1.0,0.7253329746716536,0.8218039522873382,1.0,197572.4504928245,2495706.24416735
13072493356,6.423813343048096,50,0.7849671795263462,0.8002698041202252,0.45,0.25,0.509983589763173,0.0875,0.1529950769289519,120.0,0.9,1.0,0.7698984151553371,0.8737961177221815,1.0,197492.00316967972,2495537.1790453806
13072493360,9.800226211547852,50,0.6511057178063121,0.4487837071574383,0.45,0.25,0.44305285890315604,0.25,0.44305285890315604,15.0,0.15,0.05,0.6989146433634625,0.6989146433634625,0.7495115773921992,197502.5703916254,2495794.042258231
13072493372,1.8617719411849976,50,0.965834139304299,0.7724321164937366,0.45,0.25,0.6004170696521495,0.0875,0.18012512089564484,120.0,0.9,1.0,0.8678418299199275,0.9844002196712285,1.0,197492.90816213662,2495644.2992093246
13072612781,10.204689979553223,50,0.6350703236449196,0.7823574454474417,0.45,0.25,0.43503516182245977,0.25,0.43503516182245977,15.0,0.15,0.05,0.7718850717310581,0.7718850717310581,0.8224820057597948,198258.0484663779,2495889.9099886883
13072612795,10.204689979553223,50,0.6350703236449196,0.7823574454474417,0.45,0.25,0.43503516182245977,0.25,0.43503516182245977,15.0,0.15,0.05,0.7718850717310581,0.7718850717310581,0.8224820057597948,198258.26360253507,2495864.700894746
13072634342,19.69500732421875,50,0.25881664809593613,0.49284287638733315,0.45,0.25,0.2469083240479681,0.25,0.2469083240479681,15.0,0.15,0.05,0.45494154035919177,0.45494154035919177,0.5055384743879284,197967.43878742238,2495503.6270252587
13072634348,11.067286491394043,50,0.6008717719728544,0.3214793051313707,0.45,0.25,0.41793588598642717,0.25,0.41793588598642717,15.0,0.15,0.05,0.6344364780651981,0.6344364780651981,0.6850334120939348,197887.63346444338,2495514.6399468067
13072634356,25.154443740844727,50,0.04237151316732222,0.0,0.45,0.25,0.1386857565836611,0.25,0.1386857565836611,15.0,0.15,0.05,0.19104148355875944,0.19104148355875944,0.2416384175874961,197907.6065806935,2495488.3882462247
13072634358,44.03907775878906,50,0.0,0.28779560726239606,0.45,0.25,0.11750000000000001,0.25,0.11750000000000001,15.0,0.15,0.05,0.235448901815599,0.235448901815599,0.2860458358443357,197907.15417837136,2495439.206517571
13072634370,44.03907775878906,50,0.0,0.28779560726239606,0.45,0.25,0.11750000000000001,0.25,0.11750000000000001,15.0,0.15,0.05,0.235448901815599,0.235448901815599,0.2860458358443357,197903.01927050564,2495424.235813769
13072634374,8.177434921264648,50,0.715442996049293,0.8855517519053271,0.45,0.25,0.47522149802464647,0.0875,0.14256644940739394,120.0,0.9,1.0,0.7508948756849216,0.8499258854083722,1.0,197803.69811721356,2495295.8197211763
13072634395,11.893373489379883,50,0.5681206786187308,0.6257605764035259,0.45,0.25,0.4015603393093654,0.25,0.4015603393093654,15.0,0.15,0.05,0.6892185852030566,0.6892185852030566,0.7398155192317932,197904.92765636492,2495205.035130201
13072634404,8.184033393859863,50,0.7151813926195241,0.6721841793623308,0.45,0.25,0.47509069630976203,0.0875,0.1425272088929286,120.0,0.9,1.0,0.6974012525599066,0.7964139500432734,1.0,197961.78668820317,2495293.66393668
13114390049,20.099414825439453,50,0.2427834846907737,0.803316043503578,0.45,0.25,0.23889174234538685,0.25,0.23889174234538685,15.0,0.15,0.05,0.5221382759248975,0.5221382759248975,0.5727352099536341,195381.05500958598,2494735.976332147
13114390050,20.099414825439453,50,0.2427834846907737,0.803316043503578,0.45,0.25,0.23889174234538685,0.25,0.23889174234538685,15.0,0.15,0.05,0.5221382759248975,0.5221382759248975,0.5727352099536341,195379.30689849152,2494742.328979157
13114400121,28.234188079833984,10,0.0,0.6575818371818153,0.15,0.25,0.07250000000000001,0.25,0.07250000000000001,15.0,0.15,0.05,0.2588954592954538,0.2588954592954538,0.3094923933241905,195406.73943574307,2494938.2303883196
13114400127,22.085758209228516,10,0.16403279892228007,0.7093495252679588,0.15,0.25,0.15451639946114,0.25,0.15451639946114,15.0,0.15,0.05,0.3784587006164718,0.3784587006164718,0.42905563464520846,195341.7625845244,2494878.8326136093
13114400131,18.192930221557617,50,0.31836808460842475,0.853109623134416,0.45,0.25,0.2766840423042124,0.25,0.2766840423042124,15.0,0.15,0.05,0.5837166607790801,0.5837166607790801,0.6343135948078168,195517.10354377364,2494824.059394184
13114400132,18.192930221557617,50,0.31836808460842475,0.853109623134416,0.45,0.25,0.2766840423042124,0.25,0.2766840423042124,15.0,0.15,0.05,0.5837166607790801,0.5837166607790801,0.6343135948078168,195512.5225886093,2494828.7944441307
13146343700,12.659416198730469,50,0.537750104637591,0.7737355530536254,0.45,0.3152946333721548,0.4114883728465473,0.3152946333721548,0.4114883728465473,15.0,0.15,0.05,0.7245530470578218,0.7245530470578218,0.7751499810865584,197522.84289561212,2493546.785554294
13146343905,18.529809951782227,50,0.3050121311548549,0.3697997239399946,0.45,0.3284231150470768,0.30016880213399544,0.3284231150470768,0.30016880213399544,15.0,0.15,0.05,0.4759249865563833,0.4759249865563833,0.5265219205851199,197394.16405896435,2493472.4503312414
13146343906,4.725592613220215,50,0.8522949377335441,0.8756935473596255,0.45,0.41913355874931035,0.6086988376165068,0.14669674556225862,0.18260965128495202,120.0,0.9,1.0,0.8435468819627978,0.9832520818665192,1.0,197379.057513449,2493674.908496994
13146343907,11.709165573120117,50,0.5754237964219426,0.37927700849675083,0.45,0.4626300447881444,0.4869926846679499,0.16192051567585053,0.14609780540038497,120.0,0.9,1.0,0.5629060043715033,0.6912268860474751,1.0,197359.0514734576,2493767.066682716
13146693212,12.158395767211914,50,0.5576135899181918,0.7441006573829076,0.45,0.759669855416877,0.5923336624271255,0.26588444939590694,0.17770009872813763,120.0,0.9,1.0,0.6714295484255413,0.853113342369533,1.0,196937.3262069943,2494539.730169982
13146695328,13.458786964416504,50,0.5060582045890815,0.9489633016044248,0.45,0.746507297730825,0.5614934475756272,0.26127755420578874,0.16844803427268817,120.0,0.9,1.0,0.6915179556207963,0.8671729869863914,1.0,197065.47741986782,2494342.578957371
13146695340,24.705896377563477,10,0.06015464812089035,0.5400047167085347,0.15,0.6389719953318804,0.25218193764962993,0.22364019836615814,0.07565458129488897,120.0,0.9,1.0,0.2579451915758328,0.37631702223992547,1.0,197240.28876943229,2494482.0625810223
13146891390,11.142430305480957,10,0.5978926159322122,0.7945630731501796,0.15,0.25,0.3714463079661061,0.25,0.3714463079661061,15.0,0.15,0.05,0.681770968643483,0.681770968643483,0.7323679026722196,197818.42253971926,2493657.8421814633
13146891391,5.2262163162231445,50,0.8324471811748372,0.9558000167316318,0.45,0.342495085127254,0.5692986233286701,0.11987327979453889,0.17078958699860103,120.0,0.9,1.0,0.8449285271876964,0.9691546955202532,1.0,197759.96677628485,2494010.452384721
13148609100,8.787854194641113,50,0.6912422778970245,0.9580932820185453,0.45,0.25,0.46312113894851226,0.0875,0.13893634168455368,120.0,0.9,1.0,0.7549938416849105,0.8523308011377023,1.0,198008.73764406255,2495130.2280402477
13148610627,11.110774993896484,50,0.5991476242635196,0.8921204193998813,0.45,0.25,0.4170738121317598,0.25,0.4170738121317598,15.0,0.15,0.05,0.7759760606212581,0.7759760606212581,0.8265729946499948,198034.71362423885,2494619.301943678
13154859280,10.944530487060547,50,0.6057385636879014,0.7735791320836694,0.45,0.40307889967700106,0.4792457817197203,0.14107761488695036,0.1437737345159161,120.0,0.9,1.0,0.6735212629298364,0.7930159293286074,1.0,197499.87477607722,2493760.592907952
13158997505,10.85929012298584,50,0.6091180081388574,0.845463400878456,0.45,0.25,0.4220590040694287,0.25,0.4220590040694287,15.0,0.15,0.05,0.7707925555098714,0.7707925555098714,0.821389489538608,195374.62097660225,2494104.870156268
13158997506,13.766424179077148,50,0.49386160161491627,0.7173390344537154,0.45,0.25,0.36443080080745816,0.25,0.36443080080745816,15.0,0.15,0.05,0.6638447996631245,0.6638447996631245,0.7144417336918611,195199.5959204734,2494150.5485898387
13159009111,25.493915557861328,50,0.02891279368945529,0.5925155295673541,0.45,0.3817851131834481,0.18264297883836153,0.3817851131834481,0.18264297883836153,15.0,0.15,0.05,0.3669165373254009,0.3669165373254009,0.4175134713541376,196061.24868801486,2493703.3775757584
13159089252,14.229390144348145,50,0.4755068259250171,0.8796294265394102,0.45,0.25,0.35525341296250856,0.25,0.35525341296250856,15.0,0.15,0.05,0.6924867934861137,0.6924867934861137,0.7430837275148504,194905.03338000987,2493877.358257072
13159089253,9.603106498718262,10,0.6589207374502003,0.7621307191998266,0.15,0.25,0.40196036872510016,0.25,0.40196036872510016,15.0,0.15,0.05,0.7133311591425869,0.7133311591425869,0.7639280931713236,194961.04916002613,2493969.054828395
13233850219,16.886266708374023,50,0.3701721425430545,0.34023513545421824,0.45,0.7555742275732749,0.49703769726124836,0.2644509796506462,0.1491113091783745,120.0,0.9,1.0,0.46136592002803867,0.6291758472291392,1.0,197006.16406423523,2494187.330329715
13290568739,27.01388168334961,50,0.0,0.9454503801022418,0.45,0.25,0.11750000000000001,0.25,0.11750000000000001,15.0,0.15,0.05,0.3998625950255605,0.3998625950255605,0.45045952905429715,195143.0498041318,2496152.8495153915
13457568222,8.723756790161133,10,0.6937834873374337,0.890503914410336,0.15,0.25,0.41939174366871684,0.25,0.41939174366871684,15.0,0.15,0.05,0.7680852453719159,0.7680852453719159,0.8186821794006526,196288.2652925672,2492755.358059584
13664196095,6.555044174194336,50,0.7797643943326693,0.6540454263090105,0.45,0.25,0.5073821971663346,0.0875,0.15221465914990037,120.0,0.9,1.0,0.7303247052902008,0.8338582128934877,1.0,198868.3139496267,2495417.740924554
13664196096,8.525273323059082,50,0.701652574462832,0.7741239948861953,0.45,0.25,0.468326287231416,0.0875,0.1404978861694248,120.0,0.9,1.0,0.7150394919099914,0.8131051721223896,1.0,198687.7005840334,2495409.954861868
13898259977,0.0,50,1.0,0.0,0.45,0.25,0.6175,0.0875,0.18525,120.0,0.9,1.0,0.69455,0.8135000000000001,1.0,194481.40520172217,2494590.931544023
14107078700,7.30161190032959,50,0.7501659266731523,0.7832577779439233,0.45,0.25,0.49258296333657614,0.0875,0.14777488900097283,120.0,0.9,1.0,0.7454606819564091,0.8469222968235299,1.0,198470.69217369932,2493888.935828138
14107091604,8.990167617797852,50,0.6832213481102659,0.6993090203188479,0.45,0.25,0.45911067405513295,0.0875,0.13773320221653987,120.0,0.9,1.0,0.6856456369836662,0.7824211313513849,1.0,198644.2518204187,2493837.4837379167
14107091605,14.334380149841309,50,0.47134438603728085,0.6171297913071043,0.45,0.25,0.35317219301864045,0.25,0.35317219301864045,15.0,0.15,0.05,0.6241562987510088,0.6241562987510088,0.6747532327797454,198276.8044858639,2493942.8949720752
14107091612,8.990167617797852,50,0.6832213481102659,0.6993090203188479,0.45,0.25,0.45911067405513295,0.0875,0.13773320221653987,120.0,0.9,1.0,0.6856456369836662,0.7824211313513849,1.0,198640.60461562488,2493827.402414736
14166264352,16.120258331298828,50,0.4005413553847998,0.7608938706248618,0.45,0.25,0.3177706776923999,0.25,0.3177706776923999,15.0,0.15,0.05,0.6140753486563354,0.6140753486563354,0.6646722826850721,198282.81487266807,2493955.323976536
14166264366,10.311062812805176,50,0.6308530600871205,0.7288108115427947,0.45,0.25,0.43292653004356024,0.25,0.43292653004356024,15.0,0.15,0.05,0.755757191942327,0.755757191942327,0.8063541259710637,198271.3845762955,2493931.695775746
14166264380,6.9337239265441895,50,0.7647512347613828,0.5924349945823653,0.45,0.25,0.4998756173806914,0.0875,0.14996268521420741,120.0,0.9,1.0,0.7062144648071933,0.8086970512404903,1.0,198538.3427262238,2493875.70487536
14166264381,10.359994888305664,50,0.6289130961648763,0.7847507268175111,0.45,0.25,0.43195654808243816,0.25,0.43195654808243816,15.0,0.15,0.05,0.7684811942115475,0.7684811942115475,0.8190781282402841,198594.85150564573,2494025.780821099
