u,v,length,shortest_cost,risk_cost,trusted_cost
267052037,1492216900,183.64449381282628,183.64449381282628,849.5636807279241,985.8798927053477
269920080,6033482390,901.7199436537484,901.7199436537484,4116.269455170031,5410.31966192249
269920080,8109971648,260.2833238462932,260.2833238462932,1222.3214043830308,1413.9415150096158
269920080,2653614537,898.8698361282424,898.8698361282424,4242.0591894054005,5393.219016769454
277052169,499543273,166.0042489032642,166.0042489032642,828.6237194685809,870.6202496198231
277052169,277052181,108.83255056924033,108.83255056924033,536.9580297566602,564.4909966633151
277052169,2750593461,181.1506296960526,181.1506296960526,866.1374197766675,911.9657520766439
277052181,2750593322,168.81490440608744,168.81490440608744,734.9426740696275,777.6502569761388
277052181,277673161,190.2322296013152,190.2322296013152,899.0903267608711,947.2161646172573
277486655,8002408178,21.350286500815205,21.350286500815205,100.03943723175543,128.10171900489124
277486655,500017000,226.1552569731488,226.1552569731488,1027.5775102535142,1184.7142472437226
277486655,2319202434,11.317563994828266,11.317563994828266,52.989714156137225,67.9053839689696
277486655,7252057847,168.13996073360823,168.13996073360823,787.7160757915929,904.542742308029
277665082,1992853849,70.96272170356988,70.96272170356988,339.0135727622206,393.35256553283466
277665082,7953724239,152.5387008470869,152.5387008470869,751.0420288552085,845.535344203529
277665082,5269889123,107.6428275701767,107.6428275701767,524.6717793143637,551.9037645405382
277665237,5827544505,111.1390429540655,111.1390429540655,398.9110175565905,427.0274916784094
277665237,1722075257,118.8785693921964,118.8785693921964,315.68673720164344,345.7611928664812
277665237,8791690466,76.82470050535541,76.82470050535541,280.4538994708657,299.88937098710034
277665237,1722075265,97.33969973107956,97.33969973107956,381.5304582861892,406.15591011454154
277673161,499543273,105.87042786548943,105.87042786548943,506.4903808779666,533.273976149488
277673161,2750593369,86.83088914917364,86.83088914917364,412.70876536864864,434.6756492183351
277933349,7609471566,60.38681320405204,60.38681320405204,293.6168743879492,334.25918049606605
277933349,7609471561,69.92765985803304,69.92765985803304,335.3388024433504,353.0294284064546
277933349,7609471567,80.19902211517851,80.19902211517851,384.5952243766136,404.88434753226807
278659481,1116501296,6.430283037986147,6.430283037986147,24.678436051696902,26.30519908499235
278659481,7975286429,63.736704481650705,63.736704481650705,229.58402599565065,245.7084351549865
278659481,7977050964,7.143250118304061,7.143250118304061,27.4146939107446,29.22182668567758
278659481,7977056082,226.45991123847003,226.45991123847003,819.590524382358,876.8814103277901
295803578,2784308454,114.42001866000986,114.42001866000986,528.8724815886962,557.818992267233
295803578,295803678,284.5166845904418,284.5166845904418,1300.162525215546,1372.1408848170333
295803578,2784308462,93.40087484334519,93.40087484334519,461.0187257996762,506.2933039743933
295803665,2653614528,55.1819327673761,55.1819327673761,251.8024880969974,298.89691850437316
295803665,295803668,29.82425009164881,29.82425009164881,142.46883765456633,178.94550054989287
295803665,5435820809,64.76205288088588,64.76205288088588,295.4692873626498,388.57231728531525
295803668,5435820799,64.33960773315896,64.33960773315896,327.1742772591754,386.0376463989537
295803668,2653614550,49.211533638996684,49.211533638996684,233.25712761901391,295.2692018339801
295803669,2784308485,182.11889801230143,182.11889801230143,825.663613788353,967.8546185829086
295803669,2784846003,138.96132756857244,138.96132756857244,647.3008815883844,833.7679654114347
295803669,5435820799,34.17145938102237,34.17145938102237,168.36122764491782,205.02875628613424
295803678,5435820809,12.339104858247307,12.339104858247307,56.326744906063155,66.65657943272241
295803678,2784308486,206.47875092040073,206.47875092040073,943.5376685879745,1115.4105115409457
296024760,500016511,832.6409451645081,832.6409451645081,3786.0108270288397,4995.845670987049
296024760,6033481369,165.50297995863767,165.50297995863767,718.4635392878887,993.0178797518261
296024760,7232025523,926.0158356654704,926.0158356654704,4292.5748814868275,5556.095013992823
296024763,499681378,83.98741204439806,83.98741204439806,405.4064681494867,426.6539958817604
296024763,296024764,361.65137210219905,361.65137210219905,1710.3009635581052,1995.8354757141644
296024763,500016511,302.9181310676898,302.9181310676898,1434.3997799869446,1671.7059545707502
296024764,2657406921,186.88115119867135,186.88115119867135,865.0348401719666,1121.2869071920281
296024764,2657830319,69.69807539830138,69.69807539830138,300.721310135571,355.75001316907236
297121024,297121027,56.77114029123718,56.77114029123718,220.15308334172857,234.51531154198798
297121024,12988540075,231.00428365887902,231.00428365887902,912.5600522101141,971.0005947133335
297121024,1722075267,37.3231915551787,37.3231915551787,136.62788695308114,146.07008225737752
297121027,5827544505,70.45161668989874,70.45161668989874,262.2427752538436,280.06595426322684
297121027,1123347201,116.67987861613324,116.67987861613324,325.3680140770137,354.88623468112115
310170186,310170187,67.77673595725894,67.77673595725894,249.16277927259844,322.6160113681885
310170186,1491845063,90.72038857940522,90.72038857940522,379.07441077333766,544.3223314764314
310170186,1491845101,304.1888146663335,304.1888146663335,1007.3350332965947,1337.0005341353913
310170187,2042441665,122.21980317472298,122.21980317472298,382.355046533752,413.27478312493514
310170187,352965781,237.49801468353292,237.49801468353292,965.5043596086994,1130.486163473305
310170187,1491845096,289.96494568381576,289.96494568381576,1081.9464653351922,1155.3031514722434
352965781,13158997505,115.84533047135018,115.84533047135018,562.870182565287,643.3439988029598
352965781,1491845065,116.20679851050053,116.20679851050053,559.3528964710308,640.0778122777584
352965781,1491845092,237.76923343811043,237.76923343811043,1053.3340615885315,1218.5042719096366
352965797,13158997505,104.73284453273523,104.73284453273523,489.836889181719,516.3326933090427
352965797,2042400930,121.84022438999702,121.84022438999702,549.5121991574911,580.3359081350268
352965797,2042400943,243.7564754495548,243.7564754495548,1090.9821072799857,1152.648758816978
352965797,2042441665,275.0618242468279,275.0618242468279,1030.0966122825553,1099.6830371587587
409391960,9000013660,34.33421900386021,34.33421900386021,164.4148728234944,173.10090389282695
409391960,409391961,351.5245778422586,351.5245778422586,1726.1403768424163,1990.99442611921
409391960,2268825364,221.1261385730212,221.1261385730212,1104.7703933143584,1160.7119165414003
409391961,8195511761,32.973765871617395,32.973765871617395,151.79241319551093,197.8425952297044
409391961,1783922636,78.81980236863174,78.81980236863174,377.1503569885747,472.91881421179045
409391968,409391970,77.58323094673598,77.58323094673598,282.47654756472946,302.10391565447065
409391968,8195511761,104.56072035336716,104.56072035336716,396.83259261013467,490.530611307308
409391968,409391983,108.12728136337624,108.12728136337624,424.19999569447333,451.55454030372033
409391970,2268825369,437.0817359984673,437.0817359984673,1884.365983135436,2273.955434198824
409391970,1492216750,299.73138168178895,299.73138168178895,1364.3364494821371,1559.3783680259198
409391983,8195511757,119.51331938222926,119.51331938222926,553.9352787718213,584.1703164535113
409391983,8195511793,286.7907845022528,286.7907845022528,1361.8827188454068,1572.9877857502424
409392019,6033481329,47.57929245310227,47.57929245310227,223.1965816281271,263.16425485839403
409392019,6033481323,106.65051380036543,106.65051380036543,502.0131602385313,589.8911385074209
409392019,7558081676,258.3922271131684,258.3922271131684,811.5646827912957,876.9339551352124
498857670,9660848480,17.04133526480529,17.04133526480529,83.08266050331561,102.24801158883174
498857670,6020564532,42.50831776700378,42.50831776700378,200.98672126008978,255.0499066020227
498857670,498877494,13.75176148709887,13.75176148709887,67.04480096197791,82.51056892259322
498857670,8198614155,40.56770399427195,40.56770399427195,192.89398231458418,225.87374397388467
498857685,7868781052,348.8714431593156,348.8714431593156,1178.543546540193,1407.7808169340801
498877494,6020564541,47.17508906445657,47.17508906445657,236.02424005424828,262.66248616867284
498877494,6020564549,58.68684213771817,58.68684213771817,283.1393832691679,352.12105282630904
498877494,9660848481,16.969031024179543,16.969031024179543,86.94336552627291,101.81418614507726
498877610,499237384,787.3352649760583,787.3352649760583,2661.496418790456,2860.680171092914
498877613,6020564601,67.87531087786023,67.87531087786023,255.8984064233928,316.3153972591665
498877620,2042407645,190.91463273019994,190.91463273019994,858.7554815906385,979.617051692296
498877620,6020564527,275.33233632213785,275.33233632213785,1391.7523767272717,1651.994017932827
498877620,6020564502,129.6460989681648,129.6460989681648,621.5660289064518,703.6405710972066
498877627,9660848462,15.8671957430423,15.8671957430423,76.52941589660418,95.2031744582538
498877627,8577265830,102.91369096582928,102.91369096582928,474.27139037117047,550.7110995818836
498877627,6020564521,34.74793699960895,34.74793699960895,153.47186708349258,179.28108814042858
498877627,6020564527,52.14688808400547,52.14688808400547,257.8725964599355,312.8813285040328
498877630,2042400943,163.22317305877158,163.22317305877158,741.5141352637379,873.5974716922102
498877630,2042400917,209.41191900327428,209.41191900327428,1015.410902758824,1184.8710623152251
498877630,8577265830,123.08087872267849,123.08087872267849,559.0302101639772,658.6296286018601
499209733,499237864,3264.8565645949025,3264.8565645949025,10881.660429977635,13174.487427390564
499209819,5192594785,388.0161077654215,388.0161077654215,1853.2093161097514,2328.096646592529
499209819,499237908,269.5905435206876,269.5905435206876,1211.9006760851103,1617.5432611241258
499210066,5435914335,3533.443688820911,3533.443688820911,12306.43677115657,14258.301561722556
499236929,499264828,59.686975920686024,59.686975920686024,282.6245350530084,325.4908840300523
499236929,499236944,327.7951879161695,327.7951879161695,1420.8506284986697,1656.2685350262534
499236929,7965696231,96.99691579652931,96.99691579652931,463.4675064599189,581.9814947791758
499236944,6410194513,219.50522391116792,219.50522391116792,900.6214488729412,1109.1059571348458
499236944,1491845144,39.43977744716521,39.43977744716521,171.26871697991035,181.24637606792172
499237147,499237159,596.4317210690691,596.4317210690691,2764.95824708841,3289.507747946931
499237147,1116467141,459.9245411968506,459.9245411968506,2151.032758550538,2759.5472471811036
499237147,6410193851,173.88108369614739,173.88108369614739,787.042715841478,1043.2865021768844
499237159,9730051941,330.63191054834283,330.63191054834283,1553.9822331954479,1637.6270380244962
499237159,1491845294,146.9617028737777,146.9617028737777,623.8178637744508,660.9969216997274
499237225,8869144262,88.81372018535238,88.81372018535238,334.83882681380163,413.89345874300375
499237225,9671934765,493.54836443878105,493.54836443878105,1552.2712997055214,1991.587254588835
499237225,1491845135,218.9439462379121,218.9439462379121,975.8949672438581,1170.7807691992612
499237384,499237394,93.24588099331311,93.24588099331311,438.0619382254672,522.0023270074897
499237384,3969348270,115.95934372466003,115.95934372466003,391.987240731379,421.3231770536401
499237394,1491845104,80.7492748576497,80.7492748576497,376.6228456912343,449.31372976260246
499237394,499237416,571.1310903207831,571.1310903207831,2703.555498671095,3217.690442288228
499237416,7616135775,208.54484522006757,208.54484522006757,956.492661558613,1009.2513104367773
499237416,1491845137,124.3524492059274,124.3524492059274,594.9428184378723,626.4020817817932
499237442,499256522,177.07299070839562,177.07299070839562,789.3618577979662,1062.4379442503737
499237442,7232025523,478.7699775224623,478.7699775224623,2324.8867938250155,2872.6198651347736
499237442,1491845252,532.3167599982368,532.3167599982368,2563.2255589720694,2937.000475532582
499237746,9222802801,42.92107577446966,42.92107577446966,194.78721837221227,257.5264546468179
499237746,8167985658,73.10215590752566,73.10215590752566,331.41268327789857,398.51414010213483
499237746,8289756747,58.467710168888054,58.467710168888054,263.58812796113824,350.8062610133283
499237756,1116469196,102.72885142526637,102.72885142526637,477.68080138054006,616.3731085515982
499237756,7899265503,137.39160386377594,137.39160386377594,633.313370029063,824.3496231826557
499237756,9222802801,9.634864687085017,9.634864687085017,44.89870613342332,57.8091881225101
499237864,499237908,506.9296123492197,506.9296123492197,2355.7649129586102,3041.5776740953183
499237864,499237881,186.97906821744476,186.97906821744476,883.9862378459112,1121.8744093046685
499237908,10727765858,196.90263054279828,196.90263054279828,907.9167680224915,1181.4157832567896
499256255,1116467143,106.64275790322561,106.64275790322561,443.2871727522393,639.8565474193537
499256255,1114538642,48.34424939086295,48.34424939086295,223.43663193514806,290.0654963451777
499256255,1114538647,35.86489500202154,35.86489500202154,160.56042648662262,215.18937001212925
499256522,499374765,173.9926855162691,173.9926855162691,750.3618987726052,1043.9561130976144
499256522,499281680,50.53252697898592,50.53252697898592,219.64611046435823,303.19516187391554
499256749,499281585,54.60066456717667,54.60066456717667,233.9225789387894,327.60398740306005
499256749,499281680,226.08807072974653,226.08807072974653,1025.4068572897972,1356.5284243784793
499256749,2530287138,62.79741156902672,62.79741156902672,202.2876458201758,376.7844694141603
499256795,1982884398,37.311210946983074,37.311210946983074,154.7593324014184,223.86726568189846
499256795,499281479,42.776189386133254,42.776189386133254,173.8257120179827,256.65713631679955
499256795,2530287138,348.8603410019994,348.8603410019994,1026.3295246962743,2093.1620460119966
499264828,499264853,53.22184274452425,53.22184274452425,250.87212813130006,264.3364384624625
499264828,6410193821,213.53476183718894,213.53476183718894,974.5935050019257,1164.4687526788416
499264853,6410193883,121.76789584514626,121.76789584514626,572.2507767717866,603.0561877362613
499264853,499264939,94.30746681411146,94.30746681411146,422.614964728929,519.9540837763549
499264939,6410193821,102.37787699650627,102.37787699650627,443.4638568600408,614.2672619790376
499264939,499281804,215.28284165206804,215.28284165206804,934.1714251733248,1291.6970499124081
499265789,499281499,213.95468978309174,213.95468978309174,909.6533152755128,1283.7281386985505
499265789,1491845278,104.26900296863597,104.26900296863597,486.07346380902436,625.6140178118159
499265789,6410193883,102.89679067032127,102.89679067032127,469.44763487997204,559.6672796154328
499281470,499281479,53.00345964521145,53.00345964521145,224.3784956780465,318.0207578712687
499281470,499281804,103.88299101526205,103.88299101526205,452.67907109886755,623.2979460915723
499281470,499281585,136.87674774616374,136.87674774616374,571.4044661944871,821.2604864769825
499281479,499281866,218.2410066747683,218.2410066747683,961.9645662728287,1309.4460400486098
499281499,499281585,94.35366681807122,94.35366681807122,383.43970695562757,566.1220009084273
499281499,499281680,123.74051779909512,123.74051779909512,533.9456302122487,742.4431067945707
499281804,499281866,101.90186543880094,101.90186543880094,461.8309073220892,611.4111926328056
499281866,6410193851,81.62192136315865,81.62192136315865,372.72650194232983,489.73152817895186
499287730,499287733,12.772264303293632,12.772264303293632,63.41711827958225,76.63358581976179
499287730,8289756749,52.364868544426244,52.364868544426244,257.6887682136966,314.18921126655744
499287730,2042407660,12.911638652560159,12.911638652560159,64.8514081234264,77.46983191536096
499287730,6020564486,44.74299859875249,44.74299859875249,220.01765305887363,268.457991592515
499287733,2042407651,13.13914027895169,13.13914027895169,63.93923397350724,78.83484167371014
499287733,10006651412,26.326724277557283,26.326724277557283,128.24663907982946,157.9603456653437
499287733,9222802794,42.77072210173839,42.77072210173839,206.2455777706973,256.6243326104304
499374438,2491091193,58.021079008400385,58.021079008400385,246.65607252435254,348.1264740504023
499374438,499374692,316.6638744147262,316.6638744147262,1414.8519645013846,1899.983246488357
499374438,499374790,400.0496154278502,400.0496154278502,1336.7581431168953,2400.297692567101
499374459,10154495540,151.98548073885948,151.98548073885948,546.1930007531657,911.9128844331569
499374459,499374605,55.43473745458727,55.43473745458727,238.25988148197817,332.60842472752364
499374459,1116469197,249.68288559268314,249.68288559268314,1015.5321016150892,1498.097313556099
499374605,499374818,20.644537708961003,20.644537708961003,89.4609966649629,123.86722625376602
499374605,7232025520,155.59183065914263,155.59183065914263,716.3871109531847,933.5509839548558
499374672,1114538640,115.65703639699021,115.65703639699021,526.7813900223043,693.9422183819413
499374672,2491091193,234.56567589572677,234.56567589572677,992.3194723290275,1407.3940553743605
499374672,4397491540,115.01743417599913,115.01743417599913,498.8561392323727,690.1046050559947
499374692,10154495540,237.6045254631643,237.6045254631643,888.4119151370896,1425.6271527789859
499374692,499374765,63.547569253688415,63.547569253688415,284.98440192040596,381.2854155221305
499374765,7232025520,33.92440353383955,33.92440353383955,157.59625985521885,203.5464212030373
499374790,499374805,182.70523116566363,182.70523116566363,630.8667217555815,1096.2313869939817
499374790,8794485628,123.19904038055803,123.19904038055803,330.6026599943136,739.1942422833482
499374805,7735592377,64.50131422737361,64.50131422737361,305.2788909090643,387.0078853642417
499374805,499374818,90.61946012460805,90.61946012460805,405.0226054733112,543.7167607476483
499374818,4397491510,270.9242716689764,270.9242716689764,939.2345455364733,1625.5456300138585
499478446,2750252775,32.21058435469715,32.21058435469715,157.90959260910387,166.0583766672122
499478446,2750252825,31.225059835046693,31.225059835046693,143.9929303479884,151.89239181057442
499478446,6467166907,301.51596302032874,301.51596302032874,1408.5185661843266,1484.7974826320797
499478538,7973099538,164.51843919779603,164.51843919779603,631.8906508185815,673.5112938915896
499478538,6467166929,59.43347971385331,59.43347971385331,220.8407477629852,235.87650702388567
499478538,7965696350,296.07607260126434,296.07607260126434,1152.8084119615637,1227.711119526032
499478570,7973099511,56.94103866992318,56.94103866992318,139.07848695128737,153.4836968368366
499478570,7973099509,246.1773106952545,246.1773106952545,673.6069111019918,735.88599684509
499478603,499478701,237.06736395216035,237.06736395216035,1023.7503781327079,1083.7247870039773
499478603,6467166929,105.51872712946849,105.51872712946849,422.2465076255783,448.94112800240816
499478603,7965696350,181.0806604981442,181.0806604981442,756.8239410474742,802.6345722129976
499478696,499478798,236.78416983099353,236.78416983099353,970.7124082250101,1030.6151733249496
499478696,499478781,165.159271037668,165.159271037668,723.7469124336675,765.5296761383031
499478696,2525990704,121.81016853751824,121.81016853751824,494.22282180324345,525.038927110854
499478701,7965696332,164.7901786773258,164.7901786773258,715.4344246497006,757.1238136453026
499478701,1116501237,122.29524587319007,122.29524587319007,481.6916161724372,512.6304386098068
499478765,1116501237,67.69142734939246,67.69142734939246,251.52532722224504,268.6502206417862
499478765,7965696332,300.2057383978697,300.2057383978697,1236.3944742588417,1312.3419239626678
499478765,1491845610,147.74495284309765,147.74495284309765,570.1751315871182,607.5523397475233
499478781,2525990691,300.64980111213316,300.64980111213316,1364.1747283518237,1440.2345191149407
499478781,7959590814,20.429348299658777,20.429348299658777,95.25438753195739,100.42269947279698
499478798,7961465962,260.83432818601153,260.83432818601153,1116.8871327435245,1182.8742192218117
499478798,499478813,107.25770864532954,107.25770864532954,434.96016761059474,462.09472365260075
499478813,6467166929,104.14422869740332,104.14422869740332,397.5719757874135,423.91886913179445
499478813,6467166907,54.07496353935164,54.07496353935164,227.79759581475946,241.47773262879403
499481765,499481994,237.7688288222521,237.7688288222521,1056.3751997660959,1252.028792689844
499481765,7959603010,261.0252804064753,261.0252804064753,1177.1732088594313,1374.4912161432237
499481765,1116469157,48.8882636159705,48.8882636159705,204.0555810643902,216.42356230917395
499481994,2750667738,93.97315631710669,93.97315631710669,417.0145968348457,563.83893790264
499481994,7959602961,249.25157951725217,249.25157951725217,1164.533804007269,1495.509477103513
499542312,5832657742,59.72291125536143,59.72291125536143,277.70389106662833,292.8128720705865
499542312,499542538,447.5152505805562,447.5152505805562,1972.2814809129998,2085.4959789653894
499542312,2491099065,98.02835594616919,98.02835594616919,445.23352975639466,532.0974087935352
499542404,1982876946,57.63660528622255,57.63660528622255,266.38098617653304,345.81963171733526
499542404,8791690550,54.01170544082453,54.01170544082453,246.41409128355355,289.9841988372903
499542404,8060848749,88.70236289399595,88.70236289399595,426.46287505407827,532.2141773639758
499542432,13072493372,74.81792194997496,74.81792194997496,381.36683859745887,448.90753169984976
499542538,10556743824,253.82855230966723,253.82855230966723,1137.897299780374,1202.1120323594837
499542538,7959590835,108.47668668697503,108.47668668697503,491.0383823827179,567.5687444174404
499542953,5834799144,56.39999084834117,56.39999084834117,253.41657829669512,295.09448498662266
499542953,2491099046,463.05710121349733,463.05710121349733,1952.3955081515232,2069.54185615971
499542953,8076307465,231.4132616305617,231.4132616305617,934.9765116760099,993.5205193364915
499542965,5192661986,522.0331114200549,522.0331114200549,2541.2608983466334,3132.198668520329
499542965,5271707993,270.77887392779246,270.77887392779246,1288.3518280710955,1624.6732435667548
499542965,4848304353,20.638308389818736,20.638308389818736,104.9217478487575,123.82985033891242
499543059,13017481543,510.85623884807,510.85623884807,2399.8980481120166,3065.13743308842
499543059,499543065,142.60990538098838,142.60990538098838,670.5402266933119,855.6594322859303
499543059,7961786798,15.159400658331894,15.159400658331894,69.50482888309209,90.95640394999137
499543065,7961467090,114.6141228454755,114.6141228454755,542.879033420532,687.6847370728531
499543065,5192662017,101.72131443369302,101.72131443369302,491.33415326351457,564.2723606389166
499543123,499543137,46.664686930731094,46.664686930731094,214.50033624169285,226.3057866722221
499543123,5834799167,392.3519158830582,392.3519158830582,1779.2040860869965,2136.588030994651
499543123,2525990691,66.92379554743852,66.92379554743852,302.8440396540173,319.7747339953493
499543137,499543146,97.37111353307766,97.37111353307766,421.46332551770826,446.096724556397
499543137,2530035744,52.169143952708076,52.169143952708076,217.3109522112041,230.50894588575827
499543146,499543176,37.64342771062644,37.64342771062644,157.7703834926265,167.29359363507692
499543146,2530035744,75.69476909034992,75.69476909034992,298.1515165562414,317.3011327461658
499543165,7965680795,36.223207986971715,36.223207986971715,168.6868928359008,199.78065381228026
499543165,5271707996,54.11422664906823,54.11422664906823,251.76664586037646,298.21793834261416
499543165,5834799167,70.35115014731942,70.35115014731942,315.4345292522645,422.1069008839165
499543176,7958753235,7.816792900324115,7.816792900324115,33.46040234399785,35.43793111746783
499543176,2488193951,88.4357423943556,88.4357423943556,331.9362817787433,354.3091688972911
499543273,499543276,80.71168897591588,80.71168897591588,383.4135339437866,452.24423479350133
499543276,5271707997,101.13868323648725,101.13868323648725,455.13052933561045,541.3813133114232
499543276,2750593461,423.4488161731314,423.4488161731314,1922.516137066034,2283.6320938870567
499543283,6467166907,73.46384553250553,73.46384553250553,329.79819051682585,348.3834172463532
499543283,499543341,142.62088315544102,142.62088315544102,659.6507675262444,771.5279501575122
499543283,5832657762,469.1560686230031,469.1560686230031,2135.246022881865,2537.966473915034
499543338,2525989776,98.05410566860745,98.05410566860745,393.76206523704315,418.5682508158497
499543338,2525989760,168.40019284137145,168.40019284137145,675.1661875453663,717.7688547834732
499543338,7961542817,146.28923690974995,146.28923690974995,663.0023679253528,700.011302270537
499543341,7961542817,59.58583223177143,59.58583223177143,279.5233416536556,326.2647086073608
499543341,7961467136,38.35844315562372,38.35844315562372,183.7373010212543,230.1506589337423
499543343,7961467144,171.34196182946985,171.34196182946985,828.0278857551291,944.2898722379044
499543343,5832657762,144.33173794112983,144.33173794112983,671.539289968551,795.4326945080122
499543343,7961467090,45.14692847137445,45.14692847137445,212.72228010099425,248.81113104446527
499681297,7959990507,16.32390356120154,16.32390356120154,90.32213161986475,97.94342136720924
499681297,7959990555,82.10363163844565,82.10363163844565,407.3305167975541,492.6217898306739
499681297,6033482414,438.97022292029095,438.97022292029095,2153.125997452983,2633.8213375217456
499681297,8109971643,194.93455600970708,194.93455600970708,928.0564710825649,1169.6073360582425
499681310,10875282430,106.97758669265941,106.97758669265941,419.7383626862093,641.8655201559565
499681310,8168044500,218.63163373061408,218.63163373061408,744.621325221306,1311.7898023836844
499681310,2653610227,376.4185059080725,376.4185059080725,1487.7369288855843,2258.511035448435
499681326,500020997,131.73824052271172,131.73824052271172,619.6277036938473,652.9554590177947
499681326,500020999,215.43123692688226,215.43123692688226,1023.6155412608807,1193.4547928645852
499681326,5435020958,24.541926375858633,24.541926375858633,118.67458406186364,124.8833152107508
499681378,2653614550,41.649761700002195,41.649761700002195,194.53791183946316,231.6269455855878
499681378,500023137,70.74642107154557,70.74642107154557,343.58520806667,361.4829680653011
500015586,12987924263,20.348080040634358,20.348080040634358,97.1836896880941,114.0858771454774
500015586,5269889123,209.92265868892179,209.92265868892179,1036.5600825087508,1089.6672970728528
500015586,6261187076,75.6553074577589,75.6553074577589,370.57814808677796,389.717781088598
500015592,2319202440,13.767805250129888,13.767805250129888,63.16132302186543,82.60683150077932
500015592,11111332276,52.60518642989839,52.60518642989839,246.67999689854065,284.8988309382227
500015592,500015611,16.987914670980448,16.987914670980448,81.54097685672707,101.9274880258827
500015592,11111332270,52.691461734892734,52.691461734892734,249.0770864466019,287.3586014078258
500015594,13017481562,541.3576721847114,541.3576721847114,2312.594864407163,2449.5500565345646
500015594,10556743834,134.2491518258558,134.2491518258558,641.8632351403442,675.8262125320774
500015594,1783922945,20.726618522387007,20.726618522387007,95.23468575941021,100.47820250949026
500015611,8878665913,51.81996053282042,51.81996053282042,244.9574250612519,282.60577508061647
500015611,2367560891,14.679820265759409,14.679820265759409,67.34529235876641,88.07892159455645
500015611,8878670822,51.33550311506999,51.33550311506999,224.58712211947937,261.8835030858881
500016474,2784870919,245.10229325877913,245.10229325877913,1058.4601210330206,1120.4672438445532
500016474,9200052964,171.90056540382224,171.90056540382224,746.4772602164259,789.9654680526245
500016474,10556743818,157.07341399837355,157.07341399837355,721.4558039383876,761.1929697671084
500016482,500016487,194.4929687101889,194.4929687101889,852.4086721089419,1014.4673072411822
500016482,500016501,147.10719720924783,147.10719720924783,657.9108383325516,695.126704094295
500016482,500016970,177.5070925867976,177.5070925867976,743.8513320091827,788.7579052754179
500016487,2367574792,165.99301732895952,165.99301732895952,789.6637448862244,927.9751810692859
500016487,500017649,198.3348108955987,198.3348108955987,907.3577874274046,1072.61758558929
500016494,7959990623,195.30278420241015,195.30278420241015,962.1414039070145,1011.5500143466041
500016494,8516154880,41.54766412437286,41.54766412437286,203.12650408194463,232.31058614562534
500016494,9666019900,62.34057883073597,62.34057883073597,306.02097273038464,348.57257836380086
500016498,500016968,360.6114544994573,360.6114544994573,1618.0213007848968,1907.9901857587706
500016498,500016501,177.00127576871918,177.00127576871918,832.8343847316295,975.1617066544718
500016498,2784871112,42.46540371637164,42.46540371637164,205.07252127592255,239.21909541260243
500016501,500017668,203.91093350768855,203.91093350768855,1004.9723099590325,1056.5586502111657
500016507,8431769837,154.51702583775565,154.51702583775565,714.1331369653404,753.2235757784881
500016507,9200052964,111.09917118631547,111.09917118631547,488.456948646114,516.5633358219208
500016507,500017000,153.84505303037434,153.84505303037434,672.6505962207912,711.5710362149179
500016511,8109971662,332.12081690535985,332.12081690535985,1512.0835518559527,1772.2671211974914
500016887,500017668,152.96631183835436,152.96631183835436,724.5333801644612,763.2315121079832
500016887,500016970,135.73636066573044,135.73636066573044,582.5808046629411,616.9200230924649
500016887,500017000,327.4865852519997,327.4865852519997,1409.1525301352779,1492.0016158817364
500016892,500016968,114.07234442708618,114.07234442708618,502.5631115527595,531.4216659801625
500016892,9200052964,173.96323628559782,173.96323628559782,761.5224972652004,805.53252921404
500016892,500017649,80.41316889701196,80.41316889701196,363.69123634462255,384.0345353532415
500016968,9655569174,62.62278860950818,62.62278860950818,269.329714125063,285.17231964491697
500016970,10556743818,76.68348177345476,76.68348177345476,344.1575885219944,363.55733386392103
500017649,7637463224,156.5060932818454,156.5060932818454,743.6693947258767,783.2630371102609
500017668,6261187076,32.471194622473,32.471194622473,161.17571505292292,169.3904295136606
500017668,13072612795,378.7827397060266,378.7827397060266,1884.574121969514,1980.4003484301636
500020956,5435914326,214.75388055027514,214.75388055027514,923.2426505619168,1117.537263034349
500020956,1492216617,139.31524336767626,139.31524336767626,582.6802186742325,724.9693247597882
500020956,1492216750,318.4779146332901,318.4779146332901,1450.0561768550788,1657.2968839687774
500020962,500023137,322.78130542644885,322.78130542644885,1499.4158862403788,1581.0746083222366
500020962,500021304,181.35607651969633,181.35607651969633,829.5363117527774,875.4166189496655
500020962,598508320,100.87379635696033,100.87379635696033,467.75986916040335,493.27939325791004
500020962,6267508958,82.32288292448848,82.32288292448848,370.8767231260897,391.70315050801844
500020974,2784845998,112.18655266367269,112.18655266367269,550.8651355111679,579.246613531344
500020974,598508320,899.5895294333318,899.5895294333318,4324.708354156411,4552.290714524814
500020974,5192594785,589.283691236912,589.283691236912,2886.0544266508155,3253.0657696787284
500020991,500020997,199.3836855229083,199.3836855229083,917.8772056326223,1079.9856759539175
500020991,8148654288,131.51817619214813,131.51817619214813,618.2270169136573,789.1090571528888
500020991,8109948015,453.3957503889382,453.3957503889382,1460.9293012805015,1829.5617265111089
500020991,2530287134,418.2074391230345,418.2074391230345,1944.209164664186,2509.244634738207
500020997,8109971662,48.03326297549082,48.03326297549082,216.14235901820675,228.29403820798603
500020999,7707208812,23.71649915650077,23.71649915650077,111.60698792662139,130.30433435074784
500020999,6033481320,307.8272329004774,307.8272329004774,1382.079928497279,1624.7612945092126
500021006,500021022,77.99952420842853,77.99952420842853,364.453711197855,384.18639510108846
500021006,500021035,204.49368948702858,204.49368948702858,845.4396432524736,897.1734118338144
500021006,500021302,128.89992547898495,128.89992547898495,546.6687970939797,579.2785022228261
500021022,500021305,162.3734053230906,162.3734053230906,799.7816378375774,840.859620223346
500021022,500023111,153.33915746551995,153.33915746551995,724.1317487639825,762.9242049355074
500021035,7609471531,32.96584294616402,32.96584294616402,138.36073038743416,146.70058329117794
500021035,500023111,323.1784809082154,323.1784809082154,1352.2478503148614,1434.0070517049633
500021302,500023088,237.58055659915968,237.58055659915968,1001.1984679391769,1061.3027066829682
500021302,500023096,74.9486589837954,74.9486589837954,325.48481485149534,391.88710202075856
500021304,500023063,128.15604837790517,128.15604837790517,554.9308284061678,587.3523440319701
500021304,500021305,92.23419199469588,92.23419199469588,437.40969870578255,460.74353534352986
500021305,500023137,142.14469169036164,142.14469169036164,684.228508295972,720.1889362359336
500023063,500023064,224.95768846397442,224.95768846397442,990.9049540579479,1047.8158006702918
500023063,6033482430,88.28711471340665,88.28711471340665,376.85013403716084,399.18542063086966
500023064,7609471568,108.04698656277789,108.04698656277789,519.9191038524148,547.2533351080182
500023064,6033482425,350.86625775394987,350.86625775394987,1572.0631655461455,1660.8269500285767
500023088,500023095,357.91761624884487,357.91761624884487,1594.8610710604253,1874.911027871771
500023088,2784870973,375.5406719822545,375.5406719822545,1647.1698459239662,1742.175878950934
500023095,8109971648,124.19183444354817,124.19183444354817,577.4764385271451,674.6494087674712
500023095,500023096,165.3709814734362,165.3709814734362,758.155145876127,992.2258888406171
500023096,6033482430,162.4475509490371,162.4475509490371,735.7905314130294,879.7142396463375
500023111,13148610627,162.52812511451273,162.52812511451273,752.2827999441815,793.3999240653479
503304240,7626252432,50.8086096931402,50.8086096931402,259.54077157713556,304.8516581588412
503304240,503304245,13.519501863887907,13.519501863887907,71.10926995113148,81.11701118332743
503304240,8167985768,42.16092937977266,42.16092937977266,211.18385584486745,252.96557627863598
503304240,9757737411,12.98548986510129,12.98548986510129,68.32367843590777,77.91293919060774
503304245,598724289,13.347831527742835,13.347831527742835,70.18507031838561,80.08698916645702
503304245,7626252440,47.06693680852392,47.06693680852392,237.45943136851628,282.40162085114355
503304245,9660848493,50.69491254091,50.69491254091,258.7826627994793,304.16947524546003
503304404,2268825364,166.38394053105517,166.38394053105517,812.2805088823478,854.3730951948031
503304404,598724289,45.1713527321944,45.1713527321944,228.22288272495004,250.68922371935173
503304404,7626252442,66.07618564185543,66.07618564185543,324.74308257331285,366.70559288092
503304545,503467235,14.360351202117426,14.360351202117426,73.87798986468121,86.16210721270456
503304545,7893911643,38.71579955916562,38.71579955916562,193.6460721772336,232.2947973549937
503304545,1441786494,14.551525832700307,14.551525832700307,74.86150323575418,87.30915499620184
503304545,7656321485,32.96168019772353,32.96168019772353,165.07545975075504,197.7700811863412
503304577,9757737411,46.20328584997262,46.20328584997262,233.73512554781786,256.63710734733377
503304577,8167985814,65.56792245129671,65.56792245129671,315.19695673101256,364.1983820656136
503304577,8167951077,527.7266834542447,527.7266834542447,2354.899512542647,2488.4062734823383
503304588,8167985697,139.29592402046703,139.29592402046703,673.7981781417961,779.8305784433982
503304588,6410194600,277.9026261227756,277.9026261227756,1371.051948488781,1667.4157567366535
503304588,7626252432,182.51229405022042,182.51229405022042,883.8646629848021,1095.0737643013226
503466502,8487628351,52.090037985680304,52.090037985680304,240.84713547105983,312.5402279140818
503466502,13146695340,212.46656959598306,212.46656959598306,721.4617944279587,1274.7994175758984
503466597,503466607,414.78841962028366,414.78841962028366,1798.7543022232967,1903.689413740354
503466597,1699066590,218.74423751952065,218.74423751952065,920.2029595365503,975.5418983112578
503466597,7950517551,140.9727286224632,140.9727286224632,616.5491137681266,652.2130530179355
503466607,1123394574,196.26850574817252,196.26850574817252,828.2787965419827,877.9317197282778
503466607,7992170518,32.58845541387995,32.58845541387995,142.56707839489047,150.811458038263
503466762,598508344,9.204160050488094,9.204160050488094,45.57014988070884,51.48629598520084
503466762,8882319490,70.58693902302349,70.58693902302349,339.20436545860366,423.52163413814094
503466762,2784308457,11.679346479376994,11.679346479376994,58.01653749610065,70.07607887626196
503466762,14107091612,180.21335195295455,180.21335195295455,846.6130815724918,1081.2801117177273
503466998,1492216614,149.3841354801049,149.3841354801049,672.2350754858852,784.461848317685
503466998,1492216686,135.76784607162026,135.76784607162026,624.9455640176355,726.9429225053563
503466998,5435723099,131.3020354585871,131.3020354585871,607.6114195431,787.8122127515227
503467235,1441786493,13.37445478934551,13.37445478934551,70.22228923738908,80.24672873607307
503467235,9666019885,42.51264649257748,42.51264649257748,212.5036007399213,255.07587895546487
503467235,9666019883,43.410050884666894,43.410050884666894,224.5025784330461,260.46030530800135
513658855,1699066590,421.0628877455272,421.0628877455272,1239.1666561004365,1345.6891118664853
513658942,513658946,79.1437779348952,79.1437779348952,207.04073566904336,227.06289822382772
513658942,513659014,486.8040685028331,486.8040685028331,1273.4832111807932,1396.6371778755854
513658942,2657830327,119.0452219238626,119.0452219238626,441.7524668220643,575.4348504392664
513658946,7992170611,14.697118105040396,14.697118105040396,26.712012155910916,30.430157731777317
513659367,513659780,93.51526796249175,93.51526796249175,258.65069920002554,282.3086284189147
513659367,1699066586,253.60176475663494,253.60176475663494,609.7227380905147,673.8800968953279
513659780,2657406467,92.28211718503273,92.28211718503273,315.7388546701948,339.0848156464111
558849716,3372801276,16.15248594659634,16.15248594659634,79.34564800459628,83.43197933379645
558849716,8044279541,199.99294919277864,199.99294919277864,972.7533170767117,1023.3484673593094
558849716,8044279549,56.22283943383133,56.22283943383133,278.9820269666769,293.205543455386
558849716,558849727,17.357986028695723,17.357986028695723,85.26741048128338,89.65871485111163
558849716,2324186961,54.50437494121681,54.50437494121681,252.77797233413753,266.56674365002885
558849727,5827543926,49.38857081008326,49.38857081008326,234.83891851428743,247.33346980954428
558849727,3372801276,15.729478347545252,15.729478347545252,77.54456788468109,81.52388477596703
558849727,8791690468,68.76480642370936,68.76480642370936,329.81220565696236,347.2086475275587
598508320,2784845951,253.4418265203196,253.4418265203196,1244.9423175789018,1309.0592144617574
598508344,2784308459,11.619735685371603,11.619735685371603,57.33909120888522,60.27870620840574
598508344,1492217234,223.47116317780151,223.47116317780151,1075.3557627109983,1250.0545827556814
598508344,3084586665,75.21218475093677,75.21218475093677,360.19676228580084,420.7224542531709
598508482,598508492,169.4495483733644,169.4495483733644,801.0464128017558,928.9978347971586
598508492,5435820744,157.44858334403355,157.44858334403355,742.9384475113377,863.2032036827728
598508492,5948648297,1064.6962029108956,1064.6962029108956,5356.826361737349,5837.13840913638
598723406,2268825369,103.61946316761582,103.61946316761582,482.8611148063124,621.7167790056949
598723406,7656321617,283.0590263163534,283.0590263163534,1286.785535101722,1485.4069866471116
598723406,10815767795,159.86293917392058,159.86293917392058,728.5703694610686,840.745591146278
598723406,10815767792,159.4905832770529,159.4905832770529,765.0637027747676,956.9434996623174
598723432,7626167483,38.516718807074405,38.516718807074405,184.8576767191039,194.6018161215286
598723432,7656321617,113.75091450859932,113.75091450859932,516.7818729634729,545.5591105489732
598723432,7702665457,67.88461078641325,67.88461078641325,321.37703780456417,376.65043693579423
598723432,7626167474,67.70214121667327,67.70214121667327,320.51319651368584,375.6380242199537
598723470,10815767792,12.898921020272118,12.898921020272118,58.10702721775275,67.83755531067452
598723470,2268752972,118.35292991293518,118.35292991293518,526.8068063049077,556.74828323947
598723470,598724199,235.71456525261058,235.71456525261058,1012.1493122055801,1071.7814837440737
598723470,8869448111,193.07611536995876,193.07611536995876,871.3657842366464,920.2110815961393
598723470,10815767795,11.04804166803426,11.04804166803426,47.123715233553966,49.918700410675285
598723474,8146989191,206.09937719582365,206.09937719582365,994.6320775069044,1236.596263174942
598723474,2268752972,62.307796912628035,62.307796912628035,293.7501202203375,339.2641433711021
598723474,8453450228,197.4618118030009,197.4618118030009,957.807275260008,1184.7708708180053
598723526,598723530,9.094514294348492,9.094514294348492,42.56626390914205,49.086599271778326
598723526,598724174,147.05880500765267,147.05880500765267,696.9815435240959,793.7330567816055
598723526,598723866,140.95362387810187,140.95362387810187,623.3145358358472,760.7810408862529
598723530,8482608237,171.62863323468866,171.62863323468866,708.9139098947917,831.9634989439273
598723530,598723865,140.87725188731977,140.87725188731977,642.5089666860094,845.2635113239187
598723530,598724172,146.96028562703881,146.96028562703881,676.4554560525285,881.7617137622328
598723535,10815731976,24.750245974747024,24.750245974747024,120.18161401486081,148.50147584848213
598723535,598724252,136.8551295871285,136.8551295871285,647.3767779319198,821.1307775227709
598723535,2268753016,41.374758871340546,41.374758871340546,182.23446196327447,212.81620504094116
598723535,8146989191,140.0250426755657,140.0250426755657,674.544541632216,840.1502560533941
598723538,2268753016,137.33170665300904,137.33170665300904,599.2029211775729,633.9457376854535
598723538,8869448111,126.33190783198674,126.33190783198674,597.1006897913966,629.0607258228939
598723538,598723540,11.015212873658044,11.015212873658044,51.684436852636516,54.47111684804134
598723538,7701169511,115.43445314535388,115.43445314535388,546.389607736184,631.7197039811215
598723540,598723745,411.0686038735062,411.0686038735062,1938.6754557927209,2249.5895261696064
598723540,10815767795,315.10580586901034,315.10580586901034,1411.2709256191954,1490.9878639773265
598723546,9731823962,156.7562345550543,156.7562345550543,736.9666762262802,940.5374073303258
598723546,8482608236,159.09440484039527,159.09440484039527,704.0732549536642,853.2208946313931
598723546,598723864,60.271716724366875,60.271716724366875,273.825923466094,330.3293831432727
598723550,9731823962,7.668849106237998,7.668849106237998,38.53353293988346,46.01309463742798
598723550,8482608230,149.21219580223297,149.21219580223297,755.2621474821109,895.2731748133979
598723550,1492216295,167.5234245801835,167.5234245801835,855.9904382096147,1005.1405474811011
598723594,8872340116,177.88092788314,177.88092788314,876.4380635527141,1067.28556729884
598723632,8872340111,225.76405102654283,225.76405102654283,1008.29511758144,1138.2972075464738
598723640,8482608267,151.7111872994021,151.7111872994021,692.2186616280844,818.0695849016937
598723640,8872362720,166.99281522981795,166.99281522981795,772.5795829659091,814.8262052431896
598723640,598723866,164.0559594953188,164.0559594953188,724.638783367595,884.6360843523202
598723640,8872340111,290.7622194216198,290.7622194216198,1215.7568289385079,1289.3152131091315
598723667,598724224,110.38977390887965,110.38977390887965,546.1953103225871,615.3846351938952
598723667,598723670,185.0554753397856,185.0554753397856,923.5580768699107,1039.5458441160652
598723667,598723741,136.10647814813206,136.10647814813206,662.8189549413936,816.6388688887923
598723670,598723737,149.2382932596796,149.2382932596796,731.2508583194473,769.0058587125536
598723670,8146989209,119.96192634852497,119.96192634852497,591.3614584276486,673.8839894296051
598723680,598723849,161.39946052242976,161.39946052242976,756.9746699556716,968.3967631345786
598723680,8872362721,288.4632287615745,288.4632287615745,1358.2510996648343,1730.7793725694469
598723680,598723714,167.70660334761936,167.70660334761936,786.6941063117644,923.9318182668233
598723680,8482608288,153.92970680455815,153.92970680455815,736.8285996635692,862.7923980000197
598723686,598723852,145.75684380303076,145.75684380303076,673.5057685315835,781.7125675381128
598723686,8482605813,101.6695569717426,101.6695569717426,479.39733003826706,505.11816937241775
598723686,598723707,151.33111711552607,151.33111711552607,626.2946840259171,664.5791367718635
598723695,7704094931,120.50755770027274,120.50755770027274,577.9991887751478,723.0453462016364
598723695,598723729,139.37780254215323,139.37780254215323,671.0899789482658,774.1568060592839
598723695,598723824,135.97770865397166,135.97770865397166,651.9123555427026,815.86625192383
598723707,8482605816,102.87395748898199,102.87395748898199,454.3292411096634,480.3547753113888
598723707,10815731976,605.0394271981014,605.0394271981014,2644.2392944200046,3042.39761943279
598723707,598723727,31.055288700307177,31.055288700307177,128.9763251980433,136.83283716610734
598723714,8872362717,288.0961061094432,288.0961061094432,1405.2471126043774,1587.183532669574
598723714,8482608281,155.239349120393,155.239349120393,760.2311043255766,799.5042798561193
598723714,8872362720,170.21733459075898,170.21733459075898,807.4015951123536,850.4639713565336
598723727,598723729,176.7680092149619,176.7680092149619,827.1094315693903,871.829028072593
598723727,598723832,294.89743370839824,294.89743370839824,1338.6687179614323,1585.862697038073
598723727,598723737,151.76779844837932,151.76779844837932,707.2502063089532,745.6451327378496
598723729,598723741,138.86873055358473,138.86873055358473,666.2950764102541,771.3292285143929
598723737,598723741,177.43024405723702,177.43024405723702,847.9452292743232,982.1456008618726
598723741,598723745,9.881165918672,9.881165918672,46.83942722317181,59.286995512032
598723745,10815767749,411.7162245164067,411.7162245164067,1966.9254342659478,2470.2973470984402
598723761,7702665417,7.112869847195449,7.112869847195449,35.93717053458796,42.677219083172695
598723761,598723768,391.5759868079011,391.5759868079011,1908.534392123278,2349.4559208474066
598723761,3084645119,8.079867935467139,8.079867935467139,40.82284621140952,48.47920761280283
598723761,10815767728,139.08988342060485,139.08988342060485,684.1573707998344,767.6509163236598
598723768,7702665399,7.779558231334181,7.779558231334181,37.445699024203485,43.503778286213674
598723768,10815767749,179.45383674272594,179.45383674272594,853.3064806587756,1076.7230204563557
598723768,7626167474,590.0752167933425,590.0752167933425,2749.7748572324103,3540.4513007600553
598723824,10815767749,10.56154344521195,10.56154344521195,50.84843981850172,63.3692606712717
598723824,598723832,176.45433857285457,176.45433857285457,828.5413367920813,1058.7260314371274
598723824,598723859,281.30813030299714,281.30813030299714,1351.5146723385121,1687.8487818179829
598723832,598723857,296.94893855320754,296.94893855320754,1364.4993158688187,1781.6936313192452
598723849,598723867,167.58388730842134,167.58388730842134,820.164681739474,1005.503323850528
598723849,8482608295,151.80643968331836,151.80643968331836,717.8567037788293,910.8386380999102
598723849,8872362722,272.76190469983425,272.76190469983425,1300.1560150368896,1636.5714281990054
598723852,598723906,152.14905816793728,152.14905816793728,727.1091646167301,912.8943490076238
598723852,8482608296,103.87330471988474,103.87330471988474,491.42245908598204,623.2398283193085
598723857,3414036538,157.19475938344374,157.19475938344374,756.6437283400386,943.1685563006624
598723857,598723859,172.2904212858049,172.2904212858049,810.4466217097028,1033.7425277148295
598723859,598723860,10.191949003431818,10.191949003431818,48.863215505362,61.15169402059091
598723859,3414036535,150.02341501340916,150.02341501340916,734.5521832015461,900.140490080455
598723860,10815767731,121.36637480633509,121.36637480633509,571.315394428123,728.1982488380105
598723860,10815767749,280.3974176864316,280.3974176864316,1347.139251470845,1682.3845061185896
598723864,8482608240,366.7838806202331,366.7838806202331,1430.506314303721,1523.2970133564506
598723864,1492216295,193.35998448369673,193.35998448369673,957.4243482603106,1059.742245126224
598723865,598723866,8.638958941916645,8.638958941916645,37.16880658479154,51.83375365149987
598723865,8482608226,155.98031262396196,155.98031262396196,717.1057842134304,935.8818757437718
598723865,8482608236,163.71001154088103,163.71001154088103,718.3144121791362,877.9743237806198
598723866,8482608257,155.94125577073598,155.94125577073598,716.9262237619198,935.6475346244158
598723867,598723868,162.02538634194255,162.02538634194255,799.1280048808047,972.1523180516554
598723867,8872362723,245.01809623739973,245.01809623739973,1212.5680574525304,1470.1085774243984
598723867,8482608305,152.22276667708329,152.22276667708329,772.7142194159454,913.3366000624997
598723868,8482608313,152.52256980962906,152.52256980962906,728.6902900397503,915.1354188577743
598723868,598723872,161.03440130865408,161.03440130865408,801.6171561381958,966.2064078519245
598723868,8872362724,225.58541699229866,225.58541699229866,1095.8046708132233,1255.1883268267304
598723872,598723874,145.74768587516948,145.74768587516948,724.0605764340313,874.4861152510168
598723872,8872362725,208.63355604968305,208.63355604968305,1050.615754678825,1251.8013362980982
598723872,8482608327,153.50993616030217,153.50993616030217,769.6972782256559,921.059616961813
598723874,598723876,198.35046692889972,198.35046692889972,929.7421502218425,1190.1028015733982
598723874,8482608338,153.27547058844783,153.27547058844783,735.3686245532166,919.652823530687
598723874,8872362726,191.31135399044356,191.31135399044356,939.3319670474143,1147.8681239426614
598723876,598724152,166.65332288190947,166.65332288190947,765.9314719016315,999.9199372914568
598723876,8872362726,266.66813354123974,266.66813354123974,1273.9959221712372,1600.0088012474384
598723885,598723937,154.75261494252481,154.75261494252481,748.3714118405683,928.5156896551489
598723885,598723906,150.02092368323892,150.02092368323892,716.7273644764847,900.1255420994335
598723885,8482608314,102.76412259426398,102.76412259426398,487.1362720959491,616.5847355655839
598723906,8482608340,101.8058201541559,101.8058201541559,500.0473038401514,610.8349209249354
598723917,598723937,130.57217744440317,130.57217744440317,637.2727342236619,783.433064666419
598723917,598724152,196.28706116586162,196.28706116586162,931.5633143429768,1177.7223669951698
598723917,8453450298,34.32900717773346,34.32900717773346,168.79626513516726,205.97404306640075
598723917,8482608339,104.06315621051922,104.06315621051922,501.0800271816014,624.3789372631154
598723919,10815767734,116.02767950996126,116.02767950996126,562.3385622968261,696.1660770597675
598723919,8453450298,58.21359987977985,58.21359987977985,281.9865374406731,349.2815992786791
598723919,12785836783,172.8787971648213,172.8787971648213,797.412062749594,1037.2727829889277
598723922,10815767713,10.259604640502282,10.259604640502282,47.67958209405961,61.55762784301369
598723922,8453450310,165.56416245095775,165.56416245095775,771.3601912426078,993.3849747057466
598723922,10815767721,80.16137404176166,80.16137404176166,384.3094759428064,480.96824425056997
598723937,8482605802,103.36628551216728,103.36628551216728,507.4500928447705,620.1977130730037
598723939,3084645114,7.694924906003504,7.694924906003504,38.46081193548095,46.16954943602102
598723939,10815767728,25.803754463719425,25.803754463719425,126.22447666650511,142.41349026632756
598723939,3414036535,11.015849634117279,11.015849634117279,55.059474427979346,66.09509780470367
598723939,10815767731,22.919218023413972,22.919218023413972,110.22576599640458,137.51530814048382
598723956,5435723374,313.09303296257787,313.09303296257787,1593.0634508054586,1878.5581977754673
598723956,1492216295,157.8647503533109,157.8647503533109,796.2715041542187,947.1885021198655
598723956,2459094324,269.0822410331402,269.0822410331402,1353.774491886321,1614.493446198841
598724152,8482608338,164.30070190376588,164.30070190376588,773.2449430058571,985.8042114225952
598724152,8482608339,164.69549924054704,164.69549924054704,775.1029694210881,988.1729954432822
598724172,598724174,9.16737637927306,9.16737637927306,42.7385246426734,55.004258275638364
598724172,8482608240,180.3667770521589,180.3667770521589,674.4631876708617,842.7545423640788
598724172,7629438273,156.1803465520703,156.1803465520703,745.5058857680957,937.0820793124217
598724174,7629438273,156.12369595952964,156.12369595952964,788.1914026905102,936.7421757571778
598724174,8872340111,180.57663473063448,180.57663473063448,791.6600418027474,910.4632829159083
598724199,6316672407,501.2892658765018,501.2892658765018,2223.1737274357606,2650.707982320259
598724199,10815767792,227.89917904493092,227.89917904493092,1033.1612497342646,1205.0810064771217
598724224,7701169511,51.513828296958025,51.513828296958025,249.0922493998627,287.17169454601526
598724224,7701169518,23.067622029440706,23.067622029440706,105.83226274907183,128.59397808981436
598724252,598724344,629.1789870571232,629.1789870571232,2904.924194625289,3397.8635981741095
598724252,9228759443,161.3655607987485,161.3655607987485,708.5380532407311,834.9622424297353
598724289,9757737411,13.369532741421908,13.369532741421908,70.32304526131638,80.21719644853145
598724289,7626252442,41.36054235472823,41.36054235472823,211.7893028493459,248.16325412836937
598724344,7656321578,188.10212820826973,188.10212820826973,811.1237962857615,858.7107511438554
598724344,7626252442,121.39673413244785,121.39673413244785,578.5051636528073,655.599682016105
598724344,10815767810,160.89707323229786,160.89707323229786,737.0995177327409,777.8040107314979
649484043,7993875250,125.9332564356673,125.9332564356673,580.551444326132,691.4249014088196
649484043,649484276,314.5808717235567,314.5808717235567,1496.1026029237962,1575.6867409902925
649484043,1123394574,201.2094640686271,201.2094640686271,889.354146652126,940.2570565493149
649484276,7950517545,82.77431020239588,82.77431020239588,392.4670650163299,413.40769657925404
649484276,7950517485,97.30377532907372,97.30377532907372,419.7490970198704,444.3654605252312
649484276,2657406468,244.74473315688525,244.74473315688525,1092.0541654191816,1153.97083100628
726579157,8431765803,6.3065049349120335,6.3065049349120335,31.877748248273786,33.47319731899202
726579157,1992853839,207.4763325029267,207.4763325029267,863.1459441907436,915.6342757316177
726579157,3372801276,253.171905951587,253.171905951587,1263.9137714838414,1327.9623826006512
1114538640,1114538642,50.43958585834477,50.43958585834477,231.83065409924816,302.6375151500686
1114538640,1116469197,170.5749079289821,170.5749079289821,736.8817039842315,1023.4494475738926
1114538642,1114538647,35.85189408371423,35.85189408371423,158.5263955139156,215.11136450228537
1114538647,7959990871,260.63822681393435,260.63822681393435,949.93134561697,1563.8293608836061
1116467141,1116467143,144.6087072720655,144.6087072720655,614.3288221877615,867.6522436323929
1116467141,6033482390,839.798307219191,839.798307219191,3866.874321808462,5038.789843315146
1116467143,6410193855,65.96520119714509,65.96520119714509,250.6660493239787,395.79120718287055
1116467144,6410193851,26.495026780264077,26.495026780264077,120.6835924168256,158.97016068158445
1116467144,6410193855,51.22268055302429,51.22268055302429,218.07083047611025,307.3360833181457
1116467144,7958753254,68.4940827211481,68.4940827211481,284.83006021966867,410.9644963268886
1116469157,2530205713,112.5341735851565,112.5341735851565,500.5972880055507,529.0667087898835
1116469157,7959990816,150.75585412105352,150.75585412105352,657.0140570787369,778.0754427820592
1116469159,1116469223,24.33864178996435,24.33864178996435,106.22121072848337,125.63154528979538
1116469162,3679099106,85.5943168698935,85.5943168698935,367.768057689242,470.4017814162886
1116469162,1116469206,202.4783506539143,202.4783506539143,834.1212202954657,885.3451390468832
1116469162,1491845309,241.67538191839822,241.67538191839822,1098.9250017082159,1328.1784858646758
1116469162,7963896350,267.07208882421753,267.07208882421753,1239.8288848151224,1467.751492665631
1116469170,1982884401,25.255478586908083,25.255478586908083,105.28857988607372,151.5328715214485
1116469170,1491845432,143.04589862577734,143.04589862577734,642.1221565517102,790.957220730416
1116469170,7958753244,7.0721937708711335,7.0721937708711335,30.34975500795062,42.4331626252268
1116469170,7959990818,125.24873036123489,125.24873036123489,552.0490597401554,682.366692057483
1116469184,7232047223,21.098798224034535,21.098798224034535,93.00617230964325,126.5927893442072
1116469184,7959990816,231.3140385576558,231.3140385576558,1048.9324012813029,1387.884231345935
1116469184,7232047224,19.37541509026984,19.37541509026984,85.70982251886457,116.25249054161904
1116469186,1491845063,59.65881014824427,59.65881014824427,247.06822166020137,306.17458401558764
1116469186,7963896350,153.03533926475393,153.03533926475393,654.7894078361155,785.3916499950392
1116469186,1116469206,292.144195976176,292.144195976176,1097.2755300838292,1171.1835331372536
1116469196,7710972529,14.335931200850617,14.335931200850617,65.94781326603307,86.0155872051037
1116469196,8167985719,168.9169270892272,168.9169270892272,783.6704869739364,1013.5015625353631
1116469197,7959990754,123.04903515367104,123.04903515367104,547.3874248304745,738.2942109220262
1116469206,1116469224,14.647042501373367,14.647042501373367,55.498959385189174,71.43112818591406
1116469218,1116469223,109.07761173856895,109.07761173856895,511.52606938377323,654.4656704314136
1116469218,6410194513,31.02485571348937,31.02485571348937,140.76841601761174,186.1491342809362
1116469218,7963896350,54.07730263594199,54.07730263594199,250.57579535987801,324.46381581565197
1116469223,9222802800,7.919129144650179,7.919129144650179,36.88262356430902,47.514774867901075
1116469224,1491845212,65.6942176346451,65.6942176346451,287.32735147598174,358.78555639950713
1116492705,7977056128,279.8371076005946,279.8371076005946,779.6515183180869,850.4460166783857
1116492705,7975286455,22.596164582640668,22.596164582640668,55.27108081563628,60.98756405908801
1116492705,7975286462,27.457609618544158,27.457609618544158,62.25089719479208,69.1972515070735
1116492767,7973099541,39.977251433001655,39.977251433001655,162.4113980983426,172.5250298653716
1116492767,7973099584,81.7745784385101,81.7745784385101,339.7915319853929,360.4792467377981
1116492767,7973099538,89.10236978927216,89.10236978927216,369.36122802453485,391.9027616546945
1116501199,7986471593,22.588099518970857,22.588099518970857,74.82981961732098,80.5442625233005
1116501199,6581380413,296.9554301584792,296.9554301584792,775.6879926908478,850.8131642368662
1116501199,7975286536,198.74282470775537,198.74282470775537,674.4625017897699,724.7413897418853
1116501229,7986450947,295.59349682124696,295.59349682124696,699.7073405669513,774.4879638568923
1116501229,7986450971,34.988702823843404,34.988702823843404,110.04384396884049,141.1878948840206
1116501237,2525990704,96.38982111628734,96.38982111628734,367.969421890329,392.3545689906416
1116501292,7975286500,289.1150659107783,289.1150659107783,820.093491909895,893.2351714929025
1116501292,7975286422,6.571186905791368,6.571186905791368,19.806543796607226,21.468953348421348
1116501292,8298792601,61.562579620011064,61.562579620011064,173.18715366518762,188.76154256355036
1116501292,7975286501,27.496536462014994,27.496536462014994,81.45185698451031,88.40805919144694
1116501296,7977050964,5.575626275849534,5.575626275849534,21.398395013698636,22.808942987938885
1116501296,7975286521,225.34421742218152,225.34421742218152,721.2552396976805,778.2638722110175
1116501296,1116501304,68.31985068069413,68.31985068069413,246.09283618061994,263.37671106934107
1116501304,7975286429,4.781432716360075,4.781432716360075,16.095701483809933,17.3053306623725
1116501304,7975286415,73.83080092015847,73.83080092015847,254.42117280636538,273.0992336235956
1116501304,7975286500,86.34550591581065,86.34550591581065,260.127544268349,281.9716336008498
1123341617,2327294743,150.22936385507043,150.22936385507043,443.2341244108959,481.2398504716663
1123341617,5619242023,135.90948060513992,135.90948060513992,543.7053317939002,578.0883469141909
1123341617,12988540075,108.72039524839722,108.72039524839722,434.2220736079327,461.72666693773937
1123344023,1123344024,106.59639724764288,106.59639724764288,291.7751436228825,318.74239801908254
1123344024,1123344043,149.14116239700036,149.14116239700036,408.22846927343664,445.9588970472873
1123344024,12988540075,90.01365167976981,90.01365167976981,340.31878299840463,363.09085697703955
1123344043,2327294747,91.10577883234397,91.10577883234397,165.58475302778515,188.63311843386907
1123347201,1722075257,163.87808135540178,163.87808135540178,297.8484128634427,339.3070552189187
1123394574,7950517551,386.1863322734079,386.1863322734079,1644.0365284513457,1741.7357503355324
1129150010,8869448090,91.99916554747485,91.99916554747485,398.2426873018688,551.9949932848491
1129150010,8869448116,185.13423839388096,185.13423839388096,812.7177908352243,970.7811869603896
1129150010,8987589741,96.83656349003428,96.83656349003428,444.4373090634467,581.0193809402057
1129150010,8167985701,187.093583232545,187.093583232545,878.4783770532912,1122.56149939527
1129158411,13233850219,162.56632969297675,162.56632969297675,572.3430320940986,975.3979781578605
1129158411,7637868049,90.01391615337911,90.01391615337911,332.1654438834692,540.0834969202747
1129158411,8490646155,175.2545576648884,175.2545576648884,664.8920584419724,1051.5273459893306
1129158411,8490646156,174.39909098637887,174.39909098637887,731.2418500406864,1046.3945459182733
1441786444,3084645101,71.23646842291251,71.23646842291251,333.37148387809896,379.5331058177429
1441786444,5435914393,150.05943557609947,150.05943557609947,759.0687220775358,900.3566134565968
1441786444,5435914417,268.56076502250033,268.56076502250033,1264.8448831471185,1611.364590135002
1441786487,1492216788,103.83167853695342,103.83167853695342,519.6143720346564,622.9900712217205
1441786487,7626252415,65.77323202783808,65.77323202783808,325.7454018356048,394.63939216702846
1441786487,7656321511,119.61541298861502,119.61541298861502,603.632849965877,717.6924779316901
1441786491,7656321494,46.07953576619639,46.07953576619639,233.08986118550828,276.4772145971784
1441786491,7656321511,16.770912343156922,16.770912343156922,86.19122809244976,100.62547405894153
1441786491,1441786494,37.21518424175505,37.21518424175505,193.32929388821074,223.29110545053027
1441786491,2380017739,109.34612688287083,109.34612688287083,548.946748507628,656.076761297225
1441786493,1441786494,14.253215128969602,14.253215128969602,74.83620163317421,85.51929077381762
1441786493,7656321511,33.14964957606519,33.14964957606519,172.20923329439555,198.89789745639112
1441786493,7656321502,38.17266989064878,38.17266989064878,188.8684250328875,229.03601934389266
1441786494,7656321494,31.68458412015784,31.68458412015784,162.034955176272,190.10750472094705
1491845063,1491845101,318.8855532173688,318.8855532173688,1085.6644474379657,1401.5970818892463
1491845065,13158997506,97.40698948805087,97.40698948805087,442.34581974054265,466.9882948458664
1491845065,2042400915,211.9454338698849,211.9454338698849,789.2393611048798,842.8583067809125
1491845065,2042400913,230.6525037100381,230.6525037100381,1015.7823150695276,1074.1338626384263
1491845092,2042400915,112.82053894307917,112.82053894307917,376.86886625887587,405.41073308882335
1491845092,1491845161,102.88666616296676,102.88666616296676,438.7270899576914,464.75583925911275
1491845092,1491845096,210.98389964773813,210.98389964773813,864.2014898096971,917.5771820677081
1491845096,4981907891,18.008292544151804,18.008292544151804,78.5255762439853,83.08139819311849
1491845101,4981907888,74.45309839748951,74.45309839748951,239.70080229537254,258.53629483463664
1491845101,4981907891,37.9248122414335,37.9248122414335,133.93212807136544,143.52652418652562
1491845104,1491845106,25.175989433933676,25.175989433933676,122.69577842306562,129.06491780555015
1491845104,6020564601,238.9389047493604,238.9389047493604,1116.845683458401,1329.5293445988864
1491845106,7868781052,348.63030236734977,348.63030236734977,1710.0731967374734,1939.152017771246
1491845106,1491845108,82.5142332199989,82.5142332199989,406.702854910809,427.57769098412933
1491845108,1491845119,72.07031380141994,72.07031380141994,342.8127031736501,405.0109708333113
1491845108,8198655610,175.19488324914104,175.19488324914104,830.448400081875,874.7700198315201
1491845119,1491845137,192.3495020304064,192.3495020304064,873.3434341176371,1039.3452895342018
1491845119,8198655607,184.56389293324918,184.56389293324918,832.464190778895,991.7468941205462
1491845135,1491845160,80.29204048967662,80.29204048967662,300.52159489566117,320.8342502741053
1491845135,9730051941,474.1893224510725,474.1893224510725,2149.0845473923723,2269.0471767183135
1491845137,1491845161,231.39118053191825,231.39118053191825,1051.1787155383179,1109.7171370193425
1491845144,1491845278,222.28602440758723,222.28602440758723,1073.2649996819457,1232.0798659436775
1491845144,6410193883,56.970087121135116,56.970087121135116,269.40564100105394,283.8181996994512
1491845160,13898259977,156.96482809609606,156.96482809609606,589.9247365293239,729.6418510142306
1491845160,9730051942,415.31469771293524,415.31469771293524,1435.3299905986892,1540.3982424054198
1491845161,7616135774,44.627315806264846,44.627315806264846,205.77058627218253,217.06061304082843
1491845212,1491845234,12.434601465593392,12.434601465593392,58.045614473984344,61.19137802412565
1491845221,4981907888,24.075631505148266,24.075631505148266,104.90315255261864,110.99391824744946
1491845221,1491845238,75.4428406218318,75.4428406218318,333.0759291849147,352.1618113343313
1491845221,7616135774,220.11467866776073,220.11467866776073,1045.8710904139505,1101.5567297904968
1491845234,1491845271,20.166670767478003,20.166670767478003,92.51761681182815,110.10212893980018
1491845234,1491845263,21.14676633633855,21.14676633633855,103.30197088285625,108.6517785890604
1491845238,1491845263,25.575087351385324,25.575087351385324,116.62946988550263,123.09957492298877
1491845238,1491845252,106.79574986775951,106.79574986775951,469.8256941294426,496.843381682485
1491845252,7616135775,133.99497662572085,133.99497662572085,598.9588203021337,632.8574952647023
1491845263,1491845271,28.70336550932306,28.70336550932306,137.96036686312098,162.98852767022214
1491845271,1491845278,55.29580877689062,55.29580877689062,258.0414194858537,331.7748526613437
1491845290,7965696102,14.824938115614772,14.824938115614772,57.62922894788989,61.37971102696921
1491845290,7965696093,223.39020405692307,223.39020405692307,771.7590593455651,828.2733564322358
1491845290,1491845294,63.809641551444884,63.809641551444884,242.45125842438438,258.5941195442633
1491845290,1491845309,151.01420616086222,151.01420616086222,622.4125664647413,765.6647779423226
1491845294,6410193821,123.45051080255499,123.45051080255499,505.31202851925616,615.0843021893812
1491845309,2750787479,223.58658681053532,223.58658681053532,1031.2684135629602,1243.3628504480264
1491845327,13114390049,76.55427418675427,76.55427418675427,275.7844820606426,295.1515398638677
1491845327,7965680850,6.458769851177709,6.458769851177709,23.21442562771216,24.84839538804632
1491845327,10829151809,117.02906818039655,117.02906818039655,407.74171249618774,437.348272707028
1491845427,7965680865,60.21220416569463,60.21220416569463,275.9012925509629,361.2732249941678
1491845427,1491845432,86.22046439578865,86.22046439578865,409.18114492530214,476.74697103332056
1491845427,7965696138,320.29994088778665,320.29994088778665,1393.714064808031,1644.713989942856
1491845427,7965696089,386.5601079432374,386.5601079432374,1461.7675890668247,1764.69164795029
1491845427,7965696093,383.4828906394633,383.4828906394633,1477.9244993046711,1778.4371268568348
1491845432,2526007320,337.00246770278034,337.00246770278034,1538.5559255515093,1623.812383680904
1491845437,7965696232,62.54404996857873,62.54404996857873,280.45712189751606,327.42889400961394
1491845437,2750787481,163.88945141933416,163.88945141933416,713.2741065542853,857.9895584797284
1491845437,7959602961,379.45332669320715,379.45332669320715,1698.8820340960958,1986.5036426301783
1491845491,1982879348,47.86169743674733,47.86169743674733,229.21200429081702,287.17018462048395
1491845491,11553088688,40.17304579101028,40.17304579101028,194.77306104416482,221.54689274982923
1491845491,1491845495,41.82163285204695,41.82163285204695,203.637677120229,250.92979711228173
1491845495,2750787481,226.11124107908722,226.11124107908722,1052.0166626418772,1356.6674464745233
1491845495,7965696332,173.72046740668824,173.72046740668824,803.0902684409675,927.7047011113103
1491845594,2525914418,105.24696224440837,105.24696224440837,393.02647357250527,419.6523415995316
1491845594,1491845601,215.58363515649685,215.58363515649685,825.7137689517261,880.2531237801687
1491845594,7227417660,154.88388349353806,154.88388349353806,556.3012959511965,595.4845441273819
1491845601,1491845610,69.39866660494137,69.39866660494137,277.0244065664222,294.5812053458847
1491845601,2530284953,51.76609392651631,51.76609392651631,198.0543388511208,211.15036704774747
1491845610,7973099504,161.73461782847056,161.73461782847056,600.053071980932,640.9694509230824
1492216295,9731823962,167.51894957580905,167.51894957580905,855.9675723867301,1005.1136974548542
1492216617,7609471531,1419.48769787141,1419.48769787141,6113.332211425046,7563.120696497804
1492216617,12369322416,496.97700908644566,496.97700908644566,2335.502617874897,2843.088239222564
1492216669,5435723358,1311.6896136539635,1311.6896136539635,6251.886750931738,6888.083901540786
1492216669,1492216900,164.4749428525202,164.4749428525202,741.6213223465726,863.7082997961131
1492216669,5435820744,188.07140048130577,188.07140048130577,843.9649867494047,987.620525855033
1492216674,5435914417,12.246151040379608,12.246151040379608,54.64793378264257,73.47690624227765
1492216674,9198650558,13.896730464572425,13.896730464572425,62.01357501790576,83.38038278743454
1492216674,5435914390,54.106712539932154,54.106712539932154,252.69378421785146,324.64027523959294
1492216674,5435914522,17.713963964352118,17.713963964352118,79.04781890735393,106.2837837861127
1492216674,7701169497,20.40089718415445,20.40089718415445,97.14172631527097,122.4053831049267
1492216686,1492216714,53.85431254667949,53.85431254667949,246.25081200879458,288.35259956579245
1492216686,5435723374,1300.55822917405,1300.55822917405,6332.791693716481,6963.589887884357
1492216714,5070067545,1224.5363807875717,1224.5363807875717,6335.008907204899,7347.21828472543
1492216714,2784871157,314.708444371107,314.708444371107,1509.5601062579399,1888.2506662266421
1492216714,5435723099,125.4581092124118,125.4581092124118,576.7405620079617,752.7486552744708
1492216750,7626252415,7.037846131978436,7.037846131978436,34.84817598069022,42.227076791870616
1492216788,5435914359,75.4553831710215,75.4553831710215,365.33955359736245,452.732299026129
1492216788,7701169497,50.987533509853456,50.987533509853456,257.8959473251232,305.92520105912075
1492216900,8882319634,121.5345947333041,121.5345947333041,614.8714066634176,729.2075683998246
1492217234,2784308483,10.980180719258723,10.980180719258723,52.5169865274109,61.100754510064085
1492217234,2784308486,97.83481348372281,97.83481348372281,453.839453281287,587.0088809023368
1699066586,7950517401,98.59644427510025,98.59644427510025,394.7756813508845,455.71227997789777
1699066586,2657406467,68.05708545468345,68.05708545468345,208.2437223145198,225.46112162921335
1699066590,7992170585,152.92228166700474,152.92228166700474,577.9512752433185,616.6382682284651
1699066608,2657406468,218.67042437164397,218.67042437164397,1037.2421594635393,1136.3340731496196
1699066608,3082227644,24.44086150034455,24.44086150034455,118.42012370242657,129.49565778603647
1699066608,7950517401,27.14539376435656,27.14539376435656,140.66166720887028,162.87236258613936
1722075257,5827544562,170.02201628114594,170.02201628114594,309.01501459098273,352.0279782970324
1722075265,5827544504,110.99541906945366,110.99541906945366,449.7406064846839,477.8207459654295
1722075265,5827544497,77.49231386842543,77.49231386842543,322.7999627057708,342.4043301684451
1722075265,5827544489,84.6544564453953,84.6544564453953,367.37367774887247,388.78995748890367
1722075267,5827544504,70.542208956781,70.542208956781,249.83685666793627,267.68295413207426
1722075267,7893947019,194.50964806406267,194.50964806406267,631.4524749120382,680.660434067289
1783922441,8169270312,143.34971647167967,143.34971647167967,674.2507766921709,793.9344271010397
1783922441,8453450367,45.73874343221146,45.73874343221146,217.13446255786198,253.32148508538134
1783922441,8453450310,44.492033117151614,44.492033117151614,211.21598395717487,246.41664938629197
1783922636,1783922639,12.269280799840157,12.269280799840157,59.20377424817552,73.61568479904093
1783922636,7656321502,198.5333156467395,198.5333156467395,939.9403557436888,1191.199893880437
1783922639,1783922701,108.00742419457437,108.00742419457437,495.01352424851416,572.027912763977
1783922639,8167951077,279.11116951142145,279.11116951142145,1241.4205198288114,1440.4399502804972
1783922639,9666019885,191.79401469934083,191.79401469934083,918.0801952786616,1150.7640881960451
1783922699,8882319736,134.76707072560325,134.76707072560325,484.0704158202058,518.164418753953
1783922699,1783922822,195.1505472856434,195.1505472856434,654.5440238123342,943.5328582998792
1783922699,13146343905,67.47358451741758,67.47358451741758,229.2899124903542,246.359695012905
1783922701,13146343905,49.62766662135058,49.62766662135058,191.53851557794485,204.0935544481479
1783922701,1783922726,72.69965827401344,72.69965827401344,289.63433490251316,308.0262339705229
1783922726,1783922795,77.40312019107205,77.40312019107205,289.72765339485863,309.3094562244889
1783922726,13146343700,69.52080248777303,69.52080248777303,286.8198264508374,304.40752373633086
1783922762,9666019883,41.05287361388451,41.05287361388451,208.2428526761321,246.31724168330703
1783922762,13146343700,109.42227885165622,109.42227885165622,529.3304450974533,595.0246694365704
1783922762,8168061761,201.5075480021662,201.5075480021662,999.4350953316492,1209.0452880129972
1783922791,1783922795,64.15451072042893,64.15451072042893,229.79061721941875,246.02072495225588
1783922791,13146343906,57.235912051053546,57.235912051053546,243.93283341151562,273.55957983704593
1783922791,13146343905,147.3688431165229,147.3688431165229,492.62892120772113,529.9109793730108
1783922795,1783922797,50.556140740215504,50.556140740215504,210.30156048283217,255.57677664864758
1783922795,8167985895,151.4891167661277,151.4891167661277,620.4778689571182,765.8238859525826
1783922797,13146343700,73.48067269244417,73.48067269244417,333.7735809977773,399.57870954299386
1783922797,1783922800,26.441901067469658,26.441901067469658,118.66689665321424,158.65140640481795
1783922800,13154859280,141.63686805919963,141.63686805919963,628.9653484325531,849.8212083551978
1783922800,1783922804,33.20574457170887,33.20574457170887,150.82824499565632,199.23446743025323
1783922822,13146343906,88.00092187519003,88.00092187519003,374.40069556456075,528.0055312511402
1783922822,1783922850,119.39801020544895,119.39801020544895,363.35426289619556,716.3880612326938
1783922835,13154859280,10.508284342966375,10.508284342966375,47.901808161980185,63.04970605779825
1783922835,8167985895,76.34472876127798,76.34472876127798,346.7364577864048,458.0683725676679
1783922835,8167985873,154.15492678185007,154.15492678185007,619.6544953013297,735.5504966015578
1783922850,8167985894,29.327793031626275,29.327793031626275,82.46443884970661,175.96675818975766
1783922850,8167985893,33.21392043978313,33.21392043978313,103.3306306488135,199.2835226386988
1783922854,8167951092,77.2199024066854,77.2199024066854,279.7093983791459,463.31941444011244
1783922854,8167985564,18.73786088417892,18.73786088417892,67.67483550930103,112.42716530507353
1783922854,8167985893,61.95536836027516,61.95536836027516,211.3330583546982,371.732210161651
1783922878,8167985880,72.838517680161,72.838517680161,242.05490794921838,437.031106080966
1783922878,1783922881,47.933486828631345,47.933486828631345,125.52693750059404,287.60092097178807
1783922878,8167985871,79.14739723828235,79.14739723828235,240.0549292887577,474.88438342969414
1783922945,1783923055,101.67961484866687,101.67961484866687,442.8776155566684,468.6009993794952
1783922945,7962005468,99.86812560274103,99.86812560274103,433.2485600291264,458.51366484260365
1783923055,7962005430,247.15902984319249,247.15902984319249,1017.0551541066134,1079.5825997445263
1783923055,8878665913,89.68607967403797,89.68607967403797,397.5207757203338,420.2099790031503
1812925769,13148609100,167.76122854162287,167.76122854162287,771.9832299970138,1006.5673712497372
1812925769,1982876355,167.97192079401438,167.97192079401438,673.5080888130663,826.7486185242556
1812925769,13072634404,48.23433254892831,48.23433254892831,215.0140383630687,289.40599529356984
1812925810,7992170556,9.774486157357567,9.774486157357567,49.184366099787,58.6469169441454
1812925810,5836889190,36.99529174048041,36.99529174048041,170.25641407546516,221.97175044288247
1812925810,5836885684,44.676076066105466,44.676076066105466,226.65883419314613,253.93517471981687
1812925810,7992170555,12.259664462002307,12.259664462002307,62.451534551276076,73.55798677201385
1812925887,7992170585,7.629654546212684,7.629654546212684,26.63024069391073,28.5604263325946
1812925887,7992170513,279.2718903839767,279.2718903839767,1085.3738579811152,1360.5211359776804
1812925887,8431765813,107.92127023334152,107.92127023334152,390.94990300279784,418.25232995426705
1812925899,2530742232,157.82307907801487,157.82307907801487,510.68533450573915,654.6670912436648
1812925899,6413071010,128.02283950376062,128.02283950376062,427.16781840828804,531.0524952389982
1812925899,13664196096,521.9495244217213,521.9495244217213,1727.2425962168525,2165.1027145419735
1933843909,7962005426,206.8873743567999,206.8873743567999,804.9546076209548,857.2939417795025
1933843909,5832657962,7.521528311839636,7.521528311839636,31.899571696951327,33.80240305589845
1933843909,7791604210,39.06357781061238,39.06357781061238,164.02607319060206,173.90855953765194
1982876353,1982876363,38.618086720980315,38.618086720980315,179.59613100246875,231.7085203258819
1982876355,2784871064,191.23425402595015,191.23425402595015,796.0047628678383,844.3840975427668
1982876355,2784870934,517.3788719497101,517.3788719497101,2112.484718235506,2546.5105454298227
1982876363,8516218128,176.71944032257352,176.71944032257352,617.955281812229,748.3496840741349
1982876596,2530742276,47.293536032987966,47.293536032987966,213.3522425534454,255.35411004201754
1982876946,8431769807,19.606622575412644,19.606622575412644,90.26572957375562,117.63973545247586
1982876946,8152978225,99.5495255700924,99.5495255700924,465.0010405075282,547.086885438383
1982879348,5269888287,68.99777245361308,68.99777245361308,342.3152429256636,413.98663472167846
1982879348,7965696319,32.31152423786288,32.31152423786288,144.67057886495533,170.43815669922895
1982884398,7958753244,23.553643128906504,23.553643128906504,103.87650512494598,141.32185877343903
1982884398,1982884401,42.44907937743538,42.44907937743538,182.01017897624993,254.6944762646123
1982884401,2530205713,130.58376537442817,130.58376537442817,587.1896066908877,723.4634012929075
1982884408,2268995266,262.827934139691,262.827934139691,1104.9441432053804,1576.9676048381461
1982884408,2268995250,123.62213510353992,123.62213510353992,506.3861995252721,741.7328106212395
1982884408,5269888994,65.3941146822828,65.3941146822828,263.8504715498454,392.3646880936968
1982884409,5269888994,66.94537316732111,66.94537316732111,291.15372443727006,401.6722390039266
1982884409,8167985664,171.78957170295203,171.78957170295203,752.6316809143473,1030.7374302177122
1982884409,3679099106,208.98612920748516,208.98612920748516,886.2639936254022,1253.916775244911
1982884413,2268995250,113.48413203757238,113.48413203757238,484.73712098373875,680.9047922254342
1982884413,8167985720,156.05785636798748,156.05785636798748,705.202309046195,936.3471382079249
1982884413,8167985726,111.44004154499162,111.44004154499162,435.65287809202505,668.6402492699497
1982884415,8167985613,176.22061207040542,176.22061207040542,783.9368450816513,1057.3236724224325
1982884415,8167985467,234.1441940204277,234.1441940204277,851.8345636906072,1404.8651641225663
1982884415,8167985470,191.94385790551527,191.94385790551527,706.1189994087284,1151.6631474330916
1992853839,8431765813,87.90492885529916,87.90492885529916,308.56483623378386,330.8034356642457
1992853839,1992853845,173.04637802575493,173.04637802575493,485.01859924939214,528.7966801137968
1992853849,3379374435,32.96078111000599,32.96078111000599,156.7542787970807,181.9936665129595
1992853849,3372801276,136.52682222511405,136.52682222511405,658.8369947956006,763.381040285786
2042400913,2042441671,109.13731563707094,109.13731563707094,423.7978826267103,451.4079504235218
2042400913,2042400915,276.1700664665862,276.1700664665862,929.1841220804987,999.0509152491071
2042400913,8198655625,118.36100872761205,118.36100872761205,481.1129069188565,511.0564276696849
2042400917,2042441671,161.03381434542368,161.03381434542368,707.3260616452586,748.0651480494147
2042400917,6020564549,88.2490057559829,88.2490057559829,423.09673232980947,499.32063893994
2042400930,6020564521,122.03911194055412,122.03911194055412,523.9206414991367,554.7946659780457
2042400930,6410194531,51.68408606167448,51.68408606167448,209.33557521646586,222.41085668045628
2042400935,9222802794,158.30845618102887,158.30845618102887,770.8677603909424,949.8507370861732
2042400935,2042407645,188.06677643012546,188.06677643012546,843.5035857839883,965.0041927802981
2042400935,9222802792,264.8757060231885,264.8757060231885,1304.239167852714,1475.362210802039
2042400943,13158997506,103.26546880337685,103.26546880337685,452.8485511111784,478.9731316736334
2042400943,2042441671,208.97754078652832,208.97754078652832,853.9835418120662,906.8516560353842
2042407636,7626252406,318.57412048412033,318.57412048412033,1510.6622818619148,1745.1983035038263
2042407636,2042407662,317.0314506033122,317.0314506033122,1551.0022121965942,1631.2063091526463
2042407636,7701169566,188.85621997914734,188.85621997914734,912.3370900762308,1034.5835820338777
2042407638,2042441665,135.43127844777123,135.43127844777123,405.15201377860336,439.4140510838501
2042407638,3653137211,19.666769460296955,19.666769460296955,63.00333981022618,67.97873099493127
2042407638,6410194531,242.35839498594865,242.35839498594865,796.5967412998822,857.9096999119548
2042407645,3653137211,136.35777915764132,136.35777915764132,506.104473967447,540.6009017491681
2042407645,6410194531,196.9811728104208,196.9811728104208,747.5245738289842,797.3577908569445
2042407651,2042407660,13.280985699667704,13.280985699667704,65.3929973035793,79.68591419800623
2042407651,9222802797,64.64357156816114,64.64357156816114,313.3934371529587,387.86142940896684
2042407651,10006651411,25.09381807341531,25.09381807341531,122.240723747755,150.56290844049187
2042407660,6020564487,56.59132917671492,56.59132917671492,270.15037550964405,339.54797506028956
2042407660,8185629288,63.09600878781928,63.09600878781928,309.5180878498701,378.5760527269157
2042407662,9660848493,761.1759164216471,761.1759164216471,3818.273012231383,4313.657058189838
2042407662,6020564487,114.17479376883067,114.17479376883067,550.740710142768,647.039527109083
2044316564,7959603096,171.49859078437905,171.49859078437905,800.6712838553808,1028.9915447062742
2044316564,7959603173,7.95098576823326,7.95098576823326,39.19382773902069,45.17501615872751
2044316564,7959603210,269.510962802032,269.510962802032,1323.7486547485605,1526.4902891426239
2268752831,2268753016,137.4667889006752,137.4667889006752,602.3957341939044,707.0774822876448
2268752831,2268752972,201.7864203920218,201.7864203920218,945.0596782885613,1098.7211946238092
2268752831,8869448111,120.31814591826293,120.31814591826293,570.955634834196,662.5785929526248
2268752831,8146989191,58.076182567186855,58.076182567186855,278.4722726331816,348.4570954031211
2268825364,2268825372,194.11920381129738,194.11920381129738,780.625617530117,829.7348002748724
2268825369,8195511793,125.17437155261459,125.17437155261459,579.00006731258,751.0462293156875
2268825372,7656321615,58.015040072964815,58.015040072964815,204.3286200992578,219.00553587548936
2268825372,8195511793,249.64209579812947,249.64209579812947,986.8483481512955,1170.6084763827296
2268995250,2268995259,149.33491265661922,149.33491265661922,597.3001434216325,896.0094759397153
2268995259,8167985726,106.1014133084969,106.1014133084969,385.95763567314884,636.6084798509814
2268995259,2268995266,88.54781294606248,88.54781294606248,363.71477344149747,531.2868776763748
2268995262,2868296660,5.150566735292264,5.150566735292264,16.293402088421594,17.596416515002538
2268995262,2268995297,96.20335061079297,96.20335061079297,280.5722953430363,467.36037920856546
2268995262,8167985624,170.40562854883478,170.40562854883478,676.3628940991827,827.8385178085734
2268995266,5269888956,91.87795099011736,91.87795099011736,354.9542356847998,551.2677059407041
2268995297,9577362646,148.89315403352967,148.89315403352967,443.703502530743,893.3589242011781
2268995297,8167985622,136.45981898307545,136.45981898307545,433.3876135589418,818.7589138984526
2268995301,8289756736,117.16450074622206,117.16450074622206,495.44040840620335,616.964418309532
2268995301,2868296660,110.03094834873599,110.03094834873599,392.9391098140487,420.7752529876504
2268995301,2868296646,76.88749822769135,76.88749822769135,288.47266407507277,307.92402245237827
2269569877,8185629248,132.67702545202377,132.67702545202377,506.4606976639107,540.025951183536
2269569877,2399038485,97.78534901233243,97.78534901233243,440.91262821313404,465.65082247790394
2269569877,2269569885,85.90297665928586,85.90297665928586,362.9133444584912,384.6454806730012
2269569885,9222802799,218.1762898084858,218.1762898084858,986.025720573954,1128.5667458075995
2269569885,8185629262,187.86948691105528,187.86948691105528,759.8801962530652,807.4082964293215
2269570039,2269583677,41.64131360708251,41.64131360708251,197.55710229265182,249.84788164249505
2269570039,8071647109,254.64318844303963,254.64318844303963,1165.3098770101547,1527.8591306582377
2269570039,2269570697,190.69643177194004,190.69643177194004,855.3791008904258,1012.5058196359781
2269570366,2269570871,86.24032433867026,86.24032433867026,244.98106090694307,266.79854091284585
2269570366,2399038447,162.43302879726102,162.43302879726102,536.7887087399961,577.8817749507107
2269570366,2269583678,46.32256996943548,46.32256996943548,146.46647004268866,158.18537012661398
2269570697,2269583676,8.718316714583542,8.718316714583542,38.06458926448741,40.27018974273449
2269570697,2269570871,79.69334373201421,79.69334373201421,279.11426772641744,299.2754620031082
2269570871,9608302698,94.70204437197677,94.70204437197677,341.2043165343929,365.1624819917699
2269583662,2399038434,146.2984271467838,146.2984271467838,515.2202230598446,552.2314823941133
2269583662,2399038487,27.667828588263102,27.667828588263102,112.7350032215744,119.73453971056814
2269583662,2269583678,111.53303141524047,111.53303141524047,393.68457864646047,421.9007258091701
2269583663,2269583676,165.7331128690467,165.7331128690467,773.4030614627384,879.9626701299815
2269583663,6020564510,113.65794767038719,113.65794767038719,514.2200107818692,587.2974194904607
2269583663,9608302581,42.57912801260548,42.57912801260548,203.73448289660095,231.11111958597974
2269583674,2399038476,149.49546781410004,149.49546781410004,514.0130669083629,551.8331285212887
2269583674,8071647051,17.290957969908526,17.290957969908526,72.32378718246733,76.69813448095293
2269583674,2399038487,81.58753521506256,81.58753521506256,334.3484459819823,354.98884166620104
2269583676,2399038447,300.0665134313163,300.0665134313163,1190.1693768580644,1266.0816047796511
2269583677,2399038469,75.91507436468528,75.91507436468528,335.8249168369897,387.80889573459507
2269583677,2399038473,107.73146788679698,107.73146788679698,498.9616707361282,646.3888073207819
2269583678,2399038489,51.42050605601046,51.42050605601046,163.91011240345716,176.91871216665825
2319202434,8002408174,174.61979407133947,174.61979407133947,802.6051094913234,955.5875875164048
2319202434,8002408089,327.5405802263209,327.5405802263209,1239.4637841800995,1526.4184784246956
2319202434,8002408180,20.738288023163705,20.738288023163705,94.34072769225241,124.42972813898223
2319202440,2367560891,16.976178282137187,16.976178282137187,74.2755324859797,101.85706969282313
2319202440,11111332280,45.38473725745394,45.38473725745394,196.60512358229633,239.2146912402687
2319202440,11111332283,53.85447426892831,53.85447426892831,219.0654091074758,269.62680934273993
2319202446,8044279502,8.029395011897096,8.029395011897096,33.79199295742675,35.823306805964876
2319202446,5827543963,36.29449917752341,36.29449917752341,155.6515536145805,164.83350551703646
2319202446,5827543955,35.164757922124124,35.164757922124124,137.80183338061593,146.69797806422696
2319202446,8044291626,17.946447201403647,17.946447201403647,69.6813367261414,74.22151275163952
2323527344,9660848465,416.5135385149384,416.5135385149384,1384.9509353311757,1680.7330637460554
2323527539,8071647108,202.8806732024832,202.8806732024832,589.6187061949024,640.9444063835609
2324186905,7953724239,116.66527817965147,116.66527817965147,483.1848367565142,555.4556038471588
2324186905,5269889012,71.48059003220817,71.48059003220817,272.77876507841233,290.86225856938637
2324186905,8434694161,134.97573583267973,134.97573583267973,483.7807558378575,517.927547844889
2324186961,8044279549,61.07501860012517,61.07501860012517,287.36687998792803,302.81792342250003
2324186961,8044291609,195.75317398312052,195.75317398312052,809.3802875668993,858.9028397165982
2327294743,2327294747,105.90510035120938,105.90510035120938,192.48251988832305,219.27488676720742
2327294747,12988540075,149.57396121833776,149.57396121833776,427.9387549391499,465.77867418005513
2367560889,2367560920,48.64705705568535,48.64705705568535,168.57300867332796,180.87996835602146
2367560889,2367560936,90.6004909763738,90.6004909763738,299.6558871959252,322.5764225204389
2367560889,2367560940,127.96789915040549,127.96789915040549,452.0618429953784,484.43575975092386
2367560891,8878665892,55.12140439969565,55.12140439969565,238.29097477766044,290.04183535547605
2367560891,8878665902,52.8806379838754,52.8806379838754,226.38204502596554,276.0291567672727
2367560900,2367560911,79.61645353745973,79.61645353745973,256.89456830754176,277.0363105437259
2367560900,2367560907,159.84359655622612,159.84359655622612,436.5690070928303,477.00698664218714
2367560907,2367560940,150.38486846681727,150.38486846681727,467.15600001795826,505.20106636163723
2367560907,2367560911,151.50669469232616,151.50669469232616,437.91159692833793,476.2404681096358
2367560911,2367560939,198.24751420928771,198.24751420928771,639.6756865950596,689.8292685841014
2367560914,2367574809,198.77668182615818,198.77668182615818,868.4093825882298,1007.966892162928
2367560914,12987924106,125.64706359270066,125.64706359270066,612.4191907717958,753.882381556204
2367560914,7893947001,175.98756991244332,175.98756991244332,765.5254413561079,889.0831280397158
2367560918,2367560947,111.72183724154594,111.72183724154594,423.26532560098724,451.529237743386
2367560919,2367560939,157.9852620591828,157.9852620591828,567.1344477194281,607.1022971290338
2367560936,2367560943,18.18046834534968,18.18046834534968,61.222725093621655,65.82210488102761
2367560936,2367560940,166.09464005141393,166.09464005141393,596.7243554669864,638.743753193027
2367560943,2367560947,149.6526530161824,149.6526530161824,506.6306653266107,544.4904923860367
2367560943,8002408175,32.75725631265313,32.75725631265313,117.73796010608459,126.02504378915322
2367560945,2367560947,83.10486060808483,83.10486060808483,299.2529903548258,320.2772461030989
2367560947,8002408174,60.354867841733366,60.354867841733366,244.28781657784168,259.55667291034825
2367574745,2367574785,81.47577384936321,81.47577384936321,358.78132463914756,441.33703030508445
2367574745,2367574802,41.080895774512385,41.080895774512385,196.68732383309094,207.08016069981298
2367574745,2367574790,84.29458443689154,84.29458443689154,386.8342709877864,408.15950862645224
2367574746,2367574781,17.02679285468927,17.02679285468927,77.65967313966134,91.06942091415371
2367574746,2367574786,22.703699211358042,22.703699211358042,105.8705629077703,111.61425076379712
2367574746,2367574770,34.829237650353605,34.829237650353605,156.3168539489167,165.12811714724737
2367574746,2367574808,17.29097225553723,17.29097225553723,79.5385988463828,83.91294975891347
2367574747,2367574751,96.3840386354989,96.3840386354989,387.2751172309777,411.6588014522954
2367574749,2367574768,225.0592859712364,225.0592859712364,1072.472327198071,1236.1971761201064
2367574749,2367574804,266.64996545100394,266.64996545100394,1215.636540319213,1409.6175401261312
2367574749,8002408178,175.2487900083265,175.2487900083265,815.4271364202914,1051.492740049959
2367574751,2367574755,59.790491433873726,59.790491433873726,228.37237892155602,243.49845667468324
2367574751,2367574828,100.95170937556821,100.95170937556821,453.1978038370462,478.7370387338653
2367574753,2367574790,19.367398814315404,19.367398814315404,93.31236320810368,98.21201820868443
2367574753,8377247189,14.790261624519133,14.790261624519133,74.5202032134402,78.26191267185794
2367574753,8377247191,9.89105071782806,9.89105071782806,49.83570461424849,52.33798881747266
2367574754,2367574794,48.34725562810567,48.34725562810567,215.9739764946785,257.82353843037976
2367574754,2367574785,40.73067572016048,40.73067572016048,178.16112242633403,244.38405432096286
2367574754,2367574802,80.92741567865178,80.92741567865178,385.08482799860593,455.1358960631838
2367574755,2367574813,156.60766807956523,156.60766807956523,515.0856150324748,554.704954283555
2367574755,2367574818,138.53073959452956,138.53073959452956,551.2300297143902,586.2761831754727
2367574768,2367574770,75.16508291411355,75.16508291411355,348.1842185320441,367.19983223939374
2367574768,10964030922,135.59515673678948,135.59515673678948,620.0392992823646,744.791973946835
2367574768,2367574792,172.97488775006266,172.97488775006266,835.5075905536245,879.2675854742147
2367574770,2367574808,36.346333197415404,36.346333197415404,168.78854290639245,177.98360802127297
2367574772,2367574815,10.783344388010589,10.783344388010589,55.89540170006752,64.70006632806353
2367574772,2367574804,314.0846437219529,314.0846437219529,1492.4207874923811,1660.3760744011176
2367574772,2367574817,86.56854858634827,86.56854858634827,431.3398243392671,519.4112915180897
2367574781,2367574808,14.696609608791015,14.696609608791015,69.32140076550729,80.89597207062494
2367574781,2367574822,14.262137566560233,14.262137566560233,66.71613703089285,85.57282539936139
2367574781,2367574786,21.00634239829839,21.00634239829839,100.40955326632572,116.95346471399614
2367574785,2367574815,32.50985718477985,32.50985718477985,152.95838173992712,195.05914310867908
2367574786,2367574794,83.18473907539976,83.18473907539976,386.5836440967068,407.62810787268523
2367574786,2367574802,73.96674720414248,73.96674720414248,365.28831653586485,384.000769678906
2367574790,2367574815,135.1130623686953,135.1130623686953,660.7740961922242,733.0251712092551
2367574792,8002408178,194.21122393237792,194.21122393237792,916.270190500494,1085.727572125372
2367574793,2367574810,46.678050468260174,46.678050468260174,186.62901903384025,198.43785023450326
2367574793,8002408176,27.70364662079038,27.70364662079038,114.09290505841476,121.10150296055261
2367574793,2367574818,69.5477084825257,69.5477084825257,302.44312554651805,320.0376296362189
2367574794,2367574822,80.05491572496067,80.05491572496067,363.863727687823,426.9123732631589
2367574804,8044279502,397.55444179653176,397.55444179653176,1695.2406039537782,1795.8157832758297
2367574808,2367574822,20.50706571091803,20.50706571091803,96.72833112616676,112.87902850794745
2367574809,7252057847,75.71807772106182,75.71807772106182,317.8317250367896,336.98723795296615
2367574809,2367574810,162.66938228665225,162.66938228665225,631.711703231675,672.8645632519404
2367574810,2367574818,22.86973702467767,22.86973702467767,96.70690441072158,102.49259728818244
2367574828,11111332270,177.95810667874363,177.95810667874363,833.9822167336604,879.0028896511768
2367574828,12987924215,32.3129977900544,32.3129977900544,151.99077820873617,160.16547129600661
2376737480,8168061668,43.170620543562286,43.170620543562286,200.42259848715253,239.01346524225252
2376737480,7640452829,121.50862618553842,121.50862618553842,559.9823484792355,672.7306078939811
2376737480,8869177728,185.3856892065502,185.3856892065502,878.8637272284813,1026.3849679637833
2376737497,8168061668,89.50620991573184,89.50620991573184,414.21825731909513,537.037259494391
2376737497,8869177729,95.81267235272513,95.81267235272513,479.8587041269584,574.8760341163508
2376737497,8168061714,109.7911466968,109.7911466968,521.7628058892931,658.7468801808
2376751183,8169270272,113.72422414187122,113.72422414187122,510.61571664840204,682.3453448512273
2376751183,8869177764,121.87472739726606,121.87472739726606,589.330718552268,731.2483643835964
2376751183,8168061649,247.77752255198888,247.77752255198888,1132.9378465212726,1486.6651353119332
2380017690,2380017781,17.262317526003656,17.262317526003656,82.8987690900801,103.57390515602194
2380017690,12369322416,562.2349859385035,562.2349859385035,2824.7596892398897,3216.4137313707765
2380017690,14166264366,96.97488513613727,96.97488513613727,467.34944134042735,534.9023448392161
2380017690,2784846003,637.9791914191741,637.9791914191741,3025.484896547971,3827.875148515044
2380017692,2380017696,154.74677731898174,154.74677731898174,738.7120157188729,859.3934146288301
2380017696,8148654288,321.9489658314232,321.9489658314232,1549.9608333916574,1787.9585337778067
2380017696,2380017781,315.58056025892466,315.58056025892466,1514.6164139932087,1752.5912976678792
2380017696,7609471530,37.220766254009014,37.220766254009014,168.06806363534687,177.4843469086125
2380017739,11649065418,228.128273885884,228.128273885884,1150.8785081230296,1305.0680427075515
2380017739,9198650558,157.20243367231956,157.20243367231956,735.9953323568867,943.2146020339173
2380017781,7673048432,115.39633216796729,115.39633216796729,508.0173839120508,595.0361429307444
2380017781,11649065418,556.9884561377165,556.9884561377165,2766.382372712345,3186.399571961737
2399021795,2399021838,12.959167448146658,12.959167448146658,54.088615577856125,77.75500468887995
2399021795,2399038473,80.92472955252238,80.92472955252238,346.0899919252929,485.5483773151343
2399021795,2399021823,12.869825459283827,12.869825459283827,53.71572244950521,77.21895275570296
2399021821,8071647064,196.09869399052997,196.09869399052997,868.6599799395005,1072.5253841128208
2399021821,2399021823,12.545174213453487,12.545174213453487,52.36070203612976,75.27104528072093
2399021821,2399021838,12.592225257208034,12.592225257208034,52.55708238450936,75.5533515432482
2399021823,2399038444,115.75645467462255,115.75645467462255,390.50027561971126,510.84139537776645
2399021838,8071647107,130.76144295333003,130.76144295333003,530.3483608490264,784.5686577199801
2399038433,2399038434,82.38332940108326,82.38332940108326,253.1006651779175,273.94238459178894
2399038433,2399038438,81.98491662137988,81.98491662137988,196.7716842441075,217.51261133232467
2399038433,2399038475,59.797456202602355,59.797456202602355,190.50938964057622,205.6372293734229
2399038433,2399038480,28.812756662197447,28.812756662197447,82.20075457213954,89.48994031225578
2399038434,2399038489,57.819761645664954,57.819761645664954,183.84316217650522,198.47067550422017
2399038434,2399038481,27.963134722007904,27.963134722007904,84.55419275450971,91.62843716834026
2399038436,2399038438,82.78236513176304,82.78236513176304,224.64170800906268,245.58437734563572
2399038438,2399038469,58.9684532911693,58.9684532911693,173.50352314536835,188.421637850118
2399038438,2399038474,30.63995420032159,30.63995420032159,74.87587468217514,82.62731338876107
2399038444,2399038474,83.71871437233787,83.71871437233787,231.89792586664515,253.0774772069843
2399038444,2399038483,82.38596635486822,82.38596635486822,224.00032301011814,244.84270953287304
2399038447,8185629262,183.45415277877132,183.45415277877132,693.7897422876139,740.2008306148404
2399038447,8071647057,229.53243850844922,229.53243850844922,969.6830088298973,1027.7511970732326
2399038447,2399038485,114.5664161568772,114.5664161568772,471.3101886386708,500.29373563966243
2399038449,2399038451,76.28939741968948,76.28939741968948,330.6156625331407,414.27600415005514
2399038450,2399038451,80.36736770212777,80.36736770212777,333.51773534819296,436.4206964767924
2399038451,8071647091,116.40278798348521,116.40278798348521,446.7049888523454,476.1531097741525
2399038454,2399038476,89.46127643761959,89.46127643761959,282.8619320561623,305.4942635663664
2399038454,8071647047,13.523770031881524,13.523770031881524,44.25488160388904,47.676188104503616
2399038454,2399038461,82.12860080014934,82.12860080014934,259.38506607093143,280.16234305371944
2399038461,2399038483,86.86095088753663,86.86095088753663,256.6242528021072,278.5987418107573
2399038461,8071647061,56.4766581004626,56.4766581004626,217.6154994257472,231.90322814611034
2399038469,9608302698,75.30027289306297,75.30027289306297,321.19780402214747,340.2476187217283
2399038473,2399038474,137.81143841096753,137.81143841096753,506.20772992959195,635.2941075868383
2399038474,2399038480,82.15534990436447,82.15534990436447,237.9684152307385,258.752459326833
2399038475,2399038489,83.35587604568185,83.35587604568185,274.51341899815446,295.60117780410906
2399038475,9608302698,6.297062759766795,6.297062759766795,25.375627909089985,26.968688254243656
2399038476,2399038483,80.96329763231977,80.96329763231977,239.48807172062453,259.9705448658818
2399038476,2399038481,83.33223091282626,83.33223091282626,243.07510921595494,264.1568861657735
2399038480,2399038481,81.93021677782647,81.93021677782647,229.7709477132332,250.4980365795721
2399038480,2399038483,87.21719973865974,87.21719973865974,248.17781919079357,270.2424336975341
2399038481,2399038487,152.25113882732606,152.25113882732606,544.5497345133605,583.0669386485918
2399038485,9608302581,268.26448476578344,268.26448476578344,1242.5589070114265,1310.4257092011633
2399038492,8071647050,7.913192138293686,7.913192138293686,33.13745701402902,35.13937331691884
2399038492,8071642695,192.93459028675693,192.93459028675693,786.9736244391487,835.7831181221505
2399038492,8071647104,542.9440095885461,542.9440095885461,1534.5177812728332,1671.8742924450803
2458982112,8167985791,129.10504034284853,129.10504034284853,536.6077424526763,774.6302420570912
2458982112,5269888957,12.058207203981347,12.058207203981347,47.924167328922266,72.34924322388808
2458982112,10154495540,87.36952189816549,87.36952189816549,307.67170442969217,524.2171313889929
2459078139,2459078153,36.07476232944655,36.07476232944655,160.2594560065292,169.385817854956
2459078139,5435914402,41.84671038622425,41.84671038622425,187.71699348687682,198.30356971053402
2459078139,6316672424,141.34239393124005,141.34239393124005,621.2671713611436,741.7655207467214
2459078153,5435914522,51.7026459090944,51.7026459090944,235.35781798446592,281.6453030860082
2459078153,6316672424,152.3772666415762,152.3772666415762,700.154947802278,830.0608352257522
2459094273,2459094324,259.4644463974628,259.4644463974628,1350.1110796443206,1556.7866783847767
2459094273,5435723371,220.98489437560463,220.98489437560463,1134.4024916284682,1325.9093662536277
2459094273,8146911911,59.93631878066386,59.93631878066386,313.73409310581616,359.61791268398315
2459094324,5435723358,58.577787572009356,58.577787572009356,306.12025409417566,351.46672543205614
2488193951,7958755724,8.265809111870455,8.265809111870455,26.667616759599117,28.758739751236316
2488193951,2526412033,87.73332427418691,87.73332427418691,325.8952852189464,348.09047132106036
2488193951,8569716248,79.31252671695714,79.31252671695714,303.36215480184353,323.4270082115951
2491091193,7959990771,129.02091313282392,129.02091313282392,546.4581345004781,774.1254787969435
2491091234,7558081676,38.60270928731137,38.60270928731137,65.72111256164762,75.48700623735058
2491091234,7959990521,97.40648063946576,97.40648063946576,313.09015586951233,398.6596270234972
2491091234,8516154905,122.60794673209931,122.60794673209931,404.7898778539796,501.80273420669613
2491099012,10576642003,75.30272837401144,75.30272837401144,334.89265291693494,353.9430888155536
2491099012,10031001799,573.1543881711948,573.1543881711948,2611.341632886611,3108.6748929656897
2491099012,10031001805,101.56838221693856,101.56838221693856,465.5663547222119,491.2615983943916
2491099022,10556743830,94.0888767686421,94.0888767686421,437.24153205773706,461.04457551124165
2491099022,10031001799,52.799842181709145,52.799842181709145,237.50919368196486,283.3242797841181
2491099022,12987924174,59.34821535904355,59.34821535904355,275.5491741534451,318.4628907640695
2491099046,10576642003,221.047468085817,221.047468085817,941.7977813951355,997.7194021949223
2491099046,9666019852,36.0410321238629,36.0410321238629,159.1646045039074,168.28243312740074
2491099065,7962005353,74.52061980813401,74.52061980813401,330.068439177428,396.10188472803094
2491099065,10031001805,119.40943252848548,119.40943252848548,540.5482566647394,646.3581154850158
2525914418,7965696306,313.75943688533033,313.75943688533033,1258.7427744708948,1338.119102115798
2525914418,2525914420,157.13406605507097,157.13406605507097,607.9928400523625,647.7453499216404
2525914420,2526412027,15.985111303849486,15.985111303849486,63.94282561394514,67.98681372435956
2525914420,2750667702,161.69588124916848,161.69588124916848,671.213649919196,817.2424940576702
2525989760,2530035744,123.34415980374844,123.34415980374844,458.12323817102987,489.3274197531309
2525989760,2526412027,85.2401334703063,85.2401334703063,332.32212211696185,353.8865691659508
2525989776,2750252825,135.34672678514627,135.34672678514627,538.5156015729984,572.7562486037659
2525989776,7975286488,148.03518806401627,148.03518806401627,504.7975769093834,542.2482101314167
2525990691,2525990704,66.74223107146535,66.74223107146535,281.1600560087079,298.04481732097605
2526007320,2750667615,206.9748963904147,206.9748963904147,907.7704693998879,1094.6911544048326
2526007320,9867711844,136.44242413899855,136.44242413899855,618.2951023870031,721.6445926310477
2526412027,7966386945,32.81396173400193,32.81396173400193,135.71625055096183,144.01767983634576
2526412031,5834798806,29.08542684890068,29.08542684890068,125.23329624312059,132.59146336047797
2526412031,2526412033,30.96258975788539,30.96258975788539,129.2707496023953,137.10381015908817
2526412031,2530035744,65.38456756896053,65.38456756896053,259.0244595653246,275.56575282424546
2526412033,7959590868,167.2100539130901,167.2100539130901,669.0569405172959,711.3585208512065
2526412039,7966386945,76.35786105923127,76.35786105923127,316.5873228959174,335.90469118886426
2526412039,2526412040,91.57194424579873,91.57194424579873,388.93854879171494,412.10484690115413
2526412039,7959590802,92.60600623894794,92.60600623894794,423.04957249112306,446.4774724328073
2526412040,7959590803,92.1852559964724,92.1852559964724,389.75005390346666,413.07151048384526
2526412040,5834798806,75.79417614893464,75.79417614893464,333.25686223708135,352.4316268889318
2530205713,7959990817,149.44836948421138,149.44836948421138,698.9123086288398,827.977546785457
2530244795,7979256831,100.21087875973524,100.21087875973524,182.13327214581878,207.48508825365903
2530244795,7967774255,93.56066714011656,93.56066714011656,225.39443184265275,249.0638463575181
2530244798,7979256832,101.12761717137987,101.12761717137987,183.7994442089829,209.3831810815011
2530244798,7979256831,100.1462635286181,100.1462635286181,182.0158339632634,207.35130340817324
2530277082,12098191743,152.78002023209703,152.78002023209703,591.4895275734616,630.1405305964239
2530277082,7977056117,122.40733312717988,122.40733312717988,449.9215862146952,480.88876500904274
2530277082,7979256647,67.23642063134358,67.23642063134358,270.85017662775977,287.8599603228222
2530284924,7973099528,396.6337606374351,396.6337606374351,925.8320247310636,1026.1742858337739
2530284952,2530284961,59.23777944866144,59.23777944866144,107.66466414794216,122.65091424180603
2530284953,7973099504,43.175994505786925,43.175994505786925,153.02752721274985,163.95039194092183
2530284953,7973099506,213.60565852213062,213.60565852213062,667.1253473148065,721.164304376852
2530284958,7973099532,44.1999334124566,44.1999334124566,126.39347934189105,137.57538491661415
2530284958,7973099533,40.22389635234502,40.22389635234502,123.66165512779816,133.83768427838987
2530284958,8298792564,255.09121937818463,255.09121937818463,715.1047294423141,779.6388974332542
2530284961,7979256647,70.30466766867265,70.30466766867265,198.57813880400073,216.36414196372115
2530284961,2530284962,76.05465823814312,76.05465823814312,144.76117558815722,164.0018382154244
2530287119,8869177732,8.728965146551257,8.728965146551257,46.19699861090357,52.37379087930754
2530287119,8167985854,49.28832461197153,49.28832461197153,259.02165802985434,295.7299476718292
2530287119,8167985792,14.032552795931263,14.032552795931263,72.58281953257614,84.19531677558757
2530287119,8167985843,51.26124154564986,51.26124154564986,266.04353614982006,307.5674492738992
2530287123,8289756746,14.277094084670454,14.277094084670454,53.40199923936265,85.66256450802273
2530287123,9222802792,88.7170761831024,88.7170761831024,382.6265820953833,494.1556310261846
2530287123,10050110834,10.569234965983755,10.569234965983755,39.52584616766835,63.415409795902534
2530287134,8869177733,13.952306479811707,13.952306479811707,67.03598535680997,83.71383887887023
2530287134,7656321494,554.0922970598808,554.0922970598808,2673.066969646609,3324.553782359285
2530287134,8869177775,14.142165433024676,14.142165433024676,67.94466057131625,84.85299259814806
2530287138,7899265503,203.10641657769102,203.10641657769102,665.8182926978898,1218.6384994661462
2530742232,2530742237,121.3626353971513,121.3626353971513,379.008695229155,489.7276442504733
2530742232,4146327962,19.348017449836195,19.348017449836195,91.53488112691238,116.08810469901718
2530742237,2530742241,279.0306081532654,279.0306081532654,612.0661474739571,682.6566138376023
2530742237,13072634342,76.81675171682028,76.81675171682028,195.58342735967005,215.01688795425906
2530742246,2530742259,47.564512267712495,47.564512267712495,148.6047694416557,160.63786188824812
2530742246,13017481563,131.2090431161483,131.2090431161483,542.2749627329165,575.4688392255237
2530742246,8076307471,78.59041171134174,78.59041171134174,275.35406457657666,295.2362339598267
2530742259,2530742276,323.522717200442,323.522717200442,1185.7392221546488,1473.0630181152117
2530742259,13072634342,165.19899367450915,165.19899367450915,506.17956348538524,547.9723764081994
2530742276,6413071010,322.58383882727236,322.58383882727236,1468.8598044017835,1935.5030329636343
2653610227,7724575156,32.94967925834639,32.94967925834639,143.79636291885518,197.69807555007836
2653610227,7724575160,28.106564077501652,28.106564077501652,122.70180480163054,168.63938446500993
2653614515,6033482425,126.33750992007096,126.33750992007096,544.4422508235353,576.4037040974389
2653614515,2653614555,66.42609821644785,66.42609821644785,295.05311312421605,311.857897670436
2653614515,7950517395,438.2470864947632,438.2470864947632,1972.2239551376038,2358.063017124475
2653614528,2657830319,68.48954805928526,68.48954805928526,292.2959806526782,309.62278637674643
2653614528,2653614550,99.49161287597518,99.49161287597518,450.30640394630495,538.903496385689
2653614537,2657406464,85.5222854359576,85.5222854359576,403.2484288875407,471.44912909078386
2653614537,2657406467,567.9327834749294,567.9327834749294,2211.1709921896813,2664.0753235451875
2653614544,2653614555,236.11000287192377,236.11000287192377,1092.741838752343,1152.4740499465206
2653614544,2784878498,143.56665168793626,143.56665168793626,639.9016753396583,676.2218373605638
2653614544,2657406464,44.894386018207065,44.894386018207065,216.68514243553378,228.04273387365308
2653614555,7993875250,437.0643501655524,437.0643501655524,1937.8232336580854,2322.6209975053835
2657406464,2657406468,250.79198468216745,250.79198468216745,1117.570165530148,1181.0166930496457
2657406918,2657406925,134.60986420722332,134.60986420722332,649.5919524292583,807.65918524334
2657406918,6052448234,115.0300156078328,115.0300156078328,550.3004991456789,690.1800936469967
2657406918,2657406926,11.491139085135122,11.491139085135122,54.17679619568887,68.94683451081073
2657406921,2657406924,51.05061749961907,51.05061749961907,236.1412932255198,306.3037049977144
2657406921,2657830327,493.2772022730804,493.2772022730804,2118.8089432787165,2959.6632136384824
2657406924,2657406926,23.345981767734227,23.345981767734227,108.96954021925393,140.07589060640535
2657406924,2784308454,126.02457985995915,126.02457985995915,587.5067771321363,687.4059390194661
2657406925,2880459819,240.03749744130994,240.03749744130994,1064.474474126668,1228.0879224343184
2657406925,6052448230,22.513497843007983,22.513497843007983,109.14515009132563,135.0809870580479
2657406926,2784261075,109.89102927810553,109.89102927810553,496.5280085240046,583.6381717637294
2657830319,2784308454,178.7445903608522,178.7445903608522,769.6227819072992,814.8424231397072
2657830324,2880459808,137.88193377350413,137.88193377350413,518.8761623292731,670.1188299222848
2657830324,2657830327,64.51287256512036,64.51287256512036,260.1888160196908,387.0772353907222
2657830324,2880459819,27.738203837440988,27.738203837440988,111.48910130522061,141.91513195187994
2750252775,7961465962,38.73241389570736,38.73241389570736,180.89125570189216,190.68996265516628
2750252775,7961542916,231.18197366662048,231.18197366662048,990.1180877293715,1048.6035830805872
2750252825,7961542917,201.5081478108865,201.5081478108865,895.9992295914196,1062.4716562676058
2750593251,2750593322,413.2139936564376,413.2139936564376,1778.7826370628459,1883.3194429467737
2750593251,2750593369,31.632060445856702,31.632060445856702,152.3340840648487,160.3365104427088
2750593251,4848290306,113.18201590991701,113.18201590991701,550.0725330432681,578.7058480044356
2750593322,8076307465,13.659541654784098,13.659541654784098,52.85174470354899,56.30739934339845
2750593369,5271707993,109.86246231595366,109.86246231595366,509.79600697888435,612.1717622968299
2750593461,10576642003,14.307534991769067,14.307534991769067,63.188077909853014,66.80766493031493
2750667615,2750667702,16.159987832261443,16.159987832261443,71.85972755936884,96.95992699356866
2750667615,7959590809,237.50096475753494,237.50096475753494,979.2630733193121,1193.7520949157959
2750667615,2750667738,18.420677804737785,18.420677804737785,80.26548646877275,110.52406682842671
2750667702,7959590814,19.77401555908991,19.77401555908991,90.06464480688985,107.92271647675778
2750667702,7959590802,98.28584885969819,98.28584885969819,462.83215743967185,551.5948939625251
2750667738,7959590814,47.186701018281624,47.186701018281624,210.7021168997627,257.5358019847703
2750670857,9732895743,86.05003747049703,86.05003747049703,384.00671545458596,516.3002248229822
2750670857,7961465892,5.012354260819084,5.012354260819084,22.18804668708603,30.074125564914503
2750670857,7958753235,122.02590762234398,122.02590762234398,531.255105847244,642.6838555872563
2750787454,7961542786,32.017518349653805,32.017518349653805,151.64113431840497,173.44518415701276
2750787454,7961542792,47.5306740278601,47.5306740278601,207.02140927375427,219.04594116439935
2750787454,7961465962,127.21399134259462,127.21399134259462,575.5058307562358,607.6890203937035
2750787479,2750787508,83.24163802027392,83.24163802027392,374.65357610001865,462.9059453041113
2750787479,7965696210,128.9024260463164,128.9024260463164,603.6914970230781,716.8251466463278
2750787481,5269888287,68.80605084971849,68.80605084971849,335.47886179062226,412.83630509831096
2750787508,7958753244,80.53189400800663,80.53189400800663,344.0077572528168,483.19136404803976
2750787508,5269888994,321.7211138825246,321.7211138825246,1319.7202311961878,1930.3266832951476
2750787528,7961542788,146.8873186343935,146.8873186343935,688.3949637997258,725.555203652738
2750787528,7961542786,51.80202522039413,51.80202522039413,249.39570682198539,284.67307989354646
2750787528,7961542798,49.43768444503768,49.43768444503768,219.1938820724187,231.70085836441405
2751394425,7962005463,9.82880349087886,9.82880349087886,47.142078869391455,58.972820945273156
2751394425,7962005431,103.24594630516421,103.24594630516421,462.1078687277706,530.2953047541015
2751394425,7962005411,117.70291381068492,117.70291381068492,544.689533016289,622.4248843089853
2751405348,6155402638,7.70407692229828,7.70407692229828,34.662170506343664,40.15814448083431
2751405348,8060848736,87.69071644530442,87.69071644530442,432.799837509794,495.3570913182175
2751405348,13017481562,59.966130470905206,59.966130470905206,260.2845568311313,303.0635030621987
2751405375,7959602911,105.62462731255297,105.62462731255297,496.5291533167377,523.2505648164533
2751405375,7959990588,115.81224755558154,115.81224755558154,524.852350638654,630.2526980146281
2751405375,2751405381,83.60505406222933,83.60505406222933,371.5888414632975,392.7396384875754
2751405381,6496420791,57.16191395736477,57.16191395736477,248.1933152671676,300.4165792838772
2751405381,7959932878,70.98547831721245,70.98547831721245,308.2251463433605,326.1833841604322
2751405416,7959602907,105.62517670220312,105.62517670220312,482.8373194143714,633.7510602132187
2751405416,7959932876,127.19824843621736,127.19824843621736,572.2428858228328,669.0260404824759
2751405416,7959990594,111.00728784981226,111.00728784981226,536.5730837332096,666.0437270988735
2784308457,14107091604,168.92927627775074,168.92927627775074,793.6023252852694,1013.5756576665044
2784308457,2784308459,8.944540245015222,8.944540245015222,44.284762253537814,50.0340328699492
2784308457,14166264381,110.59907441590659,110.59907441590659,542.4803429435536,613.5699675998948
2784308459,2784845951,193.06300217257407,193.06300217257407,958.7342011843997,1007.5761811059774
2784308459,2784308499,97.70724804966154,97.70724804966154,471.95492770315514,496.6733636216458
2784308483,2784308499,126.10630335940684,126.10630335940684,605.4526325262491,637.3555940846677
2784308483,2784845946,19.610979548601136,19.610979548601136,95.62893396085131,100.5902111531487
2784308483,2784308485,97.7523158812023,97.7523158812023,452.2086818220827,476.93851921106983
2784308485,2784308486,9.82330572806086,9.82330572806086,44.02816458920637,52.20508097964358
2784308486,5435820812,611.7428249683144,611.7428249683144,3026.768221228237,3670.4569498098863
2784308499,2784845984,19.299580958661405,19.299580958661405,93.72571789191336,98.60821601465165
2784845946,2784845984,125.80220865093783,125.80220865093783,620.396972249555,652.2230025084594
2784845946,2784845970,273.5933132795177,273.5933132795177,1250.9582878354865,1320.1732019490228
2784845946,2784845982,201.57010604687136,201.57010604687136,964.9408281292932,1121.6651056148498
2784845951,2784846055,82.4413538912481,82.4413538912481,395.35191867127105,463.74013609519704
2784845970,2784845978,25.95878380863305,25.95878380863305,114.78967930382522,121.35685366298345
2784845970,2784846055,344.90156076713725,344.90156076713725,1528.3051884500378,1814.4140623861606
2784845970,2784846003,14.33310517127782,14.33310517127782,63.733350584418325,75.40176832654156
2784845982,2784846055,21.46293547009905,21.46293547009905,99.71528356031017,128.7776128205943
2784845982,2784845984,156.71567148137788,156.71567148137788,758.8727468457606,880.7219181602389
2784870892,2784870927,65.49925756529085,65.49925756529085,301.20960425805737,317.77991232786866
2784870892,2784870978,27.332591243300165,27.332591243300165,128.0473532825015,134.96207986235987
2784870892,2784871136,89.17154823490426,89.17154823490426,417.45070209164084,440.00973680804964
2784870919,2784870973,187.29795459830183,187.29795459830183,821.5851565756718,868.9686678383098
2784870919,2784870955,102.7589589366842,102.7589589366842,472.5278212234401,498.52426255434546
2784870927,2784870934,126.45150022214334,126.45150022214334,569.3863784545267,675.4657333710777
2784870927,7953723960,131.07512833929385,131.07512833929385,612.0873320324351,700.1637587128072
2784870934,5836885684,90.62730333504477,90.62730333504477,439.0915397032452,515.1182049363133
2784870955,6413071010,74.14828722424427,74.14828722424427,355.9983850760363,416.166327653306
2784870955,2784871064,30.907724490321566,30.907724490321566,149.99939038424031,157.81857086931618
2784870973,2784871064,98.13340808228848,98.13340808228848,455.4607315040902,480.2869793778635
2784870978,7609471564,60.126621112529584,60.126621112529584,275.04870802577494,290.25982143478245
2784870978,13664196096,189.36287425917394,189.36287425917394,868.97086758085,1027.826171877505
2784871112,2784871136,180.25402522073676,180.25402522073676,866.0747032541606,911.6762083666998
2784871112,12988998011,22.716855740062016,22.716855740062016,109.70574843935735,115.45276469545858
2784871136,7609471566,149.42494495255258,149.42494495255258,709.9817245204628,810.5496139440868
2784878466,7950517485,190.72905323814422,190.72905323814422,721.9404667308556,770.1919933511246
2784878498,7950517485,19.598495131423896,19.598495131423896,77.19010956366348,82.14822838979933
2784878498,2784878506,268.48692364093,268.48692364093,1239.5841998796318,1380.8845630634207
2843245410,9731824018,166.85963536414846,166.85963536414846,778.8377568888767,901.1208140633128
2843245410,8146989209,639.226244982469,639.226244982469,3012.39595435748,3452.123534803079
2843245410,7626252440,112.6770336753162,112.6770336753162,528.4659193641342,608.5091825242969
2868134337,7959990871,80.58138323040667,80.58138323040667,263.88015264211793,483.48829938244
2868134337,7959990870,38.389527079749435,38.389527079749435,161.730190127808,230.33716247849662
2868134337,7959990859,38.79988640694237,38.79988640694237,147.4917112246311,232.79931844165424
2868134374,7965680850,125.0107146625985,125.0107146625985,396.1323481531783,427.75814256652194
2868296608,2868296617,101.70536398182591,101.70536398182591,305.75530764254,331.4852056013255
2868296608,2868296660,49.34744223461692,49.34744223461692,143.5163450153034,156.00049141146243
2868296608,2868296646,108.17601998296867,108.17601998296867,334.1551134396348,361.5219881724826
2868296617,13159009111,3.670816376652679,3.670816376652679,10.818475023666355,11.747135293871866
2868296617,2868296646,66.66623687934127,66.66623687934127,209.49479790130786,226.36033384794865
2868296646,9669373592,137.38721422029477,137.38721422029477,499.122355188219,651.087368519546
2868303193,8869448109,72.81577508835178,72.81577508835178,355.85146575673554,436.8946505301107
2868303193,9577362648,6.817032478745048,6.817032478745048,33.06519552658982,40.90219487247029
2868303193,2868303194,168.46146957759203,168.46146957759203,797.556925216099,1010.7688174655522
2868303194,2868303200,117.47763469255412,117.47763469255412,560.6671684860468,704.8658081553247
2868303194,8167985759,110.42775385820093,110.42775385820093,530.250344828256,662.5665231492055
2868303197,2868303200,78.82361895631169,78.82361895631169,386.50462681733984,472.94171373787015
2868303200,2868304402,69.96845952501616,69.96845952501616,340.83846706596574,419.81075715009695
2880454742,6052448230,27.237664595028303,27.237664595028303,130.91026841503958,163.4259875701698
2880454742,2880454750,26.06019294826689,26.06019294826689,122.5617907597303,156.36115768960136
2880454742,2880454744,20.07277009458193,20.07277009458193,96.2339736049101,120.43662056749159
2880454742,6052448234,26.50752850745065,26.50752850745065,127.40107213755316,159.04517104470392
2880454744,2880454748,100.0238216637232,100.0238216637232,471.4691684946309,600.1429299823392
2880454744,2880454750,25.713803842058876,25.713803842058876,120.62498492862673,154.28282305235325
2880454748,2880459802,40.60404889867889,40.60404889867889,177.3981962710912,243.62429339207335
2880454748,2880459696,57.113047268483484,57.113047268483484,228.7590413953296,274.68176707071603
2880454748,2880459814,130.16405524138565,130.16405524138565,420.5828640754686,525.2435062146692
2880454750,12980712833,69.80937648656891,69.80937648656891,330.413380724261,418.85625891941345
2880459689,2880459814,30.70853259234964,30.70853259234964,84.62422440542129,92.39301239389341
2880459689,2880459806,26.752900838417222,26.752900838417222,94.58553511963994,101.35360891363358
2880459689,2880459802,74.19639210234843,74.19639210234843,288.8856044376174,369.0132199747927
2880459700,2880459806,211.08579078908983,211.08579078908983,548.253329217789,601.6547983725854
2880459700,2880459803,122.47352395316834,122.47352395316834,222.59562978488344,253.57955384351024
2880459802,2880459806,65.55615638523558,65.55615638523558,244.85904833738306,315.6557319238999
2880459803,8025306506,20.599674310963117,20.599674310963117,37.43990806017546,42.651309870801775
2880459803,2880459819,149.26310207494458,149.26310207494458,432.63780547810654,470.3990821211593
2880459808,7992170611,104.83741857880074,104.83741857880074,277.0170772856946,303.53933704356774
2880459808,8025306528,133.8823975282968,133.8823975282968,353.7640564414833,387.634250618225
3082227644,7950517551,182.71342849468277,182.71342849468277,798.9719772016596,845.1956736402085
3082227644,7950517401,26.017327926511353,26.017327926511353,121.76852808839064,137.84829121637583
3084586665,3084586845,110.2187662282986,110.2187662282986,528.679093416563,661.3125973697917
3084586665,8882319634,555.5556966441105,555.5556966441105,2775.9896532942807,3333.3341798646634
3084586705,5435723099,115.6473660132991,115.6473660132991,537.1888308899331,693.8841960797946
3084586705,8882319490,550.8694524844639,550.8694524844639,2597.053318327724,3305.216714906783
3084645114,3414036535,10.768393397678702,10.768393397678702,53.8226374363018,64.61036038607222
3084645114,10815767721,27.276385216639916,27.276385216639916,135.55393174309654,163.6583112998395
3084645114,10815767724,25.357233837081605,25.357233837081605,124.0402273745114,139.94909846610292
3084645119,10815767724,138.98055683872212,138.98055683872212,683.6196135957879,767.0475320321724
3084645119,8169270312,283.4000550477694,283.4000550477694,1365.362821083635,1700.4003302866163
3084645119,10050110836,7.352694197796302,7.352694197796302,37.1488626885345,44.116165186777806
3085769133,7961542813,173.78805811337196,173.78805811337196,823.7349932660259,867.7007078227488
3372801276,5269889012,64.84003976046264,64.84003976046264,301.2763438208591,317.679879891763
3379374435,5269889012,110.51708879420332,110.51708879420332,505.78593648069653,533.7450657345383
3414036535,3414036538,182.2681211144331,182.2681211144331,912.3812895282364,1093.6087266865984
3414036535,9608397713,82.2367744769977,82.2367744769977,396.60809534866723,493.42064686198614
3635737703,7702665402,22.16696648467986,22.16696648467986,109.87758995201226,133.00179890807917
3635737703,7626252390,421.0140665913429,421.0140665913429,2112.3528308837294,2526.0843995480573
3635737703,13457568222,134.34482620625823,134.34482620625823,670.1163853423684,745.1711794962573
3635737709,7702665417,37.42872103483907,37.42872103483907,175.15346270364648,224.57232620903443
3653137211,9222802792,245.12649730836796,245.12649730836796,1017.3805803890643,1079.3938264540984
3679099081,3679099106,202.86332436299477,202.86332436299477,810.1351842648394,1217.1799461779688
3679099081,8167985663,174.8536503324493,174.8536503324493,685.1255869438924,1049.1219019946957
3679099081,7710972529,77.27625420312951,77.27625420312951,335.8949924819097,463.6575252187771
3687651958,7975286522,19.201436079997627,19.201436079997627,67.30601629361587,72.16368526659909
3687651958,7975286536,34.25673334920143,34.25673334920143,117.94210345698414,126.60853184353196
3687651958,3687652015,9.687019787930002,9.687019787930002,33.95551816888253,36.406185674607336
3687651958,7975286544,41.95817665165988,41.95817665165988,140.1657514147889,150.78052689483948
3687652014,3687652015,18.57722792372685,18.57722792372685,65.11800472190147,69.81775860036954
3687652014,7967774249,39.294519314857496,39.294519314857496,130.9912247549323,140.93213576225608
3687652014,7975286312,53.12530627159356,53.12530627159356,171.83768206356538,185.27757014696664
3687652014,7975286522,9.547053535099264,9.547053535099264,33.46490013102673,35.880158320447904
3687652015,7975286318,34.93679133571389,34.93679133571389,122.46116462001457,131.29963725195884
3687652015,7975286323,51.679617537817556,51.679617537817556,177.33342599751322,190.40757699346972
3969348270,6020564601,51.488466361329365,51.488466361329365,161.93766276467602,207.76843922915867
4127126135,13290568739,90.64325124115844,90.64325124115844,268.9359770855113,291.8673301015068
4127126135,7977050923,131.78559072298577,131.78559072298577,388.4085913995886,421.7483255983336
4127126135,8298792591,82.19297052621178,82.19297052621178,240.20888430681646,261.00244584351964
4138689909,9660848465,198.49749063545056,198.49749063545056,784.0857805311475,925.0464092648531
4146327962,12089221659,84.47983362223309,84.47983362223309,396.91925386017704,448.42801455470624
4146327962,13072634358,156.02913427518277,156.02913427518277,562.5471200738426,657.6806802876715
4397491510,7959990733,340.731393961382,340.731393961382,1326.0344076295398,2044.388363768292
4397491510,4397491519,256.49812241422643,256.49812241422643,953.718359000731,1538.9887344853587
4397491519,4397491540,289.09526963245617,289.09526963245617,1284.2750819847963,1734.571617794737
4397491519,8109971632,169.69148988806856,169.69148988806856,748.0984698667926,1018.1489393284114
4397491532,4397491540,310.7324817586545,310.7324817586545,1062.3173114988067,1864.394890551927
4397491532,4397491547,316.06345652668205,316.06345652668205,1046.4334362724342,1896.3807391600922
4397491532,7959990682,344.9379051374853,344.9379051374853,1296.1495741861024,2069.6274308249117
4397491547,6033481369,194.29343516816598,194.29343516816598,801.3980154856165,1165.760611008996
4397491547,10875282430,25.100620661426525,25.100620661426525,99.41187169202531,150.60372396855917
4848290286,4848290289,83.49028769323404,83.49028769323404,397.7471807878999,418.8689436801739
4848290289,4848290296,131.27965909628523,131.27965909628523,600.2455242653973,633.4572655184462
4848290289,4848290306,24.844150708685614,24.844150708685614,119.98177075567139,126.26696002770818
4848290296,4848290300,65.99214254439319,65.99214254439319,305.18028082451116,321.8752812381793
4848290296,4848290306,110.66242836252815,110.66242836252815,522.6308396925085,550.6267376291016
4848304353,7959603096,49.67428617746896,49.67428617746896,239.1799896389716,298.04571706481374
4848304353,7959603272,34.573779367205745,34.573779367205745,171.7842457472493,207.44267620323447
4848304358,4848304360,57.14891200113735,57.14891200113735,258.5334883349882,310.29197049688963
4848304358,7959603270,42.19618113319604,42.19618113319604,197.0104969081391,253.17708679917627
4848304358,7959602886,126.79451136951484,126.79451136951484,587.4819570526629,702.3168896024803
4848304360,5834799299,66.52597590955881,66.52597590955881,313.7811126042136,361.2050594033146
4848304360,7959603270,38.567882675369624,38.567882675369624,183.2415902402661,209.40563685613344
4848304365,7959603154,105.5731729686939,105.5731729686939,491.8892320054281,633.4390378121634
4848304365,7959603100,46.363049798356215,46.363049798356215,213.16635370702238,251.7376127353754
4848304365,7959603271,26.4187723866072,26.4187723866072,125.295136938582,158.51263431964318
4981907888,4981907891,87.23678106267882,87.23678106267882,367.5628316773121,389.6323999588506
5140366337,7961467136,122.46756371970986,122.46756371970986,604.955715937713,734.8053823182591
5140366337,7961511682,97.55810596839099,97.55810596839099,462.9548395705755,585.348635810346
5140366337,7961542903,106.84023381613689,106.84023381613689,505.0594008486366,641.0414028968213
5192594785,6316672407,123.33039220860134,123.33039220860134,589.1870282795458,739.9823532516081
5192661986,5832657781,15.75359463984821,15.75359463984821,72.61454121047602,94.52156783908926
5192661986,5832657777,156.39291255241326,156.39291255241326,748.976484990873,938.3574753144796
5192662017,5832657762,25.26748537860189,25.26748537860189,118.47531846832437,140.16475997552016
5192662017,5832657778,40.47555773160323,40.47555773160323,194.15016119719877,204.38985681881002
5269888287,7959603010,261.5050994952466,261.5050994952466,1308.2549582863735,1569.0305969714796
5269888956,5269888957,103.54752687672392,103.54752687672392,377.40247283391017,621.2851612603436
5269888957,7726383871,128.73888607307288,128.73888607307288,534.7708022713342,772.4333164384373
5269888957,8167985726,174.12744134283923,174.12744134283923,648.0295604477279,1044.7646480570354
5269888970,8167985804,65.93492380737096,65.93492380737096,290.12351700785945,395.60954284422576
5269888970,8869177731,42.49004496120783,42.49004496120783,200.0928273921709,254.94026976724697
5269888970,8167985791,156.10994647451523,156.10994647451523,679.0326868296086,936.6596788470913
5269889123,5836889226,88.31922309775635,88.31922309775635,423.31569000350765,493.1824054396764
5271707993,7965680795,74.23333089099702,74.23333089099702,340.2420069605652,409.41662001335504
5271707996,9732895760,43.7765824389074,43.7765824389074,211.40106869113418,222.47587295945894
5271707996,7965680795,39.13883334355549,39.13883334355549,186.81666622820964,196.71819107143764
5271707997,5832657778,67.29614844759098,67.29614844759098,309.7203503244981,326.7452442414522
5271707997,5832657777,93.67269247115313,93.67269247115313,441.2677338366405,501.41690250080916
5274731030,7973099509,58.192113473426694,58.192113473426694,195.11245568008144,209.83416831212008
5274731030,7973099523,50.714125261766384,50.714125261766384,157.25252831090228,170.08242456187568
5274731030,7973099507,169.76782120214742,169.76782120214742,545.5882876921172,588.5369439399543
5274731030,7973099511,134.20667929060548,134.20667929060548,410.55632199022006,444.508554481633
5374861327,7958755764,142.28938158046103,142.28938158046103,620.6860106310219,763.1721208672184
5374861327,13017481549,38.55063666402418,38.55063666402418,167.51735520143566,231.3038199841451
5374861327,5834798803,80.07927165068382,80.07927165068382,362.9239903280403,443.1139792176996
5435020958,6033481369,132.04858598576814,132.04858598576814,602.0661772308864,732.7018486650267
5435020958,7959932880,611.9195398982331,611.9195398982331,2972.022733616417,3395.3758366334223
5435723358,8146911911,181.1447640560243,181.1447640560243,952.2562969732072,1086.8685843361457
5435723358,5435723374,14.83827376112008,14.83827376112008,78.38974637976601,89.02964256672048
5435723365,6316672407,20.07029967674189,20.07029967674189,91.26458896154747,120.42179806045134
5435723365,5435914354,149.70071435464746,149.70071435464746,719.8147236928424,898.2042861278848
5435723365,5435914359,154.7012349224866,154.7012349224866,709.7398740037473,928.2074095349196
5435723371,8146911905,84.50278831477503,84.50278831477503,412.3193230698266,507.01672988865016
5435723371,6316672407,16.174075330641838,16.174075330641838,77.44096260998731,97.04445198385102
5435820744,8882319634,176.0582854273495,176.0582854273495,886.9248682900688,1056.349712564097
5435820782,7637610188,15.754823305897524,15.754823305897524,73.35041525154027,94.52893983538515
5435820782,7637610201,20.28964256331166,20.28964256331166,94.46337025989598,121.73785537986996
5435820782,14166264352,238.10032965434615,238.10032965434615,1038.8460460968377,1228.9978778387676
5435820799,5435820809,29.80717257109114,29.80717257109114,145.17736514006518,178.84303542654683
5435914326,5435914337,67.12195319899273,67.12195319899273,321.60465666804504,402.73171919395634
5435914326,10727765867,157.639483146371,157.639483146371,723.3446339052069,865.9660487536726
5435914331,5435914335,301.3611889489244,301.3611889489244,1516.5486726195036,1808.1671336935465
5435914335,5435914337,512.9482675683718,512.9482675683718,2638.443052954286,3077.689605410231
5435914337,5435914340,116.97951024979103,116.97951024979103,565.322617144397,701.8770614987462
5435914354,5435914359,9.799901174428566,9.799901174428566,47.51896326084105,58.799407046571396
5435914354,7701169497,78.71423217422877,78.71423217422877,398.69912684027474,472.28539304537264
5435914354,8146911905,86.15682198809536,86.15682198809536,422.1466978984506,516.9409319285721
5435914359,7626252415,140.0177357663655,140.0177357663655,670.678931672766,840.1064145981929
5435914370,5435914393,152.68736338363485,152.68736338363485,730.1610998614848,916.124180301809
5435914370,5435914387,117.72681556866641,117.72681556866641,533.1727338721719,641.9985719076705
5435914370,5435914390,209.90141782968712,209.90141782968712,974.1851669322056,1259.4085069781227
5435914382,5435914393,134.76961234744155,134.76961234744155,606.2276294932873,808.6176740846493
5435914382,5435914387,157.3816783521904,157.3816783521904,668.098327711649,858.2480742257549
5435914387,6316672424,53.6871470283193,53.6871470283193,247.00183383124204,292.771630282266
5435914390,5435914402,19.64607332960093,19.64607332960093,94.36733052372718,107.87274855478422
5435914402,5435914522,36.54272610501445,36.54272610501445,167.9336020756937,200.64896625898152
5435914417,7701169497,14.138934496469014,14.138934496469014,67.32451484105957,84.83360697881409
5619242023,8044291635,17.463710325062824,17.463710325062824,70.02810371036685,74.44615470643771
5619242023,8044291662,103.37814278888244,103.37814278888244,373.51166454661075,399.66474990012273
5619242023,7893947019,228.88801072333712,228.88801072333712,810.8761779453787,868.781335838066
5619242023,8044291626,228.11500397501334,228.11500397501334,852.5416556074423,910.251254642886
5624710429,8168044516,39.62880746687621,39.62880746687621,173.2249957173643,237.77284480125726
5624710429,8168061764,29.08030330348139,29.08030330348139,143.0854749285452,174.48181982088835
5624710429,8168044501,161.97999521022882,161.97999521022882,803.3329583914419,971.8799712613729
5827543926,8044291611,200.99058972165392,200.99058972165392,860.2218670853309,911.069405128048
5827543926,8791690468,84.72049939206134,84.72049939206134,391.51645265859145,412.9494402517003
5827543955,5827543963,42.890881696368936,42.890881696368936,171.5113858975359,182.36212145566353
5827543955,8044291635,188.52461436216618,188.52461436216618,728.7491752058393,776.443012584217
5827543963,8002408185,743.9518720157417,743.9518720157417,3437.7970907184995,3626.0055096631786
5827543980,7992170585,275.8340286064449,275.8340286064449,1072.012809378783,1343.7729999426826
5827543980,8434694177,92.85993974807052,92.85993974807052,392.04069388245114,557.1596384884231
5827543980,7992170518,95.48741599255476,95.48741599255476,415.5640184312977,509.64116510421815
5827544489,5827544491,183.16013559173203,183.16013559173203,827.0166748519007,969.5379881261448
5827544489,5827544502,114.30881453499205,114.30881453499205,459.40367700656844,488.3220547462189
5827544489,8044291611,126.28501557927734,126.28501557927734,524.9451230958215,556.8932961062349
5827544491,8791690458,68.5597086419709,68.5597086419709,316.2473439692008,369.59530465827504
5827544491,5827544497,113.86900317346522,113.86900317346522,494.3229449502703,582.9271590773312
5827544497,8791690466,97.02971296853701,97.02971296853701,378.0827011967239,402.62973112620557
5827544502,5827544504,88.14734637306864,88.14734637306864,328.89266310177277,351.1925904480045
5827544502,5827544503,105.13315683591154,105.13315683591154,330.69271051980684,357.28978752310405
5827544503,7893947019,69.74263322556051,69.74263322556051,200.66394433855757,218.30776140007788
5827544503,8044291611,117.44471043673941,117.44471043673941,385.6090214955523,415.3207328255113
5827544504,5827544505,96.1284402930688,96.1284402930688,357.7520022522643,382.0710240112331
5827544562,8791690465,120.6785436298448,120.6785436298448,353.4806991264794,384.0105206800958
5827544562,8791690456,96.93335877085744,96.93335877085744,176.17637956603338,200.69903336059807
5832653044,7962005300,154.8160805094789,154.8160805094789,473.36629450321783,512.5323895638463
5832653080,7962005330,155.1944858242947,155.1944858242947,517.2577735904835,556.5195993948612
5832657502,7962005264,584.1608839810928,584.1608839810928,2790.306300903946,2938.0900494487455
5832657502,9666019841,56.47002648230142,56.47002648230142,279.07391199078864,293.35996301341874
5832657502,9666019902,37.59118350566666,37.59118350566666,186.15655000332458,195.66654316281634
5832657515,7962005192,74.52858620410547,74.52858620410547,329.3179297890858,348.1725195862065
5832657515,9666019842,53.3576171239597,53.3576171239597,249.36437976965956,262.8630389374174
5832657515,5832657926,586.7486136537142,586.7486136537142,2598.7621398807523,2747.200544363201
5832657517,7961993768,69.86752396469483,69.86752396469483,304.3866176622736,322.0620301662378
5832657517,7962005397,50.96732891002004,50.96732891002004,241.22909970282188,254.12305259522796
5832657517,7961786907,129.9704151100892,129.9704151100892,611.3899855622574,644.2705081573207
5832657531,7962005328,160.3678205958474,160.3678205958474,725.4461898357753,766.016790030877
5832657531,7962005188,68.60489638080429,68.60489638080429,301.87714076255924,319.2331278436986
5832657531,7962005396,48.49781290437756,48.49781290437756,219.44286892216917,231.71207212247316
5832657742,7961786893,38.76295804158686,38.76295804158686,189.56099125919695,199.36742541314123
5832657742,7962005399,31.11628931809,31.11628931809,152.16678358542615,160.03872777465855
5832657777,5832657778,68.16659690828492,68.16659690828492,331.3136466078339,375.0848250220925
5832657781,7961786812,65.16546702979372,65.16546702979372,296.1757103689084,349.72835285024456
5832657781,7961786850,55.575545755430326,55.575545755430326,256.6545017954712,333.453274532582
5832657889,7961786849,37.86902836005735,37.86902836005735,181.72530652181547,212.51549778025998
5832657889,7961786798,52.82008324795778,52.82008324795778,252.36532352470232,296.418650552816
5832657889,7961542988,84.6378233095481,84.6378233095481,413.93600572683636,435.34807753848173
5832657901,5832657907,55.62924052196512,55.62924052196512,234.27655753903448,248.34990260282748
5832657901,7961786852,42.85747854966257,42.85747854966257,172.43231039579487,206.4660134285824
5832657901,9666019854,616.4553927685331,616.4553927685331,2402.982049874316,2558.935814072158
5832657907,7961771623,126.5372343969805,126.5372343969805,622.4160994117825,714.5398738287552
5832657907,7961786852,36.0162647815036,36.0162647815036,174.77832208752795,203.3793247924243
5832657910,7961786851,37.03898985270926,37.03898985270926,179.74136234132936,209.1545248497304
5832657910,5832657915,53.54161177673239,53.54161177673239,259.9287325598114,302.3427586816887
5832657910,7962005231,122.54823364203348,122.54823364203348,602.7948527307027,692.0144874495926
5832657915,7961542987,83.92719680426238,83.92719680426238,384.21052328684306,450.6950798675409
5832657915,7961786851,38.606549405530295,38.606549405530295,180.16525203833203,231.63929643318176
5832657926,7961771623,64.38789205155213,64.38789205155213,291.94780905168346,338.82456964163293
5832657926,7962005302,44.709466669575605,44.709466669575605,197.89827337830803,235.27196372723486
5832657946,7962005244,63.957017018697215,63.957017018697215,247.1551750476395,263.3353199014885
5832657946,7962005297,47.78121723691442,47.78121723691442,210.8986533256443,222.98656880738878
5832657946,9732895734,160.34313374329352,160.34313374329352,650.6143013947179,691.1786561945695
5832657962,6056271409,35.802277089206676,35.802277089206676,145.83890777180457,154.89633503161028
5832657962,7962005427,207.02174482536162,207.02174482536162,805.4774144289255,857.8507422561394
5834215792,5834215800,64.94240672030678,64.94240672030678,118.03282421415756,134.4622575566313
5834215792,7961542899,168.9968530511552,168.9968530511552,540.5881357917086,583.3417489161757
5834215792,7961542885,62.7610616133166,62.7610616133166,114.06822948220291,129.9458159523152
5834215800,7962005295,318.8072825830683,318.8072825830683,579.4322360947266,660.0855913184081
5834215800,7961542904,171.2595411238789,171.2595411238789,547.8260358178209,591.1520743380039
5834798803,5834799173,100.33341794772983,100.33341794772983,397.6987637180364,423.0815803619311
5834798803,9732895760,68.89055445347371,68.89055445347371,334.2318105921071,351.66006478653463
5834798806,7966386945,92.14323454298952,92.14323454298952,395.81152430256617,419.12235009939644
5834799144,7959932863,47.12477438322575,47.12477438322575,226.60013851129818,282.7486462993545
5834799144,7959932859,56.532550483197745,56.532550483197745,272.47539128466985,314.2512555807832
5834799157,7959932869,142.6737256698279,142.6737256698279,649.8776388373915,775.6314503612405
5834799157,7959603243,48.28312227111869,48.28312227111869,224.16200599951532,262.4863686659629
5834799157,7959932864,33.07075907310986,33.07075907310986,155.02057668185614,179.78587650948177
5834799167,7961465892,115.19766475245406,115.19766475245406,510.20494787489724,691.1859885147244
5834799172,5834799173,85.65983136754025,85.65983136754025,329.87941720783203,351.5500413909127
5834799172,9732895760,101.77524316714826,101.77524316714826,482.3029895756792,508.0505658971135
5834799172,7961465892,99.6917157671376,99.6917157671376,449.3657167244253,540.3998541778291
5834799173,9732895742,61.757092372714396,61.757092372714396,237.70576649959395,253.32936414253808
5834799299,7959602889,169.41515758369442,169.41515758369442,731.4412086107178,852.2111080426779
5834799299,7959603104,70.59634847867883,70.59634847867883,320.6532734292754,370.9788406786031
5836885680,13664196096,82.94211658675326,82.94211658675326,380.2563902930804,497.65269952051955
5836885680,7992170550,73.78189342348112,73.78189342348112,330.9875793532341,442.69136054088676
5836885680,7992170555,53.4121024793561,53.4121024793561,260.3898627947797,320.4726148761366
5836885684,5836889190,55.09456877705608,55.09456877705608,255.83603041121182,313.1530380558395
5836889190,7950517395,267.19091538410225,267.19091538410225,1157.5329303639628,1603.1454923046135
5836889226,7992164372,131.0357032644065,131.0357032644065,524.7663311716956,628.4247859320966
5836889226,12987924263,101.98836907894022,101.98836907894022,472.3348240602492,611.9302144736414
6020564486,8289756749,68.50391878682835,68.50391878682835,327.0558092864698,411.0235127209701
6020564486,8869467017,200.73505164558435,200.73505164558435,938.8270272714524,1087.6097759959237
6020564487,8185629288,84.83515811882901,84.83515811882901,398.5489398268741,509.0109487129741
6020564502,9222802794,66.88079386806928,66.88079386806928,313.66183431286896,362.9884768404688
6020564502,10006651412,25.900961206801913,25.900961206801913,122.74702995673914,140.57474371053706
6020564510,9660848462,42.441409972256395,42.441409972256395,190.14296353788347,219.30477425589763
6020564510,6020564517,43.84445732475034,43.84445732475034,189.16130696720163,226.55465080594996
6020564517,9660848462,42.24777379679773,42.24777379679773,199.11432954807253,253.48664278078638
6020564517,9660848463,52.98627070895119,52.98627070895119,242.14999741325497,317.9176242537071
6020564521,6020564527,47.273496918295095,47.273496918295095,217.1916851227391,243.90639271075347
6020564532,7868781052,66.06144963004849,66.06144963004849,322.64727020339774,396.3686977802909
6020564532,8198614155,58.182078461386915,58.182078461386915,282.5302592250513,323.94744095232414
6020564541,8198655615,172.7519743461182,172.7519743461182,858.206300593412,901.9099018400349
6020564541,6020564549,76.53081499151992,76.53081499151992,360.0074600086455,426.1099349854279
6033481320,6033481323,79.16779723581722,79.16779723581722,352.6275298941828,417.86027671533463
6033481320,7558081676,146.1216487311513,146.1216487311513,421.98724640727306,458.95378351237457
6033481323,8109971621,122.0927816686753,122.0927816686753,570.3969832128411,732.5566900120518
6033481329,7959990534,52.126633246512185,52.126633246512185,239.96972604845814,283.75726757703603
6033481329,7959990557,192.77209545127957,192.77209545127957,893.8582717560613,1156.6325727076774
6033482390,8109971622,116.76601994156316,116.76601994156316,539.4664273686797,650.6133767960981
6033482414,10875282430,197.21257852576872,197.21257852576872,856.8639498475451,1183.2754711546122
6033482414,8168061659,32.80919904587537,32.80919904587537,154.51784279506248,196.8551942752522
6033482425,6033482430,148.7976169691479,148.7976169691479,646.3962842541655,684.0398003012715
6033482469,7959990637,77.21378821885494,77.21378821885494,359.2305010627838,463.28272931312966
6033482469,6033482475,66.72314318627308,66.72314318627308,346.0466165989571,400.33885911763844
6033482469,7959990655,27.169181562097293,27.169181562097293,129.99994910265985,163.01508937258376
6033482475,8508946962,35.7470774029941,35.7470774029941,188.349648396336,214.4824644179646
6033482475,7959990507,131.31436032272475,131.31436032272475,766.1186036206777,787.8861619363486
6033496395,7959932883,40.17582524535502,40.17582524535502,175.77990157051596,241.05495147213014
6033496395,8168044500,419.43801389366956,419.43801389366956,1666.8607851578095,2516.6280833620176
6033496395,6496421043,204.00734268015825,204.00734268015825,1010.9219414645565,1224.0440560809495
6033496395,7959932882,30.343484456857833,30.343484456857833,132.68796743690046,182.060906741147
6052448230,6052448234,18.39047604262517,18.39047604262517,88.3887143341892,110.34285625575103
6055901726,8044291635,138.21488282059047,138.21488282059047,409.0895228825918,444.0557694219067
6055901726,8044291595,37.3751564081563,37.3751564081563,91.28881952692176,100.74416114240775
6056271409,8878665902,139.09088506305756,139.09088506305756,562.7982853484195,597.9861470260902
6056271409,7791604210,50.36712272502278,50.36712272502278,203.04511475712326,215.78722468579957
6155402638,13072634348,12.331688744168504,12.331688744168504,51.450054621401065,54.5697828306591
6155402638,12089221626,87.91903115649845,87.91903115649845,378.0193582556044,400.26152535208337
6155402664,7992164372,171.19591731040782,171.19591731040782,697.4940962947543,821.026292896351
6203900689,8167985697,227.90446660043017,227.90446660043017,1091.2840185363552,1275.8942752175133
6203900689,8987589741,3.1553838994563392,3.1553838994563392,14.619854874022456,18.932303396738035
6203900689,8987589756,30.452442810897136,30.452442810897136,144.49913512698004,182.7146568653828
6261187076,6261187081,38.21195755634452,38.21195755634452,166.38390449853884,176.0509439764751
6261187081,9655569173,216.8682547472451,216.8682547472451,873.7868406301955,928.6511845220635
6261187081,7637463224,86.4711753655404,86.4711753655404,381.01688535454315,402.89276713133097
6317315212,8002408198,275.37061809781244,275.37061809781244,1030.150651105788,1099.8151960925254
6410193855,7958753225,68.45040786299155,68.45040786299155,264.58193755242587,410.70244717794935
6410194513,7963896350,55.39113180972385,55.39113180972385,246.4783194044978,332.3467908583431
6410194600,8987589756,97.26624967125946,97.26624967125946,486.0293573622334,583.5974980275568
6410194600,8869467017,227.43904768679792,227.43904768679792,1105.3363101782002,1232.2956537959765
6413071005,13072612795,207.62804175078196,207.62804175078196,1011.4509682342746,1153.623966705641
6413071005,10556743820,71.38518206539068,71.38518206539068,327.12931496943503,428.3110923923441
6413071005,10556743815,70.05456890200952,70.05456890200952,348.16935765803436,420.3274134120571
6413071047,12987924104,39.48746989307118,39.48746989307118,174.9335465710241,211.85738450613982
6438778593,8167985664,143.66203821343834,143.66203821343834,396.2575164119857,861.97222928063
6496420788,7959932876,68.96833295671303,68.96833295671303,305.53913372796524,362.75350709600485
6496420788,7959603240,60.564890734624505,60.564890734624505,287.38040621943685,337.6234978374436
6496420788,7959990663,37.23085658884465,37.23085658884465,177.53337940592982,223.3851395330679
6496420791,7959932870,48.5988544228272,48.5988544228272,227.59792859260352,291.5931265369632
6496420791,7959990587,64.21535872144536,64.21535872144536,294.98336635326916,385.29215232867216
6496421043,7959932880,24.16295580512072,24.16295580512072,117.70257364272067,144.97773483072433
6496421043,8508946962,19.826236461259185,19.826236461259185,96.57896121739243,118.95741876755511
7227357853,7975286415,72.2417874436383,72.2417874436383,252.81849323275387,271.0945579997728
7227357853,8298792601,288.4661253615187,288.4661253615187,877.765633953469,950.7431415256792
7227357853,7975286500,63.76425628688938,63.76425628688938,195.5170318216528,211.6484111653488
7227417660,7975286578,219.53354445911904,219.53354445911904,828.3156798929149,883.8543012233788
7227417660,7975286488,117.0679346127622,117.0679346127622,395.2528761201841,424.8692689425961
7232025520,7232025523,95.41382565321071,95.41382565321071,457.7999320355776,572.4829539192642
7232047137,7959990754,70.62277660454565,70.62277660454565,331.06889059314534,423.73665962727387
7232047137,7959990601,61.6466155030809,61.6466155030809,282.8193513443822,369.8796930184854
7232047137,7959990767,38.80136001115271,38.80136001115271,177.95695685864797,232.80816006691626
7232047153,7959603120,145.2658933775941,145.2658933775941,674.929204364486,871.5953602655645
7232047153,7959603103,47.771038179068256,47.771038179068256,224.7315087385764,286.62622907440954
7232047153,7959990780,31.617101371799748,31.617101371799748,155.61020398680253,189.7026082307985
7232047223,7959990819,128.36579778508823,128.36579778508823,578.3138771087514,770.1947867105293
7232047223,7232047224,27.54593453993608,27.54593453993608,121.45977915232699,165.27560723961648
7232047224,7959602891,60.04042405718995,60.04042405718995,277.2177344697338,360.2425443431397
7249081499,7959990555,6.260696022444389,6.260696022444389,30.399527277934713,37.56417613466633
7249081499,7959990507,82.49206368288627,82.49206368288627,447.7306359079442,494.9523820973176
7249081499,7959990553,22.83429222688231,22.83429222688231,104.68620061737214,137.00575336129387
7249081500,7959990555,179.6040823198505,179.6040823198505,854.6414325390402,1077.624493919103
7252057816,12987924106,33.408697350844676,33.408697350844676,166.1098872654829,200.45218410506806
7252057847,8002408176,162.55471574280153,162.55471574280153,700.9971303222094,742.1209814647021
7252057927,8377247190,8.81718952382438,8.81718952382438,41.851116160987395,52.90313714294628
7252057927,8377247189,70.1198634675892,70.1198634675892,346.8230408524533,395.8774254005473
7252057927,8044279541,231.79176657507395,231.79176657507395,1122.6853566908871,1284.8420108879018
7609471530,7609471538,19.61342673700623,19.61342673700623,87.55392620122366,92.51582249467246
7609471530,7609471531,42.009729987457234,42.009729987457234,180.21985820576248,190.84767588946454
7609471561,7609471568,11.391729854190107,11.391729854190107,54.37731971342127,57.259252732949506
7609471566,7953723960,207.6542895186509,207.6542895186509,1019.1668579196893,1245.9257371119054
7616135774,7616135775,58.64992099060281,58.64992099060281,259.4695891166464,274.3071200324071
7626167472,7702665457,38.827151899475155,38.827151899475155,179.64671228173898,232.96291139685093
7626167472,7626167483,65.93076131444829,65.93076131444829,309.3523867311936,362.8833399556988
7626167472,7626252386,24.294603324252023,24.294603324252023,116.97798339177304,136.70342335682687
7626167472,9731824018,44.84098286508889,44.84098286508889,211.12067478432397,269.0458971905333
7626167474,7702665457,7.253163985194543,7.253163985194543,33.54249722428902,43.518983911167254
7626167483,10815767810,42.37009410407995,42.37009410407995,198.49206863868758,209.21105291956505
7626252386,13457568222,261.71802698311984,261.71802698311984,1287.8164534134028,1354.027102140383
7626252386,7702665410,47.66290622659156,47.66290622659156,230.12561812987622,268.19464229762593
7626252390,7702665421,24.964803652487124,24.964803652487124,119.2387816286455,149.78882191492275
7626252406,7701171822,21.772381150023676,21.772381150023676,100.35152343499664,130.63428690014206
7626252406,8185629232,214.72235292785032,214.72235292785032,1020.4634113054898,1288.3341175671019
7626252432,8167985768,67.4130282220028,67.4130282220028,327.340518042888,404.47816933201676
7626252440,9660848493,64.33667237111882,64.33667237111882,314.7216665562259,386.02003422671294
7629438273,8146989127,37.116780415031215,37.116780415031215,191.3808432465015,222.7006824901873
7637463224,8377247190,38.48488444086051,38.48488444086051,184.33091623383407,215.3831640972139
7637610188,14166264381,85.0885775449372,85.0885775449372,404.0920113393133,472.04550348261876
7637610188,7637610190,20.94676507952783,20.94676507952783,97.52276410391009,125.68059047716697
7637610190,7637610201,15.530894134728577,15.530894134728577,72.30785848189203,93.18536480837146
7637610190,14107078700,148.43506087414008,148.43506087414008,696.3865651508372,890.6103652448405
7637610201,7719250780,149.4764212030899,149.4764212030899,701.0587361004177,896.8585272185394
7637868027,7637868046,189.8222511491518,189.8222511491518,674.5189289202008,1138.9335068949108
7637868046,7735602390,15.547735539821147,15.547735539821147,73.36893668385575,93.28641323892688
7637868046,7735592377,15.70238290630559,15.70238290630559,74.10414219170671,94.21429743783355
7637868049,8794485628,106.00712944303292,106.00712944303292,363.3297421413583,636.0427766581976
7637868049,8167985649,305.60558477109777,305.60558477109777,1352.674034149392,1833.6335086265867
7640452829,8869177754,186.26098675251367,186.26098675251367,844.5223506414759,1117.565920515082
7640452829,7707208812,153.29765316316454,153.29765316316454,700.0099614242001,842.2553649737406
7642948007,13146891391,303.25359382915303,303.25359382915303,1447.8442622978346,1603.768471076989
7642948007,13146891390,55.31669253292955,55.31669253292955,241.5389069096803,255.53318212356308
7642948007,9666019868,33.1904903424517,33.1904903424517,136.91259698714558,145.30928223833783
7656321485,7893911643,44.15126905206172,44.15126905206172,219.4826356175133,264.90761431237036
7656321485,13146891390,194.8070077442696,194.8070077442696,914.2658812589134,1038.5005263237476
7656321502,7656321511,53.63935630018949,53.63935630018949,262.41254910077583,321.83613780113694
7656321578,7656321615,74.27885904264807,74.27885904264807,296.93013041602035,315.72154306957384
7656321578,7656321580,50.23649827859033,50.23649827859033,211.4008852105708,224.1099491567537
7656321592,10815767810,105.43895423058687,105.43895423058687,449.9308989772965,476.60533803361636
7656321592,7656321615,111.86048541490756,111.86048541490756,438.4203411709268,466.71932917572946
7656321592,7656321617,120.62574499489317,120.62574499489317,492.29915215768887,522.8156164660579
7701169497,9198650558,12.724564009787263,12.724564009787263,60.589791878367976,76.34738405872358
7701169511,9228759443,21.15198877391629,21.15198877391629,93.81211547294701,109.44783937227024
7701169518,8146989209,164.65987763934564,164.65987763934564,753.8688966325128,987.9592658360739
7701169518,9228759443,26.274817380369793,26.274817380369793,110.0287796684132,135.95515877583398
7701169566,8185629288,255.24221076139898,255.24221076139898,1249.1696211025312,1531.453264568394
7701169566,8185629232,328.52900037333757,328.52900037333757,1590.5353598852664,1971.1740022400254
7701171822,7701171911,220.61676620751257,220.61676620751257,995.0740543793319,1323.7005972450754
7701171822,10050110836,55.258697123424675,55.258697123424675,262.2047814631181,331.55218274054806
7701171850,8071642705,264.5241873438804,264.5241873438804,857.019492114731,923.9400563949484
7701171850,8071647104,8.325244733203315,8.325244733203315,15.131132302597024,17.2372915952919
7701171856,8071642706,19.5677357796928,19.5677357796928,72.07368020686978,77.02401738855411
7701171856,8071647047,42.3462963814896,42.3462963814896,149.7292574578632,160.442221279741
7701171856,8071642707,16.584200754052997,16.584200754052997,63.00802533217735,67.20357388953808
7701171856,8071647051,133.18240126606582,133.18240126606582,555.3334565120632,589.0265623653024
7701171911,10050110835,7.770742876602962,7.770742876602962,35.614644233028436,46.62445725961777
7701171911,8185629232,44.6906388751664,44.6906388751664,207.98028683527193,268.1438332509984
7701171911,8169270312,10.178517933233046,10.178517933233046,46.649889305057826,61.071107599398275
7702665399,7702665421,256.0316518802045,256.0316518802045,1226.9979222147322,1431.7450794039821
7702665399,7702665402,172.22126867189257,172.22126867189257,836.0597927812516,963.072152130101
7702665402,7702665403,95.2158655965467,95.2158655965467,462.09602712828433,532.3172711716112
7702665403,7702665410,265.49572815688674,265.49572815688674,1272.2349261000602,1484.2900459366253
7702665403,13457568222,49.36884693396507,49.36884693396507,241.13507522580608,253.62463668276922
7702665410,7702665457,57.04168802584858,57.04168802584858,264.67600147927175,342.2501281550915
7702665417,10050110836,8.058160598352016,8.058160598352016,40.71317173507061,48.34896359011209
7702665417,7702665421,134.68172047042262,134.68172047042262,653.6110820487102,808.0903228225357
7707208812,8869146313,79.56945098053043,79.56945098053043,375.19633929967125,437.17431802452626
7710972505,13233850219,31.159243671355092,31.159243671355092,112.42901989734311,186.95546202813057
7710972505,8490782025,217.12024208525008,217.12024208525008,965.914014408006,1302.7214525115005
7710972505,8490782023,217.0486102488338,217.0486102488338,965.6296749282332,1302.2916614930027
7710972529,7899265503,27.157114414389653,27.157114414389653,123.83120336409989,162.94268648633792
7719250780,14166264352,167.43698005867842,167.43698005867842,736.2894619073635,864.2562295591162
7719250780,14107078700,31.54300101212768,31.54300101212768,149.06830484162037,189.25800607276608
7724575156,7724575160,26.455086667917605,26.455086667917605,125.03048573094922,158.73052000750562
7724575156,7735602390,98.53633237349867,98.53633237349867,465.18513290327024,591.217994240992
7724575160,13146693212,63.36359131870685,63.36359131870685,287.8215594694621,380.1815479122411
7726383871,8167985791,11.134355071560098,11.134355071560098,48.27724286615436,66.80613042936059
7726383871,8167985727,172.75849628226163,172.75849628226163,789.5859595597307,1036.5509776935698
7735592377,7735602390,19.352280070061894,19.352280070061894,91.29587721157912,116.11368042037137
7791604199,8076307471,86.85648198946305,86.85648198946305,319.3785831026591,341.3519415486042
7791604199,13072634342,58.66158756407672,58.66158756407672,205.80541377821103,220.6458961582138
7791604199,13072634356,17.495069635733195,17.495069635733195,49.83646273611003,54.26244715704676
7791604210,8624031172,125.44537742847419,125.44537742847419,374.7242120730377,406.45996950283
7868781052,7868781069,23.058786363289293,23.058786363289293,113.53433905405228,138.35271817973575
7868781069,9660848467,86.38663821416152,86.38663821416152,420.6095215533535,518.3198292849692
7868781069,9660848465,39.85624182762984,39.85624182762984,194.1252173968977,239.137450965779
7893911643,8168061649,129.48308424842725,129.48308424842725,616.0324866938942,776.8985054905635
7893947001,8431769835,99.583033877473,99.583033877473,422.7743724978203,503.0900495047325
7893947001,12987924104,198.39943009957332,198.39943009957332,816.7882625724149,1002.3070720391462
7893947019,8044291626,19.001671438483445,19.001671438483445,63.88899124790524,68.69612282894862
7950517395,7993875250,11.319070544916466,11.319070544916466,50.847028352015535,67.9144232694988
7950517436,7992170555,9.195407538196974,9.195407538196974,47.413525016892144,55.17244522918185
7950517436,7992170524,38.1217089733452,38.1217089733452,181.73134513491905,228.7302538400712
7950517436,7992170511,39.403553798232046,39.403553798232046,193.23190379720927,236.42132278939226
7950517436,7992170556,11.621524586152137,11.621524586152137,59.20080818525488,69.72914751691283
7950517541,7950517545,92.03745459897942,92.03745459897942,403.8952260494492,427.1792911420363
7950517541,7950517542,85.56263234533361,85.56263234533361,376.06785509370553,397.71388941421503
7950517541,7950517551,41.429967618295755,41.429967618295755,175.65863571254363,186.13978240452167
7950517542,7950517543,33.93046408382661,33.93046408382661,141.4894603622474,150.0733476263164
7950517542,7950517545,129.60081909908862,129.60081909908862,609.8741219437691,642.6611424139032
7953723959,7953723960,45.55764512699635,45.55764512699635,222.5230006407193,273.34587076197806
7953724239,7992170513,191.51538546768472,191.51538546768472,890.2176614487345,1149.0923128061083
7958753225,7958753254,8.679188495027699,8.679188495027699,32.68982238265704,52.07513097016619
7958753225,7958753251,128.6230378326714,128.6230378326714,523.000989744847,771.7382269960284
7958753235,7958755724,86.01206809556396,86.01206809556396,322.83921974022815,344.59895441576043
7958753244,7958753253,125.2760459744954,125.2760459744954,541.6211045362393,751.6562758469724
7958753249,7963887445,73.34064013505,73.34064013505,315.71743399065457,440.04384081029997
7958753249,7958753251,9.534999829343782,9.534999829343782,41.617811497908264,57.20999897606269
7958753249,7958753250,7.8178307499483655,7.8178307499483655,33.70430158543345,46.906984499690196
7958753249,7958753253,193.7743827128665,193.7743827128665,833.277796059947,1162.6462962771989
7958753250,7959990818,193.7479036508071,193.7479036508071,862.2914010392327,1055.5565371877967
7958753250,7958753251,9.31961454666471,9.31961454666471,40.18152682801412,55.91768727998826
7958753250,7959990600,198.79283702353771,198.79283702353771,828.5602938483642,1192.7570221412263
7958753251,7959990599,202.47617787107086,202.47617787107086,854.8618866446935,1214.8570672264252
7958753253,7959990818,7.406048370307155,7.406048370307155,32.88006240993506,40.34883797295827
7958753253,7963887456,223.42105713556631,223.42105713556631,974.9821600055574,1340.5263428133978
7958753254,7963887456,8.792279809634328,8.792279809634328,36.30050382665527,52.753678857805966
7958753254,7963887445,51.07725533300774,51.07725533300774,204.58525930535316,306.46353199804645
7958755724,9732895743,122.46695316633796,122.46695316633796,473.0151445454793,580.4468654356652
7958755724,7958755753,81.7378334356831,81.7378334356831,312.63870042084466,333.31711925083033
7958755753,7958755754,122.9748918111235,122.9748918111235,586.4729842911579,656.4719656581632
7958755753,7959590869,87.80963312019831,87.80963312019831,398.9154947873071,468.7506661658603
7958755753,8569716248,7.960635464501543,7.960635464501543,35.21415477565029,37.22807351277132
7958755754,7959590873,88.41333523526187,88.41333523526187,406.62406284806,456.9501360373197
7958755754,9732895743,83.23758493657645,83.23758493657645,400.0848460738696,499.4255096194587
7958755764,7959590884,93.51262546707422,93.51262546707422,434.7919144369174,458.44917514497496
7958755764,9732895742,82.69178058918828,82.69178058918828,374.53179272960807,395.4515455655577
7959590802,7959590803,90.88913005971344,90.88913005971344,413.4381807070414,436.43173729484437
7959590803,7959590868,48.551601576521755,48.551601576521755,192.4087004491865,204.69151135897042
7959590809,7959590868,10.030133067699989,10.030133067699989,38.11073146991741,40.64820137554674
7959590809,7959590872,88.77864124969703,88.77864124969703,375.6226313081497,446.2284567298433
7959590835,7959932863,14.70869561061992,14.70869561061992,71.2192625079485,88.25217366371952
7959590835,7959590839,8.940674616016052,8.940674616016052,42.902955473062946,53.64404769609631
7959590835,13072493356,87.32014386312912,87.32014386312912,423.1305238924051,523.9208631787747
7959590839,12089221626,394.69130011328525,394.69130011328525,1812.096371381078,2107.6640771314046
7959590839,7959932864,17.23675381436091,17.23675381436091,81.96539817202226,103.42052288616546
7959590839,7959932877,181.0556575316869,181.0556575316869,882.5177922673539,1086.3339451901215
7959590868,7959590871,88.72186292583153,88.72186292583153,375.38240209184937,445.94307160254726
7959590869,7959590871,8.021760060147656,8.021760060147656,37.400500042769096,48.13056036088594
7959590869,7959590870,9.64184452092683,9.64184452092683,44.95395071822419,57.851067125560974
7959590869,7959590873,123.17126212931315,123.17126212931315,538.632560352056,636.5909038055452
7959590870,7966386931,123.17863123084354,123.17863123084354,538.6647857101159,636.628989824332
7959590870,7959590872,8.043041381590026,8.043041381590026,37.49972166714424,48.258248289540155
7959590870,7959603012,213.808144626723,213.808144626723,1012.2372294453384,1282.848867760338
7959590871,7959590872,9.686012001452168,9.686012001452168,45.159876331168356,58.116072008713004
7959590871,8569716248,87.77536994928771,87.77536994928771,398.75983863329407,468.5677604456267
7959590872,7959603013,213.7946030226338,213.7946030226338,1012.0824339667428,1282.7676181358029
7959590873,7966386931,9.174887817489124,9.174887817489124,37.46743802443497,39.78854399254775
7959590873,7959590884,47.84271246878455,47.84271246878455,213.1092081319877,225.21268096468225
7959590877,7959603031,174.19224236626218,174.19224236626218,725.2888308143533,1045.153454197573
7959590877,7959603056,28.696437881401398,28.696437881401398,125.85870585025525,155.896706200214
7959590877,7959603047,31.48062207844814,31.48062207844814,139.80261733777476,188.88373247068884
7959590880,7959602889,87.92881999723973,87.92881999723973,368.04698295863653,390.29162648176145
7959590880,7959602934,25.229113327593993,25.229113327593993,117.09631482729566,136.4493987519793
7959590880,7959603029,32.080386730378514,32.080386730378514,146.98469572436167,155.10054177942828
7959590884,7959602886,9.046662497522007,9.046662497522007,43.650583634212985,45.93925056204982
7959590884,7959603088,121.24017944289548,121.24017944289548,561.7468542069181,671.5513534575068
7959602886,7959602889,103.74209328267405,103.74209328267405,447.7865482507273,474.0317074998598
7959602886,7966386931,48.92425273483968,48.92425273483968,217.92679011612483,230.30387605627445
7959602891,7959603011,8.227791647522436,8.227791647522436,39.575150317052405,49.36674988513461
7959602891,7959603010,103.27991679021109,103.27991679021109,493.1936094594813,619.6795007412666
7959602891,7959603013,17.89313123995163,17.89313123995163,86.02055571040782,107.35878743970977
7959602898,7959603266,17.3821704970829,17.3821704970829,82.47513115044012,104.2930229824974
7959602898,7959603173,214.47053664296243,214.47053664296243,1056.5929897750573,1218.554559250539
7959602898,7959603149,76.34927178433695,76.34927178433695,360.0988111414763,458.09563070602167
7959602898,7959603232,268.62483717855844,268.62483717855844,1301.6660250192156,1611.7490230713506
7959602907,7959603240,78.41503859555309,78.41503859555309,364.92064931543655,437.13047761767604
7959602907,7959603233,79.51476881652837,79.51476881652837,372.28572568491023,477.08861289917024
7959602911,13072634374,315.74725768818263,315.74725768818263,1503.7755867698042,1740.3508443837127
7959602911,7959990587,41.826721397606995,41.826721397606995,199.35130536920178,230.5425245340208
7959602934,7959603012,159.88904759151816,159.88904759151816,761.476955556013,959.3342855491089
7959602934,7959603029,34.790312389040544,34.790312389040544,162.09651722438454,188.78393293687614
7959602961,9867711844,8.577327470373154,8.577327470373154,40.635403048721514,51.46396482223892
7959603011,7959603012,17.893437775044617,17.893437775044617,86.0373457532587,107.3606266502677
7959603011,7959603047,149.34256085771744,149.34256085771744,711.819199346477,896.0553651463047
7959603011,7959990831,215.95474263750972,215.95474263750972,1018.0113627046505,1295.7284558250583
7959603012,7959603013,8.207244635032493,8.207244635032493,39.442744748033526,49.24346781019496
7959603013,9867711844,103.4693393272379,103.4693393272379,493.72920732327424,620.8160359634275
7959603029,7959603111,106.46784940156367,106.46784940156367,469.691086234139,577.7303496616441
7959603031,7959990836,33.0049327740546,33.0049327740546,143.65930176589478,198.02959664432763
7959603031,7959990844,34.40166901256703,34.40166901256703,153.01198649238862,206.41001407540216
7959603047,7959603056,42.603577358190186,42.603577358190186,198.84329217232406,231.44884427598205
7959603056,7959603112,104.01020812143105,104.01020812143105,459.72045816335185,565.0474433218396
7959603088,13017481542,45.915144036564755,45.915144036564755,214.04301587789996,275.4908642193885
7959603088,13017481549,65.84058867264991,65.84058867264991,292.40398277046256,395.0435320358995
7959603093,13017481542,2.9275205987754918,2.9275205987754918,14.312637795483008,17.565123592652952
7959603093,7959603270,8.540826037084965,8.540826037084965,41.81764088303588,51.24495622250979
7959603093,7959603272,12.366704742586721,12.366704742586721,60.549929899817194,74.20022845552033
7959603093,13017481543,85.37623024158805,85.37623024158805,414.36771951212813,512.2573814495283
7959603096,7959603272,35.786425864030974,35.786425864030974,169.71868332323376,214.71855518418585
7959603100,7959603271,38.07835056769325,38.07835056769325,180.9221993349675,206.754152509434
7959603100,7959603137,136.0989604063354,136.0989604063354,603.1203825677928,637.5513331730878
7959603103,7959990780,35.807654545896625,35.807654545896625,171.95422351950822,214.84592727537975
7959603103,7959990736,91.22443582286292,91.22443582286292,417.4713421936851,547.3466149371775
7959603104,7959603111,55.62491608316909,55.62491608316909,235.85910458106136,292.30501755499347
7959603104,7959603255,38.490057216484324,38.490057216484324,177.26614784565658,202.26254064878339
7959603111,7959603255,40.27367888315563,40.27367888315563,184.8078770182155,241.64207329893378
7959603112,9732895756,60.19986942616282,60.19986942616282,261.74321452738536,361.1992165569769
7959603112,7959603264,45.48285592972445,45.48285592972445,208.9069568546938,272.8971355783467
7959603120,7959603265,39.32357243157782,39.32357243157782,185.35678975111784,235.94143458946695
7959603120,7959603128,54.39592964940448,54.39592964940448,225.61169360860885,326.3755778964269
7959603128,7959603196,90.60777119224025,90.60777119224025,386.05422901762404,543.6466271534415
7959603128,7959603265,37.523177669939834,37.523177669939834,164.8310102199333,225.13906601963902
7959603129,7959603137,71.75563898946432,71.75563898946432,288.60279450791035,306.75587116860925
7959603129,7959603254,59.55522729874432,59.55522729874432,260.31370183850726,298.9816445921932
7959603129,7959603149,71.38829732685443,71.38829732685443,302.6073806293561,358.38651798528906
7959603137,7959603254,40.05753045200359,40.05753045200359,184.48441896976098,210.49292174319874
7959603149,7959603154,214.3870540184439,214.3870540184439,1009.7237449465367,1286.3223241106634
7959603154,7959603173,75.16843274997166,75.16843274997166,369.81877079541835,427.0835419770519
7959603173,7959603216,269.52051460117104,269.52051460117104,1267.5670314328795,1335.7515899162127
7959603196,7959603266,79.1858109750772,79.1858109750772,373.82367344322756,475.1148658504632
7959603196,7959990736,216.30153745119972,216.30153745119972,1001.7493180382121,1297.8092247071984
7959603210,7959603216,7.38393210510449,7.38393210510449,34.595817241538356,36.46383886951156
7959603210,7959932859,178.22293245371262,178.22293245371262,885.7160197937807,930.8036895726232
7959603216,7959603232,214.81304609604902,214.81304609604902,992.9070937611567,1132.9974541484419
7959603216,7959603243,171.478849508003,171.478849508003,768.328046252407,904.4380844820794
7959603232,7959603233,17.15875693895036,17.15875693895036,84.94762597960359,102.95254163370217
7959603232,7959603239,170.38628584848843,170.38628584848843,803.1204777606268,1022.3177150909305
7959603233,7959990681,216.53682348639683,216.53682348639683,1106.191379123725,1299.220940918381
7959603233,7959603266,268.55699523641243,268.55699523641243,1302.45665308725,1611.3419714184747
7959603239,7959932869,52.953805966506785,52.953805966506785,237.45913754994172,317.7228357990407
7959603239,7959990662,35.498835386276674,35.498835386276674,167.16030667086994,212.99301231766003
7959603240,7959990663,47.94864348590352,47.94864348590352,235.88871045955685,267.2932871488927
7959603243,7959932864,34.66253291719305,34.66253291719305,163.2738516709764,207.97519750315828
7959603254,7959603255,12.39752684117894,12.39752684117894,61.42083490910885,74.38516104707364
7959603254,7959603265,17.570852385189983,17.570852385189983,87.09214486092048,105.42511431113991
7959603255,7959603264,17.53782249975913,17.53782249975913,86.92319607607341,105.22693499855478
7959603264,7959603265,12.376567949237062,12.376567949237062,61.371347586901464,74.25940769542237
7959603264,9732895756,39.413019036209896,39.413019036209896,185.76661122714535,236.47811421725936
7959603266,7959990732,216.36486710016007,216.36486710016007,1016.1751222369431,1298.1892026009605
7959603270,7959603271,12.459886473587543,12.459886473587543,61.00616681963414,74.75931884152526
7959603270,13017481542,9.019317412447036,9.019317412447036,44.09541075162465,54.11590447468221
7959603271,7959603272,8.49830848927252,8.49830848927252,41.6094662242935,50.98985093563512
7959932859,7959932863,30.663921565913643,30.663921565913643,148.82017068160155,170.45358418745008
7959932863,7959932864,9.425398255001351,9.425398255001351,45.22896302766894,56.55238953000811
7959932869,7959990662,39.14352052867959,39.14352052867959,184.5536355504567,234.86112317207753
7959932870,7959990653,16.9150453395735,16.9150453395735,83.54029312685726,101.490272037441
7959932870,7959990587,41.94994916716248,41.94994916716248,203.5022692034684,251.69969500297486
7959932870,7959990663,18.120091970097306,18.120091970097306,89.54650475150207,108.72055182058384
7959932876,7959990664,110.4789629463146,110.4789629463146,494.6184862030276,581.087428838663
7959932877,7959990565,42.470459296820096,42.470459296820096,210.86279379322426,254.82275578092057
7959932877,7959990653,33.888128859007246,33.888128859007246,168.26018517436057,203.32877315404346
7959932878,7959990589,57.988095515671304,57.988095515671304,258.3640695861237,273.0341688024162
7959932878,7959990654,39.98003632926879,39.98003632926879,182.1225494328089,213.4747856437549
7959932880,7959932882,206.21435922993462,206.21435922993462,884.400423303878,1237.2861553796076
7959932880,7959990665,3.636093742723795,3.636093742723795,17.70391359563154,21.816562456342773
7959932882,7959932883,57.84339739400499,57.84339739400499,214.6331737390923,347.0603843640299
7959932883,8109971632,134.32274910912253,134.32274910912253,526.2881525592143,805.9364946547352
7959990521,7959990531,12.08398158886828,12.08398158886828,55.604900157242895,66.22041472265671
7959990521,7959990615,199.51523781800907,199.51523781800907,900.5536149973261,1197.0914269080545
7959990521,7959990557,146.8264030780602,146.8264030780602,675.1679542593927,880.9584184683612
7959990531,7959990559,134.9680459412829,134.9680459412829,634.8249769545982,739.6270766227962
7959990531,7959990620,195.27528717949195,195.27528717949195,917.6182225377838,1070.1117348626244
7959990534,8109971622,84.72639568729649,84.72639568729649,403.5154155704319,424.94989483584584
7959990534,7959990556,192.40726916209735,192.40726916209735,873.0939904799159,1047.3908932733377
7959990553,7959990554,6.3721487723745085,6.3721487723745085,27.493172932091905,38.23289263424705
7959990553,7959990637,200.35802511919607,200.35802511919607,893.0730320183437,1202.1481507151764
7959990553,7959990558,133.71887839910602,133.71887839910602,585.3198447528861,802.3132703946361
7959990554,7959990556,133.97476923841373,133.97476923841373,586.5626191239928,803.8486154304824
7959990554,7959990555,22.812299565390735,22.812299565390735,104.60795196234508,136.87379739234441
7959990556,7959990557,6.6196424201714015,6.6196424201714015,30.25847201138559,39.71785452102841
7959990556,7959990558,6.41806043892212,6.41806043892212,28.501417228572436,38.50836263353272
7959990557,7959990559,6.072502407044988,6.072502407044988,28.543143300662912,36.43501444226993
7959990558,7959990559,6.655795698582227,6.655795698582227,30.418276920429918,39.93477419149336
7959990558,7959990622,199.96847054205875,199.96847054205875,923.5733212937656,1104.8037710789454
7959990559,7959990624,199.9523011843064,199.9523011843064,962.620625613738,1117.882716366091
7959990565,7959990653,25.473825228809066,25.473825228809066,125.7587525813647,152.8429513728544
7959990565,12089221652,370.08907945463346,370.08907945463346,1793.270351320542,2220.5344767278007
7959990588,7959990589,74.17297702896825,74.17297702896825,330.72401220334837,398.2285957838664
7959990588,7959990621,121.20173440724199,121.20173440724199,559.0229326882811,669.3282344048625
7959990589,7959990654,42.01196804363929,42.01196804363929,192.61311966569244,225.55879122393998
7959990594,7959990681,77.71692198409943,77.71692198409943,396.37823386909395,466.3015319045966
7959990594,7959990664,127.8949820136057,127.8949820136057,615.4159897114372,767.3698920816341
7959990597,7959990844,53.783648039931485,53.783648039931485,254.98419932620033,322.7018882395889
7959990597,7959990747,61.817859601218906,61.817859601218906,295.9743760667058,370.9071576073134
7959990597,7959990766,47.312119448585484,47.312119448585484,231.1990247351924,283.8727166915129
7959990599,7959990831,14.000967909234692,14.000967909234692,60.88096058893112,84.00580745540816
7959990599,7959990859,191.7968959762344,191.7968959762344,781.0793823899755,1150.7813758574064
7959990599,7959990600,8.412953758774567,8.412953758774567,34.3121849822604,50.4777225526474
7959990600,7959990817,194.71427333418504,194.71427333418504,837.6327422739026,1168.2856400051103
7959990600,7959990819,14.011939426326997,14.011939426326997,60.91347846785639,84.07163655796198
7959990601,7959990767,47.88723161135738,47.88723161135738,224.1713200519023,287.3233896681443
7959990601,7959990870,50.32210453718771,50.32210453718771,240.8290987927901,301.93262722312625
7959990615,9666019894,44.731364290620306,44.731364290620306,211.607332963053,250.11200211738384
7959990615,7959990620,16.181290014621435,16.181290014621435,74.61631491142167,97.0877400877286
7959990620,7959990624,135.5507701472566,135.5507701472566,651.9763466451086,757.8300536689393
7959990621,7959990622,11.578666795660668,11.578666795660668,55.512022829984765,58.44124802998861
7959990621,7959990623,9.812535775586925,9.812535775586925,47.66357509367117,50.145996220131124
7959990622,7959990624,8.411766030270746,8.411766030270746,40.90349184459018,43.031539699084064
7959990622,7959990637,134.2543798899258,134.2543798899258,630.8262824819406,741.7406593358859
7959990623,7959990624,11.264230540917369,11.264230540917369,55.48458622979585,58.33426387761224
7959990653,7959990662,18.04739831100881,18.04739831100881,89.12202962693266,108.28438986605286
7959990654,7959990664,19.177452207855428,19.177452207855428,89.86772736964295,115.06471324713257
7959990654,7959990655,13.823395659210238,13.823395659210238,66.00745851427178,82.94037395526144
7959990655,7959990665,19.370160246672793,19.370160246672793,94.27550878109261,116.22096148003675
7959990655,8508946962,25.277981070043058,25.277981070043058,123.04001544177135,151.66788642025836
7959990662,7959990663,16.958494279888555,16.958494279888555,83.79598276710752,101.75096567933133
7959990664,7959990665,13.565835204368167,13.565835204368167,64.81903433179662,81.395011226209
7959990665,7959990682,205.48379712267675,205.48379712267675,1000.4131614802038,1232.9027827360605
7959990681,7959990682,13.867000633379902,13.867000633379902,70.25716672359835,83.20200380027941
7959990681,7959990732,267.44853369347777,267.44853369347777,1325.2898114660254,1604.6912021608666
7959990682,7959990733,267.1926052978777,267.1926052978777,1323.8793848878752,1603.1556317872664
7959990732,7959990736,80.43898440830188,80.43898440830188,370.5825947157076,482.63390644981126
7959990732,7959990733,13.905762548361507,13.905762548361507,67.35371208655998,83.43457529016904
7959990733,7959990777,172.9892086201402,172.9892086201402,876.6975994851002,1037.9352517208413
7959990747,7959990766,39.80231929232722,39.80231929232722,195.84013475163349,238.81391575396333
7959990747,9732895756,137.04449899455054,137.04449899455054,636.5464177776947,822.2669939673033
7959990754,7959990871,123.34226693299304,123.34226693299304,486.91579250663057,740.0536015979583
7959990766,7959990767,13.979048214028747,13.979048214028747,67.79133421930023,83.87428928417248
7959990766,7959990780,12.51101504788973,12.51101504788973,62.79702557419737,75.06609028733838
7959990767,7959990781,12.50133587624757,12.50133587624757,58.50660942958973,75.00801525748543
7959990771,7959990781,40.00130726458619,40.00130726458619,183.48171927964006,240.00784358751713
7959990771,7959990777,52.993488756358026,52.993488756358026,254.06278638511932,317.96093253814814
7959990777,7959990781,34.68817589879036,34.68817589879036,169.54018270548872,208.12905539274217
7959990780,7959990781,13.94553143470877,13.94553143470877,67.63404080347036,83.67318860825262
7959990816,7959990817,12.658005293373533,12.658005293373533,58.053971324499415,75.9480317602412
7959990816,7959990819,194.86473769911515,194.86473769911515,902.5635457169094,1169.188426194691
7959990817,7959990818,197.8416311087075,197.8416311087075,907.0013583154622,1077.8595438176906
7959990819,7959990831,8.402478738067424,8.402478738067424,38.79508734744762,50.41487242840455
7959990831,7959990836,199.7981494349716,199.7981494349716,914.5753910471777,1198.7888966098296
7959990836,7959990844,40.85123587214337,40.85123587214337,189.24336199955653,245.1074152328602
7959990859,7959990870,51.76014326118656,51.76014326118656,231.74818846775256,310.5608595671194
7961465981,7962005236,62.071079672343096,62.071079672343096,274.9427806105897,290.64581222695966
7961465981,7961542987,207.0318574796403,207.0318574796403,973.7659018601963,1026.1417880339172
7961465981,7961542945,184.43086020522853,184.43086020522853,790.4173686459408,837.0755489792762
7961467090,7961542988,228.67067524791057,228.67067524791057,1082.1700660150264,1264.9612811338402
7961467128,7961542904,8.429994862884739,8.429994862884739,38.61031946124738,40.74297893094722
7961467128,7961542909,6.8502835844936545,6.8502835844936545,31.375065097836835,33.10808183085065
7961467128,7961542905,208.0360394399036,208.0360394399036,920.2622345103016,972.8921633260039
7961467128,7961542921,217.8590349296984,217.8590349296984,895.9833502766727,951.0983463661835
7961467136,7961467144,7.653673154643458,7.653673154643458,37.47168883124478,45.922038927860754
7961467144,7961542908,229.25509239487164,229.25509239487164,1073.699485481999,1375.5305543692298
7961511682,7961542813,32.34966410889367,32.34966410889367,152.28264362018342,180.51849876111962
7961511682,7961542817,120.96009265634011,120.96009265634011,556.7440669222786,662.3220303466242
7961542786,7961542792,35.18745776672412,35.18745776672412,158.70660120237375,182.66939164918097
7961542788,7961542789,63.81267728787494,63.81267728787494,285.98545913858555,302.1290882532439
7961542788,7961542911,243.0638393592194,243.0638393592194,1079.545651254993,1141.0370764791421
7961542789,7961771682,58.36350698190609,58.36350698190609,220.46767653481572,235.23274909706177
7961542789,7961542910,243.3122934519596,243.3122934519596,1043.2670468084577,1104.8213271093048
7961542792,7961542845,207.26656095634098,207.26656095634098,910.3580434888114,962.7933060441669
7961542792,7961542798,17.703833061293263,17.703833061293263,73.11076719637248,77.58956556366259
7961542798,7961542848,205.87800546562798,205.87800546562798,904.2592176388114,956.3431969413728
7961542813,7961542917,74.37394361866006,74.37394361866006,353.580825688175,415.0235564669614
7961542845,7961542916,208.48753282680784,208.48753282680784,870.0531025399753,922.7972522612356
7961542845,7961542901,96.47468568467801,96.47468568467801,430.3634882975335,454.77010483268725
7961542848,7961542911,208.07564518794757,208.07564518794757,926.1756622740088,978.8156107368158
7961542848,7961542900,97.33623418416329,97.33623418416329,434.2067660956893,458.8313411937982
7961542885,7961542910,160.55523373387032,160.55523373387032,486.8867370526483,527.5047498986535
7961542899,7961542909,8.396459808324316,8.396459808324316,38.45672516008962,40.58090077507324
7961542899,7961542910,97.34861769222681,97.34861769222681,429.67971947374474,454.30742740955634
7961542899,7961542904,6.840526437927224,6.840526437927224,31.330376275116585,33.06092459962475
7961542900,7961542901,17.515586138570253,17.515586138570253,74.73954127537128,79.17071605701074
7961542900,7961542905,7.148481053295326,7.148481053295326,30.502787089863663,32.31124321115994
7961542900,7961542909,208.05306362768667,208.05306362768667,920.3375422172362,972.9717778914693
7961542901,7961542906,7.179294223264085,7.179294223264085,30.634267827675448,32.450519208612356
7961542901,7961542902,208.13140923030724,208.13140923030724,911.0994549195577,963.7535108302269
7961542902,7961542903,8.195856242218156,8.195856242218156,36.71315227578175,44.01582373065573
7961542902,7961542916,97.19108387259318,97.19108387259318,397.49120597519914,422.07906026961416
7961542902,7961542907,7.477972656612719,7.477972656612719,33.56121537499701,35.45302782087367
7961542903,7961542908,7.488021238399916,7.488021238399916,33.47852932926867,44.92812743039949
7961542903,7961542917,97.20010576536357,97.20010576536357,440.8833726735773,583.2006345921815
7961542904,9732895733,340.9668929509769,340.9668929509769,1513.52138763055,1599.7807845736695
7961542905,7961542906,17.516119002608708,17.516119002608708,74.74181502250605,79.1731246105785
7961542905,7961542936,34.38664026027924,34.38664026027924,136.14862739741966,144.8479202410159
7961542906,7961542945,32.219717067442474,32.219717067442474,127.56902740895704,135.72012190338677
7961542906,7961542907,208.092192106951,208.092192106951,910.9277811686062,963.5719157482591
7961542907,7961542908,8.207122479606118,8.207122479606118,36.763619130808905,44.0763290280061
7961542907,7961542987,215.72699314313897,215.72699314313897,968.0931113132367,1022.6687335146423
7961542908,7961542988,215.67252490155235,215.67252490155235,1000.8895420176318,1193.0580653118989
7961542909,7961542911,97.35511088999993,97.35511088999993,429.7083793095368,454.33772992484523
7961542910,7961542911,8.162810933086366,8.162810933086366,34.67184354503297,36.73690957638508
7961542916,7961542917,8.12900935411111,8.12900935411111,33.704057599867596,40.41969628918904
7961542921,7961542928,207.9093990485515,207.9093990485515,874.9579309156757,927.5558216537449
7961542921,9732895734,123.09583538338723,123.09583538338723,488.87178526933343,520.0131445798608
7961542928,7961542936,183.2307573335308,183.2307573335308,771.6899145342253,818.0444872384261
7961542928,7962005244,80.33815778072756,80.33815778072756,348.77642325807267,369.1007456041812
7961542936,7961542945,17.632627639075107,17.632627639075107,64.38840785172992,68.84919233876772
7961542987,7961542988,8.373298403323952,8.373298403323952,38.92655063671779,41.04486677129733
7961771623,7962005302,46.284818362210146,46.284818362210146,217.03064080564428,277.70891017326085
7961771626,7962005294,161.0847784023665,161.0847784023665,653.6236265244014,694.3756060536924
7961771626,7962005264,78.53145693744523,78.53145693744523,332.03402194239425,351.9012766716167
7961771626,7962005301,46.78529484510581,46.78529484510581,206.50281112246532,218.3387735064294
7961771629,9666019897,38.146250298349926,38.146250298349926,172.38793353113957,182.038350080086
7961771629,9666019852,58.35807005672712,58.35807005672712,255.95495618364808,270.7186532871712
7961771629,7961786812,612.0896695013927,612.0896695013927,2644.626776433325,2799.4760795704915
7961786798,7961786849,37.16221434093525,37.16221434093525,171.1649989915842,222.9732860456115
7961786812,7961786850,33.62481498394842,33.62481498394842,153.11744605232664,180.45679245809785
7961786849,7961786850,15.930754429949847,15.930754429949847,73.70910908729059,95.58452657969909
7961786849,7961786851,6.449445680414617,6.449445680414617,29.962838708253706,38.696674082487704
7961786850,7961786852,6.5739480958772845,6.5739480958772845,30.541252106574795,39.44368857526371
7961786851,7961786852,16.148948150417706,16.148948150417706,75.33092919133404,96.89368890250623
7961786863,7962005329,148.06069169549613,148.06069169549613,493.4810881707907,530.9381734206215
7961786893,7962005434,76.02568581535365,76.02568581535365,365.31989791510887,430.94278823163444
7961786893,7962005399,23.130119651970745,23.130119651970745,117.58852106517216,123.4400867557099
7961786904,7961786907,38.531947695207144,38.531947695207144,185.55191104772254,195.29990312538817
7961786904,7962005398,28.21455517929448,28.21455517929448,135.86815476578425,143.00600470106883
7961786904,7962005432,70.95234273125102,70.95234273125102,336.20305359511656,354.1529086169036
7961786907,7962005398,26.24541750588229,26.24541750588229,126.38570499947915,133.02539328998805
7961993768,7962005405,52.06345461854949,52.06345461854949,226.77950906965435,239.95076496286873
7961993768,7962005397,47.780349124463044,47.780349124463044,214.86980310039652,226.95749896299878
7962005188,7962005396,48.52935339933492,48.52935339933492,229.35834493756704,241.63552739958402
7962005188,7962005345,54.64055078778222,54.64055078778222,255.48212977261954,269.3053514901358
7962005192,9666019856,131.6353317668957,131.6353317668957,607.0470268471395,640.3487478334418
7962005192,9666019842,52.144764065297466,52.144764065297466,234.93566780750987,248.12749374428938
7962005231,7962005236,77.15803728959214,77.15803728959214,337.0308263730443,393.2047237685161
7962005231,7962005298,49.422987053759925,49.422987053759925,231.7455902465896,296.53792232255955
7962005236,7962005298,60.97884401871868,60.97884401871868,259.7803664179546,310.7540103451801
7962005244,7962005297,42.1295527282382,42.1295527282382,187.92597206658212,198.58410306683638
7962005264,7962005301,63.07278389053258,63.07278389053258,304.28279367157035,320.23924109916055
7962005294,7962005300,9.374696191683725,9.374696191683725,40.289710147769426,42.661364571519776
7962005294,9732895734,13.658401931160137,13.658401931160137,58.6998280943056,62.15519440155
7962005294,7962005327,684.9908894059959,684.9908894059959,3132.5106532014115,3305.8028474092157
7962005295,9732895733,194.27345456273002,194.27345456273002,594.0113262399005,643.1595320601266
7962005297,7962005298,17.21314907127353,17.21314907127353,82.54782132353112,96.9366957888458
7962005297,7962005301,13.918492004754048,13.918492004754048,69.73322774157066,73.25439285029086
7962005298,7962005302,14.255730743099138,14.255730743099138,65.30746736266465,85.53438445859483
7962005300,9732895733,13.681047351478071,13.681047351478071,58.7971515064065,62.2582467578403
7962005300,7962005329,684.9840293346996,684.9840293346996,3132.479281621512,3305.7697403364423
7962005301,7962005302,17.304015181938468,17.304015181938468,82.98358118574316,97.44841276117728
7962005327,7962005328,14.326180336423647,14.326180336423647,69.45947960136104,73.08378360819009
7962005327,9666019841,167.07692420762535,167.07692420762535,820.1551059332065,862.4230064924938
7962005327,7962005329,8.996672853282295,8.996672853282295,43.61973672381397,45.89575703799222
7962005328,7962005330,9.18600557292318,9.18600557292318,44.53770312301744,46.861621712821446
7962005328,7962005347,105.89762076689564,105.89762076689564,470.73614506904926,497.5266197277632
7962005329,7962005330,14.305560071378702,14.305560071378702,69.35950369392236,72.97859108980074
7962005330,7962005346,105.92929179630876,105.92929179630876,470.87692914132896,497.67541608497214
7962005345,7962005347,209.27572337535932,209.27572337535932,919.9488632824979,972.8924131296939
7962005345,7962005475,127.56300506890481,127.56300506890481,599.7034115127661,631.97489627266
7962005346,7962005347,8.62947789800281,8.62947789800281,34.880099263147336,37.06322488268578
7962005346,7962005352,195.30826444660914,195.30826444660914,572.20155414359,621.6115510009507
7962005346,7962005424,126.90155433721958,126.90155433721958,473.29617381867894,505.40032168340116
7962005347,7962005425,126.93835742269125,126.93835742269125,473.43343580596854,505.5468942871291
7962005352,7962005378,108.84886035321853,108.84886035321853,197.83280369197465,225.3698967239495
7962005353,8791690431,120.47914568062491,120.47914568062491,539.1696606508386,640.3867385615816
7962005353,8791690421,23.34202188095962,23.34202188095962,103.51213916603304,109.41731287207426
7962005378,7962005386,42.58217049699512,42.58217049699512,77.39309487828862,88.16573123547302
7962005378,7962005424,196.38433171566993,196.38433171566993,514.015781623175,563.6980070036515
7962005386,7962005426,196.22032871224323,196.22032871224323,525.6713814229441,575.3121165576962
7962005392,9666019897,8.774307851050082,8.774307851050082,43.21350557177713,45.43327094921417
7962005392,9666019854,24.279298280288135,24.279298280288135,113.94993716380078,120.09222743055957
7962005392,7962005398,17.113500660615156,17.113500660615156,83.75364907733962,88.08310239696902
7962005392,9666019856,23.453491815647848,23.453491815647848,116.62217119274786,122.55554508344713
7962005396,9666019902,16.75159269795126,16.75159269795126,82.42047303057778,86.65836918365032
7962005396,7962005397,16.570218869627467,16.570218869627467,80.56582615699928,84.75783751194064
7962005397,9666019842,16.773297536803426,16.773297536803426,80.79401890297461,85.03740604754468
7962005398,7962005399,8.874532410549946,8.874532410549946,43.92590786678887,46.171028521351275
7962005399,9666019897,17.121860529182072,17.121860529182072,85.27804610053485,89.60961433875613
7962005405,8791690428,5.670935579791766,5.670935579791766,26.035346605670963,27.470006372730662
7962005405,7962005432,207.20674026920315,207.20674026920315,958.5746284341859,1010.9947572727384
7962005407,7962005432,5.782365651631257,5.782365651631257,26.953546434299255,28.416396301327357
7962005407,8791690428,207.28604520314468,207.28604520314468,958.9415069318991,1011.3816987030054
7962005407,7962005408,8.93501079856424,8.93501079856424,41.04737474528562,48.759784404242474
7962005407,7962005433,125.7689445097663,125.7689445097663,564.9785874945596,686.341265533866
7962005408,7962005435,125.59339258615609,125.59339258615609,555.7321652227823,753.5603555169365
7962005408,7962005434,5.977476347228669,5.977476347228669,27.057943040759426,35.86485808337201
7962005408,8791690434,102.64756299937945,102.64756299937945,467.0152239317112,615.8853779962767
7962005411,8791690425,134.59940248154356,134.59940248154356,593.2268756477615,627.2784610860916
7962005411,8431769846,53.26122773857265,53.26122773857265,245.4517904401668,258.9260645710572
7962005411,7962005463,118.15303548502253,118.15303548502253,530.728354102439,624.8051731396015
7962005411,7962005469,143.29587519807657,143.29587519807657,642.6429743011661,678.8946340211019
7962005424,7962005425,8.25192776019741,8.25192776019741,28.199264983423895,30.28687620588694
7962005424,7962005426,10.095859426255622,10.095859426255622,35.12230800766334,37.676405674431614
7962005425,7962005427,10.096397570936318,10.096397570936318,35.12418014973962,37.678413958862436
7962005425,7962005475,209.49605058080573,209.49605058080573,845.3156568890906,898.31494614168
7962005426,7962005427,8.218574319055328,8.218574319055328,29.097621189619563,31.17679450277712
7962005427,7962005428,209.5166709797353,209.5166709797353,879.512091448681,932.5165973460919
7962005428,7962005475,9.993484809194308,9.993484809194308,47.508303281329866,50.0365017393698
7962005428,7962005429,16.325457190802137,16.325457190802137,77.30809339955357,81.43818380191347
7962005428,8878665892,182.68882597853013,182.68882597853013,833.6017707298136,879.8192431089288
7962005429,8878670822,186.49285946077975,186.49285946077975,798.7063484516538,845.8861829864915
7962005429,7962005430,207.2703233146914,207.2703233146914,894.9091763424916,947.3453907168334
7962005429,7962005476,9.983406710118045,9.983406710118045,46.51814878678246,49.04379764025192
7962005430,7962005433,9.890945960688407,9.890945960688407,41.2577890972629,50.80220958047681
7962005430,7962005431,9.007949257750328,9.007949257750328,36.207295766790395,38.48616883843341
7962005431,7962005468,141.65705424223495,141.65705424223495,580.4498138772198,616.2868770182174
7962005431,7962005435,9.880514394011293,9.880514394011293,41.21427623412231,50.7486306165749
7962005432,7962005434,8.92996326108526,8.92996326108526,41.02418639474956,48.73223918411953
7962005433,7962005435,8.997001144435206,8.997001144435206,38.894520875688436,53.982006866611236
7962005433,7962005476,207.26065919832877,207.26065919832877,935.4130615586123,1135.4124234881222
7962005434,8791690431,102.6333504455265,102.6333504455265,466.950561129923,615.800102673159
7962005435,7962005463,103.21340160948158,103.21340160948158,463.61300197493875,619.2804096568894
7962005463,8791690434,125.5147439460851,125.5147439460851,579.4557578536911,753.0884636765106
7962005468,7962005469,218.32188883023608,218.32188883023608,963.0066296967925,1018.2387207276557
7962005469,12987924189,84.16121483398379,84.16121483398379,400.5930441040038,421.8845412776708
7962005475,7962005476,16.336739944281742,16.336739944281742,76.42395789972954,80.55690266575678
7962005476,8791690428,125.22249355503612,125.22249355503612,581.9340660908957,613.6134373174862
7963887445,7963887456,51.80163438842482,51.80163438842482,226.29228086049082,310.80980633054895
7965680848,9730051942,75.17969973326451,75.17969973326451,260.5293707520192,279.5486822905403
7965680848,7965680871,73.24618834220226,73.24618834220226,250.04975866934493,268.57992146637906
7965680848,7965680872,95.33757718532837,95.33757718532837,306.82943372009896,330.9483792366272
7965680850,7965680872,116.15992352186822,116.15992352186822,404.71352012496436,434.1002000610597
7965680850,13114390050,76.81737550050504,76.81737550050504,276.7322966707742,296.16591507307294
7965680865,7965696210,38.30705881274525,38.30705881274525,171.92669130504294,229.84235287647147
7965680865,10829151813,29.785442672307013,29.785442672307013,140.38750109676465,178.71265603384208
7965680871,10829151809,33.563895399345505,33.563895399345505,119.80440252949967,128.29555353584018
7965680871,7965696102,384.2016176644237,384.2016176644237,1470.001171530005,1567.1982910435088
7965680872,10829151809,6.576948388690434,6.576948388690434,22.190385801456024,23.854252920120903
7965680872,9706857112,193.83772548772774,193.83772548772774,621.4296783200708,670.4676513639854
7965696088,7965696093,5.4919856860417084,5.4919856860417084,15.683079804734268,17.07246799195136
7965696088,7965696102,221.0973926134461,221.0973926134461,727.0100034286519,782.944254368593
7965696088,7965696089,7.463540364226706,7.463540364226706,20.772182687734823,22.660343984882783
7965696088,13114400131,70.53692467439187,70.53692467439187,233.04146272041285,250.8862233421137
7965696089,13114400132,75.34721480465797,75.34721480465797,256.0234385480789,275.08512883168055
7965696089,7965696093,6.771939481996948,6.771939481996948,19.97534533534592,21.688542211431905
7965696138,7965696319,46.48507665521989,46.48507665521989,193.2279873683005,204.98799915252513
7965696138,7965696306,56.95702538564104,56.95702538564104,232.30919979593622,246.718454075488
7965696210,10829151813,29.176527082566576,29.176527082566576,137.79545418654496,175.05916249539945
7965696228,7965696351,81.56106801322926,81.56106801322926,273.4607480956151,294.0944479835084
7965696228,7977056124,44.49479575975735,44.49479575975735,167.3139822421664,178.57048347055914
7965696228,7977056128,53.33400552182107,53.33400552182107,182.75667874709475,196.24936454147402
7965696230,7977056124,301.4000605715559,301.4000605715559,1055.2702428653758,1131.519837770357
7965696230,7977056103,55.14416098795185,55.14416098795185,138.59085583136556,152.54148320925273
7965696231,7965696232,47.87584707429352,47.87584707429352,227.1869038318987,287.2550824457611
7965696231,10829151813,38.04812004050064,38.04812004050064,184.29963649010722,228.28872024300387
7965696232,10829151813,37.98086299695725,37.98086299695725,184.18700932331132,227.88517798174348
7965696306,11553088688,15.986578464015789,15.986578464015789,71.2773003554819,75.32165963492704
7965696319,11553088688,31.492388101254008,31.492388101254008,142.8706001331887,150.8376915490213
7965696340,7973099504,26.469547777414427,26.469547777414427,94.22909844471553,100.92548825803719
7965696340,7973099505,198.6336820877191,198.6336820877191,635.5384147177992,685.7896912601861
7965696340,7973099584,31.429843648661798,31.429843648661798,117.86697372775839,125.81824235588262
7965696350,7965696351,137.0212537290692,137.0212537290692,476.5758279977754,511.2401046750979
7965696351,7975286455,185.2070890854464,185.2070890854464,502.3335433493781,549.1880976899315
7967774247,7977050954,281.1366720663778,281.1366720663778,791.5859658170984,862.7092340651038
7967774247,7977056074,279.82098623325646,279.82098623325646,822.3705063118274,893.1609262133279
7967774247,12144580997,65.8233466817326,65.8233466817326,180.5033151364835,197.15561278451494
7967774249,12144580997,179.53539084426646,179.53539084426646,522.0861430964977,567.5058447283517
7967774249,7975286312,69.31507384137848,69.31507384137848,212.30433898823787,229.83999007998403
7967774255,7979256862,209.89880806636876,209.89880806636876,575.658749143731,628.7599298659536
7967774255,7977056073,138.62740448596276,138.62740448596276,460.48050233019785,495.55111052695406
7973099505,7973099506,53.30703719821918,53.30703719821918,145.52378161971248,159.009644841641
7973099505,7973114848,231.54058727622984,231.54058727622984,659.3193860349659,717.8956051319176
7973099506,7973099508,725.3199426286517,725.3199426286517,1846.5572444607915,2030.052070895336
7973099507,7973114859,377.6653286926129,377.6653286926129,1233.2147530533912,1328.7582916573976
7973099507,7973099508,39.53946223054909,39.53946223054909,114.64933583897657,124.65221364903066
7973099508,7973099509,75.5320983469329,75.5320983469329,229.5260320324149,248.63449501797393
7973099522,7973099524,195.5187067514188,195.5187067514188,485.6937085136308,535.156944048058
7973099522,7973099523,19.69343958714442,19.69343958714442,62.04926616025705,67.03140447820533
7973099522,7973099528,43.94423489920421,43.94423489920421,131.87019135087934,142.98740912157106
7973099523,7973099530,294.04054722539854,294.04054722539854,938.769038373004,1013.1567892216897
7973099528,7973099529,226.350778769406,226.350778769406,773.8439784315951,831.1072555353392
7973099529,7973099530,47.29621729969234,47.29621729969234,170.766806777209,182.73202470981565
7973099529,7973099532,171.90857756204758,171.90857756204758,602.496184947064,645.9864197364683
7973099530,7973099531,88.5701125660656,88.5701125660656,308.17957952492486,330.5864602370399
7973099531,7973099532,39.33282623276708,39.33282623276708,132.69580199272593,142.64640406304133
7973099531,7973099533,120.89550800777828,120.89550800777828,433.8230572759448,464.4077674911456
7973099533,8298792534,17.00298971266861,17.00298971266861,58.7006917919443,63.002187535860216
7973099537,7973114863,34.77040576221875,34.77040576221875,95.06470834214785,103.86108797466478
7973099537,7973099584,304.3065091925968,304.3065091925968,946.7282323727915,1023.7131142234563
7973099537,7975286412,213.8174515770591,213.8174515770591,629.6439648228504,683.7365022810357
7973099538,7975286578,63.63013079740736,63.63013079740736,248.80584589829272,264.9032935492742
7973099541,7975286412,136.34348073665043,136.34348073665043,495.3275549469611,529.8203654473642
7973099541,7975286578,64.92878559575949,64.92878559575949,248.510152379826,264.93613978659914
7973114848,7973114859,26.74093359437357,26.74093359437357,81.00400419912664,87.76905046383337
7973114848,8298779513,31.734033171407898,31.734033171407898,91.47285175568763,99.50107566988495
7973114851,7975286501,203.1760799173959,203.1760799173959,500.566618451871,551.96705201086
7973114851,8298792534,33.01450906864774,33.01450906864774,90.2851754611101,98.6373401477976
7973114851,8298792552,11.903117168522469,11.903117168522469,21.630473204382394,24.641779374942665
7973114859,8298792534,33.56144076350306,33.56144076350306,110.86028746828529,119.35081748938688
7973114863,8298792552,112.91661651377626,112.91661651377626,268.4707037460552,297.03687672853374
7973114863,8298779513,110.98944623443674,110.98944623443674,332.8798215067213,360.9584499517704
7975286295,7975286544,169.22067175621567,169.22067175621567,504.7788906968986,547.5891265226373
7975286312,7977050923,206.00303418179968,206.00303418179968,610.1613146570629,662.2769243081434
7975286318,7979256811,243.4964911660656,243.4964911660656,648.0271857936791,709.6280652924705
7975286318,7975286323,59.8422909055935,59.8422909055935,205.3404999216228,220.47968214701672
7975286323,7979256862,166.5178680693302,166.5178680693302,486.39888435081974,528.5253522773686
7975286330,8298792601,22.264328757915738,22.264328757915738,60.59160737157709,66.22414123836893
7975286330,8298792552,150.95321956002195,150.95321956002195,335.7257263687936,373.9145768263127
7975286330,7975286501,61.68193205083599,61.68193205083599,177.06019445671345,192.6647776904193
7975286343,7975286500,6.009833888893885,6.009833888893885,15.980019704152244,17.500415548152393
7975286343,7975286422,289.16256480436124,289.16256480436124,820.2282255785731,893.3819216535059
7975286343,7975286429,87.15732443279363,87.15732443279363,262.5732576262655,284.6227245985018
7975286345,7975286415,129.08372484627859,129.08372484627859,428.35474629190077,461.01094984305456
7975286345,7975286412,21.05622334631638,21.05622334631638,70.22646325960541,75.55336497734498
7975286422,7975286430,15.087989383346285,15.087989383346285,45.477465001127314,49.294495018404575
7975286429,7975286583,223.20351914189075,223.20351914189075,610.687080435777,667.1541491007974
7975286430,7975286501,14.09693055368482,14.09693055368482,41.758756524317754,45.32506385048012
7975286430,8298792591,12.131057177025058,12.131057177025058,35.93533082317354,39.004302321597386
7975286455,7975286488,72.89175016983265,72.89175016983265,204.1205077203864,222.56100309329727
7975286462,7979238484,165.4372399297299,165.4372399297299,446.0067716671134,487.8598572402175
7975286462,7975286521,166.7875109326594,166.7875109326594,387.9317275187423,430.12641095612713
7975286501,8298792591,14.742294060708236,14.742294060708236,42.90549309565238,46.63506749576183
7975286501,8298792564,24.966978610351973,24.966978610351973,72.66308241950063,78.97934526772492
7975286514,7975286521,4.360313785609578,4.360313785609578,11.31896952227122,12.422062067046614
7975286514,7977050964,221.46872119669897,221.46872119669897,716.0240648214761,772.0522562005664
7975286514,7979238484,2.6599667869621877,2.6599667869621877,7.8892765433476395,8.562207363540422
7975286514,7979256597,235.9990190501848,235.9990190501848,721.8481180040097,781.5522519926536
7975286521,7979238484,4.372111381158249,4.372111381158249,12.825771890320322,13.931849045914085
7975286522,7975286528,31.949213582521953,31.949213582521953,103.34206409478965,111.42472535431405
7975286522,7975286534,40.8039128854612,40.8039128854612,136.54753061221234,146.87029505411235
7975286528,7986450948,224.93273414393232,224.93273414393232,666.2292782229076,723.1338117748272
7975286528,7975286534,48.16453359962417,48.16453359962417,148.14186079115038,160.32674943647564
7975286534,7986471593,193.09181645575487,193.09181645575487,618.5145682261028,667.3638377196065
7975286536,7975286544,56.97119762325566,56.97119762325566,186.76497751707882,201.17781715548873
7975286574,7975286583,296.7186960644458,296.7186960644458,695.1914529863197,770.2567344356474
7975286583,7977056082,64.65723448481478,64.65723448481478,178.00670523970354,194.36399437824718
7975286583,7977050954,129.79607257838316,129.79607257838316,318.4322226263839,351.2686392335718
7977050923,7977050954,309.7815826091842,309.7815826091842,892.302473754896,970.6724652478688
7977050964,7977056084,226.32914098221775,226.32914098221775,819.1172482854573,876.375051360747
7977050965,7979256648,162.50946987484554,162.50946987484554,387.13261607027704,428.24502070178966
7977050965,7977056079,134.7691316722421,134.7691316722421,375.02398374979964,409.1185080714524
7977050965,7977056084,200.65165577705434,200.65165577705434,593.771525810635,644.533318761177
7977056072,7977056073,416.5384000385017,416.5384000385017,1137.2085011516444,1242.5863308875626
7977056073,7977056074,15.478931378114153,15.478931378114153,51.778700200241836,55.69463254911076
7977056073,7977056078,7.865673509498138,7.865673509498138,28.652931503954644,30.642826322212937
7977056074,7977056079,7.716888993017774,7.716888993017774,23.516715228021855,25.468969844455877
7977056074,7977056082,333.8521460669655,333.8521460669655,1076.317991202079,1160.777466251591
7977056078,7979256736,255.31632066910123,255.31632066910123,697.049516493134,761.6406316599055
7977056078,7977056079,15.778702688174288,15.778702688174288,52.78146766610087,56.7732375609639
7977056078,7979256695,173.87291447550717,173.87291447550717,541.9693155825373,585.9564974980444
7977056079,7979256640,156.21007055521994,156.21007055521994,440.41387622040793,479.9326293929418
7977056082,7977056084,8.274237209091696,8.274237209091696,28.136026829128728,30.22928200016138
7977056084,7979256597,166.04497521515935,166.04497521515935,571.9854391633199,613.9922724471433
7977056101,7979256626,192.7666511975523,192.7666511975523,424.93518131062393,473.7021889785392
7977056103,9393473366,70.94265369460801,70.94265369460801,189.25532832921127,207.20273217325922
7977056115,7979256597,70.92935509339301,70.92935509339301,241.56241497441843,259.50645447622463
7977056115,7979256646,2.8772238886202355,2.8772238886202355,9.558902171720792,10.286795708112908
7977056115,7979256648,127.12008184613009,127.12008184613009,353.9470114478446,386.1064434223258
7977056116,7977056128,7.169750994313329,7.169750994313329,20.395199364836163,22.209036455144865
7977056116,7979256646,225.3833670677674,225.3833670677674,663.2308804888033,720.2494172623151
7977056116,7977056117,7.284628454789286,7.284628454789286,20.72198180271881,22.564881129472965
7977056117,7977056128,3.9701426762913297,3.9701426762913297,12.411233425529424,13.415618660914346
7977056117,7977056124,53.91983617654696,53.91983617654696,186.55200649661674,200.19289846594194
7979238484,7979256612,236.7913413857485,236.7913413857485,804.2205820546776,864.1251614480315
7979256597,7979256612,2.777712290352759,2.777712290352759,9.691678949839138,10.394397577368087
7979256612,7979256646,70.1867564509854,70.1867564509854,239.0333644680306,256.7895378972382
7979256626,7979256640,23.136416956376827,23.136416956376827,59.95348737484797,65.80664618686369
7979256626,8434720733,21.99111117640337,21.99111117640337,62.25881760410083,67.8222316111563
7979256640,7979256648,174.4610501807467,174.4610501807467,421.9987353047031,466.1347065375998
7979256646,7979256649,127.04046451034785,127.04046451034785,353.72532878645615,385.86461879550683
7979256647,7979256649,162.97156953616954,162.97156953616954,495.2715577886547,536.5008665505609
7979256648,7979256649,3.70735508542487,3.70735508542487,8.328342049427098,9.266246052818815
7979256649,12098191727,94.804984003759,94.804984003759,193.30254846779872,217.28675607396684
7979256822,7979256831,33.111975484957334,33.111975484957334,75.91841191080293,84.29523410667058
7979256831,7979256883,106.25462596459543,106.25462596459543,234.51738890226326,261.3981804031569
7979256832,7979256883,101.3469338909281,101.3469338909281,223.68549221819518,249.3247128586653
7979256862,7979256883,95.74578764738969,95.74578764738969,243.25247148919124,267.4746879948133
7979256862,12144580997,17.13668514943697,17.13668514943697,44.02878018529552,48.36409882518199
7986450947,7986471593,137.6809602482984,137.6809602482984,422.37617452541764,457.207346838899
7986450947,7986450948,247.4335430357872,247.4335430357872,727.0434357522382,789.6403290196298
7986450948,8298792564,205.45531654595914,205.45531654595914,603.0411402009875,655.0181856866329
7986450971,7986471593,267.5118638347999,267.5118638347999,1028.793730519673,1266.9106778564064
7992164359,7992164372,10.30128385489529,10.30128385489529,34.392615408971544,36.99868230705868
7992164359,7992170550,278.5953996800267,278.5953996800267,1074.9221048502159,1336.0958123933235
7992164359,12987924263,136.5825982857958,136.5825982857958,541.5740413398602,655.0267442500572
7992164372,7992170524,286.0914611549501,286.0914611549501,1103.8446290123727,1372.0456391226633
7992170511,7992170524,43.38549991303692,43.38549991303692,195.87850907552846,260.3129994782215
7992170511,7992170512,198.10242357051268,198.10242357051268,898.707377827022,1057.3241396156059
7992170512,7992170518,7.487289429100889,7.487289429100889,33.10531461390293,34.9994840603943
7992170512,7992170513,95.3701343279666,95.3701343279666,415.05360520754505,509.0152023680317
7992170518,13664196095,204.56169138916226,204.56169138916226,928.0103592815361,1091.798931320865
7992170550,7992170555,47.35942937682881,47.35942937682881,225.76880830529194,284.1565762609728
7992170556,13664196095,38.309967417983174,38.309967417983174,185.48798859600473,229.85980450789904
7992170556,7992170569,62.75369540378632,62.75369540378632,299.3044493664061,337.6178223360448
7992170569,13664196095,85.2531904481888,85.2531904481888,390.40558687404723,458.66616015382806
7992170569,7993875258,150.51709376705077,150.51709376705077,679.2387700029706,809.7890187183434
7992170585,8431765802,113.17536534431059,113.17536534431059,409.9831109103734,438.61474338039466
7993875250,7993875258,93.18680547184518,93.18680547184518,419.82754738065074,559.1208328310711
7993875258,7993875261,29.679323556020766,29.679323556020766,136.47706877337538,162.2192816674083
7993875260,7993875265,35.85074141551287,35.85074141551287,168.1547030398244,177.2243910312344
7993875261,7993875266,26.545445536429202,26.545445536429202,117.88943352394018,124.60502430679082
7993875261,7993875265,57.50420209144931,57.50420209144931,270.98405921776504,285.5317408157461
7993875263,7993875264,37.28669814703632,37.28669814703632,170.78578543782785,180.21874846930294
7993875264,7993875267,20.161052565102615,20.161052565102615,91.59031965331441,96.69075688624635
7993875264,7993875266,60.30187921662839,60.30187921662839,263.71622258317285,278.9716736058358
7993875265,7993875267,18.348456454392785,18.348456454392785,85.22210546570447,89.86398366946477
7993875266,7993875267,56.808601610457266,56.808601610457266,248.43918666486593,262.8108920046114
8002408174,8002408175,157.45644286551646,157.45644286551646,670.1981409831739,710.0322072435042
8002408175,11111332283,127.82756439606511,127.82756439606511,484.54252310955667,516.8809373235656
8002408176,11111332276,129.81011265319728,129.81011265319728,564.4752353333159,597.3152038641995
8002408178,8002408180,9.629691387329393,9.629691387329393,43.84067317838168,57.77814832397635
8002408180,8002408198,41.33507182629595,41.33507182629595,186.2523646044351,220.46899668392405
8002408180,8002408185,47.03551406291316,47.03551406291316,222.7317647554658,261.667148395866
8002408185,8002408198,56.53106156501841,56.53106156501841,262.5246434406877,276.8261354035862
8025306506,8025306509,68.80167738636997,68.80167738636997,166.22902769252116,183.63479735144406
8025306506,8025306528,20.2017052959229,20.2017052959229,36.71659937533987,41.82732112596882
8025306507,8025306509,51.92869770266618,51.92869770266618,182.3137844416954,240.62735616546757
8025306509,8025306510,65.78160094325177,65.78160094325177,159.5687691148987,176.2105057310507
8044279502,8044291626,17.831322835022092,17.831322835022092,69.23433907534235,73.74539040098593
8044279502,8044291609,181.92977939636356,181.92977939636356,736.5523978231952,782.5778430530974
8044279541,8044279549,149.97663954769268,149.97663954769268,739.5840659171714,777.5258566024025
8044291595,8044291662,74.34897943023897,74.34897943023897,237.0207554828373,255.82990751951579
8044291609,8044291611,17.401005162757933,17.401005162757933,68.45931968515106,72.86150723641991
8044291611,8044291626,185.599218782631,185.599218782631,699.412145924314,746.3659030669633
8044291662,8044291669,163.3348316745235,163.3348316745235,418.618845388513,459.94005390266636
8060848736,12089221626,7.907471204607555,7.907471204607555,37.4494556844099,39.44992467877822
8060848736,13072493356,307.09780501853857,307.09780501853857,1519.2635564530842,1734.7683039980238
8060848736,8060848749,228.2373024150889,228.2373024150889,1143.5606044023355,1289.292308669566
8060848749,13072493341,28.50279199317587,28.50279199317587,137.75630167269742,171.01675195905523
8071642695,8071647055,7.8820658801546175,7.8820658801546175,34.07298731748075,36.06702915422246
8071642695,8071642709,165.1187954539978,165.1187954539978,712.979765710082,754.7522897125341
8071642705,8071647061,8.774392313469304,8.774392313469304,40.90802516530243,43.12781191043674
8071642705,8071642706,125.54159051185351,125.54159051185351,516.5728518545568,548.3329497195112
8071642706,8071642707,31.312346656220672,31.312346656220672,115.33250882144358,123.25405251169224
8071642707,8071647050,118.84258462231655,118.84258462231655,495.5404217956098,525.6057738653092
8071642709,8071647039,7.836776076826732,7.836776076826732,35.62803978964535,37.61062400043127
8071642709,8169270312,219.8069601032459,219.8069601032459,977.7324150626171,1161.2507366745779
8071647039,8071647053,20.173882926278075,20.173882926278075,96.41932169712464,101.52300481474639
8071647039,8071647055,164.9363421830558,164.9363421830558,750.64698394808,792.3733500699661
8071647039,10050110835,218.36915199541724,218.36915199541724,1022.2497942671317,1204.567680139365
8071647047,8071647061,96.66926268216841,96.66926268216841,383.51517502564644,407.97101655832785
8071647050,8071647051,20.404371210746543,20.404371210746543,92.63914734547596,97.80114046571595
8071647050,8071647055,192.69433406106336,192.69433406106336,853.9260668897507,902.6747794307455
8071647051,8071647057,191.6144944625034,191.6144944625034,902.7637566323177,951.2392863086627
8071647053,8185629262,229.6169128421923,229.6169128421923,1007.6035879788461,1065.693146933639
8071647053,8071647057,165.1076104809681,165.1076104809681,797.6315452719705,839.40123964771
8071647053,8185629258,222.8821258073777,222.8821258073777,1019.1959187419388,1229.4621414015353
8071647055,8071647057,20.52015301237052,20.52015301237052,94.44807190741774,99.63935604855021
8071647061,8071647064,105.24209619520406,105.24209619520406,491.8936609843624,518.5182979755358
8071647064,8071647126,138.41947233169725,138.41947233169725,450.0808705933684,485.0988751426655
8071647082,8071647108,253.67507832450977,253.67507832450977,1126.2335132353296,1299.82509286944
8071647082,9660848467,59.68765791648444,59.68765791648444,289.89240467449855,358.1259474989066
8071647082,9660848480,46.89720140388602,46.89720140388602,234.67407595277157,281.38320842331615
8071647091,8071647107,112.16494968991738,112.16494968991738,392.88134115516937,522.7158470561562
8071647092,8071647107,14.046164582838847,14.046164582838847,55.31268501363105,84.27698749703308
8071647092,8071647105,88.00172679724226,88.00172679724226,308.24456787661944,410.1093727799345
8071647092,8071647108,173.25226003684253,173.25226003684253,687.1954612965474,887.7404768321337
8071647094,9660848469,86.35023633901206,86.35023633901206,400.57498534724675,518.1014180340724
8071647094,9660848481,59.22821389928344,59.22821389928344,292.4704320119348,355.3692833957006
8071647094,8071647109,241.1947639730574,241.1947639730574,1121.5356484786166,1447.1685838383444
8071647107,8071647109,173.3231030338251,173.3231030338251,735.3538878920475,1039.9386182029507
8071647108,8071647109,14.437044338538264,14.437044338538264,61.66350687702811,73.97507323953631
8076307465,8076307469,180.88264319051754,180.88264319051754,774.3263118700955,820.0868476923662
8076307469,10579173219,308.7502832032664,308.7502832032664,1469.2051763121324,1547.3142648650798
8076307469,10556743824,62.94234057471141,62.94234057471141,297.3061849922049,313.22963226056964
8076307471,12987924215,544.6797643850038,544.6797643850038,2260.699440807321,2398.4950713342005
8109948015,8516218128,102.165851666654,102.165851666654,206.06181003948268,231.90820432331964
8109948015,8516154876,191.28648929031775,191.28648929031775,634.9508387717844,771.8873397115566
8109948015,8109971621,218.66221994825958,218.66221994825958,716.7902040614625,882.3550470160076
8109971621,8109971648,113.32194149544334,113.32194149544334,529.7965388013679,615.6007049322924
8109971622,8109971643,84.33480285679235,84.33480285679235,394.11252014678854,469.90854784252184
8109971632,8109971643,118.97797779366272,118.97797779366272,510.33603409658656,713.8678667619763
8109971662,13148610627,26.87913826917707,26.87913826917707,124.97885174837783,131.77886167715204
8146911905,8146911911,328.42299240329316,328.42299240329316,1635.684751080406,1970.537954419759
8146989123,8482608240,159.13452501059245,159.13452501059245,639.3433186174557,743.5479304530913
8146989184,8453450228,63.41215113138083,63.41215113138083,316.9856412799408,380.472906788285
8146989184,12326760183,33.41920489070265,33.41920489070265,167.14044377881433,200.51522934421592
8146989184,12326760184,62.88490584965049,62.88490584965049,312.9501355821162,377.3094350979029
8146989191,12326760184,28.17712125101294,28.17712125101294,137.00486693753106,169.06272750607764
8148654288,13148610627,190.1003981031473,190.1003981031473,917.6511266971569,1058.1810317217023
8167951077,8882319736,187.38500738856405,187.38500738856405,734.1403146875753,781.5458489716427
8167951092,8169270268,174.8347287601077,174.8347287601077,711.1771202401154,921.2959183048383
8167951092,8167985481,212.22431277806638,212.22431277806638,805.2853644416365,1273.3458766683982
8167985467,8167985481,90.70315512696416,90.70315512696416,334.73268445865995,544.218930761785
8167985467,8882319736,333.36181501732113,333.36181501732113,1234.8042285646347,1670.1398969058887
8167985481,8169270268,214.74063265426085,214.74063265426085,861.7229884130619,1131.5810637944064
8167985613,8167985858,362.59427780472913,362.59427780472913,1633.5386754845895,2175.5656668283746
8167985613,8167985854,171.33780228937084,171.33780228937084,897.9309201973376,1028.026813736225
8167985621,9577362648,267.1784145696928,267.1784145696928,1351.876032936768,1603.0704874181567
8167985621,8167985788,244.26801315360572,244.26801315360572,1114.876126569023,1465.6080789216344
8167985621,8167985622,181.26352412641694,181.26352412641694,838.4019752471554,1087.5811447585015
8167985622,8167985624,126.23380713651814,126.23380713651814,533.7948113087325,757.4028428191089
8167985624,8167985625,55.61907098103697,55.61907098103697,247.11037399015765,333.7144258862218
8167985625,8289756744,76.19978308167832,76.19978308167832,334.2696386580226,457.1986984900699
8167985625,8289756746,49.344550182113586,49.344550182113586,201.14631505291968,296.06730109268153
8167985645,8167985719,200.35798003204906,200.35798003204906,884.1640985057164,1202.1478801922945
8167985645,8167985658,164.51498107705987,164.51498107705987,726.8427884986015,896.8483268917398
8167985645,8167985710,173.60699823888092,173.60699823888092,829.1958054446073,1041.6419894332855
8167985649,8792350041,128.7624363235916,128.7624363235916,671.3661673735423,772.5746179415496
8167985649,8169270274,378.70302927608196,378.70302927608196,1700.1770860703132,2272.218175656492
8167985658,8289756747,76.8330136282194,76.8330136282194,355.3270451556541,418.85279548032213
8167985663,8167985664,124.11584919119984,124.11584919119984,486.52984229096484,744.695095147199
8167985663,8167985719,91.44402393726352,91.44402393726352,381.50465030412295,548.6641436235811
8167985697,8167985701,156.95029511911568,156.95029511911568,768.202852079328,878.6663378005112
8167985701,8869448109,159.94410727568263,159.94410727568263,781.3038262763813,959.6646436540957
8167985701,8167985760,259.41619652954984,259.41619652954984,1201.1030586473212,1556.4971791772991
8167985710,8167985720,200.0206589002781,200.0206589002781,1005.6717614277264,1200.1239534016686
8167985710,8167985753,110.77786056594478,110.77786056594478,583.5620024483267,664.6671633956687
8167985719,8167985720,172.46056831400278,172.46056831400278,804.4389185829039,1034.7634098840167
8167985720,8167985727,110.58436054433307,110.58436054433307,525.0184472262258,663.5061632659983
8167985726,8167985727,156.39411023334736,156.39411023334736,647.1783446483739,938.3646614000842
8167985727,8167985753,199.47951952985062,199.47951952985062,994.9423625944537,1196.8771171791036
8167985753,8167985804,134.42492013377483,134.42492013377483,645.7173137611813,806.549520802649
8167985759,8167985760,237.10141055993694,237.10141055993694,1114.283134008895,1422.6084633596215
8167985759,8167985780,223.8965680513704,223.8965680513704,1040.5442308065976,1343.3794083082223
8167985760,8167985768,285.25558211251473,285.25558211251473,1308.0710393036393,1711.5334926750884
8167985780,8167985788,71.03002641384562,71.03002641384562,290.1604986053482,426.1801584830737
8167985780,8167985792,47.665293746964515,47.665293746964515,223.16753687081837,285.9917624817871
8167985788,8167985792,56.80763022622864,56.80763022622864,253.17293614130222,340.84578135737183
8167985792,8869177731,8.783103287255503,8.783103287255503,44.39577912752592,52.69861972353302
8167985804,8869177731,49.31783652239934,49.31783652239934,234.09883976350108,295.907019134396
8167985814,8167985843,737.4761334025343,737.4761334025343,3630.9269685206896,4424.856800415206
8167985814,9757737411,48.557208824984656,48.557208824984656,243.27004520463652,291.34325294990794
8167985833,8794485628,253.9253064634351,253.9253064634351,1080.008895464936,1523.5518387806105
8167985833,8792350041,66.72550975833609,66.72550975833609,350.9376847516844,400.3530585500165
8167985833,8869177732,44.971514590786406,44.971514590786406,238.14504456287483,269.82908754471845
8167985843,8167985854,74.0039005102679,74.0039005102679,381.4065533218827,444.0234030616074
8167985858,8167985871,109.66059014558435,109.66059014558435,400.31877623340785,657.9635408735061
8167985858,8167985893,242.74382526050036,242.74382526050036,870.8430395966199,1456.4629515630022
8167985871,8168061641,100.12729176750719,100.12729176750719,365.0618326086766,600.7637506050431
8167985880,8167985895,99.63523012626794,99.63523012626794,421.8275233782354,597.8113807576076
8167985880,8167985894,128.08757018584146,128.08757018584146,445.86212466799446,768.5254211150487
8167985894,13146343907,38.28119564793615,38.28119564793615,127.15124462675297,229.6871738876169
8167985895,13146343907,53.80340364323278,53.80340364323278,219.21167944924483,322.8204218593967
8168044500,8168044501,222.2799185303679,222.2799185303679,869.8557858854346,1333.6795111822073
8168044501,8168061672,14.211472446089598,14.211472446089598,69.84022793164452,85.26883467653758
8168044501,8495464684,24.81849891890141,24.81849891890141,114.93631495454977,148.91099351340844
8168044516,8169270274,236.32728342017583,236.32728342017583,887.6368492309921,1417.963700521055
8168044516,8168061764,34.73088370699653,34.73088370699653,148.9528661572162,208.38530224197916
8168061639,8168061761,221.12472123432482,221.12472123432482,1108.4103162191866,1326.7483274059489
8168061639,8168061641,58.22455054512944,58.22455054512944,259.00578622119644,349.34730327077665
8168061639,8168061765,37.23032746384327,37.23032746384327,195.330322499925,223.3819647830596
8168061641,8168061765,37.02269428487886,37.02269428487886,167.9745409551708,222.13616570927314
8168061648,8168061761,9.837001622541734,9.837001622541734,45.9272629223801,59.02200973525041
8168061648,8169270272,107.21954845632676,107.21954845632676,474.761938048977,643.3172907379605
8168061648,8168061649,112.52342496986603,112.52342496986603,507.52506720552435,675.1405498191962
8168061656,8168061672,93.76323868299929,93.76323868299929,451.2214628162769,562.5794320979958
8168061656,8168061714,114.27809554271371,114.27809554271371,538.6095712415917,685.6685732562823
8168061656,8168061678,66.19863645321288,66.19863645321288,322.2785603917203,397.1918187192773
8168061659,8869177719,73.56631531110814,73.56631531110814,309.3250724320706,441.3978918666488
8168061659,8168061672,193.06404540154037,193.06404540154037,925.5579779235682,1158.3842724092422
8168061668,8168061706,114.52602172906633,114.52602172906633,527.2028686307042,629.5794013024625
8168061672,8168061706,114.83265044881786,114.83265044881786,554.3032406098677,631.2650193208724
8168061678,8168061691,54.301290878961055,54.301290878961055,273.11027965714163,325.80774527376633
8168061678,8168061766,29.293211342507004,29.293211342507004,151.71463921270936,175.759268055042
8168061691,8168061766,39.671102924967954,39.671102924967954,205.6600409710332,238.02661754980772
8168061691,8869177730,74.59046301223947,74.59046301223947,377.1558234470663,447.5427780734368
8168061706,8168061714,91.27434388360913,91.27434388360913,431.53151120657617,501.75886587994034
8168061714,8869177730,96.13787759643854,96.13787759643854,470.70959030013967,576.8272655786312
8168061727,9666019868,277.5285137147827,277.5285137147827,1162.8324577221192,1412.4815347992694
8168061727,8869177769,50.0699903255517,50.0699903255517,227.68105707823776,300.4199419533102
8168061727,8869177775,34.87126836256598,34.87126836256598,163.75146129925542,209.22761017539585
8168061742,8168061756,47.38575847507954,47.38575847507954,241.40974355394715,284.31455085047725
8168061742,8168061767,38.23158954318253,38.23158954318253,200.4850353355518,229.38953725909516
8168061742,8169270272,110.89408699442032,110.89408699442032,529.0114903626006,665.3645219665219
8168061756,8869177764,78.18465648335201,78.18465648335201,395.24777057581304,469.1079389001121
8168061756,8168061767,37.760562381583576,37.760562381583576,195.72261886084945,226.56337428950144
8168061761,13154859280,86.63341185230672,86.63341185230672,400.02753377063095,519.8004711138403
8168061764,8168061765,7.792441736840274,7.792441736840274,39.636853845000275,46.754650421041646
8168061764,8168061766,11.239308180659432,11.239308180659432,57.16147210713754,67.43584908395658
8168061765,8168061767,11.035620728475738,11.035620728475738,58.86326801820672,66.21372437085444
8168061766,8168061767,7.677058301753303,7.677058301753303,40.94336392576474,46.06234981051982
8169270268,8882319736,83.84763897769461,83.84763897769461,337.61516982599255,358.8273371150913
8169270274,8490782025,161.37598105225874,161.37598105225874,706.8463076602335,968.2558863135524
8169270312,10050110835,8.054577094275073,8.054577094275073,36.91550501867977,48.327462565650436
8185629258,10050110835,61.16462166880306,61.16462166880306,273.69219278100775,366.98773001281836
8185629258,9222802798,184.8748279894603,184.8748279894603,796.3112262363961,1109.2489679367618
8185629262,9222802798,214.2193162753094,214.2193162753094,883.1600641428712,1097.869685073292
8195511757,9000013660,248.31079218409818,248.31079218409818,1124.3246904911834,1187.1435143449944
8195511757,8195511761,108.72465124416144,108.72465124416144,490.0227329706657,587.4520962219013
8195511793,9000013660,144.80609180454874,144.80609180454874,672.1414467939834,778.7323881719723
8198614155,8198655610,212.04787890181152,212.04787890181152,994.143675411556,1047.7885381101985
8198655607,8198655610,14.093397300534695,14.093397300534695,63.334846285261584,66.90025975254122
8198655607,8198655625,36.659551272183265,36.659551272183265,157.24785698707927,166.52216147328804
8198655607,8198655615,36.949757948308715,36.949757948308715,176.37936224955374,185.72708457599558
8198655615,8198655625,48.68900751714436,48.68900751714436,222.4583474679306,234.77591997427862
8289756736,8289756744,139.50956350252522,139.50956350252522,595.8048919143985,837.0573810151513
8289756736,8289756737,205.6343775020719,205.6343775020719,984.1885131468196,1233.8062650124316
8289756737,9669373592,174.09582553558613,174.09582553558613,821.2465518041928,1044.574953213517
8289756737,8289756749,124.3891079925813,124.3891079925813,632.6164506672144,746.3346479554878
8289756744,8289756746,40.39449142554588,40.39449142554588,163.6971601748093,242.36694855327528
8289756746,8289756747,10.550201649345638,10.550201649345638,44.001998874240826,63.30120989607383
8289756747,10050110834,14.256495455036632,14.256495455036632,59.450103604033835,85.5389727302198
8298779513,8298792534,8.463154259995992,8.463154259995992,26.713731244434683,28.85477953327488
8298779513,8298792552,23.709349055749424,23.709349055749424,53.08460057301082,59.082702423201034
8298792553,8298792601,51.43938131383512,51.43938131383512,121.23693347219525,134.25030838627097
8318215966,13148609100,9.279495749099066,9.279495749099066,44.30930647165457,55.6769744945944
8377247190,8377247191,72.2076453707204,72.2076453707204,349.40237925049263,407.6644666715484
8431765802,8431765812,6.97230238701435,6.97230238701435,26.179144932487848,27.943030552008686
8431765802,8431765813,8.50431148491253,8.50431148491253,31.931432481929704,34.082892917739436
8431765803,9203706610,262.03563983350017,262.03563983350017,900.3860168738959,966.6770167830629
8431765803,8431765812,294.8903136672325,294.8903136672325,1298.9144907300895,1373.517219461762
8431765812,8431765813,5.565692275217627,5.565692275217627,20.897697293496687,22.305732117863865
8431769835,8516154823,38.74627220780807,38.74627220780807,190.79748324748297,222.04711446170302
8431769835,8431769837,132.53385489108103,132.53385489108103,620.4481634508735,727.3393262066708
8431769836,10031001799,86.90793366267509,86.90793366267509,399.64844325914083,521.4476019760506
8431769836,8516154823,61.338172050312444,61.338172050312444,303.25922845037405,351.51676107263535
8431769836,13072612781,200.09731038173734,200.09731038173734,954.3560149879488,1111.7816793108595
8431769837,9655569174,80.35864027885012,80.35864027885012,361.4363733846791,381.7658774888189
8431769846,10031001805,151.7825236731699,151.7825236731699,718.433378523931,756.8320302089638
8431769846,10556743830,176.2160946080485,176.2160946080485,855.4306375475395,900.0106081159649
8434720733,9393473353,106.87658299427542,106.87658299427542,312.4239623312473,339.4620994261381
8434720733,12098191740,43.67745906851179,43.67745906851179,118.65699781771471,129.7067253928764
8453450228,12326760184,15.260107085117632,15.260107085117632,74.57439524054986,91.56064251070579
8453450310,8453450367,10.462206457446573,10.462206457446573,48.86529417065149,62.77323874467944
8453450367,10815767713,166.68953994870847,166.68953994870847,776.60330297062,1000.1372396922509
8482605802,8482608327,8.020662085162686,8.020662085162686,39.39787528622262,48.12397251097612
8482605802,8482608339,134.24408294416153,134.24408294416153,650.248580098062,805.4644976649693
8482605802,8482608314,156.6639767424261,156.6639767424261,754.1263291659767,939.9838604545565
8482605813,8482608288,8.238689043992192,8.238689043992192,40.84106249925497,42.92532452946571
8482605813,8482608296,151.8329620584072,151.8329620584072,732.6669243071119,851.0399204238591
8482605813,8482605816,157.64863266926412,157.64863266926412,787.1468216782106,827.029509012647
8482605816,8482608281,8.173361543953442,8.173361543953442,41.10271565645812,43.17045083062025
8482605816,8482608274,159.14134147509532,159.14134147509532,800.3354436232329,840.5957634025332
8482608226,8482608260,7.718298850492808,7.718298850492808,37.04968589415983,42.300537203892546
8482608226,8482608241,154.11915407396097,154.11915407396097,762.0040482664957,924.7149244437658
8482608226,8482608257,10.451806369737305,10.451806369737305,51.134006463586594,62.71083821842383
8482608230,8482608241,7.977862885990424,7.977862885990424,40.26743373067654,47.86717731594254
8482608230,10815731976,107.11710856155716,107.11710856155716,537.4864385628402,642.7026513693429
8482608230,8482608260,153.80048463942538,153.80048463942538,754.1427136396009,842.911533809205
8482608236,8482608237,138.43787157849667,138.43787157849667,547.8628297027811,582.8854889794607
8482608236,8482608241,154.81908785287638,154.81908785287638,733.0010317940123,830.2924340825564
8482608237,8482608240,149.99464637463905,149.99464637463905,490.02163237358235,527.9679785099888
8482608241,9731823962,149.73246664286015,149.73246664286015,750.2216037602681,898.3947998571609
8482608257,8482608258,7.793261502409061,7.793261502409061,37.48180758357694,46.75956901445437
8482608257,8482608267,153.24207814319993,153.24207814319993,726.8470783865271,919.4524688591996
8482608258,8482608266,153.0228882213964,153.0228882213964,713.1301376541592,918.1373293283784
8482608258,8482608260,10.20660343276126,10.20660343276126,48.14857114827769,55.93781953718058
8482608266,8482608274,156.6512189490522,156.6512189490522,753.7435870320049,883.6924779978872
8482608266,8482608267,7.913610060134318,7.913610060134318,36.35432587900192,47.48166036080591
8482608267,8482608275,157.397081636359,157.397081636359,757.3323827090229,887.8999986977846
8482608274,8482608275,8.122377231504778,8.122377231504778,40.84993972817343,42.90477665286822
8482608275,8872362720,154.64145254432663,154.64145254432663,753.9216293687731,793.0435462312396
8482608275,8482608281,159.56513923020168,159.56513923020168,802.4667588502864,842.8342929648699
8482608281,8482608288,158.15091321798587,158.15091321798587,789.6547313937778,829.6644880071522
8482608288,8482608295,152.326970170194,152.326970170194,735.0507505786851,853.8088884953775
8482608295,8482608296,8.512300127713974,8.512300127713974,39.95445321969196,51.073800766283846
8482608295,8482608305,158.57879444686785,158.57879444686785,778.7670292028563,951.4727666812071
8482608296,8482608340,157.98834665406454,157.98834665406454,768.4281544923457,947.9300799243872
8482608305,8482608313,155.52847677632576,155.52847677632576,765.4614747238827,933.1708606579546
8482608305,8482608340,8.17066448374559,8.17066448374559,41.51524136495101,49.02398690247354
8482608313,8482608314,8.68115126042789,8.68115126042789,40.93390403344586,52.08690756256735
8482608313,8482608327,156.87607681950172,156.87607681950172,755.1473057546397,941.2564609170104
8482608314,8482608340,155.26026614367007,155.26026614367007,756.8306498600859,931.5615968620205
8482608327,8482608338,134.9503572095976,134.9503572095976,653.6696160810828,809.7021432575856
8482608338,8482608339,7.755084019007567,7.755084019007567,37.034472721212005,46.5305041140454
8483293289,8495464918,7.305524220871097,7.305524220871097,31.19093900889525,43.83314532522658
8483293289,8487628351,135.48067755263247,135.48067755263247,627.6042429765878,812.8840653157948
8483293289,8495464684,68.38366714484121,68.38366714484121,303.1136845473251,410.30200286904727
8487628351,8490782023,32.190876883352644,32.190876883352644,156.67303582234382,193.14526130011586
8487628351,8495464918,135.9298914359506,135.9298914359506,595.759337473553,815.5793486157036
8490646154,8490646156,11.339688302904822,11.339688302904822,52.75533232001295,68.03812981742894
8490646155,8490646156,5.649366590846088,5.649366590846088,24.022625135242528,33.89619954507653
8490646155,13146693212,64.36222928579451,64.36222928579451,264.21849526466934,386.1733757147671
8490646156,13146693212,65.1698150048,65.1698150048,293.5403020279129,391.0188900288
8490782023,8490782025,4.1599642980386875,4.1599642980386875,20.75021676061621,24.959785788232125
8495464669,8495464918,129.38662551250982,129.38662551250982,571.5388617516833,776.319753075059
8495464684,8495464918,68.56773204485401,68.56773204485401,286.81618715886344,411.40639226912407
8516154823,12987924174,137.23139195048145,137.23139195048145,687.2158237067516,786.4455819836718
8516154876,8516154880,17.65335173233092,17.65335173233092,85.34847020130931,105.92011039398551
8516154876,8516154908,42.243416822651845,42.243416822651845,200.71305411006907,253.46050093591106
8516154876,8516154879,17.85170324359425,17.85170324359425,86.30743812451898,107.1102194615655
8516154879,8516154905,42.4905014208133,42.4905014208133,202.22572720257577,254.94300852487982
8516154879,8516154880,9.49614901348181,9.49614901348181,46.038625679805754,56.97689408089086
8516154879,9666019894,40.45053409445433,40.45053409445433,197.76263604754564,226.17606749819012
8516154880,9666019900,46.608225149560276,46.608225149560276,226.8885508187623,279.64935089736167
8516154889,9666019900,39.90798323963338,39.90798323963338,184.6331958886932,239.4478994378003
8516154889,12089221648,25.988174508727674,25.988174508727674,117.04818372426345,141.57959650581031
8516154889,13072634374,156.98907232008852,156.98907232008852,715.8363098573774,941.9344339205311
8516154905,9666019894,58.52245181852261,58.52245181852261,280.91824849488637,327.2238132074608
8516154908,9653865272,10.263722459292133,10.263722459292133,48.04908483536928,61.5823347557528
8516154908,13148609100,104.24846079001325,104.24846079001325,492.908478707694,625.4907647400795
8516154909,9653865275,15.22498856722114,15.22498856722114,67.82870570714479,91.34993140332683
8516154909,8516154911,14.391416100412025,14.391416100412025,64.11506472231653,86.34849660247215
8516154909,8516154910,14.70799764354515,14.70799764354515,64.84991865797373,78.07162844168381
8516154909,12089221633,169.63979456074054,169.63979456074054,589.0580521473838,741.5552299283894
8516154910,13072634370,115.72176431951132,115.72176431951132,378.4376111937563,407.713443568573
8516154910,8516154912,14.099569732777443,14.099569732777443,61.51966232015235,65.0866373181669
8516154910,12089221659,12.623011329303912,12.623011329303912,55.07709874557006,58.270527102933976
8516154911,8516154912,14.01906578701026,14.01906578701026,61.812307696920726,74.41470428187908
8516154911,12089221648,106.29164787859916,106.29164787859916,483.5100728922757,579.0606267298954
8516154911,9653865274,9.090743244605346,9.090743244605346,40.50008612322359,54.54445946763207
8516154912,12089221656,24.367526396280397,24.367526396280397,105.12177064374919,129.34544272844857
8516154912,13072634395,90.41622940644301,90.41622940644301,398.2528706359323,421.1267906079569
8516218128,13148609100,249.3621381079283,249.3621381079283,871.6874709106937,1055.9680187561232
8577265830,9660848463,13.952339130432515,13.952339130432515,63.08026146610799,74.6616699114511
8791690421,8791690425,6.285239649679261,6.285239649679261,28.230064833108003,29.82013411265611
8791690421,8791690431,118.03686468897548,118.03686468897548,534.9565393633897,634.1218053691329
8791690425,8791690434,118.07261844024914,118.07261844024914,535.1185794438426,634.3138829320715
8791690431,8791690434,6.172495829979486,6.172495829979486,28.225233263486782,37.034974979876914
8791690456,8791690457,121.10756565360266,121.10756565360266,376.9558997230922,407.59425727187335
8791690457,8791690458,146.1665859309805,146.1665859309805,653.0988493442953,690.0767548720728
8791690457,8791690465,97.44925759224269,97.44925759224269,411.64328072245576,436.2964490101761
8791690458,8791690468,91.64918011068914,91.64918011068914,421.187740529408,444.37357812864974
8791690465,8791690466,74.82073677368936,74.82073677368936,293.60701841878773,312.53551783138687
8791690550,10579173218,131.82909404166801,131.82909404166801,602.9753065735653,636.3260464450374
8791690550,10556743824,87.87803838345287,87.87803838345287,405.9682364265806,428.20003297989246
8792350041,8869177732,49.52609651666511,49.52609651666511,260.3785411649656,297.15657909999067
8869144262,13898259977,70.57523077602058,70.57523077602058,266.0774419294446,328.8976782698762
8869146313,8869177719,274.9102490862173,274.9102490862173,1158.6158758794209,1649.4614945173037
8869177728,8869177729,43.16022102309555,43.16022102309555,213.37557297251237,258.9613261385733
8869177728,8869177742,51.97722709133575,51.97722709133575,241.74822427483053,311.8633625480145
8869177729,8869177730,102.54904440070314,102.54904440070314,528.350373716112,615.2942664042189
8869177731,8869177732,13.374726482388734,13.374726482388734,69.20885920282105,80.2483588943324
8869177733,8869177775,7.528019279757371,7.528019279757371,37.17428147137453,45.168115678544225
8869177733,8869177742,34.11385635198475,34.11385635198475,163.38790824905897,204.6831381119085
8869177733,8869177754,33.55913052075938,33.55913052075938,161.24081031330527,201.3547831245563
8869177742,8869177754,48.063991609090756,48.063991609090756,223.7760296643391,288.38394965454455
8869177764,13146891391,102.90914639035103,102.90914639035103,530.0546443707168,617.4548783421062
8869177769,8869177775,36.30288434599649,36.30288434599649,173.86336467462033,217.81730607597893
8869177769,13146891391,89.13779401503653,89.13779401503653,439.6836436734099,534.8267640902192
8869448090,13159009111,214.41558129229824,214.41558129229824,744.7382916096748,974.2580186674506
8869448090,8869448108,72.10517086749356,72.10517086749356,307.6101724031217,432.63102520496136
8869448108,9577362646,96.20174641018477,96.20174641018477,385.30721772027516,577.2104784611086
8869448108,8869448109,110.86741175163561,110.86741175163561,518.0011327484564,665.2044705098137
8869448116,10727191843,25.70288586260493,25.70288586260493,108.70662765370223,115.20906375539408
8869448116,8869467017,223.3717928120889,223.3717928120889,984.804278299379,1041.3139176233485
8872340111,8872340116,186.25609928023889,186.25609928023889,793.7630973573131,939.0990139270151
8872340116,8872362717,187.72123564979273,187.72123564979273,908.790453940937,1126.3274138987563
8872340116,8872362720,287.95893809197497,287.95893809197497,1355.372246060211,1580.0670419018604
8872362717,8872362721,187.59054596526556,187.59054596526556,918.3276712918748,1125.5432757915933
8872362721,8872362722,178.4811824885621,178.4811824885621,854.0574926384954,1070.8870949313725
8872362722,8872362723,185.71260871381634,185.71260871381634,895.4079115626593,1114.2756522828981
8872362723,8872362724,170.1252874713906,170.1252874713906,829.2553023940858,946.6005284349625
8872362724,8872362725,168.4735300153749,168.4735300153749,828.1111066020702,937.4099224765521
8872362725,8872362726,164.38537523507733,164.38537523507733,818.2707717096602,986.312251410464
8878665892,8878665902,76.24824701591837,76.24824701591837,322.43412146065725,341.7237590810135
8878665913,8878670822,72.81594970507903,72.81594970507903,313.2567527554971,331.6780717728355
8987589741,8987589756,33.607824631164625,33.607824631164625,159.48466605993974,201.64694778698777
9222802797,9222802799,193.4269434748812,193.4269434748812,945.475826805879,1160.5616608492871
9222802797,9660848459,98.44919018471452,98.44919018471452,473.095566577915,590.6951411082871
9222802798,9222802799,188.1362053047785,188.1362053047785,864.9310474290331,1128.817231828671
9222802800,9222802801,11.845796363968779,11.845796363968779,55.17906902956749,71.07477818381267
9222802800,10050110834,105.58274066342875,105.58274066342875,443.31811430621434,633.4964439805725
9393473353,9393473363,100.11205664740514,100.11205664740514,229.91070919060854,255.2375248189581
9393473353,9393473355,10.05484033303645,10.05484033303645,27.907886502954714,30.451606967955342
9393473355,12098191741,24.210961481172586,24.210961481172586,56.061818424496,62.18682052867187
9393473355,9393473361,90.92515989025472,90.92515989025472,208.8126914350009,231.81536301759863
9393473358,9393473359,15.285813838509581,15.285813838509581,28.049931649133196,31.917008220946293
9393473359,12098191741,21.890615776456485,21.890615776456485,40.586336910754774,46.12432712220373
9393473359,9393473360,76.21318344096287,76.21318344096287,190.13594726466715,209.41671433807917
9393473360,9393473361,49.2038631279339,49.2038631279339,121.89078521990761,134.33860830312292
9393473360,9393473366,30.10995783532547,30.10995783532547,100.19037830529075,107.80773605630078
9393473361,9393473363,9.277617965445511,9.277617965445511,16.862070652197215,19.20916577290456
9393473366,12098191743,2.280077452365209,2.280077452365209,8.021188028250565,8.598012670439227
9393473370,12098191743,41.549767045639506,41.549767045639506,125.33913023765614,135.85058434824413
9577362646,9577362648,111.56742453930919,111.56742453930919,470.88825827407436,669.4045472358551
9608302581,9660848487,168.2689005271307,168.2689005271307,800.1260889967333,913.3304463354456
9608397713,10815767713,28.206524680153727,28.206524680153727,131.0845160413186,169.23914808092235
9608397713,10815767734,35.60328821147795,35.60328821147795,171.4606326612171,213.61972926886773
9653865272,13072634395,80.34543878949137,80.34543878949137,366.67814764841,429.81104205310436
9653865272,12089221648,66.58396315464113,66.58396315464113,310.4196748756166,362.739238726674
9653865274,9653865275,16.804699024338774,16.804699024338774,74.86645914947059,100.82819414603264
9653865274,12089221648,107.03733686111218,107.03733686111218,486.90213747576615,583.1230261580494
9653865274,13072634374,72.245832866367,72.245832866367,332.6763514547065,433.474997198202
9653865275,12089221652,68.52341455451194,68.52341455451194,315.53542451893816,411.1404873270717
9655569173,13072612781,220.62793648195554,220.62793648195554,997.8144086727868,1053.6298944081557
9655569173,9655569174,110.91308488225141,110.91308488225141,469.07704236656804,497.13635256012276
9660848459,10006651411,46.811124420428484,46.811124420428484,226.04183625371232,280.8667465225709
9660848459,9660848487,419.22761337093175,419.22761337093175,2030.8854903286797,2515.3656802255905
9660848462,9660848487,25.515084421809153,25.515084421809153,124.84833251273398,153.09050653085492
9660848463,13159089253,233.49333282073968,233.49333282073968,1069.341307647163,1263.156956147501
9660848467,9660848480,37.047182509348715,37.047182509348715,184.36391099591603,222.2830950560923
9660848469,13159089253,184.6205183908773,184.6205183908773,839.3002951498203,998.7638158046809
9660848469,9660848481,61.574897709078485,61.574897709078485,297.07303932452567,369.44938625447094
9660848480,9660848481,13.50365052300086,13.50365052300086,69.1879708209253,81.02190313800517
9666019841,9666019902,42.09170034880834,42.09170034880834,209.59204465674276,220.24059958527278
9666019842,9666019902,16.636610332409408,16.636610332409408,81.10173526823363,85.31054264548723
9666019852,9666019897,44.20463169162037,44.20463169162037,209.7213615107825,220.90445567811008
9666019854,9666019856,33.714301250150605,33.714301250150605,158.23120028535354,166.76040166624765
9666019868,13146891390,49.363345598891776,49.363345598891776,205.7185676520523,218.20673735557662
9666019883,9666019885,69.51973827005558,69.51973827005558,342.0226141058124,417.1184296203335
9669373592,10727191843,50.50032805970945,50.50032805970945,208.69620254528022,264.5549887531783
9730051941,9730051942,135.18872081888375,135.18872081888375,573.912972443742,608.1136463872538
9732895733,9732895734,9.174887632207701,9.174887632207701,39.4309912323262,41.75209715356563
9732895742,9732895743,43.56539344349955,43.56539344349955,197.85152360574378,236.06840634745993
10006651411,10006651412,13.212713640106426,13.212713640106426,64.4301904269053,79.27628184063855
10031001813,10556743820,164.7867705384524,164.7867705384524,731.8122372579146,988.7206232307144
10031001813,10556743814,42.949878662882895,42.949878662882895,192.98133584908123,228.4741669585105
10031001813,13017481563,58.754894555745295,58.754894555745295,278.2308895534076,326.7846367173447
10556743814,10556743815,70.00959726234309,70.00959726234309,330.53566205637094,372.4197811864321
10556743814,13017481550,89.91877583384856,89.91877583384856,396.35023993180636,419.09831177585625
10556743815,10579173219,173.22809742847951,173.22809742847951,855.8459221817621,959.4818028765205
10556743818,10556743820,151.82035013037515,151.82035013037515,687.4122043937087,837.0527207782266
10556743830,12987924189,95.59556546139878,95.59556546139878,463.09441182169377,487.27862441714467
10556743834,12987924189,11.937658949868377,11.937658949868377,58.177238760133015,61.197283471853254
10556743834,12987924203,50.848593751424964,50.848593751424964,242.20327658871275,255.06719130618714
10579173218,13017481550,43.09479851323949,43.09479851323949,195.92204915302793,206.82437253980834
10579173218,10579173219,32.180101781225126,32.180101781225126,152.6571759152241,160.7982483495375
10727191843,13159009111,123.99191671797239,123.99191671797239,437.6266957553546,468.9947499067339
10815731976,12326760184,138.5878841821054,138.5878841821054,679.1824014793813,831.5273050926323
10815767713,10815767734,27.367102311434625,27.367102311434625,131.79627253951466,164.20261386860776
10815767721,10815767724,36.132172228139055,36.132172228139055,175.7161383630625,199.41705634923466
10815767728,10815767731,34.875385895739726,34.875385895739726,164.01269469004993,192.4807274375773
10815767792,10815767795,9.011706838496512,9.011706838496512,40.59591447377344,47.39405413362196
11111332270,11111332276,74.98646218778487,74.98646218778487,346.16880642981357,365.1392318316321
11111332280,12825008599,268.0921924323522,268.0921924323522,818.5057556334366,886.3289705040321
11111332280,11111332283,70.7844839772018,70.7844839772018,284.8661220128443,302.7735113431075
11649065418,12369322416,14.686079276343337,14.686079276343337,76.19936202876306,79.91471495019276
12089221626,12089221652,216.75992221315605,216.75992221315605,995.0963813016912,1157.5048684360115
12089221633,13072634370,56.59268423128108,56.59268423128108,132.0579969861697,146.37507853896597
12089221633,13072634348,36.286885932794654,36.286885932794654,120.86982849514438,130.0498543633939
12089221656,13072634404,38.03981185965137,38.03981185965137,166.45837436851673,228.23887115790825
12089221656,12089221659,19.607289704117697,19.607289704117697,84.58605841651749,104.07759598738681
12089221659,13072634370,116.30013472652905,116.30013472652905,380.32901957751227,409.75117079896916
12098191727,12098191740,20.559981239359676,20.559981239359676,43.11338869710268,48.31474876910241
12098191727,12098191735,15.360556421628024,15.360556421628024,28.132256874967084,32.01824217451608
12098191733,12098191735,105.96062815813326,105.96062815813326,195.33862483173678,222.14503939453954
12098191735,12098191740,15.278167750008945,15.278167750008945,32.037654952947264,35.90279718158314
12098191741,12098191742,3.7795855107987615,3.7795855107987615,7.013183848671654,7.969361042400923
12987924104,12987924106,132.69085481164197,132.69085481164197,615.8351292334434,796.1451288698518
12987924174,12987924203,98.62293859099776,98.62293859099776,466.47890073401095,537.7915225609144
12987924203,12987924215,149.34498275674562,149.34498275674562,697.581151748188,735.3631429485172
13017481542,13017481549,53.608592819146004,53.608592819146004,249.8786995982943,321.65155691487604
13017481543,13017481549,33.782600523519214,33.782600523519214,156.264940423941,202.69560314111527
13017481550,13017481570,66.71781095387037,66.71781095387037,292.9110204565662,309.7896038534397
13017481562,13017481570,212.58503264086747,212.58503264086747,872.2167197914537,925.9974741515877
13017481563,13017481570,45.511063622497595,45.511063622497595,209.84352821081032,221.35712962923606
13072493341,13072493347,45.54394541855528,45.54394541855528,212.16331152278974,273.2636725113317
13072493346,13072493347,69.37051348670437,69.37051348670437,333.7292174165418,416.2230809202262
13072493346,13072493372,62.38988071822961,62.38988071822961,322.37440940658433,374.33928430937766
13072493346,13072493360,88.6692333682545,88.6692333682545,420.71569758495343,476.4888592088844
13072493356,13072493372,107.48788446586431,107.48788446586431,547.5809700852301,644.9273067951858
13072612781,13072612795,25.295689528501754,25.295689528501754,122.92251515947251,129.32193683089756
13072634348,13072634356,33.025350656852964,33.025350656852964,101.1795985121915,109.53450595449492
13072634356,13072634358,49.351049820630585,49.351049820630585,101.97042046220534,114.45547952232205
13072634358,13072634370,15.578631366312937,15.578631366312937,33.91848960125506,37.85964451875178
13072634395,13072634404,105.49273526408443,105.49273526408443,471.18853390672433,564.3374802107473
13114390049,13114390050,6.608019763269619,6.608019763269619,23.85951999562586,25.531247695739562
13114390049,13114400131,161.98430282545786,161.98430282545786,609.8121551956694,650.7917006144224
13114390050,13114400127,141.98609445942114,141.98609445942114,461.66671291210093,497.5870181839075
13114390050,13114400132,158.73008010522517,158.73008010522517,597.5611868246779,637.7174637819787
13114400121,13114400132,152.2813477436616,152.2813477436616,473.0666209188968,511.5914674468625
13114400131,13114400132,6.591611753379452,6.591611753379452,25.829779762553407,27.49735648769733
13146343906,13146343907,94.59633484075819,94.59633484075819,427.2095552743341,567.5780090445492
13146693212,13146695340,307.7300851407912,307.7300851407912,1022.7215048116,1846.380510844747
13146695328,13233850219,166.6487361308217,166.6487361308217,646.965338087026,999.8924167849302
13158997505,13158997506,180.51833282517214,180.51833282517214,827.964191736531,873.6325626211948
13159089252,13159089253,107.65925500742786,107.65925500742786,486.0325386476114,513.2686797635802
14107078700,14166264380,68.78347035692897,68.78347035692897,318.4116064201909,412.70082214157384
14107091604,14166264380,112.39926518420208,112.39926518420208,503.50939688545543,674.3955911052125
14107091604,14107091612,10.750972648809594,10.750972648809594,47.60776009874473,64.50583589285756
14107091605,14166264352,13.83920897433046,13.83920897433046,56.679575292079726,60.180683009500214
14107091605,14107091612,380.9798144272617,380.9798144272617,1628.5000604589234,1976.097754016972
14107091605,14166264366,12.471695596250305,12.471695596250305,55.496348108966465,58.65149590551627
14166264380,14166264381,160.80628261484105,160.80628261484105,753.6570999024584,892.1042615855491
